CUSTOMER_NUMBER,TRANS_DATE,TRANS_HOUR,TRANS_AMOUNT,Beneficiary_CUSTOMER_NUMBER,TRANS_LV1,TRANS_LV2,ts_dt,IS_STRUCTURED_AMT,STRUCTURING_24H_COUNT,IS_STRUCTURING_ALERT,UNIQUE_BENEFICIARIES_24H,SUM_AMOUNT_24H,IS_MULE_ALERT,risk_score
28228,2019-08-28,19,90000000.0,142651,Transfer,Outside_bank,2019-08-28 19:00:00,1,2.0,1,3,181000000.0,1,4.0
62461,2019-09-12,20,3500000.0,289860,Transfer,Outside_bank,2019-09-12 20:00:00,0,2.0,1,16,447109578.0,1,4.0
7012,2019-09-07,19,200000.0,136510,Transfer,Within_bank,2019-09-07 19:00:00,0,2.0,1,3,143765900.0,1,4.0
7012,2019-09-07,20,6403000.0,524108,Transfer,Outside_bank,2019-09-07 20:00:00,0,2.0,1,4,150168900.0,1,4.0
7012,2019-09-08,9,2685000.0,758123,Transfer,Outside_bank,2019-09-08 09:00:00,0,2.0,1,5,152853900.0,1,4.0
72411,2019-12-16,12,4490000.0,494377,Transfer,Outside_bank,2019-12-16 12:00:00,0,2.0,1,7,217971704.0,1,4.0
150875,2019-12-18,20,20000000.0,522115,Transfer,Outside_bank,2019-12-18 20:00:00,0,2.0,1,4,309414000.0,1,4.0
131188,2019-10-28,17,197000000.0,953849,Transfer,Outside_bank,2019-10-28 17:00:00,1,2.0,1,3,444000000.0,1,4.0
62461,2019-09-13,9,46920000.0,845973,Transfer,Outside_bank,2019-09-13 09:00:00,1,2.0,1,14,338309578.0,1,4.0
62461,2019-09-13,10,23480000.0,736724,Transfer,Outside_bank,2019-09-13 10:00:00,0,2.0,1,15,361789578.0,1,4.0
62461,2019-09-13,13,172000000.0,555112,Transfer,Outside_bank,2019-09-13 13:00:00,0,2.0,1,14,451769578.0,1,4.0
62461,2019-09-13,14,750000.0,785152,Transfer,Outside_bank,2019-09-13 14:00:00,0,2.0,1,15,451519578.0,1,4.0
449930,2019-06-06,0,10000000.0,591693,Transfer,Outside_bank,2019-06-06 00:00:00,0,2.0,1,7,518255000.0,1,4.0
427722,2019-12-15,8,46000000.0,370089,Transfer,Outside_bank,2019-12-15 08:00:00,1,2.0,1,12,318504000.0,1,4.0
208370,2019-10-26,18,48850000.0,12453,Transfer,Outside_bank,2019-10-26 18:00:00,1,2.0,1,15,241825000.0,1,4.0
208370,2019-10-27,8,22430000.0,169676,Transfer,Outside_bank,2019-10-27 08:00:00,0,2.0,1,12,208755000.0,1,4.0
16120,2019-11-05,8,10000000.0,706685,Transfer,Outside_bank,2019-11-05 08:00:00,0,2.0,1,3,147750000.0,1,4.0
208370,2019-10-27,9,16163000.0,411162,Transfer,Outside_bank,2019-10-27 09:00:00,0,2.0,1,12,209728000.0,1,4.0
208370,2019-10-27,10,650000.0,918178,Transfer,Outside_bank,2019-10-27 10:00:00,0,2.0,1,12,192198000.0,1,4.0
208370,2019-10-27,13,10600000.0,88983,Transfer,Outside_bank,2019-10-27 13:00:00,0,2.0,1,9,165208000.0,1,4.0
208370,2019-10-27,14,6300000.0,768349,Transfer,Outside_bank,2019-10-27 14:00:00,0,2.0,1,10,160793000.0,1,4.0
208370,2019-10-27,15,28040000.0,908998,Transfer,Outside_bank,2019-10-27 15:00:00,0,2.0,1,10,185533000.0,1,4.0
348242,2019-10-11,16,188458560.0,592218,Transfer,Outside_bank,2019-10-11 16:00:00,1,2.0,1,5,468531000.0,1,4.0
118965,2019-03-24,17,95000000.0,813928,Transfer,Outside_bank,2019-03-24 17:00:00,1,2.0,1,3,190005000.0,1,4.0
348242,2019-10-11,17,12962000.0,855489,Transfer,Outside_bank,2019-10-11 17:00:00,0,2.0,1,6,481493000.0,1,4.0
427722,2019-12-15,10,1300000.0,188061,Transfer,Outside_bank,2019-12-15 10:00:00,0,2.0,1,11,289004000.0,1,4.0
235316,2019-07-08,19,94900000.0,242867,Transfer,Outside_bank,2019-07-08 19:00:00,1,2.0,1,3,199577260.0,1,4.0
427722,2019-12-15,11,550000.0,880143,Transfer,Outside_bank,2019-12-15 11:00:00,0,2.0,1,11,289554000.0,1,4.0
72411,2019-06-19,17,49266900.0,534364,Transfer,Outside_bank,2019-06-19 17:00:00,1,2.0,1,7,363992128.0,1,4.0
72411,2019-06-19,17,200000.0,837296,Transfer,Within_bank,2019-06-19 17:00:00,0,2.0,1,8,364192128.0,1,4.0
72411,2019-06-19,19,141625300.0,211420,Transfer,Outside_bank,2019-06-19 19:00:00,0,2.0,1,9,331613948.0,1,4.0
72411,2019-06-20,10,26369659.0,140967,Transfer,Outside_bank,2019-06-20 10:00:00,0,2.0,1,9,341967507.0,1,4.0
72411,2019-06-20,15,1500000.0,126928,Transfer,Outside_bank,2019-06-20 15:00:00,0,2.0,1,6,268341209.0,1,4.0
235316,2019-07-09,20,98996500.0,393490,Transfer,Outside_bank,2019-07-09 20:00:00,1,2.0,1,3,198926519.0,1,4.0
131188,2019-11-12,13,198500000.0,837296,Transfer,Outside_bank,2019-11-12 13:00:00,1,2.0,1,4,367200000.0,1,4.0
235316,2019-07-10,18,10537000.0,607366,Transfer,Outside_bank,2019-07-10 18:00:00,0,2.0,1,4,204183519.0,1,4.0
393920,2019-07-23,17,91120000.0,772602,Transfer,Outside_bank,2019-07-23 17:00:00,1,2.0,1,4,164567000.0,1,4.0
393920,2019-07-23,21,130000000.0,688978,Transfer,Outside_bank,2019-07-23 21:00:00,0,2.0,1,5,293079000.0,1,4.0
208586,2019-07-22,21,45000000.0,104374,Transfer,Outside_bank,2019-07-22 21:00:00,1,2.0,1,4,311690000.0,1,4.0
427722,2019-12-15,12,300000.0,219488,Transfer,Outside_bank,2019-12-15 12:00:00,0,2.0,1,12,286354000.0,1,4.0
225770,2019-10-19,9,190000000.0,209225,Transfer,Outside_bank,2019-10-19 09:00:00,1,2.0,1,3,685000000.0,1,4.0
225770,2019-10-19,13,2000000.0,461788,Transfer,Outside_bank,2019-10-19 13:00:00,0,2.0,1,3,387000000.0,1,4.0
208370,2019-10-28,14,93500000.0,416379,Transfer,Outside_bank,2019-10-28 14:00:00,1,2.0,1,16,316065000.0,1,4.0
72411,2019-06-22,20,45470000.0,797163,Transfer,Outside_bank,2019-06-22 20:00:00,1,2.0,1,4,599981280.0,1,4.0
72411,2019-06-23,10,24496000.0,60220,Transfer,Outside_bank,2019-06-23 10:00:00,0,2.0,1,4,524477280.0,1,4.0
208370,2019-10-28,15,3000000.0,816983,Transfer,Outside_bank,2019-10-28 15:00:00,0,2.0,1,16,291025000.0,1,4.0
193102,2019-09-09,9,46640308.0,996030,Transfer,Outside_bank,2019-09-09 09:00:00,1,2.0,1,3,434036308.0,1,4.0
193102,2019-09-09,10,124303901.0,91021,Transfer,Outside_bank,2019-09-09 10:00:00,0,2.0,1,4,558340209.0,1,4.0
208370,2019-10-28,16,17500000.0,550110,Transfer,Outside_bank,2019-10-28 16:00:00,0,2.0,1,16,307525000.0,1,4.0
208370,2019-10-28,17,38500000.0,191343,Transfer,Outside_bank,2019-10-28 17:00:00,0,2.0,1,16,317835000.0,1,4.0
72411,2019-03-14,23,93180020.0,31253,Transfer,Outside_bank,2019-03-14 23:00:00,1,2.0,1,10,492937047.0,1,4.0
72411,2019-03-15,0,2000000.0,810147,Transfer,Outside_bank,2019-03-15 00:00:00,0,2.0,1,11,431016047.0,1,4.0
72411,2019-03-15,16,12722000.0,827479,Transfer,Outside_bank,2019-03-15 16:00:00,0,2.0,1,6,308276428.0,1,4.0
72411,2019-03-15,19,151231000.0,554579,Transfer,Outside_bank,2019-03-15 19:00:00,0,2.0,1,7,307815620.0,1,4.0
208370,2019-10-28,18,5000000.0,104466,Transfer,Outside_bank,2019-10-28 18:00:00,0,2.0,1,16,316635000.0,1,4.0
202254,2019-06-22,10,45900000.0,825743,Transfer,Outside_bank,2019-06-22 10:00:00,1,2.0,1,4,253540000.0,1,4.0
202254,2019-06-22,11,7950000.0,331498,Transfer,Outside_bank,2019-06-22 11:00:00,0,2.0,1,5,261490000.0,1,4.0
199908,2019-10-21,14,45425070.0,862512,Transfer,Outside_bank,2019-10-21 14:00:00,1,2.0,1,6,319340557.0,1,4.0
199908,2019-10-21,15,41345000.0,515893,Transfer,Outside_bank,2019-10-21 15:00:00,0,2.0,1,7,360685557.0,1,4.0
202254,2019-06-22,12,2000000.0,181980,Transfer,Outside_bank,2019-06-22 12:00:00,0,2.0,1,6,263490000.0,1,4.0
356856,2019-09-11,11,181826000.0,693957,Transfer,Within_bank,2019-09-11 11:00:00,1,2.0,1,5,1242564000.0,1,4.0
72411,2019-06-27,17,96639130.0,200990,Transfer,Outside_bank,2019-06-27 17:00:00,1,2.0,1,5,325649130.0,1,4.0
72411,2019-06-27,19,241623900.0,308392,Transfer,Outside_bank,2019-06-27 19:00:00,0,2.0,1,6,567273030.0,1,4.0
72411,2019-06-27,20,100884600.0,326884,Transfer,Outside_bank,2019-06-27 20:00:00,0,2.0,1,7,499122630.0,1,4.0
72411,2019-06-28,11,15419600.0,111834,Transfer,Outside_bank,2019-06-28 11:00:00,0,2.0,1,7,514542230.0,1,4.0
72411,2019-06-28,12,71271000.0,73143,Transfer,Outside_bank,2019-06-28 12:00:00,0,2.0,1,8,585813230.0,1,4.0
72411,2019-06-28,13,3330000.0,596000,Transfer,Outside_bank,2019-06-28 13:00:00,0,2.0,1,9,589143230.0,1,4.0
72411,2019-06-28,15,29151000.0,581381,Transfer,Outside_bank,2019-06-28 15:00:00,0,2.0,1,9,607301230.0,1,4.0
72411,2019-06-28,15,512000.0,328591,Transfer,Within_bank,2019-06-28 15:00:00,0,2.0,1,10,607813230.0,1,4.0
356856,2019-09-11,12,12000000.0,232917,Transfer,Outside_bank,2019-09-11 12:00:00,0,2.0,1,6,1254564000.0,1,4.0
356856,2019-09-11,14,2400000.0,642447,Transfer,Within_bank,2019-09-11 14:00:00,0,2.0,1,7,256964000.0,1,4.0
284288,2019-12-31,17,185068500.0,491829,Transfer,Outside_bank,2019-12-31 17:00:00,1,2.0,1,7,560689462.0,1,4.0
129100,2019-12-23,19,45000000.0,595668,Transfer,Within_bank,2019-12-23 19:00:00,1,2.0,1,6,237000000.0,1,4.0
160339,2019-04-23,11,47120000.0,7496,Transfer,Outside_bank,2019-04-23 11:00:00,1,2.0,1,12,620422000.0,1,4.0
160339,2019-04-23,14,164080000.0,84135,Transfer,Outside_bank,2019-04-23 14:00:00,0,2.0,1,10,561780000.0,1,4.0
131188,2019-12-02,20,98000000.0,591693,Transfer,Outside_bank,2019-12-02 20:00:00,1,2.0,1,4,323300000.0,1,4.0
72411,2019-06-30,11,48851550.0,744075,Transfer,Outside_bank,2019-06-30 11:00:00,1,2.0,1,4,296178350.0,1,4.0
72411,2019-06-30,18,63775000.0,949495,Transfer,Outside_bank,2019-06-30 18:00:00,0,2.0,1,4,321590350.0,1,4.0
72411,2019-06-30,19,85723240.0,313365,Transfer,Outside_bank,2019-06-30 19:00:00,0,2.0,1,5,246762390.0,1,4.0
72411,2019-06-30,20,140000000.0,354093,Transfer,Outside_bank,2019-06-30 20:00:00,0,2.0,1,5,386762390.0,1,4.0
72411,2019-06-30,23,15800000.0,754562,Transfer,Outside_bank,2019-06-30 23:00:00,0,2.0,1,6,402562390.0,1,4.0
131188,2019-12-02,21,2000000.0,995400,Transfer,Outside_bank,2019-12-02 21:00:00,0,2.0,1,5,325300000.0,1,4.0
131188,2019-12-03,10,100000.0,NaN,Topup,Mobile,2019-12-03 10:00:00,0,2.0,1,4,305900000.0,1,4.0
131188,2019-12-03,11,20000000.0,159107,Transfer,Outside_bank,2019-12-03 11:00:00,0,2.0,1,5,325900000.0,1,4.0
131188,2019-12-03,13,1000000.0,953030,Transfer,Outside_bank,2019-12-03 13:00:00,0,2.0,1,6,326900000.0,1,4.0
160339,2019-04-23,15,24000000.0,163357,Transfer,Outside_bank,2019-04-23 15:00:00,0,2.0,1,10,585780000.0,1,4.0
112915,2019-07-03,17,47241026.0,900547,Transfer,Outside_bank,2019-07-03 17:00:00,1,2.0,1,4,101768240.0,1,4.0
160339,2019-04-23,16,14069400.0,878147,Transfer,Outside_bank,2019-04-23 16:00:00,0,2.0,1,11,599849400.0,1,4.0
160339,2019-04-24,3,5400000.0,314752,Transfer,Outside_bank,2019-04-24 03:00:00,0,2.0,1,11,589309400.0,1,4.0
160339,2019-04-24,5,40000000.0,758123,Transfer,Outside_bank,2019-04-24 05:00:00,0,2.0,1,12,627989400.0,1,4.0
160339,2019-08-01,16,46780000.0,766035,Transfer,Outside_bank,2019-08-01 16:00:00,1,2.0,1,11,398863000.0,1,4.0
160339,2019-08-01,18,340000.0,907902,Transfer,Outside_bank,2019-08-01 18:00:00,0,2.0,1,11,399153000.0,1,4.0
284288,2019-12-31,18,26346000.0,565054,Transfer,Outside_bank,2019-12-31 18:00:00,0,2.0,1,6,381960462.0,1,4.0
7012,2019-10-17,20,96066500.0,735508,Transfer,Outside_bank,2019-10-17 20:00:00,1,2.0,1,4,142503000.0,1,4.0
7012,2019-10-17,21,144615000.0,363647,Transfer,Outside_bank,2019-10-17 21:00:00,0,2.0,1,4,287118000.0,1,4.0
7012,2019-10-17,22,89816210.0,734992,Transfer,Outside_bank,2019-10-17 22:00:00,0,2.0,1,5,376934210.0,1,4.0
7012,2019-10-18,10,15000000.0,485785,Transfer,Outside_bank,2019-10-18 10:00:00,0,2.0,1,5,390934210.0,1,4.0
7012,2019-10-18,15,1000000.0,433534,Transfer,Outside_bank,2019-10-18 15:00:00,0,2.0,1,6,391934210.0,1,4.0
7012,2019-10-18,16,65611000.0,41670,Transfer,Outside_bank,2019-10-18 16:00:00,0,2.0,1,7,457545210.0,1,4.0
7012,2019-10-18,17,90478000.0,20903,Transfer,Outside_bank,2019-10-18 17:00:00,1,3.0,1,8,548023210.0,1,4.0
7012,2019-10-18,18,136911000.0,146750,Transfer,Outside_bank,2019-10-18 18:00:00,0,3.0,1,9,684934210.0,1,4.0
7012,2019-10-18,19,184965000.0,183881,Transfer,Outside_bank,2019-10-18 19:00:00,1,3.0,1,10,824462710.0,1,4.0
7012,2019-10-19,9,11000000.0,587624,Transfer,Outside_bank,2019-10-19 09:00:00,0,2.0,1,7,504965000.0,1,4.0
7012,2019-10-19,10,50600000.0,333582,Transfer,Outside_bank,2019-10-19 10:00:00,0,2.0,1,8,540565000.0,1,4.0
7012,2019-10-19,11,134308760.0,758123,Transfer,Outside_bank,2019-10-19 11:00:00,0,2.0,1,8,674873760.0,1,4.0
7012,2019-10-19,12,163359480.0,184189,Transfer,Outside_bank,2019-10-19 12:00:00,0,2.0,1,9,838233240.0,1,4.0
284288,2019-12-31,19,16000000.0,435290,Transfer,Outside_bank,2019-12-31 19:00:00,0,2.0,1,6,279550462.0,1,4.0
356856,2019-09-11,14,26667000.0,917112,Transfer,Outside_bank,2019-09-11 14:00:00,0,2.0,1,8,283631000.0,1,4.0
346091,2019-12-20,15,95900000.0,22182,Transfer,Outside_bank,2019-12-20 15:00:00,1,2.0,1,3,186090000.0,1,4.0
356856,2019-09-11,15,5527000.0,388899,Transfer,Outside_bank,2019-09-11 15:00:00,0,2.0,1,8,289158000.0,1,4.0
356856,2019-09-11,15,1800000.0,385346,Transfer,Within_bank,2019-09-11 15:00:00,0,2.0,1,9,290958000.0,1,4.0
356856,2019-09-11,17,30000000.0,260947,Transfer,Outside_bank,2019-09-11 17:00:00,0,2.0,1,10,320958000.0,1,4.0
72411,2019-09-28,21,46700000.0,944719,Transfer,Outside_bank,2019-09-28 21:00:00,1,2.0,1,3,201150850.0,1,4.0
356856,2019-09-11,17,105000000.0,835762,Transfer,Within_bank,2019-09-11 17:00:00,0,2.0,1,11,425958000.0,1,4.0
292247,2019-09-18,18,97800000.0,19703,Transfer,Outside_bank,2019-09-18 18:00:00,1,2.0,1,7,354827370.0,1,4.0
292247,2019-09-18,19,71059000.0,337376,Transfer,Outside_bank,2019-09-18 19:00:00,0,2.0,1,7,301316370.0,1,4.0
235316,2019-10-09,19,97901030.0,350884,Transfer,Outside_bank,2019-10-09 19:00:00,1,2.0,1,7,217614030.0,1,4.0
292247,2019-09-18,19,1400000.0,676990,Transfer,Within_bank,2019-09-18 19:00:00,0,2.0,1,8,302716370.0,1,4.0
356856,2019-09-11,18,5000000.0,953277,Transfer,Outside_bank,2019-09-11 18:00:00,0,2.0,1,12,430958000.0,1,4.0
348242,2019-10-16,10,47743000.0,335329,Transfer,Outside_bank,2019-10-16 10:00:00,1,2.0,1,4,497531800.0,1,4.0
317017,2019-05-18,19,199000000.0,258032,Transfer,Outside_bank,2019-05-18 19:00:00,1,2.0,1,4,294220000.0,1,4.0
348242,2019-10-16,11,113375610.0,403006,Transfer,Outside_bank,2019-10-16 11:00:00,0,2.0,1,5,610907410.0,1,4.0
348242,2019-10-16,12,30982781.0,208519,Transfer,Outside_bank,2019-10-16 12:00:00,0,2.0,1,6,641890191.0,1,4.0
225770,2019-11-23,9,94000000.0,93112,Transfer,Outside_bank,2019-11-23 09:00:00,1,2.0,1,3,334000000.0,1,4.0
225770,2019-11-23,10,5150000.0,555112,Transfer,Outside_bank,2019-11-23 10:00:00,0,2.0,1,4,189150000.0,1,4.0
225770,2019-11-23,12,21000000.0,739104,Transfer,Outside_bank,2019-11-23 12:00:00,0,2.0,1,4,210150000.0,1,4.0
160339,2019-04-26,20,90500000.0,906017,Transfer,Outside_bank,2019-04-26 20:00:00,1,2.0,1,9,366156000.0,1,4.0
72411,2019-10-08,7,96450000.0,986750,Transfer,Outside_bank,2019-10-08 07:00:00,1,2.0,1,3,591859040.0,1,4.0
72411,2019-10-08,8,53950000.0,768419,Transfer,Outside_bank,2019-10-08 08:00:00,0,2.0,1,4,645809040.0,1,4.0
72411,2019-10-08,9,9705050.0,612606,Transfer,Outside_bank,2019-10-08 09:00:00,0,2.0,1,5,655514090.0,1,4.0
160339,2019-04-26,21,40000000.0,50420,Transfer,Outside_bank,2019-04-26 21:00:00,0,2.0,1,10,406156000.0,1,4.0
160339,2019-04-26,22,37700000.0,37771,Transfer,Outside_bank,2019-04-26 22:00:00,0,2.0,1,11,443856000.0,1,4.0
160339,2019-04-26,23,148860000.0,559166,Transfer,Outside_bank,2019-04-26 23:00:00,0,2.0,1,12,592716000.0,1,4.0
160339,2019-04-27,10,92000000.0,43137,Transfer,Outside_bank,2019-04-27 10:00:00,1,2.0,1,6,439060000.0,1,4.0
160339,2019-04-27,11,42760000.0,832548,Transfer,Outside_bank,2019-04-27 11:00:00,0,2.0,1,7,481820000.0,1,4.0
160339,2019-04-27,15,208948400.0,162570,Transfer,Outside_bank,2019-04-27 15:00:00,0,2.0,1,8,690768400.0,1,4.0
160339,2019-04-27,16,63934000.0,456457,Transfer,Outside_bank,2019-04-27 16:00:00,0,2.0,1,9,754702400.0,1,4.0
160339,2019-04-27,17,1300000.0,68285,Transfer,Outside_bank,2019-04-27 17:00:00,0,2.0,1,10,756002400.0,1,4.0
4391,2019-12-18,16,47450000.0,759835,Transfer,Outside_bank,2019-12-18 16:00:00,1,2.0,1,3,159320000.0,1,4.0
348242,2019-09-21,20,197851099.0,202459,Transfer,Outside_bank,2019-09-21 20:00:00,1,2.0,1,7,322789659.0,1,4.0
88698,2019-10-21,8,90000000.0,89066,Transfer,Outside_bank,2019-10-21 08:00:00,1,2.0,1,6,222000000.0,1,4.0
88698,2019-10-21,12,19000000.0,379014,Transfer,Outside_bank,2019-10-21 12:00:00,0,2.0,1,7,241000000.0,1,4.0
88698,2019-10-21,16,78000000.0,34261,Transfer,Outside_bank,2019-10-21 16:00:00,0,2.0,1,8,319000000.0,1,4.0
339454,2019-11-23,13,190000000.0,208406,Transfer,Outside_bank,2019-11-23 13:00:00,1,2.0,1,4,548134457.0,1,4.0
348242,2019-09-22,19,91649300.0,270284,Transfer,Outside_bank,2019-09-22 19:00:00,1,2.0,1,3,296730899.0,1,4.0
261469,2019-10-29,18,185150000.0,472852,Transfer,Outside_bank,2019-10-29 18:00:00,1,2.0,1,4,398954000.0,1,4.0
348242,2019-10-16,13,18695500.0,158836,Transfer,Outside_bank,2019-10-16 13:00:00,0,2.0,1,7,660585691.0,1,4.0
356856,2019-09-12,9,10000000.0,406218,Transfer,Outside_bank,2019-09-12 09:00:00,0,2.0,1,13,430958000.0,1,4.0
348242,2019-10-16,21,99318009.0,316045,Transfer,Outside_bank,2019-10-16 21:00:00,1,2.0,1,7,315514900.0,1,4.0
317017,2019-04-07,19,99000000.0,363647,Transfer,Outside_bank,2019-04-07 19:00:00,1,2.0,1,3,399258618.0,1,4.0
292247,2019-08-31,7,192951200.0,687504,Transfer,Outside_bank,2019-08-31 07:00:00,1,2.0,1,7,438080180.0,1,4.0
292247,2019-08-31,8,48237380.0,363647,Transfer,Outside_bank,2019-08-31 08:00:00,1,3.0,1,8,477727560.0,1,4.0
292247,2019-08-31,18,55350000.0,364279,Transfer,Outside_bank,2019-08-31 18:00:00,0,3.0,1,7,525047560.0,1,4.0
105606,2019-08-30,10,450000000.0,114375,Transfer,Outside_bank,2019-08-30 10:00:00,1,2.0,1,5,910855789.0,1,4.0
292247,2019-08-31,19,147697500.0,236643,Transfer,Outside_bank,2019-08-31 19:00:00,0,3.0,1,8,594431560.0,1,4.0
292247,2019-09-01,6,34244040.0,993526,Transfer,Outside_bank,2019-09-01 06:00:00,0,2.0,1,6,478480120.0,1,4.0
356856,2019-09-12,10,4800000.0,307083,Transfer,Outside_bank,2019-09-12 10:00:00,0,2.0,1,13,430758000.0,1,4.0
348242,2019-12-27,12,49391500.0,542100,Transfer,Outside_bank,2019-12-27 12:00:00,1,2.0,1,7,201878995.0,1,4.0
72411,2019-04-14,20,95039000.0,924029,Transfer,Outside_bank,2019-04-14 20:00:00,1,2.0,1,5,346733100.0,1,4.0
72411,2019-04-15,12,5000000.0,963672,Transfer,Outside_bank,2019-04-15 12:00:00,0,2.0,1,4,301076800.0,1,4.0
348242,2019-12-27,13,37147000.0,344849,Transfer,Outside_bank,2019-12-27 13:00:00,0,2.0,1,8,239025995.0,1,4.0
160339,2019-05-30,19,47500000.0,108040,Transfer,Outside_bank,2019-05-30 19:00:00,1,2.0,1,17,441556000.0,1,4.0
160339,2019-05-30,20,6000000.0,450535,Transfer,Outside_bank,2019-05-30 20:00:00,0,2.0,1,18,384356000.0,1,4.0
348242,2019-10-17,19,188724000.0,226050,Transfer,Outside_bank,2019-10-17 19:00:00,1,2.0,1,6,483947009.0,1,4.0
348242,2019-10-17,21,90404960.0,403776,Transfer,Outside_bank,2019-10-17 21:00:00,1,2.0,1,6,469633960.0,1,4.0
348242,2019-10-17,22,19469000.0,986425,Transfer,Outside_bank,2019-10-17 22:00:00,0,2.0,1,6,489102960.0,1,4.0
348242,2019-10-18,10,10000000.0,683329,Transfer,Outside_bank,2019-10-18 10:00:00,0,2.0,1,7,498602960.0,1,4.0
348242,2019-10-18,16,123406000.0,758279,Transfer,Outside_bank,2019-10-18 16:00:00,0,2.0,1,7,622008960.0,1,4.0
348242,2019-10-18,17,86395000.0,810147,Transfer,Outside_bank,2019-10-18 17:00:00,0,2.0,1,8,652344960.0,1,4.0
165086,2019-09-20,14,98838197.0,547573,Transfer,Outside_bank,2019-09-20 14:00:00,1,2.0,1,6,216224197.0,1,4.0
165086,2019-09-20,16,800000.0,272258,Transfer,Outside_bank,2019-09-20 16:00:00,0,2.0,1,7,217024197.0,1,4.0
165086,2019-09-21,7,600000.0,807794,Transfer,Outside_bank,2019-09-21 07:00:00,0,2.0,1,6,204862197.0,1,4.0
72411,2019-10-17,7,98041000.0,975853,Transfer,Outside_bank,2019-10-17 07:00:00,1,2.0,1,8,368864050.0,1,4.0
72411,2019-10-17,8,400000.0,474456,Transfer,Within_bank,2019-10-17 08:00:00,0,2.0,1,9,369264050.0,1,4.0
72411,2019-10-17,8,3000000.0,245438,Transfer,Outside_bank,2019-10-17 08:00:00,0,2.0,1,10,372264050.0,1,4.0
72411,2019-10-17,9,19372000.0,500129,Transfer,Outside_bank,2019-10-17 09:00:00,0,2.0,1,11,391636050.0,1,4.0
72411,2019-10-17,10,50444000.0,388140,Transfer,Outside_bank,2019-10-17 10:00:00,0,2.0,1,12,442080050.0,1,4.0
72411,2019-10-17,11,51283500.0,69129,Transfer,Outside_bank,2019-10-17 11:00:00,0,2.0,1,13,493363550.0,1,4.0
72411,2019-10-17,12,3950000.0,800371,Transfer,Outside_bank,2019-10-17 12:00:00,0,2.0,1,14,477313550.0,1,4.0
72411,2019-10-17,20,184997000.0,416861,Transfer,Outside_bank,2019-10-17 20:00:00,1,2.0,1,12,559043500.0,1,4.0
72411,2019-10-17,21,85581000.0,498388,Transfer,Outside_bank,2019-10-17 21:00:00,0,2.0,1,13,644624500.0,1,4.0
72411,2019-10-18,6,11774000.0,758036,Transfer,Outside_bank,2019-10-18 06:00:00,0,2.0,1,11,508842500.0,1,4.0
246337,2019-08-22,9,47000000.0,777368,Transfer,Outside_bank,2019-08-22 09:00:00,1,2.0,1,3,193220000.0,1,4.0
348242,2019-12-27,20,103017660.0,856714,Transfer,Outside_bank,2019-12-27 20:00:00,0,2.0,1,9,342043655.0,1,4.0
348242,2019-12-20,20,180697000.0,288853,Transfer,Outside_bank,2019-12-20 20:00:00,1,2.0,1,5,515221000.0,1,4.0
348242,2019-12-20,21,25634500.0,50319,Transfer,Outside_bank,2019-12-20 21:00:00,0,2.0,1,5,480072500.0,1,4.0
348242,2019-12-21,7,14800000.0,773405,Transfer,Outside_bank,2019-12-21 07:00:00,0,2.0,1,5,494872500.0,1,4.0
348242,2019-12-21,10,42383000.0,813006,Transfer,Outside_bank,2019-12-21 10:00:00,0,2.0,1,6,537255500.0,1,4.0
235316,2019-08-23,18,94400000.0,666409,Transfer,Outside_bank,2019-08-23 18:00:00,1,2.0,1,3,282506000.0,1,4.0
348242,2019-12-21,11,28852000.0,424315,Transfer,Outside_bank,2019-12-21 11:00:00,0,2.0,1,7,566107500.0,1,4.0
348242,2019-12-21,12,66993000.0,657626,Transfer,Outside_bank,2019-12-21 12:00:00,0,2.0,1,8,633100500.0,1,4.0
348242,2019-12-21,13,86900000.0,940909,Transfer,Outside_bank,2019-12-21 13:00:00,0,2.0,1,9,720000500.0,1,4.0
348242,2019-12-21,17,42687000.0,917112,Transfer,Outside_bank,2019-12-21 17:00:00,0,2.0,1,10,762687500.0,1,4.0
348242,2019-12-21,18,120556000.0,739466,Transfer,Outside_bank,2019-12-21 18:00:00,0,2.0,1,11,796107500.0,1,4.0
317017,2019-04-18,20,194893000.0,486067,Transfer,Outside_bank,2019-04-18 20:00:00,1,2.0,1,4,296369000.0,1,4.0
348242,2019-12-27,21,9510000.0,572344,Transfer,Outside_bank,2019-12-27 21:00:00,0,2.0,1,10,351553655.0,1,4.0
292247,2019-09-26,19,99041499.0,906633,Transfer,Outside_bank,2019-09-26 19:00:00,1,2.0,1,7,450988999.0,1,4.0
292247,2019-09-27,6,5489000.0,631443,Transfer,Outside_bank,2019-09-27 06:00:00,0,2.0,1,7,456477999.0,1,4.0
261469,2019-11-16,16,48711000.0,712620,Transfer,Outside_bank,2019-11-16 16:00:00,1,2.0,1,7,266610000.0,1,4.0
261469,2019-11-16,17,4425000.0,368813,Transfer,Outside_bank,2019-11-16 17:00:00,0,2.0,1,8,271035000.0,1,4.0
136073,2019-12-24,14,98250000.0,556027,Transfer,Outside_bank,2019-12-24 14:00:00,1,2.0,1,5,172852000.0,1,4.0
172473,2019-10-03,16,45300000.0,629337,Transfer,Outside_bank,2019-10-03 16:00:00,1,2.0,1,5,119000000.0,1,4.0
172473,2019-10-03,17,2000000.0,941142,Transfer,Outside_bank,2019-10-03 17:00:00,0,2.0,1,6,121000000.0,1,4.0
172473,2019-10-03,23,2000000.0,906273,Transfer,Outside_bank,2019-10-03 23:00:00,0,2.0,1,6,113000000.0,1,4.0
261469,2019-11-16,19,69384150.0,69129,Transfer,Outside_bank,2019-11-16 19:00:00,0,2.0,1,9,193087150.0,1,4.0
292247,2019-09-27,7,300000.0,542100,Transfer,Within_bank,2019-09-27 07:00:00,0,2.0,1,8,456777999.0,1,4.0
292247,2019-09-27,7,66173000.0,555733,Transfer,Outside_bank,2019-09-27 07:00:00,0,2.0,1,9,522950999.0,1,4.0
292247,2019-09-27,8,27485000.0,193362,Transfer,Outside_bank,2019-09-27 08:00:00,0,2.0,1,10,550435999.0,1,4.0
292247,2019-09-27,9,56455760.0,190094,Transfer,Outside_bank,2019-09-27 09:00:00,0,2.0,1,11,606891759.0,1,4.0
292247,2019-09-27,10,242000.0,371914,Transfer,Within_bank,2019-09-27 10:00:00,0,2.0,1,12,607133759.0,1,4.0
292247,2019-09-27,10,50210110.0,493404,Transfer,Outside_bank,2019-09-27 10:00:00,0,2.0,1,13,657343869.0,1,4.0
292247,2019-09-27,11,40530859.0,709876,Transfer,Outside_bank,2019-09-27 11:00:00,0,2.0,1,14,697874728.0,1,4.0
292247,2019-09-27,12,18665000.0,915483,Transfer,Outside_bank,2019-09-27 12:00:00,0,2.0,1,15,705429728.0,1,4.0
292247,2019-09-27,15,11200000.0,311818,Transfer,Outside_bank,2019-09-27 15:00:00,0,2.0,1,15,716629728.0,1,4.0
348242,2019-12-28,6,4940000.0,837584,Transfer,Outside_bank,2019-12-28 06:00:00,0,2.0,1,11,328299055.0,1,4.0
72411,2019-05-05,18,185642000.0,799547,Transfer,Outside_bank,2019-05-05 18:00:00,1,2.0,1,8,393310850.0,1,4.0
72411,2019-05-05,19,17951000.0,346677,Transfer,Outside_bank,2019-05-05 19:00:00,0,2.0,1,9,411261850.0,1,4.0
348242,2019-12-05,18,98000000.0,796410,Transfer,Outside_bank,2019-12-05 18:00:00,1,2.0,1,4,411860200.0,1,4.0
348242,2019-12-28,7,15707000.0,821832,Transfer,Outside_bank,2019-12-28 07:00:00,0,2.0,1,11,325771055.0,1,4.0
158808,2019-06-20,9,95000000.0,505557,Transfer,Outside_bank,2019-06-20 09:00:00,1,2.0,1,3,192950000.0,1,4.0
348242,2019-12-28,8,25794500.0,304791,Transfer,Outside_bank,2019-12-28 08:00:00,0,2.0,1,11,331663555.0,1,4.0
72411,2019-05-08,1,46347000.0,385065,Transfer,Outside_bank,2019-05-08 01:00:00,1,2.0,1,6,197848300.0,1,4.0
72411,2019-05-08,2,4686450.0,883684,Transfer,Outside_bank,2019-05-08 02:00:00,0,2.0,1,7,202534750.0,1,4.0
72411,2019-05-08,18,113144678.0,406218,Transfer,Outside_bank,2019-05-08 18:00:00,0,2.0,1,6,246264428.0,1,4.0
72411,2019-05-08,18,465400.0,879329,Transfer,Within_bank,2019-05-08 18:00:00,0,2.0,1,7,246729828.0,1,4.0
72411,2019-05-08,19,87973300.0,900567,Transfer,Outside_bank,2019-05-08 19:00:00,0,2.0,1,7,301203128.0,1,4.0
427722,2019-12-15,14,230000.0,889843,Transfer,Outside_bank,2019-12-15 14:00:00,0,2.0,1,12,282364000.0,1,4.0
235316,2019-09-02,2,46028200.0,311818,Transfer,Outside_bank,2019-09-02 02:00:00,1,2.0,1,8,347223300.0,1,4.0
72411,2019-10-25,15,93000000.0,58102,Transfer,Outside_bank,2019-10-25 15:00:00,1,2.0,1,5,222030000.0,1,4.0
72411,2019-10-25,23,185113123.0,929313,Transfer,Outside_bank,2019-10-25 23:00:00,1,2.0,1,5,308143123.0,1,4.0
72411,2019-10-26,0,39471390.0,265458,Transfer,Outside_bank,2019-10-26 00:00:00,0,2.0,1,6,347614513.0,1,4.0
208370,2019-12-16,10,49270000.0,378732,Transfer,Outside_bank,2019-12-16 10:00:00,1,2.0,1,15,266745000.0,1,4.0
94293,2019-12-15,13,49300000.0,326341,Transfer,Outside_bank,2019-12-15 13:00:00,1,2.0,1,3,101300000.0,1,4.0
208370,2019-12-16,11,8500000.0,490542,Transfer,Within_bank,2019-12-16 11:00:00,0,2.0,1,15,274235000.0,1,4.0
208370,2019-12-16,11,2000000.0,841341,Transfer,Outside_bank,2019-12-16 11:00:00,0,2.0,1,16,276235000.0,1,4.0
208370,2019-12-16,13,1000000.0,832548,Transfer,Outside_bank,2019-12-16 13:00:00,0,2.0,1,15,273345000.0,1,4.0
208370,2019-12-16,14,3700000.0,20212,Transfer,Within_bank,2019-12-16 14:00:00,0,2.0,1,15,235045000.0,1,4.0
208370,2019-12-16,14,300000.0,223847,Transfer,Outside_bank,2019-12-16 14:00:00,0,2.0,1,16,235345000.0,1,4.0
208370,2019-12-16,15,59095000.0,761151,Transfer,Outside_bank,2019-12-16 15:00:00,0,2.0,1,16,287640000.0,1,4.0
208370,2019-12-16,16,4700000.0,344849,Transfer,Outside_bank,2019-12-16 16:00:00,0,2.0,1,16,291640000.0,1,4.0
208370,2019-12-16,17,31790000.0,856714,Transfer,Outside_bank,2019-12-16 17:00:00,0,2.0,1,16,257630000.0,1,4.0
208370,2019-12-16,18,1500000.0,203166,Transfer,Outside_bank,2019-12-16 18:00:00,0,2.0,1,16,251080000.0,1,4.0
208370,2019-12-16,19,850000.0,572836,Transfer,Outside_bank,2019-12-16 19:00:00,0,2.0,1,16,251930000.0,1,4.0
208370,2019-12-17,6,2000000.0,961794,Transfer,Outside_bank,2019-12-17 06:00:00,0,2.0,1,16,241930000.0,1,4.0
208370,2019-12-17,8,47500000.0,43187,Transfer,Outside_bank,2019-12-17 08:00:00,1,3.0,1,15,260505000.0,1,4.0
208370,2019-12-17,9,3000000.0,363217,Transfer,Outside_bank,2019-12-17 09:00:00,0,2.0,1,15,215205000.0,1,4.0
235316,2019-09-02,3,8300000.0,418762,Transfer,Outside_bank,2019-09-02 03:00:00,0,2.0,1,9,355523300.0,1,4.0
235316,2019-09-02,18,7447500.0,337549,Transfer,Outside_bank,2019-09-02 18:00:00,0,2.0,1,6,260867520.0,1,4.0
235316,2019-09-02,19,92307540.0,642447,Transfer,Outside_bank,2019-09-02 19:00:00,1,2.0,1,7,259975060.0,1,4.0
427722,2019-12-15,16,45000000.0,229974,Transfer,Outside_bank,2019-12-15 16:00:00,1,2.0,1,11,120580000.0,1,4.0
427722,2019-12-15,17,4700000.0,197818,Transfer,Outside_bank,2019-12-15 17:00:00,0,2.0,1,11,125280000.0,1,4.0
130760,2019-09-13,19,46000000.0,714102,Transfer,Outside_bank,2019-09-13 19:00:00,1,2.0,1,4,98100000.0,1,4.0
7012,2019-12-15,19,99000000.0,100346,Transfer,Outside_bank,2019-12-15 19:00:00,1,2.0,1,5,243348000.0,1,4.0
401313,2019-12-12,16,47480000.0,955959,Transfer,Outside_bank,2019-12-12 16:00:00,1,2.0,1,3,120180000.0,1,4.0
401313,2019-12-12,17,70080000.0,904377,Transfer,Within_bank,2019-12-12 17:00:00,0,2.0,1,4,190260000.0,1,4.0
401551,2019-08-30,15,95956240.0,825743,Transfer,Outside_bank,2019-08-30 15:00:00,1,2.0,1,3,146956240.0,1,4.0
160339,2019-05-15,10,194160000.0,368388,Transfer,Outside_bank,2019-05-15 10:00:00,1,2.0,1,11,466166800.0,1,4.0
72411,2019-11-05,17,45389000.0,627690,Transfer,Outside_bank,2019-11-05 17:00:00,1,2.0,1,10,602343232.0,1,4.0
72411,2019-11-05,18,73808500.0,209225,Transfer,Outside_bank,2019-11-05 18:00:00,0,2.0,1,11,676151732.0,1,4.0
72411,2019-11-05,22,67514008.0,881380,Transfer,Outside_bank,2019-11-05 22:00:00,0,2.0,1,11,455692240.0,1,4.0
7012,2019-12-16,21,46862000.0,86239,Transfer,Outside_bank,2019-12-16 21:00:00,1,2.0,1,8,495048000.0,1,4.0
7012,2019-12-17,19,4928000.0,885037,Transfer,Outside_bank,2019-12-17 19:00:00,0,2.0,1,4,151076000.0,1,4.0
160339,2019-05-15,11,12300000.0,986921,Transfer,Outside_bank,2019-05-15 11:00:00,0,2.0,1,12,465466800.0,1,4.0
65438,2019-11-29,19,45000000.0,667182,Transfer,Outside_bank,2019-11-29 19:00:00,1,2.0,1,3,93000000.0,1,4.0
160339,2019-05-15,12,22719600.0,257818,Transfer,Outside_bank,2019-05-15 12:00:00,0,2.0,1,12,459986400.0,1,4.0
160339,2019-04-11,16,94040000.0,553912,Transfer,Outside_bank,2019-04-11 16:00:00,1,2.0,1,12,693292600.0,1,4.0
160339,2019-04-11,17,160466000.0,711016,Transfer,Outside_bank,2019-04-11 17:00:00,0,2.0,1,12,698858600.0,1,4.0
150875,2019-11-09,18,98000000.0,126928,Transfer,Outside_bank,2019-11-09 18:00:00,1,2.0,1,6,301665600.0,1,4.0
150875,2019-11-09,19,45275999.0,574711,Transfer,Outside_bank,2019-11-09 19:00:00,1,3.0,1,6,346941599.0,1,4.0
150875,2019-11-10,13,95800000.0,118758,Transfer,Outside_bank,2019-11-10 13:00:00,1,3.0,1,3,239075999.0,1,4.0
150875,2019-11-10,14,178460880.0,864278,Transfer,Outside_bank,2019-11-10 14:00:00,0,3.0,1,4,417536879.0,1,4.0
150875,2019-11-10,15,33965770.0,344818,Transfer,Outside_bank,2019-11-10 15:00:00,0,3.0,1,5,451502649.0,1,4.0
150875,2019-11-10,16,106103300.0,311818,Transfer,Outside_bank,2019-11-10 16:00:00,0,3.0,1,6,557605949.0,1,4.0
150875,2019-11-10,17,10900000.0,231033,Transfer,Outside_bank,2019-11-10 17:00:00,0,3.0,1,7,568505949.0,1,4.0
160339,2019-04-11,18,136400000.0,273463,Transfer,Outside_bank,2019-04-11 18:00:00,0,2.0,1,12,794985800.0,1,4.0
160339,2019-05-15,17,700000.0,606539,Transfer,Outside_bank,2019-05-15 17:00:00,0,2.0,1,9,300002400.0,1,4.0
76682,2019-12-06,19,48508900.0,631443,Transfer,Outside_bank,2019-12-06 19:00:00,1,2.0,1,4,269444400.0,1,4.0
427722,2019-12-15,18,6240000.0,627690,Transfer,Outside_bank,2019-12-15 18:00:00,0,2.0,1,12,128520000.0,1,4.0
393920,2019-08-27,16,180000000.0,62752,Transfer,Outside_bank,2019-08-27 16:00:00,1,2.0,1,5,406530000.0,1,4.0
170490,2019-11-12,9,90000000.0,316846,Transfer,Outside_bank,2019-11-12 09:00:00,1,2.0,1,5,484174000.0,1,4.0
319513,2019-05-17,20,49986000.0,348031,Transfer,Outside_bank,2019-05-17 20:00:00,1,2.0,1,6,227986000.0,1,4.0
150875,2019-11-12,8,181899000.0,909622,Transfer,Outside_bank,2019-11-12 08:00:00,1,2.0,1,6,536855890.0,1,4.0
72411,2019-05-25,21,182794300.0,141047,Transfer,Outside_bank,2019-05-25 21:00:00,1,2.0,1,4,316009280.0,1,4.0
72411,2019-05-26,10,1980000.0,821033,Transfer,Outside_bank,2019-05-26 10:00:00,0,2.0,1,5,317989280.0,1,4.0
150875,2019-11-12,8,2300000.0,670114,Transfer,Within_bank,2019-11-12 08:00:00,0,2.0,1,7,539155890.0,1,4.0
150875,2019-11-12,9,112400000.0,754816,Transfer,Outside_bank,2019-11-12 09:00:00,0,2.0,1,8,651555890.0,1,4.0
150875,2019-11-12,19,147133800.0,908479,Transfer,Outside_bank,2019-11-12 19:00:00,0,2.0,1,6,635840690.0,1,4.0
319513,2019-05-18,6,64950000.0,179632,Transfer,Outside_bank,2019-05-18 06:00:00,0,2.0,1,7,292936000.0,1,4.0
319513,2019-05-18,9,82000000.0,959779,Transfer,Outside_bank,2019-05-18 09:00:00,0,2.0,1,8,374936000.0,1,4.0
319513,2019-05-18,10,50000000.0,307083,Transfer,Outside_bank,2019-05-18 10:00:00,0,2.0,1,9,396936000.0,1,4.0
319513,2019-05-18,13,50000000.0,63398,Transfer,Outside_bank,2019-05-18 13:00:00,0,2.0,1,9,446936000.0,1,4.0
332723,2019-12-19,15,46180000.0,61439,Transfer,Within_bank,2019-12-19 15:00:00,1,2.0,1,5,147089755.0,1,4.0
160339,2019-04-12,17,97860000.0,469616,Transfer,Outside_bank,2019-04-12 17:00:00,1,2.0,1,13,808610000.0,1,4.0
160339,2019-04-12,18,171031534.0,133437,Transfer,Outside_bank,2019-04-12 18:00:00,0,2.0,1,13,843241534.0,1,4.0
160339,2019-04-12,19,23448466.0,73706,Transfer,Outside_bank,2019-04-12 19:00:00,0,2.0,1,13,866690000.0,1,4.0
160339,2019-04-12,22,47260000.0,985409,Transfer,Outside_bank,2019-04-12 22:00:00,1,3.0,1,13,861600000.0,1,4.0
160339,2019-04-12,23,100600000.0,326962,Transfer,Outside_bank,2019-04-12 23:00:00,0,3.0,1,14,961200000.0,1,4.0
160339,2019-04-13,0,53100000.0,812752,Transfer,Outside_bank,2019-04-13 00:00:00,0,3.0,1,14,990500000.0,1,4.0
160339,2019-04-13,1,9305000.0,22638,Transfer,Outside_bank,2019-04-13 01:00:00,0,3.0,1,14,999205000.0,1,4.0
160339,2019-04-13,2,10000000.0,995400,Transfer,Outside_bank,2019-04-13 02:00:00,0,3.0,1,14,1007205000.0,1,4.0
160339,2019-04-13,3,16820000.0,641107,Transfer,Outside_bank,2019-04-13 03:00:00,0,3.0,1,14,1024025000.0,1,4.0
160339,2019-04-13,6,3200000.0,635236,Transfer,Outside_bank,2019-04-13 06:00:00,0,3.0,1,15,923825000.0,1,4.0
105797,2019-08-02,8,49000000.0,849209,Transfer,Outside_bank,2019-08-02 08:00:00,1,2.0,1,4,98711066.0,1,4.0
97432,2019-10-15,8,46280000.0,968963,Transfer,Outside_bank,2019-10-15 08:00:00,1,2.0,1,3,371280000.0,1,4.0
97432,2019-10-15,9,46300000.0,730965,Transfer,Outside_bank,2019-10-15 09:00:00,1,3.0,1,4,417580000.0,1,4.0
105797,2019-08-02,10,13720.0,185059,Transfer,Within_bank,2019-08-02 10:00:00,0,2.0,1,4,98719720.0,1,4.0
160339,2019-04-13,16,66520000.0,90633,Transfer,Outside_bank,2019-04-13 16:00:00,0,2.0,1,12,599145000.0,1,4.0
105797,2019-08-03,7,49300000.0,863061,Transfer,Outside_bank,2019-08-03 07:00:00,1,2.0,1,4,98318720.0,1,4.0
235316,2019-09-11,19,96703684.0,739466,Transfer,Outside_bank,2019-09-11 19:00:00,1,2.0,1,4,205671684.0,1,4.0
202254,2019-06-04,11,91860000.0,954662,Transfer,Outside_bank,2019-06-04 11:00:00,1,2.0,1,10,318956000.0,1,4.0
62461,2019-09-30,17,48680000.0,480549,Transfer,Outside_bank,2019-09-30 17:00:00,1,2.0,1,15,301780000.0,1,4.0
62461,2019-09-30,18,4000000.0,544752,Transfer,Within_bank,2019-09-30 18:00:00,0,2.0,1,15,208320000.0,1,4.0
62461,2019-09-30,18,11200000.0,805723,Transfer,Outside_bank,2019-09-30 18:00:00,0,2.0,1,16,219520000.0,1,4.0
62461,2019-09-30,19,6300000.0,997983,Transfer,Outside_bank,2019-09-30 19:00:00,0,2.0,1,15,225820000.0,1,4.0
62461,2019-09-30,20,4800000.0,14539,Transfer,Outside_bank,2019-09-30 20:00:00,0,2.0,1,16,229440000.0,1,4.0
62461,2019-09-30,21,3900000.0,229974,Transfer,Outside_bank,2019-09-30 21:00:00,0,2.0,1,16,227340000.0,1,4.0
62461,2019-09-30,22,13970000.0,96211,Transfer,Outside_bank,2019-09-30 22:00:00,0,2.0,1,16,215810000.0,1,4.0
62461,2019-09-30,23,500000.0,672242,Transfer,Outside_bank,2019-09-30 23:00:00,0,2.0,1,16,215840000.0,1,4.0
62461,2019-10-01,1,500000.0,376044,Transfer,Outside_bank,2019-10-01 01:00:00,0,2.0,1,16,216340000.0,1,4.0
62461,2019-10-01,10,13470000.0,735255,Transfer,Outside_bank,2019-10-01 10:00:00,0,2.0,1,17,229810000.0,1,4.0
62461,2019-10-01,11,53940000.0,485238,Transfer,Outside_bank,2019-10-01 11:00:00,0,2.0,1,18,283750000.0,1,4.0
62461,2019-10-01,12,12500000.0,630368,Transfer,Outside_bank,2019-10-01 12:00:00,0,2.0,1,19,291750000.0,1,4.0
62461,2019-10-01,14,15000000.0,735686,Transfer,Outside_bank,2019-10-01 14:00:00,0,2.0,1,18,305050000.0,1,4.0
62461,2019-10-01,14,100000.0,NaN,Topup,Mobile,2019-10-01 14:00:00,0,2.0,1,18,305150000.0,1,4.0
62461,2019-10-01,15,7000000.0,348929,Transfer,Outside_bank,2019-10-01 15:00:00,0,2.0,1,18,297180000.0,1,4.0
62461,2019-10-01,15,8970000.0,720763,Transfer,Within_bank,2019-10-01 15:00:00,0,2.0,1,19,306150000.0,1,4.0
259563,2019-07-06,7,475200000.0,373202,Transfer,Outside_bank,2019-07-06 07:00:00,1,2.0,1,3,975200000.0,1,4.0
292247,2019-09-11,18,90000000.0,798727,Transfer,Outside_bank,2019-09-11 18:00:00,1,2.0,1,5,319032520.0,1,4.0
292247,2019-09-11,19,700000.0,900567,Transfer,Outside_bank,2019-09-11 19:00:00,0,2.0,1,5,290678380.0,1,4.0
292247,2019-09-12,8,1450000.0,377431,Transfer,Outside_bank,2019-09-12 08:00:00,0,2.0,1,5,140309000.0,1,4.0
393920,2019-08-27,17,104380000.0,806048,Transfer,Outside_bank,2019-08-27 17:00:00,0,2.0,1,5,400910000.0,1,4.0
427722,2019-12-15,20,43000000.0,471452,Transfer,Outside_bank,2019-12-15 20:00:00,0,2.0,1,11,163120000.0,1,4.0
330127,2019-07-27,22,192136000.0,487174,Transfer,Outside_bank,2019-07-27 22:00:00,1,2.0,1,3,455652000.0,1,4.0
393920,2019-08-13,19,90000000.0,822177,Transfer,Outside_bank,2019-08-13 19:00:00,1,2.0,1,4,145830000.0,1,4.0
393920,2019-08-13,20,2800000.0,203166,Transfer,Outside_bank,2019-08-13 20:00:00,0,2.0,1,4,148630000.0,1,4.0
114658,2019-12-12,17,45000000.0,906273,Transfer,Within_bank,2019-12-12 17:00:00,1,2.0,1,3,94044000.0,1,4.0
229460,2019-09-25,15,476127600.0,453217,Transfer,Outside_bank,2019-09-25 15:00:00,1,2.0,1,4,574966600.0,1,4.0
393920,2019-08-14,14,44570000.0,412663,Transfer,Outside_bank,2019-08-14 14:00:00,0,2.0,1,5,193200000.0,1,4.0
202254,2019-06-12,17,48440000.0,253921,Transfer,Outside_bank,2019-06-12 17:00:00,1,2.0,1,4,247260000.0,1,4.0
202254,2019-06-13,10,115000000.0,488904,Transfer,Outside_bank,2019-06-13 10:00:00,0,2.0,1,5,312260000.0,1,4.0
202254,2019-06-13,11,50000000.0,277626,Transfer,Outside_bank,2019-06-13 11:00:00,0,2.0,1,5,312260000.0,1,4.0
165086,2019-08-05,16,96877164.0,495499,Transfer,Outside_bank,2019-08-05 16:00:00,1,2.0,1,3,293485575.0,1,4.0
165086,2019-08-06,12,1650000.0,195549,Transfer,Outside_bank,2019-08-06 12:00:00,0,2.0,1,3,295135575.0,1,4.0
72411,2019-06-06,7,47580000.0,486558,Transfer,Outside_bank,2019-06-06 07:00:00,1,2.0,1,7,234728770.0,1,4.0
42523,2019-12-31,15,93960000.0,544752,Transfer,Outside_bank,2019-12-31 15:00:00,1,2.0,1,4,222669000.0,1,4.0
8539,2019-12-18,12,49070000.0,892880,Transfer,Outside_bank,2019-12-18 12:00:00,1,2.0,1,3,259970000.0,1,4.0
72411,2019-06-06,8,7920000.0,135974,Transfer,Outside_bank,2019-06-06 08:00:00,0,2.0,1,7,223318770.0,1,4.0
72411,2019-06-06,9,36050776.0,337549,Transfer,Outside_bank,2019-06-06 09:00:00,0,2.0,1,7,259369546.0,1,4.0
72411,2019-06-06,10,24130440.0,89735,Transfer,Outside_bank,2019-06-06 10:00:00,0,2.0,1,8,268813816.0,1,4.0
72411,2019-06-06,11,8807710.0,784387,Transfer,Outside_bank,2019-06-06 11:00:00,0,2.0,1,8,276231526.0,1,4.0
72411,2019-06-06,18,120782000.0,689200,Transfer,Outside_bank,2019-06-06 18:00:00,0,2.0,1,8,397013526.0,1,4.0
165086,2019-08-06,13,1800000.0,874099,Transfer,Outside_bank,2019-08-06 13:00:00,0,2.0,1,4,296935575.0,1,4.0
76682,2019-12-26,19,185867000.0,380350,Transfer,Outside_bank,2019-12-26 19:00:00,1,2.0,1,8,341663180.0,1,4.0
76682,2019-12-26,20,8876500.0,849124,Transfer,Outside_bank,2019-12-26 20:00:00,0,2.0,1,8,350539680.0,1,4.0
393920,2019-08-14,15,67050000.0,528148,Transfer,Outside_bank,2019-08-14 15:00:00,0,2.0,1,6,250250000.0,1,4.0
348242,2019-10-25,14,47835680.0,689408,Transfer,Outside_bank,2019-10-25 14:00:00,1,2.0,1,7,342324580.0,1,4.0
348242,2019-10-25,15,9742000.0,7686,Transfer,Outside_bank,2019-10-25 15:00:00,0,2.0,1,8,352066580.0,1,4.0
348242,2019-10-25,16,18816980.0,377431,Transfer,Outside_bank,2019-10-25 16:00:00,0,2.0,1,9,370883560.0,1,4.0
449930,2019-06-05,14,96000000.0,896676,Transfer,Outside_bank,2019-06-05 14:00:00,1,2.0,1,4,204100000.0,1,4.0
150875,2019-12-08,20,99600000.0,575069,Transfer,Outside_bank,2019-12-08 20:00:00,1,2.0,1,3,291229909.0,1,4.0
449930,2019-06-05,16,304105000.0,487177,Transfer,Outside_bank,2019-06-05 16:00:00,0,2.0,1,5,508205000.0,1,4.0
348242,2019-11-15,18,48000000.0,140967,Transfer,Outside_bank,2019-11-15 18:00:00,1,2.0,1,5,359216000.0,1,4.0
319513,2019-06-20,8,99000000.0,949718,Transfer,Outside_bank,2019-06-20 08:00:00,1,2.0,1,3,294000000.0,1,4.0
14501,2019-12-23,18,99000000.0,745847,Transfer,Outside_bank,2019-12-23 18:00:00,1,2.0,1,4,350943500.0,1,4.0
14501,2019-12-23,19,59697000.0,789192,Transfer,Outside_bank,2019-12-23 19:00:00,0,2.0,1,5,410640500.0,1,4.0
348242,2019-11-15,19,78775000.0,993466,Transfer,Outside_bank,2019-11-15 19:00:00,0,2.0,1,6,437991000.0,1,4.0
449930,2019-06-05,19,150000.0,684322,Transfer,Within_bank,2019-06-05 19:00:00,0,2.0,1,6,508255000.0,1,4.0
160339,2019-04-15,22,93460000.0,668460,Transfer,Outside_bank,2019-04-15 22:00:00,1,2.0,1,13,709805600.0,1,4.0
160339,2019-04-15,23,77304000.0,243843,Transfer,Outside_bank,2019-04-15 23:00:00,0,2.0,1,13,746109600.0,1,4.0
160339,2019-04-16,0,27204000.0,214972,Transfer,Outside_bank,2019-04-16 00:00:00,0,2.0,1,13,766853600.0,1,4.0
160339,2019-04-16,1,11060000.0,271897,Transfer,Outside_bank,2019-04-16 01:00:00,0,2.0,1,13,777913600.0,1,4.0
160339,2019-04-16,2,121898000.0,629337,Transfer,Outside_bank,2019-04-16 02:00:00,0,2.0,1,14,899811600.0,1,4.0
160339,2019-04-16,11,219068000.0,581391,Transfer,Outside_bank,2019-04-16 11:00:00,0,2.0,1,12,949039600.0,1,4.0
160339,2019-04-16,12,13500000.0,363647,Transfer,Outside_bank,2019-04-16 12:00:00,0,2.0,1,13,962539600.0,1,4.0
160339,2019-04-16,16,186140000.0,708338,Transfer,Outside_bank,2019-04-16 16:00:00,1,2.0,1,13,1048227600.0,1,4.0
160339,2019-04-16,17,53700000.0,433534,Transfer,Outside_bank,2019-04-16 17:00:00,0,2.0,1,13,887427600.0,1,4.0
160339,2019-04-16,18,123820000.0,95674,Transfer,Outside_bank,2019-04-16 18:00:00,0,2.0,1,13,970247600.0,1,4.0
72411,2019-06-10,13,46203000.0,399222,Transfer,Outside_bank,2019-06-10 13:00:00,1,2.0,1,5,277203800.0,1,4.0
72411,2019-06-10,13,500000.0,16794,Transfer,Within_bank,2019-06-10 13:00:00,0,2.0,1,6,277703800.0,1,4.0
72411,2019-06-10,14,51411500.0,231648,Transfer,Outside_bank,2019-06-10 14:00:00,0,2.0,1,7,325115300.0,1,4.0
72411,2019-06-10,15,44752000.0,655831,Transfer,Outside_bank,2019-06-10 15:00:00,0,2.0,1,7,369867300.0,1,4.0
72411,2019-06-10,18,24990000.0,516377,Transfer,Outside_bank,2019-06-10 18:00:00,0,2.0,1,8,394857300.0,1,4.0
87911,2019-12-31,14,45078000.0,933248,Transfer,Within_bank,2019-12-31 14:00:00,1,2.0,1,12,154597412.0,1,4.0
160339,2019-04-16,19,47273000.0,893473,Transfer,Outside_bank,2019-04-16 19:00:00,1,3.0,1,13,1013427000.0,1,4.0
160339,2019-04-16,20,40980000.0,173685,Transfer,Outside_bank,2019-04-16 20:00:00,0,3.0,1,13,1015407000.0,1,4.0
160339,2019-04-16,21,38150000.0,735080,Transfer,Outside_bank,2019-04-16 21:00:00,0,3.0,1,13,1053557000.0,1,4.0
160339,2019-04-16,23,66360000.0,166937,Transfer,Outside_bank,2019-04-16 23:00:00,0,2.0,1,13,949153000.0,1,4.0
62461,2019-11-25,16,49650000.0,809056,Transfer,Outside_bank,2019-11-25 16:00:00,1,2.0,1,17,574014000.0,1,4.0
62461,2019-11-25,17,33500000.0,204261,Transfer,Outside_bank,2019-11-25 17:00:00,0,2.0,1,17,604874000.0,1,4.0
62461,2019-11-25,18,17600000.0,204543,Transfer,Outside_bank,2019-11-25 18:00:00,0,2.0,1,17,602524000.0,1,4.0
62461,2019-09-10,19,49300000.0,169011,Transfer,Outside_bank,2019-09-10 19:00:00,1,2.0,1,15,248090000.0,1,4.0
62461,2019-09-10,20,124800000.0,937330,Transfer,Outside_bank,2019-09-10 20:00:00,0,2.0,1,15,361890000.0,1,4.0
62461,2019-09-10,21,30640000.0,7155,Transfer,Outside_bank,2019-09-10 21:00:00,0,2.0,1,15,390530000.0,1,4.0
62461,2019-09-10,22,14430000.0,381872,Transfer,Outside_bank,2019-09-10 22:00:00,0,2.0,1,15,381140000.0,1,4.0
62461,2019-09-10,23,5000000.0,315750,Transfer,Outside_bank,2019-09-10 23:00:00,0,2.0,1,15,376210000.0,1,4.0
44677,2019-11-13,15,192584600.0,621846,Transfer,Outside_bank,2019-11-13 15:00:00,1,2.0,1,4,301350800.0,1,4.0
44677,2019-11-13,16,175000000.0,299894,Transfer,Outside_bank,2019-11-13 16:00:00,0,2.0,1,5,474850800.0,1,4.0
44677,2019-11-14,8,60230000.0,104108,Transfer,Outside_bank,2019-11-14 08:00:00,0,2.0,1,5,535080800.0,1,4.0
44677,2019-11-14,9,7800000.0,924029,Transfer,Outside_bank,2019-11-14 09:00:00,0,2.0,1,6,542880800.0,1,4.0
62461,2019-09-11,9,3000000.0,619946,Transfer,Outside_bank,2019-09-11 09:00:00,0,2.0,1,15,374210000.0,1,4.0
62461,2019-09-11,10,4980000.0,316858,Transfer,Outside_bank,2019-09-11 10:00:00,0,2.0,1,15,378190000.0,1,4.0
7012,2019-08-18,20,93200000.0,41670,Transfer,Outside_bank,2019-08-18 20:00:00,1,2.0,1,7,307806819.0,1,4.0
62461,2019-09-11,11,10850000.0,908025,Transfer,Outside_bank,2019-09-11 11:00:00,0,2.0,1,15,389040000.0,1,4.0
62461,2019-09-11,12,10000000.0,591693,Transfer,Outside_bank,2019-09-11 12:00:00,0,2.0,1,16,389040000.0,1,4.0
62461,2019-09-11,13,13000000.0,161690,Transfer,Outside_bank,2019-09-11 13:00:00,0,2.0,1,16,402040000.0,1,4.0
62461,2019-09-11,14,4170000.0,542054,Transfer,Outside_bank,2019-09-11 14:00:00,0,2.0,1,17,385210000.0,1,4.0
62461,2019-09-11,15,7930000.0,55754,Transfer,Within_bank,2019-09-11 15:00:00,0,2.0,1,17,387140000.0,1,4.0
62461,2019-11-25,19,3000000.0,822177,Transfer,Outside_bank,2019-11-25 19:00:00,0,2.0,1,17,570524000.0,1,4.0
62461,2019-11-25,20,27900000.0,282649,Transfer,Outside_bank,2019-11-25 20:00:00,0,2.0,1,17,545440000.0,1,4.0
160339,2019-04-17,0,27540000.0,465871,Transfer,Outside_bank,2019-04-17 00:00:00,0,2.0,1,13,949489000.0,1,4.0
160339,2019-04-17,1,2500000.0,772602,Transfer,Outside_bank,2019-04-17 01:00:00,0,2.0,1,13,940929000.0,1,4.0
72411,2019-12-13,17,90038750.0,586234,Transfer,Outside_bank,2019-12-13 17:00:00,1,2.0,1,5,253093998.0,1,4.0
72411,2019-12-13,18,151030000.0,780006,Transfer,Outside_bank,2019-12-13 18:00:00,0,2.0,1,6,329323998.0,1,4.0
72411,2019-12-13,19,136390520.0,995400,Transfer,Outside_bank,2019-12-13 19:00:00,0,2.0,1,6,435938718.0,1,4.0
160339,2019-04-17,2,7600000.0,901600,Transfer,Outside_bank,2019-04-17 02:00:00,0,2.0,1,13,826631000.0,1,4.0
44677,2019-11-21,8,98885000.0,295216,Transfer,Outside_bank,2019-11-21 08:00:00,1,2.0,1,5,592639388.0,1,4.0
160339,2019-04-17,11,67937600.0,389728,Transfer,Outside_bank,2019-04-17 11:00:00,0,2.0,1,13,675500600.0,1,4.0
44677,2019-11-21,10,90129000.0,669880,Transfer,Outside_bank,2019-11-21 10:00:00,1,2.0,1,6,575396000.0,1,4.0
44677,2019-11-21,14,46021844.0,209087,Transfer,Outside_bank,2019-11-21 14:00:00,1,3.0,1,6,621417844.0,1,4.0
44662,2019-12-18,7,93000000.0,948504,Transfer,Outside_bank,2019-12-18 07:00:00,1,2.0,1,6,283434000.0,1,4.0
44662,2019-12-18,7,27760000.0,312878,Transfer,Within_bank,2019-12-18 07:00:00,0,2.0,1,7,311194000.0,1,4.0
44662,2019-12-18,8,10000000.0,844352,Transfer,Within_bank,2019-12-18 08:00:00,0,2.0,1,7,316194000.0,1,4.0
44662,2019-12-18,9,1663000.0,475528,Transfer,Within_bank,2019-12-18 09:00:00,0,2.0,1,7,317857000.0,1,4.0
44662,2019-12-18,10,1920000.0,56664,Transfer,Outside_bank,2019-12-18 10:00:00,0,2.0,1,8,319777000.0,1,4.0
44662,2019-12-18,10,8000000.0,970337,Transfer,Within_bank,2019-12-18 10:00:00,0,2.0,1,9,327777000.0,1,4.0
44677,2019-11-21,15,5000000.0,155495,Transfer,Within_bank,2019-11-21 15:00:00,0,3.0,1,7,492031844.0,1,4.0
44677,2019-11-21,15,2662000.0,325485,Transfer,Outside_bank,2019-11-21 15:00:00,0,3.0,1,8,494693844.0,1,4.0
44677,2019-11-22,8,8500000.0,208610,Transfer,Outside_bank,2019-11-22 08:00:00,0,2.0,1,7,241918844.0,1,4.0
44677,2019-11-22,9,23703000.0,43147,Transfer,Outside_bank,2019-11-22 09:00:00,0,2.0,1,7,176015844.0,1,4.0
160339,2019-04-17,12,27793600.0,830422,Transfer,Outside_bank,2019-04-17 12:00:00,0,2.0,1,13,689794200.0,1,4.0
348242,2019-12-13,19,98178065.0,395646,Transfer,Outside_bank,2019-12-13 19:00:00,1,2.0,1,5,318369771.0,1,4.0
317017,2019-07-24,20,95495000.0,108040,Transfer,Outside_bank,2019-07-24 20:00:00,1,2.0,1,6,162880804.0,1,4.0
393920,2019-11-07,16,48000000.0,154821,Transfer,Outside_bank,2019-11-07 16:00:00,1,2.0,1,5,173850000.0,1,4.0
150875,2019-12-18,19,95414000.0,561451,Transfer,Outside_bank,2019-12-18 19:00:00,1,2.0,1,4,294414000.0,1,4.0
72411,2019-12-15,21,46610000.0,473621,Transfer,Outside_bank,2019-12-15 21:00:00,1,2.0,1,5,209866804.0,1,4.0
72411,2019-12-16,11,3614900.0,807794,Transfer,Outside_bank,2019-12-16 11:00:00,0,2.0,1,6,213481704.0,1,4.0
62461,2019-09-12,15,90000000.0,20903,Transfer,Outside_bank,2019-09-12 15:00:00,1,2.0,1,17,580099578.0,1,4.0
62461,2019-09-12,16,4200000.0,170318,Transfer,Outside_bank,2019-09-12 16:00:00,0,2.0,1,17,574999578.0,1,4.0
7012,2019-08-31,12,94003000.0,281501,Transfer,Outside_bank,2019-08-31 12:00:00,1,2.0,1,8,316406790.0,1,4.0
7012,2019-08-31,13,51915320.0,778839,Transfer,Outside_bank,2019-08-31 13:00:00,0,2.0,1,9,368322110.0,1,4.0
7012,2019-08-31,15,2277000.0,104311,Transfer,Outside_bank,2019-08-31 15:00:00,0,2.0,1,9,343099110.0,1,4.0
7012,2019-08-31,18,108592000.0,825878,Transfer,Outside_bank,2019-08-31 18:00:00,0,2.0,1,7,311814320.0,1,4.0
62461,2019-09-12,17,44520000.0,320447,Transfer,Outside_bank,2019-09-12 17:00:00,0,2.0,1,16,467719578.0,1,4.0
62461,2019-09-12,18,28810000.0,396884,Transfer,Outside_bank,2019-09-12 18:00:00,0,2.0,1,16,468979578.0,1,4.0
62461,2019-09-12,19,7970000.0,719955,Transfer,Within_bank,2019-09-12 19:00:00,0,2.0,1,15,467449578.0,1,4.0
62461,2019-09-12,19,3760000.0,866873,Transfer,Outside_bank,2019-09-12 19:00:00,0,2.0,1,16,471209578.0,1,4.0
7012,2019-09-04,19,99901000.0,839251,Transfer,Outside_bank,2019-09-04 19:00:00,1,2.0,1,3,197901000.0,1,4.0
452538,2019-11-26,7,49600000.0,344818,Transfer,Outside_bank,2019-11-26 07:00:00,1,2.0,1,3,98600000.0,1,4.0
452616,2019-08-06,15,47230000.0,443694,Transfer,Outside_bank,2019-08-06 15:00:00,1,2.0,1,7,251100000.0,1,4.0
452616,2019-08-06,18,37100000.0,111664,Transfer,Outside_bank,2019-08-06 18:00:00,0,2.0,1,7,267430000.0,1,4.0
453109,2019-09-25,11,97300000.0,340919,Transfer,Outside_bank,2019-09-25 11:00:00,1,2.0,1,7,505143144.0,1,4.0
453109,2019-09-25,15,73000000.0,645762,Transfer,Outside_bank,2019-09-25 15:00:00,0,2.0,1,6,311899000.0,1,4.0
453109,2019-09-25,16,50000000.0,561451,Transfer,Within_bank,2019-09-25 16:00:00,0,2.0,1,6,322899000.0,1,4.0
453109,2019-09-25,16,156000000.0,385346,Transfer,Outside_bank,2019-09-25 16:00:00,0,2.0,1,7,478899000.0,1,4.0
453109,2019-12-10,16,90984213.0,78956,Transfer,Outside_bank,2019-12-10 16:00:00,1,2.0,1,8,859846879.0,1,4.0
453109,2019-12-10,20,32879567.0,258083,Transfer,Outside_bank,2019-12-10 20:00:00,0,2.0,1,9,892726446.0,1,4.0
458055,2019-12-25,11,47000000.0,889277,Transfer,Within_bank,2019-12-25 11:00:00,1,2.0,1,4,117500000.0,1,4.0
477520,2019-07-08,14,46363636.0,242427,Transfer,Outside_bank,2019-07-08 14:00:00,1,2.0,1,4,114011522.0,1,4.0
477520,2019-07-09,9,20000000.0,737296,Transfer,Outside_bank,2019-07-09 09:00:00,0,2.0,1,5,114011522.0,1,4.0
485006,2019-09-17,11,200000000.0,79202,Transfer,Outside_bank,2019-09-17 11:00:00,0,2.0,1,3,1103570000.0,1,4.0
485006,2019-09-17,12,80326000.0,301498,Transfer,Outside_bank,2019-09-17 12:00:00,0,2.0,1,4,1183896000.0,1,4.0
515166,2019-11-17,9,47000000.0,860624,Transfer,Outside_bank,2019-11-17 09:00:00,1,2.0,1,3,231000000.0,1,4.0
523566,2019-09-11,21,190000000.0,143310,Transfer,Outside_bank,2019-09-11 21:00:00,1,2.0,1,4,419342000.0,1,4.0
530199,2019-08-12,15,10000000.0,52055,Transfer,Outside_bank,2019-08-12 15:00:00,0,2.0,1,3,297300000.0,1,4.0
530199,2019-08-13,10,2000000.0,906153,Transfer,Outside_bank,2019-08-13 10:00:00,0,2.0,1,4,299300000.0,1,4.0
530199,2019-08-13,10,100000.0,NaN,Topup,Mobile,2019-08-13 10:00:00,0,2.0,1,4,299400000.0,1,4.0
530199,2019-08-27,12,10000000.0,626343,Transfer,Outside_bank,2019-08-27 12:00:00,0,2.0,1,3,156985000.0,1,4.0
530199,2019-08-27,16,86810000.0,169925,Transfer,Outside_bank,2019-08-27 16:00:00,0,2.0,1,4,243795000.0,1,4.0
536626,2019-11-29,9,180000000.0,584919,Transfer,Within_bank,2019-11-29 09:00:00,1,2.0,1,5,993400000.0,1,4.0
536626,2019-11-29,13,38000000.0,229056,Transfer,Outside_bank,2019-11-29 13:00:00,0,2.0,1,6,421000000.0,1,4.0
536626,2019-11-29,14,10000000.0,779691,Transfer,Outside_bank,2019-11-29 14:00:00,0,2.0,1,5,431000000.0,1,4.0
542392,2019-08-02,14,45800000.0,442437,Transfer,Outside_bank,2019-08-02 14:00:00,1,2.0,1,3,127290000.0,1,4.0
542392,2019-08-03,13,95870000.0,458419,Transfer,Outside_bank,2019-08-03 13:00:00,1,2.0,1,3,217740000.0,1,4.0
542392,2019-12-18,9,47500000.0,199083,Transfer,Outside_bank,2019-12-18 09:00:00,1,2.0,1,6,235400000.0,1,4.0
542392,2019-12-18,10,26900000.0,619946,Transfer,Outside_bank,2019-12-18 10:00:00,0,2.0,1,6,262300000.0,1,4.0
542392,2019-12-18,13,299700000.0,47455,Transfer,Outside_bank,2019-12-18 13:00:00,0,2.0,1,5,474100000.0,1,4.0
548824,2019-08-09,15,188475000.0,847942,Transfer,Outside_bank,2019-08-09 15:00:00,1,2.0,1,7,276881000.0,1,4.0
548824,2019-08-09,15,2000000.0,619946,Transfer,Within_bank,2019-08-09 15:00:00,0,2.0,1,8,278881000.0,1,4.0
548824,2019-08-10,2,8400000.0,378970,Transfer,Outside_bank,2019-08-10 02:00:00,0,2.0,1,8,275881000.0,1,4.0
548824,2019-10-01,16,45000000.0,463439,Transfer,Outside_bank,2019-10-01 16:00:00,1,2.0,1,4,244178000.0,1,4.0
561840,2019-11-04,22,46532300.0,371962,Transfer,Outside_bank,2019-11-04 22:00:00,1,2.0,1,8,323534380.0,1,4.0
561840,2019-11-04,23,43700000.0,632091,Transfer,Outside_bank,2019-11-04 23:00:00,0,2.0,1,9,367234380.0,1,4.0
561840,2019-11-05,0,234263400.0,548358,Transfer,Outside_bank,2019-11-05 00:00:00,0,2.0,1,10,601497780.0,1,4.0
561840,2019-11-05,15,1000000.0,422456,Transfer,Outside_bank,2019-11-05 15:00:00,0,2.0,1,8,547945780.0,1,4.0
561840,2019-11-05,18,182133000.0,23204,Transfer,Outside_bank,2019-11-05 18:00:00,1,3.0,1,9,716628780.0,1,4.0
561840,2019-11-05,19,48407500.0,666452,Transfer,Outside_bank,2019-11-05 19:00:00,1,4.0,1,9,690279780.0,1,4.0
561840,2019-12-26,6,92446907.0,672296,Transfer,Outside_bank,2019-12-26 06:00:00,1,2.0,1,5,585238997.0,1,4.0
561840,2019-12-26,7,65335988.0,1213,Transfer,Outside_bank,2019-12-26 07:00:00,0,2.0,1,6,589439475.0,1,4.0
561840,2019-12-26,8,90466000.0,379014,Transfer,Outside_bank,2019-12-26 08:00:00,1,2.0,1,6,490043895.0,1,4.0
561840,2019-12-26,20,99300000.0,612022,Transfer,Outside_bank,2019-12-26 20:00:00,1,3.0,1,6,367648895.0,1,4.0
571963,2019-06-15,13,180000000.0,538932,Transfer,Outside_bank,2019-06-15 13:00:00,1,2.0,1,10,290500000.0,1,4.0
571963,2019-06-16,6,10000000.0,104466,Transfer,Within_bank,2019-06-16 06:00:00,0,2.0,1,7,280000000.0,1,4.0
571963,2019-06-16,7,60000000.0,119512,Transfer,Within_bank,2019-06-16 07:00:00,0,2.0,1,8,330000000.0,1,4.0
571963,2019-06-16,8,20000000.0,798727,Transfer,Within_bank,2019-06-16 08:00:00,0,2.0,1,8,350000000.0,1,4.0
571963,2019-06-16,9,24800000.0,985993,Transfer,Within_bank,2019-06-16 09:00:00,0,2.0,1,9,364800000.0,1,4.0
571963,2019-06-16,10,20000000.0,275806,Transfer,Within_bank,2019-06-16 10:00:00,0,2.0,1,9,364800000.0,1,4.0
571963,2019-06-16,11,30000000.0,24584,Transfer,Within_bank,2019-06-16 11:00:00,0,2.0,1,9,394800000.0,1,4.0
577275,2019-10-26,9,45219110.0,NaN,Payment,Credit_card_repayment,2019-10-26 09:00:00,1,2.0,1,5,559562614.0,1,4.0
577275,2019-11-15,13,48000000.0,879827,Transfer,Outside_bank,2019-11-15 13:00:00,1,2.0,1,4,228108820.0,1,4.0
580233,2019-12-31,16,90000000.0,716659,Transfer,Outside_bank,2019-12-31 16:00:00,1,2.0,1,4,213940000.0,1,4.0
586893,2019-09-09,20,96798040.0,477831,Transfer,Outside_bank,2019-09-09 20:00:00,1,2.0,1,4,296663040.0,1,4.0
586893,2019-09-09,21,2939000.0,433534,Transfer,Outside_bank,2019-09-09 21:00:00,0,2.0,1,5,299602040.0,1,4.0
586893,2019-09-10,18,31361000.0,335993,Transfer,Outside_bank,2019-09-10 18:00:00,0,2.0,1,4,226068040.0,1,4.0
586893,2019-09-19,19,181378250.0,433534,Transfer,Outside_bank,2019-09-19 19:00:00,1,2.0,1,3,355578250.0,1,4.0
586893,2019-09-20,16,30255000.0,692313,Transfer,Outside_bank,2019-09-20 16:00:00,0,2.0,1,3,310833250.0,1,4.0
586893,2019-09-20,17,62254000.0,497043,Transfer,Outside_bank,2019-09-20 17:00:00,0,2.0,1,4,373087250.0,1,4.0
587505,2019-11-05,19,94460000.0,39626,Transfer,Outside_bank,2019-11-05 19:00:00,1,2.0,1,6,243935500.0,1,4.0
596579,2019-11-14,10,190000000.0,34261,Transfer,Outside_bank,2019-11-14 10:00:00,1,2.0,1,5,370500000.0,1,4.0
596579,2019-11-14,14,3000000.0,493404,Transfer,Outside_bank,2019-11-14 14:00:00,0,2.0,1,6,373500000.0,1,4.0
596579,2019-11-14,16,4500000.0,768353,Transfer,Within_bank,2019-11-14 16:00:00,0,2.0,1,7,377800000.0,1,4.0
596579,2019-11-14,16,13380000.0,347641,Transfer,Outside_bank,2019-11-14 16:00:00,0,2.0,1,8,391180000.0,1,4.0
596579,2019-12-03,16,45200000.0,25744,Transfer,Outside_bank,2019-12-03 16:00:00,1,2.0,1,5,92740000.0,1,4.0
596579,2019-12-03,19,2000000.0,147878,Transfer,Outside_bank,2019-12-03 19:00:00,0,2.0,1,4,94740000.0,1,4.0
596579,2019-12-03,23,600000.0,202833,Transfer,Outside_bank,2019-12-03 23:00:00,0,2.0,1,4,92800000.0,1,4.0
596579,2019-12-04,10,460000.0,173688,Transfer,Outside_bank,2019-12-04 10:00:00,0,2.0,1,5,93260000.0,1,4.0
602611,2019-10-15,9,49999000.0,668460,Transfer,Outside_bank,2019-10-15 09:00:00,1,2.0,1,3,99274000.0,1,4.0
625048,2019-08-10,20,95376000.0,506980,Transfer,Outside_bank,2019-08-10 20:00:00,1,2.0,1,3,195027500.0,1,4.0
625048,2019-08-11,12,91245000.0,571969,Transfer,Outside_bank,2019-08-11 12:00:00,1,3.0,1,3,286272500.0,1,4.0
625048,2019-08-12,6,62675009.0,770862,Transfer,Outside_bank,2019-08-12 06:00:00,0,2.0,1,3,201600009.0,1,4.0
625048,2019-08-12,7,2000000.0,656335,Transfer,Outside_bank,2019-08-12 07:00:00,0,2.0,1,4,203600009.0,1,4.0
625048,2019-09-27,17,48430000.0,136359,Transfer,Outside_bank,2019-09-27 17:00:00,1,2.0,1,7,405961589.0,1,4.0
625048,2019-09-27,19,100000000.0,131249,Transfer,Outside_bank,2019-09-27 19:00:00,0,2.0,1,8,481575829.0,1,4.0
625048,2019-10-04,20,92012995.0,425803,Transfer,Outside_bank,2019-10-04 20:00:00,1,2.0,1,5,301756778.0,1,4.0
625048,2019-10-04,20,21195000.0,983203,Transfer,Within_bank,2019-10-04 20:00:00,0,2.0,1,6,322951778.0,1,4.0
625048,2019-10-04,21,26931850.0,27006,Transfer,Outside_bank,2019-10-04 21:00:00,0,2.0,1,6,349883628.0,1,4.0
625048,2019-10-05,11,78500000.0,899609,Transfer,Outside_bank,2019-10-05 11:00:00,0,2.0,1,7,328383628.0,1,4.0
625048,2019-10-05,18,88843620.0,541150,Transfer,Outside_bank,2019-10-05 18:00:00,0,2.0,1,7,401884748.0,1,4.0
625048,2019-10-05,19,181831050.0,188357,Transfer,Outside_bank,2019-10-05 19:00:00,1,2.0,1,7,489314515.0,1,4.0
625048,2019-10-18,18,47890000.0,512807,Transfer,Outside_bank,2019-10-18 18:00:00,1,2.0,1,9,422514320.0,1,4.0
625048,2019-10-19,7,93590000.0,456724,Transfer,Outside_bank,2019-10-19 07:00:00,1,2.0,1,6,292417920.0,1,4.0
625048,2019-10-19,8,7985000.0,164083,Transfer,Outside_bank,2019-10-19 08:00:00,0,2.0,1,6,300402920.0,1,4.0
625048,2019-10-19,16,400000.0,81169,Transfer,Outside_bank,2019-10-19 16:00:00,0,2.0,1,6,244202920.0,1,4.0
625048,2019-10-19,17,4605000.0,771320,Transfer,Outside_bank,2019-10-19 17:00:00,0,2.0,1,7,226339000.0,1,4.0
625048,2019-10-28,19,98000000.0,426923,Transfer,Outside_bank,2019-10-28 19:00:00,1,2.0,1,3,197694700.0,1,4.0
625048,2019-10-31,8,49207000.0,198526,Transfer,Outside_bank,2019-10-31 08:00:00,1,2.0,1,3,296988920.0,1,4.0
625048,2019-10-31,9,67576400.0,918809,Transfer,Outside_bank,2019-10-31 09:00:00,0,2.0,1,4,364565320.0,1,4.0
625048,2019-10-31,10,1307500.0,526686,Transfer,Outside_bank,2019-10-31 10:00:00,0,2.0,1,5,365872820.0,1,4.0
625048,2019-10-31,19,121940000.0,877454,Transfer,Outside_bank,2019-10-31 19:00:00,0,2.0,1,6,487812820.0,1,4.0
625048,2019-12-12,7,93183000.0,238041,Transfer,Outside_bank,2019-12-12 07:00:00,1,2.0,1,10,292804249.0,1,4.0
625048,2019-12-12,9,14059500.0,117965,Transfer,Outside_bank,2019-12-12 09:00:00,0,2.0,1,11,289013019.0,1,4.0
625048,2019-12-12,10,26370000.0,510799,Transfer,Outside_bank,2019-12-12 10:00:00,0,2.0,1,11,301315660.0,1,4.0
625048,2019-12-12,11,9252000.0,526803,Transfer,Outside_bank,2019-12-12 11:00:00,0,2.0,1,11,292647160.0,1,4.0
625048,2019-12-12,12,20478000.0,95364,Transfer,Outside_bank,2019-12-12 12:00:00,0,2.0,1,11,311233160.0,1,4.0
625048,2019-12-12,13,10708000.0,221301,Transfer,Outside_bank,2019-12-12 13:00:00,0,2.0,1,11,321941160.0,1,4.0
625048,2019-12-12,14,800000.0,768419,Transfer,Outside_bank,2019-12-12 14:00:00,0,2.0,1,12,322741160.0,1,4.0
625048,2019-12-12,16,2125000.0,565732,Transfer,Outside_bank,2019-12-12 16:00:00,0,2.0,1,12,320667160.0,1,4.0
628016,2019-08-20,16,47000000.0,655831,Transfer,Outside_bank,2019-08-20 16:00:00,1,2.0,1,3,147260000.0,1,4.0
630970,2019-10-02,22,197626675.0,199278,Transfer,Outside_bank,2019-10-02 22:00:00,1,2.0,1,4,297721550.0,1,4.0
630970,2019-10-02,23,3000000.0,631517,Transfer,Outside_bank,2019-10-02 23:00:00,0,2.0,1,5,300721550.0,1,4.0
630970,2019-10-03,18,170750807.0,367166,Transfer,Outside_bank,2019-10-03 18:00:00,0,2.0,1,6,471472357.0,1,4.0
646299,2019-12-08,8,48240000.0,170318,Transfer,Outside_bank,2019-12-08 08:00:00,1,2.0,1,3,249600000.0,1,4.0
655363,2019-05-25,10,9800000.0,4841,Transfer,Outside_bank,2019-05-25 10:00:00,0,2.0,1,3,515507000.0,1,4.0
655363,2019-05-25,11,15000000.0,86239,Transfer,Outside_bank,2019-05-25 11:00:00,0,2.0,1,4,530507000.0,1,4.0
655363,2019-07-26,16,47404000.0,453217,Transfer,Outside_bank,2019-07-26 16:00:00,1,2.0,1,8,663331000.0,1,4.0
655363,2019-12-17,19,97700000.0,NaN,Payment,Credit_card_repayment,2019-12-17 19:00:00,1,2.0,1,5,608090000.0,1,4.0
680896,2019-08-30,14,93577570.0,441847,Transfer,Outside_bank,2019-08-30 14:00:00,1,2.0,1,4,818943398.0,1,4.0
682386,2019-10-09,17,92054000.0,444326,Transfer,Outside_bank,2019-10-09 17:00:00,1,2.0,1,3,182824000.0,1,4.0
682386,2019-10-25,11,97000000.0,158836,Transfer,Outside_bank,2019-10-25 11:00:00,1,2.0,1,4,193454000.0,1,4.0
691287,2019-06-20,0,46110000.0,393468,Transfer,Outside_bank,2019-06-20 00:00:00,1,2.0,1,3,96290000.0,1,4.0
691287,2019-07-27,17,50000000.0,142138,Transfer,Within_bank,2019-07-27 17:00:00,0,2.0,1,3,199248000.0,1,4.0
691850,2019-12-24,15,108600000.0,234674,Transfer,Outside_bank,2019-12-24 15:00:00,0,2.0,1,3,248100000.0,1,4.0
691850,2019-12-25,6,100000000.0,771772,Transfer,Outside_bank,2019-12-25 06:00:00,0,2.0,1,4,348100000.0,1,4.0
697022,2019-05-27,10,50000000.0,114375,Transfer,Outside_bank,2019-05-27 10:00:00,0,2.0,1,3,286250000.0,1,4.0
702956,2019-06-27,20,46000000.0,513133,Transfer,Outside_bank,2019-06-27 20:00:00,1,2.0,1,4,285000000.0,1,4.0
702956,2019-06-27,21,107000000.0,405482,Transfer,Outside_bank,2019-06-27 21:00:00,0,2.0,1,5,392000000.0,1,4.0
702956,2019-06-28,11,660000.0,353924,Transfer,Outside_bank,2019-06-28 11:00:00,0,2.0,1,6,392660000.0,1,4.0
705870,2019-10-30,10,489460000.0,827479,Transfer,Outside_bank,2019-10-30 10:00:00,1,2.0,1,3,537820000.0,1,4.0
705870,2019-11-14,8,186000000.0,207357,Transfer,Outside_bank,2019-11-14 08:00:00,1,2.0,1,4,238490000.0,1,4.0
705870,2019-11-14,10,100000000.0,547653,Transfer,Outside_bank,2019-11-14 10:00:00,0,2.0,1,5,338490000.0,1,4.0
705870,2019-11-14,11,25500000.0,34836,Transfer,Outside_bank,2019-11-14 11:00:00,0,2.0,1,6,363990000.0,1,4.0
709178,2019-08-22,15,49650000.0,206659,Transfer,Outside_bank,2019-08-22 15:00:00,1,3.0,1,3,249420000.0,1,4.0
709178,2019-08-22,18,49700000.0,837296,Transfer,Outside_bank,2019-08-22 18:00:00,1,4.0,1,4,299120000.0,1,4.0
709178,2019-09-08,10,49750000.0,456015,Transfer,Outside_bank,2019-09-08 10:00:00,1,2.0,1,3,199740000.0,1,4.0
709178,2019-09-08,14,148500000.0,188357,Transfer,Outside_bank,2019-09-08 14:00:00,0,2.0,1,4,348240000.0,1,4.0
709178,2019-09-08,16,49850000.0,915483,Transfer,Outside_bank,2019-09-08 16:00:00,1,3.0,1,4,348090000.0,1,4.0
709178,2019-09-08,21,1000000.0,96372,Transfer,Outside_bank,2019-09-08 21:00:00,0,2.0,1,4,249100000.0,1,4.0
709178,2019-09-22,20,45000000.0,904464,Transfer,Outside_bank,2019-09-22 20:00:00,1,3.0,1,3,194560000.0,1,4.0
709178,2019-10-06,17,98820000.0,143310,Transfer,Outside_bank,2019-10-06 17:00:00,1,2.0,1,3,248800000.0,1,4.0
709178,2019-10-07,6,71900000.0,47455,Transfer,Outside_bank,2019-10-07 06:00:00,0,2.0,1,4,320700000.0,1,4.0
709178,2019-11-26,19,48800000.0,22638,Transfer,Outside_bank,2019-11-26 19:00:00,1,2.0,1,3,148700000.0,1,4.0
720530,2019-12-06,15,94000000.0,84614,Transfer,Outside_bank,2019-12-06 15:00:00,1,2.0,1,3,144300000.0,1,4.0
720530,2019-12-06,20,1140000.0,982260,Transfer,Outside_bank,2019-12-06 20:00:00,0,2.0,1,4,144440000.0,1,4.0
720530,2019-12-13,10,180860000.0,636699,Transfer,Outside_bank,2019-12-13 10:00:00,1,2.0,1,3,275860000.0,1,4.0
720530,2019-12-13,11,16500000.0,136510,Transfer,Outside_bank,2019-12-13 11:00:00,0,2.0,1,3,292360000.0,1,4.0
720530,2019-12-13,11,1.0,684500,Transfer,Within_bank,2019-12-13 11:00:00,0,2.0,1,4,292360001.0,1,4.0
720530,2019-12-13,15,98000000.0,670114,Transfer,Outside_bank,2019-12-13 15:00:00,1,2.0,1,4,295360001.0,1,4.0
720530,2019-12-13,17,5650000.0,998885,Transfer,Outside_bank,2019-12-13 17:00:00,0,2.0,1,5,301010001.0,1,4.0
720530,2019-12-14,8,65000000.0,993263,Transfer,Outside_bank,2019-12-14 08:00:00,0,2.0,1,6,366010001.0,1,4.0
720530,2019-12-18,10,95000000.0,173050,Transfer,Outside_bank,2019-12-18 10:00:00,1,2.0,1,3,390500000.0,1,4.0
728533,2019-10-19,14,94640000.0,505368,Transfer,Outside_bank,2019-10-19 14:00:00,1,2.0,1,4,184640000.0,1,4.0
730040,2019-09-03,1,47000000.0,58217,Transfer,Outside_bank,2019-09-03 01:00:00,1,2.0,1,3,98234000.0,1,4.0
730040,2019-09-03,2,23654000.0,486637,Transfer,Outside_bank,2019-09-03 02:00:00,0,2.0,1,4,121888000.0,1,4.0
730040,2019-09-03,3,990000.0,363217,Transfer,Outside_bank,2019-09-03 03:00:00,0,2.0,1,5,122878000.0,1,4.0
730040,2019-09-03,18,1485000.0,15938,Transfer,Outside_bank,2019-09-03 18:00:00,0,2.0,1,5,121393000.0,1,4.0
730040,2019-09-11,20,97397500.0,362202,Transfer,Outside_bank,2019-09-11 20:00:00,1,2.0,1,5,352919500.0,1,4.0
730040,2019-09-27,13,45296479.0,748,Transfer,Outside_bank,2019-09-27 13:00:00,1,2.0,1,4,162026479.0,1,4.0
730040,2019-09-27,14,11200000.0,522115,Transfer,Outside_bank,2019-09-27 14:00:00,0,2.0,1,5,173226479.0,1,4.0
730040,2019-10-12,19,198734000.0,405482,Transfer,Outside_bank,2019-10-12 19:00:00,1,2.0,1,8,563666020.0,1,4.0
730040,2019-10-25,0,45852000.0,746668,Transfer,Outside_bank,2019-10-25 00:00:00,1,2.0,1,6,440246720.0,1,4.0
733681,2019-12-14,19,45000000.0,712147,Transfer,Outside_bank,2019-12-14 19:00:00,1,2.0,1,5,99907556.0,1,4.0
733681,2019-12-14,20,752863.0,131249,Transfer,Outside_bank,2019-12-14 20:00:00,0,2.0,1,6,100660419.0,1,4.0
733681,2019-12-14,23,4260933.0,837296,Transfer,Outside_bank,2019-12-14 23:00:00,0,2.0,1,7,104237852.0,1,4.0
733681,2019-12-15,9,219631.0,847942,Transfer,Outside_bank,2019-12-15 09:00:00,0,2.0,1,6,100991519.0,1,4.0
733681,2019-12-27,8,199994500.0,948368,Transfer,Outside_bank,2019-12-27 08:00:00,1,2.0,1,8,777524403.0,1,4.0
733681,2019-12-27,9,2894673.0,402605,Transfer,Outside_bank,2019-12-27 09:00:00,0,2.0,1,9,780419076.0,1,4.0
736084,2019-08-26,13,74900000.0,155495,Transfer,Outside_bank,2019-08-26 13:00:00,0,2.0,1,3,222935000.0,1,4.0
736084,2019-08-26,16,27760000.0,58508,Transfer,Outside_bank,2019-08-26 16:00:00,0,2.0,1,4,250695000.0,1,4.0
736084,2019-08-26,17,1000000.0,709874,Transfer,Outside_bank,2019-08-26 17:00:00,0,2.0,1,5,251695000.0,1,4.0
736084,2019-09-22,20,92300000.0,103203,Transfer,Outside_bank,2019-09-22 20:00:00,1,2.0,1,4,241675000.0,1,4.0
736084,2019-10-03,14,99900000.0,NaN,Payment,Credit_card_repayment,2019-10-03 14:00:00,1,2.0,1,5,504729000.0,1,4.0
736084,2019-10-03,14,3247000.0,166937,Transfer,Outside_bank,2019-10-03 14:00:00,0,2.0,1,6,507976000.0,1,4.0
739305,2019-12-25,15,95100000.0,389404,Transfer,Outside_bank,2019-12-25 15:00:00,1,2.0,1,4,187021000.0,1,4.0
739305,2019-12-25,18,4500000.0,791254,Transfer,Within_bank,2019-12-25 18:00:00,0,2.0,1,5,191521000.0,1,4.0
739305,2019-12-26,10,1500000.0,739104,Transfer,Within_bank,2019-12-26 10:00:00,0,2.0,1,5,188021000.0,1,4.0
747140,2019-06-08,20,45643600.0,326962,Transfer,Outside_bank,2019-06-08 20:00:00,1,2.0,1,6,283732839.0,1,4.0
747140,2019-06-09,9,45876000.0,953805,Transfer,Outside_bank,2019-06-09 09:00:00,1,2.0,1,4,120749600.0,1,4.0
747140,2019-06-17,11,97580560.0,988141,Transfer,Outside_bank,2019-06-17 11:00:00,1,2.0,1,5,424069818.0,1,4.0
747140,2019-07-01,13,99000000.0,354051,Transfer,Outside_bank,2019-07-01 13:00:00,1,2.0,1,4,302637260.0,1,4.0
747140,2019-07-01,15,200000.0,737068,Transfer,Outside_bank,2019-07-01 15:00:00,0,2.0,1,4,302837260.0,1,4.0
747140,2019-07-15,19,92414000.0,4843,Transfer,Outside_bank,2019-07-15 19:00:00,1,2.0,1,7,372691200.0,1,4.0
747140,2019-08-07,6,47408660.0,948504,Transfer,Outside_bank,2019-08-07 06:00:00,1,2.0,1,6,226865240.0,1,4.0
747140,2019-08-07,7,19400000.0,887146,Transfer,Outside_bank,2019-08-07 07:00:00,0,2.0,1,7,246265240.0,1,4.0
747140,2019-08-07,20,47887500.0,316974,Transfer,Outside_bank,2019-08-07 20:00:00,1,3.0,1,8,294152740.0,1,4.0
747140,2019-08-08,18,92520820.0,617344,Transfer,Outside_bank,2019-08-08 18:00:00,1,2.0,1,9,301161992.0,1,4.0
747140,2019-08-08,19,153063600.0,394488,Transfer,Outside_bank,2019-08-08 19:00:00,0,2.0,1,10,454225592.0,1,4.0
747140,2019-09-09,6,92450000.0,313758,Transfer,Outside_bank,2019-09-09 06:00:00,1,2.0,1,7,294523430.0,1,4.0
747140,2019-09-09,7,89911600.0,480334,Transfer,Outside_bank,2019-09-09 07:00:00,0,2.0,1,8,384435030.0,1,4.0
747140,2019-09-09,8,18100000.0,380274,Transfer,Outside_bank,2019-09-09 08:00:00,0,2.0,1,9,402535030.0,1,4.0
747140,2019-09-20,12,46526420.0,401590,Transfer,Outside_bank,2019-09-20 12:00:00,1,2.0,1,4,300180324.0,1,4.0
747140,2019-09-20,13,39896360.0,727120,Transfer,Outside_bank,2019-09-20 13:00:00,0,2.0,1,5,340076684.0,1,4.0
747140,2019-09-21,4,55000000.0,955959,Transfer,Outside_bank,2019-09-21 04:00:00,0,2.0,1,5,290202684.0,1,4.0
747140,2019-09-21,7,28795000.0,89735,Transfer,Outside_bank,2019-09-21 07:00:00,0,2.0,1,6,318997684.0,1,4.0
747140,2019-09-21,8,4200000.0,193362,Transfer,Outside_bank,2019-09-21 08:00:00,0,2.0,1,7,323197684.0,1,4.0
747140,2019-09-21,9,94914700.0,825878,Transfer,Outside_bank,2019-09-21 09:00:00,1,3.0,1,8,418112384.0,1,4.0
747140,2019-09-21,10,6105300.0,792156,Transfer,Outside_bank,2019-09-21 10:00:00,0,2.0,1,9,377545280.0,1,4.0
750916,2019-11-16,8,45157000.0,284000,Transfer,Outside_bank,2019-11-16 08:00:00,1,2.0,1,6,162790000.0,1,4.0
750916,2019-11-16,10,300000.0,NaN,Topup,Mobile,2019-11-16 10:00:00,0,2.0,1,6,163090000.0,1,4.0
762456,2019-11-05,11,188811000.0,615605,Transfer,Outside_bank,2019-11-05 11:00:00,1,2.0,1,3,868811000.0,1,4.0
762456,2019-11-22,14,49000000.0,940473,Transfer,Outside_bank,2019-11-22 14:00:00,1,2.0,1,3,329000000.0,1,4.0
781529,2019-12-29,11,98300000.0,479169,Transfer,Within_bank,2019-12-29 11:00:00,1,2.0,1,3,286600000.0,1,4.0
793214,2019-07-08,18,45000000.0,308392,Transfer,Outside_bank,2019-07-08 18:00:00,1,2.0,1,3,149550000.0,1,4.0
798948,2019-10-09,17,189000000.0,883704,Transfer,Outside_bank,2019-10-09 17:00:00,1,2.0,1,5,1099000000.0,1,4.0
813387,2019-12-27,15,47000000.0,356984,Transfer,Within_bank,2019-12-27 15:00:00,1,2.0,1,3,527000000.0,1,4.0
813387,2019-12-27,20,430000.0,4096,Transfer,Outside_bank,2019-12-27 20:00:00,0,2.0,1,4,527430000.0,1,4.0
818193,2019-12-09,9,45000000.0,831239,Transfer,Outside_bank,2019-12-09 09:00:00,1,2.0,1,3,115975000.0,1,4.0
824385,2019-08-30,14,95540000.0,968963,Transfer,Outside_bank,2019-08-30 14:00:00,1,2.0,1,3,190610000.0,1,4.0
824385,2019-08-30,15,10251000.0,786030,Transfer,Outside_bank,2019-08-30 15:00:00,0,2.0,1,3,200861000.0,1,4.0
824385,2019-08-31,9,21397000.0,632637,Transfer,Outside_bank,2019-08-31 09:00:00,0,2.0,1,4,222258000.0,1,4.0
824385,2019-09-27,17,48135000.0,538932,Transfer,Outside_bank,2019-09-27 17:00:00,1,2.0,1,4,256425000.0,1,4.0
824385,2019-10-25,14,46617000.0,522501,Transfer,Outside_bank,2019-10-25 14:00:00,1,2.0,1,5,171160000.0,1,4.0
825545,2019-12-07,7,45000000.0,90889,Transfer,Outside_bank,2019-12-07 07:00:00,1,2.0,1,6,128600000.0,1,4.0
825545,2019-12-07,8,5000000.0,313758,Transfer,Within_bank,2019-12-07 08:00:00,0,2.0,1,7,133600000.0,1,4.0
829285,2019-11-20,15,48500000.0,502852,Transfer,Outside_bank,2019-11-20 15:00:00,1,2.0,1,3,247100000.0,1,4.0
829285,2019-11-20,21,17000000.0,454897,Transfer,Outside_bank,2019-11-20 21:00:00,0,2.0,1,4,264100000.0,1,4.0
829285,2019-11-21,8,5800000.0,223847,Transfer,Outside_bank,2019-11-21 08:00:00,0,2.0,1,5,269900000.0,1,4.0
835727,2019-12-09,17,48500000.0,871949,Transfer,Within_bank,2019-12-09 17:00:00,1,2.0,1,3,127000000.0,1,4.0
835727,2019-12-10,9,36700000.0,34261,Transfer,Outside_bank,2019-12-10 09:00:00,0,2.0,1,4,163700000.0,1,4.0
835727,2019-12-10,10,500000.0,215924,Transfer,Within_bank,2019-12-10 10:00:00,0,2.0,1,5,164200000.0,1,4.0
848733,2019-09-19,7,45000000.0,479169,Transfer,Outside_bank,2019-09-19 07:00:00,1,2.0,1,3,90000000.0,1,4.0
848733,2019-09-19,8,543000.0,40135,Transfer,Outside_bank,2019-09-19 08:00:00,0,2.0,1,3,90543000.0,1,4.0
851432,2019-12-31,12,45000000.0,554579,Transfer,Outside_bank,2019-12-31 12:00:00,1,2.0,1,4,136650000.0,1,4.0
851432,2019-12-31,13,26000000.0,117542,Transfer,Outside_bank,2019-12-31 13:00:00,0,2.0,1,4,162650000.0,1,4.0
878039,2019-11-08,15,48102334.0,184010,Transfer,Outside_bank,2019-11-08 15:00:00,1,2.0,1,5,558102334.0,1,4.0
891422,2019-12-17,0,49000000.0,582909,Transfer,Outside_bank,2019-12-17 00:00:00,1,2.0,1,3,99000000.0,1,4.0
893486,2019-12-25,13,70763000.0,924982,Transfer,Outside_bank,2019-12-25 13:00:00,0,2.0,1,3,305718000.0,1,4.0
893486,2019-12-25,14,340980000.0,956914,Transfer,Outside_bank,2019-12-25 14:00:00,0,2.0,1,4,646698000.0,1,4.0
914134,2019-11-17,12,180000000.0,340042,Transfer,Within_bank,2019-11-17 12:00:00,1,2.0,1,3,574000000.0,1,4.0
919866,2019-05-01,11,45000000.0,306037,Transfer,Outside_bank,2019-05-01 11:00:00,1,2.0,1,7,200000000.0,1,4.0
919866,2019-05-01,14,15000000.0,206109,Transfer,Outside_bank,2019-05-01 14:00:00,0,2.0,1,6,155000000.0,1,4.0
919866,2019-05-01,17,12000000.0,250360,Transfer,Outside_bank,2019-05-01 17:00:00,0,2.0,1,6,167000000.0,1,4.0
919866,2019-05-01,18,10000000.0,108930,Transfer,Outside_bank,2019-05-01 18:00:00,0,2.0,1,7,147000000.0,1,4.0
919866,2019-05-01,22,45000000.0,646756,Transfer,Outside_bank,2019-05-01 22:00:00,1,3.0,1,6,172000000.0,1,4.0
919866,2019-05-02,0,15000000.0,209678,Transfer,Outside_bank,2019-05-02 00:00:00,0,3.0,1,7,187000000.0,1,4.0
936697,2019-12-09,19,104382000.0,837301,Transfer,Outside_bank,2019-12-09 19:00:00,0,2.0,1,3,252572000.0,1,4.0
936697,2019-12-09,20,1200000.0,534783,Transfer,Outside_bank,2019-12-09 20:00:00,0,2.0,1,4,253772000.0,1,4.0
936697,2019-12-25,18,48580000.0,16794,Transfer,Outside_bank,2019-12-25 18:00:00,1,2.0,1,7,526050285.0,1,4.0
936697,2019-12-25,19,14360000.0,39230,Transfer,Outside_bank,2019-12-25 19:00:00,0,2.0,1,8,540410285.0,1,4.0
936697,2019-12-26,8,98696850.0,592218,Transfer,Outside_bank,2019-12-26 08:00:00,1,2.0,1,7,364596350.0,1,4.0
936697,2019-12-26,9,8340000.0,311414,Transfer,Outside_bank,2019-12-26 09:00:00,0,2.0,1,8,372936350.0,1,4.0
936697,2019-12-26,16,4604000.0,678694,Transfer,Outside_bank,2019-12-26 16:00:00,0,2.0,1,9,347540350.0,1,4.0
936697,2019-12-26,16,30000000.0,406695,Transfer,Within_bank,2019-12-26 16:00:00,0,2.0,1,10,377540350.0,1,4.0
949306,2019-12-16,14,16000000.0,337549,Transfer,Outside_bank,2019-12-16 14:00:00,0,2.0,1,3,182811000.0,1,4.0
949306,2019-12-16,16,89700000.0,644001,Transfer,Outside_bank,2019-12-16 16:00:00,0,2.0,1,4,272511000.0,1,4.0
949306,2019-12-16,17,41000000.0,376681,Transfer,Outside_bank,2019-12-16 17:00:00,0,2.0,1,5,313511000.0,1,4.0
949306,2019-12-16,17,38880000.0,454897,Transfer,Within_bank,2019-12-16 17:00:00,0,2.0,1,6,352391000.0,1,4.0
949306,2019-12-16,17,71202000.0,NaN,Payment,Credit_card_repayment,2019-12-16 17:00:00,0,2.0,1,6,423593000.0,1,4.0
949306,2019-12-16,18,1910000.0,266368,Transfer,Outside_bank,2019-12-16 18:00:00,0,2.0,1,7,425503000.0,1,4.0
949306,2019-12-17,7,30000000.0,681417,Transfer,Outside_bank,2019-12-17 07:00:00,0,2.0,1,8,455503000.0,1,4.0
949306,2019-12-17,8,22558000.0,720914,Transfer,Outside_bank,2019-12-17 08:00:00,0,2.0,1,9,460080000.0,1,4.0
949306,2019-12-17,9,33320000.0,NaN,Payment,Credit_card_repayment,2019-12-17 09:00:00,0,2.0,1,9,493400000.0,1,4.0
949306,2019-12-17,9,24300000.0,530392,Transfer,Outside_bank,2019-12-17 09:00:00,0,2.0,1,10,517700000.0,1,4.0
949306,2019-12-19,7,10000000.0,864597,Transfer,Outside_bank,2019-12-19 07:00:00,0,2.0,1,3,145257000.0,1,4.0
949306,2019-12-19,8,9980000.0,NaN,Payment,Credit_card_repayment,2019-12-19 08:00:00,0,2.0,1,3,155237000.0,1,4.0
949306,2019-12-19,8,28851000.0,942161,Transfer,Within_bank,2019-12-19 08:00:00,0,2.0,1,4,184088000.0,1,4.0
949306,2019-12-19,9,200000000.0,161249,Transfer,Outside_bank,2019-12-19 09:00:00,0,2.0,1,5,362188000.0,1,4.0
949306,2019-12-19,10,10000000.0,368388,Transfer,Outside_bank,2019-12-19 10:00:00,0,2.0,1,6,372188000.0,1,4.0
949306,2019-12-19,11,45847000.0,600826,Transfer,Outside_bank,2019-12-19 11:00:00,1,3.0,1,7,418035000.0,1,4.0
949306,2019-12-19,12,2249000.0,206109,Transfer,Outside_bank,2019-12-19 12:00:00,0,2.0,1,8,373066000.0,1,4.0
949306,2019-12-24,8,47800000.0,891385,Transfer,Outside_bank,2019-12-24 08:00:00,1,2.0,1,5,448995000.0,1,4.0
949306,2019-12-24,8,73086000.0,NaN,Payment,Credit_card_repayment,2019-12-24 08:00:00,0,2.0,1,5,522081000.0,1,4.0
949306,2019-12-24,9,72275000.0,NaN,Payment,Credit_card_repayment,2019-12-24 09:00:00,0,2.0,1,4,594356000.0,1,4.0
949306,2019-12-24,10,3500000.0,NaN,Payment,Credit_card_repayment,2019-12-24 10:00:00,0,2.0,1,4,597856000.0,1,4.0
949306,2019-12-24,11,78850000.0,NaN,Payment,Credit_card_repayment,2019-12-24 11:00:00,0,2.0,1,4,676706000.0,1,4.0
949306,2019-12-24,11,22592000.0,239451,Transfer,Outside_bank,2019-12-24 11:00:00,0,2.0,1,5,699298000.0,1,4.0
949306,2019-12-24,14,67469000.0,NaN,Payment,Credit_card_repayment,2019-12-24 14:00:00,0,2.0,1,4,528257000.0,1,4.0
949306,2019-12-24,15,16516000.0,NaN,Payment,Credit_card_repayment,2019-12-24 15:00:00,0,2.0,1,4,542773000.0,1,4.0
970274,2019-12-24,8,184100000.0,208610,Transfer,Within_bank,2019-12-24 08:00:00,1,2.0,1,4,291020000.0,1,4.0
978286,2019-08-22,21,47962000.0,472563,Transfer,Outside_bank,2019-08-22 21:00:00,1,2.0,1,9,279272800.0,1,4.0
978286,2019-08-23,2,23000000.0,1212,Transfer,Outside_bank,2019-08-23 02:00:00,0,2.0,1,10,302272800.0,1,4.0
978286,2019-08-23,3,39000000.0,274153,Transfer,Outside_bank,2019-08-23 03:00:00,0,2.0,1,11,341272800.0,1,4.0
978286,2019-08-23,4,1322000.0,209087,Transfer,Outside_bank,2019-08-23 04:00:00,0,2.0,1,12,342594800.0,1,4.0
978286,2019-08-23,6,2000000.0,595637,Transfer,Outside_bank,2019-08-23 06:00:00,0,2.0,1,13,338594800.0,1,4.0
978286,2019-08-23,7,18069000.0,789190,Transfer,Outside_bank,2019-08-23 07:00:00,0,2.0,1,13,356663800.0,1,4.0
978286,2019-08-23,8,4973000.0,863002,Transfer,Outside_bank,2019-08-23 08:00:00,0,2.0,1,14,361636800.0,1,4.0
978286,2019-08-23,9,8160000.0,403776,Transfer,Outside_bank,2019-08-23 09:00:00,0,2.0,1,15,369796800.0,1,4.0
978286,2019-08-23,10,18709000.0,713624,Transfer,Outside_bank,2019-08-23 10:00:00,0,2.0,1,16,388505800.0,1,4.0
978286,2019-08-23,11,27661500.0,99309,Transfer,Outside_bank,2019-08-23 11:00:00,0,2.0,1,17,416167300.0,1,4.0
978286,2019-08-23,12,11769000.0,199995,Transfer,Outside_bank,2019-08-23 12:00:00,0,2.0,1,18,427336300.0,1,4.0
978286,2019-08-23,13,11467400.0,108322,Transfer,Outside_bank,2019-08-23 13:00:00,0,2.0,1,18,431703700.0,1,4.0
978286,2019-08-23,17,116994500.0,382139,Transfer,Outside_bank,2019-08-23 17:00:00,0,2.0,1,17,543558200.0,1,4.0
978286,2019-08-23,18,8608888.0,115359,Transfer,Outside_bank,2019-08-23 18:00:00,0,2.0,1,18,542167088.0,1,4.0
978286,2019-08-23,19,90430000.0,563669,Transfer,Outside_bank,2019-08-23 19:00:00,1,3.0,1,18,531348088.0,1,4.0
978286,2019-08-23,19,9900000.0,986858,Transfer,Within_bank,2019-08-23 19:00:00,0,3.0,1,19,541248088.0,1,4.0
978286,2019-08-31,9,97839000.0,460996,Transfer,Outside_bank,2019-08-31 09:00:00,1,2.0,1,6,317369710.0,1,4.0
978286,2019-08-31,10,8650000.0,837584,Transfer,Outside_bank,2019-08-31 10:00:00,0,2.0,1,7,326019710.0,1,4.0
978286,2019-08-31,14,800000.0,634067,Transfer,Outside_bank,2019-08-31 14:00:00,0,2.0,1,8,326819710.0,1,4.0
978286,2019-08-31,19,100770000.0,639075,Transfer,Outside_bank,2019-08-31 19:00:00,0,2.0,1,8,395808710.0,1,4.0
978286,2019-09-06,5,45601800.0,331498,Transfer,Outside_bank,2019-09-06 05:00:00,1,2.0,1,8,421471878.0,1,4.0
978286,2019-09-06,6,11200000.0,904105,Transfer,Outside_bank,2019-09-06 06:00:00,0,2.0,1,9,432671878.0,1,4.0
978286,2019-09-06,9,61100000.0,347505,Transfer,Outside_bank,2019-09-06 09:00:00,0,2.0,1,10,493771878.0,1,4.0
978286,2019-09-06,19,131870000.0,927078,Transfer,Outside_bank,2019-09-06 19:00:00,0,2.0,1,10,587919688.0,1,4.0
978286,2019-10-03,19,92000000.0,143117,Transfer,Outside_bank,2019-10-03 19:00:00,1,2.0,1,4,345258850.0,1,4.0
978286,2019-10-04,10,1000000.0,713624,Transfer,Outside_bank,2019-10-04 10:00:00,0,2.0,1,5,346258850.0,1,4.0
978286,2019-10-15,20,96253000.0,607366,Transfer,Outside_bank,2019-10-15 20:00:00,1,2.0,1,4,400831000.0,1,4.0
978286,2019-10-15,21,54284000.0,291851,Transfer,Outside_bank,2019-10-15 21:00:00,0,2.0,1,5,455115000.0,1,4.0
978286,2019-10-16,15,96559014.0,573694,Transfer,Outside_bank,2019-10-16 15:00:00,1,3.0,1,5,546674014.0,1,4.0
978286,2019-10-16,16,4086000.0,680287,Transfer,Outside_bank,2019-10-16 16:00:00,0,3.0,1,6,550760014.0,1,4.0
978286,2019-10-16,19,99330700.0,275806,Transfer,Outside_bank,2019-10-16 19:00:00,1,3.0,1,5,350512714.0,1,4.0
978286,2019-10-22,9,47297460.0,20903,Transfer,Outside_bank,2019-10-22 09:00:00,1,2.0,1,9,428680585.0,1,4.0
978286,2019-10-22,10,37857000.0,349774,Transfer,Outside_bank,2019-10-22 10:00:00,0,2.0,1,10,466537585.0,1,4.0
978286,2019-10-22,11,18176000.0,343415,Transfer,Outside_bank,2019-10-22 11:00:00,0,2.0,1,11,484713585.0,1,4.0
978286,2019-10-22,12,5220000.0,980087,Transfer,Outside_bank,2019-10-22 12:00:00,0,2.0,1,12,419908545.0,1,4.0
978286,2019-10-22,18,154953000.0,943934,Transfer,Outside_bank,2019-10-22 18:00:00,0,2.0,1,10,380079460.0,1,4.0
978286,2019-10-22,19,100000000.0,105146,Transfer,Outside_bank,2019-10-22 19:00:00,0,2.0,1,11,480079460.0,1,4.0
978286,2019-10-28,20,91278000.0,50420,Transfer,Outside_bank,2019-10-28 20:00:00,1,2.0,1,4,212474269.0,1,4.0
978286,2019-10-28,21,495000.0,209678,Transfer,Within_bank,2019-10-28 21:00:00,0,2.0,1,4,190926000.0,1,4.0
978286,2019-10-28,21,43522000.0,85172,Transfer,Outside_bank,2019-10-28 21:00:00,0,2.0,1,5,234448000.0,1,4.0
978286,2019-10-29,11,500000.0,210155,Transfer,Outside_bank,2019-10-29 11:00:00,0,2.0,1,5,234948000.0,1,4.0
978286,2019-11-09,20,98592600.0,518858,Transfer,Outside_bank,2019-11-09 20:00:00,1,2.0,1,3,202171100.0,1,4.0
978286,2019-11-09,21,62999000.0,822581,Transfer,Outside_bank,2019-11-09 21:00:00,0,2.0,1,4,265170100.0,1,4.0
978286,2019-11-10,10,5667090.0,238041,Transfer,Outside_bank,2019-11-10 10:00:00,0,2.0,1,5,270837190.0,1,4.0
978286,2019-11-10,11,203800.0,416600,Transfer,Within_bank,2019-11-10 11:00:00,0,2.0,1,6,271040990.0,1,4.0
978286,2019-11-10,11,8836000.0,331498,Transfer,Outside_bank,2019-11-10 11:00:00,0,2.0,1,7,279876990.0,1,4.0
978286,2019-11-10,14,62372000.0,103203,Transfer,Outside_bank,2019-11-10 14:00:00,0,2.0,1,8,342248990.0,1,4.0
978286,2019-11-10,15,6188350.0,747699,Transfer,Outside_bank,2019-11-10 15:00:00,0,2.0,1,9,348437340.0,1,4.0
978286,2019-11-10,16,22348300.0,486051,Transfer,Outside_bank,2019-11-10 16:00:00,0,2.0,1,10,370785640.0,1,4.0
978286,2019-11-10,17,229183878.0,516377,Transfer,Outside_bank,2019-11-10 17:00:00,0,2.0,1,11,599969518.0,1,4.0
978286,2019-11-24,18,49500000.0,864278,Transfer,Outside_bank,2019-11-24 18:00:00,1,2.0,1,4,256743170.0,1,4.0
978286,2019-12-15,21,48859770.0,623896,Transfer,Outside_bank,2019-12-15 21:00:00,1,2.0,1,10,298865400.0,1,4.0
978730,2019-12-28,18,47000000.0,575404,Transfer,Outside_bank,2019-12-28 18:00:00,1,2.0,1,7,144200000.0,1,4.0
978730,2019-12-28,22,20590000.0,853537,Transfer,Within_bank,2019-12-28 22:00:00,0,2.0,1,7,146790000.0,1,4.0
978730,2019-12-29,15,24500000.0,753063,Transfer,Outside_bank,2019-12-29 15:00:00,0,2.0,1,6,146090000.0,1,4.0
978730,2019-12-29,16,42000000.0,892557,Transfer,Outside_bank,2019-12-29 16:00:00,0,2.0,1,6,188090000.0,1,4.0
978730,2019-12-29,16,6000000.0,672296,Transfer,Within_bank,2019-12-29 16:00:00,0,2.0,1,7,194090000.0,1,4.0
988119,2019-05-28,14,90500000.0,118758,Transfer,Outside_bank,2019-05-28 14:00:00,1,2.0,1,11,433660000.0,1,4.0
988119,2019-05-28,18,81200000.0,58217,Transfer,Outside_bank,2019-05-28 18:00:00,0,2.0,1,10,292955000.0,1,4.0
988119,2019-05-29,13,90000000.0,892880,Transfer,Outside_bank,2019-05-29 13:00:00,1,2.0,1,4,344500000.0,1,4.0
988119,2019-05-29,14,198062000.0,380821,Transfer,Outside_bank,2019-05-29 14:00:00,1,2.0,1,5,452062000.0,1,4.0
988119,2019-05-29,15,1100000.0,482871,Transfer,Outside_bank,2019-05-29 15:00:00,0,2.0,1,5,453162000.0,1,4.0
988119,2019-05-29,16,98950000.0,260138,Transfer,Outside_bank,2019-05-29 16:00:00,1,3.0,1,6,552112000.0,1,4.0
988119,2019-05-30,0,104450000.0,145064,Transfer,Outside_bank,2019-05-30 00:00:00,0,3.0,1,6,575362000.0,1,4.0
988119,2019-05-30,8,165000000.0,803230,Transfer,Outside_bank,2019-05-30 08:00:00,0,3.0,1,7,740362000.0,1,4.0
988119,2019-05-30,9,1000000.0,541150,Transfer,Outside_bank,2019-05-30 09:00:00,0,3.0,1,8,658562000.0,1,4.0
988119,2019-05-30,12,2146000.0,469616,Transfer,Outside_bank,2019-05-30 12:00:00,0,3.0,1,8,660708000.0,1,4.0
988523,2019-03-19,7,91603000.0,367812,Transfer,Outside_bank,2019-03-19 07:00:00,1,2.0,1,3,294992100.0,1,4.0
988523,2019-05-03,11,46861000.0,1213,Transfer,Outside_bank,2019-05-03 11:00:00,1,2.0,1,4,295458116.0,1,4.0
988523,2019-05-03,14,156552771.0,902755,Transfer,Outside_bank,2019-05-03 14:00:00,0,2.0,1,5,428210887.0,1,4.0
991843,2019-05-09,14,453770000.0,517506,Transfer,Outside_bank,2019-05-09 14:00:00,1,2.0,1,3,942770000.0,1,4.0
991843,2019-07-05,13,183530000.0,722154,Transfer,Outside_bank,2019-07-05 13:00:00,1,2.0,1,4,378530000.0,1,4.0
484,2019-12-16,21,5000000.0,923551,Transfer,Outside_bank,2019-12-16 21:00:00,0,0.0,0,4,17100000.0,1,2.0
484,2019-12-17,8,10000000.0,784387,Transfer,Outside_bank,2019-12-17 08:00:00,0,0.0,0,4,25100000.0,1,2.0
484,2019-12-19,10,5000000.0,56038,Transfer,Outside_bank,2019-12-19 10:00:00,0,0.0,0,3,15000000.0,1,2.0
484,2019-12-19,21,2000000.0,4096,Transfer,Within_bank,2019-12-19 21:00:00,0,0.0,0,3,12000000.0,1,2.0
484,2019-12-20,13,6000000.0,939551,Transfer,Outside_bank,2019-12-20 13:00:00,0,0.0,0,3,10000000.0,1,2.0
729,2019-09-28,14,500000.0,147507,Transfer,Within_bank,2019-09-28 14:00:00,0,0.0,0,3,39400000.0,1,2.0
967,2019-07-02,10,21500000.0,361458,Transfer,Outside_bank,2019-07-02 10:00:00,0,0.0,0,3,27800000.0,1,2.0
1101,2019-05-11,9,8000000.0,786342,Transfer,Outside_bank,2019-05-11 09:00:00,0,0.0,0,3,18356000.0,1,2.0
1101,2019-06-11,14,3700000.0,287651,Transfer,Outside_bank,2019-06-11 14:00:00,0,0.0,0,3,13700000.0,1,2.0
1101,2019-06-12,9,200000.0,448545,Transfer,Outside_bank,2019-06-12 09:00:00,0,0.0,0,3,13900000.0,1,2.0
1101,2019-06-26,13,4300000.0,47455,Transfer,Within_bank,2019-06-26 13:00:00,0,0.0,0,3,16950000.0,1,2.0
1101,2019-10-01,13,23000000.0,694955,Transfer,Within_bank,2019-10-01 13:00:00,0,0.0,0,4,23800000.0,1,2.0
1101,2019-10-18,16,11000000.0,34261,Transfer,Within_bank,2019-10-18 16:00:00,0,0.0,0,3,13500000.0,1,2.0
1101,2019-10-21,7,15000000.0,22638,Transfer,Within_bank,2019-10-21 07:00:00,0,0.0,0,3,17700000.0,1,2.0
1101,2019-11-11,15,650000.0,335993,Transfer,Outside_bank,2019-11-11 15:00:00,0,0.0,0,3,132350000.0,1,2.0
1101,2019-11-11,16,2300000.0,736266,Transfer,Within_bank,2019-11-11 16:00:00,0,0.0,0,4,134650000.0,1,2.0
1101,2019-11-16,16,500000.0,1213,Transfer,Within_bank,2019-11-16 16:00:00,0,0.0,0,3,65000000.0,1,2.0
1101,2019-11-16,19,1200000.0,453684,Transfer,Outside_bank,2019-11-16 19:00:00,0,0.0,0,4,66200000.0,1,2.0
1101,2019-11-25,22,350000.0,560021,Transfer,Outside_bank,2019-11-25 22:00:00,0,0.0,0,3,25065000.0,1,2.0
1101,2019-11-26,14,62000000.0,463910,Transfer,Within_bank,2019-11-26 14:00:00,0,0.0,0,3,86950000.0,1,2.0
1101,2019-11-29,11,400000.0,730160,Transfer,Outside_bank,2019-11-29 11:00:00,0,0.0,0,3,24300000.0,1,2.0
1101,2019-11-29,14,45600000.0,255546,Transfer,Within_bank,2019-11-29 14:00:00,1,1.0,0,3,46400000.0,1,2.0
1101,2019-12-02,12,2000000.0,735686,Transfer,Within_bank,2019-12-02 12:00:00,0,0.0,0,3,12800000.0,1,2.0
1101,2019-12-02,15,2700000.0,199083,Transfer,Within_bank,2019-12-02 15:00:00,0,0.0,0,4,15500000.0,1,2.0
1101,2019-12-04,10,110000.0,257818,Transfer,Within_bank,2019-12-04 10:00:00,0,0.0,0,3,23310000.0,1,2.0
1129,2019-10-07,12,195000.0,824194,Transfer,Within_bank,2019-10-07 12:00:00,0,0.0,0,3,12195000.0,1,2.0
1129,2019-12-27,17,5000000.0,995400,Transfer,Within_bank,2019-12-27 17:00:00,0,0.0,0,3,17000000.0,1,2.0
1129,2019-12-28,12,2750000.0,104636,Transfer,Within_bank,2019-12-28 12:00:00,0,0.0,0,4,19750000.0,1,2.0
1134,2019-10-19,9,1000000.0,162522,Transfer,Outside_bank,2019-10-19 09:00:00,0,0.0,0,17,10100000.0,1,2.0
1134,2019-10-19,12,500000.0,108930,Transfer,Within_bank,2019-10-19 12:00:00,0,0.0,0,18,10100000.0,1,2.0
1134,2019-10-19,14,1000000.0,11131,Transfer,Within_bank,2019-10-19 14:00:00,0,0.0,0,17,10800000.0,1,2.0
1134,2019-10-19,15,1500000.0,968963,Transfer,Within_bank,2019-10-19 15:00:00,0,0.0,0,18,12000000.0,1,2.0
1134,2019-10-28,11,6500000.0,853537,Transfer,Outside_bank,2019-10-28 11:00:00,0,0.0,0,7,14500000.0,1,2.0
1134,2019-10-28,17,200000.0,NaN,Topup,Mobile,2019-10-28 17:00:00,0,0.0,0,7,14700000.0,1,2.0
1134,2019-10-28,22,500000.0,734220,Transfer,Outside_bank,2019-10-28 22:00:00,0,0.0,0,6,11200000.0,1,2.0
1134,2019-10-29,6,1500000.0,424722,Transfer,Outside_bank,2019-10-29 06:00:00,0,0.0,0,5,10950000.0,1,2.0
1134,2019-10-29,10,4000000.0,930209,Transfer,Outside_bank,2019-10-29 10:00:00,0,0.0,0,5,13700000.0,1,2.0
1134,2019-10-29,11,4000000.0,657626,Transfer,Outside_bank,2019-10-29 11:00:00,0,0.0,0,6,11200000.0,1,2.0
1134,2019-10-29,13,2800000.0,78956,Transfer,Outside_bank,2019-10-29 13:00:00,0,0.0,0,6,14000000.0,1,2.0
1134,2019-10-29,15,1000000.0,443399,Transfer,Outside_bank,2019-10-29 15:00:00,0,0.0,0,7,15000000.0,1,2.0
1149,2019-07-03,14,46100000.0,NaN,Payment,Credit_card_repayment,2019-07-03 14:00:00,1,2.0,1,0,269542000.0,0,2.0
1149,2019-11-04,15,183600000.0,NaN,Payment,Credit_card_repayment,2019-11-04 15:00:00,1,2.0,1,0,596000000.0,0,2.0
1149,2019-11-04,16,63750000.0,NaN,Payment,Credit_card_repayment,2019-11-04 16:00:00,0,2.0,1,0,442050000.0,0,2.0
1149,2019-11-04,17,30000000.0,239451,Transfer,Outside_bank,2019-11-04 17:00:00,0,2.0,1,1,472050000.0,0,2.0
1149,2019-11-04,18,25000000.0,906109,Transfer,Outside_bank,2019-11-04 18:00:00,0,2.0,1,2,497050000.0,0,2.0
1149,2019-12-04,21,188210000.0,NaN,Payment,Credit_card_repayment,2019-12-04 21:00:00,1,2.0,1,0,421210000.0,0,2.0
1149,2019-12-04,22,69300000.0,NaN,Payment,Credit_card_repayment,2019-12-04 22:00:00,0,2.0,1,0,490510000.0,0,2.0
1149,2019-12-05,10,295100000.0,NaN,Payment,Credit_card_repayment,2019-12-05 10:00:00,0,2.0,1,0,785610000.0,0,2.0
1149,2019-12-05,12,120000000.0,NaN,Payment,Credit_card_repayment,2019-12-05 12:00:00,0,2.0,1,0,905610000.0,0,2.0
1186,2019-10-10,19,250000.0,363217,Transfer,Outside_bank,2019-10-10 19:00:00,0,0.0,0,3,18250000.0,1,2.0
1193,2019-09-20,11,300000.0,640968,Transfer,Outside_bank,2019-09-20 11:00:00,0,0.0,0,3,250500000.0,1,2.0
1193,2019-09-26,15,1000000.0,239336,Transfer,Within_bank,2019-09-26 15:00:00,0,0.0,0,3,12000000.0,1,2.0
1193,2019-12-09,13,1300000.0,736306,Transfer,Within_bank,2019-12-09 13:00:00,0,0.0,0,3,304100000.0,1,2.0
1193,2019-12-26,14,300000.0,708050,Transfer,Within_bank,2019-12-26 14:00:00,0,0.0,0,3,11752093.0,1,2.0
1201,2019-07-16,16,1000000.0,605255,Transfer,Outside_bank,2019-07-16 16:00:00,0,0.0,0,3,11100000.0,1,2.0
1201,2019-07-26,17,20000000.0,823876,Transfer,Outside_bank,2019-07-26 17:00:00,0,0.0,0,3,44165500.0,1,2.0
1201,2019-10-09,8,47480000.0,47455,Transfer,Outside_bank,2019-10-09 08:00:00,1,1.0,0,3,94472000.0,1,2.0
1201,2019-10-12,9,41060000.0,880143,Transfer,Outside_bank,2019-10-12 09:00:00,0,0.0,0,3,79693800.0,1,2.0
1201,2019-11-08,11,7000000.0,522115,Transfer,Outside_bank,2019-11-08 11:00:00,0,0.0,0,3,19500000.0,1,2.0
1201,2019-12-17,14,30000000.0,924982,Transfer,Outside_bank,2019-12-17 14:00:00,0,0.0,0,3,59259450.0,1,2.0
1936,2019-12-07,19,1316000.0,518128,Transfer,Outside_bank,2019-12-07 19:00:00,0,0.0,0,3,17316000.0,1,2.0
2020,2019-10-02,19,1000000.0,474804,Transfer,Outside_bank,2019-10-02 19:00:00,0,0.0,0,3,26000000.0,1,2.0
2020,2019-10-02,22,1000000.0,607366,Transfer,Outside_bank,2019-10-02 22:00:00,0,0.0,0,4,27000000.0,1,2.0
2020,2019-10-08,15,6000000.0,756336,Transfer,Outside_bank,2019-10-08 15:00:00,0,0.0,0,3,24000000.0,1,2.0
2020,2019-10-28,17,20500000.0,464307,Transfer,Outside_bank,2019-10-28 17:00:00,0,0.0,0,3,23000000.0,1,2.0
2020,2019-11-05,19,11000000.0,58485,Transfer,Outside_bank,2019-11-05 19:00:00,0,0.0,0,3,31000000.0,1,2.0
2020,2019-11-22,17,12237000.0,343415,Transfer,Within_bank,2019-11-22 17:00:00,0,0.0,0,4,21137000.0,1,2.0
2020,2019-11-22,22,1000000.0,608120,Transfer,Outside_bank,2019-11-22 22:00:00,0,0.0,0,5,22037000.0,1,2.0
2020,2019-11-27,17,37400000.0,883684,Transfer,Outside_bank,2019-11-27 17:00:00,0,0.0,0,3,39244000.0,1,2.0
2021,2019-10-17,16,23120000.0,784311,Transfer,Outside_bank,2019-10-17 16:00:00,0,0.0,0,3,27890000.0,1,2.0
2021,2019-11-12,15,18000000.0,694213,Transfer,Outside_bank,2019-11-12 15:00:00,0,0.0,0,3,48260000.0,1,2.0
2021,2019-11-26,17,35000000.0,36572,Transfer,Within_bank,2019-11-26 17:00:00,0,0.0,0,5,40519000.0,1,2.0
2021,2019-11-29,8,18000000.0,23318,Transfer,Outside_bank,2019-11-29 08:00:00,0,0.0,0,3,18140000.0,1,2.0
2021,2019-11-29,10,51500000.0,82999,Transfer,Outside_bank,2019-11-29 10:00:00,0,0.0,0,4,69640000.0,1,2.0
2021,2019-11-29,11,700000.0,423633,Transfer,Outside_bank,2019-11-29 11:00:00,0,0.0,0,5,70340000.0,1,2.0
2021,2019-11-29,13,200000.0,916556,Transfer,Within_bank,2019-11-29 13:00:00,0,0.0,0,6,70540000.0,1,2.0
2021,2019-11-29,18,700000.0,187047,Transfer,Within_bank,2019-11-29 18:00:00,0,0.0,0,7,71240000.0,1,2.0
2021,2019-11-29,18,18252400.0,563612,Transfer,Outside_bank,2019-11-29 18:00:00,0,0.0,0,8,89492400.0,1,2.0
2021,2019-11-30,0,1010000.0,422572,Transfer,Outside_bank,2019-11-30 00:00:00,0,0.0,0,8,90412400.0,1,2.0
2021,2019-11-30,8,20000000.0,508606,Transfer,Within_bank,2019-11-30 08:00:00,0,0.0,0,9,92362400.0,1,2.0
2021,2019-11-30,14,316000.0,630399,Transfer,Outside_bank,2019-11-30 14:00:00,0,0.0,0,5,40278400.0,1,2.0
2021,2019-11-30,20,550000.0,145254,Transfer,Outside_bank,2019-11-30 20:00:00,0,0.0,0,4,21876000.0,1,2.0
2021,2019-12-01,0,160000.0,923551,Transfer,Outside_bank,2019-12-01 00:00:00,0,0.0,0,5,21026000.0,1,2.0
2021,2019-12-03,15,30559000.0,382835,Transfer,Within_bank,2019-12-03 15:00:00,0,0.0,0,3,43736000.0,1,2.0
2021,2019-12-09,13,850000.0,659619,Transfer,Outside_bank,2019-12-09 13:00:00,0,0.0,0,4,10751000.0,1,2.0
2021,2019-12-13,12,3740000.0,165654,Transfer,Within_bank,2019-12-13 12:00:00,0,0.0,0,3,27190000.0,1,2.0
2021,2019-12-24,13,700000.0,825878,Transfer,Outside_bank,2019-12-24 13:00:00,0,0.0,0,3,38200000.0,1,2.0
2021,2019-12-24,13,415000.0,77778,Transfer,Within_bank,2019-12-24 13:00:00,0,0.0,0,4,38615000.0,1,2.0
2021,2019-12-24,14,25010000.0,513582,Transfer,Outside_bank,2019-12-24 14:00:00,0,0.0,0,5,63625000.0,1,2.0
2021,2019-12-24,16,550000.0,692036,Transfer,Outside_bank,2019-12-24 16:00:00,0,0.0,0,6,64175000.0,1,2.0
2021,2019-12-24,19,400000.0,782664,Transfer,Outside_bank,2019-12-24 19:00:00,0,0.0,0,7,64575000.0,1,2.0
2021,2019-12-25,10,2082000.0,NaN,Payment,Credit_card_repayment,2019-12-25 10:00:00,0,0.0,0,5,29157000.0,1,2.0
2021,2019-12-27,14,36032000.0,103203,Transfer,Outside_bank,2019-12-27 14:00:00,0,0.0,0,4,37409000.0,1,2.0
2021,2019-12-27,14,44000.0,758279,Transfer,Within_bank,2019-12-27 14:00:00,0,0.0,0,5,37453000.0,1,2.0
2021,2019-12-30,18,25000000.0,575093,Transfer,Outside_bank,2019-12-30 18:00:00,0,0.0,0,4,32010000.0,1,2.0
2021,2019-12-30,18,3035000.0,NaN,Payment,Credit_card_repayment,2019-12-30 18:00:00,0,0.0,0,4,35045000.0,1,2.0
2021,2019-12-30,21,500000.0,315750,Transfer,Outside_bank,2019-12-30 21:00:00,0,0.0,0,4,35035000.0,1,2.0
2021,2019-12-31,12,200000.0,419279,Transfer,Outside_bank,2019-12-31 12:00:00,0,0.0,0,3,33785000.0,1,2.0
2021,2019-12-31,14,500000.0,NaN,Payment,Credit_card_repayment,2019-12-31 14:00:00,0,0.0,0,3,29285000.0,1,2.0
2021,2019-12-31,15,8706000.0,412175,Transfer,Within_bank,2019-12-31 15:00:00,0,0.0,0,4,37991000.0,1,2.0
2143,2019-11-23,13,8295000.0,794790,Transfer,Outside_bank,2019-11-23 13:00:00,0,0.0,0,3,228295000.0,1,2.0
2143,2019-11-23,13,473361.0,NaN,Payment,Utilities_payment,2019-11-23 13:00:00,0,0.0,0,3,228768361.0,1,2.0
2143,2019-11-24,8,1800000.0,81889,Transfer,Outside_bank,2019-11-24 08:00:00,0,0.0,0,3,10568361.0,1,2.0
2143,2019-11-24,13,21739000.0,609063,Transfer,Outside_bank,2019-11-24 13:00:00,0,0.0,0,3,23539000.0,1,2.0
2258,2019-09-08,14,360000.0,578140,Transfer,Outside_bank,2019-09-08 14:00:00,0,0.0,0,3,20560000.0,1,2.0
2258,2019-11-08,16,10000000.0,512807,Transfer,Outside_bank,2019-11-08 16:00:00,0,0.0,0,3,25000000.0,1,2.0
2258,2019-11-09,9,250000.0,155723,Transfer,Outside_bank,2019-11-09 09:00:00,0,0.0,0,3,25250000.0,1,2.0
2258,2019-11-29,12,840000.0,240680,Transfer,Outside_bank,2019-11-29 12:00:00,0,0.0,0,3,34140000.0,1,2.0
2258,2019-11-29,13,200000.0,600895,Transfer,Outside_bank,2019-11-29 13:00:00,0,0.0,0,3,34340000.0,1,2.0
2293,2019-06-28,13,1800000.0,173446,Transfer,Outside_bank,2019-06-28 13:00:00,0,0.0,0,3,10000000.0,1,2.0
2293,2019-10-07,9,640000.0,381987,Transfer,Outside_bank,2019-10-07 09:00:00,0,0.0,0,3,14140000.0,1,2.0
2414,2019-09-11,16,2500000.0,396884,Transfer,Outside_bank,2019-09-11 16:00:00,0,0.0,0,3,43343810.0,1,2.0
2414,2019-12-11,16,16500000.0,752058,Transfer,Outside_bank,2019-12-11 16:00:00,0,0.0,0,3,51580000.0,1,2.0
2682,2019-12-03,9,3000000.0,514232,Transfer,Outside_bank,2019-12-03 09:00:00,0,0.0,0,3,24500000.0,1,2.0
2682,2019-12-27,10,17000000.0,632091,Transfer,Outside_bank,2019-12-27 10:00:00,0,0.0,0,4,19200000.0,1,2.0
2711,2019-12-29,17,12000000.0,771320,Transfer,Outside_bank,2019-12-29 17:00:00,0,0.0,0,3,14500000.0,1,2.0
2711,2019-12-30,11,300000.0,746668,Transfer,Within_bank,2019-12-30 11:00:00,0,0.0,0,4,13300000.0,1,2.0
2746,2019-06-25,19,500000.0,56038,Transfer,Outside_bank,2019-06-25 19:00:00,0,0.0,0,3,14000000.0,1,2.0
2746,2019-06-25,20,3526000.0,766326,Transfer,Outside_bank,2019-06-25 20:00:00,0,0.0,0,4,17526000.0,1,2.0
2746,2019-07-10,20,1000000.0,602565,Transfer,Outside_bank,2019-07-10 20:00:00,0,0.0,0,3,41210000.0,1,2.0
2746,2019-07-11,8,40000000.0,744075,Transfer,Within_bank,2019-07-11 08:00:00,0,0.0,0,4,81210000.0,1,2.0
2746,2019-07-11,15,5100000.0,518858,Transfer,Outside_bank,2019-07-11 15:00:00,0,0.0,0,4,86100000.0,1,2.0
2746,2019-07-11,15,50000.0,NaN,Topup,Mobile,2019-07-11 15:00:00,0,0.0,0,4,86150000.0,1,2.0
2746,2019-10-01,16,3000000.0,595713,Transfer,Outside_bank,2019-10-01 16:00:00,0,0.0,0,3,17600000.0,1,2.0
2746,2019-11-01,9,26800000.0,840887,Transfer,Outside_bank,2019-11-01 09:00:00,0,0.0,0,3,66850000.0,1,2.0
2746,2019-11-01,10,50000.0,NaN,Topup,Mobile,2019-11-01 10:00:00,0,0.0,0,3,66900000.0,1,2.0
2746,2019-11-07,11,2200000.0,713306,Transfer,Outside_bank,2019-11-07 11:00:00,0,0.0,0,3,14900000.0,1,2.0
2746,2019-11-07,14,2470000.0,777368,Transfer,Outside_bank,2019-11-07 14:00:00,0,0.0,0,4,17370000.0,1,2.0
2749,2019-11-10,15,9530000.0,924029,Transfer,Within_bank,2019-11-10 15:00:00,0,0.0,0,3,48071000.0,1,2.0
2749,2019-11-11,7,24465000.0,861676,Transfer,Within_bank,2019-11-11 07:00:00,0,0.0,0,3,72536000.0,1,2.0
2804,2019-11-21,11,2000000.0,915483,Transfer,Outside_bank,2019-11-21 11:00:00,0,0.0,0,3,22000000.0,1,2.0
2804,2019-12-05,15,50000000.0,986425,Transfer,Outside_bank,2019-12-05 15:00:00,0,0.0,0,3,56000000.0,1,2.0
2804,2019-12-28,16,23100000.0,665750,Transfer,Outside_bank,2019-12-28 16:00:00,0,0.0,0,3,106100000.0,1,2.0
2920,2019-12-03,7,6415000.0,666409,Transfer,Outside_bank,2019-12-03 07:00:00,0,0.0,0,3,25529000.0,1,2.0
2929,2019-12-12,15,10000000.0,937908,Transfer,Outside_bank,2019-12-12 15:00:00,0,0.0,0,3,130000000.0,1,2.0
2938,2019-11-29,10,30000000.0,593854,Transfer,Outside_bank,2019-11-29 10:00:00,0,0.0,0,3,280000000.0,1,2.0
2938,2019-11-29,14,60000000.0,NaN,Payment,Credit_card_repayment,2019-11-29 14:00:00,0,0.0,0,3,340000000.0,1,2.0
2938,2019-11-29,16,38000000.0,111514,Transfer,Outside_bank,2019-11-29 16:00:00,0,0.0,0,3,128000000.0,1,2.0
2944,2019-10-06,12,9000000.0,690910,Transfer,Within_bank,2019-10-06 12:00:00,0,0.0,0,3,11000000.0,1,2.0
2944,2019-10-06,13,100000.0,571905,Transfer,Outside_bank,2019-10-06 13:00:00,0,0.0,0,4,11100000.0,1,2.0
2971,2019-09-26,17,15000000.0,110882,Transfer,Within_bank,2019-09-26 17:00:00,0,0.0,0,3,17191000.0,1,2.0
2971,2019-10-09,11,20000000.0,181593,Transfer,Outside_bank,2019-10-09 11:00:00,0,0.0,0,3,32000000.0,1,2.0
2971,2019-10-22,11,5000000.0,166937,Transfer,Outside_bank,2019-10-22 11:00:00,0,0.0,0,3,12254000.0,1,2.0
2971,2019-10-22,14,2000000.0,591885,Transfer,Outside_bank,2019-10-22 14:00:00,0,0.0,0,4,14254000.0,1,2.0
2971,2019-10-24,8,8000000.0,406882,Transfer,Outside_bank,2019-10-24 08:00:00,0,0.0,0,3,58820000.0,1,2.0
2971,2019-10-24,9,50000000.0,803372,Transfer,Outside_bank,2019-10-24 09:00:00,0,0.0,0,4,108820000.0,1,2.0
2971,2019-10-24,10,1508000.0,449175,Transfer,Outside_bank,2019-10-24 10:00:00,0,0.0,0,5,110328000.0,1,2.0
2971,2019-10-24,12,1500000.0,195359,Transfer,Outside_bank,2019-10-24 12:00:00,0,0.0,0,6,111828000.0,1,2.0
2971,2019-10-26,8,170400000.0,932603,Transfer,Outside_bank,2019-10-26 08:00:00,0,0.0,0,3,170752000.0,1,2.0
2971,2019-11-19,10,15708000.0,881187,Transfer,Outside_bank,2019-11-19 10:00:00,0,0.0,0,3,18047000.0,1,2.0
2971,2019-11-19,21,1194000.0,822177,Transfer,Outside_bank,2019-11-19 21:00:00,0,0.0,0,3,17073000.0,1,2.0
3014,2019-10-09,16,16000000.0,435980,Transfer,Outside_bank,2019-10-09 16:00:00,0,0.0,0,3,26384000.0,1,2.0
3014,2019-12-24,10,7700000.0,709874,Transfer,Outside_bank,2019-12-24 10:00:00,0,0.0,0,3,12500000.0,1,2.0
3014,2019-12-24,14,1500000.0,331081,Transfer,Outside_bank,2019-12-24 14:00:00,0,0.0,0,3,10600000.0,1,2.0
3093,2019-12-19,10,6140000.0,620643,Transfer,Outside_bank,2019-12-19 10:00:00,0,0.0,0,3,45636000.0,1,2.0
3178,2019-08-26,8,3500000.0,633093,Transfer,Outside_bank,2019-08-26 08:00:00,0,0.0,0,7,11000000.0,1,2.0
3178,2019-08-26,11,100000.0,69325,Transfer,Outside_bank,2019-08-26 11:00:00,0,0.0,0,8,11100000.0,1,2.0
3178,2019-08-26,12,400000.0,165109,Transfer,Outside_bank,2019-08-26 12:00:00,0,0.0,0,9,11500000.0,1,2.0
3178,2019-08-26,14,1000000.0,401324,Transfer,Outside_bank,2019-08-26 14:00:00,0,0.0,0,10,12500000.0,1,2.0
3178,2019-08-26,16,1000000.0,861023,Transfer,Outside_bank,2019-08-26 16:00:00,0,0.0,0,11,13500000.0,1,2.0
3178,2019-08-26,17,500000.0,889843,Transfer,Outside_bank,2019-08-26 17:00:00,0,0.0,0,12,14000000.0,1,2.0
3178,2019-08-26,21,300000.0,555112,Transfer,Outside_bank,2019-08-26 21:00:00,0,0.0,0,13,12300000.0,1,2.0
3178,2019-08-26,23,100000.0,729719,Transfer,Outside_bank,2019-08-26 23:00:00,0,0.0,0,12,10400000.0,1,2.0
3178,2019-10-20,19,100000.0,82527,Transfer,Outside_bank,2019-10-20 19:00:00,0,1.0,0,3,46100000.0,1,2.0
3178,2019-10-21,0,50000000.0,553912,Transfer,Outside_bank,2019-10-21 00:00:00,0,1.0,0,4,96100000.0,1,2.0
3178,2019-10-22,12,250000.0,633339,Transfer,Outside_bank,2019-10-22 12:00:00,0,0.0,0,3,40390000.0,1,2.0
3178,2019-10-22,18,200000.0,400938,Transfer,Outside_bank,2019-10-22 18:00:00,0,0.0,0,3,40590000.0,1,2.0
3178,2019-10-22,20,100000.0,644001,Transfer,Outside_bank,2019-10-22 20:00:00,0,0.0,0,4,40690000.0,1,2.0
3178,2019-11-22,12,100000.0,473072,Transfer,Outside_bank,2019-11-22 12:00:00,0,0.0,0,3,12690000.0,1,2.0
3178,2019-11-22,13,100000.0,768419,Transfer,Outside_bank,2019-11-22 13:00:00,0,0.0,0,4,12790000.0,1,2.0
3178,2019-11-22,15,300000.0,NaN,Topup,eWallet,2019-11-22 15:00:00,0,0.0,0,4,13090000.0,1,2.0
3418,2019-10-22,9,250000000.0,737068,Transfer,Outside_bank,2019-10-22 09:00:00,0,0.0,0,3,288000000.0,1,2.0
3418,2019-10-26,10,5000000.0,311818,Transfer,Outside_bank,2019-10-26 10:00:00,0,0.0,0,3,14700000.0,1,2.0
3418,2019-10-26,16,6000000.0,336054,Transfer,Outside_bank,2019-10-26 16:00:00,0,0.0,0,3,11000000.0,1,2.0
3640,2019-07-10,14,59133500.0,364279,Transfer,Outside_bank,2019-07-10 14:00:00,0,0.0,0,3,93512400.0,1,2.0
3640,2019-07-10,15,36432856.0,906109,Transfer,Outside_bank,2019-07-10 15:00:00,0,0.0,0,4,96748256.0,1,2.0
3640,2019-07-10,17,8228840.0,306031,Transfer,Outside_bank,2019-07-10 17:00:00,0,0.0,0,4,104977096.0,1,2.0
3640,2019-07-11,11,48428500.0,315965,Transfer,Outside_bank,2019-07-11 11:00:00,1,1.0,0,4,152223696.0,1,2.0
3640,2019-07-11,14,1410000.0,231033,Transfer,Outside_bank,2019-07-11 14:00:00,0,1.0,0,5,94500196.0,1,2.0
3640,2019-07-25,16,2620000.0,998885,Transfer,Outside_bank,2019-07-25 16:00:00,0,0.0,0,3,45750000.0,1,2.0
3640,2019-09-10,16,146933543.0,725400,Transfer,Outside_bank,2019-09-10 16:00:00,0,0.0,0,3,198471922.0,1,2.0
3640,2019-09-10,20,13000000.0,936254,Transfer,Outside_bank,2019-09-10 20:00:00,0,0.0,0,4,211471922.0,1,2.0
3640,2019-09-18,15,9044000.0,892880,Transfer,Outside_bank,2019-09-18 15:00:00,0,0.0,0,3,10250035.0,1,2.0
3640,2019-09-18,16,16810000.0,108349,Transfer,Outside_bank,2019-09-18 16:00:00,0,0.0,0,3,25854000.0,1,2.0
3640,2019-09-19,15,360000.0,893299,Transfer,Outside_bank,2019-09-19 15:00:00,0,0.0,0,3,17170000.0,1,2.0
3703,2019-08-20,15,1400000.0,522552,Transfer,Outside_bank,2019-08-20 15:00:00,0,0.0,0,3,21400000.0,1,2.0
3703,2019-10-03,19,1500000.0,86144,Transfer,Outside_bank,2019-10-03 19:00:00,0,0.0,0,3,11200000.0,1,2.0
3703,2019-10-06,19,4000000.0,120610,Transfer,Within_bank,2019-10-06 19:00:00,0,0.0,0,3,17300000.0,1,2.0
3753,2019-11-04,22,320000.0,747086,Transfer,Outside_bank,2019-11-04 22:00:00,0,0.0,0,3,15620000.0,1,2.0
3850,2019-08-24,16,45500000.0,NaN,Payment,Credit_card_repayment,2019-08-24 16:00:00,1,2.0,1,0,126000000.0,0,2.0
3850,2019-08-30,17,49500000.0,NaN,Payment,Credit_card_repayment,2019-08-30 17:00:00,1,2.0,1,0,148000000.0,0,2.0
3891,2019-12-01,22,800000.0,159107,Transfer,Outside_bank,2019-12-01 22:00:00,0,0.0,0,3,10420000.0,1,2.0
4100,2019-08-25,22,8000000.0,385346,Transfer,Outside_bank,2019-08-25 22:00:00,0,0.0,0,6,10750000.0,1,2.0
4100,2019-08-26,1,16500000.0,229056,Transfer,Outside_bank,2019-08-26 01:00:00,0,0.0,0,7,26750000.0,1,2.0
4100,2019-08-26,3,500000.0,58102,Transfer,Outside_bank,2019-08-26 03:00:00,0,0.0,0,6,26050000.0,1,2.0
4100,2019-08-26,11,500000.0,814990,Transfer,Outside_bank,2019-08-26 11:00:00,0,0.0,0,5,25800000.0,1,2.0
4100,2019-08-26,12,600000.0,140202,Transfer,Outside_bank,2019-08-26 12:00:00,0,0.0,0,6,26400000.0,1,2.0
4100,2019-08-26,13,1300000.0,896142,Transfer,Outside_bank,2019-08-26 13:00:00,0,0.0,0,7,27700000.0,1,2.0
4100,2019-08-26,14,500000.0,577596,Transfer,Outside_bank,2019-08-26 14:00:00,0,0.0,0,8,28200000.0,1,2.0
4100,2019-08-26,15,1000000.0,NaN,Topup,eWallet,2019-08-26 15:00:00,0,0.0,0,8,29200000.0,1,2.0
4100,2019-08-26,16,520000.0,532549,Transfer,Within_bank,2019-08-26 16:00:00,0,0.0,0,9,29420000.0,1,2.0
4100,2019-08-26,16,2000000.0,NaN,Topup,eWallet,2019-08-26 16:00:00,0,0.0,0,9,31420000.0,1,2.0
4100,2019-08-26,17,1000000.0,707395,Transfer,Within_bank,2019-08-26 17:00:00,0,0.0,0,9,32420000.0,1,2.0
4100,2019-08-26,17,600000.0,676990,Transfer,Outside_bank,2019-08-26 17:00:00,0,0.0,0,10,33020000.0,1,2.0
4100,2019-08-26,21,2980000.0,355858,Transfer,Outside_bank,2019-08-26 21:00:00,0,0.0,0,11,36000000.0,1,2.0
4100,2019-08-30,3,2000000.0,540954,Transfer,Outside_bank,2019-08-30 03:00:00,0,0.0,0,9,10950000.0,1,2.0
4100,2019-08-30,6,800000.0,396958,Transfer,Outside_bank,2019-08-30 06:00:00,0,0.0,0,10,11750000.0,1,2.0
4100,2019-09-02,0,3500000.0,412175,Transfer,Outside_bank,2019-09-02 00:00:00,0,0.0,0,11,11760000.0,1,2.0
4100,2019-09-02,6,120000.0,363472,Transfer,Outside_bank,2019-09-02 06:00:00,0,0.0,0,11,11680000.0,1,2.0
4100,2019-09-02,14,5000000.0,331498,Transfer,Outside_bank,2019-09-02 14:00:00,0,0.0,0,8,13880000.0,1,2.0
4100,2019-09-02,22,800000.0,324989,Transfer,Outside_bank,2019-09-02 22:00:00,0,0.0,0,5,10120000.0,1,2.0
4100,2019-09-09,2,3200000.0,882698,Transfer,Outside_bank,2019-09-09 02:00:00,0,0.0,0,6,11200000.0,1,2.0
4100,2019-09-09,11,1000000.0,111664,Transfer,Outside_bank,2019-09-09 11:00:00,0,0.0,0,5,11200000.0,1,2.0
4100,2019-09-09,14,300000.0,725225,Transfer,Outside_bank,2019-09-09 14:00:00,0,0.0,0,6,11500000.0,1,2.0
4100,2019-09-09,15,400000.0,236643,Transfer,Outside_bank,2019-09-09 15:00:00,0,0.0,0,7,11900000.0,1,2.0
4217,2019-12-21,17,20500000.0,209225,Transfer,Outside_bank,2019-12-21 17:00:00,0,0.0,0,4,28300000.0,1,2.0
4217,2019-12-21,21,1700000.0,111567,Transfer,Within_bank,2019-12-21 21:00:00,0,0.0,0,5,30000000.0,1,2.0
4217,2019-12-22,11,50000.0,NaN,Topup,eWallet,2019-12-22 11:00:00,0,0.0,0,4,30000000.0,1,2.0
4217,2019-12-22,12,5300000.0,188357,Transfer,Outside_bank,2019-12-22 12:00:00,0,0.0,0,5,35300000.0,1,2.0
4217,2019-12-22,13,2100000.0,649633,Transfer,Outside_bank,2019-12-22 13:00:00,0,0.0,0,6,37400000.0,1,2.0
4217,2019-12-22,16,2950000.0,NaN,Topup,eWallet,2019-12-22 16:00:00,0,0.0,0,5,32600000.0,1,2.0
