CUSTOMER_NUMBER,TRANS_DATE,TRANS_HOUR,TRANS_AMOUNT,TRANS_LV1,TRANS_LV2,IB_REGISTER_DATE,CLIENT_CREATE_DATE,HIST_AVG_CA_BALANCE,ts_dt,BALANCE_COVERAGE_RATIO,DAYS_SINCE_LAST_TRANS,DAYS_SINCE_REG,cum_total_count,IS_DORMANT_WAKEUP,IS_LATE_NIGHT,cum_night_count,cum_night_ratio,IS_ANOMALOUS_TIME_ALERT,risk_score
850194,2019-11-23,0,22000000.0,Payment,Credit_card_repayment,2019-02-21,2019-02-21,449907.3357142857,2019-11-23 00:00:00,48.898958192320165,93.375,275.0,4,1,1,0,0.0,1,5.0
715901,2019-09-18,0,45000000.0,Transfer,Outside_bank,2019-04-16,2019-04-05,3455718.228888889,2019-09-18 00:00:00,13.021895021324859,100.33333333333333,155.0,8,1,1,0,0.0,1,5.0
735379,2019-08-09,2,48000000.0,Transfer,Outside_bank,2019-02-20,2019-02-20,15841984.502727272,2019-08-09 02:00:00,3.0299234285771632,91.41666666666667,170.08333333333334,3,1,1,0,0.0,1,4.302992342857716
103927,2019-12-21,4,200000000.0,Transfer,Within_bank,2019-05-20,2019-05-20,173437907.86375,2019-12-21 04:00:00,1.1531504413504872,165.41666666666666,215.16666666666666,9,1,1,0,0.0,1,4.115315044135048
479073,2019-10-29,9,492269716.0,Transfer,Outside_bank,2019-04-25,2019-04-25,351479.27222222224,2019-10-29 09:00:00,1400.5654241674813,187.375,187.375,0,1,0,0,0.0,0,3.0
97246,2019-09-28,5,31500000.0,Transfer,Outside_bank,2019-05-02,2019-05-02,1921725.48375,2019-09-28 05:00:00,16.39151911456567,0.5833333333333334,149.20833333333334,39,0,1,0,0.0,1,3.0
251215,2019-12-13,11,49000000.0,Transfer,Within_bank,2019-06-13,2019-03-13,235713.377,2019-12-13 11:00:00,207.87958927728232,183.45833333333334,183.45833333333334,0,1,0,0,0.0,0,3.0
867217,2019-12-24,9,250000000.0,Transfer,Outside_bank,2019-03-18,2019-03-18,923440.075,2019-12-24 09:00:00,270.72682544916927,281.375,281.375,0,1,0,0,0.0,0,3.0
867243,2019-10-24,16,17080000.0,Payment,Credit_card_repayment,2019-01-24,2019-01-24,13537.27,2019-10-24 16:00:00,1261.701952268292,273.6666666666667,273.6666666666667,0,1,0,0,0.0,0,3.0
505229,2019-07-26,10,203500000.0,Transfer,Outside_bank,2019-02-18,2019-02-18,2484013.8063636366,2019-07-26 10:00:00,81.92386027720421,158.41666666666666,158.41666666666666,0,1,0,0,0.0,0,3.0
398587,2019-12-01,1,6850000.0,Transfer,Outside_bank,2019-10-28,2019-10-28,479013.995,2019-12-01 01:00:00,14.300208493609874,10.416666666666666,34.041666666666664,5,0,1,0,0.0,1,3.0
456682,2019-12-20,20,20000000.0,Transfer,Outside_bank,2019-05-13,2019-05-13,401674.18125,2019-12-20 20:00:00,49.79159959264143,221.83333333333334,221.83333333333334,0,1,0,0,0.0,0,3.0
868065,2019-09-19,0,29205366.0,Payment,Credit_card_repayment,2019-03-08,2019-03-07,1996213.0560000003,2019-09-19 00:00:00,14.630385224699026,9.166666666666666,195.0,22,0,1,1,0.04545452479339782,1,3.0
183881,2019-09-27,13,21000000.0,Transfer,Outside_bank,2019-05-27,2019-05-27,275659.16875,2019-09-27 13:00:00,76.1810321581701,90.75,123.54166666666667,6,1,0,1,0.16666638888935187,0,3.0
496083,2019-12-03,16,23512000.0,Payment,Credit_card_repayment,2019-05-13,2019-05-06,0.0,2019-12-03 16:00:00,2351200000000.0,204.66666666666666,204.66666666666666,0,1,0,0,0.0,0,3.0
408964,2019-10-29,0,100000000.0,Transfer,Outside_bank,2019-09-20,2019-02-13,7992310.011818182,2019-10-29 00:00:00,12.512027167615555,0.4583333333333333,39.0,26,0,1,0,0.0,1,3.0
39035,2019-08-29,9,46350000.0,Transfer,Outside_bank,2019-03-18,2019-03-18,1357279.052,2019-08-29 09:00:00,34.14920456582609,164.375,164.375,0,1,0,0,0.0,0,3.0
868278,2019-11-05,3,23000000.0,Transfer,Outside_bank,2019-06-18,2019-06-18,931016.4385714286,2019-11-05 03:00:00,24.704182490101513,0.5416666666666666,140.125,82,0,1,1,0.012195120464009699,1,3.0
870320,2019-08-17,10,50000000.0,Transfer,Outside_bank,2019-04-25,2019-04-25,3611609.7966666664,2019-08-17 10:00:00,13.844241990374773,114.41666666666667,114.41666666666667,0,1,0,0,0.0,0,3.0
873547,2019-09-19,1,41000000.0,Transfer,Outside_bank,2019-03-13,2019-03-12,1553291.537,2019-09-19 01:00:00,26.395560024052358,5.125,190.04166666666666,3,0,1,0,0.0,1,3.0
202829,2019-09-27,1,50000000.0,Transfer,Outside_bank,2019-09-16,2019-09-16,98853.225,2019-09-27 01:00:00,505.80039239935763,0.5416666666666666,11.041666666666666,4,0,1,0,0.0,1,3.0
432856,2019-11-15,13,17000000.0,Transfer,Outside_bank,2019-01-21,2019-01-21,243123.95,2019-11-15 13:00:00,69.92318115636394,100.08333333333333,298.5416666666667,27,1,0,0,0.0,0,3.0
485474,2019-12-10,17,13700000.0,Transfer,Outside_bank,2019-08-15,2019-08-15,438894.622,2019-12-10 17:00:00,31.21478212072476,117.70833333333333,117.70833333333333,0,1,0,0,0.0,0,3.0
238235,2019-10-11,8,50000000.0,Transfer,Outside_bank,2019-03-19,2019-03-19,4022021.468,2019-10-11 08:00:00,12.431559701430137,161.0,206.33333333333334,4,1,0,0,0.0,0,3.0
325485,2019-09-10,15,12500000.0,Transfer,Outside_bank,2019-06-07,2019-06-07,307408.79000000004,2019-09-10 15:00:00,40.662467717964,95.625,95.625,0,1,0,0,0.0,0,3.0
325485,2019-12-16,14,30000000.0,Transfer,Outside_bank,2019-06-07,2019-06-07,307408.79000000004,2019-12-16 14:00:00,97.58992252311359,96.95833333333333,192.58333333333334,1,1,0,0,0.0,0,3.0
53531,2019-03-20,5,14000000.0,Transfer,Outside_bank,2019-02-28,2019-02-28,887510.3636363636,2019-03-20 05:00:00,15.774463683421757,0.4583333333333333,20.208333333333332,23,0,1,0,0.0,1,3.0
874771,2019-09-30,11,23088932.0,Payment,Credit_card_repayment,2019-04-01,2019-04-01,1250860.951111111,2019-09-30 11:00:00,18.458432153714643,182.45833333333334,182.45833333333334,0,1,0,0,0.0,0,3.0
155168,2019-10-07,20,50000000.0,Transfer,Outside_bank,2019-02-22,2019-02-21,1296038.2436363637,2019-10-07 20:00:00,38.57910848319301,90.375,227.83333333333334,5,1,0,0,0.0,0,3.0
391932,2019-08-15,8,10000000.0,Transfer,Outside_bank,2019-01-26,2019-01-26,961576.2258333334,2019-08-15 08:00:00,10.399591557320042,201.33333333333334,201.33333333333334,0,1,0,0,0.0,0,3.0
294013,2019-09-19,1,15000000.0,Payment,Credit_card_repayment,2019-05-09,2019-02-15,442360.71249999997,2019-09-19 01:00:00,33.908978749239424,22.541666666666668,133.04166666666666,11,0,1,0,0.0,1,3.0
875222,2019-10-17,14,80000000.0,Transfer,Outside_bank,2019-05-28,2019-05-28,5291074.0575,2019-10-17 14:00:00,15.11980348988884,142.58333333333334,142.58333333333334,0,1,0,0,0.0,0,3.0
230557,2019-11-19,14,29400000.0,Transfer,Outside_bank,2019-03-05,2019-03-04,170926.549,2019-11-19 14:00:00,172.00370668151712,251.83333333333334,259.5833333333333,12,1,0,2,0.16666652777789354,0,3.0
875292,2019-11-22,11,360000000.0,Transfer,Outside_bank,2019-05-07,2019-05-06,2551626.7199999997,2019-11-22 11:00:00,141.086467380538,199.45833333333334,199.45833333333334,0,1,0,0,0.0,0,3.0
875852,2019-12-31,15,14000000.0,Transfer,Outside_bank,2019-09-06,2019-09-06,113737.445,2019-12-31 15:00:00,123.09050901195374,116.625,116.625,0,1,0,0,0.0,0,3.0
877027,2019-10-24,12,79829000.0,Transfer,Outside_bank,2019-05-29,2019-05-28,6575751.22875,2019-10-24 12:00:00,12.139905726794579,148.5,148.5,0,1,0,0,0.0,0,3.0
877027,2019-12-12,0,100000000.0,Transfer,Outside_bank,2019-05-29,2019-05-28,6575751.22875,2019-12-12 00:00:00,15.207387950236853,0.2916666666666667,197.0,13,0,1,0,0.0,1,3.0
877032,2019-11-11,16,10000000.0,Transfer,Within_bank,2019-07-26,2019-07-26,137004.625,2019-11-11 16:00:00,72.99023663814341,108.66666666666667,108.66666666666667,0,1,0,0,0.0,0,3.0
136992,2019-09-30,12,10000000.0,Transfer,Outside_bank,2019-05-22,2019-05-22,346265.8,2019-09-30 12:00:00,28.879548600269516,131.5,131.5,0,1,0,0,0.0,0,3.0
133734,2019-10-23,3,10300000.0,Payment,Credit_card_repayment,2019-01-30,2019-01-17,507564.12000000005,2019-10-23 03:00:00,20.293002586150237,38.75,266.125,10,0,1,0,0.0,1,3.0
877270,2019-10-25,17,103517000.0,Payment,Credit_card_repayment,2019-02-27,2019-02-27,4685382.565454545,2019-10-25 17:00:00,22.09360677674706,240.70833333333334,240.70833333333334,0,1,0,0,0.0,0,3.0
137117,2019-11-05,13,117000000.0,Transfer,Outside_bank,2019-05-07,2019-05-03,2022220.695,2019-11-05 13:00:00,57.857186551748455,182.54166666666666,182.54166666666666,0,1,0,0,0.0,0,3.0
486649,2019-11-18,0,100000000.0,Transfer,Outside_bank,2019-07-19,2019-07-19,5433126.741666666,2019-11-18 00:00:00,18.405607811965,0.16666666666666666,122.0,40,0,1,0,0.0,1,3.0
879684,2019-12-12,18,350000000.0,Transfer,Outside_bank,2019-05-29,2019-04-17,747464.82,2019-12-12 18:00:00,468.2494622226067,197.75,197.75,0,1,0,0,0.0,0,3.0
487986,2019-12-06,15,33000000.0,Transfer,Outside_bank,2019-03-30,2019-03-30,3261617.6909999996,2019-12-06 15:00:00,10.11767874909372,251.625,251.625,0,1,0,0,0.0,0,3.0
260131,2019-12-22,9,26000000.0,Transfer,Outside_bank,2019-07-22,2019-07-22,55414.85,2019-12-22 09:00:00,469.188313156277,92.83333333333333,153.375,1,1,0,0,0.0,0,3.0
230652,2019-11-13,15,300000000.0,Transfer,Outside_bank,2019-07-17,2019-07-16,711723.87,2019-11-13 15:00:00,421.5117865806368,119.625,119.625,0,1,0,0,0.0,0,3.0
879860,2019-07-29,9,19123467.0,Payment,Credit_card_repayment,2019-03-14,2019-03-12,324.28875,2019-07-29 09:00:00,58970.489757338495,137.375,137.375,0,1,0,0,0.0,0,3.0
375795,2019-11-17,8,22000000.0,Transfer,Outside_bank,2019-05-14,2019-05-14,217133.61428571428,2019-11-17 08:00:00,101.32010223915952,144.54166666666666,187.33333333333334,1,1,0,0,0.0,0,3.0
383075,2019-11-30,12,52000000.0,Transfer,Outside_bank,2019-08-31,2019-08-31,112451.61400000002,2019-11-30 12:00:00,462.4211084722695,91.08333333333333,91.5,1,1,0,0,0.0,0,3.0
880163,2019-11-12,14,20000000.0,Transfer,Outside_bank,2019-04-04,2019-04-04,1155302.1566666667,2019-11-12 14:00:00,17.311488500577063,98.91666666666667,222.58333333333334,1,1,0,0,0.0,0,3.0
227311,2019-11-29,5,30000000.0,Transfer,Outside_bank,2019-08-22,2019-08-22,2166823.0719999997,2019-11-29 05:00:00,13.84515440486391,0.5416666666666666,99.20833333333333,47,0,1,0,0.0,1,3.0
398903,2019-09-08,1,30000000.0,Transfer,Outside_bank,2019-04-16,2019-04-16,1800313.11,2019-09-08 01:00:00,16.66376800412977,0.375,145.04166666666666,81,0,1,3,0.03703703246456389,1,3.0
884187,2019-12-11,0,35000000.0,Transfer,Outside_bank,2019-10-02,2019-09-16,1968521.8999999997,2019-12-11 00:00:00,17.779837755334196,0.125,70.0,6,0,1,0,0.0,1,3.0
210640,2019-12-21,9,50000000.0,Transfer,Outside_bank,2019-08-08,2019-07-06,2246019.78,2019-12-21 09:00:00,22.26160270047906,135.375,135.375,0,1,0,0,0.0,0,3.0
272448,2019-10-15,13,11504822.0,Payment,Credit_card_repayment,2019-07-15,2019-07-12,4398.516666666666,2019-10-15 13:00:00,2615.6140457602437,92.54166666666667,92.54166666666667,0,1,0,0,0.0,0,3.0
316815,2019-12-16,13,38000000.0,Payment,Credit_card_repayment,2019-03-14,2019-03-07,95371.87,2019-12-16 13:00:00,398.440336715801,277.5416666666667,277.5416666666667,0,1,0,0,0.0,0,3.0
884494,2019-11-04,13,96785000.0,Payment,Credit_card_repayment,2019-01-24,2019-01-24,514944.38166666665,2019-11-04 13:00:00,187.95233707544605,284.5416666666667,284.5416666666667,0,1,0,0,0.0,0,3.0
427428,2019-12-17,16,26000000.0,Transfer,Outside_bank,2019-05-17,2019-05-17,1563346.50375,2019-12-17 16:00:00,16.63098995486124,110.0,214.66666666666666,1,1,0,0,0.0,0,3.0
59482,2019-07-18,15,110000000.0,Transfer,Outside_bank,2019-04-18,2019-04-09,1391028.338888889,2019-07-18 15:00:00,79.07818764287279,91.625,91.625,0,1,0,0,0.0,0,3.0
458641,2019-07-26,13,65790000.0,Transfer,Outside_bank,2019-01-14,2019-01-02,747767.5175000001,2019-07-26 13:00:00,87.98189070725472,91.95833333333333,193.54166666666666,2,1,0,0,0.0,0,3.0
294282,2019-04-24,11,50000000.0,Transfer,Outside_bank,2019-01-24,2019-01-24,2418419.8425,2019-04-24 11:00:00,20.674656699850186,90.45833333333333,90.45833333333333,0,1,0,0,0.0,0,3.0
251904,2019-07-08,18,66000000.0,Transfer,Outside_bank,2019-02-27,2019-02-25,4719526.3936363645,2019-07-08 18:00:00,13.984454052180348,131.75,131.75,0,1,0,0,0.0,0,3.0
404873,2019-10-15,5,29158475.0,Payment,Credit_card_repayment,2019-01-28,2019-01-24,2492519.8333333335,2019-10-15 05:00:00,11.69839236981652,12.625,260.2083333333333,20,0,1,0,0.0,1,3.0
885613,2019-08-21,17,259400000.0,Transfer,Within_bank,2019-02-12,2019-02-01,7167210.278333333,2019-08-21 17:00:00,36.192603527178655,190.70833333333334,190.70833333333334,0,1,0,0,0.0,0,3.0
358943,2019-10-24,11,20000000.0,Payment,Credit_card_repayment,2019-03-01,2019-02-22,1985558.2030000002,2019-10-24 11:00:00,10.072734191161492,116.66666666666667,237.45833333333334,10,1,0,1,0.0999999000001,0,3.0
316884,2019-10-12,2,150000000.0,Transfer,Outside_bank,2019-07-09,2019-03-04,4607300.833,2019-10-12 02:00:00,32.55702317619303,13.625,95.08333333333333,5,0,1,0,0.0,1,3.0
886142,2019-12-14,14,40000000.0,Transfer,Outside_bank,2019-07-29,2019-07-29,568503.2766666667,2019-12-14 14:00:00,70.36019252840612,108.04166666666667,138.58333333333334,1,1,0,0,0.0,0,3.0
888108,2019-07-31,12,250000000.0,Transfer,Outside_bank,2019-04-23,2019-04-23,4718363.550833333,2019-07-31 12:00:00,52.9844716936482,99.5,99.5,0,1,0,0,0.0,0,3.0
888280,2019-06-09,5,49000000.0,Transfer,Outside_bank,2019-05-13,2019-05-10,3728127.3275,2019-06-09 05:00:00,13.143327921883742,0.8333333333333334,27.208333333333332,9,0,1,0,0.0,1,3.0
445660,2019-06-09,0,35000000.0,Transfer,Outside_bank,2019-04-19,2019-04-17,216609.39428571428,2019-06-09 00:00:00,161.58117293942544,1.5416666666666667,51.0,8,0,1,0,0.0,1,3.0
184189,2019-07-23,5,10000000.0,Payment,Credit_card_repayment,2019-03-26,2019-03-20,231577.98142857142,2019-07-23 05:00:00,43.181998296554845,0.6666666666666666,119.20833333333333,6,0,1,0,0.0,1,3.0
155864,2019-11-13,15,15400000.0,Transfer,Outside_bank,2019-03-15,2019-03-15,256699.354,2019-11-13 15:00:00,59.99235977586479,243.625,243.625,0,1,0,0,0.0,0,3.0
888523,2019-07-29,19,26300000.0,Transfer,Outside_bank,2019-04-02,2019-02-13,2190989.4444444445,2019-07-29 19:00:00,12.003709130852837,108.20833333333333,118.79166666666667,3,1,0,0,0.0,0,3.0
889209,2019-11-04,17,50000000.0,Payment,Credit_card_repayment,2019-05-07,2019-05-03,715674.645,2019-11-04 17:00:00,69.8641489517927,181.70833333333334,181.70833333333334,0,1,0,0,0.0,0,3.0
517727,2019-07-18,5,17400000.0,Transfer,Within_bank,2019-02-20,2019-02-20,1420706.761818182,2019-07-18 05:00:00,12.24742534315067,104.625,148.20833333333334,2,1,1,0,0.0,0,3.0
890571,2019-04-27,0,50000000.0,Transfer,Outside_bank,2019-01-08,2019-01-08,4098307.9491666667,2019-04-27 00:00:00,12.20015689890868,1.375,109.0,3,0,1,0,0.0,1,3.0
393894,2019-10-08,12,202866052.0,Payment,Credit_card_repayment,2019-05-17,2019-05-17,2338962.97,2019-10-08 12:00:00,86.73333207970053,90.75,144.5,1,1,0,0,0.0,0,3.0
392061,2019-12-24,8,29362400.0,Payment,Credit_card_repayment,2019-06-07,2019-05-30,68391.39833333333,2019-12-24 08:00:00,429.32884414202346,164.95833333333334,200.33333333333334,1,1,0,0,0.0,0,3.0
891385,2019-05-05,0,7379668.0,Payment,Credit_card_repayment,2019-02-23,2019-01-24,375514.666,2019-05-05 00:00:00,19.652143226287407,2.0416666666666665,71.0,17,0,1,0,0.0,1,3.0
25261,2019-12-12,5,5500000.0,Transfer,Outside_bank,2019-04-06,2019-03-28,273318.7722222222,2019-12-12 05:00:00,20.123023219667427,5.875,250.20833333333334,29,0,1,0,0.0,1,3.0
891422,2019-12-17,0,49000000.0,Transfer,Outside_bank,2019-05-21,2019-05-15,442122.42124999996,2019-12-17 00:00:00,110.82903205939076,0.041666666666666664,210.0,3,0,1,0,0.0,1,3.0
114024,2019-10-23,11,40000000.0,Payment,Credit_card_repayment,2019-03-11,2019-03-11,674349.6229999999,2019-10-23 11:00:00,59.31641189544617,194.70833333333334,226.45833333333334,6,1,0,0,0.0,0,3.0
330874,2019-12-25,21,26748220.0,Transfer,Outside_bank,2019-08-21,2019-08-21,544024.912,2019-12-25 21:00:00,49.16727048615069,126.875,126.875,0,1,0,0,0.0,0,3.0
273310,2019-12-04,7,48400000.0,Transfer,Outside_bank,2019-04-17,2019-04-16,1211854.5511111112,2019-12-04 07:00:00,39.93878634628568,139.20833333333334,231.29166666666666,4,1,0,2,0.49999875000312505,0,3.0
892908,2019-08-21,15,100000000.0,Transfer,Outside_bank,2019-01-11,2019-01-07,429465.052,2019-08-21 15:00:00,232.8478173764684,222.625,222.625,0,1,0,0,0.0,0,3.0
173444,2019-07-24,12,50000000.0,Transfer,Outside_bank,2019-02-19,2019-01-31,2082586.1781818182,2019-07-24 12:00:00,24.008610315186058,155.5,155.5,0,1,0,0,0.0,0,3.0
893057,2019-10-05,0,5000000.0,Transfer,Outside_bank,2019-09-04,2019-08-23,387114.92,2019-10-05 00:00:00,12.916061204437275,11.5,31.0,8,0,1,0,0.0,1,3.0
488987,2019-10-15,11,103700000.0,Transfer,Outside_bank,2019-04-26,2019-04-12,188254.6988888889,2019-10-15 11:00:00,550.8494640853401,139.125,172.45833333333334,1,1,0,0,0.0,0,3.0
273649,2019-12-27,17,10000000.0,Payment,Credit_card_repayment,2019-07-22,2019-06-14,45161.29,2019-12-27 17:00:00,221.42857296117347,158.70833333333334,158.70833333333334,0,1,0,0,0.0,0,3.0
388344,2019-09-24,0,20290000.0,Transfer,Outside_bank,2019-09-18,2019-09-18,579937.21,2019-09-24 00:00:00,34.986546215322406,0.20833333333333334,6.0,6,0,1,0,0.0,1,3.0
194017,2019-09-24,10,200000000.0,Transfer,Outside_bank,2019-04-12,2019-04-12,16132178.972222222,2019-09-24 10:00:00,12.397581278031522,134.83333333333334,165.41666666666666,5,1,0,0,0.0,0,3.0
898750,2019-08-08,2,15000000.0,Payment,Credit_card_repayment,2019-06-21,2019-06-03,1299057.2342857143,2019-08-08 02:00:00,11.546835354126848,0.5,48.083333333333336,3,0,1,0,0.0,1,3.0
898904,2019-12-31,15,728156000.0,Transfer,Outside_bank,2019-05-15,2019-05-15,518191.87,2019-12-31 15:00:00,1405.1860751615964,230.625,230.625,0,1,0,0,0.0,0,3.0
901226,2019-09-04,15,50000000.0,Payment,Credit_card_repayment,2019-05-20,2019-05-20,234086.22375,2019-09-04 15:00:00,213.59650814506352,107.625,107.625,0,1,0,0,0.0,0,3.0
901798,2019-06-11,9,50000000.0,Transfer,Within_bank,2019-02-14,2019-02-13,59829.81428571428,2019-06-11 09:00:00,835.7037471798001,117.375,117.375,0,1,0,0,0.0,0,3.0
222455,2019-07-24,11,50000000.0,Transfer,Outside_bank,2019-04-08,2019-04-08,2695416.566666667,2019-07-24 11:00:00,18.550008417306664,107.45833333333333,107.45833333333333,0,1,0,0,0.0,0,3.0
331081,2019-09-25,0,13034088.0,Payment,Credit_card_repayment,2019-01-29,2019-01-23,281996.3925,2019-09-25 00:00:00,46.220761492676864,28.291666666666668,239.0,6,0,1,0,0.0,1,3.0
444241,2019-10-09,8,103870548.0,Transfer,Within_bank,2019-04-09,2019-04-09,5268.816666666667,2019-10-09 08:00:00,19714.20802321671,183.33333333333334,183.33333333333334,0,1,0,0,0.0,0,3.0
173665,2019-11-02,9,83186672.0,Payment,Credit_card_repayment,2019-06-05,2019-06-04,1861264.2966666666,2019-11-02 09:00:00,44.693637624990636,150.375,150.375,0,1,0,0,0.0,0,3.0
401858,2019-12-27,7,10000000.0,Transfer,Outside_bank,2019-01-19,2019-01-19,593645.0758333333,2019-12-27 07:00:00,16.845082031201862,329.0,342.2916666666667,1,1,0,0,0.0,0,3.0
295241,2019-09-28,0,22470000.0,Transfer,Outside_bank,2019-09-27,2019-09-27,188654.8925,2019-09-28 00:00:00,119.10637302347692,0.125,1.0,4,0,1,0,0.0,1,3.0
901799,2019-12-17,10,250000000.0,Transfer,Outside_bank,2019-07-01,2019-07-01,240508.835,2019-12-17 10:00:00,1039.4628537849987,152.04166666666666,169.41666666666666,2,1,0,0,0.0,0,3.0
902755,2019-12-18,15,29900000.0,Transfer,Outside_bank,2019-08-23,2019-08-23,24390.98,2019-12-18 15:00:00,1225.863002951967,117.625,117.625,0,1,0,0,0.0,0,3.0
314885,2019-09-03,1,9800000.0,Transfer,Outside_bank,2019-06-20,2019-06-20,201476.61,2019-09-03 01:00:00,48.64088193420364,0.08333333333333333,75.04166666666667,20,0,1,0,0.0,1,3.0
904625,2019-07-07,5,33000000.0,Transfer,Outside_bank,2019-05-06,2019-04-22,2165166.88125,2019-07-07 05:00:00,15.241319403886289,9.375,62.208333333333336,3,0,1,0,0.0,1,3.0
904726,2019-11-04,14,21000000.0,Payment,Credit_card_repayment,2019-06-03,2019-06-03,319339.72500000003,2019-11-04 14:00:00,65.76068792989156,154.58333333333334,154.58333333333334,0,1,0,0,0.0,0,3.0
904912,2019-12-02,15,30000000.0,Transfer,Outside_bank,2019-01-16,2019-01-16,846313.225,2019-12-02 15:00:00,35.4478686063845,105.04166666666667,320.625,16,1,0,0,0.0,0,3.0
906426,2019-12-28,10,48000000.0,Transfer,Outside_bank,2019-06-25,2019-06-25,3119512.41,2019-12-28 10:00:00,15.387020050305274,127.33333333333333,186.41666666666666,2,1,0,2,0.9999950000249999,0,3.0
11272,2019-11-04,8,50300000.0,Payment,Credit_card_repayment,2019-04-22,2019-03-22,402377.51999999996,2019-11-04 08:00:00,125.00698348841638,196.33333333333334,196.33333333333334,0,1,0,0,0.0,0,3.0
222740,2019-11-01,14,48000000.0,Transfer,Outside_bank,2019-08-02,2019-08-02,4555979.318,2019-11-01 14:00:00,10.535605333029883,91.58333333333333,91.58333333333333,0,1,0,0,0.0,0,3.0
908358,2019-10-15,12,15956260.0,Payment,Credit_card_repayment,2019-07-17,2019-07-17,310984.8925,2019-10-15 12:00:00,51.30879468521742,90.5,90.5,0,1,0,0,0.0,0,3.0
908760,2019-10-24,10,10499309.0,Payment,Credit_card_repayment,2019-03-27,2019-03-27,386848.658,2019-10-24 10:00:00,27.140611147547506,211.41666666666666,211.41666666666666,0,1,0,0,0.0,0,3.0
908866,2019-11-06,19,11200000.0,Transfer,Outside_bank,2019-05-28,2019-05-28,64955.0,2019-11-06 19:00:00,172.4270648645328,162.79166666666666,162.79166666666666,0,1,0,0,0.0,0,3.0
337933,2019-08-27,14,14850000.0,Transfer,Outside_bank,2019-04-10,2019-04-10,1250169.6779999998,2019-08-27 14:00:00,11.878387599064146,139.58333333333334,139.58333333333334,0,1,0,0,0.0,0,3.0
189637,2019-12-13,8,16000000.0,Transfer,Outside_bank,2019-08-10,2019-07-09,719501.0533333333,2019-12-13 08:00:00,22.237632489420527,125.33333333333333,125.33333333333333,0,1,0,0,0.0,0,3.0
60057,2019-12-22,13,20000000.0,Transfer,Outside_bank,2019-07-03,2019-07-03,147869.355,2019-12-22 13:00:00,135.25452923391364,172.54166666666666,172.54166666666666,0,1,0,0,0.0,0,3.0
310123,2019-12-24,15,700000000.0,Transfer,Within_bank,2019-09-13,2019-09-13,4447083.3325,2019-12-24 15:00:00,157.4065398960963,94.95833333333333,102.625,1,1,0,0,0.0,0,3.0
368262,2019-08-01,15,24610434.0,Payment,Credit_card_repayment,2019-03-28,2019-03-28,1976870.8199999998,2019-08-01 15:00:00,12.449186740424198,126.625,126.625,0,1,0,0,0.0,0,3.0
911941,2019-09-21,13,12230000.0,Transfer,Outside_bank,2019-03-28,2019-03-28,236257.419,2019-09-21 13:00:00,51.76557016176641,171.91666666666666,177.54166666666666,1,1,0,0,0.0,0,3.0
516431,2019-11-04,22,25000000.0,Payment,Credit_card_repayment,2019-08-05,2019-08-05,95572.75666666667,2019-11-04 22:00:00,261.5808193602472,91.91666666666667,91.91666666666667,0,1,0,0,0.0,0,3.0
440842,2019-12-16,15,15335000.0,Payment,Credit_card_repayment,2019-07-22,2019-07-03,86.02166666666666,2019-12-16 15:00:00,178269.0200218139,147.625,147.625,0,1,0,0,0.0,0,3.0
912017,2019-12-16,14,20000000.0,Transfer,Outside_bank,2019-03-18,2019-03-18,1516378.536,2019-12-16 14:00:00,13.189318844241479,249.08333333333334,273.5833333333333,2,1,0,0,0.0,0,3.0
21375,2019-09-26,15,69999950.0,Payment,Credit_card_repayment,2019-05-24,2019-05-22,968502.08,2019-09-26 15:00:00,72.27650972032734,125.625,125.625,0,1,0,0,0.0,0,3.0
86201,2019-09-30,17,14700000.0,Transfer,Outside_bank,2019-01-28,2019-01-28,219256.7725,2019-09-30 17:00:00,67.04467931237816,125.0,245.70833333333334,2,1,0,0,0.0,0,3.0
912580,2019-11-20,16,400000000.0,Transfer,Outside_bank,2019-03-12,2019-03-12,5492821.229,2019-11-20 16:00:00,72.82232268682338,135.04166666666666,253.66666666666666,5,1,0,0,0.0,0,3.0
222886,2019-05-14,0,11761725.0,Payment,Credit_card_repayment,2019-03-07,2019-02-27,884432.547,2019-05-14 00:00:00,13.29861168018166,28.458333333333332,68.0,4,0,1,0,0.0,1,3.0
427744,2019-11-25,11,14260261.0,Payment,Credit_card_repayment,2019-05-17,2019-05-09,679071.29625,2019-11-25 11:00:00,20.999652140413975,192.45833333333334,192.45833333333334,0,1,0,0,0.0,0,3.0
305115,2019-10-24,13,30000000.0,Payment,Credit_card_repayment,2019-02-13,2019-02-13,490088.93454545457,2019-10-24 13:00:00,61.213379623051736,253.54166666666666,253.54166666666666,0,1,0,0,0.0,0,3.0
194504,2019-09-12,22,20710000.0,Payment,Credit_card_repayment,2019-06-03,2019-06-03,123984.67749999999,2019-09-12 22:00:00,167.03676950992298,101.91666666666667,101.91666666666667,0,1,0,0,0.0,0,3.0
260849,2019-11-07,15,21000000.0,Payment,Credit_card_repayment,2019-07-31,2019-07-05,1482403.4366666665,2019-11-07 15:00:00,14.166184103754476,99.625,99.625,0,1,0,0,0.0,0,3.0
110403,2019-11-28,12,50000000.0,Transfer,Outside_bank,2019-06-18,2019-05-08,1483763.2025,2019-11-28 12:00:00,33.69809947801494,120.0,163.5,3,1,0,1,0.3333322222259259,0,3.0
338280,2019-10-15,15,20000000.0,Transfer,Outside_bank,2019-04-22,2019-04-22,1578663.2199999997,2019-10-15 15:00:00,12.66894657865869,176.625,176.625,0,1,0,0,0.0,0,3.0
189645,2019-11-06,14,50000000.0,Transfer,Within_bank,2019-01-31,2019-01-29,739508.2083333334,2019-11-06 14:00:00,67.61250170841427,279.5833333333333,279.5833333333333,0,1,0,0,0.0,0,3.0
25826,2019-12-13,8,15000000.0,Transfer,Outside_bank,2019-07-29,2019-07-25,266183.7783333334,2019-12-13 08:00:00,56.35204404023622,137.33333333333334,137.33333333333334,0,1,0,0,0.0,0,3.0
915820,2019-10-28,15,100000000.0,Transfer,Outside_bank,2019-03-27,2019-03-26,563112.29,2019-10-28 15:00:00,177.58447431190706,215.625,215.625,0,1,0,0,0.0,0,3.0
918503,2019-12-03,16,18518700.0,Payment,Credit_card_repayment,2019-04-05,2019-04-03,884990.0044444444,2019-12-03 16:00:00,20.925321084745953,242.66666666666666,242.66666666666666,0,1,0,0,0.0,0,3.0
231083,2019-12-26,17,79999939.0,Payment,Credit_card_repayment,2019-08-23,2019-08-22,29044.06,2019-12-26 17:00:00,2754.4337455733,125.70833333333333,125.70833333333333,0,1,0,0,0.0,0,3.0
338288,2019-09-16,4,50000000.0,Transfer,Outside_bank,2019-08-23,2019-08-23,3385110.832,2019-09-16 04:00:00,14.770565125133928,0.6666666666666666,24.166666666666668,3,0,1,0,0.0,1,3.0
352407,2019-11-20,23,20000000.0,Transfer,Outside_bank,2019-05-21,2019-05-20,1707991.70625,2019-11-20 23:00:00,11.709658733527531,183.95833333333334,183.95833333333334,0,1,0,0,0.0,0,3.0
54032,2019-07-09,5,14000000.0,Transfer,Outside_bank,2019-01-10,2019-01-10,958262.4216666667,2019-07-09 05:00:00,14.609776699272286,2.4583333333333335,180.20833333333334,23,0,1,0,0.0,1,3.0
125998,2019-11-11,17,25458000.0,Payment,Credit_card_repayment,2019-05-06,2019-04-12,1524339.9266666668,2019-11-11 17:00:00,16.700999268255725,189.70833333333334,189.70833333333334,0,1,0,0,0.0,0,3.0
918811,2019-12-07,0,12090000.0,Topup,eWallet,2019-02-21,2019-02-21,322708.80454545456,2019-12-07 00:00:00,37.46411572703912,6.583333333333333,289.0,97,0,1,2,0.020618554575406744,1,3.0
500129,2019-09-30,17,20000000.0,Payment,Credit_card_repayment,2019-06-15,2019-06-15,1752364.43,2019-09-30 17:00:00,11.413151087462936,107.70833333333333,107.70833333333333,0,1,0,0,0.0,0,3.0
919092,2019-12-23,19,16000000.0,Transfer,Outside_bank,2019-09-17,2019-09-17,177609.35499999998,2019-12-23 19:00:00,90.08534488005516,95.125,97.79166666666667,2,1,0,0,0.0,0,3.0
11830,2019-06-01,0,79886000.0,Payment,Credit_card_repayment,2019-01-25,2019-01-23,1352865.4141666668,2019-06-01 00:00:00,59.0494805786852,127.0,127.0,0,1,1,0,0.0,0,3.0
921536,2019-05-22,5,50000000.0,Transfer,Outside_bank,2019-02-26,2019-02-26,1839680.1845454546,2019-05-22 05:00:00,27.178637036894614,0.75,85.20833333333333,6,0,1,0,0.0,1,3.0
60831,2019-11-16,9,11500000.0,Transfer,Outside_bank,2019-08-02,2019-08-02,507146.608,2019-11-16 09:00:00,22.67588862543125,106.375,106.375,0,1,0,0,0.0,0,3.0
223032,2019-08-21,14,49000000.0,Transfer,Outside_bank,2019-04-24,2019-04-23,1878193.871111111,2019-08-21 14:00:00,26.08889356600416,119.58333333333333,119.58333333333333,0,1,0,0,0.0,0,3.0
921789,2019-10-22,18,104000000.0,Transfer,Outside_bank,2019-05-20,2019-05-17,3919821.82125,2019-10-22 18:00:00,26.531818215800918,153.91666666666666,155.75,1,1,0,0,0.0,0,3.0
480944,2019-10-18,11,55000000.0,Payment,Credit_card_repayment,2019-05-14,2019-04-18,808602.15,2019-10-18 11:00:00,68.01861706566055,157.45833333333334,157.45833333333334,0,1,0,0,0.0,0,3.0
283963,2019-08-06,11,44500000.0,Payment,Credit_card_repayment,2019-01-26,2019-01-21,816802.2166666667,2019-08-06 11:00:00,54.48075322451707,126.04166666666667,192.45833333333334,1,1,0,0,0.0,0,3.0
352413,2019-08-28,14,15300000.0,Transfer,Outside_bank,2019-04-17,2019-04-17,1050384.4633333334,2019-08-28 14:00:00,14.566095114640868,131.875,133.58333333333334,1,1,0,0,0.0,0,3.0
922704,2019-10-21,19,14000000.0,Payment,Credit_card_repayment,2019-03-28,2019-03-27,175711.677,2019-10-21 19:00:00,79.67597964023325,207.79166666666666,207.79166666666666,0,1,0,0,0.0,0,3.0
261320,2019-12-13,15,30000000.0,Transfer,Outside_bank,2019-06-08,2019-06-08,209235.0214285714,2019-12-13 15:00:00,143.37943903338189,188.625,188.625,0,1,0,0,0.0,0,3.0
265257,2019-11-05,10,45010000.0,Transfer,Within_bank,2019-01-03,2019-01-03,271957.27166666667,2019-11-05 10:00:00,165.5039400950931,306.4166666666667,306.4166666666667,0,1,0,0,0.0,0,3.0
925036,2019-11-02,13,170000000.0,Transfer,Within_bank,2019-04-26,2019-04-12,2046158.122222222,2019-11-02 13:00:00,83.08253313998107,177.16666666666666,190.54166666666666,1,1,0,0,0.0,0,3.0
283976,2019-07-24,10,42224200.0,Payment,Credit_card_repayment,2019-01-22,2019-01-22,841278.8708333332,2019-07-24 10:00:00,50.19049148075322,183.41666666666666,183.41666666666666,0,1,0,0,0.0,0,3.0
925253,2019-10-04,0,143000000.0,Payment,Credit_card_repayment,2019-06-04,2019-06-04,2206138.166,2019-10-04 00:00:00,64.81914968119534,4.083333333333333,122.0,15,0,1,0,0.0,1,3.0
274364,2019-05-18,0,6788000.0,Topup,eWallet,2019-02-26,2019-02-26,281133.02090909093,2019-05-18 00:00:00,24.145153699157813,25.375,81.0,5,0,1,0,0.0,1,3.0
925507,2019-09-11,8,300000000.0,Transfer,Outside_bank,2019-05-22,2019-05-22,2422887.5575,2019-09-11 08:00:00,123.81920038761922,109.58333333333333,112.33333333333333,1,1,0,0,0.0,0,3.0
925927,2019-08-22,0,20000000.0,Transfer,Outside_bank,2019-07-26,2019-07-26,588028.6716666666,2019-08-22 00:00:00,34.0119469735605,2.5,27.0,6,0,1,0,0.0,1,3.0
926049,2019-12-22,23,16000000.0,Transfer,Outside_bank,2019-09-07,2019-09-07,647331.79,2019-12-22 23:00:00,24.716845745754014,106.95833333333333,106.95833333333333,0,1,0,0,0.0,0,3.0
929030,2019-06-09,11,14900000.0,Transfer,Outside_bank,2019-02-22,2019-02-13,1358490.2854545454,2019-06-09 11:00:00,10.968057820821912,106.83333333333333,107.45833333333333,1,1,0,0,0.0,0,3.0
929103,2019-06-12,21,50000000.0,Transfer,Outside_bank,2019-03-14,2019-03-14,1202948.817,2019-06-12 21:00:00,41.56452817691607,90.875,90.875,0,1,0,0,0.0,0,3.0
929920,2019-11-25,15,10003334.0,Payment,Credit_card_repayment,2019-08-26,2019-08-26,60399.6,2019-11-25 15:00:00,165.61920937131714,91.625,91.625,0,1,0,0,0.0,0,3.0
930347,2019-11-07,0,83428864.0,Transfer,Outside_bank,2019-05-15,2019-05-15,6261250.31625,2019-11-07 00:00:00,13.324633225945538,0.041666666666666664,176.0,56,0,1,0,0.0,1,3.0
933142,2019-10-17,19,20000000.0,Transfer,Outside_bank,2019-05-31,2019-04-26,1471553.3833333333,2019-10-17 19:00:00,13.591080164934613,139.79166666666666,139.79166666666666,0,1,0,0,0.0,0,3.0
352488,2019-11-04,9,311000000.0,Transfer,Outside_bank,2019-02-26,2019-02-26,3006652.1654545455,2019-11-04 09:00:00,103.43730597514883,251.375,251.375,0,1,0,0,0.0,0,3.0
211195,2019-12-24,0,46000000.0,Transfer,Outside_bank,2019-11-26,2019-11-07,2143623.66,2019-12-24 00:00:00,21.458990613951986,0.125,28.0,3,0,1,0,0.0,1,3.0
213437,2019-07-05,5,50000000.0,Transfer,Outside_bank,2019-02-20,2019-02-15,3687916.2181818183,2019-07-05 05:00:00,13.557791728933298,0.5,135.20833333333334,52,0,1,0,0.0,1,3.0
319513,2019-05-19,1,80000000.0,Transfer,Outside_bank,2019-05-16,2019-05-16,243313.70875,2019-05-19 01:00:00,328.7936401434351,0.5,3.0416666666666665,11,0,1,0,0.0,1,3.0
935354,2019-12-27,14,17950000.0,Payment,Credit_card_repayment,2019-09-26,2019-09-25,4870.97,2019-12-27 14:00:00,3685.0976218595115,92.58333333333333,92.58333333333333,0,1,0,0,0.0,0,3.0
203837,2019-10-11,6,519200000.0,Transfer,Outside_bank,2019-04-09,2019-04-09,505208.7211111111,2019-10-11 06:00:00,1027.6940565234913,167.0,185.25,5,1,0,0,0.0,0,3.0
310327,2019-11-18,16,40000000.0,Transfer,Within_bank,2019-06-18,2019-06-18,1674866.6685714286,2019-11-18 16:00:00,23.882498081998985,116.0,153.66666666666666,6,1,0,0,0.0,0,3.0
211337,2019-10-25,14,11995000.0,Payment,Credit_card_repayment,2019-02-20,2019-02-19,91099.57818181819,2019-10-25 14:00:00,131.6691058079706,247.58333333333334,247.58333333333334,0,1,0,0,0.0,0,3.0
61372,2019-12-17,0,30000000.0,Transfer,Outside_bank,2019-04-24,2019-04-24,2411787.1333333333,2019-12-17 00:00:00,12.43890871845418,0.16666666666666666,237.0,234,0,1,3,0.01282051227262768,1,3.0
252447,2019-10-16,8,11000000.0,Transfer,Outside_bank,2019-03-05,2019-02-19,911541.5663636364,2019-10-16 08:00:00,12.067469444932755,225.33333333333334,225.33333333333334,0,1,0,0,0.0,0,3.0
936804,2019-11-25,14,15000000.0,Payment,Credit_card_repayment,2019-01-04,2019-01-04,339139.54,2019-11-25 14:00:00,44.22958172190039,214.70833333333334,325.5833333333333,4,1,0,0,0.0,0,3.0
240404,2019-10-21,11,12500000.0,Transfer,Outside_bank,2019-07-19,2019-07-19,472481.444,2019-10-21 11:00:00,26.456065435948503,94.45833333333333,94.45833333333333,0,1,0,0,0.0,0,3.0
937112,2019-11-01,9,85000000.0,Transfer,Outside_bank,2019-06-07,2019-04-19,173405.6822222222,2019-11-01 09:00:00,490.18001547474853,99.0,147.375,1,1,0,0,0.0,0,3.0
505570,2019-08-30,0,70000000.0,Transfer,Outside_bank,2019-04-03,2019-04-03,5742008.6866666665,2019-08-30 00:00:00,12.19085581713292,0.20833333333333334,149.0,31,0,1,1,0.03225805411030513,1,3.0
240578,2019-07-23,0,27000101.0,Transfer,Outside_bank,2019-01-05,2019-01-05,1211330.0316666665,2019-07-23 00:00:00,22.289632299983282,4.291666666666667,199.0,4,0,1,0,0.0,1,3.0
41860,2019-12-27,10,140000000.0,Transfer,Outside_bank,2019-08-15,2019-08-15,91948.258,2019-12-27 10:00:00,1522.5954578146986,134.41666666666666,134.41666666666666,0,1,0,0,0.0,0,3.0
937316,2019-10-18,18,15950000.0,Payment,Credit_card_repayment,2019-06-12,2019-06-12,433.3333333333333,2019-10-18 18:00:00,36807.69145828405,128.75,128.75,0,1,0,0,0.0,0,3.0
937648,2019-11-27,14,300000000.0,Transfer,Outside_bank,2019-04-27,2019-03-28,2705433.585,2019-11-27 14:00:00,110.88795587598618,214.58333333333334,214.58333333333334,0,1,0,0,0.0,0,3.0
937861,2019-11-20,8,13000000.0,Payment,Credit_card_repayment,2019-08-19,2019-07-27,0.0,2019-11-20 08:00:00,1300000000000.0,93.33333333333333,93.33333333333333,0,1,0,0,0.0,0,3.0
41991,2019-10-03,16,90000000.0,Transfer,Outside_bank,2019-04-19,2019-04-19,2630373.237777778,2019-10-03 16:00:00,34.21567658424501,167.66666666666666,167.66666666666666,0,1,0,0,0.0,0,3.0
938171,2019-10-28,14,13000000.0,Transfer,Outside_bank,2019-04-02,2019-04-02,581400.4277777778,2019-10-28 14:00:00,22.359804669330668,209.58333333333334,209.58333333333334,0,1,0,0,0.0,0,3.0
156839,2019-08-13,5,20000000.0,Transfer,Outside_bank,2019-05-20,2019-05-17,1870740.215,2019-08-13 05:00:00,10.6909552911349,35.541666666666664,85.20833333333333,5,0,1,0,0.0,1,3.0
72655,2019-12-30,19,50000000.0,Transfer,Outside_bank,2019-06-26,2019-06-26,3566747.31,2019-12-30 19:00:00,14.018374629364986,187.79166666666666,187.79166666666666,0,1,0,0,0.0,0,3.0
11938,2019-10-04,15,300000000.0,Transfer,Outside_bank,2019-04-03,2019-04-03,25920281.85666667,2019-10-04 15:00:00,11.573948217801675,184.625,184.625,0,1,0,0,0.0,0,3.0
939473,2019-07-05,11,49970300.0,Payment,Credit_card_repayment,2019-03-01,2019-02-28,175153.33909090908,2019-07-05 11:00:00,285.2945896236165,126.45833333333333,126.45833333333333,0,1,0,0,0.0,0,3.0
413763,2019-06-05,16,650000000.0,Transfer,Outside_bank,2019-03-05,2019-03-05,50634561.721,2019-06-05 16:00:00,12.837081588291756,92.66666666666667,92.66666666666667,0,1,0,0,0.0,0,3.0
394197,2019-10-11,3,50000000.0,Transfer,Outside_bank,2019-07-11,2019-06-26,2473104.567142857,2019-10-11 03:00:00,20.217503402034524,1.375,92.125,3,0,1,0,0.0,1,3.0
114902,2019-06-14,9,26450000.0,Payment,Credit_card_repayment,2019-01-24,2019-01-24,1212736.8099999998,2019-06-14 09:00:00,21.810173305271324,139.91666666666666,141.375,2,1,0,0,0.0,0,3.0
942322,2019-12-02,14,25000000.0,Transfer,Outside_bank,2019-07-16,2019-07-16,858098.5383333332,2019-12-02 14:00:00,29.134183176987616,139.58333333333334,139.58333333333334,0,1,0,0,0.0,0,3.0
413821,2019-08-08,12,50000000.0,Transfer,Outside_bank,2019-03-26,2019-03-26,3491215.2,2019-08-08 12:00:00,14.321660835991084,135.5,135.5,0,1,0,0,0.0,0,3.0
943075,2019-09-13,10,18000000.0,Transfer,Within_bank,2019-06-12,2019-06-12,838916.2028571429,2019-09-13 10:00:00,21.456255032960208,92.79166666666667,93.41666666666667,1,1,0,0,0.0,0,3.0
87249,2019-05-22,8,10000000.0,Transfer,Outside_bank,2019-01-24,2019-01-21,232000.1075,2019-05-22 08:00:00,43.10342830151045,118.33333333333333,118.33333333333333,0,1,0,0,0.0,0,3.0
943684,2019-09-07,11,50000000.0,Transfer,Outside_bank,2019-02-23,2019-02-23,2436957.827272727,2019-09-07 11:00:00,20.517384191154154,102.04166666666667,196.45833333333334,2,1,0,0,0.0,0,3.0
346438,2019-12-28,11,48000000.0,Transfer,Outside_bank,2019-06-18,2019-06-18,3594039.1685714284,2019-12-28 11:00:00,13.355447102415875,127.375,193.45833333333334,3,1,0,2,0.6666644444518518,0,3.0
346458,2019-09-05,19,16699000.0,Payment,Credit_card_repayment,2019-05-31,2019-05-31,727800.50125,2019-09-05 19:00:00,22.944474441952107,97.79166666666667,97.79166666666667,0,1,0,0,0.0,0,3.0
945721,2019-12-09,20,15200000.0,Transfer,Outside_bank,2019-05-16,2019-05-16,826109.8942857143,2019-12-09 20:00:00,18.39948910545188,151.25,207.83333333333334,2,1,0,0,0.0,0,3.0
947546,2019-09-25,13,12946000.0,Payment,Credit_card_repayment,2019-05-16,2019-05-13,421337.10875,2019-09-25 13:00:00,30.72599049749078,132.54166666666666,132.54166666666666,0,1,0,0,0.0,0,3.0
948908,2019-08-13,19,10000000.0,Transfer,Outside_bank,2019-01-03,2019-01-03,562437.0591666667,2019-08-13 19:00:00,17.7797672412246,222.79166666666666,222.79166666666666,0,1,0,0,0.0,0,3.0
948932,2019-08-20,10,20000000.0,Payment,Credit_card_repayment,2019-02-18,2019-02-18,918821.3127272726,2019-08-20 10:00:00,21.76701794216956,103.91666666666667,183.41666666666666,1,1,0,0,0.0,0,3.0
951836,2019-12-13,0,20000000.0,Transfer,Within_bank,2019-07-12,2019-07-12,655881.7683333334,2019-12-13 00:00:00,30.49330072174019,0.4166666666666667,154.0,38,0,1,1,0.026315782548478276,1,3.0
419501,2019-12-18,21,50000000.0,Transfer,Outside_bank,2019-09-19,2019-09-13,3158871.5975,2019-12-18 21:00:00,15.828436977119553,90.875,90.875,0,1,0,0,0.0,0,3.0
953237,2019-12-26,9,16125000.0,Transfer,Outside_bank,2019-06-14,2019-06-14,1208981.6300000001,2019-12-26 09:00:00,13.337671640111372,110.04166666666667,195.375,10,1,0,0,0.0,0,3.0
157450,2019-12-23,12,27115833.0,Payment,Credit_card_repayment,2019-08-08,2019-04-25,218597.85333333333,2019-12-23 12:00:00,124.04436999393326,137.5,137.5,0,1,0,0,0.0,0,3.0
467480,2019-12-12,10,15172417.0,Payment,Credit_card_repayment,2019-04-22,2019-04-20,1268432.618888889,2019-12-12 10:00:00,11.961547483043278,234.41666666666666,234.41666666666666,0,1,0,0,0.0,0,3.0
346521,2019-06-26,16,21700000.0,Transfer,Outside_bank,2019-03-15,2019-03-15,507423.94399999996,2019-06-26 16:00:00,42.76502962889814,101.58333333333333,103.66666666666667,1,1,0,1,0.9999900000999989,0,3.0
955975,2019-12-25,19,29893600.0,Payment,Credit_card_repayment,2019-05-27,2019-05-27,46606.45,2019-12-25 19:00:00,641.4047839641498,212.79166666666666,212.79166666666666,0,1,0,0,0.0,0,3.0
383125,2019-09-08,7,50000000.0,Transfer,Outside_bank,2019-04-23,2019-04-23,965636.0811111112,2019-09-08 07:00:00,51.77934107635001,107.95833333333333,138.29166666666666,2,1,0,0,0.0,0,3.0
332249,2019-10-25,22,200000000.0,Payment,Credit_card_repayment,2019-06-24,2019-06-20,9156719.356666667,2019-10-25 22:00:00,21.84188378058884,123.91666666666667,123.91666666666667,0,1,0,0,0.0,0,3.0
956264,2019-09-05,16,100000000.0,Transfer,Within_bank,2019-01-15,2019-01-15,9964616.687142858,2019-09-05 16:00:00,10.035508955294548,233.66666666666666,233.66666666666666,0,1,0,0,0.0,0,3.0
27381,2019-09-22,1,45000000.0,Transfer,Outside_bank,2019-05-22,2019-05-21,2854874.07,2019-09-22 01:00:00,15.762516628217641,0.041666666666666664,123.04166666666667,59,0,1,2,0.0338982993392713,1,3.0
956497,2019-11-04,16,50000000.0,Payment,Credit_card_repayment,2019-06-19,2019-06-19,57545.0,2019-11-04 16:00:00,868.885220111411,138.66666666666666,138.66666666666666,0,1,0,0,0.0,0,3.0
22132,2019-12-21,0,40000000.0,Transfer,Outside_bank,2019-09-23,2019-09-23,3946882.6875,2019-12-21 00:00:00,10.134580418764639,0.5833333333333334,89.0,52,0,1,2,0.038461531065090176,1,3.0
957598,2019-07-04,15,15393049.0,Payment,Credit_card_repayment,2019-03-14,2019-01-16,540508.4777777777,2019-07-04 15:00:00,28.478829902911983,112.625,112.625,0,1,0,0,0.0,0,3.0
959408,2019-12-10,9,50000000.0,Transfer,Within_bank,2019-06-05,2019-04-16,1211921.57875,2019-12-10 09:00:00,41.256794891925615,187.95833333333334,188.375,1,1,0,0,0.0,0,3.0
110815,2019-07-06,0,9050000.0,Topup,eWallet,2019-06-05,2019-01-15,740871.1458333334,2019-07-06 00:00:00,12.215349525724056,14.416666666666666,31.0,6,0,1,0,0.0,1,3.0
960146,2019-09-04,13,100000000.0,Transfer,Outside_bank,2019-04-03,2019-04-03,4043968.735,2019-09-04 13:00:00,24.72818326567817,96.91666666666667,154.54166666666666,1,1,0,0,0.0,0,3.0
961747,2019-12-01,4,5635000.0,Transfer,Outside_bank,2019-10-28,2019-10-28,245116.945,2019-12-01 04:00:00,22.989026726692067,13.833333333333334,34.166666666666664,6,0,1,0,0.0,1,3.0
447012,2019-12-05,8,16300000.0,Transfer,Outside_bank,2019-05-31,2019-05-30,1244567.36,2019-12-05 08:00:00,13.09692068404319,188.33333333333334,188.33333333333334,0,1,0,0,0.0,0,3.0
438737,2019-11-29,22,29903887.0,Payment,Credit_card_repayment,2019-07-04,2019-07-04,532540.6783333333,2019-11-29 22:00:00,56.153244655464086,148.91666666666666,148.91666666666666,0,1,0,0,0.0,0,3.0
962080,2019-12-14,10,100000000.0,Transfer,Outside_bank,2019-05-02,2019-04-16,5342271.835555555,2019-12-14 10:00:00,18.718628156332592,226.41666666666666,226.41666666666666,0,1,0,0,0.0,0,3.0
319513,2019-06-13,5,99000000.0,Transfer,Outside_bank,2019-05-16,2019-05-16,243313.70875,2019-06-13 05:00:00,406.8821296775009,0.9583333333333334,28.208333333333332,43,0,1,1,0.0232558085451608,1,3.0
962241,2019-12-11,23,20000000.0,Transfer,Outside_bank,2019-08-21,2019-08-21,1370327.6725,2019-12-11 23:00:00,14.595049345654987,112.95833333333333,112.95833333333333,0,1,0,0,0.0,0,3.0
962310,2019-06-26,0,116000000.0,Payment,Credit_card_repayment,2019-03-14,2019-03-14,1074931.838,2019-06-26 00:00:00,107.91381918201297,0.25,104.0,129,0,1,0,0.0,1,3.0
965663,2019-10-09,16,15000000.0,Transfer,Outside_bank,2019-04-10,2019-04-08,1376771.29,2019-10-09 16:00:00,10.895055779301622,182.66666666666666,182.66666666666666,0,1,0,0,0.0,0,3.0
22398,2019-12-16,15,600000000.0,Transfer,Outside_bank,2019-07-26,2019-07-26,49682617.00666667,2019-12-16 15:00:00,12.076658520612314,143.625,143.625,0,1,0,0,0.0,0,3.0
966080,2019-12-12,19,50000000.0,Transfer,Outside_bank,2019-01-15,2019-01-15,337604.285,2019-12-12 19:00:00,148.10238560366312,257.4166666666667,331.7916666666667,1,1,0,0,0.0,0,3.0
315750,2019-07-06,5,6900000.0,Topup,eWallet,2019-05-13,2019-04-19,314957.27249999996,2019-07-06 05:00:00,21.90773353163618,30.375,54.208333333333336,5,0,1,0,0.0,1,3.0
191251,2019-11-07,8,200000000.0,Transfer,Outside_bank,2019-03-04,2019-01-29,747439.171,2019-11-07 08:00:00,267.5803031967724,173.75,248.33333333333334,3,1,0,0,0.0,0,3.0
319513,2019-06-17,5,100000000.0,Transfer,Outside_bank,2019-05-16,2019-05-16,243313.70875,2019-06-17 05:00:00,410.99205017929387,0.875,32.208333333333336,47,0,1,2,0.042553182435493095,1,3.0
966455,2019-11-09,20,15360000.0,Payment,Credit_card_repayment,2019-06-13,2019-06-13,1026619.2857142857,2019-11-09 20:00:00,14.961729448871044,149.83333333333334,149.83333333333334,0,1,0,0,0.0,0,3.0
966764,2019-08-20,0,100000000.0,Transfer,Outside_bank,2019-07-31,2019-07-31,6095624.6219999995,2019-08-20 00:00:00,16.405209671035408,0.6666666666666666,20.0,4,0,1,0,0.0,1,3.0
967865,2019-08-23,13,70000000.0,Transfer,Within_bank,2019-05-02,2019-05-02,3424786.36125,2019-08-23 13:00:00,20.439231127469967,113.54166666666667,113.54166666666667,0,1,0,0,0.0,0,3.0
968854,2019-06-11,0,36000000.0,Transfer,Outside_bank,2019-05-20,2019-05-20,1858776.4125,2019-06-11 00:00:00,19.367579531196746,0.125,22.0,4,0,1,0,0.0,1,3.0
429528,2019-11-08,14,34000000.0,Payment,Credit_card_repayment,2019-07-27,2019-07-27,0.0,2019-11-08 14:00:00,3399999999999.9995,104.58333333333333,104.58333333333333,0,1,0,0,0.0,0,3.0
969635,2019-09-04,18,52289989.0,Payment,Credit_card_repayment,2019-05-10,2019-05-10,4073496.1625,2019-09-04 18:00:00,12.836636371784389,117.75,117.75,0,1,0,0,0.0,0,3.0
971788,2019-08-22,9,20000000.0,Transfer,Outside_bank,2019-03-18,2019-03-18,516028.461,2019-08-22 09:00:00,38.757552172325674,157.375,157.375,0,1,0,0,0.0,0,3.0
975807,2019-07-02,16,42000000.0,Transfer,Outside_bank,2019-01-22,2019-01-22,438643.9458333333,2019-07-02 16:00:00,95.74964022186865,121.04166666666667,161.66666666666666,1,1,0,0,0.0,0,3.0
977889,2019-12-02,8,117000000.0,Transfer,Outside_bank,2019-07-29,2019-07-29,10427998.845,2019-12-02 08:00:00,11.21979410805044,96.08333333333333,126.33333333333333,2,1,0,0,0.0,0,3.0
82394,2019-12-06,3,8270000.0,Transfer,Outside_bank,2019-09-27,2019-09-18,45738.80333333334,2019-12-06 03:00:00,180.8092778012172,0.25,70.125,10,0,1,0,0.0,1,3.0
978111,2019-08-13,9,48900000.0,Transfer,Within_bank,2019-01-07,2019-01-04,1196535.5183333333,2019-08-13 09:00:00,40.86798866422673,112.95833333333333,218.375,2,1,0,0,0.0,0,3.0
978439,2019-12-09,18,20800000.0,Transfer,Outside_bank,2019-05-18,2019-05-18,188640.40375,2019-12-09 18:00:00,110.26269868709065,205.75,205.75,0,1,0,0,0.0,0,3.0
979237,2019-03-27,0,10000000.0,Transfer,Outside_bank,2019-02-27,2019-02-27,540569.770909091,2019-03-27 00:00:00,18.498999644389542,1.2083333333333333,28.0,11,0,1,0,0.0,1,3.0
981838,2019-08-21,17,19464537.0,Payment,Credit_card_repayment,2019-04-12,2019-04-12,1604000.098888889,2019-08-21 17:00:00,12.13499738146025,131.70833333333334,131.70833333333334,0,1,0,0,0.0,0,3.0
12612,2019-10-04,13,27748935.0,Payment,Credit_card_repayment,2019-05-04,2019-03-20,451297.13625,2019-10-04 13:00:00,61.487062005227,153.54166666666666,153.54166666666666,0,1,0,0,0.0,0,3.0
315751,2019-11-29,19,50000000.0,Transfer,Within_bank,2019-08-16,2019-08-16,171130.928,2019-11-29 19:00:00,292.1739546523014,105.79166666666667,105.79166666666667,0,1,0,0,0.0,0,3.0
43809,2019-12-18,10,17172038.0,Payment,Credit_card_repayment,2019-07-19,2019-07-19,45595.74,2019-12-18 10:00:00,376.6149643855731,152.41666666666666,152.41666666666666,0,1,0,0,0.0,0,3.0
981892,2019-08-30,0,7000000.0,Transfer,Outside_bank,2019-01-17,2019-01-17,665132.1483333333,2019-08-30 00:00:00,10.524224422823544,1.0833333333333333,225.0,3,0,1,0,0.0,1,3.0
43843,2019-08-24,10,36896370.0,Payment,Credit_card_repayment,2019-02-13,2019-01-31,397241.994,2019-08-24 10:00:00,92.88134325262496,192.41666666666666,192.41666666666666,0,1,0,0,0.0,0,3.0
983317,2019-10-30,5,30000000.0,Payment,Credit_card_repayment,2019-03-28,2019-03-28,2287277.077,2019-10-30 05:00:00,13.116032290769484,0.7916666666666666,216.20833333333334,39,0,1,0,0.0,1,3.0
985689,2019-11-26,13,27967000.0,Transfer,Within_bank,2019-08-06,2019-08-06,83179.138,2019-11-26 13:00:00,336.2261339692861,112.54166666666667,112.54166666666667,0,1,0,0,0.0,0,3.0
986090,2019-11-19,16,38927425.0,Transfer,Outside_bank,2019-06-12,2019-06-11,1595199.7528571428,2019-11-19 16:00:00,24.40285295307596,160.66666666666666,160.66666666666666,0,1,0,0,0.0,0,3.0
450106,2019-11-21,10,30000000.0,Transfer,Outside_bank,2019-07-12,2019-07-12,1645435.5266666666,2019-11-21 10:00:00,18.232254934103594,132.41666666666666,132.41666666666666,0,1,0,0,0.0,0,3.0
346579,2019-12-06,0,24757715.0,Payment,Credit_card_repayment,2019-06-04,2019-03-07,646944.33,2019-12-06 00:00:00,38.268694618001085,4.125,185.0,14,0,1,0,0.0,1,3.0
987381,2019-10-15,15,50000000.0,Transfer,Outside_bank,2019-06-18,2019-06-15,137360.85571428572,2019-10-15 15:00:00,364.00472126033713,119.625,119.625,0,1,0,0,0.0,0,3.0
12726,2019-12-12,9,50000000.0,Transfer,Outside_bank,2019-04-20,2019-04-20,4759574.827777778,2019-12-12 09:00:00,10.50514001966846,92.95833333333333,236.375,2,1,0,0,0.0,0,3.0
485700,2019-12-05,2,117000000.0,Payment,Credit_card_repayment,2019-07-19,2019-07-19,3677802.1016666666,2019-12-05 02:00:00,31.81247842200674,0.375,139.08333333333334,3,0,1,0,0.0,1,3.0
385264,2019-11-01,15,20000000.0,Transfer,Outside_bank,2019-05-29,2019-05-29,482619.73,2019-11-01 15:00:00,41.44049394662252,137.04166666666666,156.625,4,1,0,0,0.0,0,3.0
228979,2019-08-23,10,22000000.0,Payment,Credit_card_repayment,2019-01-23,2019-01-22,1108906.9675,2019-08-23 10:00:00,19.839355910442148,154.0,212.41666666666666,4,1,0,0,0.0,0,3.0
211702,2019-09-16,16,200000000.0,Transfer,Within_bank,2019-04-12,2019-04-12,551268.6222222222,2019-09-16 16:00:00,362.7995353520229,157.66666666666666,157.66666666666666,0,1,0,0,0.0,0,3.0
135274,2019-10-15,8,41500000.0,Transfer,Within_bank,2019-07-01,2019-03-08,1753373.6342857142,2019-10-15 08:00:00,23.668657488778482,106.33333333333333,106.33333333333333,0,1,0,0,0.0,0,3.0
12743,2019-09-05,15,10000000.0,Transfer,Outside_bank,2019-06-05,2019-05-23,310240.6766666667,2019-09-05 15:00:00,32.23303954568799,92.625,92.625,0,1,0,0,0.0,0,3.0
988134,2019-09-27,3,15000000.0,Transfer,Outside_bank,2019-02-21,2019-02-21,1036178.345,2019-09-27 03:00:00,14.47627242186309,1.7083333333333333,218.125,13,0,1,0,0.0,1,3.0
406452,2019-05-15,20,20300000.0,Transfer,Outside_bank,2019-02-12,2019-02-12,1200774.280909091,2019-05-15 20:00:00,16.905758494812254,92.83333333333333,92.83333333333333,0,1,0,0,0.0,0,3.0
422614,2019-09-25,16,30127000.0,Transfer,Outside_bank,2019-06-17,2019-05-24,1864738.2125,2019-09-25 16:00:00,16.156155216794776,100.66666666666667,100.66666666666667,0,1,0,0,0.0,0,3.0
338837,2019-12-26,22,30478000.0,Payment,Credit_card_repayment,2019-06-21,2019-04-09,10163.488571428572,2019-12-26 22:00:00,2998.7734778087424,153.45833333333334,188.91666666666666,1,1,0,0,0.0,0,3.0
22696,2019-10-15,23,30800000.0,Transfer,Outside_bank,2019-04-17,2019-04-01,1745844.71,2019-10-15 23:00:00,17.641889810362102,181.95833333333334,181.95833333333334,0,1,0,0,0.0,0,3.0
988832,2019-08-27,8,50000000.0,Transfer,Outside_bank,2019-03-12,2019-03-12,4636.671,2019-08-27 08:00:00,10783.598813063081,168.33333333333334,168.33333333333334,0,1,0,0,0.0,0,3.0
989971,2019-12-03,5,50000000.0,Transfer,Outside_bank,2019-03-07,2019-03-06,353571.90125,2019-12-03 05:00:00,141.41395235825703,28.875,271.2083333333333,8,0,1,0,0.0,1,3.0
327299,2019-07-09,18,30000000.0,Transfer,Outside_bank,2019-03-01,2019-02-21,2393470.4299999997,2019-07-09 18:00:00,12.534100953933516,130.75,130.75,0,1,0,0,0.0,0,3.0
259138,2019-05-07,1,100000000.0,Payment,Credit_card_repayment,2019-04-11,2019-04-09,5084776.2725,2019-05-07 01:00:00,19.666548662255494,0.5,26.041666666666668,3,0,1,0,0.0,1,3.0
990897,2019-12-01,18,12995666.0,Payment,Credit_card_repayment,2019-08-22,2019-08-22,316052.212,2019-12-01 18:00:00,41.11873135565592,101.75,101.75,0,1,0,0,0.0,0,3.0
87998,2019-12-19,11,10000000.0,Transfer,Within_bank,2019-08-20,2019-08-16,32750.0,2019-12-19 11:00:00,305.343511357147,121.45833333333333,121.45833333333333,0,1,0,0,0.0,0,3.0
994355,2019-12-30,11,48000000.0,Transfer,Outside_bank,2019-04-17,2019-04-16,2872428.028888889,2019-12-30 11:00:00,16.710601455313128,165.375,257.4583333333333,4,1,0,2,0.49999875000312505,0,3.0
232749,2019-12-19,8,50000000.0,Transfer,Outside_bank,2019-09-16,2019-09-16,234506.15,2019-12-19 08:00:00,213.21402444186586,94.33333333333333,94.33333333333333,0,1,0,0,0.0,0,3.0
996610,2019-08-19,13,10000000.0,Transfer,Outside_bank,2019-05-18,2019-05-18,546003.23125,2019-08-19 13:00:00,18.314909926307973,93.54166666666667,93.54166666666667,0,1,0,0,0.0,0,3.0
996802,2019-11-03,1,55691186.0,Payment,Credit_card_repayment,2019-04-09,2019-04-09,197487.95222222223,2019-11-03 01:00:00,281.9978908612806,208.04166666666666,208.04166666666666,0,1,1,0,0.0,0,3.0
241341,2019-11-01,14,50000000.0,Transfer,Outside_bank,2019-03-12,2019-03-12,265918.386,2019-11-01 14:00:00,188.0276153530795,144.16666666666666,234.58333333333334,3,1,0,0,0.0,0,3.0
191582,2019-12-17,16,32500000.0,Transfer,Outside_bank,2019-08-14,2019-08-14,700574.4839999999,2019-12-17 16:00:00,46.39049914289499,125.66666666666667,125.66666666666667,0,1,0,0,0.0,0,3.0
297571,2019-10-30,9,16500000.0,Transfer,Outside_bank,2019-04-02,2019-04-01,641369.2388888889,2019-10-30 09:00:00,25.72621042494557,211.375,211.375,0,1,0,0,0.0,0,3.0
82830,2019-08-16,9,25440000.0,Payment,Credit_card_repayment,2019-05-15,2019-05-08,1521743.8599999999,2019-08-16 09:00:00,16.717662327109913,93.375,93.375,0,1,0,0,0.0,0,3.0
996972,2019-11-01,11,14600000.0,Transfer,Within_bank,2019-07-09,2019-03-14,448468.17333333334,2019-11-01 11:00:00,32.5552644932569,114.70833333333333,115.45833333333333,1,1,0,0,0.0,0,3.0
997783,2019-12-17,14,300000000.0,Transfer,Outside_bank,2019-04-11,2019-04-11,3846565.7466666666,2019-12-17 14:00:00,77.99164755189541,143.0,250.58333333333334,20,1,0,0,0.0,0,3.0
339189,2019-10-08,10,34325000.0,Transfer,Outside_bank,2019-07-08,2019-07-08,2875079.0816666665,2019-10-08 10:00:00,11.938802038093021,92.41666666666667,92.41666666666667,0,1,0,0,0.0,0,3.0
997852,2019-08-04,9,23815933.0,Payment,Credit_card_repayment,2019-03-26,2019-03-11,610269.557,2019-08-04 09:00:00,39.025267976147376,131.375,131.375,0,1,0,0,0.0,0,3.0
998413,2019-12-26,17,38000000.0,Transfer,Outside_bank,2019-06-26,2019-06-25,171918.28285714285,2019-12-26 17:00:00,221.03524631738043,183.70833333333334,183.70833333333334,0,1,0,0,0.0,0,3.0
174635,2019-12-25,2,180000000.0,Transfer,Outside_bank,2019-03-06,2019-01-30,3934622.5425,2019-12-25 02:00:00,45.74771736177093,0.25,294.0833333333333,93,0,1,2,0.02150537403168021,1,3.0
44,2019-12-12,20,23900000.0,Transfer,Within_bank,2019-04-04,2019-04-04,956799.0944444444,2019-12-12 20:00:00,24.979120630990458,182.33333333333334,252.83333333333334,2,1,0,0,0.0,0,3.0
405136,2019-12-31,13,30000000.0,Transfer,Outside_bank,2019-08-08,2019-08-07,651329.03,2019-12-31 13:00:00,46.05966971799093,145.54166666666666,145.54166666666666,0,1,0,0,0.0,0,3.0
392385,2019-12-05,4,12450000.0,Transfer,Outside_bank,2019-10-14,2019-09-25,311253.19333333336,2019-12-05 04:00:00,39.999589614705755,29.291666666666668,52.166666666666664,3,0,1,0,0.0,1,3.0
216548,2019-08-24,8,15000000.0,Payment,Credit_card_repayment,2019-05-22,2019-05-13,130478.8075,2019-08-24 08:00:00,114.96119780869692,94.33333333333333,94.33333333333333,0,1,0,0,0.0,0,3.0
88601,2019-07-08,9,55225595.0,Payment,Credit_card_repayment,2019-04-09,2019-03-12,4393016.214,2019-07-08 09:00:00,12.571224941960638,90.375,90.375,0,1,0,0,0.0,0,3.0
83006,2019-11-04,16,26700000.0,Payment,Credit_card_repayment,2019-07-29,2019-07-29,1120373.1925,2019-11-04 16:00:00,23.83134492907968,98.66666666666667,98.66666666666667,0,1,0,0,0.0,0,3.0
111885,2019-09-24,14,80000000.0,Transfer,Outside_bank,2019-05-03,2019-05-03,7989175.595,2019-09-24 14:00:00,10.013548838501887,144.58333333333334,144.58333333333334,0,1,0,0,0.0,0,3.0
614225,2019-12-19,18,140000000.0,Transfer,Outside_bank,2019-05-28,2019-05-28,2547670.07875,2019-12-19 18:00:00,54.95217028577762,120.91666666666667,205.75,8,1,0,0,0.0,0,3.0
405143,2019-11-16,5,20000000.0,Transfer,Outside_bank,2019-10-09,2019-10-09,665942.3933333333,2019-11-16 05:00:00,30.032627746659763,24.916666666666668,38.208333333333336,5,0,1,0,0.0,1,3.0
424636,2019-09-19,0,56520000.0,Payment,Credit_card_repayment,2019-07-24,2019-07-24,122539.06666666667,2019-09-19 00:00:00,461.24066008381214,6.291666666666667,57.0,34,0,1,0,0.0,1,3.0
2938,2019-09-30,17,49923848.0,Payment,Credit_card_repayment,2019-05-09,2019-05-07,1821906.185,2019-09-30 17:00:00,27.40198612352039,144.70833333333334,144.70833333333334,0,1,0,0,0.0,0,3.0
56467,2019-09-22,10,110000000.0,Transfer,Outside_bank,2019-03-05,2019-03-05,1989057.7920000001,2019-09-22 10:00:00,55.302566090270226,201.41666666666666,201.41666666666666,0,1,0,0,0.0,0,3.0
297929,2019-08-02,11,50849000.0,Payment,Credit_card_repayment,2019-04-01,2019-04-01,98565.5911111111,2019-08-02 11:00:00,515.8899715573156,123.45833333333333,123.45833333333333,0,1,0,0,0.0,0,3.0
127537,2019-09-17,17,60039000.0,Payment,Credit_card_repayment,2019-05-28,2019-05-17,26414.87,2019-09-17 17:00:00,2272.924302760936,112.70833333333333,112.70833333333333,0,1,0,0,0.0,0,3.0
127537,2019-12-19,15,200000000.0,Transfer,Outside_bank,2019-05-28,2019-05-17,26414.87,2019-12-19 15:00:00,7571.492872169542,92.91666666666667,205.625,1,1,0,0,0.0,0,3.0
253920,2019-08-12,10,20000000.0,Transfer,Outside_bank,2019-02-12,2019-02-12,112008.90400000001,2019-08-12 10:00:00,178.55723325544213,181.41666666666666,181.41666666666666,0,1,0,0,0.0,0,3.0
115473,2019-12-03,15,48000000.0,Transfer,Outside_bank,2019-04-25,2019-04-25,2017382.0777777778,2019-12-03 15:00:00,23.79321226677887,169.375,222.625,2,1,0,0,0.0,0,3.0
172085,2019-09-25,8,400000000.0,Transfer,Outside_bank,2019-03-12,2019-03-12,6635348.406,2019-09-25 08:00:00,60.28319472082249,197.33333333333334,197.33333333333334,0,1,0,0,0.0,0,3.0
320008,2019-12-13,14,46000000.0,Transfer,Within_bank,2019-08-10,2019-08-10,171523.78399999999,2019-12-13 14:00:00,268.1843819240728,125.58333333333333,125.58333333333333,0,1,0,0,0.0,0,3.0
232815,2019-11-17,16,47552800.0,Transfer,Outside_bank,2019-03-29,2019-03-28,1677577.78125,2019-11-17 16:00:00,28.34610742417195,151.875,233.66666666666666,5,1,0,0,0.0,0,3.0
112553,2019-10-23,21,26680000.0,Payment,Credit_card_repayment,2019-04-05,2019-04-05,1968768.3699999999,2019-10-23 21:00:00,13.551619584311224,91.125,201.875,7,1,0,0,0.0,0,3.0
383455,2019-10-08,0,30000000.0,Transfer,Outside_bank,2019-09-18,2019-09-18,2688293.1149999998,2019-10-08 00:00:00,11.159497389810637,0.625,20.0,21,0,1,0,0.0,1,3.0
172372,2019-11-07,14,16821469.0,Payment,Credit_card_repayment,2019-07-03,2019-06-26,495947.95166666666,2019-11-07 14:00:00,33.917811220171664,127.58333333333333,127.58333333333333,0,1,0,0,0.0,0,3.0
396050,2019-12-01,0,9170000.0,Transfer,Outside_bank,2019-10-23,2019-10-23,302291.615,2019-12-01 00:00:00,30.334946603453258,25.291666666666668,39.0,5,0,1,0,0.0,1,3.0
147889,2019-11-27,7,20000000.0,Transfer,Outside_bank,2019-04-27,2019-04-27,72490.8711111111,2019-11-27 07:00:00,275.8968086696852,214.29166666666666,214.29166666666666,0,1,0,0,0.0,0,3.0
292647,2019-10-31,14,10000000.0,Payment,Credit_card_repayment,2019-03-28,2019-03-28,488038.37,2019-10-31 14:00:00,20.490192194919217,217.58333333333334,217.58333333333334,0,1,0,0,0.0,0,3.0
292785,2019-09-05,8,63900000.0,Payment,Credit_card_repayment,2019-06-01,2019-03-13,59678.916000000005,2019-09-05 08:00:00,1070.7299038288947,96.33333333333333,96.33333333333333,0,1,0,0,0.0,0,3.0
62912,2019-08-30,9,200000000.0,Transfer,Outside_bank,2019-01-18,2019-01-18,4650874.761666667,2019-08-30 09:00:00,43.002662993208375,224.375,224.375,0,1,0,0,0.0,0,3.0
460753,2019-06-29,3,46000000.0,Payment,Credit_card_repayment,2019-06-19,2019-06-13,1708287.7300000002,2019-06-29 03:00:00,26.92754808917975,0.6666666666666666,10.125,3,0,1,0,0.0,1,3.0
23412,2019-10-30,10,326500000.0,Transfer,Outside_bank,2019-06-27,2019-06-27,2561350.69,2019-10-30 10:00:00,127.47180668131207,125.41666666666667,125.41666666666667,0,1,0,0,0.0,0,3.0
63107,2019-12-27,10,415000000.0,Transfer,Outside_bank,2019-06-10,2019-06-10,20682950.064285714,2019-12-27 10:00:00,20.064835949896754,200.41666666666666,200.41666666666666,0,1,0,0,0.0,0,3.0
63151,2019-08-03,13,14992629.0,Transfer,Outside_bank,2019-03-26,2019-03-07,74079.087,2019-08-03 13:00:00,202.38679504751633,130.54166666666666,130.54166666666666,0,1,0,0,0.0,0,3.0
23719,2019-08-06,12,99000000.0,Payment,Credit_card_repayment,2019-05-08,2019-05-08,393331.58999999997,2019-08-06 12:00:00,251.69603081583924,90.5,90.5,0,1,0,0,0.0,0,3.0
292785,2019-10-05,1,8142419.0,Payment,Credit_card_repayment,2019-06-01,2019-03-13,59678.916000000005,2019-10-05 01:00:00,136.43711287644078,0.3333333333333333,126.04166666666667,4,0,1,0,0.0,1,3.0
135997,2019-07-04,17,14350000.0,Transfer,Within_bank,2019-03-14,2019-03-14,398769.892,2019-07-04 17:00:00,35.98566563706405,112.70833333333333,112.70833333333333,0,1,0,0,0.0,0,3.0
392595,2019-08-22,5,407000000.0,Transfer,Outside_bank,2019-08-20,2019-08-20,4053291.476,2019-08-22 05:00:00,100.41222113161345,0.375,2.2083333333333335,3,0,1,0,0.0,1,3.0
392649,2019-06-25,11,48000000.0,Transfer,Outside_bank,2019-03-05,2019-03-05,4105763.2129999995,2019-06-25 11:00:00,11.690883645676792,112.45833333333333,112.45833333333333,0,1,0,0,0.0,0,3.0
113327,2019-07-20,5,992550000.0,Transfer,Outside_bank,2019-06-08,2019-06-08,7426452.1,2019-07-20 05:00:00,133.65062975342744,0.5416666666666666,42.208333333333336,15,0,1,0,0.0,1,3.0
286137,2019-11-27,14,250000000.0,Transfer,Outside_bank,2019-05-24,2019-05-24,2990547.96625,2019-11-27 14:00:00,83.59671967162986,187.58333333333334,187.58333333333334,0,1,0,0,0.0,0,3.0
196884,2019-11-30,9,300000000.0,Transfer,Outside_bank,2019-05-28,2019-05-24,7513977.8012500005,2019-11-30 09:00:00,39.92559040428543,186.375,186.375,0,1,0,0,0.0,0,3.0
438257,2019-07-09,4,50000000.0,Transfer,Outside_bank,2019-02-22,2019-02-22,2562284.4681818183,2019-07-09 04:00:00,19.513836430224533,0.5,137.16666666666666,7,0,1,0,0.0,1,3.0
172701,2019-10-14,7,50000000.0,Transfer,Outside_bank,2019-04-09,2019-04-09,213325.12888888887,2019-10-14 07:00:00,234.384014007552,127.875,188.29166666666666,2,1,0,0,0.0,0,3.0
233007,2019-11-13,2,300000000.0,Transfer,Outside_bank,2019-08-23,2019-08-20,26090921.38,2019-11-13 02:00:00,11.498252423919766,0.375,82.08333333333333,3,0,1,0,0.0,1,3.0
197028,2019-12-06,14,250000000.0,Transfer,Outside_bank,2019-05-29,2019-05-29,3393352.1,2019-12-06 14:00:00,73.67346288623077,191.58333333333334,191.58333333333334,0,1,0,0,0.0,0,3.0
483349,2019-09-03,13,50000000.0,Transfer,Outside_bank,2019-05-28,2019-05-28,4151590.775,2019-09-03 13:00:00,12.043576236118687,98.54166666666667,98.54166666666667,0,1,0,0,0.0,0,3.0
424653,2019-12-03,14,30000000.0,Transfer,Outside_bank,2019-02-14,2019-02-14,316844.9572727273,2019-12-03 14:00:00,94.6835330985886,286.9166666666667,292.5833333333333,4,1,0,0,0.0,0,3.0
100866,2019-10-01,0,12000000.0,Payment,Credit_card_repayment,2019-03-01,2019-02-19,457680.697,2019-10-01 00:00:00,26.219152519202286,6.25,214.0,48,0,1,0,0.0,1,3.0
444849,2019-11-17,18,28737000.0,Payment,Credit_card_repayment,2019-01-28,2019-01-28,646254.855,2019-11-17 18:00:00,44.46697734991149,190.375,293.75,2,1,0,0,0.0,0,3.0
369803,2019-06-28,8,26000000.0,Transfer,VNDirect,2019-01-07,2019-01-07,2388583.513333333,2019-06-28 08:00:00,10.88511239182399,172.33333333333334,172.33333333333334,0,1,0,0,0.0,0,3.0
148336,2019-08-29,5,300000000.0,Transfer,Outside_bank,2019-08-21,2019-08-21,20906245.95,2019-08-29 05:00:00,14.349778564613917,0.75,8.208333333333334,4,0,1,0,0.0,1,3.0
475822,2019-11-05,11,600000000.0,Transfer,Outside_bank,2019-04-10,2019-01-03,45107295.98499999,2019-11-05 11:00:00,13.301617552056133,209.45833333333334,209.45833333333334,0,1,0,0,0.0,0,3.0
138736,2019-08-03,0,10100000.0,Transfer,Outside_bank,2019-05-27,2019-05-02,839969.47375,2019-08-03 00:00:00,12.02424649408845,1.0416666666666667,68.0,15,0,1,0,0.0,1,3.0
136376,2019-08-29,11,950000000.0,Transfer,Within_bank,2019-03-26,2019-03-26,877876.4900000001,2019-08-29 11:00:00,1082.1567849358607,156.45833333333334,156.45833333333334,0,1,0,0,0.0,0,3.0
233340,2019-11-27,19,15000000.0,Payment,Credit_card_repayment,2019-07-15,2019-07-05,262373.43333333335,2019-11-27 19:00:00,57.17042235892643,135.79166666666666,135.79166666666666,0,1,0,0,0.0,0,3.0
379860,2019-12-05,0,7696000.0,Transfer,Within_bank,2019-01-16,2019-01-02,419749.17000000004,2019-12-05 00:00:00,18.334759303554193,13.333333333333334,323.0,4,0,1,0,0.0,1,3.0
138736,2019-08-20,2,26500000.0,Transfer,Outside_bank,2019-05-27,2019-05-02,839969.47375,2019-08-20 02:00:00,31.54876555379643,0.7916666666666666,85.08333333333333,27,0,1,1,0.03703702331962099,1,3.0
23883,2019-12-28,10,48000000.0,Transfer,Outside_bank,2019-06-12,2019-06-12,3525196.618571429,2019-12-28 10:00:00,13.616261784375487,144.0,199.41666666666666,2,1,0,0,0.0,0,3.0
100866,2019-10-20,0,18180867.0,Payment,Credit_card_repayment,2019-03-01,2019-02-19,457680.697,2019-10-20 00:00:00,39.72391040036098,0.125,233.0,55,0,1,1,0.018181814876033656,1,3.0
438952,2019-10-24,15,19714430.0,Payment,Credit_card_repayment,2019-06-19,2019-06-19,500566.10000000003,2019-10-24 15:00:00,39.38426912970366,127.625,127.625,0,1,0,0,0.0,0,3.0
271485,2019-11-18,11,15000000.0,Transfer,Outside_bank,2019-04-24,2019-04-22,1485781.7533333334,2019-11-18 11:00:00,10.095695391497927,208.45833333333334,208.45833333333334,0,1,0,0,0.0,0,3.0
271559,2019-07-26,10,16500000.0,Transfer,Outside_bank,2019-03-18,2019-03-12,885542.034,2019-07-26 10:00:00,18.63265589469881,93.75,130.41666666666666,2,1,0,1,0.49999750001249993,0,3.0
385657,2019-12-07,0,30200000.0,Transfer,Outside_bank,2019-11-11,2019-11-11,365591.4,2019-12-07 00:00:00,82.6058818647647,0.20833333333333334,26.0,7,0,1,0,0.0,1,3.0
318307,2019-11-21,1,50000000.0,Transfer,Outside_bank,2019-11-02,2019-11-02,3461030.34,2019-11-21 01:00:00,14.446565065319692,0.20833333333333334,19.041666666666668,6,0,1,0,0.0,1,3.0
3603,2019-10-07,11,24000000.0,Transfer,Within_bank,2019-06-29,2019-05-06,1074566.4828571428,2019-10-07 11:00:00,22.334588303893067,100.45833333333333,100.45833333333333,0,1,0,0,0.0,0,3.0
58675,2019-12-14,11,36750086.0,Transfer,Outside_bank,2019-06-13,2019-05-13,54559.2175,2019-12-14 11:00:00,673.5816178680382,176.25,184.45833333333334,1,1,0,1,0.9999900000999989,0,3.0
242088,2019-10-09,15,16800000.0,Transfer,Outside_bank,2019-05-13,2019-04-04,1531549.13125,2019-10-09 15:00:00,10.969285710200298,149.625,149.625,0,1,0,0,0.0,0,3.0
217258,2019-12-14,10,135000000.0,Transfer,Outside_bank,2019-02-16,2019-02-16,1607077.7199999997,2019-12-14 10:00:00,84.0034046387999,301.4166666666667,301.4166666666667,0,1,0,0,0.0,0,3.0
89133,2019-09-28,9,10572626.0,Payment,Credit_card_repayment,2019-03-25,2019-03-20,117779.058,2019-09-28 09:00:00,89.76660349161845,187.375,187.375,0,1,0,0,0.0,0,3.0
192706,2019-12-29,18,30106000.0,Payment,Credit_card_repayment,2019-07-24,2019-01-24,85532.21500000001,2019-12-29 18:00:00,351.98433708843095,158.75,158.75,0,1,0,0,0.0,0,3.0
298397,2019-10-16,14,12229279.0,Payment,Credit_card_repayment,2019-01-23,2019-01-08,0.0,2019-10-16 14:00:00,1222927900000.0,266.5833333333333,266.5833333333333,0,1,0,0,0.0,0,3.0
358202,2019-09-10,15,50000000.0,Transfer,Outside_bank,2019-03-04,2019-02-19,4498929.6729999995,2019-09-10 15:00:00,11.113754522539049,190.625,190.625,0,1,0,0,0.0,0,3.0
242309,2019-10-26,5,11000000.0,Transfer,Outside_bank,2019-07-18,2019-04-11,306468.81666666665,2019-10-26 05:00:00,35.892721873903774,100.20833333333333,100.20833333333333,0,1,1,0,0.0,0,3.0
246633,2019-12-06,0,7550000.0,Transfer,Outside_bank,2019-11-25,2019-11-25,153796.575,2019-12-06 00:00:00,49.09082012723035,3.2916666666666665,11.0,7,0,1,0,0.0,1,3.0
430631,2019-07-02,12,15220000.0,Transfer,Outside_bank,2019-03-21,2019-03-11,324454.065,2019-07-02 12:00:00,46.90956792152043,103.5,103.5,0,1,0,0,0.0,0,3.0
198052,2019-07-05,0,11850000.0,Transfer,Outside_bank,2019-04-05,2019-03-14,330693.57666666666,2019-07-05 00:00:00,35.833777356934434,31.25,91.0,4,0,1,0,0.0,1,3.0
486117,2019-09-20,9,50000000.0,Transfer,Outside_bank,2019-01-10,2019-01-10,633162.8466666667,2019-09-20 09:00:00,78.96862594266084,100.75,253.375,1,1,0,0,0.0,0,3.0
13936,2019-12-05,0,7900000.0,Transfer,Within_bank,2019-11-03,2019-09-25,337933.445,2019-12-05 00:00:00,23.377384265017703,6.083333333333333,32.0,3,0,1,0,0.0,1,3.0
344517,2019-10-07,5,5000000.0,Transfer,Outside_bank,2019-04-27,2019-04-16,245731.32375,2019-10-07 05:00:00,20.347426300781184,3.5416666666666665,163.20833333333334,10,0,1,0,0.0,1,3.0
116143,2019-11-21,10,386700000.0,Transfer,Outside_bank,2019-04-12,2019-04-12,1896676.7488888886,2019-11-21 10:00:00,203.88292323639112,167.625,223.41666666666666,6,1,0,0,0.0,0,3.0
518515,2019-10-31,14,18009000.0,Payment,Credit_card_repayment,2019-07-03,2019-07-03,407005.37666666665,2019-10-31 14:00:00,44.247572715253625,120.58333333333333,120.58333333333333,0,1,0,0,0.0,0,3.0
28778,2019-11-23,1,47000000.0,Transfer,Within_bank,2019-09-19,2019-09-19,2798500.4299999997,2019-11-23 01:00:00,16.79470887193398,2.625,65.04166666666667,16,0,1,0,0.0,1,3.0
254255,2019-10-19,0,8900000.0,Payment,Credit_card_repayment,2019-07-18,2019-07-18,350931.69,2019-10-19 00:00:00,25.36106100804515,1.625,93.0,6,0,1,0,0.0,1,3.0
519588,2019-12-31,1,40000000.0,Transfer,Outside_bank,2019-06-18,2019-06-18,3384703.5914285714,2019-12-31 01:00:00,11.817873831309154,0.20833333333333334,196.04166666666666,32,0,1,0,0.0,1,3.0
472249,2019-10-02,9,50000000.0,Transfer,Outside_bank,2019-03-28,2019-03-28,1830597.1949999998,2019-10-02 09:00:00,27.3134909942473,114.04166666666667,188.375,1,1,0,0,0.0,0,3.0
116278,2019-08-26,19,10455688.0,Payment,Credit_card_repayment,2019-04-09,2019-04-04,341770.18799999997,2019-08-26 19:00:00,30.592744384405094,139.79166666666666,139.79166666666666,0,1,0,0,0.0,0,3.0
519899,2019-07-25,1,40000000.0,Payment,Credit_card_repayment,2019-06-19,2019-06-19,517284.3014285714,2019-07-25 01:00:00,77.32691653073505,0.4166666666666667,36.041666666666664,4,0,1,0,0.0,1,3.0
469721,2019-12-08,11,20460000.0,Payment,Credit_card_repayment,2019-06-24,2019-06-20,398367.87142857147,2019-12-08 11:00:00,51.35956352633458,111.625,167.45833333333334,12,1,0,0,0.0,0,3.0
519899,2019-12-27,16,50000000.0,Transfer,Outside_bank,2019-06-19,2019-06-19,517284.3014285714,2019-12-27 16:00:00,96.65864566341881,93.0,191.66666666666666,13,1,0,1,0.07692301775152481,0,3.0
138736,2019-10-24,0,36000000.0,Transfer,Outside_bank,2019-05-27,2019-05-02,839969.47375,2019-10-24 00:00:00,42.858700374968734,3.1666666666666665,150.0,129,0,1,2,0.01550387476714149,1,3.0
519930,2019-08-06,0,200000000.0,Transfer,Within_bank,2019-06-11,2019-06-11,4220432.277142857,2019-08-06 00:00:00,47.38851067050456,0.041666666666666664,56.0,116,0,1,4,0.03448275564803831,1,3.0
138736,2019-10-25,1,11000000.0,Transfer,Outside_bank,2019-05-27,2019-05-02,839969.47375,2019-10-25 01:00:00,13.09571400346267,0.5416666666666666,151.04166666666666,131,0,1,3,0.022900761610628883,1,3.0
430662,2019-11-27,16,50000000.0,Transfer,Outside_bank,2019-05-16,2019-05-16,1016866.24375,2019-11-27 16:00:00,49.17067540281233,195.66666666666666,195.66666666666666,0,1,0,0,0.0,0,3.0
45900,2019-06-05,14,13660612.0,Payment,Credit_card_repayment,2019-02-28,2019-02-28,121818.89909090911,2019-06-05 14:00:00,112.13869195028748,96.83333333333333,97.58333333333333,1,1,0,0,0.0,0,3.0
520086,2019-07-29,11,32000000.0,Transfer,Outside_bank,2019-04-01,2019-03-28,1946506.634,2019-07-29 11:00:00,16.439707649018782,119.45833333333333,119.45833333333333,0,1,0,0,0.0,0,3.0
520325,2019-12-26,2,20000000.0,Transfer,Outside_bank,2019-12-11,2019-11-27,900281.835,2019-12-26 02:00:00,22.215265511580437,0.2916666666666667,15.083333333333334,4,0,1,0,0.0,1,3.0
520419,2019-09-22,0,7000000.0,Transfer,Outside_bank,2019-03-14,2019-03-14,617094.743,2019-09-22 00:00:00,11.343476960857153,0.4166666666666667,192.0,16,0,1,0,0.0,1,3.0
522605,2019-09-12,13,38750438.0,Transfer,Outside_bank,2019-03-07,2019-03-07,1618978.175,2019-09-12 13:00:00,23.935120681760054,189.54166666666666,189.54166666666666,0,1,0,0,0.0,0,3.0
523675,2019-08-28,13,45000000.0,Transfer,VNDirect,2019-03-01,2019-03-01,1068673.717,2019-08-28 13:00:00,42.10826867334561,180.54166666666666,180.54166666666666,0,1,0,0,0.0,0,3.0
380071,2019-11-18,16,10000000.0,Payment,Credit_card_repayment,2019-06-05,2019-03-01,85748.68875,2019-11-18 16:00:00,116.61985908599449,129.375,166.66666666666666,3,1,0,0,0.0,0,3.0
523712,2019-06-13,1,123800000.0,Transfer,Outside_bank,2019-03-04,2019-03-04,10919401.815000001,2019-06-13 01:00:00,11.33761739858518,27.75,101.04166666666667,7,0,1,0,0.0,1,3.0
524696,2019-07-11,5,50000000.0,Transfer,Within_bank,2019-03-30,2019-03-30,485987.63499999995,2019-07-11 05:00:00,102.88327603020429,0.5,103.20833333333333,18,0,1,0,0.0,1,3.0
14325,2019-09-18,10,384600000.0,Transfer,Outside_bank,2019-06-18,2019-06-18,2833024.5200000005,2019-09-18 10:00:00,135.75597291287912,92.41666666666667,92.41666666666667,0,1,0,0,0.0,0,3.0
524696,2019-09-20,5,8000000.0,Transfer,Within_bank,2019-03-30,2019-03-30,485987.63499999995,2019-09-20 05:00:00,16.461324164832686,0.375,174.20833333333334,42,0,1,2,0.04761903628118183,1,3.0
248047,2019-10-13,17,10000000.0,Transfer,Outside_bank,2019-06-06,2019-05-06,157814.26625,2019-10-13 17:00:00,63.3656274365268,90.29166666666667,129.70833333333334,1,1,0,0,0.0,0,3.0
525989,2019-09-09,17,16000000.0,Transfer,Outside_bank,2019-05-28,2019-05-15,794363.1775,2019-09-09 17:00:00,20.141920538352977,104.70833333333333,104.70833333333333,0,1,0,0,0.0,0,3.0
527021,2019-12-23,15,35000000.0,Transfer,Outside_bank,2019-07-02,2019-06-20,1407199.3950000003,2019-12-23 15:00:00,24.87209710586272,174.625,174.625,0,1,0,0,0.0,0,3.0
370198,2019-09-17,8,112000000.0,Transfer,Outside_bank,2019-02-01,2019-02-01,6587514.619999999,2019-09-17 08:00:00,17.00185980002121,173.95833333333334,228.33333333333334,5,1,0,0,0.0,0,3.0
198597,2019-12-03,22,15000000.0,Payment,Credit_card_repayment,2019-08-23,2019-06-14,425806.45,2019-12-03 22:00:00,35.227272859882056,102.91666666666667,102.91666666666667,0,1,0,0,0.0,0,3.0
527812,2019-07-10,0,10600000.0,Transfer,Outside_bank,2019-06-27,2019-06-27,354304.9771428571,2019-07-10 00:00:00,29.91772818203133,0.041666666666666664,13.0,7,0,1,0,0.0,1,3.0
474952,2019-05-30,0,5000000.0,Transfer,Outside_bank,2019-04-01,2019-04-01,323052.94999999995,2019-05-30 00:00:00,15.477338931110912,2.2083333333333335,59.0,32,0,1,0,0.0,1,3.0
389575,2019-12-04,17,20000000.0,Transfer,Outside_bank,2019-07-29,2019-04-09,524770.9444444445,2019-12-04 17:00:00,38.11186616056295,114.29166666666667,128.70833333333334,2,1,0,0,0.0,0,3.0
101661,2019-10-24,17,35000000.0,Payment,Credit_card_repayment,2019-01-10,2019-01-04,624107.9725,2019-10-24 17:00:00,56.080039899569144,287.7083333333333,287.7083333333333,0,1,0,0,0.0,0,3.0
529413,2019-12-02,11,101000000.0,Transfer,Outside_bank,2019-03-26,2019-03-25,572489.94625,2019-12-02 11:00:00,176.42231214682363,251.45833333333334,251.45833333333334,0,1,0,0,0.0,0,3.0
529599,2019-09-06,0,28000000.0,Payment,Credit_card_repayment,2019-07-24,2019-07-24,401784.945,2019-09-06 00:00:00,69.68902231840246,0.3333333333333333,44.0,13,0,1,0,0.0,1,3.0
159989,2019-10-03,8,50000000.0,Transfer,Outside_bank,2019-04-02,2019-04-02,466267.7622222223,2019-10-03 08:00:00,107.2345206982115,184.33333333333334,184.33333333333334,0,1,0,0,0.0,0,3.0
530228,2019-11-04,0,25000000.0,Transfer,Outside_bank,2019-04-27,2019-02-27,1268579.9066666667,2019-11-04 00:00:00,19.707075501056277,0.3333333333333333,191.0,25,0,1,0,0.0,1,3.0
499841,2019-09-12,4,13429100.0,Payment,Credit_card_repayment,2019-05-13,2019-05-13,629797.1414285714,2019-09-12 04:00:00,21.322897670391914,2.7083333333333335,122.16666666666667,4,0,1,0,0.0,1,3.0
530228,2019-11-04,1,25000000.0,Transfer,Outside_bank,2019-04-27,2019-02-27,1268579.9066666667,2019-11-04 01:00:00,19.707075501056277,0.041666666666666664,191.04166666666666,26,0,1,1,0.03846152366864474,1,3.0
531863,2019-10-28,13,13565000.0,Payment,Credit_card_repayment,2019-03-25,2019-03-25,1304929.5144444446,2019-10-28 13:00:00,10.395197479820322,217.54166666666666,217.54166666666666,0,1,0,0,0.0,0,3.0
532346,2019-12-26,16,181000000.0,Transfer,Outside_bank,2019-01-23,2019-01-23,1471903.11,2019-12-26 16:00:00,122.9700506569147,337.6666666666667,337.6666666666667,0,1,0,0,0.0,0,3.0
298751,2019-12-01,4,6544639.0,Transfer,Outside_bank,2019-10-25,2019-10-25,560797.0933333334,2019-12-01 04:00:00,11.670244153696453,4.75,37.166666666666664,7,0,1,0,0.0,1,3.0
532948,2019-08-07,9,10744000.0,Transfer,Outside_bank,2019-04-18,2019-04-18,546391.0533333333,2019-08-07 09:00:00,19.66357233387722,111.375,111.375,0,1,0,0,0.0,0,3.0
536459,2019-07-26,12,100000000.0,Transfer,Within_bank,2019-01-05,2019-01-04,745952.7416666667,2019-07-26 12:00:00,134.05674972818187,185.66666666666666,202.5,1,1,0,0,0.0,0,3.0
539932,2019-12-29,1,20000000.0,Payment,Credit_card_repayment,2019-10-29,2019-10-29,1212149.07,2019-12-29 01:00:00,16.49962079320409,0.625,61.041666666666664,4,0,1,0,0.0,1,3.0
540522,2019-11-21,21,50000000.0,Transfer,Outside_bank,2019-05-21,2019-01-31,2137661.1041666665,2019-11-21 21:00:00,23.39004994866004,184.875,184.875,0,1,0,0,0.0,0,3.0
75882,2019-11-25,15,45000000.0,Transfer,Outside_bank,2019-04-16,2019-04-16,3580862.564444444,2019-11-25 15:00:00,12.56680455896131,200.20833333333334,223.625,3,1,0,0,0.0,0,3.0
540535,2019-11-15,15,20000000.0,Transfer,Outside_bank,2019-03-18,2019-01-22,59404.480833333335,2019-11-15 15:00:00,336.6749396017068,148.04166666666666,242.625,6,1,0,0,0.0,0,3.0
242784,2019-08-31,0,38774400.0,Transfer,Outside_bank,2019-04-10,2019-04-10,453615.1377777778,2019-08-31 00:00:00,85.47862884183654,2.4166666666666665,143.0,58,0,1,1,0.017241376337693733,1,3.0
540896,2019-10-15,14,45015000.0,Payment,Credit_card_repayment,2019-05-30,2019-05-30,170773.4525,2019-10-15 14:00:00,263.59483478478046,138.58333333333334,138.58333333333334,0,1,0,0,0.0,0,3.0
542052,2019-11-22,9,30000000.0,Transfer,Outside_bank,2019-04-17,2019-04-17,1973666.0444444446,2019-11-22 09:00:00,15.200139904262535,219.375,219.375,0,1,0,0,0.0,0,3.0
447464,2019-09-05,10,130000000.0,Transfer,Outside_bank,2019-02-25,2019-02-25,11358476.503636364,2019-09-05 10:00:00,11.445196893990724,131.95833333333334,192.41666666666666,3,1,0,0,0.0,0,3.0
90037,2019-07-11,1,29000000.0,Transfer,Outside_bank,2019-04-23,2019-03-14,2062564.5133333334,2019-07-11 01:00:00,14.060166269898717,2.6666666666666665,79.04166666666667,3,0,1,0,0.0,1,3.0
242784,2019-09-01,2,6180000.0,Transfer,Outside_bank,2019-04-10,2019-04-10,453615.1377777778,2019-09-01 02:00:00,13.623883960617052,1.0833333333333333,144.08333333333334,59,0,1,2,0.0338982993392713,1,3.0
542134,2019-12-30,16,11111660.0,Transfer,Outside_bank,2019-09-06,2019-09-06,2370.32,2019-12-30 16:00:00,4687.831159135343,115.66666666666667,115.66666666666667,0,1,0,0,0.0,0,3.0
543263,2019-07-28,1,5000000.0,Transfer,Outside_bank,2019-04-05,2019-04-04,434172.1377777778,2019-07-28 01:00:00,11.5161696590581,0.4166666666666667,114.04166666666667,29,0,1,1,0.03448274673008733,1,3.0
543263,2019-08-30,0,11000000.0,Transfer,Outside_bank,2019-04-05,2019-04-04,434172.1377777778,2019-08-30 00:00:00,25.335573249927823,0.041666666666666664,147.0,59,0,1,2,0.0338982993392713,1,3.0
543395,2019-12-23,16,220000000.0,Transfer,Outside_bank,2019-05-20,2019-05-20,638087.26,2019-12-23 16:00:00,344.7804301821544,217.66666666666666,217.66666666666666,0,1,0,0,0.0,0,3.0
544016,2019-04-27,2,10000000.0,Transfer,Outside_bank,2019-03-14,2019-03-14,494566.215,2019-04-27 02:00:00,20.21973943326841,6.291666666666667,44.083333333333336,3,0,1,0,0.0,1,3.0
286748,2019-12-03,13,35000000.0,Transfer,Within_bank,2019-03-14,2019-03-14,1792903.2260000003,2019-12-03 13:00:00,19.52141057712882,264.5416666666667,264.5416666666667,0,1,0,0,0.0,0,3.0
544583,2019-10-16,21,50000000.0,Transfer,Outside_bank,2019-04-10,2019-04-10,1231696.5944444444,2019-10-16 21:00:00,40.59441280029397,189.875,189.875,0,1,0,0,0.0,0,3.0
544740,2019-11-25,14,103500000.0,Transfer,Outside_bank,2019-05-25,2019-05-25,1517495.3875,2019-11-25 14:00:00,68.20449067053124,142.95833333333334,184.58333333333334,2,1,0,0,0.0,0,3.0
544871,2019-11-07,18,31039835.0,Transfer,Outside_bank,2019-04-17,2019-04-17,194844.06111111108,2019-11-07 18:00:00,159.30603592123998,204.75,204.75,0,1,0,0,0.0,0,3.0
546991,2019-12-23,9,17605153.0,Transfer,Within_bank,2019-06-21,2019-06-21,8156.055714285714,2019-12-23 09:00:00,2158.537606306241,185.375,185.375,0,1,0,0,0.0,0,3.0
550998,2019-06-08,15,50000000.0,Transfer,Outside_bank,2019-02-19,2019-02-19,1495927.6527272726,2019-06-08 15:00:00,33.4240762970784,109.625,109.625,0,1,0,0,0.0,0,3.0
248478,2019-11-25,20,20000000.0,Transfer,Outside_bank,2019-01-03,2019-01-02,11495.661666666667,2019-11-25 20:00:00,1739.7867615219595,284.3333333333333,326.8333333333333,3,1,0,0,0.0,0,3.0
481450,2019-10-12,10,286765000.0,Transfer,Outside_bank,2019-05-18,2019-05-18,138134.82625,2019-10-12 10:00:00,2075.9790109718274,144.95833333333334,147.41666666666666,3,1,0,0,0.0,0,3.0
76719,2019-12-05,17,36437750.0,Payment,Credit_card_repayment,2019-07-06,2019-03-14,89886.97,2019-12-05 17:00:00,405.3729922807084,152.70833333333334,152.70833333333334,0,1,0,0,0.0,0,3.0
550998,2019-10-10,14,100000000.0,Transfer,Outside_bank,2019-02-19,2019-02-19,1495927.6527272726,2019-10-10 14:00:00,66.8481525941568,122.04166666666667,233.58333333333334,2,1,0,0,0.0,0,3.0
149641,2019-10-28,3,10400000.0,Transfer,Within_bank,2019-07-26,2019-07-26,731274.4783333334,2019-10-28 03:00:00,14.221746154139952,0.125,94.125,61,0,1,3,0.049180319806504946,1,3.0
218166,2019-11-17,5,9000000.0,Transfer,Outside_bank,2019-01-29,2019-01-29,164453.32333333333,2019-11-17 05:00:00,54.72677485033534,35.416666666666664,292.2083333333333,25,0,1,0,0.0,1,3.0
102567,2019-12-19,12,20000000.0,Payment,Credit_card_repayment,2019-07-25,2019-07-25,367741.94,2019-12-19 12:00:00,54.385964242903974,147.5,147.5,0,1,0,0,0.0,0,3.0
551307,2019-08-24,11,45000000.0,Payment,Credit_card_repayment,2019-04-02,2019-04-02,1060750.358888889,2019-08-24 11:00:00,42.42279969314572,144.45833333333334,144.45833333333334,0,1,0,0,0.0,0,3.0
206586,2019-11-04,12,19899534.0,Payment,Credit_card_repayment,2019-02-14,2019-02-12,121457.23,2019-11-04 12:00:00,163.83984714917014,263.5,263.5,0,1,0,0,0.0,0,3.0
242784,2019-10-06,3,6200000.0,Transfer,Outside_bank,2019-04-10,2019-04-10,453615.1377777778,2019-10-06 03:00:00,13.6679741999718,1.5416666666666667,179.125,88,0,1,4,0.04545454028925679,1,3.0
554339,2019-08-31,10,14000000.0,Transfer,Outside_bank,2019-04-12,2019-04-12,1009684.4866666668,2019-08-31 10:00:00,13.865717642231386,141.41666666666666,141.41666666666666,0,1,0,0,0.0,0,3.0
96529,2019-10-03,14,59801392.0,Payment,Credit_card_repayment,2019-06-25,2019-06-25,871081.216,2019-10-03 14:00:00,68.65191316364407,100.58333333333333,100.58333333333333,0,1,0,0,0.0,0,3.0
185559,2019-06-21,11,20000000.0,Transfer,Within_bank,2019-03-15,2019-03-15,1913899.6260000002,2019-06-21 11:00:00,10.449868806179232,98.45833333333333,98.45833333333333,0,1,0,0,0.0,0,3.0
472573,2019-08-26,14,20000000.0,Payment,Credit_card_repayment,2019-04-18,2019-04-18,349417.4975,2019-08-26 14:00:00,57.23811813238579,130.58333333333334,130.58333333333334,0,1,0,0,0.0,0,3.0
139821,2019-12-07,2,5700000.0,Payment,Credit_card_repayment,2019-09-19,2019-09-19,216586.035,2019-12-07 02:00:00,26.31748625776738,4.5,79.08333333333333,8,0,1,0,0.0,1,3.0
554983,2019-12-25,15,28100000.0,Transfer,Outside_bank,2019-08-27,2019-08-26,934536.1699999999,2019-12-25 15:00:00,30.068392109102977,120.625,120.625,0,1,0,0,0.0,0,3.0
455127,2019-08-31,0,35000000.0,Transfer,Outside_bank,2019-04-18,2019-04-12,908740.4514285715,2019-08-31 00:00:00,38.51484760537912,0.08333333333333333,135.0,38,0,1,1,0.026315782548478276,1,3.0
556195,2019-11-08,0,12100000.0,Transfer,Outside_bank,2019-09-19,2019-05-07,906143.5833333334,2019-11-08 00:00:00,13.353292151951784,22.5,50.0,4,0,1,0,0.0,1,3.0
254914,2019-11-23,17,400000000.0,Transfer,Within_bank,2019-07-31,2019-07-31,176599.785,2019-11-23 17:00:00,2265.008419898982,115.70833333333333,115.70833333333333,0,1,0,0,0.0,0,3.0
277560,2019-12-11,16,11690000.0,Transfer,Within_bank,2019-01-11,2019-01-10,103149.24166666665,2019-12-11 16:00:00,113.33093496357122,334.6666666666667,334.6666666666667,0,1,0,0,0.0,0,3.0
102965,2019-10-15,16,30000000.0,Transfer,Outside_bank,2019-07-12,2019-07-11,1960477.42,2019-10-15 16:00:00,15.302395066527712,95.66666666666667,95.66666666666667,0,1,0,0,0.0,0,3.0
378060,2019-09-21,5,97176000.0,Payment,Credit_card_repayment,2019-07-25,2019-07-25,211120.646,2019-09-21 05:00:00,460.2865794347614,10.916666666666666,58.208333333333336,10,0,1,0,0.0,1,3.0
558307,2019-12-21,1,10746110.0,Payment,Credit_card_repayment,2019-05-13,2019-04-29,297665.77875,2019-12-21 01:00:00,36.101261101513124,29.583333333333332,222.04166666666666,6,0,1,0,0.0,1,3.0
242784,2019-10-13,3,5000000.0,Transfer,Outside_bank,2019-04-10,2019-04-10,453615.1377777778,2019-10-13 03:00:00,11.022559838686934,0.75,186.125,100,0,1,5,0.0499999950000005,1,3.0
425664,2019-10-22,9,25000000.0,Payment,Credit_card_repayment,2019-07-22,2019-07-22,656047.465,2019-10-22 09:00:00,38.10699885810691,92.375,92.375,0,1,0,0,0.0,0,3.0
249167,2019-11-26,7,200000000.0,Transfer,Outside_bank,2019-05-28,2019-05-28,2879906.50625,2019-11-26 07:00:00,69.44669889986486,177.79166666666666,182.29166666666666,4,1,0,0,0.0,0,3.0
90515,2019-12-11,3,10470000.0,Transfer,Within_bank,2019-08-09,2019-07-29,924214.5279999999,2019-12-11 03:00:00,11.32853864842808,0.375,124.125,241,0,1,2,0.008298754842375317,1,3.0
90515,2019-12-11,4,15000000.0,Transfer,Within_bank,2019-08-09,2019-07-29,924214.5279999999,2019-12-11 04:00:00,16.229998063650545,0.041666666666666664,124.16666666666667,242,0,1,3,0.012396693702615962,1,3.0
425699,2019-11-02,15,15950000.0,Payment,Credit_card_repayment,2019-07-26,2019-07-25,473356.70166666666,2019-11-02 15:00:00,33.69551955957071,99.625,99.625,0,1,0,0,0.0,0,3.0
562106,2019-11-19,12,29980000.0,Transfer,Outside_bank,2019-03-26,2019-03-19,2580.65,2019-11-19 12:00:00,11617.228172680416,197.91666666666666,238.5,2,1,0,0,0.0,0,3.0
15953,2019-12-03,15,47000000.0,Transfer,Outside_bank,2019-04-25,2019-04-25,2078313.977777778,2019-12-03 15:00:00,22.6144848672135,169.375,222.625,2,1,0,0,0.0,0,3.0
562803,2019-11-02,3,20000000.0,Transfer,Outside_bank,2019-04-26,2019-04-26,689100.7344444445,2019-11-02 03:00:00,29.023332874305872,0.25,190.125,10,0,1,0,0.0,1,3.0
160683,2019-11-22,17,50000000.0,Transfer,Within_bank,2019-08-20,2019-08-20,3046654.472,2019-11-22 17:00:00,16.411444244615307,94.70833333333333,94.70833333333333,0,1,0,0,0.0,0,3.0
563988,2019-12-01,0,14640000.0,Transfer,Outside_bank,2019-10-23,2019-10-23,613279.085,2019-12-01 00:00:00,23.87167662787862,26.666666666666668,39.0,5,0,1,0,0.0,1,3.0
414846,2019-10-02,5,190000000.0,Transfer,Outside_bank,2019-01-10,2019-01-03,5888666.998333334,2019-10-02 05:00:00,32.265366687138695,207.54166666666666,265.2083333333333,2,1,1,0,0.0,0,3.0
380404,2019-08-20,14,50000000.0,Transfer,Outside_bank,2019-04-18,2019-04-18,3214848.9366666665,2019-08-20 14:00:00,15.552830314847466,123.95833333333333,124.58333333333333,1,1,0,0,0.0,0,3.0
364826,2019-09-26,0,28364700.0,Transfer,Outside_bank,2019-04-23,2019-04-23,329959.11375,2019-09-26 00:00:00,85.96428714083474,12.416666666666666,156.0,7,0,1,0,0.0,1,3.0
566204,2019-12-16,15,200000000.0,Transfer,Within_bank,2019-06-15,2019-06-15,14132063.772857143,2019-12-16 15:00:00,14.152214652752276,184.625,184.625,0,1,0,0,0.0,0,3.0
249441,2019-10-21,14,44809500.0,Payment,Credit_card_repayment,2019-06-12,2019-06-12,812502.7966666665,2019-10-21 14:00:00,55.14996401647074,131.58333333333334,131.58333333333334,0,1,0,0,0.0,0,3.0
481537,2019-12-13,11,47800000.0,Transfer,Outside_bank,2019-07-31,2019-07-31,1225973.8075,2019-12-13 11:00:00,38.98941372742998,135.45833333333334,135.45833333333334,0,1,0,0,0.0,0,3.0
566647,2019-11-17,5,35000000.0,Transfer,Outside_bank,2019-10-26,2019-10-26,3086459.865,2019-11-17 05:00:00,11.339852624290192,0.5833333333333334,22.208333333333332,6,0,1,0,0.0,1,3.0
567214,2019-04-24,18,86200000.0,Transfer,Outside_bank,2019-01-14,2019-01-02,408775.2866666667,2019-04-24 18:00:00,210.87380477622298,92.25,100.75,1,1,0,0,0.0,0,3.0
464319,2019-10-09,15,510000000.0,Transfer,Outside_bank,2019-06-15,2019-06-12,93228.24571428572,2019-10-09 15:00:00,5470.445099956936,116.625,116.625,0,1,0,0,0.0,0,3.0
354324,2019-07-26,20,10000000.0,Transfer,Outside_bank,2019-04-06,2019-03-11,234022.661,2019-07-26 20:00:00,42.730904592067226,111.83333333333333,111.83333333333333,0,1,0,0,0.0,0,3.0
501562,2019-09-21,0,10000000.0,Payment,Credit_card_repayment,2019-05-20,2019-01-10,43813.269166666665,2019-09-21 00:00:00,228.24135673778096,25.416666666666668,124.0,11,0,1,0,0.0,1,3.0
568914,2019-11-25,14,49000000.0,Payment,Credit_card_repayment,2019-06-25,2019-06-25,184903.226,2019-11-25 14:00:00,265.0034888918053,153.58333333333334,153.58333333333334,0,1,0,0,0.0,0,3.0
570077,2019-12-03,0,24880000.0,Transfer,Outside_bank,2019-10-22,2019-10-22,1363091.6566666665,2019-12-03 00:00:00,18.252624376455767,9.583333333333334,42.0,10,0,1,0,0.0,1,3.0
434242,2019-10-09,10,200000000.0,Transfer,Outside_bank,2019-04-03,2019-04-03,6967936.037777778,2019-10-09 10:00:00,28.70290411900756,138.75,189.41666666666666,1,1,0,0,0.0,0,3.0
407562,2019-12-11,9,70000000.0,Transfer,Within_bank,2019-07-01,2019-05-31,33170.98375,2019-12-11 09:00:00,2110.2780823887147,163.375,163.375,0,1,0,0,0.0,0,3.0
571161,2019-09-03,12,49222561.0,Payment,Credit_card_repayment,2019-05-31,2019-05-31,582108.0225,2019-09-03 12:00:00,84.55915241943674,95.5,95.5,0,1,0,0,0.0,0,3.0
165248,2019-11-19,16,250000000.0,Transfer,Outside_bank,2019-01-26,2019-01-26,251745.14,2019-11-19 16:00:00,993.0678303861966,297.6666666666667,297.6666666666667,0,1,0,0,0.0,0,3.0
571507,2019-11-28,15,20000000.0,Transfer,Outside_bank,2019-08-22,2019-08-21,1784214.8699999999,2019-11-28 15:00:00,11.209412238497881,98.625,98.625,0,1,0,0,0.0,0,3.0
334793,2019-06-06,5,100000000.0,Transfer,Outside_bank,2019-01-19,2019-01-19,3307993.6116666663,2019-06-06 05:00:00,30.229804449143028,138.20833333333334,138.20833333333334,0,1,1,0,0.0,0,3.0
218904,2019-11-24,0,500000000.0,Transfer,Outside_bank,2019-11-23,2019-11-21,16583685.0,2019-11-24 00:00:00,30.150114404590926,0.16666666666666666,1.0,3,0,1,0,0.0,1,3.0
571670,2019-12-03,16,500000000.0,Transfer,Outside_bank,2019-02-13,2019-02-13,52801.75,2019-12-03 16:00:00,9469.383115243456,293.6666666666667,293.6666666666667,0,1,0,0,0.0,0,3.0
16064,2019-12-23,18,15682676.0,Payment,Credit_card_repayment,2019-09-19,2019-09-19,166418.6775,2019-12-23 18:00:00,94.23627344387255,95.75,95.75,0,1,0,0,0.0,0,3.0
242784,2019-12-09,0,17980961.0,Transfer,Outside_bank,2019-04-10,2019-04-10,453615.1377777778,2019-12-09 00:00:00,39.639243715919214,0.16666666666666666,243.0,161,0,1,8,0.04968943790748833,1,3.0
287264,2019-06-22,12,100000000.0,Transfer,Outside_bank,2019-02-01,2019-02-01,5662494.882727273,2019-06-22 12:00:00,17.66006010969843,141.5,141.5,0,1,0,0,0.0,0,3.0
263323,2019-06-20,17,39700000.0,Payment,Credit_card_repayment,2019-03-07,2019-03-07,585620.517,2019-06-20 17:00:00,67.79134071786984,105.70833333333333,105.70833333333333,0,1,0,0,0.0,0,3.0
130028,2019-01-30,1,20250000.0,Payment,Credit_card_repayment,2019-01-23,2019-01-23,118764.44499999999,2019-01-30 01:00:00,170.50557511799886,0.5,7.041666666666667,19,0,1,0,0.0,1,3.0
571963,2019-06-04,0,50000000.0,Transfer,Within_bank,2019-05-07,2019-05-07,2373581.35,2019-06-04 00:00:00,21.06521438575903,0.08333333333333333,28.0,37,0,1,1,0.0270270197224271,1,3.0
334793,2019-10-16,8,65000000.0,Transfer,Outside_bank,2019-01-19,2019-01-19,3307993.6116666663,2019-10-16 08:00:00,19.649372891942967,100.08333333333333,270.3333333333333,5,1,0,1,0.19999960000080003,0,3.0
575025,2019-08-28,9,19000000.0,Transfer,Within_bank,2019-02-26,2019-02-22,234496.80000000002,2019-08-28 09:00:00,81.02455981996238,183.375,183.375,0,1,0,0,0.0,0,3.0
576543,2019-12-15,8,11979874.0,Payment,Credit_card_repayment,2019-05-21,2019-05-21,33018.84285714286,2019-12-15 08:00:00,362.81931647947613,208.33333333333334,208.33333333333334,0,1,0,0,0.0,0,3.0
578497,2019-12-01,16,46400000.0,Transfer,Outside_bank,2019-07-29,2019-03-13,3528215.058181818,2019-12-01 16:00:00,13.151125777400777,125.66666666666667,125.66666666666667,0,1,0,0,0.0,0,3.0
218965,2019-09-15,22,22932360.0,Payment,Credit_card_repayment,2019-01-21,2019-01-19,40566.11083333333,2019-09-15 22:00:00,565.3083207449926,237.91666666666666,237.91666666666666,0,1,0,0,0.0,0,3.0
582590,2019-12-19,17,10035000.0,Transfer,Outside_bank,2019-09-05,2019-08-19,18269.824,2019-12-19 17:00:00,549.2663746792161,105.70833333333333,105.70833333333333,0,1,0,0,0.0,0,3.0
103580,2019-07-29,15,80940000.0,Transfer,Outside_bank,2019-04-26,2019-04-26,2077858.5799999998,2019-07-29 15:00:00,38.95356535747032,94.625,94.625,0,1,0,0,0.0,0,3.0
583083,2019-12-11,17,50000000.0,Transfer,Outside_bank,2019-01-07,2019-01-07,2882732.8525000005,2019-12-11 17:00:00,17.344652646694232,198.25,338.7083333333333,7,1,0,0,0.0,0,3.0
322479,2019-12-05,15,19900000.0,Payment,Credit_card_repayment,2019-06-14,2019-06-14,87096.77,2019-12-05 15:00:00,228.48149245620914,174.625,174.625,0,1,0,0,0.0,0,3.0
140325,2019-12-11,15,50000000.0,Transfer,Outside_bank,2019-08-09,2019-08-09,2167318.258,2019-12-11 15:00:00,23.069985137258648,124.625,124.625,0,1,0,0,0.0,0,3.0
584219,2019-12-27,10,399900000.0,Transfer,Outside_bank,2019-09-17,2019-09-17,3785045.435,2019-12-27 10:00:00,105.6526287111646,101.41666666666667,101.41666666666667,0,1,0,0,0.0,0,3.0
334944,2019-07-14,4,29800000.0,Transfer,Outside_bank,2019-06-06,2019-03-15,809213.3857142858,2019-07-14 04:00:00,36.8258861330223,1.75,38.166666666666664,7,0,1,0,0.0,1,3.0
477575,2019-12-31,13,50000000.0,Transfer,Outside_bank,2019-05-16,2019-05-16,3208187.90375,2019-12-31 13:00:00,15.585122037708558,120.66666666666667,229.54166666666666,5,1,0,0,0.0,0,3.0
584775,2019-08-18,4,10635607.0,Payment,Credit_card_repayment,2019-02-19,2019-01-30,462109.8190909091,2019-08-18 04:00:00,23.01532354515398,33.791666666666664,180.16666666666666,3,0,1,0,0.0,1,3.0
176016,2019-12-14,10,16124914.0,Payment,Credit_card_repayment,2019-05-21,2019-05-14,1401757.5371428572,2019-12-14 10:00:00,11.503354590660303,207.41666666666666,207.41666666666666,0,1,0,0,0.0,0,3.0
400625,2019-07-24,1,10500000.0,Transfer,Outside_bank,2019-06-12,2019-06-12,1046826.2814285714,2019-07-24 01:00:00,10.03031752849257,0.125,42.041666666666664,95,0,1,0,0.0,1,3.0
235219,2019-11-27,10,200000000.0,Transfer,Outside_bank,2019-02-19,2019-02-18,19276096.79,2019-11-27 10:00:00,10.37554449838889,205.91666666666666,281.4166666666667,3,1,0,0,0.0,0,3.0
584784,2019-11-25,15,300000000.0,Transfer,Outside_bank,2019-08-24,2019-08-24,2537529.752,2019-11-25 15:00:00,118.22521480284806,93.16666666666667,93.625,1,1,0,0,0.0,0,3.0
242784,2019-12-29,0,9000000.0,Transfer,Outside_bank,2019-04-10,2019-04-10,453615.1377777778,2019-12-29 00:00:00,19.840607709636483,0.16666666666666666,263.0,190,0,1,9,0.04736841855955692,1,3.0
66185,2019-11-27,12,19849000.0,Payment,Credit_card_repayment,2019-06-17,2019-06-17,1929456.6885714286,2019-11-27 12:00:00,10.287351935633934,163.5,163.5,0,1,0,0,0.0,0,3.0
585034,2019-12-20,14,17605000.0,Transfer,Within_bank,2019-06-17,2019-06-17,13.77,2019-12-20 14:00:00,1278503.065720359,186.58333333333334,186.58333333333334,0,1,0,0,0.0,0,3.0
242867,2019-10-23,15,22196413.0,Payment,Credit_card_repayment,2019-06-03,2019-06-03,495582.12666666665,2019-10-23 15:00:00,44.78856642560404,142.625,142.625,0,1,0,0,0.0,0,3.0
585173,2019-09-05,0,13400000.0,Transfer,Within_bank,2019-03-04,2019-03-04,614788.9519999999,2019-09-05 00:00:00,21.796097597703806,10.166666666666666,185.0,58,0,1,2,0.03448275267538747,1,3.0
585714,2019-11-09,0,100000000.0,Transfer,Outside_bank,2019-08-16,2019-07-03,8774920.214,2019-11-09 00:00:00,11.396115014281317,0.20833333333333334,85.0,115,0,1,3,0.026086954253308325,1,3.0
585714,2019-12-08,3,160000000.0,Transfer,Outside_bank,2019-08-16,2019-07-03,8774920.214,2019-12-08 03:00:00,18.23378402285011,0.4583333333333333,114.125,183,0,1,6,0.03278688345426866,1,3.0
149987,2019-06-28,5,50000000.0,Transfer,Outside_bank,2019-03-26,2019-03-26,3660530.0719999997,2019-06-28 05:00:00,13.659223941997276,0.5,94.20833333333333,4,0,1,0,0.0,1,3.0
46982,2019-08-11,2,5000000.0,Transfer,Outside_bank,2019-07-24,2019-07-24,217885.94499999998,2019-08-11 02:00:00,22.947785823314685,0.2916666666666667,18.083333333333332,4,0,1,0,0.0,1,3.0
587337,2019-08-29,6,28700000.0,Transfer,Outside_bank,2019-01-11,2019-01-08,2311730.2120000003,2019-08-29 06:00:00,12.41494351325969,230.25,230.25,0,1,0,0,0.0,0,3.0
235289,2019-11-21,8,50000000.0,Transfer,Within_bank,2019-08-10,2019-08-09,3177115.915,2019-11-21 08:00:00,15.737543526120488,103.33333333333333,103.33333333333333,0,1,0,0,0.0,0,3.0
587549,2019-08-31,3,50000000.0,Transfer,Outside_bank,2019-02-14,2019-02-14,3236216.4654545453,2019-08-31 03:00:00,15.450140784331838,0.5833333333333334,198.125,3,0,1,0,0.0,1,3.0
587777,2019-12-20,1,7820000.0,Transfer,Outside_bank,2019-03-11,2019-03-11,780534.1070000001,2019-12-20 01:00:00,10.018780639780308,0.125,284.0416666666667,183,0,1,4,0.021857922302845775,1,3.0
589306,2019-12-11,13,69517607.0,Payment,Credit_card_repayment,2019-08-08,2019-08-08,13427.52,2019-12-11 13:00:00,5177.248438149973,125.54166666666667,125.54166666666667,0,1,0,0,0.0,0,3.0
165551,2019-11-04,15,39999000.0,Payment,Credit_card_repayment,2019-07-30,2019-07-23,1256497.638,2019-11-04 15:00:00,31.833724783875525,97.625,97.625,0,1,0,0,0.0,0,3.0
589920,2019-11-02,10,48939000.0,Payment,Credit_card_repayment,2019-05-09,2019-02-15,2063867.839090909,2019-11-02 10:00:00,23.712274145092298,177.41666666666666,177.41666666666666,0,1,0,0,0.0,0,3.0
590931,2019-11-13,15,50000000.0,Transfer,Outside_bank,2019-04-08,2019-04-08,791188.0522222222,2019-11-13 15:00:00,63.196100925604554,146.0,219.625,6,1,0,0,0.0,0,3.0
116643,2019-09-10,18,110000000.0,Transfer,Outside_bank,2019-05-07,2019-05-07,603651.76375,2019-09-10 18:00:00,182.22426671105333,126.75,126.75,0,1,0,0,0.0,0,3.0
591368,2019-07-18,12,53785000.0,Payment,Credit_card_repayment,2019-03-19,2019-03-13,805704.1816666666,2019-07-18 12:00:00,66.75526976671968,121.5,121.5,0,1,0,0,0.0,0,3.0
592038,2019-07-26,8,36512186.0,Payment,Credit_card_repayment,2019-01-23,2019-01-23,121466.425,2019-07-26 08:00:00,300.5948845287416,154.91666666666666,184.33333333333334,1,1,0,0,0.0,0,3.0
592926,2019-12-11,1,50000000.0,Transfer,Outside_bank,2019-09-20,2019-09-20,222526.88249999998,2019-12-11 01:00:00,224.6919537811486,0.5,82.04166666666667,13,0,1,0,0.0,1,3.0
593580,2019-12-29,7,24000000.0,Transfer,Outside_bank,2019-01-22,2019-01-22,531061.0066666667,2019-12-29 07:00:00,45.19254793378618,162.95833333333334,341.2916666666667,3,1,0,1,0.3333322222259259,0,3.0
423884,2019-12-19,0,5000000.0,Transfer,Within_bank,2019-11-23,2019-11-23,99182.26,2019-12-19 00:00:00,50.41224105496162,2.0833333333333335,26.0,3,0,1,0,0.0,1,3.0
278763,2019-11-04,17,30000000.0,Transfer,Within_bank,2019-06-15,2019-06-15,193485.40714285715,2019-11-04 17:00:00,155.05045285559666,117.91666666666667,142.70833333333334,1,1,0,0,0.0,0,3.0
593963,2019-12-17,8,50000000.0,Transfer,Outside_bank,2019-07-11,2019-01-02,3290667.5316666663,2019-12-17 08:00:00,15.194485471014422,156.08333333333334,159.33333333333334,2,1,0,0,0.0,0,3.0
594581,2019-10-19,17,15950000.0,Payment,Credit_card_repayment,2019-03-06,2019-03-06,558663.661,2019-10-19 17:00:00,28.55027293374376,130.41666666666666,227.70833333333334,2,1,0,0,0.0,0,3.0
595152,2019-10-01,15,206000000.0,Transfer,Outside_bank,2019-04-04,2019-02-27,1038179.9390909091,2019-10-01 15:00:00,198.42417700577164,180.625,180.625,0,1,0,0,0.0,0,3.0
116859,2019-09-25,9,50000000.0,Payment,Credit_card_repayment,2019-05-27,2019-05-08,242791.7275,2019-09-25 09:00:00,205.93782379978586,121.375,121.375,0,1,0,0,0.0,0,3.0
66417,2019-04-19,5,95000000.0,Transfer,Outside_bank,2019-03-26,2019-03-22,8739183.204,2019-04-19 05:00:00,10.870581126667417,0.5416666666666666,24.208333333333332,13,0,1,0,0.0,1,3.0
66417,2019-11-28,8,399900000.0,Transfer,Outside_bank,2019-03-26,2019-03-22,8739183.204,2019-11-28 08:00:00,45.75942518478211,195.5,247.33333333333334,16,1,0,1,0.06249996093752441,0,3.0
596331,2019-06-08,15,200000000.0,Transfer,Outside_bank,2019-01-23,2019-01-23,8511730.538333332,2019-06-08 15:00:00,23.496984438011438,110.0,136.625,4,1,0,0,0.0,0,3.0
597858,2019-12-25,1,10000000.0,Transfer,Outside_bank,2019-09-17,2019-01-25,637257.1560000001,2019-12-25 01:00:00,15.692252186875525,19.416666666666668,99.04166666666667,7,0,1,0,0.0,1,3.0
598354,2019-11-04,12,14799000.0,Transfer,Outside_bank,2019-01-17,2019-01-11,447.3,2019-11-04 12:00:00,33085.17699340092,291.5,291.5,0,1,0,0,0.0,0,3.0
598652,2019-10-11,17,20321000.0,Transfer,Outside_bank,2019-05-31,2019-05-31,134487.36375,2019-10-11 17:00:00,151.09969763600935,125.33333333333333,133.70833333333334,1,1,0,0,0.0,0,3.0
599967,2019-12-31,8,10000000.0,Transfer,Outside_bank,2019-06-28,2019-06-28,523556.67285714287,2019-12-31 08:00:00,19.100129018005255,186.33333333333334,186.33333333333334,0,1,0,0,0.0,0,3.0
66496,2019-08-17,0,11000000.0,Transfer,Outside_bank,2019-04-25,2019-04-25,740123.2988888888,2019-08-17 00:00:00,14.862388491708264,0.041666666666666664,114.0,70,0,1,3,0.042857136734694753,1,3.0
255567,2019-10-08,7,40200000.0,Transfer,Outside_bank,2019-01-29,2019-01-29,320703.1425,2019-10-08 07:00:00,125.34956684668751,252.29166666666666,252.29166666666666,0,1,0,0,0.0,0,3.0
602302,2019-06-29,0,37526112.0,Payment,Credit_card_repayment,2019-03-26,2019-03-26,646574.38,2019-06-29 00:00:00,58.038352833311485,95.0,95.0,0,1,1,0,0.0,0,3.0
151131,2019-12-01,0,19100000.0,Transfer,Outside_bank,2019-10-26,2019-10-26,225396.415,2019-12-01 00:00:00,84.73959090765753,11.375,36.0,3,0,1,0,0.0,1,3.0
602995,2019-11-05,13,50000000.0,Transfer,Outside_bank,2019-01-07,2019-01-07,689964.8066666666,2019-11-05 13:00:00,72.46746430565574,302.5416666666667,302.5416666666667,0,1,0,0,0.0,0,3.0
603510,2019-10-08,16,37500000.0,Payment,Credit_card_repayment,2019-05-08,2019-01-30,906199.2616666667,2019-10-08 16:00:00,41.381627182764205,153.66666666666666,153.66666666666666,0,1,0,0,0.0,0,3.0
91029,2019-11-06,15,27718145.0,Payment,Credit_card_repayment,2019-03-05,2019-01-23,172703.706,2019-11-06 15:00:00,160.49536886252486,246.625,246.625,0,1,0,0,0.0,0,3.0
161731,2019-08-29,17,49145051.0,Payment,Credit_card_repayment,2019-05-29,2019-05-29,18433.18,2019-08-29 17:00:00,2666.118975311846,92.70833333333333,92.70833333333333,0,1,0,0,0.0,0,3.0
116906,2019-08-01,1,112000000.0,Transfer,Outside_bank,2019-07-27,2019-07-27,3381874.151666667,2019-08-01 01:00:00,33.11773146391997,0.25,5.041666666666667,3,0,1,0,0.0,1,3.0
606084,2019-11-19,0,7000000.0,Topup,eWallet,2019-10-15,2019-10-15,99934.98,2019-11-19 00:00:00,70.0455436054477,2.375,35.0,11,0,1,0,0.0,1,3.0
608370,2019-12-17,13,400000000.0,Transfer,Outside_bank,2019-07-20,2019-06-20,7341609.292857142,2019-12-17 13:00:00,54.48396721256012,150.54166666666666,150.54166666666666,0,1,0,0,0.0,0,3.0
287914,2019-11-08,11,15389183.0,Payment,Credit_card_repayment,2019-05-10,2019-05-02,1439898.5574999999,2019-11-08 11:00:00,10.687685545440324,182.45833333333334,182.45833333333334,0,1,0,0,0.0,0,3.0
235551,2019-09-20,4,50000000.0,Transfer,Outside_bank,2019-01-26,2019-01-24,4518960.445,2019-09-20 04:00:00,11.064491625548929,0.4166666666666667,237.16666666666666,4,0,1,0,0.0,1,3.0
488554,2019-12-30,11,410000000.0,Transfer,Outside_bank,2019-06-28,2019-06-28,591579.6585714285,2019-12-30 11:00:00,693.0596650046331,185.45833333333334,185.45833333333334,0,1,0,0,0.0,0,3.0
608400,2019-11-19,8,20000000.0,Transfer,Outside_bank,2019-05-27,2019-05-27,724567.32375,2019-11-19 08:00:00,27.602680032842116,176.33333333333334,176.33333333333334,0,1,0,0,0.0,0,3.0
608433,2019-12-06,5,9500000.0,Transfer,Outside_bank,2019-07-09,2019-07-08,112870.43,2019-12-06 05:00:00,84.16730581391714,0.5416666666666666,150.20833333333334,7,0,1,0,0.0,1,3.0
612078,2019-11-22,16,400000000.0,Transfer,Outside_bank,2019-02-11,2019-02-11,127298.70090909091,2019-11-22 16:00:00,3142.2158836815925,284.6666666666667,284.6666666666667,0,1,0,0,0.0,0,3.0
613411,2019-06-01,1,7055000.0,Transfer,Outside_bank,2019-03-27,2019-03-27,334806.245,2019-06-01 01:00:00,21.07188890634128,16.25,66.04166666666667,4,0,1,0,0.0,1,3.0
614601,2019-10-07,20,100000000.0,Transfer,Outside_bank,2019-04-05,2019-04-05,1924843.487777778,2019-10-07 20:00:00,51.952275930200415,131.33333333333334,185.83333333333334,4,1,0,0,0.0,0,3.0
497825,2019-06-26,11,50260524.0,Payment,Credit_card_repayment,2019-03-11,2019-02-21,1109969.7736363637,2019-06-26 11:00:00,45.28098439553814,107.45833333333333,107.45833333333333,0,1,0,0,0.0,0,3.0
615037,2019-12-28,11,48000000.0,Transfer,Outside_bank,2019-06-18,2019-06-18,3361453.27,2019-12-28 11:00:00,14.279538087958368,127.375,193.45833333333334,3,1,0,2,0.6666644444518518,0,3.0
615240,2019-12-24,15,10534942.0,Payment,Credit_card_repayment,2019-08-09,2019-08-09,85749.382,2019-12-24 15:00:00,122.8573518905527,137.625,137.625,0,1,0,0,0.0,0,3.0
141224,2019-10-16,9,16765000.0,Payment,Credit_card_repayment,2019-04-12,2019-04-12,0.0,2019-10-16 09:00:00,1676499999999.9998,187.375,187.375,0,1,0,0,0.0,0,3.0
615314,2019-11-26,11,40009500.0,Payment,Insurance_payment,2019-08-22,2019-08-22,1019849.458,2019-11-26 11:00:00,39.23079007961555,96.45833333333333,96.45833333333333,0,1,0,0,0.0,0,3.0
615324,2019-09-16,8,14000000.0,Transfer,Outside_bank,2019-03-15,2019-03-15,897974.092,2019-09-16 08:00:00,15.590650247673398,97.54166666666667,185.33333333333334,14,1,0,0,0.0,0,3.0
616206,2019-11-01,11,33170506.0,Payment,Credit_card_repayment,2019-07-16,2019-07-16,360300.45,2019-11-01 11:00:00,92.06345981271842,108.45833333333333,108.45833333333333,0,1,0,0,0.0,0,3.0
616928,2019-11-01,0,15000000.0,Payment,Credit_card_repayment,2019-07-13,2019-07-13,552018.8239999999,2019-11-01 00:00:00,27.172986404768462,8.666666666666666,111.0,5,0,1,0,0.0,1,3.0
620470,2019-09-19,13,50000000.0,Transfer,Outside_bank,2019-03-27,2019-03-27,3321082.4579999996,2019-09-19 13:00:00,15.055332299686444,176.54166666666666,176.54166666666666,0,1,0,0,0.0,0,3.0
620715,2019-04-25,9,100000000.0,Transfer,Outside_bank,2019-01-14,2019-01-02,1792497.2033333334,2019-04-25 09:00:00,55.7880926193256,95.54166666666667,101.375,1,1,0,0,0.0,0,3.0
373573,2019-10-10,0,34000000.0,Transfer,Outside_bank,2019-08-17,2019-08-17,2401121.05,2019-10-10 00:00:00,14.160052447109404,0.4583333333333333,54.0,9,0,1,0,0.0,1,3.0
621562,2019-11-27,16,100000000.0,Transfer,Outside_bank,2019-08-26,2019-05-08,9921869.336,2019-11-27 16:00:00,10.07874591102146,93.66666666666667,93.66666666666667,0,1,0,0,0.0,0,3.0
31609,2019-07-31,1,50000000.0,Transfer,Outside_bank,2019-05-31,2019-05-31,2423877.15,2019-07-31 01:00:00,20.62810815300343,2.5,61.041666666666664,5,0,1,0,0.0,1,3.0
505750,2019-10-25,15,29000000.0,Payment,Credit_card_repayment,2019-05-28,2019-05-22,1621494.64125,2019-10-25 15:00:00,17.884733789477856,150.625,150.625,0,1,0,0,0.0,0,3.0
452216,2019-10-17,3,5000000.0,Transfer,Outside_bank,2019-07-11,2019-07-11,280584.945,2019-10-17 03:00:00,17.819915462042342,0.5833333333333334,98.125,25,0,1,1,0.0399999840000064,1,3.0
462975,2019-09-22,0,32500000.0,Transfer,Outside_bank,2019-08-01,2019-08-01,1680326.254,2019-09-22 00:00:00,19.341482002343685,0.3333333333333333,52.0,66,0,1,1,0.015151512855831386,1,3.0
622873,2019-12-16,22,16400000.0,Transfer,Outside_bank,2019-03-28,2019-01-15,171552.078,2019-12-16 22:00:00,95.59779275331205,183.5,263.9166666666667,1,1,0,0,0.0,0,3.0
623017,2019-11-14,2,115000000.0,Transfer,Outside_bank,2019-05-13,2019-05-13,1080017.5375,2019-11-14 02:00:00,106.4797524169233,0.5833333333333334,185.08333333333334,13,0,1,0,0.0,1,3.0
354422,2019-08-25,0,19850000.0,Payment,Credit_card_repayment,2019-01-25,2019-01-25,457340.9483333333,2019-08-25 00:00:00,43.40306738748064,15.458333333333334,212.0,41,0,1,1,0.024390237953600496,1,3.0
425947,2019-09-10,5,14700000.0,Transfer,Outside_bank,2019-02-27,2019-02-26,150994.41818181818,2019-09-10 05:00:00,97.35459215005962,195.20833333333334,195.20833333333334,0,1,1,0,0.0,0,3.0
447996,2019-10-20,20,30000000.0,Transfer,Outside_bank,2019-04-16,2019-04-13,773417.7533333334,2019-10-20 20:00:00,38.78886910769229,114.25,187.83333333333334,9,1,0,0,0.0,0,3.0
390497,2019-12-01,11,32733000.0,Payment,Credit_card_repayment,2019-06-17,2019-03-07,858825.1657142857,2019-12-01 11:00:00,38.11369450544081,153.125,167.45833333333334,1,1,0,0,0.0,0,3.0
627903,2019-11-23,20,20000000.0,Payment,Credit_card_repayment,2019-08-09,2019-08-09,43884.5,2019-11-23 20:00:00,455.74177660546616,106.83333333333333,106.83333333333333,0,1,0,0,0.0,0,3.0
340888,2019-07-31,15,50000000.0,Transfer,Outside_bank,2019-01-22,2019-01-22,251817.84583333333,2019-07-31 15:00:00,198.55622159164662,134.20833333333334,190.625,4,1,0,0,0.0,0,3.0
208074,2019-12-30,13,50000000.0,Transfer,Outside_bank,2019-08-16,2019-08-16,1205683.95,2019-12-30 13:00:00,41.47023770166742,136.54166666666666,136.54166666666666,0,1,0,0,0.0,0,3.0
371274,2019-12-23,19,18422941.0,Payment,Credit_card_repayment,2019-08-23,2019-08-23,650578.4550000001,2019-12-23 19:00:00,28.31778528496893,122.79166666666667,122.79166666666667,0,1,0,0,0.0,0,3.0
104177,2019-09-15,0,50000000.0,Transfer,Outside_bank,2019-08-21,2019-02-15,3447334.533636363,2019-09-15 00:00:00,14.503959366865766,0.25,25.0,8,0,1,0,0.0,1,3.0
373715,2019-10-26,0,23000000.0,Transfer,Outside_bank,2019-09-20,2019-09-20,561492.4724999999,2019-10-26 00:00:00,40.96225884771836,9.25,36.0,3,0,1,0,0.0,1,3.0
311694,2019-08-27,15,35000000.0,Payment,Credit_card_repayment,2019-01-21,2019-01-21,269100.86,2019-08-27 15:00:00,130.06275787709995,218.625,218.625,0,1,0,0,0.0,0,3.0
141945,2019-11-19,10,25000000.0,Transfer,Outside_bank,2019-07-26,2019-07-26,1619011.8566666665,2019-11-19 10:00:00,15.441517550907449,116.41666666666667,116.41666666666667,0,1,0,0,0.0,0,3.0
381813,2019-12-16,16,29638157.0,Payment,Credit_card_repayment,2019-02-01,2019-02-01,94195.62818181819,2019-12-16 16:00:00,314.6447193880954,318.6666666666667,318.6666666666667,0,1,0,0,0.0,0,3.0
627959,2019-12-17,21,100000000.0,Payment,Credit_card_repayment,2019-05-20,2019-05-11,537164.6742857143,2019-12-17 21:00:00,186.16265139011924,173.16666666666666,211.875,1,1,0,0,0.0,0,3.0
630178,2019-05-08,14,10000000.0,Transfer,Outside_bank,2019-01-02,2019-01-02,377470.57,2019-05-08 14:00:00,26.49213155805783,126.58333333333333,126.58333333333333,0,1,0,0,0.0,0,3.0
300903,2019-12-09,15,334000000.0,Transfer,Outside_bank,2019-08-01,2019-08-01,22104850.158,2019-12-09 15:00:00,15.109806110989197,130.625,130.625,0,1,0,0,0.0,0,3.0
631011,2019-05-14,14,50000000.0,Transfer,Outside_bank,2019-01-25,2019-01-14,4040401.0883333334,2019-05-14 14:00:00,12.37500904161504,109.58333333333333,109.58333333333333,0,1,0,0,0.0,0,3.0
142049,2019-07-29,10,100000000.0,Transfer,Outside_bank,2019-01-28,2019-01-28,174117.29333333333,2019-07-29 10:00:00,574.3254910516839,182.41666666666666,182.41666666666666,0,1,0,0,0.0,0,3.0
4944,2019-12-26,16,50000000.0,Transfer,Outside_bank,2019-08-05,2019-08-05,3679594.118,2019-12-26 16:00:00,13.588455247080628,143.66666666666666,143.66666666666666,0,1,0,0,0.0,0,3.0
631421,2019-12-11,12,52073020.0,Payment,Credit_card_repayment,2019-06-08,2019-06-07,450764.05,2019-12-11 12:00:00,115.52167924404083,119.95833333333333,186.5,3,1,0,0,0.0,0,3.0
632280,2019-12-20,17,11000000.0,Transfer,Outside_bank,2019-05-06,2019-03-19,23733.321,2019-12-20 17:00:00,463.48338672725856,228.70833333333334,228.70833333333334,0,1,0,0,0.0,0,3.0
632818,2019-09-18,10,43850000.0,Payment,Credit_card_repayment,2019-04-26,2019-01-08,127510.70333333334,2019-09-18 10:00:00,343.89269959503065,138.875,145.41666666666666,1,1,0,0,0.0,0,3.0
92383,2019-12-12,9,50000000.0,Transfer,Outside_bank,2019-05-13,2019-05-13,1693396.17625,2019-12-12 09:00:00,29.526463270059445,213.375,213.375,0,1,0,0,0.0,0,3.0
104352,2019-11-27,14,18087000.0,Transfer,Outside_bank,2019-06-03,2019-05-24,1540151.7242857143,2019-11-27 14:00:00,11.743648183928686,124.20833333333333,177.58333333333334,2,1,0,0,0.0,0,3.0
187270,2019-11-05,10,32032000.0,Payment,Credit_card_repayment,2019-07-31,2019-07-26,657757.13,2019-11-05 10:00:00,48.69882596257529,97.41666666666667,97.41666666666667,0,1,0,0,0.0,0,3.0
633339,2019-10-25,21,30000000.0,Payment,Credit_card_repayment,2019-02-21,2019-02-21,710035.9481818182,2019-10-25 21:00:00,42.251381886224465,246.875,246.875,0,1,0,0,0.0,0,3.0
637725,2019-12-06,0,50000000.0,Transfer,Within_bank,2019-03-27,2019-03-26,1798448.628,2019-12-06 00:00:00,27.80173935539402,0.2916666666666667,254.0,13,0,1,0,0.0,1,3.0
638089,2019-12-27,16,26080000.0,Transfer,Outside_bank,2019-04-08,2019-04-05,149569.07555555558,2019-12-27 16:00:00,174.36759504854487,263.6666666666667,263.6666666666667,0,1,0,0,0.0,0,3.0
335845,2019-09-26,11,18000000.0,Transfer,Outside_bank,2019-06-26,2019-06-26,1370443.1614285712,2019-09-26 11:00:00,13.134437462627181,92.45833333333333,92.45833333333333,0,1,0,0,0.0,0,3.0
639460,2019-10-12,11,213000000.0,Transfer,Outside_bank,2019-06-04,2019-06-04,1162396.365,2019-10-12 11:00:00,183.24214219146114,130.45833333333334,130.45833333333334,0,1,0,0,0.0,0,3.0
639460,2019-10-18,2,16215000.0,Transfer,Outside_bank,2019-06-04,2019-06-04,1162396.365,2019-10-18 02:00:00,13.949630683730247,0.16666666666666666,136.08333333333334,4,0,1,0,0.0,1,3.0
639631,2019-11-23,10,49811148.0,Payment,Credit_card_repayment,2019-05-16,2019-05-08,335732.115,2019-11-23 10:00:00,148.36575285184244,191.41666666666666,191.41666666666666,0,1,0,0,0.0,0,3.0
48378,2019-12-01,5,16300000.0,Transfer,Outside_bank,2019-10-22,2019-10-22,40187.365000000005,2019-12-01 05:00:00,405.6001182447268,3.7916666666666665,40.208333333333336,3,0,1,0,0.0,1,3.0
640282,2019-12-03,8,50000000.0,Transfer,Outside_bank,2019-03-30,2019-03-30,1888920.6989999998,2019-12-03 08:00:00,26.470142460827205,154.58333333333334,248.33333333333334,2,1,0,0,0.0,0,3.0
641175,2019-11-23,4,17000000.0,Payment,Credit_card_repayment,2019-11-05,2019-11-05,118387.095,2019-11-23 04:00:00,143.5967323850968,0.5416666666666666,18.166666666666668,6,0,1,0,0.0,1,3.0
641186,2019-12-26,13,50000000.0,Transfer,Outside_bank,2019-06-11,2019-06-11,1523550.6742857143,2019-12-26 13:00:00,32.81807480615195,198.54166666666666,198.54166666666666,0,1,0,0,0.0,0,3.0
642013,2019-12-20,16,10135435.0,Transfer,Outside_bank,2019-09-05,2019-09-05,834145.445,2019-12-20 16:00:00,12.150680748341788,106.66666666666667,106.66666666666667,0,1,0,0,0.0,0,3.0
643981,2019-09-07,6,22800000.0,Transfer,Outside_bank,2019-03-06,2019-03-06,238110.33000000002,2019-09-07 06:00:00,95.7539305373373,185.25,185.25,0,1,0,0,0.0,0,3.0
497825,2019-07-13,0,20000000.0,Transfer,Outside_bank,2019-03-11,2019-02-21,1109969.7736363637,2019-07-13 00:00:00,18.018508679112912,0.25,124.0,3,0,1,0,0.0,1,3.0
644360,2019-10-18,6,140000000.0,Transfer,Within_bank,2019-07-04,2019-07-04,3419630.2883333336,2019-10-18 06:00:00,40.94009825483915,106.25,106.25,0,1,0,0,0.0,0,3.0
142224,2019-12-02,15,178000000.0,Transfer,Outside_bank,2019-02-01,2019-02-01,7907244.836363637,2019-12-02 15:00:00,22.51100145289457,304.625,304.625,0,1,0,0,0.0,0,3.0
400625,2019-08-04,1,15000000.0,Transfer,Outside_bank,2019-06-12,2019-06-12,1046826.2814285714,2019-08-04 01:00:00,14.329025040703673,0.16666666666666666,53.041666666666664,152,0,1,2,0.013157893871191192,1,3.0
648258,2019-12-05,0,11000000.0,Transfer,Outside_bank,2019-04-04,2019-03-14,360284.81444444443,2019-12-05 00:00:00,30.531400599430135,0.0,245.0,47,0,1,2,0.042553182435493095,1,3.0
488640,2019-05-04,0,50000000.0,Transfer,Outside_bank,2019-05-02,2019-05-02,968996.38875,2019-05-04 00:00:00,51.59977950380571,0.041666666666666664,2.0,7,0,1,0,0.0,1,3.0
311818,2019-11-19,0,44747754.0,Payment,Credit_card_repayment,2019-04-08,2019-04-08,999649.381111111,2019-11-19 00:00:00,44.763448910272125,51.541666666666664,225.0,3,0,1,0,0.0,1,3.0
92978,2019-12-14,10,15000000.0,Transfer,Outside_bank,2019-07-23,2019-07-23,532242.15,2019-12-14 10:00:00,28.18266084284789,116.04166666666667,144.41666666666666,14,1,0,0,0.0,0,3.0
104526,2019-08-22,11,36455338.0,Payment,Credit_card_repayment,2019-01-09,2019-01-04,387027.5725,2019-08-22 11:00:00,94.19312883465962,161.91666666666666,225.45833333333334,1,1,0,0,0.0,0,3.0
649425,2019-12-04,13,10000000.0,Payment,Credit_card_repayment,2019-06-13,2019-06-05,289456.9985714286,2019-12-04 13:00:00,34.5474459039098,174.54166666666666,174.54166666666666,0,1,0,0,0.0,0,3.0
649436,2019-07-22,11,90000000.0,Transfer,Outside_bank,2019-02-14,2019-02-14,3176003.5063636363,2019-07-22 11:00:00,28.337500200924552,158.45833333333334,158.45833333333334,0,1,0,0,0.0,0,3.0
650783,2019-09-13,0,20000000.0,Transfer,Within_bank,2019-06-04,2019-05-27,1380388.74,2019-09-13 00:00:00,14.488672227111264,0.041666666666666664,101.0,64,0,1,3,0.04687499267578239,1,3.0
650886,2019-09-27,17,10800000.0,Transfer,Within_bank,2019-05-14,2019-04-24,804036.488,2019-09-27 17:00:00,13.432226224869634,136.70833333333334,136.70833333333334,0,1,0,0,0.0,0,3.0
653428,2019-10-21,9,239000000.0,Transfer,Outside_bank,2019-07-01,2019-07-01,12300755.479999999,2019-10-21 09:00:00,19.429700914582014,112.375,112.375,0,1,0,0,0.0,0,3.0
33071,2019-11-01,9,13300000.0,Payment,Credit_card_repayment,2019-05-13,2019-05-13,862987.09625,2019-11-01 09:00:00,15.411586172770525,172.375,172.375,0,1,0,0,0.0,0,3.0
654404,2019-07-23,16,11508628.0,Payment,Credit_card_repayment,2019-01-31,2019-01-25,910879.2016666667,2019-07-23 16:00:00,12.634636929700367,173.66666666666666,173.66666666666666,0,1,0,0,0.0,0,3.0
200196,2019-10-25,20,14900000.0,Payment,Credit_card_repayment,2019-04-11,2019-04-11,235483.87,2019-10-25 20:00:00,63.27397286008278,197.83333333333334,197.83333333333334,0,1,0,0,0.0,0,3.0
657045,2019-12-25,15,12000000.0,Transfer,Outside_bank,2019-08-23,2019-07-24,553080.0466666666,2019-12-25 15:00:00,21.696678576826802,124.625,124.625,0,1,0,0,0.0,0,3.0
311848,2019-11-01,14,22100000.0,Transfer,Outside_bank,2019-05-10,2019-03-14,378195.1655555556,2019-11-01 14:00:00,58.43543760521505,175.58333333333334,175.58333333333334,0,1,0,0,0.0,0,3.0
660059,2019-12-24,16,18000000.0,Transfer,Within_bank,2019-03-11,2019-03-11,572129.6457142857,2019-12-24 16:00:00,31.461400636236846,108.04166666666667,288.6666666666667,2,1,0,0,0.0,0,3.0
660212,2019-08-10,13,30000000.0,Transfer,Outside_bank,2019-03-26,2019-03-25,2868261.76,2019-08-10 13:00:00,10.459296434609723,137.54166666666666,137.54166666666666,0,1,0,0,0.0,0,3.0
662903,2019-06-20,9,48065000.0,Transfer,Within_bank,2019-01-12,2019-01-12,2554973.265,2019-06-20 09:00:00,18.812329920724974,105.875,159.375,3,1,0,0,0.0,0,3.0
664930,2019-11-25,7,20000000.0,Payment,Credit_card_repayment,2019-08-23,2019-08-23,928553.4099999999,2019-11-25 07:00:00,21.53887949190194,94.29166666666667,94.29166666666667,0,1,0,0,0.0,0,3.0
665663,2019-11-30,1,100720600.0,Payment,Insurance_payment,2019-10-21,2019-10-17,4356890.13,2019-11-30 01:00:00,23.11754416441271,0.3333333333333333,40.041666666666664,28,0,1,0,0.0,1,3.0
666006,2019-07-05,15,26727697.0,Payment,Credit_card_repayment,2019-03-15,2019-03-13,205702.21666666667,2019-07-05 15:00:00,129.93392794600737,112.625,112.625,0,1,0,0,0.0,0,3.0
118891,2019-12-30,12,50023700.0,Payment,Credit_card_repayment,2019-09-18,2019-09-10,1120237.595,2019-12-30 12:00:00,44.65454491335247,103.5,103.5,0,1,0,0,0.0,0,3.0
378215,2019-10-18,13,300000000.0,Transfer,Outside_bank,2019-04-18,2019-04-18,20030630.13222222,2019-10-18 13:00:00,14.977062529713233,151.08333333333334,183.54166666666666,9,1,0,0,0.0,0,3.0
152518,2019-12-18,17,488950000.0,Transfer,Outside_bank,2019-08-05,2019-08-05,579496.186,2019-12-18 17:00:00,843.7501605775237,135.70833333333334,135.70833333333334,0,1,0,0,0.0,0,3.0
667854,2019-11-25,19,10000000.0,Transfer,Outside_bank,2019-06-04,2019-06-04,866232.58,2019-11-25 19:00:00,11.544243694787557,174.79166666666666,174.79166666666666,0,1,0,0,0.0,0,3.0
200407,2019-12-04,7,16186498.0,Payment,Credit_card_repayment,2019-06-07,2019-06-07,703.31,2019-12-04 07:00:00,23014.74139405467,97.41666666666667,180.29166666666666,3,1,0,1,0.3333322222259259,0,3.0
668079,2019-02-02,0,55150000.0,Payment,Credit_card_repayment,2019-01-24,2019-01-24,187649.28916666668,2019-02-02 00:00:00,293.8993280602187,0.08333333333333333,9.0,4,0,1,0,0.0,1,3.0
669175,2019-11-14,0,16996164.0,Payment,Credit_card_repayment,2019-04-25,2019-04-23,253251.43499999997,2019-11-14 00:00:00,67.11181715250255,0.2916666666666667,203.0,105,0,1,2,0.019047617233560264,1,3.0
670732,2019-12-28,10,15100000.0,Transfer,Outside_bank,2019-09-27,2019-09-25,404516.13,2019-12-28 10:00:00,37.32854855411257,92.41666666666667,92.41666666666667,0,1,0,0,0.0,0,3.0
672421,2019-12-11,0,20000000.0,Transfer,Outside_bank,2019-05-14,2019-05-14,230457.97625,2019-12-11 00:00:00,86.78371790194076,0.16666666666666666,211.0,61,0,1,1,0.016393439935501648,1,3.0
674927,2019-09-06,17,20000000.0,Transfer,Outside_bank,2019-05-28,2019-05-28,253091.39875,2019-09-06 17:00:00,79.02283561586177,96.91666666666667,101.70833333333333,1,1,0,0,0.0,0,3.0
675756,2019-04-11,5,39900000.0,Transfer,Within_bank,2019-04-06,2019-04-06,1995332.7355555557,2019-04-11 05:00:00,19.99666486135746,1.9166666666666667,5.208333333333333,3,0,1,0,0.0,1,3.0
676303,2019-10-24,5,12238858.0,Payment,Credit_card_repayment,2019-03-18,2019-03-14,1092896.81875,2019-10-24 05:00:00,11.198548472202708,12.666666666666666,220.20833333333334,43,0,1,0,0.0,1,3.0
119116,2019-10-28,21,50000000.0,Transfer,Outside_bank,2019-03-11,2019-03-11,4626761.02125,2019-10-28 21:00:00,10.806696038600144,109.54166666666667,231.875,2,1,0,0,0.0,0,3.0
676787,2019-12-27,15,30289270.0,Payment,Credit_card_repayment,2019-09-14,2019-09-05,504774.8275,2019-12-27 15:00:00,60.005508098360835,104.625,104.625,0,1,0,0,0.0,0,3.0
515601,2019-09-15,0,20000000.0,Transfer,Outside_bank,2019-08-21,2019-08-20,1112646.4719999998,2019-09-15 00:00:00,17.975161475926786,2.5,25.0,4,0,1,0,0.0,1,3.0
371740,2019-11-08,11,50000000.0,Transfer,Outside_bank,2019-06-07,2019-03-25,4386805.805,2019-11-08 11:00:00,11.397814770577936,118.75,154.45833333333334,2,1,0,0,0.0,0,3.0
677512,2019-12-24,13,13980240.0,Payment,Credit_card_repayment,2019-08-05,2019-07-18,277031.74666666664,2019-12-24 13:00:00,50.46439683433402,141.54166666666666,141.54166666666666,0,1,0,0,0.0,0,3.0
677665,2019-10-29,16,19000000.0,Transfer,Outside_bank,2019-05-29,2019-05-29,140406.80125,2019-10-29 16:00:00,135.32108010078886,142.91666666666666,153.66666666666666,19,1,0,0,0.0,0,3.0
677928,2019-11-13,1,16000000.0,Payment,Credit_card_repayment,2019-06-27,2019-03-14,1063194.393,2019-11-13 01:00:00,15.048988317839548,0.4166666666666667,139.04166666666666,20,0,1,0,0.0,1,3.0
509489,2019-10-23,17,77000000.0,Transfer,Outside_bank,2019-06-07,2019-06-07,1522061.4971428572,2019-10-23 17:00:00,50.589283116375334,127.91666666666667,138.70833333333334,1,1,0,0,0.0,0,3.0
678220,2019-07-18,18,17880000.0,Payment,Credit_card_repayment,2019-03-25,2019-03-22,885032.699,2019-07-18 18:00:00,20.20264338255594,104.16666666666667,115.75,1,1,0,0,0.0,0,3.0
187791,2019-12-01,0,7800000.0,Transfer,Outside_bank,2019-10-22,2019-10-22,291577.20666666667,2019-12-01 00:00:00,26.751062227746456,21.166666666666668,40.0,6,0,1,0,0.0,1,3.0
680450,2019-10-17,3,50000000.0,Transfer,Outside_bank,2019-06-05,2019-06-05,2401121.564285714,2019-10-17 03:00:00,20.823602079749662,0.20833333333333334,134.125,3,0,1,0,0.0,1,3.0
162075,2019-09-27,17,29000000.0,Transfer,Outside_bank,2019-06-12,2019-06-12,857185.4942857142,2019-09-27 17:00:00,33.83165043387388,107.70833333333333,107.70833333333333,0,1,0,0,0.0,0,3.0
426478,2019-10-22,10,71000000.0,Transfer,Outside_bank,2019-05-05,2019-04-24,4790059.258888889,2019-10-22 10:00:00,14.822363599802536,170.41666666666666,170.41666666666666,0,1,0,0,0.0,0,3.0
501472,2019-09-22,5,500000000.0,Transfer,Outside_bank,2019-04-23,2019-04-23,42060954.004999995,2019-09-22 05:00:00,11.887509730293889,0.625,152.20833333333334,17,0,1,0,0.0,1,3.0
682353,2019-02-13,1,5500000.0,Transfer,Outside_bank,2019-01-11,2019-01-11,520750.94083333336,2019-02-13 01:00:00,10.561670788521266,0.16666666666666666,33.041666666666664,30,0,1,0,0.0,1,3.0
434925,2019-11-07,10,220000000.0,Transfer,Outside_bank,2019-02-20,2019-02-20,15195642.8,2019-11-07 10:00:00,14.47783439604511,100.58333333333333,260.4166666666667,16,1,0,0,0.0,0,3.0
93661,2019-11-14,15,200000000.0,Transfer,Outside_bank,2019-05-21,2019-05-21,15409137.6675,2019-11-14 15:00:00,12.979311647120774,177.625,177.625,0,1,0,0,0.0,0,3.0
682353,2019-03-23,0,7000000.0,Transfer,Outside_bank,2019-01-11,2019-01-11,520750.94083333336,2019-03-23 00:00:00,13.442126458117976,0.125,71.0,74,0,1,2,0.02702702337472657,1,3.0
683096,2019-08-03,9,250000000.0,Transfer,Outside_bank,2019-01-31,2019-01-31,7240780.428333334,2019-08-03 09:00:00,34.526664974040536,184.375,184.375,0,1,0,0,0.0,0,3.0
400625,2019-12-06,4,16000000.0,Transfer,Outside_bank,2019-06-12,2019-06-12,1046826.2814285714,2019-12-06 04:00:00,15.284293376750584,0.041666666666666664,177.16666666666666,377,0,1,11,0.02917771805894647,1,3.0
683301,2019-08-27,13,200000000.0,Transfer,Outside_bank,2019-01-29,2019-01-29,3932262.9791666665,2019-08-27 13:00:00,50.86129820388457,206.91666666666666,210.54166666666666,1,1,0,0,0.0,0,3.0
684046,2019-12-29,5,50000000.0,Transfer,Outside_bank,2019-09-25,2019-09-25,4492112.82,2019-12-29 05:00:00,11.130619822653674,0.8333333333333334,95.20833333333333,17,0,1,0,0.0,1,3.0
684346,2019-08-31,3,10000000.0,Transfer,Outside_bank,2019-07-18,2019-07-18,508017.02499999997,2019-08-31 03:00:00,19.6843796717308,0.4583333333333333,44.125,14,0,1,0,0.0,1,3.0
513183,2019-10-29,14,13500000.0,Transfer,Within_bank,2019-01-05,2019-01-04,1112153.6558333333,2019-10-29 14:00:00,12.138610460047541,95.125,297.5833333333333,4,1,0,0,0.0,0,3.0
684995,2019-07-19,1,8400000.0,Transfer,Outside_bank,2019-03-08,2019-03-08,646469.587,2019-07-19 01:00:00,12.99365069724473,0.0,133.04166666666666,105,0,1,3,0.028571425850340393,1,3.0
685173,2019-07-11,19,251000000.0,Transfer,Outside_bank,2019-02-22,2019-02-18,11844933.125454545,2019-07-11 19:00:00,21.19049532330357,121.16666666666667,139.79166666666666,6,1,0,0,0.0,0,3.0
686198,2019-12-10,8,27000000.0,Transfer,Outside_bank,2019-08-05,2019-06-19,1929893.4457142856,2019-12-10 08:00:00,13.990409708794543,125.875,127.33333333333333,2,1,0,0,0.0,0,3.0
687358,2019-11-27,12,23179000.0,Topup,eWallet,2019-08-08,2019-08-08,400383.656,2019-11-27 12:00:00,57.89197349109844,91.875,111.5,13,1,0,0,0.0,0,3.0
687810,2019-11-22,16,161580000.0,Transfer,Outside_bank,2019-06-03,2019-06-03,3786208.2028571432,2019-11-22 16:00:00,42.67594156011863,172.20833333333334,172.66666666666666,1,1,0,0,0.0,0,3.0
400625,2019-12-27,2,15000000.0,Transfer,Outside_bank,2019-06-12,2019-06-12,1046826.2814285714,2019-12-27 02:00:00,14.329025040703673,0.25,198.08333333333334,407,0,1,12,0.029484028759606176,1,3.0
689051,2019-12-06,16,370000000.0,Transfer,Outside_bank,2019-07-30,2019-07-30,107271.39,2019-12-06 16:00:00,3449.1955400737143,129.66666666666666,129.66666666666666,0,1,0,0,0.0,0,3.0
143117,2019-10-05,5,20000000.0,Transfer,Outside_bank,2019-02-10,2019-01-15,503342.455,2019-10-05 05:00:00,39.734379250013106,0.3333333333333333,237.20833333333334,50,0,1,1,0.019999996000000797,1,3.0
104900,2019-11-02,16,10000000.0,Transfer,Outside_bank,2019-03-09,2019-03-09,665285.0530000001,2019-11-02 16:00:00,15.03115086496568,151.08333333333334,238.66666666666666,4,1,0,0,0.0,0,3.0
691557,2019-09-24,16,999000000.0,Transfer,Outside_bank,2019-05-27,2019-05-27,0.0,2019-09-24 16:00:00,99899999999999.98,111.04166666666667,120.66666666666667,6,1,0,0,0.0,0,3.0
312518,2019-08-03,0,100000000.0,Transfer,Outside_bank,2019-04-11,2019-04-10,823520.0477777778,2019-08-03 00:00:00,121.42995215311399,0.4166666666666667,114.0,9,0,1,0,0.0,1,3.0
694104,2019-12-18,21,50000000.0,Transfer,Within_bank,2019-07-01,2019-06-05,1266679.4785714285,2019-12-18 21:00:00,39.473284951293024,170.41666666666666,170.875,1,1,0,0,0.0,0,3.0
323764,2019-09-01,2,10000000.0,Transfer,Outside_bank,2019-08-30,2019-08-30,188157.41999999998,2019-09-01 02:00:00,53.14698723796559,0.2916666666666667,2.0833333333333335,3,0,1,0,0.0,1,3.0
208723,2019-01-23,0,170000000.0,Transfer,Outside_bank,2019-01-12,2019-01-10,1647745.0783333334,2019-01-23 00:00:00,103.17129890681903,0.6666666666666666,11.0,7,0,1,0,0.0,1,3.0
288704,2019-10-23,17,50000000.0,Transfer,Outside_bank,2019-07-11,2019-07-11,401491.77333333326,2019-10-23 17:00:00,124.53555295451297,104.70833333333333,104.70833333333333,0,1,0,0,0.0,0,3.0
694700,2019-07-08,9,480000000.0,Transfer,Outside_bank,2019-02-15,2019-02-11,1919557.080909091,2019-07-08 09:00:00,250.05768506252193,143.375,143.375,0,1,0,0,0.0,0,3.0
386489,2019-11-07,5,40000000.0,Transfer,Outside_bank,2019-09-17,2019-09-17,3143856.8550000004,2019-11-07 05:00:00,12.72322559351156,0.375,51.208333333333336,13,0,1,0,0.0,1,3.0
695937,2019-02-01,1,25000000.0,Transfer,Outside_bank,2019-01-22,2019-01-22,0.0,2019-02-01 01:00:00,2500000000000.0,0.16666666666666666,10.041666666666666,6,0,1,0,0.0,1,3.0
695937,2019-06-11,14,10000000.0,Transfer,Outside_bank,2019-01-22,2019-01-22,0.0,2019-06-11 14:00:00,999999999999.9999,117.16666666666667,140.58333333333334,9,1,0,1,0.11111098765445816,0,3.0
443494,2019-12-18,14,65638000.0,Transfer,Outside_bank,2019-06-17,2019-06-17,2147249.19,2019-12-18 14:00:00,30.568412974785808,184.58333333333334,184.58333333333334,0,1,0,0,0.0,0,3.0
365607,2019-10-24,0,5000000.0,Transfer,Within_bank,2019-06-24,2019-06-05,105364.83833333333,2019-10-24 00:00:00,47.45416097642939,7.208333333333333,122.0,4,0,1,0,0.0,1,3.0
696132,2019-12-05,3,50000000.0,Transfer,Outside_bank,2019-09-20,2019-09-20,1017809.1425,2019-12-05 03:00:00,49.12512367170916,0.4583333333333333,76.125,6,0,1,0,0.0,1,3.0
400625,2019-12-29,0,35763000.0,Transfer,Outside_bank,2019-06-12,2019-06-12,1046826.2814285714,2019-12-29 00:00:00,34.1632615020457,0.041666666666666664,200.0,417,0,1,15,0.0359712221589635,1,3.0
502663,2019-12-28,10,50000000.0,Transfer,Outside_bank,2019-06-21,2019-06-21,3399349.4514285713,2019-12-28 10:00:00,14.708696682784552,112.875,190.41666666666666,11,1,0,0,0.0,0,3.0
220722,2019-11-27,18,23380000.0,Payment,Insurance_payment,2019-05-30,2019-05-22,2069731.72875,2019-11-27 18:00:00,11.296149967226537,181.75,181.75,0,1,0,0,0.0,0,3.0
696337,2019-09-06,16,15448499.0,Payment,Credit_card_repayment,2019-05-13,2019-04-16,1181900.1099999999,2019-09-06 16:00:00,13.070900720932576,116.66666666666667,116.66666666666667,0,1,0,0,0.0,0,3.0
699076,2019-12-11,15,40000000.0,Transfer,Outside_bank,2019-05-23,2019-04-18,126434.64222222223,2019-12-11 15:00:00,316.3689894936554,202.20833333333334,202.625,3,1,0,0,0.0,0,3.0
699662,2019-08-15,13,28000000.0,Transfer,Outside_bank,2019-02-15,2019-02-12,520693.25800000003,2019-08-15 13:00:00,53.77446235238608,181.54166666666666,181.54166666666666,0,1,0,0,0.0,0,3.0
397082,2019-12-01,0,11500000.0,Transfer,Outside_bank,2019-10-22,2019-10-22,21421.85,2019-12-01 00:00:00,536.8350536779807,3.0833333333333335,40.0,5,0,1,0,0.0,1,3.0
701284,2019-06-24,18,50000000.0,Transfer,Outside_bank,2019-03-07,2019-03-07,1530802.3690000002,2019-06-24 18:00:00,32.66260949957634,109.75,109.75,0,1,0,0,0.0,0,3.0
702986,2019-07-11,9,11269000.0,Transfer,Outside_bank,2019-01-02,2019-01-02,97953.72499999999,2019-07-11 09:00:00,115.04411903528487,190.375,190.375,0,1,0,0,0.0,0,3.0
120572,2019-11-04,8,83288000.0,Payment,Credit_card_repayment,2019-03-11,2019-03-11,285688.765,2019-11-04 08:00:00,291.5340405391323,238.33333333333334,238.33333333333334,0,1,0,0,0.0,0,3.0
505529,2019-10-17,13,24000000.0,Payment,Credit_card_repayment,2019-05-13,2019-05-13,331817.315,2019-10-17 13:00:00,72.32895606812052,125.5,157.54166666666666,7,1,0,1,0.14285693877580175,0,3.0
703493,2019-12-18,16,150000000.0,Transfer,Outside_bank,2019-09-13,2019-09-12,9826855.587499999,2019-12-18 16:00:00,15.264292699146921,96.66666666666667,96.66666666666667,0,1,0,0,0.0,0,3.0
350134,2019-11-18,11,550700000.0,Transfer,Outside_bank,2019-01-17,2019-01-17,6159.615833333333,2019-11-18 11:00:00,89404.92621727909,305.4583333333333,305.4583333333333,0,1,0,0,0.0,0,3.0
366082,2019-12-25,7,31086000.0,Transfer,Outside_bank,2019-04-10,2019-04-10,966010.6933333334,2019-12-25 07:00:00,32.17976800278712,259.2916666666667,259.2916666666667,0,1,0,0,0.0,0,3.0
703749,2019-11-10,3,7900000.0,Transfer,Outside_bank,2019-04-10,2019-04-10,32111.350000000002,2019-11-10 03:00:00,246.01893092441802,207.29166666666666,214.125,3,0,1,0,0.0,1,3.0
706606,2019-11-20,20,16559400.0,Payment,Credit_card_repayment,2019-01-15,2019-01-15,31025.775,2019-11-20 20:00:00,533.7304223556928,309.8333333333333,309.8333333333333,0,1,0,0,0.0,0,3.0
179552,2019-12-12,13,13710681.0,Transfer,Outside_bank,2019-08-31,2019-08-31,498120.40249999997,2019-12-12 13:00:00,27.524833214846588,103.54166666666667,103.54166666666667,0,1,0,0,0.0,0,3.0
706849,2019-10-07,16,401200000.0,Transfer,Outside_bank,2019-03-25,2019-03-25,12040331.5125,2019-10-07 16:00:00,33.32134165767363,196.66666666666666,196.66666666666666,0,1,0,0,0.0,0,3.0
707240,2019-12-31,17,20000000.0,Transfer,Outside_bank,2019-08-01,2019-07-24,260866.09333333335,2019-12-31 17:00:00,76.66768702545572,116.04166666666667,152.70833333333334,10,1,0,1,0.0999999000001,0,3.0
121221,2019-11-15,8,40000000.0,Transfer,Outside_bank,2019-05-14,2019-02-11,1321817.474,2019-11-15 08:00:00,30.261364209879847,184.95833333333334,185.33333333333334,1,1,0,0,0.0,0,3.0
428693,2019-07-26,0,250000000.0,Transfer,Outside_bank,2019-05-27,2019-05-20,2057466.1325,2019-07-26 00:00:00,121.50868296189799,0.041666666666666664,60.0,36,0,1,0,0.0,1,3.0
707336,2019-11-04,15,90000000.0,Payment,Credit_card_repayment,2019-03-08,2019-01-08,395806.01111111115,2019-11-04 15:00:00,227.3841161357735,181.95833333333334,241.625,1,1,0,0,0.0,0,3.0
709926,2019-04-29,0,12900000.0,Transfer,Outside_bank,2019-03-22,2019-03-22,369533.13200000004,2019-04-29 00:00:00,34.908913119192,6.625,38.0,14,0,1,0,0.0,1,3.0
162477,2019-09-20,0,14900000.0,Payment,Credit_card_repayment,2019-08-23,2019-08-23,773072.1475,2019-09-20 00:00:00,19.27375090150595,0.25,28.0,3,0,1,0,0.0,1,3.0
179632,2019-09-25,10,15153400.0,Payment,Insurance_payment,2019-02-20,2019-02-20,822704.35,2019-09-25 10:00:00,18.419010425574886,217.41666666666666,217.41666666666666,0,1,0,0,0.0,0,3.0
710455,2019-05-11,0,32000000.0,Transfer,Outside_bank,2019-05-10,2019-01-22,1400224.0933333335,2019-05-11 00:00:00,22.853484775849825,0.25,1.0,4,0,1,0,0.0,1,3.0
378830,2019-11-02,8,57295420.0,Payment,Credit_card_repayment,2019-07-19,2019-07-19,1048428.095,2019-11-02 08:00:00,54.648878900420456,106.33333333333333,106.33333333333333,0,1,0,0,0.0,0,3.0
131187,2019-10-18,8,163900000.0,Transfer,Outside_bank,2019-02-12,2019-02-12,627879.52,2019-10-18 08:00:00,261.03734040790124,248.33333333333334,248.33333333333334,0,1,0,0,0.0,0,3.0
236502,2019-12-30,4,7280000.0,Transfer,Outside_bank,2019-11-18,2019-11-18,287827.495,2019-12-30 04:00:00,25.29292762578874,3.375,42.166666666666664,18,0,1,0,0.0,1,3.0
712430,2019-11-23,11,43017000.0,Payment,Credit_card_repayment,2019-07-26,2019-07-26,3377231.27,2019-11-23 11:00:00,12.737356894090533,106.70833333333333,120.45833333333333,1,1,0,0,0.0,0,3.0
280133,2019-05-30,19,19350000.0,Transfer,Within_bank,2019-01-02,2019-01-02,32005.53,2019-05-30 19:00:00,604.5830203078709,148.79166666666666,148.79166666666666,0,1,0,0,0.0,0,3.0
712833,2019-11-28,0,29555000.0,Payment,Credit_card_repayment,2019-03-18,2019-03-12,293078.669,2019-11-28 00:00:00,100.84323127245936,28.166666666666668,255.0,11,0,1,0,0.0,1,3.0
714497,2019-06-29,12,49900000.0,Transfer,Outside_bank,2019-01-24,2019-01-24,614728.3716666667,2019-06-29 12:00:00,81.17406369889542,156.5,156.5,0,1,0,0,0.0,0,3.0
94386,2019-10-11,0,83000000.0,Transfer,Outside_bank,2019-09-26,2019-09-26,600403.225,2019-10-11 00:00:00,138.24043000205003,0.08333333333333333,15.0,4,0,1,0,0.0,1,3.0
714989,2019-11-30,15,28000000.0,Transfer,Outside_bank,2019-05-02,2019-05-02,2506942.365,2019-11-30 15:00:00,11.168984333586108,212.625,212.625,0,1,0,0,0.0,0,3.0
716318,2019-09-20,15,300000000.0,Transfer,Outside_bank,2019-01-28,2019-01-28,118551.74727272727,2019-09-20 15:00:00,2530.5405181801934,235.625,235.625,0,1,0,0,0.0,0,3.0
50236,2019-07-15,15,117780000.0,Transfer,Outside_bank,2019-01-30,2019-01-29,9286327.797500001,2019-07-15 15:00:00,12.683162017130286,166.625,166.625,0,1,0,0,0.0,0,3.0
94711,2019-10-11,17,200000000.0,Transfer,Outside_bank,2019-04-03,2019-03-25,1954187.1925,2019-10-11 17:00:00,102.34434079117861,191.70833333333334,191.70833333333334,0,1,0,0,0.0,0,3.0
717391,2019-09-25,5,20350000.0,Payment,Credit_card_repayment,2019-08-23,2019-08-23,680623.226,2019-09-25 05:00:00,29.899067828315648,0.6666666666666666,33.208333333333336,6,0,1,0,0.0,1,3.0
209114,2019-12-01,1,11700000.0,Transfer,Outside_bank,2019-10-29,2019-10-29,68913.27,2019-12-01 01:00:00,169.77862171251215,28.416666666666668,33.041666666666664,3,0,1,0,0.0,1,3.0
719151,2019-12-20,12,20000000.0,Transfer,Within_bank,2019-05-14,2019-05-14,231256.18125,2019-12-20 12:00:00,86.48417478412875,220.5,220.5,0,1,0,0,0.0,0,3.0
719552,2019-08-21,15,30696000.0,Payment,Credit_card_repayment,2019-01-26,2019-01-07,243947.22083333333,2019-08-21 15:00:00,125.83049683404037,207.625,207.625,0,1,0,0,0.0,0,3.0
280564,2019-05-08,13,50000000.0,Transfer,Outside_bank,2019-01-15,2019-01-15,3964712.937,2019-05-08 13:00:00,12.611253524374364,113.54166666666667,113.54166666666667,0,1,0,0,0.0,0,3.0
721108,2019-11-01,15,67410000.0,Payment,Credit_card_repayment,2019-07-19,2019-07-19,92463.79833333334,2019-11-01 15:00:00,729.0420814175894,105.625,105.625,0,1,0,0,0.0,0,3.0
722716,2019-12-23,5,70000000.0,Transfer,Outside_bank,2019-03-12,2019-03-12,2330541.376,2019-12-23 05:00:00,30.035939597795682,0.3333333333333333,286.2083333333333,97,0,1,3,0.030927831863110117,1,3.0
723829,2019-09-27,17,19002690.0,Payment,Credit_card_repayment,2019-03-26,2019-01-04,330836.819,2019-09-27 17:00:00,57.4382562885953,185.70833333333334,185.70833333333334,0,1,0,0,0.0,0,3.0
144381,2019-10-11,15,200000000.0,Transfer,Within_bank,2019-07-12,2019-05-07,8510022.055,2019-10-11 15:00:00,23.50170172382297,91.625,91.625,0,1,0,0,0.0,0,3.0
726238,2019-10-03,0,10100000.0,Transfer,Outside_bank,2019-08-23,2019-08-23,689987.2679999999,2019-10-03 00:00:00,14.637951261230551,17.333333333333332,41.0,3,0,1,0,0.0,1,3.0
726712,2019-12-12,9,24000000.0,Transfer,Outside_bank,2019-07-03,2019-07-03,258301.43166666667,2019-12-12 09:00:00,92.91469986911424,118.70833333333333,162.375,1,1,0,0,0.0,0,3.0
502235,2019-09-18,10,85000000.0,Transfer,Outside_bank,2019-02-27,2019-02-27,2307434.739090909,2019-09-18 10:00:00,36.8374448731409,168.91666666666666,203.41666666666666,1,1,0,0,0.0,0,3.0
727283,2019-12-05,12,20000000.0,Transfer,Outside_bank,2019-03-20,2019-03-20,825607.353,2019-12-05 12:00:00,24.224590450998267,108.83333333333333,260.5,12,1,0,1,0.08333326388894677,0,3.0
728529,2019-12-31,12,34000000.0,Payment,Credit_card_repayment,2019-07-10,2019-07-09,70967.74,2019-12-31 12:00:00,479.0909220895168,174.5,174.5,0,1,0,0,0.0,0,3.0
162592,2019-07-23,9,186700000.0,Transfer,Outside_bank,2019-03-28,2019-01-16,6927989.017999999,2019-07-23 09:00:00,26.948657036645802,117.375,117.375,0,1,0,0,0.0,0,3.0
731277,2019-12-05,22,105000000.0,Payment,Credit_card_repayment,2019-06-24,2019-06-24,1356082.95,2019-12-05 22:00:00,77.4288917939907,90.54166666666667,164.91666666666666,4,1,0,0,0.0,0,3.0
732550,2019-10-16,9,31000000.0,Transfer,Outside_bank,2019-04-10,2019-04-10,2541077.668888889,2019-10-16 09:00:00,12.19954839610749,107.95833333333333,189.375,1,1,0,0,0.0,0,3.0
488734,2019-12-24,20,15903343.0,Payment,Credit_card_repayment,2019-06-19,2019-05-30,720290.0700000001,2019-12-24 20:00:00,22.079081278712074,188.83333333333334,188.83333333333334,0,1,0,0,0.0,0,3.0
734190,2019-08-31,18,100000000.0,Transfer,Outside_bank,2019-04-22,2019-04-02,7676137.387777777,2019-08-31 18:00:00,13.027385382535407,131.75,131.75,0,1,0,0,0.0,0,3.0
50615,2019-12-01,0,5630000.0,Transfer,Within_bank,2019-10-28,2019-10-28,14537.915,2019-12-01 00:00:00,387.2632352113331,7.583333333333333,34.0,4,0,1,0,0.0,1,3.0
734964,2019-12-31,17,90000000.0,Transfer,Outside_bank,2019-05-11,2019-05-08,979160.0325,2019-12-31 17:00:00,91.91551637304073,233.16666666666666,234.70833333333334,2,1,0,0,0.0,0,3.0
735674,2019-08-29,18,15350000.0,Transfer,Outside_bank,2019-03-27,2019-03-27,1517337.115,2019-08-29 18:00:00,10.116407124133938,155.75,155.75,0,1,0,0,0.0,0,3.0
736273,2019-12-10,9,100000000.0,Transfer,Outside_bank,2019-08-10,2019-02-28,3523404.868571428,2019-12-10 09:00:00,28.381637572142367,122.375,122.375,0,1,0,0,0.0,0,3.0
153446,2019-06-21,0,20000000.0,Payment,Credit_card_repayment,2019-05-16,2019-05-16,656950.37625,2019-06-21 00:00:00,30.443699741614335,0.125,36.0,26,0,1,0,0.0,1,3.0
78359,2019-08-13,16,30000000.0,Transfer,Outside_bank,2019-04-06,2019-03-15,1920609.9866666666,2019-08-13 16:00:00,15.620037492312841,96.08333333333333,129.66666666666666,10,1,0,0,0.0,0,3.0
736537,2019-11-22,11,43520000.0,Transfer,Outside_bank,2019-07-24,2019-07-24,2669945.0050000004,2019-11-22 11:00:00,16.299961204570575,110.08333333333333,121.45833333333333,1,1,0,0,0.0,0,3.0
741064,2019-12-12,14,45000000.0,Transfer,Outside_bank,2019-08-22,2019-08-22,2145049.0239999997,2019-12-12 14:00:00,20.97854151411237,92.25,112.58333333333333,1,1,0,0,0.0,0,3.0
742862,2019-10-05,12,299800000.0,Transfer,Outside_bank,2019-04-03,2019-03-11,119815.05333333334,2019-10-05 12:00:00,2502.1897635926834,185.5,185.5,0,1,0,0,0.0,0,3.0
473827,2019-08-30,16,200202192.0,Transfer,Outside_bank,2019-02-19,2019-02-19,342140.6290909091,2019-08-30 16:00:00,585.1459165375926,192.66666666666666,192.66666666666666,0,1,0,0,0.0,0,3.0
746951,2019-09-09,14,180000000.0,Transfer,Outside_bank,2019-01-16,2019-01-16,8221544.884166666,2019-09-09 14:00:00,21.893695471569007,189.08333333333334,236.58333333333334,10,1,0,0,0.0,0,3.0
400838,2019-10-31,5,50000000.0,Transfer,Within_bank,2019-04-13,2019-04-13,1783333.9044444445,2019-10-31 05:00:00,28.03737419846562,0.5416666666666666,201.20833333333334,159,0,1,3,0.01886792334164004,1,3.0
78725,2019-10-03,9,467125000.0,Transfer,Outside_bank,2019-05-02,2019-04-02,274996.70333333337,2019-10-03 09:00:00,1698.6567268655378,154.375,154.375,0,1,0,0,0.0,0,3.0
403558,2019-11-18,2,33900000.0,Transfer,Within_bank,2019-08-06,2019-08-06,2979926.612,2019-11-18 02:00:00,11.376119084064959,0.7916666666666666,104.08333333333333,43,0,1,1,0.0232558085451608,1,3.0
421413,2019-09-03,14,71081800.0,Payment,Credit_card_repayment,2019-05-13,2019-05-09,2547309.28625,2019-09-03 14:00:00,27.90466017747041,113.58333333333333,113.58333333333333,0,1,0,0,0.0,0,3.0
181396,2019-12-11,0,5000000.0,Payment,Credit_card_repayment,2019-09-24,2019-09-23,104798.68999999999,2019-12-11 00:00:00,47.710520041070126,16.333333333333332,78.0,3,0,1,0,0.0,1,3.0
748001,2019-09-04,1,20000000.0,Payment,Credit_card_repayment,2019-05-31,2019-05-31,1121233.4679999999,2019-09-04 01:00:00,17.83749822906787,96.04166666666667,96.04166666666667,0,1,1,0,0.0,0,3.0
748816,2019-09-16,11,50000000.0,Transfer,Outside_bank,2019-01-15,2019-01-03,1967317.234,2019-09-16 11:00:00,25.415321502615296,244.45833333333334,244.45833333333334,0,1,0,0,0.0,0,3.0
750305,2019-04-25,11,48733000.0,Payment,Credit_card_repayment,2019-01-23,2019-01-23,268166.91833333333,2019-04-25 11:00:00,181.72636767077765,92.45833333333333,92.45833333333333,0,1,0,0,0.0,0,3.0
751285,2019-10-10,8,335000000.0,Transfer,Outside_bank,2019-01-09,2019-01-09,7321944.718333334,2019-10-10 08:00:00,45.7528720697303,274.3333333333333,274.3333333333333,0,1,0,0,0.0,0,3.0
144846,2019-12-09,20,33209158.0,Payment,Credit_card_repayment,2019-09-09,2019-09-06,146234.9275,2019-12-09 20:00:00,227.0945701240154,91.83333333333333,91.83333333333333,0,1,0,0,0.0,0,3.0
403776,2019-10-23,0,34874221.0,Payment,Credit_card_repayment,2019-07-25,2019-02-15,2379888.4345454546,2019-10-23 00:00:00,14.65372094491238,90.0,90.0,0,1,1,0,0.0,0,3.0
324070,2019-11-18,15,20000000.0,Transfer,Within_bank,2019-01-30,2019-01-30,450350.4354545455,2019-11-18 15:00:00,44.409860466482286,292.625,292.625,0,1,0,0,0.0,0,3.0
144878,2019-10-05,5,14970000.0,Transfer,Outside_bank,2019-04-08,2019-03-25,718652.9233333333,2019-10-05 05:00:00,20.83063953925941,30.375,180.20833333333334,20,0,1,1,0.0499999750000125,1,3.0
256953,2019-11-04,12,40500000.0,Transfer,Outside_bank,2019-05-03,2019-05-03,37743.93,2019-11-04 12:00:00,1073.0202178011086,185.5,185.5,0,1,0,0,0.0,0,3.0
753628,2019-11-11,9,600000000.0,Transfer,Outside_bank,2019-04-22,2019-04-20,27625116.716666665,2019-11-11 09:00:00,21.719365248429646,145.83333333333334,203.375,2,1,0,0,0.0,0,3.0
755451,2019-12-30,16,28800000.0,Payment,Credit_card_repayment,2019-09-19,2019-09-05,1708424.7974999999,2019-12-30 16:00:00,16.85763402754134,102.66666666666667,102.66666666666667,0,1,0,0,0.0,0,3.0
756496,2019-07-06,1,24000000.0,Transfer,Outside_bank,2019-05-09,2019-05-03,413462.36125,2019-07-06 01:00:00,58.04639611417479,0.20833333333333334,58.041666666666664,26,0,1,1,0.03846152366864474,1,3.0
281510,2019-07-18,17,74900000.0,Transfer,Outside_bank,2019-01-05,2019-01-02,228803.07499999998,2019-07-18 17:00:00,327.35574028769696,194.70833333333334,194.70833333333334,0,1,0,0,0.0,0,3.0
69578,2019-12-23,11,346600000.0,Transfer,Outside_bank,2019-06-22,2019-06-22,21428307.235714287,2019-12-23 11:00:00,16.1748660865831,174.91666666666666,184.45833333333334,4,1,0,0,0.0,0,3.0
256959,2019-11-30,9,99249000.0,Payment,Credit_card_repayment,2019-06-28,2019-06-27,52183.335,2019-11-30 09:00:00,1901.9290350258507,155.375,155.375,0,1,0,0,0.0,0,3.0
756557,2019-12-16,16,100000000.0,Transfer,Outside_bank,2019-06-27,2019-06-27,273.43285714285713,2019-12-16 16:00:00,365720.4821238781,172.66666666666666,172.66666666666666,0,1,0,0,0.0,0,3.0
78913,2019-11-01,11,17000000.0,Transfer,Outside_bank,2019-06-15,2019-06-15,950446.5285714286,2019-11-01 11:00:00,17.886329729009624,139.45833333333334,139.45833333333334,0,1,0,0,0.0,0,3.0
758735,2019-12-14,0,14000000.0,Transfer,Outside_bank,2019-03-26,2019-03-19,1235724.676,2019-12-14 00:00:00,11.329384507562189,1.5,263.0,84,0,1,1,0.011904760487528513,1,3.0
759912,2019-10-03,23,10282000.0,Payment,Credit_card_repayment,2019-06-28,2019-06-28,799058.1885714286,2019-10-03 23:00:00,12.867648623004138,97.95833333333333,97.95833333333333,0,1,0,0,0.0,0,3.0
760265,2019-12-03,11,25000000.0,Transfer,Outside_bank,2019-08-28,2019-08-28,700627.6240000001,2019-12-03 11:00:00,35.68229276618299,97.45833333333333,97.45833333333333,0,1,0,0,0.0,0,3.0
760824,2019-08-19,8,50000000.0,Transfer,Outside_bank,2019-03-21,2019-03-21,1766756.3879999998,2019-08-19 08:00:00,28.300449535274016,151.33333333333334,151.33333333333334,0,1,0,0,0.0,0,3.0
761308,2019-06-04,17,500000000.0,Transfer,Outside_bank,2019-01-24,2019-01-24,19275977.416666668,2019-06-04 17:00:00,25.939021881579066,131.70833333333334,131.70833333333334,0,1,0,0,0.0,0,3.0
19034,2019-08-02,0,5000000.0,Transfer,Outside_bank,2019-05-02,2019-05-02,326738.21125,2019-08-02 00:00:00,15.302770926970888,0.3333333333333333,92.0,6,0,1,0,0.0,1,3.0
479993,2019-08-24,11,45100000.0,Transfer,Outside_bank,2019-03-13,2019-03-07,3719846.7479999997,2019-08-24 11:00:00,12.124155390037794,164.45833333333334,164.45833333333334,0,1,0,0,0.0,0,3.0
35885,2019-11-25,9,250000000.0,Transfer,Outside_bank,2019-04-23,2019-04-23,7781579.482222223,2019-11-25 09:00:00,32.12715369300386,216.375,216.375,0,1,0,0,0.0,0,3.0
69812,2019-12-15,9,45000000.0,Payment,Credit_card_repayment,2019-07-10,2019-06-24,745760.3928571428,2019-12-15 09:00:00,60.34109672544215,158.375,158.375,0,1,0,0,0.0,0,3.0
761443,2019-04-26,5,8700000.0,Transfer,Outside_bank,2019-04-12,2019-04-10,710237.9611111111,2019-04-26 05:00:00,12.24941565537703,4.583333333333333,14.208333333333334,5,0,1,0,0.0,1,3.0
762590,2019-07-22,9,50000000.0,Transfer,Outside_bank,2019-01-21,2019-01-21,1998606.6258333332,2019-07-22 09:00:00,25.01742931974018,182.375,182.375,0,1,0,0,0.0,0,3.0
764669,2019-07-10,1,5850000.0,Transfer,Outside_bank,2019-04-05,2019-04-03,287363.74,2019-07-10 01:00:00,20.357474467016697,0.3333333333333333,96.04166666666667,12,0,1,0,0.0,1,3.0
766624,2019-12-03,22,48418678.0,Transfer,Outside_bank,2019-02-26,2019-02-26,1611511.455,2019-12-03 22:00:00,30.045506564332513,280.9166666666667,280.9166666666667,0,1,0,0,0.0,0,3.0
766848,2019-12-31,0,21000000.0,Transfer,Within_bank,2019-12-18,2019-12-18,1372870.97,2019-12-31 00:00:00,15.29641201448599,0.375,13.0,6,0,1,0,0.0,1,3.0
770020,2019-08-26,9,29120000.0,Payment,Credit_card_repayment,2019-05-22,2019-05-22,732621.61,2019-08-26 09:00:00,39.74766728434686,96.375,96.375,0,1,0,0,0.0,0,3.0
421547,2019-10-28,18,12650000.0,Transfer,Outside_bank,2019-05-23,2019-05-21,472012.195,2019-10-28 18:00:00,26.800155025087854,93.375,158.75,2,1,0,0,0.0,0,3.0
770139,2019-12-14,1,9120000.0,Payment,Credit_card_repayment,2019-12-05,2019-12-05,0.0,2019-12-14 01:00:00,911999999999.9999,1.2083333333333333,9.041666666666666,6,0,1,0,0.0,1,3.0
269564,2019-11-15,11,99232566.0,Payment,Credit_card_repayment,2019-07-08,2019-07-08,745032.735,2019-11-15 11:00:00,133.1922227533641,130.45833333333334,130.45833333333334,0,1,0,0,0.0,0,3.0
772606,2019-07-29,8,51000000.0,Transfer,Outside_bank,2019-03-29,2019-03-29,1086691.1609999998,2019-07-29 08:00:00,46.93145746451018,122.33333333333333,122.33333333333333,0,1,0,0,0.0,0,3.0
7913,2019-10-23,14,400000000.0,Transfer,Outside_bank,2019-01-15,2019-01-15,3781078.266666667,2019-10-23 14:00:00,105.78992863630278,158.04166666666666,281.5833333333333,10,1,0,0,0.0,0,3.0
773919,2019-12-13,9,10000000.0,Transfer,Outside_bank,2019-07-04,2019-07-04,422642.785,2019-12-13 09:00:00,23.66064287543296,162.375,162.375,0,1,0,0,0.0,0,3.0
372123,2019-10-22,10,245100000.0,Transfer,Outside_bank,2019-04-22,2019-04-20,889904.6022222223,2019-10-22 10:00:00,275.4227805825424,183.41666666666666,183.41666666666666,0,1,0,0,0.0,0,3.0
8059,2019-11-28,15,13000000.0,Transfer,Outside_bank,2019-01-18,2019-01-18,315482.4116666667,2019-11-28 15:00:00,41.206734571699386,146.91666666666666,314.625,13,1,0,1,0.07692301775152481,0,3.0
131968,2019-10-06,17,19000000.0,Payment,Credit_card_repayment,2019-05-14,2019-05-13,1300975.9749999999,2019-10-06 17:00:00,14.604420346696992,145.70833333333334,145.70833333333334,0,1,0,0,0.0,0,3.0
774940,2019-10-18,15,40000000.0,Payment,Credit_card_repayment,2019-06-24,2019-06-24,1199283.1533333333,2019-10-18 15:00:00,33.35325764269175,116.625,116.625,0,1,0,0,0.0,0,3.0
36432,2019-11-19,8,22956598.0,Transfer,Outside_bank,2019-05-14,2019-05-14,335205.3875,2019-11-19 08:00:00,68.4851701535231,183.875,189.33333333333334,2,1,0,0,0.0,0,3.0
775171,2019-11-16,11,250000000.0,Transfer,Outside_bank,2019-01-30,2019-01-30,991389.6345454544,2019-11-16 11:00:00,252.17128693513288,290.4583333333333,290.4583333333333,0,1,0,0,0.0,0,3.0
781260,2019-11-22,15,50000000.0,Payment,Credit_card_repayment,2019-01-17,2019-01-17,597922.4625,2019-11-22 15:00:00,83.62288279003027,145.29166666666666,309.625,4,1,0,1,0.24999937500156252,0,3.0
391289,2019-12-31,0,44400000.0,Transfer,Outside_bank,2019-11-07,2019-10-29,2122073.5933333333,2019-12-31 00:00:00,20.92293129666991,0.25,54.0,21,0,1,0,0.0,1,3.0
781709,2019-12-25,9,15870000.0,Payment,Credit_card_repayment,2019-08-17,2019-06-07,0.0,2019-12-25 09:00:00,1586999999999.9998,130.375,130.375,0,1,0,0,0.0,0,3.0
781873,2019-06-21,10,41000000.0,Transfer,Outside_bank,2019-02-13,2019-02-13,1364883.73,2019-06-21 10:00:00,30.039188759103755,105.08333333333333,128.41666666666666,2,1,0,0,0.0,0,3.0
781873,2019-11-16,16,50000000.0,Transfer,Outside_bank,2019-02-13,2019-02-13,1364883.73,2019-11-16 16:00:00,36.633157023297265,148.25,276.6666666666667,3,1,0,0,0.0,0,3.0
783265,2019-08-26,14,110500000.0,Transfer,Outside_bank,2019-04-05,2019-04-05,10134061.858888889,2019-08-26 14:00:00,10.903821344150185,115.875,143.58333333333334,1,1,0,0,0.0,0,3.0
107304,2019-11-09,10,20000000.0,Transfer,Outside_bank,2019-08-07,2019-07-26,744933.02,2019-11-09 10:00:00,26.848051385521238,94.41666666666667,94.41666666666667,0,1,0,0,0.0,0,3.0
785152,2019-12-07,19,12000000.0,Transfer,Outside_bank,2019-05-06,2019-05-06,187638.59875,2019-12-07 19:00:00,63.95272656746203,215.79166666666666,215.79166666666666,0,1,0,0,0.0,0,3.0
509307,2019-12-01,0,9838379.0,Transfer,Outside_bank,2019-10-22,2019-10-22,19354.84,2019-12-01 00:00:00,508.31621418295566,1.25,40.0,5,0,1,0,0.0,1,3.0
226128,2019-09-23,15,1000000000.0,Transfer,Outside_bank,2019-05-22,2019-05-20,20094997.70875,2019-09-23 15:00:00,49.763628465808225,124.625,124.625,0,1,0,0,0.0,0,3.0
785274,2019-06-24,18,50000000.0,Transfer,Within_bank,2019-01-03,2019-01-03,148952.71666666667,2019-06-24 18:00:00,335.6769927770808,172.75,172.75,0,1,0,0,0.0,0,3.0
786924,2019-12-24,15,12160000.0,Payment,Credit_card_repayment,2019-05-25,2019-05-08,0.0,2019-12-24 15:00:00,1216000000000.0,213.625,213.625,0,1,0,0,0.0,0,3.0
19781,2019-08-16,0,6000000.0,Transfer,Within_bank,2019-08-05,2019-08-05,83188.054,2019-08-16 00:00:00,72.12574054537616,0.2916666666666667,11.0,11,0,1,0,0.0,1,3.0
445268,2019-12-31,0,18000000.0,Transfer,Outside_bank,2019-10-29,2019-10-29,225320.43000000002,2019-12-31 00:00:00,79.88623135150743,0.041666666666666664,63.0,53,0,1,0,0.0,1,3.0
788095,2019-12-24,13,74000000.0,Payment,Credit_card_repayment,2019-08-08,2019-08-08,2931379.7,2019-12-24 13:00:00,25.244085575044252,138.54166666666666,138.54166666666666,0,1,0,0,0.0,0,3.0
95961,2019-08-24,5,200000000.0,Transfer,Within_bank,2019-01-24,2019-01-24,3347606.923333334,2019-08-24 05:00:00,59.74417085989752,0.375,212.20833333333334,29,0,1,0,0.0,1,3.0
789449,2019-12-28,8,500000000.0,Transfer,Outside_bank,2019-07-08,2019-04-26,5877816.391249999,2019-12-28 08:00:00,85.06560374078262,172.95833333333334,173.33333333333334,1,1,0,0,0.0,0,3.0
790096,2019-08-04,0,5039000.0,Topup,eWallet,2019-06-06,2019-06-06,110329.34,2019-08-04 00:00:00,45.67234789534023,13.375,59.0,11,0,1,0,0.0,1,3.0
791916,2019-12-31,16,20957808.0,Payment,Credit_card_repayment,2019-05-13,2019-05-13,452971.24625,2019-12-31 16:00:00,46.26741360084139,232.66666666666666,232.66666666666666,0,1,0,0,0.0,0,3.0
482577,2019-08-23,16,50000000.0,Transfer,Outside_bank,2019-03-28,2019-03-27,2091209.2559999998,2019-08-23 16:00:00,23.909611080910835,148.66666666666666,148.66666666666666,0,1,0,0,0.0,0,3.0
303334,2019-11-03,0,6200000.0,Transfer,Outside_bank,2019-10-23,2019-10-23,309716.94,2019-11-03 00:00:00,20.018278624991634,0.5833333333333334,11.0,4,0,1,0,0.0,1,3.0
791957,2019-11-15,10,10363918.0,Transfer,Outside_bank,2019-04-08,2019-04-08,123.74166666666667,2019-11-15 10:00:00,83754.46558654732,184.58333333333334,221.41666666666666,1,1,0,0,0.0,0,3.0
792758,2019-12-26,21,33499000.0,Payment,Credit_card_repayment,2019-03-21,2019-03-21,622844.9890000001,2019-12-26 21:00:00,53.78384765244079,280.875,280.875,0,1,0,0,0.0,0,3.0
795084,2019-12-01,0,8000000.0,Transfer,Outside_bank,2019-10-24,2019-10-24,252878.99,2019-12-01 00:00:00,31.635684718938666,4.583333333333333,38.0,3,0,1,0,0.0,1,3.0
795119,2019-12-26,5,5000000.0,Transfer,Outside_bank,2019-11-20,2019-11-20,319632.195,2019-12-26 05:00:00,15.642979893948324,20.833333333333332,36.208333333333336,7,0,1,0,0.0,1,3.0
795761,2019-04-01,0,10000000.0,Transfer,Outside_bank,2019-01-10,2019-01-03,963405.3616666667,2019-04-01 00:00:00,10.379846737199445,0.08333333333333333,81.0,14,0,1,0,0.0,1,3.0
795840,2019-10-11,5,43200000.0,Payment,Credit_card_repayment,2019-06-04,2019-06-04,1916656.53,2019-10-11 05:00:00,22.539249637896575,11.583333333333334,129.20833333333334,15,0,1,0,0.0,1,3.0
797047,2019-12-31,8,32000000.0,Transfer,Outside_bank,2019-08-02,2019-08-02,839462.7959999999,2019-12-31 08:00:00,38.119616678782286,133.54166666666666,151.33333333333334,1,1,0,0,0.0,0,3.0
797163,2019-12-17,14,30600000.0,Payment,Credit_card_repayment,2019-06-21,2019-06-21,1506520.9983333333,2019-12-17 14:00:00,20.311698299359726,179.58333333333334,179.58333333333334,0,1,0,0,0.0,0,3.0
797687,2019-07-24,16,10915198.0,Payment,Credit_card_repayment,2019-01-24,2019-01-05,149428.29625,2019-07-24 16:00:00,73.04639263910188,181.66666666666666,181.66666666666666,0,1,0,0,0.0,0,3.0
799620,2019-07-14,0,78287928.0,Payment,Credit_card_repayment,2019-05-22,2019-05-20,5107871.193750001,2019-07-14 00:00:00,15.326918990369212,13.333333333333334,53.0,10,0,1,0,0.0,1,3.0
800739,2019-09-04,15,41411158.0,Payment,Credit_card_repayment,2019-01-25,2019-01-21,2613013.42,2019-09-04 15:00:00,15.848046429031168,222.625,222.625,0,1,0,0,0.0,0,3.0
19860,2019-12-16,13,50000000.0,Transfer,VNDirect,2019-05-18,2019-05-18,3927108.2825,2019-12-16 13:00:00,12.732014602877882,103.875,212.54166666666666,8,1,0,0,0.0,0,3.0
374198,2019-12-28,0,82470000.0,Payment,Credit_card_repayment,2019-05-28,2019-05-28,866036.02125,2019-12-28 00:00:00,95.2269859168375,0.041666666666666664,214.0,25,0,1,1,0.0399999840000064,1,3.0
437522,2019-11-06,0,40000000.0,Transfer,Outside_bank,2019-10-19,2019-10-18,675021.1466666666,2019-11-06 00:00:00,59.257402819055535,12.416666666666666,18.0,4,0,1,0,0.0,1,3.0
801752,2019-11-05,10,900000000.0,Transfer,Outside_bank,2019-07-31,2019-02-20,24673580.194,2019-11-05 10:00:00,36.47626298750487,97.41666666666667,97.41666666666667,0,1,0,0,0.0,0,3.0
70536,2019-12-25,11,16203118.0,Payment,Credit_card_repayment,2019-07-25,2019-06-13,915014.28,2019-12-25 11:00:00,17.708049321178812,91.75,153.45833333333334,3,1,0,0,0.0,0,3.0
804221,2019-08-28,3,61710000.0,Transfer,Outside_bank,2019-05-22,2019-05-22,4595991.53,2019-08-28 03:00:00,13.426917694921368,5.333333333333333,98.125,41,0,1,0,0.0,1,3.0
804516,2019-10-04,0,26700000.0,Transfer,Outside_bank,2019-05-06,2019-05-06,2429750.90125,2019-10-04 00:00:00,10.98878077837285,0.2916666666666667,151.0,96,0,1,4,0.04166666232638934,1,3.0
263986,2019-08-01,3,9515000.0,Transfer,Outside_bank,2019-07-22,2019-07-03,528293.7633333333,2019-08-01 03:00:00,18.01081265806329,0.20833333333333334,10.125,13,0,1,0,0.0,1,3.0
804791,2019-10-14,13,50800000.0,Transfer,Outside_bank,2019-06-28,2019-06-27,3494285.811666667,2019-10-14 13:00:00,14.538020854002374,96.04166666666667,108.54166666666667,1,1,0,0,0.0,0,3.0
96294,2019-09-05,15,50000000.0,Transfer,Within_bank,2019-01-16,2019-01-16,3572522.8008333333,2019-09-05 15:00:00,13.995711934489808,91.25,232.625,11,1,0,0,0.0,0,3.0
805495,2019-07-06,17,50000000.0,Transfer,Outside_bank,2019-01-09,2019-01-09,3449907.5833333335,2019-07-06 17:00:00,14.493141857308709,178.70833333333334,178.70833333333334,0,1,0,0,0.0,0,3.0
806838,2019-09-11,9,250000000.0,Transfer,Within_bank,2019-05-16,2019-05-16,13043492.52,2019-09-11 09:00:00,19.16664571367488,118.375,118.375,0,1,0,0,0.0,0,3.0
808785,2019-12-23,15,15000000.0,Transfer,Outside_bank,2019-08-28,2019-08-27,259947.0925,2019-12-23 15:00:00,57.704049909398236,117.625,117.625,0,1,0,0,0.0,0,3.0
809741,2019-11-04,13,49999000.0,Payment,Credit_card_repayment,2019-05-15,2019-05-14,230980.985,2019-11-04 13:00:00,216.46370586667715,137.91666666666666,173.54166666666666,1,1,0,0,0.0,0,3.0
814694,2019-12-23,11,30000000.0,Transfer,Outside_bank,2019-01-17,2019-01-17,696569.8985714286,2019-12-23 11:00:00,43.068183194673345,340.4583333333333,340.4583333333333,0,1,0,0,0.0,0,3.0
814923,2019-09-05,1,29000000.0,Transfer,Within_bank,2019-06-11,2019-02-19,1389623.7357142859,2019-09-05 01:00:00,20.86895844858674,0.20833333333333334,86.04166666666667,44,0,1,0,0.0,1,3.0
449477,2019-12-24,14,533459090.0,Transfer,Outside_bank,2019-08-12,2019-08-12,21799597.904000003,2019-12-24 14:00:00,24.471051821642593,134.58333333333334,134.58333333333334,0,1,0,0,0.0,0,3.0
70736,2019-12-23,7,20000000.0,Transfer,Outside_bank,2019-03-08,2019-03-05,833696.739,2019-12-23 07:00:00,23.9895384786435,290.2916666666667,290.2916666666667,0,1,0,0,0.0,0,3.0
815133,2019-11-07,16,40000000.0,Transfer,Outside_bank,2019-08-09,2019-08-09,439476.468,2019-11-07 16:00:00,91.01738753186171,90.66666666666667,90.66666666666667,0,1,0,0,0.0,0,3.0
815601,2019-11-22,13,20000000.0,Payment,Credit_card_repayment,2019-06-14,2019-04-19,1947822.8885714286,2019-11-22 13:00:00,10.267874002941669,133.16666666666666,161.54166666666666,2,1,0,0,0.0,0,3.0
816224,2019-12-04,16,23535157.0,Payment,Credit_card_repayment,2019-06-19,2019-06-05,431406.47599999997,2019-12-04 16:00:00,54.5544823936636,124.08333333333333,168.66666666666666,1,1,0,0,0.0,0,3.0
816475,2019-11-16,8,496500000.0,Transfer,Outside_bank,2019-01-28,2019-01-25,3013226.634166667,2019-11-16 08:00:00,164.77353358309986,288.5416666666667,292.3333333333333,3,1,0,0,0.0,0,3.0
820665,2019-12-13,5,20379300.0,Payment,Credit_card_repayment,2019-06-22,2019-05-11,828294.0285714285,2019-12-13 05:00:00,24.603944127066153,0.4166666666666667,174.20833333333334,42,0,1,2,0.04761903628118183,1,3.0
820788,2019-06-19,16,19870000.0,Transfer,Outside_bank,2019-01-14,2019-01-14,1762253.8008333333,2019-06-19 16:00:00,11.275333888053545,121.125,156.66666666666666,2,1,0,0,0.0,0,3.0
821215,2019-12-06,10,15000000.0,Transfer,Outside_bank,2019-06-26,2019-06-26,53349.27714285714,2019-12-06 10:00:00,281.1659463917716,162.79166666666666,163.41666666666666,1,1,0,0,0.0,0,3.0
822172,2019-10-15,13,50000000.0,Transfer,Outside_bank,2019-04-05,2019-04-05,4393764.48,2019-10-15 13:00:00,11.379763350421142,189.20833333333334,193.54166666666666,3,1,0,0,0.0,0,3.0
822887,2019-09-06,20,24500000.0,Transfer,Outside_bank,2019-01-30,2019-01-28,1739113.0716666665,2019-09-06 20:00:00,14.087640647988302,219.83333333333334,219.83333333333334,0,1,0,0,0.0,0,3.0
824079,2019-12-01,0,6300000.0,Transfer,Outside_bank,2019-10-25,2019-10-25,413364.125,2019-12-01 00:00:00,15.240800105349228,19.5,37.0,8,0,1,0,0.0,1,3.0
826816,2019-12-04,10,10301674.0,Payment,Credit_card_repayment,2019-01-11,2019-01-11,725197.8999999999,2019-12-04 10:00:00,14.205327952353349,327.4166666666667,327.4166666666667,0,1,0,0,0.0,0,3.0
827614,2019-09-25,5,32000000.0,Transfer,Outside_bank,2019-07-27,2019-01-24,2042564.5716666665,2019-09-25 05:00:00,15.666579379535781,0.6666666666666666,60.208333333333336,4,0,1,0,0.0,1,3.0
829403,2019-09-03,11,100000000.0,Payment,Credit_card_repayment,2019-04-04,2019-04-04,280921.20222222223,2019-09-03 11:00:00,355.97170738766613,92.0,152.45833333333334,3,1,0,0,0.0,0,3.0
830069,2019-12-27,17,20485000.0,Transfer,Within_bank,2019-09-09,2019-09-09,263524.45,2019-12-27 17:00:00,77.7347225246942,109.70833333333333,109.70833333333333,0,1,0,0,0.0,0,3.0
412044,2019-12-31,16,21656924.0,Payment,Credit_card_repayment,2019-08-08,2019-08-08,9647.61,2019-12-31 16:00:00,2244.796791905149,145.66666666666666,145.66666666666666,0,1,0,0,0.0,0,3.0
833045,2019-02-16,5,10000000.0,Transfer,Within_bank,2019-02-14,2019-02-14,214092.1209090909,2019-02-16 05:00:00,46.70886512343522,0.5416666666666666,2.2083333333333335,8,0,1,0,0.0,1,3.0
833316,2019-10-27,13,37798644.0,Payment,Credit_card_repayment,2019-07-15,2019-07-15,308309.52,2019-10-27 13:00:00,122.59966542315657,104.54166666666667,104.54166666666667,0,1,0,0,0.0,0,3.0
833913,2019-11-25,21,16808000.0,Transfer,Outside_bank,2019-05-24,2019-05-24,370569.63,2019-11-25 21:00:00,45.35719778101197,185.875,185.875,0,1,0,0,0.0,0,3.0
337104,2019-10-30,11,10000000.0,Transfer,Outside_bank,2019-01-30,2019-01-30,765122.3975,2019-10-30 11:00:00,13.069804298689744,273.4583333333333,273.4583333333333,0,1,0,0,0.0,0,3.0
834887,2019-11-21,10,35899000.0,Payment,Credit_card_repayment,2019-08-21,2019-08-21,2885732.904,2019-11-21 10:00:00,12.440167262228229,92.41666666666667,92.41666666666667,0,1,0,0,0.0,0,3.0
108589,2019-09-14,17,160000000.0,Transfer,Outside_bank,2019-03-22,2019-03-22,15449443.632,2019-09-14 17:00:00,10.356359996582201,176.70833333333334,176.70833333333334,0,1,0,0,0.0,0,3.0
835204,2019-11-27,9,1000000000.0,Transfer,Outside_bank,2019-05-16,2019-05-16,53341880.26875,2019-11-27 09:00:00,18.746995699468364,168.79166666666666,195.375,3,1,0,0,0.0,0,3.0
835714,2019-06-24,13,13233000.0,Payment,Credit_card_repayment,2019-02-22,2019-02-12,55130.87818181818,2019-06-24 13:00:00,240.0288265671754,122.54166666666667,122.54166666666667,0,1,0,0,0.0,0,3.0
458169,2019-12-20,16,54709000.0,Payment,Credit_card_repayment,2019-07-25,2019-05-09,610233.08875,2019-12-20 16:00:00,89.6526278363064,148.66666666666666,148.66666666666666,0,1,0,0,0.0,0,3.0
835977,2019-12-24,10,100000000.0,Transfer,Outside_bank,2019-05-08,2019-05-06,7912600.1325,2019-12-24 10:00:00,12.638070713207954,190.08333333333334,230.41666666666666,1,1,0,0,0.0,0,3.0
10044,2019-10-25,17,10000000.0,Payment,Credit_card_repayment,2019-05-17,2019-05-03,569586.55375,2019-10-25 17:00:00,17.55659422433203,161.70833333333334,161.70833333333334,0,1,0,0,0.0,0,3.0
108688,2019-09-10,14,229900000.0,Transfer,Outside_bank,2019-04-12,2019-04-12,3509583.683333333,2019-09-10 14:00:00,65.50634512324564,135.875,151.58333333333334,3,1,0,0,0.0,0,3.0
313228,2019-11-07,10,70000000.0,Transfer,Outside_bank,2019-05-27,2019-05-27,1235158.8187499999,2019-11-07 10:00:00,56.67287391452572,93.83333333333333,164.41666666666666,9,1,0,0,0.0,0,3.0
836495,2019-12-01,5,5400000.0,Transfer,Within_bank,2019-10-24,2019-10-24,383583.93,2019-12-01 05:00:00,14.077753465478136,12.75,38.208333333333336,3,0,1,0,0.0,1,3.0
841155,2019-07-20,9,24500000.0,Transfer,Outside_bank,2019-04-18,2019-04-18,1068680.6083333334,2019-07-20 09:00:00,22.92546510971117,93.375,93.375,0,1,0,0,0.0,0,3.0
843416,2019-11-15,10,93600000.0,Transfer,Outside_bank,2019-01-07,2019-01-07,162824.87416666668,2019-11-15 10:00:00,574.8507436182203,195.16666666666666,312.4166666666667,2,1,0,0,0.0,0,3.0
133255,2019-08-15,15,18000000.0,Transfer,Outside_bank,2019-05-14,2019-05-14,346472.41750000004,2019-08-15 15:00:00,51.95218750560562,93.625,93.625,0,1,0,0,0.0,0,3.0
209771,2019-12-26,5,11391000.0,Transfer,Outside_bank,2019-10-10,2019-10-10,466080.80666666664,2019-12-26 05:00:00,24.43996799873001,5.5,77.20833333333333,6,0,1,0,0.0,1,3.0
38426,2019-12-30,17,17830000.0,Transfer,Outside_bank,2019-07-02,2019-06-06,1342172.32,2019-12-30 17:00:00,13.28443429668342,110.375,181.70833333333334,1,1,0,0,0.0,0,3.0
843701,2019-10-11,1,9020000.0,Transfer,Outside_bank,2019-08-14,2019-08-01,154996.55,2019-10-11 01:00:00,58.19484368792759,29.625,58.041666666666664,3,0,1,0,0.0,1,3.0
463374,2019-10-11,15,18064363.0,Payment,Credit_card_repayment,2019-05-24,2019-05-24,1024219.1499999999,2019-10-11 15:00:00,17.63720488903535,140.625,140.625,0,1,0,0,0.0,0,3.0
845264,2019-10-20,11,50000000.0,Transfer,Outside_bank,2019-03-04,2019-03-04,1943852.3769999999,2019-10-20 11:00:00,25.72211788886414,104.70833333333333,230.45833333333334,1,1,0,0,0.0,0,3.0
96630,2019-12-04,5,50000000.0,Transfer,Within_bank,2019-01-06,2019-01-03,832477.19,2019-12-04 05:00:00,60.06170571400207,0.5416666666666666,332.2083333333333,29,0,1,0,0.0,1,3.0
492733,2019-10-17,12,20000000.0,Transfer,Outside_bank,2019-03-12,2019-03-12,1840891.827,2019-10-17 12:00:00,10.864299415400335,219.5,219.5,0,1,0,0,0.0,0,3.0
847826,2019-07-25,10,100000000.0,Transfer,Outside_bank,2019-04-18,2019-04-18,823581.5655555555,2019-07-25 10:00:00,121.42088189082979,90.66666666666667,98.41666666666667,1,1,0,0,0.0,0,3.0
848903,2019-12-03,5,9953670.0,Payment,Credit_card_repayment,2019-09-30,2019-09-30,385177.24666666664,2019-12-03 05:00:00,25.84179124255362,18.541666666666668,64.20833333333333,4,0,1,0,0.0,1,3.0
850445,2019-12-23,14,19887000.0,Payment,Credit_card_repayment,2019-07-02,2019-07-02,0.0,2019-12-23 14:00:00,1988699999999.9998,174.58333333333334,174.58333333333334,0,1,0,0,0.0,0,3.0
514765,2019-08-17,1,10200000.0,Transfer,Outside_bank,2019-06-05,2019-06-05,685976.5128571428,2019-08-17 01:00:00,14.869313757358185,2.2916666666666665,73.04166666666667,19,0,1,0,0.0,1,3.0
480171,2019-11-05,9,49175706.0,Payment,Credit_card_repayment,2019-07-24,2019-07-08,1733045.555,2019-11-05 09:00:00,28.375310653456104,104.375,104.375,0,1,0,0,0.0,0,3.0
852390,2019-06-05,0,100000000.0,Transfer,Outside_bank,2019-03-12,2019-03-12,2782123.384,2019-06-05 00:00:00,35.94376891217006,0.5833333333333334,85.0,4,0,1,0,0.0,1,3.0
853132,2019-12-02,2,6000000.0,Transfer,Within_bank,2019-10-26,2019-10-26,390925.01,2019-12-02 02:00:00,15.348212179738814,0.6666666666666666,37.083333333333336,5,0,1,0,0.0,1,3.0
853183,2019-11-10,0,6872285.0,Payment,Credit_card_repayment,2019-03-08,2019-03-05,395416.956,2019-11-10 00:00:00,17.379843973676742,29.583333333333332,247.0,9,0,1,0,0.0,1,3.0
226872,2019-12-30,1,15000000.0,Payment,Credit_card_repayment,2019-02-26,2019-02-19,747949.7372727273,2019-12-30 01:00:00,20.05482354268139,307.0416666666667,307.0416666666667,0,1,1,0,0.0,0,3.0
38889,2019-07-22,11,30000000.0,Transfer,Outside_bank,2019-04-18,2019-04-18,1630012.3844444444,2019-07-22 11:00:00,18.404768139256085,95.45833333333333,95.45833333333333,0,1,0,0,0.0,0,3.0
855525,2019-09-05,13,51890000.0,Payment,Credit_card_repayment,2019-05-24,2019-05-24,623345.815,2019-09-05 13:00:00,83.24432241382348,104.54166666666667,104.54166666666667,0,1,0,0,0.0,0,3.0
857348,2019-06-21,9,27000000.0,Payment,Credit_card_repayment,2019-02-13,2019-02-13,521849.90222222224,2019-06-21 09:00:00,51.73901515456268,128.375,128.375,0,1,0,0,0.0,0,3.0
858370,2019-12-07,0,9922807.0,Transfer,Within_bank,2019-11-01,2019-09-11,913318.23,2019-12-07 00:00:00,10.86456688802911,2.2916666666666665,36.0,13,0,1,0,0.0,1,3.0
860892,2019-09-03,10,20000000.0,Transfer,Outside_bank,2019-04-18,2019-04-18,601511.6133333334,2019-09-03 10:00:00,33.24956585432427,122.95833333333333,138.41666666666666,4,1,0,0,0.0,0,3.0
860902,2019-12-05,0,15400000.0,Transfer,Outside_bank,2019-09-20,2019-08-23,935678.7925,2019-12-05 00:00:00,16.458639570839065,2.5,76.0,6,0,1,0,0.0,1,3.0
864237,2019-11-26,14,160000000.0,Transfer,Outside_bank,2019-04-22,2019-04-22,1281693.124,2019-11-26 14:00:00,124.83487427896323,218.58333333333334,218.58333333333334,0,1,0,0,0.0,0,3.0
427247,2019-10-29,0,10000000.0,Transfer,Outside_bank,2019-08-05,2019-01-18,922826.5708333333,2019-10-29 00:00:00,10.836272292053112,3.4166666666666665,85.0,25,0,1,1,0.0399999840000064,1,3.0
282797,2019-11-26,0,14120891.0,Transfer,Outside_bank,2019-08-20,2019-08-19,237465.056,2019-11-26 00:00:00,59.46513241681062,5.583333333333333,98.0,7,0,1,0,0.0,1,3.0
133422,2019-09-25,16,150000000.0,Transfer,Outside_bank,2019-04-18,2019-04-12,2658221.898888889,2019-09-25 16:00:00,56.42869771787459,130.25,160.66666666666666,1,1,0,0,0.0,0,3.0
503365,2019-08-23,14,50000000.0,Transfer,Within_bank,2019-04-19,2019-04-19,2759947.137777778,2019-08-23 14:00:00,18.116289009824026,126.58333333333333,126.58333333333333,0,1,0,0,0.0,0,3.0
865049,2019-11-02,5,50000000.0,Transfer,Outside_bank,2019-04-10,2019-04-09,4572838.386666667,2019-11-02 05:00:00,10.934127946808493,0.3333333333333333,206.20833333333334,61,0,1,0,0.0,1,3.0
183776,2019-05-24,20,29500000.0,Transfer,Outside_bank,2019-01-31,2019-01-31,247146.68416666667,2019-05-24 20:00:00,119.3623135114071,99.16666666666667,113.83333333333333,1,1,0,0,0.0,0,3.0
432125,2019-11-14,8,50000000.0,Transfer,Outside_bank,2019-08-12,2019-08-12,3122448.5039999997,2019-11-14 08:00:00,16.013074334384562,94.33333333333333,94.33333333333333,0,1,0,0,0.0,0,3.0
226960,2019-11-05,12,10460961.0,Transfer,Outside_bank,2019-03-28,2019-03-28,18150.25875,2019-11-05 12:00:00,576.3532706792109,94.16666666666667,222.5,5,1,0,0,0.0,0,3.0
865182,2019-09-04,14,100000000.0,Transfer,Outside_bank,2019-02-12,2019-02-12,5360256.166363636,2019-09-04 14:00:00,18.65582481436756,204.58333333333334,204.58333333333334,0,1,0,0,0.0,0,3.0
428794,2019-09-25,16,23074068.0,Payment,Credit_card_repayment,2019-01-22,2019-01-10,2315196.528,2019-09-25 16:00:00,9.966353923238234,114.08333333333333,246.66666666666666,4,1,0,0,0.0,0,2.9966353923238236
804221,2019-09-26,5,45580000.0,Transfer,Outside_bank,2019-05-22,2019-05-22,4595991.53,2019-09-26 05:00:00,9.917337684889256,0.875,127.20833333333333,73,0,1,2,0.027397256520923764,1,2.991733768488926
78275,2019-07-05,12,58628463.0,Payment,Credit_card_repayment,2019-01-03,2019-01-03,5913189.893,2019-07-05 12:00:00,9.914862208180544,100.54166666666667,183.5,3,1,0,0,0.0,0,2.9914862208180546
400625,2019-12-27,3,10330000.0,Transfer,Outside_bank,2019-06-12,2019-06-12,1046826.2814285714,2019-12-27 03:00:00,9.867921911364595,0.041666666666666664,198.125,408,0,1,13,0.0318627443170896,1,2.9867921911364594
84656,2019-12-01,0,10000000.0,Transfer,Outside_bank,2019-10-26,2019-10-26,1028001.4833333333,2019-12-01 00:00:00,9.727612422773312,5.416666666666667,36.0,5,0,1,0,0.0,1,2.9727612422773313
579447,2019-06-19,11,139450000.0,Transfer,Outside_bank,2019-02-13,2019-02-13,14345002.105714286,2019-06-19 11:00:00,9.72115577064665,126.45833333333333,126.45833333333333,0,1,0,0,0.0,0,2.972115577064665
644688,2019-07-14,1,5500000.0,Transfer,Outside_bank,2019-02-15,2019-02-15,566124.8854545455,2019-07-14 01:00:00,9.715170876982137,0.125,149.04166666666666,18,0,1,0,0.0,1,2.9715170876982135
892927,2019-08-07,0,16500000.0,Transfer,Outside_bank,2019-01-30,2019-01-22,1699159.9675,2019-08-07 00:00:00,9.710680757256537,11.541666666666666,189.0,9,0,1,0,0.0,1,2.9710680757256536
512144,2019-12-23,4,5000000.0,Transfer,Outside_bank,2019-10-30,2019-10-30,517202.19,2019-12-23 04:00:00,9.667399126641993,13.541666666666666,54.166666666666664,5,0,1,0,0.0,1,2.9667399126641993
169489,2019-05-04,3,50000000.0,Transfer,Outside_bank,2019-01-08,2019-01-08,5217329.780833333,2019-05-04 03:00:00,9.583446341380776,3.3333333333333335,116.125,4,0,1,0,0.0,1,2.9583446341380775
229685,2019-08-31,0,37000000.0,Transfer,Outside_bank,2019-06-03,2019-06-03,3872300.4914285718,2019-08-31 00:00:00,9.555043592769936,4.416666666666667,89.0,30,0,1,0,0.0,1,2.9555043592769934
400625,2019-12-28,5,10000000.0,Transfer,Outside_bank,2019-06-12,2019-06-12,1046826.2814285714,2019-12-28 05:00:00,9.552683360469116,0.25,199.20833333333334,413,0,1,14,0.03389830426396358,1,2.9552683360469114
505757,2019-10-13,2,5000000.0,Transfer,Outside_bank,2019-03-25,2019-03-25,524747.313,2019-10-13 02:00:00,9.528395622112917,19.25,202.08333333333334,3,0,1,0,0.0,1,2.9528395622112917
976823,2019-07-26,13,39000000.0,Payment,Credit_card_repayment,2019-02-20,2019-01-23,4093206.595,2019-07-26 13:00:00,9.527982303054195,156.54166666666666,156.54166666666666,0,1,0,0,0.0,0,2.9527982303054197
931247,2019-12-01,5,12000000.0,Transfer,Outside_bank,2019-10-23,2019-10-23,1264914.8800000001,2019-12-01 05:00:00,9.486804361021614,27.958333333333332,39.208333333333336,4,0,1,0,0.0,1,2.9486804361021615
71318,2019-11-08,11,50000000.0,Transfer,Outside_bank,2019-07-26,2019-07-26,5276744.328333333,2019-11-08 11:00:00,9.475539629887244,105.45833333333333,105.45833333333333,0,1,0,0,0.0,0,2.9475539629887244
176782,2019-12-13,2,49999999.0,Transfer,Outside_bank,2019-08-28,2019-08-27,5283660.04,2019-12-13 02:00:00,9.463137034059702,4.416666666666667,107.08333333333333,3,0,1,0,0.0,1,2.9463137034059703
642398,2019-12-29,3,10000000.0,Transfer,Within_bank,2019-10-17,2019-10-17,1058345.34,2019-12-29 03:00:00,9.448711703030233,0.4166666666666667,73.125,31,0,1,0,0.0,1,2.9448711703030233
77688,2019-12-11,18,10000000.0,Transfer,Outside_bank,2019-06-17,2019-06-17,1058868.2714285715,2019-12-11 18:00:00,9.444045373476026,177.75,177.75,0,1,0,0,0.0,0,2.9444045373476024
913966,2019-10-27,1,5000000.0,Transfer,Within_bank,2019-05-07,2019-04-23,529795.535,2019-10-27 01:00:00,9.43760313099963,0.125,173.04166666666666,147,0,1,0,0.0,1,2.943760313099963
864007,2019-12-31,10,12000000.0,Transfer,Outside_bank,2019-09-28,2019-08-26,1274488.118,2019-12-31 10:00:00,9.415544821819864,94.41666666666667,94.41666666666667,0,1,0,0,0.0,0,2.9415544821819863
108297,2019-12-06,12,21000000.0,Transfer,Within_bank,2019-02-26,2019-02-26,2230527.806363636,2019-12-06 12:00:00,9.414812018928172,100.04166666666667,283.5,6,1,0,0,0.0,0,2.941481201892817
264199,2019-10-30,10,66408000.0,Payment,Credit_card_repayment,2019-05-07,2019-05-02,7061183.86,2019-10-30 10:00:00,9.404655269790123,176.41666666666666,176.41666666666666,0,1,0,0,0.0,0,2.940465526979012
346978,2019-12-30,9,50000000.0,Transfer,Outside_bank,2019-06-19,2019-06-19,5318145.105714286,2019-12-30 09:00:00,9.401774304010916,151.41666666666666,194.375,2,1,0,0,0.0,0,2.9401774304010915
826907,2019-11-26,0,5440000.0,Transfer,Outside_bank,2019-09-05,2019-09-05,579976.345,2019-11-26 00:00:00,9.379692890588846,0.041666666666666664,82.0,147,0,1,4,0.027210882502661054,1,2.9379692890588847
761860,2019-07-25,5,50000000.0,Transfer,Outside_bank,2019-02-11,2019-02-11,5337904.7,2019-07-25 05:00:00,9.366971276183769,0.25,164.20833333333334,9,0,1,0,0.0,1,2.936697127618377
546056,2019-08-07,13,48450000.0,Transfer,Outside_bank,2019-01-10,2019-01-10,5173263.489166667,2019-08-07 13:00:00,9.3654614928015,209.54166666666666,209.54166666666666,0,1,0,0,0.0,0,2.93654614928015
720324,2019-12-01,0,8000000.0,Transfer,Outside_bank,2019-10-29,2019-10-29,855104.46,2019-12-01 00:00:00,9.355582123740115,0.6666666666666666,33.0,9,0,1,0,0.0,1,2.9355582123740116
968641,2019-12-28,12,20100000.0,Transfer,Outside_bank,2019-05-18,2019-05-18,2148733.60125,2019-12-28 12:00:00,9.354347131823845,224.5,224.5,0,1,0,0,0.0,0,2.9354347131823846
33289,2019-12-17,16,103900000.0,Transfer,Outside_bank,2019-05-25,2019-05-25,11111288.9225,2019-12-17 16:00:00,9.350850358099532,134.08333333333334,206.66666666666666,5,1,0,0,0.0,0,2.935085035809953
594169,2019-11-18,22,100000000.0,Transfer,Outside_bank,2019-03-27,2019-03-27,10708875.09,2019-11-18 22:00:00,9.338048969614661,175.58333333333334,236.91666666666666,1,1,0,0,0.0,0,2.9338048969614663
439547,2019-06-14,10,109600000.0,Transfer,Outside_bank,2019-03-04,2019-03-04,11757438.561428571,2019-06-14 10:00:00,9.321758257743342,102.41666666666667,102.41666666666667,0,1,0,0,0.0,0,2.932175825774334
662943,2019-12-26,0,10000000.0,Transfer,Outside_bank,2019-06-11,2019-06-11,1077270.1385714286,2019-12-26 00:00:00,9.282722728366169,0.20833333333333334,198.0,46,0,1,0,0.0,1,2.928272272836617
107201,2019-07-15,9,50000000.0,Transfer,Outside_bank,2019-01-24,2019-01-18,5386891.523333333,2019-07-15 09:00:00,9.281790766220569,172.375,172.375,0,1,0,0,0.0,0,2.928179076622057
111426,2019-10-04,10,10700000.0,Transfer,Outside_bank,2019-01-23,2019-01-23,1157459.9241666666,2019-10-04 10:00:00,9.24438054096016,254.41666666666666,254.41666666666666,0,1,0,0,0.0,0,2.924438054096016
518698,2019-11-09,17,48000000.0,Transfer,Outside_bank,2019-07-27,2019-07-27,5193230.248333333,2019-11-09 17:00:00,9.24280220683692,105.33333333333333,105.70833333333333,1,1,0,0,0.0,0,2.924280220683692
885134,2019-07-31,0,200000000.0,Transfer,Outside_bank,2019-03-12,2019-03-12,21669086.739,2019-07-31 00:00:00,9.229738309180696,0.5833333333333334,141.0,57,0,1,0,0.0,1,2.9229738309180697
41406,2019-12-17,13,19007300.0,Transfer,Outside_bank,2019-02-11,2019-02-11,2063127.1,2019-12-17 13:00:00,9.212859450059025,309.5416666666667,309.5416666666667,0,1,0,0,0.0,0,2.9212859450059026
17423,2019-09-04,2,36212396.0,Payment,Credit_card_repayment,2019-02-22,2019-01-26,3938763.2885714285,2019-09-04 02:00:00,9.19384927369985,4.666666666666667,194.08333333333334,16,0,1,0,0.0,1,2.9193849273699852
37953,2019-04-22,5,49999778.0,Transfer,Outside_bank,2019-01-09,2019-01-09,5444822.859166667,2019-04-22 05:00:00,9.182994432175278,2.8333333333333335,103.20833333333333,3,0,1,0,0.0,1,2.9182994432175278
704339,2019-05-24,10,35000000.0,Transfer,Outside_bank,2019-02-20,2019-02-20,3824635.5327272727,2019-05-24 10:00:00,9.151198774475295,93.41666666666667,93.41666666666667,0,1,0,0,0.0,0,2.9151198774475295
211154,2019-12-04,1,17000000.0,Transfer,Outside_bank,2019-10-25,2019-10-25,1863952.3499999999,2019-12-04 01:00:00,9.120404821458443,1.7083333333333333,40.041666666666664,19,0,1,0,0.0,1,2.9120404821458443
912580,2019-07-05,18,50000000.0,Transfer,Outside_bank,2019-03-12,2019-03-12,5492821.229,2019-07-05 18:00:00,9.102790335852923,115.75,115.75,0,1,0,0,0.0,0,2.9102790335852924
552258,2019-11-29,0,6000000.0,Transfer,Outside_bank,2019-09-19,2019-09-19,660407.5375,2019-11-29 00:00:00,9.085299090653017,2.375,71.0,6,0,1,0,0.0,1,2.908529909065302
816725,2019-09-11,2,18000000.0,Transfer,Outside_bank,2019-03-07,2019-01-10,1983291.0233333334,2019-09-11 02:00:00,9.075823864546361,15.25,188.08333333333334,8,0,1,0,0.0,1,2.907582386454636
27381,2019-11-16,1,25900000.0,Transfer,Outside_bank,2019-05-22,2019-05-21,2854874.07,2019-11-16 01:00:00,9.072204014907488,0.16666666666666666,178.04166666666666,91,0,1,3,0.032967029344282486,1,2.907220401490749
73282,2019-09-13,8,50000000.0,Transfer,Outside_bank,2019-05-14,2019-05-09,5513286.69125,2019-09-13 08:00:00,9.069000543589192,122.33333333333333,122.33333333333333,0,1,0,0,0.0,0,2.9069000543589194
358943,2019-03-08,2,18000000.0,Transfer,Outside_bank,2019-03-01,2019-02-22,1985558.2030000002,2019-03-08 02:00:00,9.065460772045343,0.375,7.083333333333333,6,0,1,0,0.0,1,2.9065460772045344
90474,2019-12-26,1,5000000.0,Transfer,Outside_bank,2019-12-13,2019-12-13,551761.29,2019-12-26 01:00:00,9.061889789168394,0.2916666666666667,13.041666666666666,23,0,1,1,0.043478241965981754,1,2.9061889789168394
364440,2019-08-01,16,80000000.0,Transfer,Within_bank,2019-01-09,2019-01-09,8844729.776666667,2019-08-01 16:00:00,9.044934330380336,179.25,204.66666666666666,9,1,0,0,0.0,0,2.9044934330380334
577234,2019-11-05,16,25000000.0,Transfer,Within_bank,2019-04-05,2019-04-05,2764708.7066666665,2019-11-05 16:00:00,9.042543953952888,137.125,214.66666666666666,11,1,0,0,0.0,0,2.904254395395289
613911,2019-11-06,0,8000000.0,Transfer,Outside_bank,2019-08-19,2019-08-16,887496.1699999999,2019-11-06 00:00:00,9.014123407326771,8.291666666666666,79.0,22,0,1,1,0.04545452479339782,1,2.9014123407326773
902071,2019-09-13,18,200000000.0,Transfer,Within_bank,2019-04-25,2019-04-25,22236694.742222223,2019-09-13 18:00:00,8.994142444207654,134.16666666666666,141.75,1,1,0,0,0.0,0,2.8994142444207656
345712,2019-12-26,17,10000000.0,Payment,Credit_card_repayment,2019-05-14,2019-05-06,1118881.9425000001,2019-12-26 17:00:00,8.937493420947423,226.70833333333334,226.70833333333334,0,1,0,0,0.0,0,2.8937493420947424
820712,2019-05-16,1,5721998.0,Payment,Credit_card_repayment,2019-02-26,2019-01-15,641487.38875,2019-05-16 01:00:00,8.919891645977119,7.583333333333333,79.04166666666667,3,0,1,0,0.0,1,2.891989164597712
678475,2019-10-26,11,20000000.0,Transfer,Outside_bank,2019-04-24,2019-04-23,2250512.1300000004,2019-10-26 11:00:00,8.886866119629014,185.45833333333334,185.45833333333334,0,1,0,0,0.0,0,2.8886866119629016
373170,2019-12-11,11,23120000.0,Transfer,Outside_bank,2019-08-02,2019-08-02,2607159.88,2019-12-11 11:00:00,8.867887304215238,95.91666666666667,131.45833333333334,1,1,0,0,0.0,0,2.886788730421524
418946,2019-11-03,2,14000000.0,Payment,Credit_card_repayment,2019-06-01,2019-06-01,1578979.417142857,2019-11-03 02:00:00,8.866486698885634,0.041666666666666664,155.08333333333334,51,0,1,1,0.01960783929258053,1,2.8866486698885634
484916,2019-09-12,5,15138000.0,Transfer,Outside_bank,2019-08-01,2019-08-01,1708830.6579999998,2019-09-12 05:00:00,8.858689378635558,0.6666666666666666,42.208333333333336,9,0,1,0,0.0,1,2.885868937863556
