CUSTOMER_NUMBER,TRANS_DATE,TRANS_HOUR,TRANS_AMOUNT,TRANS_LV1,TRANS_LV2,ts_dt,tx_id,LAST_SEC_EVENT_TS,LAST_SEC_EVENT_NAME,HOURS_SINCE_SEC_EVENT,IS_ATO_ALERT,LAST_LOGIN_TS,LAST_LOGIN_METHOD,HIST_BIOMETRIC_RATIO,HIST_LOGIN_COUNT,IS_LOGIN_DRIFT_ALERT,risk_score
422598,2019-09-14,9,130000000.0,Transfer,Outside_bank,2019-09-14 09:00:00,1007020,2019-09-14 08:00:00,MB_SET_PIN,1.0,1,2019-09-14 09:00:00,LOGIN,0.6666644444518518,3.0,1,4.0
257749,2019-05-15,14,1000000.0,Transfer,Within_bank,2019-05-15 14:00:00,529780,2019-05-15 11:00:00,MB_SET_PIN,3.0,1,2019-05-15 13:00:00,LOGIN,0.5999988000024,5.0,1,4.0
278989,2019-09-11,16,5440000.0,Transfer,Within_bank,2019-09-11 16:00:00,996778,2019-09-10 18:00:00,MB_SET_PIN,22.0,1,2019-09-11 16:00:00,LOGIN,0.5555549382722909,9.0,1,4.0
538777,2019-08-10,14,3000000.0,Transfer,Within_bank,2019-08-10 14:00:00,455483,2019-08-10 11:00:00,CHANGE_PASSWORD,3.0,1,2019-08-10 14:00:00,LOGIN,0.5102039775093923,49.0,1,4.0
278989,2019-09-11,9,30000000.0,Transfer,Outside_bank,2019-09-11 09:00:00,996799,2019-09-10 18:00:00,MB_SET_PIN,15.0,1,2019-09-11 09:00:00,LOGIN,0.5999988000024,5.0,1,4.0
143689,2019-02-22,12,1000000.0,Transfer,Within_bank,2019-02-22 12:00:00,309146,2019-02-22 11:00:00,MB_SET_PIN,1.0,1,2019-02-22 12:00:00,LOGIN,0.6666644444518518,3.0,1,4.0
702632,2019-08-11,8,3000000.0,Transfer,Outside_bank,2019-08-11 08:00:00,1052470,2019-08-10 09:00:00,MB_SET_PIN,23.0,1,2019-08-11 08:00:00,LOGIN,0.5999988000024,5.0,1,4.0
528034,2019-06-03,13,1350000.0,Transfer,Outside_bank,2019-06-03 13:00:00,1054469,2019-06-02 17:00:00,CHANGE_PASSWORD,20.0,1,2019-06-03 13:00:00,LOGIN,0.5116277879935376,43.0,1,4.0
278989,2019-09-11,17,2000000.0,Transfer,Outside_bank,2019-09-11 17:00:00,996790,2019-09-10 18:00:00,MB_SET_PIN,23.0,1,2019-09-11 17:00:00,LOGIN,0.5454540495872277,11.0,1,4.0
158435,2019-05-31,21,1000000.0,Transfer,Within_bank,2019-05-31 21:00:00,614796,2019-05-31 21:00:00,MB_RESET_PIN,0.0,1,2019-05-31 21:00:00,LOGIN,0.6923071597637233,13.0,1,4.0
441030,2019-05-03,20,20000000.0,Transfer,Outside_bank,2019-05-03 20:00:00,315991,2019-05-03 12:00:00,MB_SET_PIN,8.0,1,2019-05-03 20:00:00,LOGIN,0.5555549382722909,9.0,1,4.0
449930,2019-02-20,16,2000000.0,Transfer,Outside_bank,2019-02-20 16:00:00,54918,2019-02-20 11:00:00,MB_SET_PIN,5.0,1,2019-02-20 16:00:00,LOGIN,0.5999988000024,5.0,1,4.0
753569,2019-08-22,10,1200000.0,Transfer,Outside_bank,2019-08-22 10:00:00,870621,2019-08-22 09:00:00,CHANGE_PASSWORD,1.0,1,2019-08-22 10:00:00,LOGIN,0.6666644444518518,3.0,1,4.0
158435,2019-12-25,21,2000000.0,Transfer,Outside_bank,2019-12-25 21:00:00,614801,2019-12-25 21:00:00,MB_RESET_PIN,0.0,1,2019-12-25 21:00:00,LOGIN,0.5151514631160138,99.0,1,4.0
970233,2019-09-20,11,50000000.0,Transfer,Outside_bank,2019-09-20 11:00:00,1018107,2019-09-19 16:00:00,MB_SET_PIN,19.0,1,2019-09-20 11:00:00,LOGIN,0.5454540495872277,11.0,1,4.0
120405,2019-06-08,13,50000000.0,Transfer,Outside_bank,2019-06-08 13:00:00,753969,2019-06-07 17:00:00,CHANGE_PASSWORD,20.0,1,2019-06-08 12:00:00,LOGIN,0.5454540495872277,11.0,1,4.0
432475,2019-05-24,15,2000000.0,Transfer,Within_bank,2019-05-24 15:00:00,91583,2019-05-24 15:00:00,MB_RESET_PIN,0.0,1,2019-05-24 15:00:00,LOGIN,0.5090908628099216,110.0,1,4.0
473463,2019-02-13,17,43000000.0,Payment,Credit_card_repayment,2019-02-13 17:00:00,45383,2019-02-13 15:00:00,MB_SET_PIN,2.0,1,2019-02-13 16:00:00,LOGIN,0.6666644444518518,3.0,1,4.0
473463,2019-02-13,16,28000000.0,Payment,Credit_card_repayment,2019-02-13 16:00:00,45429,2019-02-13 15:00:00,MB_SET_PIN,1.0,1,2019-02-13 16:00:00,LOGIN,0.6666644444518518,3.0,1,4.0
532105,2019-08-31,11,3840000.0,Transfer,Outside_bank,2019-08-31 11:00:00,344146,2019-08-31 09:00:00,MB_RESET_PIN,2.0,1,2019-08-31 11:00:00,LOGIN,0.5079364676240898,126.0,1,4.0
592610,2019-09-17,18,388000000.0,Transfer,Outside_bank,2019-09-17 18:00:00,954582,2019-09-17 11:00:00,MB_RESET_PIN,7.0,1,2019-09-17 18:00:00,LOGIN,0.5463916962482788,97.0,1,4.0
859558,2019-10-08,19,2400000.0,Transfer,Outside_bank,2019-10-08 19:00:00,1229136,2019-10-08 18:00:00,MB_SET_PIN,1.0,1,2019-10-08 19:00:00,LOGIN,0.6666644444518518,3.0,1,4.0
232265,2019-04-11,6,100000000.0,Transfer,Outside_bank,2019-04-11 06:00:00,203369,2019-04-10 16:00:00,MB_SET_PIN,14.0,1,2019-04-11 06:00:00,LOGIN,0.5999988000024,5.0,1,4.0
73070,2019-07-24,14,200000000.0,Transfer,Outside_bank,2019-07-24 14:00:00,740631,2019-07-23 15:00:00,MB_SET_PIN,23.0,1,2019-07-24 14:00:00,LOGIN,0.5333329777780148,15.0,1,4.0
695937,2019-06-17,14,3000000.0,Transfer,Outside_bank,2019-06-17 14:00:00,22309,2019-06-17 13:00:00,CHANGE_PASSWORD,1.0,1,2019-06-17 14:00:00,LOGIN,0.5058822934256125,85.0,1,4.0
371126,2019-07-26,16,2000000.0,Transfer,Outside_bank,2019-07-26 16:00:00,705867,2019-07-26 09:00:00,CHANGE_PASSWORD,7.0,1,2019-07-26 16:00:00,LOGIN,0.5384611242606736,13.0,1,4.0
929277,2019-08-24,17,1000000.0,Transfer,Outside_bank,2019-08-24 17:00:00,964963,2019-08-24 13:00:00,MB_SET_PIN,4.0,1,2019-08-24 17:00:00,LOGIN,0.6666644444518518,3.0,1,4.0
855852,2019-07-23,19,1000000.0,Transfer,Outside_bank,2019-07-23 19:00:00,742243,2019-07-23 11:00:00,CHANGE_PASSWORD,8.0,1,2019-07-23 19:00:00,LOGIN,0.5333329777780148,15.0,1,4.0
451650,2019-11-15,9,1500000.0,Transfer,Outside_bank,2019-11-15 09:00:00,459820,2019-11-14 11:00:00,CHANGE_PASSWORD,22.0,1,2019-11-15 09:00:00,LOGIN,0.5008517802239901,587.0,1,4.0
451650,2019-11-14,22,1000000.0,Transfer,Outside_bank,2019-11-14 22:00:00,459821,2019-11-14 11:00:00,CHANGE_PASSWORD,11.0,1,2019-11-14 22:00:00,LOGIN,0.5017064760800943,586.0,1,4.0
651351,2019-09-12,22,15000000.0,Transfer,Within_bank,2019-09-12 22:00:00,1110081,2019-09-12 22:00:00,MB_RESET_PIN,0.0,1,2019-09-12 22:00:00,LOGIN,0.5185183264746939,27.0,1,4.0
606586,2019-09-10,16,1000000.0,Topup,eWallet,2019-09-10 16:00:00,1115487,2019-09-10 15:00:00,MB_SET_PIN,1.0,1,2019-09-10 16:00:00,LOGIN,0.6666644444518518,3.0,1,4.0
15915,2019-10-17,9,2800000.0,Transfer,Outside_bank,2019-10-17 09:00:00,1125829,2019-10-16 09:00:00,MB_SET_PIN,24.0,1,2019-10-17 09:00:00,LOGIN,0.6666644444518518,3.0,1,4.0
3418,2019-10-22,9,250000000.0,Transfer,Outside_bank,2019-10-22 09:00:00,1134252,2019-10-21 16:00:00,CHANGE_PASSWORD,17.0,1,2019-10-22 09:00:00,LOGIN,0.5999988000024,5.0,1,4.0
293210,2019-08-12,22,16000000.0,Transfer,Outside_bank,2019-08-12 22:00:00,1135545,2019-08-12 11:00:00,CHANGE_PASSWORD,11.0,1,2019-08-12 22:00:00,LOGIN,0.5074626108264759,67.0,1,4.0
821302,2019-10-07,12,8600000.0,Transfer,Outside_bank,2019-10-07 12:00:00,1192086,2019-10-07 10:00:00,MB_SET_PIN,2.0,1,2019-10-07 12:00:00,LOGIN,0.6666644444518518,3.0,1,4.0
416835,2019-11-05,17,1000000.0,Transfer,Outside_bank,2019-11-05 17:00:00,1218985,2019-11-05 12:00:00,CHANGE_PASSWORD,5.0,1,2019-11-05 16:00:00,LOGIN,0.5999988000024,5.0,1,4.0
679570,2019-11-21,9,1000000.0,Transfer,Within_bank,2019-11-21 09:00:00,1246362,2019-11-20 22:00:00,MB_SET_PIN,11.0,1,2019-11-21 09:00:00,LOGIN,0.6666644444518518,3.0,1,4.0
550481,2019-11-15,13,2400000.0,Transfer,Outside_bank,2019-11-15 13:00:00,1252949,2019-11-14 14:00:00,MB_SET_PIN,23.0,1,2019-11-15 13:00:00,LOGIN,0.5999988000024,5.0,1,4.0
764020,2019-11-19,17,30000000.0,Transfer,Outside_bank,2019-11-19 17:00:00,1258453,2019-11-19 14:00:00,MB_SET_PIN,3.0,1,2019-11-19 17:00:00,LOGIN,0.6666644444518518,3.0,1,4.0
51293,2019-09-10,14,6000000.0,Transfer,Outside_bank,2019-09-10 14:00:00,1264406,2019-09-10 14:00:00,MB_RESET_PIN,0.0,1,2019-09-10 14:00:00,LOGIN,0.5384611242606736,13.0,1,4.0
322901,2019-11-05,15,15300000.0,Transfer,Outside_bank,2019-11-05 15:00:00,1287455,2019-11-04 18:00:00,MB_SET_PIN,21.0,1,2019-11-05 15:00:00,LOGIN,0.6666644444518518,3.0,1,4.0
355381,2019-07-31,14,2000000.0,Transfer,Outside_bank,2019-07-31 14:00:00,1312087,2019-07-31 14:00:00,MB_CHANGE_PIN,0.0,1,2019-07-31 14:00:00,LOGIN,0.5999988000024,5.0,1,4.0
862796,2019-11-01,17,6000000.0,Transfer,Outside_bank,2019-11-01 17:00:00,1316129,2019-11-01 16:00:00,MB_RESET_PIN,1.0,1,2019-11-01 16:00:00,LOGIN,0.5454540495872277,11.0,1,4.0
55844,2019-07-25,13,150000000.0,Transfer,Outside_bank,2019-07-25 13:00:00,1352099,2019-07-25 11:00:00,MB_SET_PIN,2.0,1,2019-07-25 13:00:00,LOGIN,0.5999988000024,5.0,1,4.0
55844,2019-07-25,13,32680000.0,Payment,Credit_card_repayment,2019-07-25 13:00:00,1352115,2019-07-25 11:00:00,MB_SET_PIN,2.0,1,2019-07-25 13:00:00,LOGIN,0.5999988000024,5.0,1,4.0
827479,2019-10-15,15,5900000.0,Transfer,Outside_bank,2019-10-15 15:00:00,1363625,2019-10-15 15:00:00,CHANGE_PASSWORD,0.0,1,2019-10-15 15:00:00,LOGIN,0.5555549382722909,9.0,1,4.0
981949,2019-10-18,7,300000000.0,Transfer,Outside_bank,2019-10-18 07:00:00,1386705,2019-10-17 16:00:00,MB_SET_PIN,15.0,1,2019-10-18 07:00:00,LOGIN,0.5999988000024,5.0,1,4.0
357014,2019-12-06,16,60000000.0,Transfer,Within_bank,2019-12-06 16:00:00,1388826,2019-12-06 07:00:00,MB_SET_PIN,9.0,1,2019-12-06 16:00:00,LOGIN,0.5999988000024,5.0,1,4.0
68230,2019-11-08,8,9000000.0,Transfer,Outside_bank,2019-11-08 08:00:00,1396792,2019-11-07 16:00:00,MB_SET_PIN,16.0,1,2019-11-08 08:00:00,LOGIN,0.6666644444518518,3.0,1,4.0
469040,2019-11-22,9,2486800.0,Payment,Credit_card_repayment,2019-11-22 09:00:00,1398060,2019-11-22 09:00:00,CHANGE_PASSWORD,0.0,1,2019-11-22 09:00:00,LOGIN,0.5555549382722909,9.0,1,4.0
204112,2019-11-20,7,39000000.0,Payment,Credit_card_repayment,2019-11-20 07:00:00,1398322,2019-11-19 14:00:00,MB_SET_PIN,17.0,1,2019-11-20 07:00:00,LOGIN,0.5555549382722909,9.0,1,4.0
562130,2019-12-18,13,35000000.0,Transfer,Outside_bank,2019-12-18 13:00:00,1409268,2019-12-18 10:00:00,MB_SET_PIN,3.0,1,2019-12-18 13:00:00,LOGIN,0.5999988000024,5.0,1,4.0
859370,2019-09-18,16,2000000.0,Transfer,Outside_bank,2019-09-18 16:00:00,1411111,2019-09-18 16:00:00,MB_CHANGE_PIN,0.0,1,2019-09-18 16:00:00,LOGIN,0.5294114532873805,17.0,1,4.0
403233,2019-01-30,15,30000000.0,Transfer,Outside_bank,2019-01-30 15:00:00,1413513,2019-01-29 15:00:00,MB_SET_PIN,24.0,1,2019-01-30 15:00:00,LOGIN,0.571427755103207,7.0,1,4.0
202844,2019-03-14,10,90000000.0,Transfer,Within_bank,2019-03-14 10:00:00,4382,2019-03-14 10:00:00,MB_RESET_PIN,0.0,1,2019-03-14 10:00:00,LOGIN,0.0,34.0,0,2.0
106104,2019-01-11,12,49000000.0,Transfer,Outside_bank,2019-01-11 12:00:00,4389,2019-01-10 13:00:00,CHANGE_PASSWORD,23.0,1,2019-01-11 12:00:00,LOGIN,0.4799998080000768,25.0,0,2.0
364440,2019-01-09,22,30000000.0,Transfer,Outside_bank,2019-01-09 22:00:00,4410,2019-01-09 16:00:00,MB_SET_PIN,6.0,1,2019-01-09 22:00:00,LOGIN,0.0,2.0,0,2.0
364440,2019-01-10,8,50000000.0,Transfer,Outside_bank,2019-01-10 08:00:00,4412,2019-01-09 16:00:00,MB_SET_PIN,16.0,1,2019-01-10 08:00:00,LOGIN,0.0,3.0,0,2.0
364440,2019-01-09,17,5000000.0,Transfer,Within_bank,2019-01-09 17:00:00,4425,2019-01-09 16:00:00,MB_SET_PIN,1.0,1,2019-01-09 17:00:00,LOGIN,0.0,1.0,0,2.0
92610,2019-01-11,18,21455800.0,Transfer,Within_bank,2019-01-11 18:00:00,4517,2019-01-11 18:00:00,MB_SET_PIN,0.0,1,2019-01-11 18:00:00,LOGIN,0.0,0.0,0,2.0
92610,2019-01-12,10,50000000.0,Transfer,Outside_bank,2019-01-12 10:00:00,4553,2019-01-11 18:00:00,MB_SET_PIN,16.0,1,2019-01-12 10:00:00,LOGIN,0.0,3.0,0,2.0
73969,2019-12-18,8,1500000.0,Transfer,Outside_bank,2019-12-18 08:00:00,4571,2019-12-17 14:00:00,CHANGE_PASSWORD,18.0,1,2019-12-18 08:00:00,LOGIN,0.0,52.0,0,2.0
73969,2019-12-18,7,25000000.0,Transfer,VNDirect,2019-12-18 07:00:00,4572,2019-12-17 14:00:00,CHANGE_PASSWORD,17.0,1,2019-12-18 07:00:00,LOGIN,0.0,51.0,0,2.0
73969,2019-01-10,9,1000000.0,Transfer,VNDirect,2019-01-10 09:00:00,4576,2019-01-09 14:00:00,MB_SET_PIN,19.0,1,2019-01-10 09:00:00,LOGIN,0.0,5.0,0,2.0
73969,2019-01-10,7,1100000.0,Transfer,VNDirect,2019-01-10 07:00:00,4596,2019-01-09 14:00:00,MB_SET_PIN,17.0,1,2019-01-10 06:00:00,LOGIN,0.0,4.0,0,2.0
73969,2019-12-17,15,50000000.0,Transfer,VNDirect,2019-12-17 15:00:00,4601,2019-12-17 14:00:00,CHANGE_PASSWORD,1.0,1,2019-12-17 14:00:00,LOGIN,0.0,50.0,0,2.0
480515,2019-01-16,9,16000000.0,Transfer,Outside_bank,2019-01-16 09:00:00,4776,2019-01-15 13:00:00,MB_SET_PIN,20.0,1,2019-01-16 09:00:00,LOGIN,0.0,5.0,0,2.0
591532,2019-01-14,15,3003700.0,Transfer,Outside_bank,2019-01-14 15:00:00,4895,2019-01-14 15:00:00,MB_SET_PIN,0.0,1,2019-01-14 15:00:00,LOGIN,0.0,0.0,0,2.0
591532,2019-01-15,14,300000000.0,Transfer,Outside_bank,2019-01-15 14:00:00,4896,2019-01-14 15:00:00,MB_SET_PIN,23.0,1,2019-01-15 14:00:00,LOGIN,0.0,3.0,0,2.0
684913,2019-01-16,14,50000000.0,Transfer,Outside_bank,2019-01-16 14:00:00,4954,2019-01-16 14:00:00,MB_SET_PIN,0.0,1,2019-01-16 14:00:00,LOGIN,0.0,0.0,0,2.0
684913,2019-01-17,7,50000000.0,Transfer,Outside_bank,2019-01-17 07:00:00,4955,2019-01-16 14:00:00,MB_SET_PIN,17.0,1,2019-01-17 07:00:00,LOGIN,0.0,1.0,0,2.0
370603,2019-01-12,11,12100000.0,Transfer,Outside_bank,2019-01-12 11:00:00,5025,2019-01-12 09:00:00,MB_SET_PIN,2.0,1,2019-01-12 11:00:00,LOGIN,0.0,1.0,0,2.0
370603,2019-01-12,17,2600000.0,Transfer,Outside_bank,2019-01-12 17:00:00,5026,2019-01-12 09:00:00,MB_SET_PIN,8.0,1,2019-01-12 17:00:00,LOGIN_FINGER,0.0,3.0,0,2.0
987699,2019-01-11,12,300500000.0,Transfer,Outside_bank,2019-01-11 12:00:00,5219,2019-01-11 10:00:00,MB_SET_PIN,2.0,1,2019-01-11 12:00:00,LOGIN,0.0,2.0,0,2.0
104466,2019-01-12,12,7000000.0,Transfer,Outside_bank,2019-01-12 12:00:00,5244,2019-01-12 12:00:00,MB_SET_PIN,0.0,1,2019-01-12 12:00:00,LOGIN,0.0,0.0,0,2.0
118682,2019-01-14,11,1000000.0,Transfer,Within_bank,2019-01-14 11:00:00,6098,2019-01-14 11:00:00,CHANGE_PASSWORD,0.0,1,2019-01-14 11:00:00,LOGIN_FINGER,0.0,1.0,0,2.0
118682,2019-05-15,13,6000000.0,Transfer,Outside_bank,2019-05-15 13:00:00,6112,2019-01-14 11:00:00,CHANGE_PASSWORD,2906.0,0,2019-05-15 13:00:00,LOGIN,0.5043477822306276,115.0,1,2.0
118682,2019-06-19,20,2900000.0,Transfer,Within_bank,2019-06-19 20:00:00,6139,2019-06-19 20:00:00,CHANGE_PASSWORD,0.0,1,2019-06-19 20:00:00,LOGIN,0.48823526539792556,170.0,0,2.0
203158,2019-01-13,10,20000000.0,Transfer,Outside_bank,2019-01-13 10:00:00,6182,2019-01-12 14:00:00,MB_SET_PIN,20.0,1,2019-01-13 10:00:00,LOGIN,0.0,5.0,0,2.0
203158,2019-01-12,14,170000000.0,Transfer,Within_bank,2019-01-12 14:00:00,6183,2019-01-12 14:00:00,MB_SET_PIN,0.0,1,2019-01-12 14:00:00,LOGIN,0.0,0.0,0,2.0
203158,2019-01-13,11,150000000.0,Transfer,Outside_bank,2019-01-13 11:00:00,6187,2019-01-12 14:00:00,MB_SET_PIN,21.0,1,2019-01-13 11:00:00,LOGIN,0.0,6.0,0,2.0
203158,2019-01-12,15,30000000.0,Transfer,Outside_bank,2019-01-12 15:00:00,6189,2019-01-12 14:00:00,MB_SET_PIN,1.0,1,2019-01-12 15:00:00,LOGIN,0.0,1.0,0,2.0
203158,2019-01-13,8,40000000.0,Transfer,Outside_bank,2019-01-13 08:00:00,6192,2019-01-12 14:00:00,MB_SET_PIN,18.0,1,2019-01-13 08:00:00,LOGIN,0.0,4.0,0,2.0
203158,2019-01-12,16,50000000.0,Transfer,Outside_bank,2019-01-12 16:00:00,6195,2019-01-12 14:00:00,MB_SET_PIN,2.0,1,2019-01-12 16:00:00,LOGIN,0.0,2.0,0,2.0
711258,2019-01-15,8,60000000.0,Transfer,Outside_bank,2019-01-15 08:00:00,6376,2019-01-14 15:00:00,MB_SET_PIN,17.0,1,2019-01-15 08:00:00,LOGIN,0.0,3.0,0,2.0
747631,2019-01-15,18,30000000.0,Transfer,Outside_bank,2019-01-15 18:00:00,6576,2019-01-15 16:00:00,MB_SET_PIN,2.0,1,2019-01-15 18:00:00,LOGIN,0.0,2.0,0,2.0
747631,2019-01-16,7,26972000.0,Transfer,Outside_bank,2019-01-16 07:00:00,6586,2019-01-15 16:00:00,MB_SET_PIN,15.0,1,2019-01-16 07:00:00,LOGIN,0.2857138775516035,7.0,0,2.0
599298,2019-01-12,10,50000000.0,Transfer,Outside_bank,2019-01-12 10:00:00,6750,2019-01-11 14:00:00,CHANGE_PASSWORD,20.0,1,2019-01-12 10:00:00,LOGIN,0.0,1.0,0,2.0
599298,2019-01-11,14,6000000.0,Transfer,Outside_bank,2019-01-11 14:00:00,6759,2019-01-11 14:00:00,CHANGE_PASSWORD,0.0,1,2019-01-11 14:00:00,LOGIN,0.0,0.0,0,2.0
436252,2019-01-19,11,50000000.0,Transfer,Outside_bank,2019-01-19 11:00:00,6950,2019-01-19 10:00:00,MB_SET_PIN,1.0,1,2019-01-19 11:00:00,LOGIN,0.0,1.0,0,2.0
301814,2019-01-07,22,2000000.0,Transfer,Outside_bank,2019-01-07 22:00:00,6988,2019-01-07 11:00:00,MB_SET_PIN,11.0,1,2019-01-07 22:00:00,LOGIN,0.0,3.0,0,2.0
571640,2019-01-19,10,140000000.0,Transfer,Outside_bank,2019-01-19 10:00:00,7089,2019-01-19 09:00:00,MB_SET_PIN,1.0,1,2019-01-19 10:00:00,LOGIN,0.0,1.0,0,2.0
536459,2019-01-21,20,89250000.0,Transfer,Within_bank,2019-01-21 20:00:00,7154,2019-01-21 20:00:00,MB_SET_PIN,0.0,1,2019-01-21 20:00:00,LOGIN,0.0,0.0,0,2.0
160520,2019-01-18,16,50000000.0,Transfer,Outside_bank,2019-01-18 16:00:00,7200,2019-01-17 17:00:00,CHANGE_PASSWORD,23.0,1,2019-01-18 16:00:00,LOGIN,0.0,5.0,0,2.0
785559,2019-05-25,17,12000000.0,Transfer,Outside_bank,2019-05-25 17:00:00,7314,2019-05-25 17:00:00,MB_RESET_PIN,0.0,1,2019-05-25 17:00:00,LOGIN,0.4864130302605155,368.0,0,2.0
785559,2019-05-25,17,5000000.0,Transfer,Within_bank,2019-05-25 17:00:00,7315,2019-05-25 17:00:00,MB_RESET_PIN,0.0,1,2019-05-25 17:00:00,LOGIN,0.4864130302605155,368.0,0,2.0
785559,2019-01-19,15,1000000.0,Transfer,Outside_bank,2019-01-19 15:00:00,7393,2019-01-19 12:00:00,MB_SET_PIN,3.0,1,2019-01-19 15:00:00,LOGIN,0.49999750001249993,2.0,0,2.0
785559,2019-05-26,8,1300000.0,Transfer,Within_bank,2019-05-26 08:00:00,7402,2019-05-25 17:00:00,MB_RESET_PIN,15.0,1,2019-05-26 08:00:00,LOGIN,0.48247977136173126,371.0,0,2.0
988723,2019-01-18,17,4090000.0,Transfer,Outside_bank,2019-01-18 17:00:00,7505,2019-01-18 11:00:00,MB_SET_PIN,6.0,1,2019-01-18 17:00:00,LOGIN,0.0,2.0,0,2.0
988723,2019-01-19,10,1000000000.0,Transfer,Within_bank,2019-01-19 10:00:00,7506,2019-01-18 11:00:00,MB_SET_PIN,23.0,1,2019-01-19 10:00:00,LOGIN,0.0,3.0,0,2.0
988723,2019-01-18,14,20000000.0,Transfer,Outside_bank,2019-01-18 14:00:00,7545,2019-01-18 11:00:00,MB_SET_PIN,3.0,1,2019-01-18 14:00:00,LOGIN,0.0,1.0,0,2.0
988723,2019-01-18,12,199705000.0,Transfer,Outside_bank,2019-01-18 12:00:00,7590,2019-01-18 11:00:00,MB_SET_PIN,1.0,1,2019-01-18 11:00:00,LOGIN,0.0,0.0,0,2.0
988723,2019-01-18,11,300000000.0,Transfer,Outside_bank,2019-01-18 11:00:00,7658,2019-01-18 11:00:00,MB_SET_PIN,0.0,1,2019-01-18 11:00:00,LOGIN,0.0,0.0,0,2.0
988723,2019-03-01,16,23250000.0,Transfer,Within_bank,2019-03-01 16:00:00,7775,2019-03-01 16:00:00,CHANGE_PASSWORD,0.0,1,2019-03-01 16:00:00,LOGIN,0.0,29.0,0,2.0
575050,2019-03-15,21,2000000.0,Transfer,Outside_bank,2019-03-15 21:00:00,7826,2019-03-15 10:00:00,CHANGE_PASSWORD,11.0,1,2019-03-15 21:00:00,LOGIN,0.0,277.0,0,2.0
575050,2019-01-16,10,1000000.0,Transfer,Outside_bank,2019-01-16 10:00:00,7844,2019-01-15 15:00:00,MB_SET_PIN,19.0,1,2019-01-16 09:00:00,LOGIN,0.0,4.0,0,2.0
575050,2019-03-15,17,2000000.0,Transfer,Outside_bank,2019-03-15 17:00:00,7871,2019-03-15 10:00:00,CHANGE_PASSWORD,7.0,1,2019-03-15 17:00:00,LOGIN,0.0,276.0,0,2.0
575050,2019-11-25,11,1000000.0,Topup,eWallet,2019-11-25 11:00:00,7908,2019-11-25 09:00:00,MB_CHANGE_PIN,2.0,1,2019-11-25 10:00:00,LOGIN,0.0015220699920537293,657.0,0,2.0
575050,2019-11-25,9,1000000.0,Topup,eWallet,2019-11-25 09:00:00,7909,2019-11-25 09:00:00,MB_CHANGE_PIN,0.0,1,2019-11-25 09:00:00,LOGIN,0.0015243902206647834,656.0,0,2.0
575050,2019-03-16,0,2000000.0,Transfer,Outside_bank,2019-03-16 00:00:00,7988,2019-03-15 10:00:00,CHANGE_PASSWORD,14.0,1,2019-03-16 00:00:00,LOGIN,0.0,278.0,0,2.0
575050,2019-03-31,0,2500000.0,Transfer,Outside_bank,2019-03-31 00:00:00,7996,2019-03-30 12:00:00,CHANGE_PASSWORD,12.0,1,2019-03-31 00:00:00,LOGIN,0.0,356.0,0,2.0
575050,2019-03-15,10,1750000.0,Transfer,Outside_bank,2019-03-15 10:00:00,8041,2019-03-15 10:00:00,CHANGE_PASSWORD,0.0,1,2019-03-15 10:00:00,LOGIN,0.0,274.0,0,2.0
575050,2019-10-14,17,3000000.0,Transfer,Outside_bank,2019-10-14 17:00:00,8058,2019-10-14 15:00:00,MB_RESET_PIN,2.0,1,2019-10-14 17:00:00,LOGIN,0.001919385759704688,521.0,0,2.0
575050,2019-10-14,15,1000000.0,Transfer,Outside_bank,2019-10-14 15:00:00,8106,2019-10-14 15:00:00,MB_RESET_PIN,0.0,1,2019-10-14 15:00:00,LOGIN,0.0019267822364781844,519.0,0,2.0
575050,2019-10-15,1,2200000.0,Transfer,Outside_bank,2019-10-15 01:00:00,8107,2019-10-14 15:00:00,MB_RESET_PIN,10.0,1,2019-10-15 01:00:00,LOGIN,0.0019120458525421443,523.0,0,2.0
575050,2019-03-30,16,1000000.0,Transfer,Outside_bank,2019-03-30 16:00:00,8205,2019-03-30 12:00:00,CHANGE_PASSWORD,4.0,1,2019-03-30 16:00:00,LOGIN,0.0,352.0,0,2.0
356157,2019-01-10,12,2000000.0,Transfer,Outside_bank,2019-01-10 12:00:00,8391,2019-01-10 10:00:00,MB_SET_PIN,2.0,1,2019-01-10 12:00:00,LOGIN,0.0,2.0,0,2.0
356157,2019-01-10,10,3000000.0,Transfer,Outside_bank,2019-01-10 10:00:00,8403,2019-01-10 10:00:00,MB_SET_PIN,0.0,1,2019-01-10 10:00:00,LOGIN,0.0,0.0,0,2.0
610068,2019-01-12,10,14300000.0,Transfer,Within_bank,2019-01-12 10:00:00,8441,2019-01-12 09:00:00,MB_SET_PIN,1.0,1,2019-01-12 10:00:00,LOGIN,0.0,1.0,0,2.0
254230,2019-01-18,9,14500000.0,Transfer,Outside_bank,2019-01-18 09:00:00,8642,2019-01-18 09:00:00,CHANGE_PASSWORD,0.0,1,2019-01-18 09:00:00,LOGIN,0.0,0.0,0,2.0
983505,2019-10-03,14,2500000.0,Transfer,Outside_bank,2019-10-03 14:00:00,8958,2019-10-03 09:00:00,CHANGE_PASSWORD,5.0,1,2019-10-03 14:00:00,LOGIN,0.44776112719983174,67.0,0,2.0
983505,2019-10-03,9,1776000.0,Transfer,Outside_bank,2019-10-03 09:00:00,8978,2019-10-03 09:00:00,CHANGE_PASSWORD,0.0,1,2019-10-03 09:00:00,LOGIN,0.4545453856749415,66.0,0,2.0
451927,2019-03-12,20,1000000.0,Transfer,Outside_bank,2019-03-12 20:00:00,9129,2019-03-12 18:00:00,CHANGE_PASSWORD,2.0,1,2019-03-12 20:00:00,LOGIN,0.0,109.0,0,2.0
451927,2019-01-17,17,1000000.0,Transfer,Within_bank,2019-01-17 17:00:00,9174,2019-01-17 08:00:00,MB_SET_PIN,9.0,1,2019-01-17 17:00:00,LOGIN,0.0,5.0,0,2.0
451927,2019-10-25,4,1400000.0,Transfer,Outside_bank,2019-10-25 04:00:00,9243,2019-10-25 04:00:00,MB_CHANGE_PIN,0.0,1,2019-10-25 04:00:00,LOGIN,0.0,263.0,0,2.0
12923,2019-01-17,17,50000000.0,Transfer,Outside_bank,2019-01-17 17:00:00,9337,2019-01-17 17:00:00,MB_SET_PIN,0.0,1,2019-01-17 17:00:00,LOGIN,0.0,0.0,0,2.0
12923,2019-01-18,13,7100000.0,Transfer,Outside_bank,2019-01-18 13:00:00,9344,2019-01-17 17:00:00,MB_SET_PIN,20.0,1,2019-01-18 13:00:00,LOGIN,0.0,3.0,0,2.0
12923,2019-01-18,12,10450000.0,Transfer,Outside_bank,2019-01-18 12:00:00,9346,2019-01-17 17:00:00,MB_SET_PIN,19.0,1,2019-01-18 12:00:00,LOGIN,0.0,2.0,0,2.0
470839,2019-10-09,9,10300000.0,Transfer,Outside_bank,2019-10-09 09:00:00,9736,2019-10-08 15:00:00,CHANGE_PASSWORD,18.0,1,2019-10-09 09:00:00,LOGIN,0.3648448985990414,677.0,0,2.0
470839,2019-10-08,19,4500000.0,Transfer,Outside_bank,2019-10-08 19:00:00,9785,2019-10-08 15:00:00,CHANGE_PASSWORD,4.0,1,2019-10-08 19:00:00,LOGIN,0.3653846099795176,676.0,0,2.0
470839,2019-10-09,10,50000000.0,Transfer,Outside_bank,2019-10-09 10:00:00,9833,2019-10-08 15:00:00,CHANGE_PASSWORD,19.0,1,2019-10-09 10:00:00,LOGIN,0.36430677928751065,678.0,0,2.0
261942,2019-08-15,13,1200000.0,Transfer,Outside_bank,2019-08-15 13:00:00,10102,2019-08-15 12:00:00,CHANGE_PASSWORD,1.0,1,2019-08-15 12:00:00,LOGIN_FINGER,0.41758237169424484,91.0,0,2.0
930815,2019-09-24,19,3000000.0,Transfer,Outside_bank,2019-09-24 19:00:00,10152,2019-09-24 18:00:00,MB_SET_PIN,1.0,1,2019-09-24 19:00:00,LOGIN,0.0,6.0,0,2.0
897481,2019-01-04,15,46000000.0,Payment,Credit_card_repayment,2019-01-04 15:00:00,10224,2019-01-04 09:00:00,MB_SET_PIN,6.0,1,2019-01-04 15:00:00,LOGIN,0.0,2.0,0,2.0
888194,2019-01-21,16,2000000.0,Payment,Credit_card_repayment,2019-01-21 16:00:00,10242,2019-01-21 16:00:00,CHANGE_PASSWORD,0.0,1,2019-01-21 16:00:00,LOGIN,0.0,1.0,0,2.0
38101,2019-04-28,10,24000000.0,Transfer,Outside_bank,2019-04-28 10:00:00,10504,2019-04-28 08:00:00,MB_RESET_PIN,2.0,1,2019-04-28 10:00:00,LOGIN,0.0,132.0,0,2.0
38101,2019-04-28,14,18000000.0,Transfer,Outside_bank,2019-04-28 14:00:00,10593,2019-04-28 08:00:00,MB_RESET_PIN,6.0,1,2019-04-28 14:00:00,LOGIN,0.0,135.0,0,2.0
38101,2019-04-29,5,20000000.0,Transfer,Outside_bank,2019-04-29 05:00:00,10649,2019-04-28 08:00:00,MB_RESET_PIN,21.0,1,2019-04-29 05:00:00,LOGIN,0.0,142.0,0,2.0
38101,2019-04-28,12,45000000.0,Transfer,Outside_bank,2019-04-28 12:00:00,10693,2019-04-28 08:00:00,MB_RESET_PIN,4.0,1,2019-04-28 12:00:00,LOGIN,0.0,134.0,0,2.0
38101,2019-04-29,3,18000000.0,Transfer,Outside_bank,2019-04-29 03:00:00,10695,2019-04-28 08:00:00,MB_RESET_PIN,19.0,1,2019-04-29 03:00:00,LOGIN,0.0,140.0,0,2.0
38101,2019-04-28,9,10000000.0,Transfer,Outside_bank,2019-04-28 09:00:00,10696,2019-04-28 08:00:00,MB_RESET_PIN,1.0,1,2019-04-28 09:00:00,LOGIN,0.0,131.0,0,2.0
38101,2019-04-29,7,30000000.0,Transfer,Outside_bank,2019-04-29 07:00:00,10698,2019-04-28 08:00:00,MB_RESET_PIN,23.0,1,2019-04-29 07:00:00,LOGIN,0.0,144.0,0,2.0
38101,2019-04-29,4,22000000.0,Transfer,Outside_bank,2019-04-29 04:00:00,10793,2019-04-28 08:00:00,MB_RESET_PIN,20.0,1,2019-04-29 04:00:00,LOGIN,0.0,141.0,0,2.0
38101,2019-04-28,15,10000000.0,Transfer,Outside_bank,2019-04-28 15:00:00,10794,2019-04-28 08:00:00,MB_RESET_PIN,7.0,1,2019-04-28 15:00:00,LOGIN,0.0,136.0,0,2.0
38101,2019-04-28,11,33000000.0,Transfer,Outside_bank,2019-04-28 11:00:00,10837,2019-04-28 08:00:00,MB_RESET_PIN,3.0,1,2019-04-28 11:00:00,LOGIN,0.0,133.0,0,2.0
38101,2019-04-29,6,40000000.0,Transfer,Outside_bank,2019-04-29 06:00:00,10840,2019-04-28 08:00:00,MB_RESET_PIN,22.0,1,2019-04-29 06:00:00,LOGIN,0.0,143.0,0,2.0
677876,2019-01-18,17,8000000.0,Transfer,Outside_bank,2019-01-18 17:00:00,10946,2019-01-18 17:00:00,MB_SET_PIN,0.0,1,2019-01-18 17:00:00,LOGIN,0.0,0.0,0,2.0
768349,2019-01-07,18,1300000.0,Transfer,Outside_bank,2019-01-07 18:00:00,11257,2019-01-07 18:00:00,MB_SET_PIN,0.0,1,2019-01-07 18:00:00,LOGIN,0.0,0.0,0,2.0
66707,2019-01-16,11,15000000.0,Transfer,Outside_bank,2019-01-16 11:00:00,11331,2019-01-16 11:00:00,CHANGE_PASSWORD,0.0,1,2019-01-16 11:00:00,LOGIN,0.0,0.0,0,2.0
66707,2019-01-17,8,100000000.0,Transfer,Within_bank,2019-01-17 08:00:00,11340,2019-01-16 11:00:00,CHANGE_PASSWORD,21.0,1,2019-01-17 08:00:00,LOGIN,0.0,2.0,0,2.0
66707,2019-01-16,13,25000000.0,Transfer,Outside_bank,2019-01-16 13:00:00,11359,2019-01-16 11:00:00,CHANGE_PASSWORD,2.0,1,2019-01-16 12:00:00,LOGIN,0.0,1.0,0,2.0
66707,2019-01-17,10,1030000.0,Transfer,Outside_bank,2019-01-17 10:00:00,11361,2019-01-16 11:00:00,CHANGE_PASSWORD,23.0,1,2019-01-17 10:00:00,LOGIN,0.0,3.0,0,2.0
268674,2019-07-28,3,1000000.0,Transfer,Outside_bank,2019-07-28 03:00:00,11461,2019-07-27 16:00:00,MB_RESET_PIN,11.0,1,2019-07-28 03:00:00,LOGIN,0.00658978572339727,607.0,0,2.0
268674,2019-07-31,17,1000000.0,Transfer,Outside_bank,2019-07-31 17:00:00,11469,2019-07-31 15:00:00,MB_RESET_PIN,2.0,1,2019-07-31 17:00:00,LOGIN,0.0062208397166276875,643.0,0,2.0
268674,2019-07-22,20,8850000.0,Transfer,Outside_bank,2019-07-22 20:00:00,11581,2019-07-22 14:00:00,MB_CHANGE_PIN,6.0,1,2019-07-22 20:00:00,LOGIN,0.007005253817771387,571.0,0,2.0
268674,2019-07-28,7,8000000.0,Transfer,Outside_bank,2019-07-28 07:00:00,11584,2019-07-27 16:00:00,MB_RESET_PIN,15.0,1,2019-07-28 07:00:00,LOGIN,0.00654664473737079,611.0,0,2.0
268674,2019-07-28,6,1000000.0,Transfer,Outside_bank,2019-07-28 06:00:00,11586,2019-07-27 16:00:00,MB_RESET_PIN,14.0,1,2019-07-28 06:00:00,LOGIN,0.006557376941682345,610.0,0,2.0
268674,2019-07-31,22,2450000.0,Transfer,Outside_bank,2019-07-31 22:00:00,11590,2019-07-31 15:00:00,MB_RESET_PIN,7.0,1,2019-07-31 22:00:00,LOGIN,0.006182380120828747,647.0,0,2.0
268674,2019-12-23,1,1000000.0,Transfer,Outside_bank,2019-12-23 01:00:00,11621,2019-12-22 01:00:00,MB_CHANGE_PIN,24.0,1,2019-12-23 01:00:00,LOGIN,0.003067484639053032,1304.0,0,2.0
268674,2019-07-30,1,1200000.0,Transfer,Outside_bank,2019-07-30 01:00:00,11685,2019-07-29 22:00:00,MB_RESET_PIN,3.0,1,2019-07-30 01:00:00,LOGIN,0.006399999897600002,625.0,0,2.0
268674,2019-11-08,11,4300000.0,Transfer,Outside_bank,2019-11-08 11:00:00,11697,2019-11-08 08:00:00,MB_CHANGE_PIN,3.0,1,2019-11-08 11:00:00,LOGIN,0.004264392278631212,938.0,0,2.0
268674,2019-07-27,18,1400000.0,Transfer,Outside_bank,2019-07-27 18:00:00,11897,2019-07-27 16:00:00,MB_RESET_PIN,2.0,1,2019-07-27 18:00:00,LOGIN,0.006655573932519569,601.0,0,2.0
268674,2019-07-28,4,1000000.0,Transfer,Outside_bank,2019-07-28 04:00:00,11999,2019-07-27 16:00:00,MB_RESET_PIN,12.0,1,2019-07-28 04:00:00,LOGIN,0.006578947260214684,608.0,0,2.0
268674,2019-12-22,12,1500000.0,Transfer,Outside_bank,2019-12-22 12:00:00,12037,2019-12-22 01:00:00,MB_CHANGE_PIN,11.0,1,2019-12-22 12:00:00,LOGIN,0.00307929173918944,1299.0,0,2.0
268674,2019-12-26,12,1030000.0,Transfer,Outside_bank,2019-12-26 12:00:00,12144,2019-12-26 00:00:00,MB_CHANGE_PIN,12.0,1,2019-12-26 12:00:00,LOGIN,0.002962962941015089,1350.0,0,2.0
268674,2019-07-23,14,1250000.0,Transfer,Outside_bank,2019-07-23 14:00:00,12222,2019-07-22 14:00:00,MB_CHANGE_PIN,24.0,1,2019-07-23 14:00:00,LOGIN,0.006908462747694944,579.0,0,2.0
268674,2019-07-22,16,1400000.0,Transfer,Outside_bank,2019-07-22 16:00:00,12224,2019-07-22 14:00:00,MB_CHANGE_PIN,2.0,1,2019-07-22 16:00:00,LOGIN,0.007054673596919337,567.0,0,2.0
629201,2019-01-05,20,2350000.0,Transfer,Outside_bank,2019-01-05 20:00:00,12959,2019-01-05 10:00:00,MB_SET_PIN,10.0,1,2019-01-05 20:00:00,LOGIN,0.0,2.0,0,2.0
450085,2019-01-12,12,14000000.0,Transfer,Outside_bank,2019-01-12 12:00:00,13292,2019-01-12 10:00:00,MB_SET_PIN,2.0,1,2019-01-12 12:00:00,LOGIN,0.0,2.0,0,2.0
450085,2019-01-12,12,6085000.0,Transfer,Within_bank,2019-01-12 12:00:00,13314,2019-01-12 10:00:00,MB_SET_PIN,2.0,1,2019-01-12 12:00:00,LOGIN,0.0,2.0,0,2.0
450085,2019-01-12,18,11300000.0,Transfer,Outside_bank,2019-01-12 18:00:00,13322,2019-01-12 10:00:00,MB_SET_PIN,8.0,1,2019-01-12 18:00:00,LOGIN,0.0,3.0,0,2.0
150840,2019-01-15,17,10000000.0,Transfer,Outside_bank,2019-01-15 17:00:00,13390,2019-01-15 17:00:00,MB_SET_PIN,0.0,1,2019-01-15 17:00:00,LOGIN,0.0,0.0,0,2.0
116156,2019-02-12,20,1000000.0,Topup,eWallet,2019-02-12 20:00:00,13511,2019-01-09 18:00:00,MB_SET_PIN,818.0,0,2019-02-09 07:00:00,LOGIN,0.5217389035917811,23.0,1,2.0
943592,2019-01-21,16,46410000.0,Transfer,Outside_bank,2019-01-21 16:00:00,13576,2019-01-21 08:00:00,MB_SET_PIN,8.0,1,2019-01-21 16:00:00,LOGIN,0.0,1.0,0,2.0
942494,2019-01-22,17,49500000.0,Transfer,Outside_bank,2019-01-22 17:00:00,13683,2019-01-22 16:00:00,MB_SET_PIN,1.0,1,2019-01-22 17:00:00,LOGIN,0.0,2.0,0,2.0
659384,2019-01-25,12,10000000.0,Transfer,Outside_bank,2019-01-25 12:00:00,13688,2019-01-25 12:00:00,MB_SET_PIN,0.0,1,2019-01-25 12:00:00,LOGIN,0.0,0.0,0,2.0
492132,2019-01-02,13,50000000.0,Transfer,Outside_bank,2019-01-02 13:00:00,13722,2019-01-02 10:00:00,MB_SET_PIN,3.0,1,2019-01-02 13:00:00,LOGIN,0.3333322222259259,3.0,0,2.0
492132,2019-01-03,8,1520000.0,Transfer,Outside_bank,2019-01-03 08:00:00,13737,2019-01-02 10:00:00,MB_SET_PIN,22.0,1,2019-01-03 08:00:00,LOGIN,0.33333277777870374,6.0,0,2.0
559394,2019-01-19,10,3020000.0,Transfer,Outside_bank,2019-01-19 10:00:00,13928,2019-01-19 10:00:00,MB_SET_PIN,0.0,1,2019-01-19 10:00:00,LOGIN,0.0,0.0,0,2.0
559394,2019-08-01,11,31130000.0,Transfer,Outside_bank,2019-08-01 11:00:00,13950,2019-08-01 11:00:00,MB_RESET_PIN,0.0,1,2019-08-01 11:00:00,LOGIN,0.0,155.0,0,2.0
512777,2019-01-19,15,344000000.0,Transfer,Outside_bank,2019-01-19 15:00:00,14018,2019-01-19 11:00:00,CHANGE_PASSWORD,4.0,1,2019-01-19 15:00:00,LOGIN,0.0,2.0,0,2.0
12530,2019-01-30,13,1600000.0,Transfer,Outside_bank,2019-01-30 13:00:00,14430,2019-01-30 13:00:00,MB_SET_PIN,0.0,1,2019-01-30 13:00:00,LOGIN,0.0,1.0,0,2.0
12530,2019-01-31,9,1000000.0,Transfer,Outside_bank,2019-01-31 09:00:00,14450,2019-01-30 13:00:00,MB_SET_PIN,20.0,1,2019-01-31 09:00:00,LOGIN,0.0,3.0,0,2.0
12530,2019-01-30,15,3000000.0,Transfer,Outside_bank,2019-01-30 15:00:00,14465,2019-01-30 13:00:00,MB_SET_PIN,2.0,1,2019-01-30 15:00:00,LOGIN,0.0,2.0,0,2.0
983212,2019-01-16,19,2650000.0,Transfer,Within_bank,2019-01-16 19:00:00,14619,2019-01-16 19:00:00,MB_RESET_PIN,0.0,1,2019-01-16 19:00:00,LOGIN,0.0,59.0,0,2.0
336269,2019-01-29,21,2000000.0,Transfer,Outside_bank,2019-01-29 21:00:00,15085,2019-01-29 18:00:00,MB_SET_PIN,3.0,1,2019-01-29 21:00:00,LOGIN,0.0,3.0,0,2.0
336269,2019-01-30,10,2900000.0,Transfer,Outside_bank,2019-01-30 10:00:00,15086,2019-01-29 18:00:00,MB_SET_PIN,16.0,1,2019-01-30 10:00:00,LOGIN,0.0,5.0,0,2.0
336269,2019-10-11,12,15500000.0,Transfer,Outside_bank,2019-10-11 12:00:00,15288,2019-10-11 09:00:00,CHANGE_PASSWORD,3.0,1,2019-10-11 12:00:00,LOGIN,0.0,293.0,0,2.0
898849,2019-01-25,10,2000000.0,Transfer,Within_bank,2019-01-25 10:00:00,15702,2019-01-24 16:00:00,MB_SET_PIN,18.0,1,2019-01-25 10:00:00,LOGIN,0.49999875000312505,4.0,0,2.0
360275,2019-04-08,14,97250000.0,Transfer,Outside_bank,2019-04-08 14:00:00,16080,2019-04-07 17:00:00,CHANGE_PASSWORD,21.0,1,2019-04-08 14:00:00,LOGIN,0.3968253653313202,126.0,0,2.0
360275,2019-06-18,13,10000000.0,Transfer,Outside_bank,2019-06-18 13:00:00,16084,2019-06-18 12:00:00,MB_RESET_PIN,1.0,1,2019-06-18 13:00:00,LOGIN,0.38495573517894977,226.0,0,2.0
360275,2019-06-03,11,5500000.0,Transfer,Outside_bank,2019-06-03 11:00:00,16093,2019-06-03 11:00:00,MB_CHANGE_PIN,0.0,1,2019-06-03 10:00:00,LOGIN,0.37113400148793807,194.0,0,2.0
360275,2019-06-18,17,19600000.0,Transfer,Outside_bank,2019-06-18 17:00:00,16103,2019-06-18 12:00:00,MB_RESET_PIN,5.0,1,2019-06-18 17:00:00,LOGIN,0.38157893063250303,228.0,0,2.0
360275,2019-04-08,12,50000000.0,Transfer,Outside_bank,2019-04-08 12:00:00,16111,2019-04-07 17:00:00,CHANGE_PASSWORD,19.0,1,2019-04-08 12:00:00,LOGIN,0.39999996800000254,125.0,0,2.0
360275,2019-06-18,12,20400000.0,Transfer,Outside_bank,2019-06-18 12:00:00,16124,2019-06-18 12:00:00,MB_RESET_PIN,0.0,1,2019-06-18 12:00:00,LOGIN,0.3866666494814822,225.0,0,2.0
360275,2019-04-07,17,1200000.0,Transfer,Outside_bank,2019-04-07 17:00:00,16129,2019-04-07 17:00:00,CHANGE_PASSWORD,0.0,1,2019-04-07 17:00:00,LOGIN,0.4132231063451978,121.0,0,2.0
360275,2019-04-08,15,5000000.0,Transfer,Outside_bank,2019-04-08 15:00:00,16142,2019-04-07 17:00:00,CHANGE_PASSWORD,22.0,1,2019-04-08 15:00:00,LOGIN,0.39370075640151525,127.0,0,2.0
605330,2019-01-31,18,5000000.0,Transfer,Outside_bank,2019-01-31 18:00:00,16693,2019-01-31 18:00:00,MB_SET_PIN,0.0,1,2019-01-31 18:00:00,LOGIN,0.0,0.0,0,2.0
247615,2019-08-27,9,128000000.0,Payment,Credit_card_repayment,2019-08-27 09:00:00,17166,2019-08-26 11:00:00,MB_RESET_PIN,22.0,1,2019-08-27 09:00:00,LOGIN,0.4701492186455807,134.0,0,2.0
247615,2019-08-26,12,210000000.0,Payment,Credit_card_repayment,2019-08-26 12:00:00,17205,2019-08-26 11:00:00,MB_RESET_PIN,1.0,1,2019-08-26 12:00:00,LOGIN,0.4772726911157052,132.0,0,2.0
905341,2019-01-29,17,58200000.0,Transfer,Within_bank,2019-01-29 17:00:00,17219,2019-01-29 08:00:00,MB_SET_PIN,9.0,1,2019-01-29 16:00:00,LOGIN,0.0,2.0,0,2.0
905341,2019-01-29,11,56000000.0,Payment,Credit_card_repayment,2019-01-29 11:00:00,17233,2019-01-29 08:00:00,MB_SET_PIN,3.0,1,2019-01-29 11:00:00,LOGIN,0.0,1.0,0,2.0
605881,2019-01-30,14,1800000.0,Payment,Credit_card_repayment,2019-01-30 14:00:00,17549,2019-01-30 10:00:00,MB_SET_PIN,4.0,1,2019-01-30 14:00:00,LOGIN,0.24999937500156252,4.0,0,2.0
674625,2019-01-23,15,10000000.0,Transfer,Outside_bank,2019-01-23 15:00:00,18130,2019-01-23 10:00:00,MB_SET_PIN,5.0,1,2019-01-23 15:00:00,LOGIN,0.4999991666680556,6.0,0,2.0
446688,2019-01-23,17,7000000.0,Transfer,Outside_bank,2019-01-23 17:00:00,18194,2019-01-23 16:00:00,MB_SET_PIN,1.0,1,2019-01-23 17:00:00,LOGIN,0.0,1.0,0,2.0
446688,2019-01-23,16,20000000.0,Transfer,Outside_bank,2019-01-23 16:00:00,18464,2019-01-23 16:00:00,MB_SET_PIN,0.0,1,2019-01-23 16:00:00,LOGIN,0.0,0.0,0,2.0
446688,2019-12-16,10,85000000.0,Transfer,Within_bank,2019-12-16 10:00:00,18493,2019-12-16 09:00:00,CHANGE_PASSWORD,1.0,1,2019-12-16 10:00:00,LOGIN,0.0,323.0,0,2.0
976019,2019-01-24,17,60100000.0,Payment,Credit_card_repayment,2019-01-24 17:00:00,19107,2019-01-23 18:00:00,MB_SET_PIN,23.0,1,2019-01-24 17:00:00,LOGIN,0.39999920000160005,5.0,0,2.0
976019,2019-01-23,18,21000000.0,Payment,Credit_card_repayment,2019-01-23 18:00:00,19125,2019-01-23 18:00:00,MB_SET_PIN,0.0,1,2019-01-23 18:00:00,LOGIN,0.0,0.0,0,2.0
976019,2019-01-24,11,25000000.0,Payment,Credit_card_repayment,2019-01-24 11:00:00,19141,2019-01-23 18:00:00,MB_SET_PIN,17.0,1,2019-01-24 11:00:00,LOGIN_FINGER,0.0,1.0,0,2.0
976019,2019-01-24,16,35000000.0,Payment,Credit_card_repayment,2019-01-24 16:00:00,19153,2019-01-23 18:00:00,MB_SET_PIN,22.0,1,2019-01-24 16:00:00,LOGIN,0.49999875000312505,4.0,0,2.0
962940,2019-03-12,9,20000000.0,Transfer,Outside_bank,2019-03-12 09:00:00,19375,2019-03-12 09:00:00,CHANGE_PASSWORD,0.0,1,2019-03-12 09:00:00,LOGIN,0.0,84.0,0,2.0
708338,2019-06-21,8,16000000.0,Transfer,Within_bank,2019-06-21 08:00:00,19659,2019-06-21 08:00:00,MB_RESET_PIN,0.0,1,2019-06-21 08:00:00,LOGIN,0.02830188412246376,106.0,0,2.0
708338,2019-03-25,21,2100000.0,Transfer,Within_bank,2019-03-25 21:00:00,19679,2019-03-25 21:00:00,CHANGE_PASSWORD,0.0,1,2019-03-25 21:00:00,LOGIN,0.0,28.0,0,2.0
708338,2019-03-25,21,2000000.0,Transfer,Outside_bank,2019-03-25 21:00:00,19756,2019-03-25 21:00:00,CHANGE_PASSWORD,0.0,1,2019-03-25 21:00:00,LOGIN,0.0,28.0,0,2.0
708338,2019-03-26,12,1000000.0,Transfer,Outside_bank,2019-03-26 12:00:00,19781,2019-03-25 21:00:00,CHANGE_PASSWORD,15.0,1,2019-03-26 12:00:00,LOGIN,0.0,30.0,0,2.0
831321,2019-12-18,11,2000000.0,Transfer,Outside_bank,2019-12-18 11:00:00,19815,2019-12-18 11:00:00,MB_CHANGE_PIN,0.0,1,2019-12-18 11:00:00,LOGIN,0.44680841557267753,47.0,0,2.0
342017,2019-03-20,9,7800000.0,Transfer,Within_bank,2019-03-20 09:00:00,19826,2019-03-20 09:00:00,CHANGE_PASSWORD,0.0,1,2019-03-20 09:00:00,LOGIN_FINGER,0.48717936226170194,39.0,0,2.0
266572,2019-01-28,16,25000000.0,Transfer,Outside_bank,2019-01-28 16:00:00,19888,2019-01-28 11:00:00,MB_SET_PIN,5.0,1,2019-01-28 16:00:00,LOGIN,0.0,3.0,0,2.0
890973,2019-04-02,21,1650000.0,Transfer,Outside_bank,2019-04-02 21:00:00,19918,2019-04-02 12:00:00,MB_CHANGE_PIN,9.0,1,2019-04-02 21:00:00,LOGIN,0.0,66.0,0,2.0
637254,2019-01-26,9,50000000.0,Transfer,Outside_bank,2019-01-26 09:00:00,20014,2019-01-25 15:00:00,MB_SET_PIN,18.0,1,2019-01-26 09:00:00,LOGIN,0.0,1.0,0,2.0
637254,2019-01-25,15,50000000.0,Transfer,Outside_bank,2019-01-25 15:00:00,20020,2019-01-25 15:00:00,MB_SET_PIN,0.0,1,2019-01-25 15:00:00,LOGIN,0.0,0.0,0,2.0
146750,2019-01-22,19,10000000.0,Transfer,Outside_bank,2019-01-22 19:00:00,20131,2019-01-22 15:00:00,MB_SET_PIN,4.0,1,2019-01-22 18:00:00,LOGIN,0.0,1.0,0,2.0
146750,2019-01-22,18,40000000.0,Transfer,Outside_bank,2019-01-22 18:00:00,20139,2019-01-22 15:00:00,MB_SET_PIN,3.0,1,2019-01-22 18:00:00,LOGIN,0.0,1.0,0,2.0
146750,2019-01-23,15,137000000.0,Transfer,Outside_bank,2019-01-23 15:00:00,20140,2019-01-22 15:00:00,MB_SET_PIN,24.0,1,2019-01-23 15:00:00,LOGIN,0.0,3.0,0,2.0
636478,2019-05-20,14,6780000.0,Transfer,Outside_bank,2019-05-20 14:00:00,20308,2019-05-20 14:00:00,MB_SET_PIN,0.0,1,2019-05-20 14:00:00,LOGIN,0.0,73.0,0,2.0
672869,2019-01-28,10,1005210.0,Payment,Credit_card_repayment,2019-01-28 10:00:00,20332,2019-01-28 10:00:00,MB_SET_PIN,0.0,1,2019-01-28 10:00:00,LOGIN,0.0,0.0,0,2.0
105379,2019-04-13,18,1000000.0,Transfer,Outside_bank,2019-04-13 18:00:00,20934,2019-04-13 09:00:00,CHANGE_PASSWORD,9.0,1,2019-04-13 18:00:00,LOGIN,0.42857135204082997,56.0,0,2.0
443648,2019-02-26,23,1000000.0,Transfer,Within_bank,2019-02-26 23:00:00,21338,2019-02-26 23:00:00,MB_CHANGE_PIN,0.0,1,2019-02-26 23:00:00,LOGIN,0.09638553055596016,83.0,0,2.0
492238,2019-01-28,11,6202000.0,Transfer,Outside_bank,2019-01-28 11:00:00,21813,2019-01-28 11:00:00,MB_SET_PIN,0.0,1,2019-01-28 11:00:00,LOGIN,0.0,0.0,0,2.0
492238,2019-01-28,12,6985000.0,Transfer,Outside_bank,2019-01-28 12:00:00,21865,2019-01-28 11:00:00,MB_SET_PIN,1.0,1,2019-01-28 12:00:00,LOGIN,0.0,1.0,0,2.0
741440,2019-01-24,7,30000000.0,Transfer,Outside_bank,2019-01-24 07:00:00,21900,2019-01-23 13:00:00,MB_SET_PIN,18.0,1,2019-01-24 07:00:00,LOGIN,0.0,4.0,0,2.0
695937,2019-01-29,10,60000000.0,Transfer,Outside_bank,2019-01-29 10:00:00,22157,2019-01-22 14:00:00,MB_SET_PIN,164.0,0,2019-01-29 10:00:00,LOGIN,0.5263155124655198,19.0,1,2.0
695937,2019-06-24,23,20000000.0,Transfer,Outside_bank,2019-06-24 23:00:00,22162,2019-06-17 13:00:00,CHANGE_PASSWORD,178.0,0,2019-06-21 14:00:00,LOGIN,0.5050504540353077,99.0,1,2.0
695937,2019-07-08,19,7518000.0,Transfer,Outside_bank,2019-07-08 19:00:00,22163,2019-06-17 13:00:00,CHANGE_PASSWORD,510.0,0,2019-06-21 14:00:00,LOGIN,0.5050504540353077,99.0,1,2.0
695937,2019-07-07,20,10200000.0,Transfer,Outside_bank,2019-07-07 20:00:00,22164,2019-06-17 13:00:00,CHANGE_PASSWORD,487.0,0,2019-06-21 14:00:00,LOGIN,0.5050504540353077,99.0,1,2.0
695937,2019-07-17,15,5000000.0,Transfer,Outside_bank,2019-07-17 15:00:00,22165,2019-06-17 13:00:00,CHANGE_PASSWORD,722.0,0,2019-06-21 14:00:00,LOGIN,0.5050504540353077,99.0,1,2.0
695937,2019-06-17,16,1000000.0,Transfer,Outside_bank,2019-06-17 16:00:00,22181,2019-06-17 13:00:00,CHANGE_PASSWORD,3.0,1,2019-06-17 16:00:00,LOGIN_FINGER,0.49999994186047186,86.0,0,2.0
695937,2019-06-26,21,2000000.0,Transfer,Outside_bank,2019-06-26 21:00:00,22183,2019-06-17 13:00:00,CHANGE_PASSWORD,224.0,0,2019-06-21 14:00:00,LOGIN,0.5050504540353077,99.0,1,2.0
695937,2019-07-06,11,4000000.0,Transfer,Outside_bank,2019-07-06 11:00:00,22184,2019-06-17 13:00:00,CHANGE_PASSWORD,454.0,0,2019-06-21 14:00:00,LOGIN,0.5050504540353077,99.0,1,2.0
695937,2019-07-09,17,3700000.0,Transfer,Outside_bank,2019-07-09 17:00:00,22185,2019-06-17 13:00:00,CHANGE_PASSWORD,532.0,0,2019-06-21 14:00:00,LOGIN,0.5050504540353077,99.0,1,2.0
695937,2019-07-17,19,10000000.0,Transfer,Outside_bank,2019-07-17 19:00:00,22186,2019-06-17 13:00:00,CHANGE_PASSWORD,726.0,0,2019-06-21 14:00:00,LOGIN,0.5050504540353077,99.0,1,2.0
695937,2019-07-17,14,50000000.0,Transfer,Outside_bank,2019-07-17 14:00:00,22187,2019-06-17 13:00:00,CHANGE_PASSWORD,721.0,0,2019-06-21 14:00:00,LOGIN,0.5050504540353077,99.0,1,2.0
695937,2019-06-21,14,2000000.0,Transfer,Outside_bank,2019-06-21 14:00:00,22204,2019-06-17 13:00:00,CHANGE_PASSWORD,97.0,0,2019-06-21 14:00:00,LOGIN,0.5050504540353077,99.0,1,2.0
695937,2019-07-05,20,40000000.0,Transfer,Outside_bank,2019-07-05 20:00:00,22206,2019-06-17 13:00:00,CHANGE_PASSWORD,439.0,0,2019-06-21 14:00:00,LOGIN,0.5050504540353077,99.0,1,2.0
695937,2019-07-05,11,5000000.0,Transfer,Outside_bank,2019-07-05 11:00:00,22207,2019-06-17 13:00:00,CHANGE_PASSWORD,430.0,0,2019-06-21 14:00:00,LOGIN,0.5050504540353077,99.0,1,2.0
695937,2019-06-25,0,2000000.0,Transfer,Outside_bank,2019-06-25 00:00:00,22238,2019-06-17 13:00:00,CHANGE_PASSWORD,179.0,0,2019-06-21 14:00:00,LOGIN,0.5050504540353077,99.0,1,2.0
695937,2019-06-27,13,30000000.0,Transfer,Outside_bank,2019-06-27 13:00:00,22239,2019-06-17 13:00:00,CHANGE_PASSWORD,240.0,0,2019-06-21 14:00:00,LOGIN,0.5050504540353077,99.0,1,2.0
695937,2019-06-30,14,15000000.0,Transfer,Outside_bank,2019-06-30 14:00:00,22240,2019-06-17 13:00:00,CHANGE_PASSWORD,313.0,0,2019-06-21 14:00:00,LOGIN,0.5050504540353077,99.0,1,2.0
695937,2019-07-02,16,3000000.0,Transfer,Outside_bank,2019-07-02 16:00:00,22241,2019-06-17 13:00:00,CHANGE_PASSWORD,363.0,0,2019-06-21 14:00:00,LOGIN,0.5050504540353077,99.0,1,2.0
695937,2019-07-05,15,5500000.0,Transfer,Outside_bank,2019-07-05 15:00:00,22242,2019-06-17 13:00:00,CHANGE_PASSWORD,434.0,0,2019-06-21 14:00:00,LOGIN,0.5050504540353077,99.0,1,2.0
695937,2019-07-18,14,133000000.0,Transfer,Outside_bank,2019-07-18 14:00:00,22244,2019-06-17 13:00:00,CHANGE_PASSWORD,745.0,0,2019-06-21 14:00:00,LOGIN,0.5050504540353077,99.0,1,2.0
695937,2019-06-16,16,10000000.0,Transfer,Outside_bank,2019-06-16 16:00:00,22265,2019-01-22 14:00:00,MB_SET_PIN,3482.0,0,2019-06-16 16:00:00,LOGIN,0.5063290498317659,79.0,1,2.0
695937,2019-06-30,6,3000000.0,Transfer,Outside_bank,2019-06-30 06:00:00,22267,2019-06-17 13:00:00,CHANGE_PASSWORD,305.0,0,2019-06-21 14:00:00,LOGIN,0.5050504540353077,99.0,1,2.0
695937,2019-07-02,10,1290000.0,Transfer,Outside_bank,2019-07-02 10:00:00,22268,2019-06-17 13:00:00,CHANGE_PASSWORD,357.0,0,2019-06-21 14:00:00,LOGIN,0.5050504540353077,99.0,1,2.0
695937,2019-07-05,13,5000000.0,Transfer,Outside_bank,2019-07-05 13:00:00,22269,2019-06-17 13:00:00,CHANGE_PASSWORD,432.0,0,2019-06-21 14:00:00,LOGIN,0.5050504540353077,99.0,1,2.0
695937,2019-07-09,20,10000000.0,Transfer,Outside_bank,2019-07-09 20:00:00,22271,2019-06-17 13:00:00,CHANGE_PASSWORD,535.0,0,2019-06-21 14:00:00,LOGIN,0.5050504540353077,99.0,1,2.0
695937,2019-06-18,9,1000000.0,Transfer,Outside_bank,2019-06-18 09:00:00,22284,2019-06-17 13:00:00,CHANGE_PASSWORD,20.0,1,2019-06-18 09:00:00,LOGIN_FINGER,0.4943819669233745,89.0,0,2.0
695937,2019-07-02,11,11000000.0,Transfer,Outside_bank,2019-07-02 11:00:00,22285,2019-06-17 13:00:00,CHANGE_PASSWORD,358.0,0,2019-06-21 14:00:00,LOGIN,0.5050504540353077,99.0,1,2.0
695937,2019-07-05,19,1727000.0,Transfer,Outside_bank,2019-07-05 19:00:00,22287,2019-06-17 13:00:00,CHANGE_PASSWORD,438.0,0,2019-06-21 14:00:00,LOGIN,0.5050504540353077,99.0,1,2.0
695937,2019-07-07,21,3000000.0,Transfer,Outside_bank,2019-07-07 21:00:00,22288,2019-06-17 13:00:00,CHANGE_PASSWORD,488.0,0,2019-06-21 14:00:00,LOGIN,0.5050504540353077,99.0,1,2.0
695937,2019-07-17,17,5000000.0,Transfer,Outside_bank,2019-07-17 17:00:00,22289,2019-06-17 13:00:00,CHANGE_PASSWORD,724.0,0,2019-06-21 14:00:00,LOGIN,0.5050504540353077,99.0,1,2.0
695937,2019-07-17,16,5000000.0,Transfer,Outside_bank,2019-07-17 16:00:00,22290,2019-06-17 13:00:00,CHANGE_PASSWORD,723.0,0,2019-06-21 14:00:00,LOGIN,0.5050504540353077,99.0,1,2.0
695937,2019-06-24,17,2000000.0,Transfer,Outside_bank,2019-06-24 17:00:00,22310,2019-06-17 13:00:00,CHANGE_PASSWORD,172.0,0,2019-06-21 14:00:00,LOGIN,0.5050504540353077,99.0,1,2.0
695937,2019-07-11,16,2500000.0,Transfer,Outside_bank,2019-07-11 16:00:00,22311,2019-06-17 13:00:00,CHANGE_PASSWORD,579.0,0,2019-06-21 14:00:00,LOGIN,0.5050504540353077,99.0,1,2.0
695937,2019-07-12,13,7400000.0,Transfer,Outside_bank,2019-07-12 13:00:00,22312,2019-06-17 13:00:00,CHANGE_PASSWORD,600.0,0,2019-06-21 14:00:00,LOGIN,0.5050504540353077,99.0,1,2.0
695937,2019-08-09,21,10000000.0,Transfer,Outside_bank,2019-08-09 21:00:00,22314,2019-08-09 16:00:00,CHANGE_PASSWORD,5.0,1,2019-08-09 21:00:00,LOGIN,0.46610165541511395,118.0,0,2.0
695937,2019-01-24,18,70000000.0,Transfer,Outside_bank,2019-01-24 18:00:00,22337,2019-01-22 14:00:00,MB_SET_PIN,52.0,0,2019-01-24 18:00:00,LOGIN,0.5454540495872277,11.0,1,2.0
695937,2019-06-23,21,5000000.0,Transfer,Outside_bank,2019-06-23 21:00:00,22341,2019-06-17 13:00:00,CHANGE_PASSWORD,152.0,0,2019-06-21 14:00:00,LOGIN,0.5050504540353077,99.0,1,2.0
497654,2019-01-14,15,6000000.0,Transfer,Outside_bank,2019-01-14 15:00:00,22357,2019-01-14 15:00:00,MB_SET_PIN,0.0,1,2019-01-14 15:00:00,LOGIN,0.0,0.0,0,2.0
130028,2019-01-24,13,13000000.0,Payment,Credit_card_repayment,2019-01-24 13:00:00,22390,2019-01-23 13:00:00,CHANGE_PASSWORD,24.0,1,2019-01-24 13:00:00,LOGIN_FACEID,0.33333277777870374,6.0,0,2.0
130028,2019-01-23,12,20000000.0,Payment,Credit_card_repayment,2019-01-23 12:00:00,22419,2019-01-23 12:00:00,MB_SET_PIN,0.0,1,2019-01-23 12:00:00,LOGIN,0.0,0.0,0,2.0
130028,2019-01-23,13,10000000.0,Payment,Credit_card_repayment,2019-01-23 13:00:00,22421,2019-01-23 13:00:00,CHANGE_PASSWORD,0.0,1,2019-01-23 13:00:00,LOGIN,0.0,1.0,0,2.0
130028,2019-01-24,10,10000000.0,Payment,Credit_card_repayment,2019-01-24 10:00:00,22423,2019-01-23 13:00:00,CHANGE_PASSWORD,21.0,1,2019-01-24 10:00:00,LOGIN_FACEID,0.24999937500156252,4.0,0,2.0
531411,2019-01-21,13,3000000.0,Transfer,Outside_bank,2019-01-21 13:00:00,22457,2019-01-21 09:00:00,MB_SET_PIN,4.0,1,2019-01-21 13:00:00,LOGIN,0.0,2.0,0,2.0
969801,2019-04-19,16,1600000.0,Transfer,Outside_bank,2019-04-19 16:00:00,22643,2019-04-19 14:00:00,CHANGE_PASSWORD,2.0,1,2019-04-19 15:00:00,LOGIN,0.0,20.0,0,2.0
894915,2019-01-25,20,12000000.0,Transfer,Outside_bank,2019-01-25 20:00:00,22765,2019-01-25 20:00:00,MB_SET_PIN,0.0,1,2019-01-25 20:00:00,LOGIN,0.0,1.0,0,2.0
967673,2019-01-25,20,5500000.0,Transfer,Outside_bank,2019-01-25 20:00:00,22779,2019-01-25 20:00:00,MB_SET_PIN,0.0,1,2019-01-25 20:00:00,LOGIN,0.0,0.0,0,2.0
967673,2019-01-25,20,1000000.0,Transfer,Within_bank,2019-01-25 20:00:00,22783,2019-01-25 20:00:00,MB_SET_PIN,0.0,1,2019-01-25 20:00:00,LOGIN,0.0,0.0,0,2.0
18313,2019-08-29,6,2000000.0,Transfer,Outside_bank,2019-08-29 06:00:00,22798,2019-08-28 09:00:00,CHANGE_PASSWORD,21.0,1,2019-08-29 06:00:00,LOGIN,0.4025973764547158,154.0,0,2.0
949306,2019-01-09,10,50000000.0,Payment,Credit_card_repayment,2019-01-09 10:00:00,23980,2019-01-08 10:00:00,MB_SET_PIN,24.0,1,2019-01-09 10:00:00,LOGIN,0.0,3.0,0,2.0
949306,2019-01-08,14,10000000.0,Transfer,Outside_bank,2019-01-08 14:00:00,23981,2019-01-08 10:00:00,MB_SET_PIN,4.0,1,2019-01-08 14:00:00,LOGIN,0.0,1.0,0,2.0
109161,2019-01-28,14,1863422.0,Transfer,Outside_bank,2019-01-28 14:00:00,24346,2019-01-28 13:00:00,MB_SET_PIN,1.0,1,2019-01-28 13:00:00,LOGIN,0.0,2.0,0,2.0
731706,2019-04-05,19,10000000.0,Transfer,Outside_bank,2019-04-05 19:00:00,24946,2019-04-05 16:00:00,CHANGE_PASSWORD,3.0,1,2019-04-05 19:00:00,LOGIN,0.4499997750001125,20.0,0,2.0
731706,2019-01-05,14,2300000.0,Transfer,Outside_bank,2019-01-05 14:00:00,24967,2019-01-05 14:00:00,MB_SET_PIN,0.0,1,2019-01-05 14:00:00,LOGIN,0.0,0.0,0,2.0
731706,2019-01-05,20,1100000.0,Transfer,Outside_bank,2019-01-05 20:00:00,25078,2019-01-05 14:00:00,MB_SET_PIN,6.0,1,2019-01-05 20:00:00,LOGIN,0.49999750001249993,2.0,0,2.0
997453,2019-08-03,16,2000000.0,Transfer,Outside_bank,2019-08-03 16:00:00,25317,2019-08-03 08:00:00,CHANGE_PASSWORD,8.0,1,2019-08-03 16:00:00,LOGIN_FACEID,0.4837837707085468,370.0,0,2.0
989464,2019-10-19,14,1450000.0,Transfer,Outside_bank,2019-10-19 14:00:00,25832,2019-10-19 02:00:00,MB_CHANGE_PIN,12.0,1,2019-10-19 14:00:00,LOGIN,0.06320224630333925,712.0,0,2.0
989464,2019-10-19,2,1300000.0,Transfer,Outside_bank,2019-10-19 02:00:00,25834,2019-10-19 02:00:00,MB_CHANGE_PIN,0.0,1,2019-10-19 02:00:00,LOGIN,0.0634696747042359,709.0,0,2.0
989464,2019-12-24,2,1000000.0,Transfer,Outside_bank,2019-12-24 02:00:00,25867,2019-12-24 01:00:00,MB_CHANGE_PIN,1.0,1,2019-12-24 02:00:00,LOGIN,0.04634397480593229,971.0,0,2.0
989464,2019-12-29,0,2500000.0,Transfer,Outside_bank,2019-12-29 00:00:00,25874,2019-12-28 16:00:00,MB_CHANGE_PIN,8.0,1,2019-12-29 00:00:00,LOGIN,0.04482071668505262,1004.0,0,2.0
989464,2019-12-24,15,1000000.0,Transfer,Outside_bank,2019-12-24 15:00:00,26003,2019-12-24 01:00:00,MB_CHANGE_PIN,14.0,1,2019-12-24 15:00:00,LOGIN,0.046201231558508915,974.0,0,2.0
989464,2019-03-04,16,2000000.0,Topup,eWallet,2019-03-04 16:00:00,26133,2019-03-04 16:00:00,MB_RESET_PIN,0.0,1,2019-03-04 16:00:00,LOGIN,0.4945054401642373,91.0,0,2.0
989464,2019-12-24,3,1700000.0,Transfer,Outside_bank,2019-12-24 03:00:00,26241,2019-12-24 01:00:00,MB_CHANGE_PIN,2.0,1,2019-12-24 03:00:00,LOGIN,0.04629629581999696,972.0,0,2.0
989464,2019-12-24,21,1000000.0,Transfer,Outside_bank,2019-12-24 21:00:00,26243,2019-12-24 01:00:00,MB_CHANGE_PIN,20.0,1,2019-12-24 21:00:00,LOGIN,0.046106556904645934,976.0,0,2.0
989464,2019-10-19,13,2000000.0,Transfer,Outside_bank,2019-10-19 13:00:00,26455,2019-10-19 02:00:00,MB_CHANGE_PIN,11.0,1,2019-10-19 13:00:00,LOGIN,0.0632911383503356,711.0,0,2.0
989464,2019-12-28,23,2000000.0,Transfer,Outside_bank,2019-12-28 23:00:00,26731,2019-12-28 16:00:00,MB_CHANGE_PIN,7.0,1,2019-12-28 23:00:00,LOGIN,0.044865403341322004,1003.0,0,2.0
596678,2019-01-25,17,1500000.0,Transfer,Within_bank,2019-01-25 17:00:00,26773,2019-01-25 15:00:00,MB_SET_PIN,2.0,1,2019-01-25 17:00:00,LOGIN,0.0,1.0,0,2.0
596678,2019-03-12,8,1000000.0,Transfer,Outside_bank,2019-03-12 08:00:00,26806,2019-03-12 08:00:00,MB_RESET_PIN,0.0,1,2019-03-12 08:00:00,LOGIN,0.0,12.0,0,2.0
284042,2019-01-27,17,100000000.0,Transfer,Outside_bank,2019-01-27 17:00:00,27033,2019-01-26 22:00:00,CHANGE_PASSWORD,19.0,1,2019-01-27 17:00:00,LOGIN,0.0,3.0,0,2.0
284042,2019-01-26,22,100000000.0,Transfer,Outside_bank,2019-01-26 22:00:00,27036,2019-01-26 22:00:00,CHANGE_PASSWORD,0.0,1,2019-01-26 22:00:00,LOGIN,0.0,2.0,0,2.0
136073,2019-11-05,11,2685000.0,Transfer,Outside_bank,2019-11-05 11:00:00,27372,2019-11-05 09:00:00,MB_RESET_PIN,2.0,1,2019-11-05 11:00:00,LOGIN_FACEID,0.35577722065023093,1203.0,0,2.0
136073,2019-01-24,19,60900000.0,Transfer,Outside_bank,2019-01-24 19:00:00,27386,2019-01-24 09:00:00,MB_SET_PIN,10.0,1,2019-01-24 19:00:00,LOGIN,0.0,6.0,0,2.0
136073,2019-11-06,6,25610000.0,Transfer,Outside_bank,2019-11-06 06:00:00,27518,2019-11-05 09:00:00,MB_RESET_PIN,21.0,1,2019-11-06 06:00:00,LOGIN_FACEID,0.35702479043781166,1210.0,0,2.0
136073,2019-11-05,12,109420000.0,Transfer,Outside_bank,2019-11-05 12:00:00,27564,2019-11-05 09:00:00,MB_RESET_PIN,3.0,1,2019-11-05 12:00:00,LOGIN,0.3568464700676642,1205.0,0,2.0
136073,2019-01-24,18,26390000.0,Transfer,Outside_bank,2019-01-24 18:00:00,27573,2019-01-24 09:00:00,MB_SET_PIN,9.0,1,2019-01-24 18:00:00,LOGIN,0.0,5.0,0,2.0
136073,2019-11-06,7,30000000.0,Transfer,Outside_bank,2019-11-06 07:00:00,27613,2019-11-05 09:00:00,MB_RESET_PIN,22.0,1,2019-11-06 07:00:00,LOGIN,0.35726072312491153,1212.0,0,2.0
136073,2019-01-24,14,121800000.0,Transfer,Outside_bank,2019-01-24 14:00:00,27630,2019-01-24 09:00:00,MB_SET_PIN,5.0,1,2019-01-24 14:00:00,LOGIN,0.0,3.0,0,2.0
136073,2019-11-05,9,18000000.0,Transfer,Outside_bank,2019-11-05 09:00:00,27672,2019-11-05 09:00:00,MB_RESET_PIN,0.0,1,2019-11-05 09:00:00,LOGIN,0.35613010545346035,1199.0,0,2.0
730369,2019-05-07,16,2310000.0,Transfer,Outside_bank,2019-05-07 16:00:00,27921,2019-05-07 10:00:00,MB_RESET_PIN,6.0,1,2019-05-07 16:00:00,LOGIN,0.15294115847751077,85.0,0,2.0
730369,2019-05-08,8,1541497.0,Transfer,Outside_bank,2019-05-08 08:00:00,27922,2019-05-07 10:00:00,MB_RESET_PIN,22.0,1,2019-05-08 08:00:00,LOGIN,0.14942527018100343,87.0,0,2.0
730369,2019-05-07,10,7380000.0,Transfer,Outside_bank,2019-05-07 10:00:00,27994,2019-05-07 10:00:00,MB_RESET_PIN,0.0,1,2019-05-07 10:00:00,LOGIN,0.15662648715343527,83.0,0,2.0
298695,2019-01-30,7,29700000.0,Transfer,Outside_bank,2019-01-30 07:00:00,28001,2019-01-29 11:00:00,MB_SET_PIN,20.0,1,2019-01-30 07:00:00,LOGIN,0.0,9.0,0,2.0
298695,2019-01-29,15,20580000.0,Transfer,Within_bank,2019-01-29 15:00:00,28002,2019-01-29 11:00:00,MB_SET_PIN,4.0,1,2019-01-29 15:00:00,LOGIN,0.0,4.0,0,2.0
298695,2019-01-29,18,19620000.0,Transfer,Outside_bank,2019-01-29 18:00:00,28003,2019-01-29 11:00:00,MB_SET_PIN,7.0,1,2019-01-29 18:00:00,LOGIN,0.0,7.0,0,2.0
541251,2019-11-08,14,1300000.0,Transfer,Outside_bank,2019-11-08 14:00:00,28760,2019-11-07 14:00:00,CHANGE_PASSWORD,24.0,1,2019-11-08 14:00:00,LOGIN,0.32803391453082187,1887.0,0,2.0
816475,2019-01-29,17,300000000.0,Transfer,Outside_bank,2019-01-29 17:00:00,29560,2019-01-29 15:00:00,MB_SET_PIN,2.0,1,2019-01-29 17:00:00,LOGIN,0.0,2.0,0,2.0
816475,2019-11-16,8,496500000.0,Transfer,Outside_bank,2019-11-16 08:00:00,29562,2019-11-16 08:00:00,MB_RESET_PIN,0.0,1,2019-11-16 08:00:00,LOGIN,0.0,8.0,0,2.0
816475,2019-01-30,8,300000000.0,Transfer,Outside_bank,2019-01-30 08:00:00,29566,2019-01-29 15:00:00,MB_SET_PIN,17.0,1,2019-01-30 08:00:00,LOGIN,0.0,3.0,0,2.0
252582,2019-01-26,14,1500000.0,Topup,eWallet,2019-01-26 14:00:00,30185,2019-01-25 18:00:00,MB_SET_PIN,20.0,1,2019-01-26 14:00:00,LOGIN,0.19999960000080003,5.0,0,2.0
916246,2019-04-09,10,25000000.0,Transfer,Outside_bank,2019-04-09 10:00:00,30208,2019-01-11 09:00:00,CHANGE_PASSWORD,2113.0,0,2019-04-09 10:00:00,LOGIN,0.5048543199170563,103.0,1,2.0
916246,2019-04-22,9,9000000.0,Transfer,Within_bank,2019-04-22 09:00:00,30210,2019-01-11 09:00:00,CHANGE_PASSWORD,2424.0,0,2019-04-22 09:00:00,LOGIN,0.5042734611732085,117.0,1,2.0
916246,2019-04-05,9,3730000.0,Transfer,Outside_bank,2019-04-05 09:00:00,30225,2019-01-11 09:00:00,CHANGE_PASSWORD,2016.0,0,2019-04-05 09:00:00,LOGIN,0.505376289744485,93.0,1,2.0
768436,2019-01-28,11,20000000.0,Transfer,Outside_bank,2019-01-28 11:00:00,30231,2019-01-28 09:00:00,CHANGE_PASSWORD,2.0,1,2019-01-28 11:00:00,LOGIN,0.0,1.0,0,2.0
768436,2019-01-28,9,19000000.0,Transfer,Outside_bank,2019-01-28 09:00:00,30232,2019-01-28 09:00:00,CHANGE_PASSWORD,0.0,1,2019-01-28 09:00:00,LOGIN,0.0,0.0,0,2.0
234881,2019-01-19,8,330000000.0,Transfer,Outside_bank,2019-01-19 08:00:00,30246,2019-01-18 11:00:00,CHANGE_PASSWORD,21.0,1,2019-01-19 08:00:00,LOGIN,0.4285708163274053,7.0,0,2.0
234881,2019-01-19,10,20000000.0,Transfer,Outside_bank,2019-01-19 10:00:00,30257,2019-01-18 11:00:00,CHANGE_PASSWORD,23.0,1,2019-01-19 10:00:00,LOGIN_FINGER,0.3999996000004,10.0,0,2.0
234881,2019-01-18,17,500000000.0,Transfer,Outside_bank,2019-01-18 17:00:00,30264,2019-01-18 11:00:00,CHANGE_PASSWORD,6.0,1,2019-01-18 17:00:00,LOGIN,0.4999991666680556,6.0,0,2.0
625284,2019-01-26,11,50000000.0,Transfer,Outside_bank,2019-01-26 11:00:00,30854,2019-01-26 10:00:00,MB_CHANGE_PIN,1.0,1,2019-01-26 11:00:00,LOGIN,0.0,1.0,0,2.0
469200,2019-01-26,11,50000000.0,Transfer,Outside_bank,2019-01-26 11:00:00,31021,2019-01-26 11:00:00,MB_SET_PIN,0.0,1,2019-01-26 11:00:00,LOGIN,0.9999900000999989,1.0,0,2.0
670277,2019-01-16,11,3000000.0,Transfer,Outside_bank,2019-01-16 11:00:00,31167,2019-01-16 10:00:00,MB_SET_PIN,1.0,1,2019-01-16 11:00:00,LOGIN,0.0,4.0,0,2.0
721131,2019-02-01,16,500000000.0,Transfer,Outside_bank,2019-02-01 16:00:00,31175,2019-01-31 20:00:00,MB_SET_PIN,20.0,1,2019-01-31 20:00:00,LOGIN,0.0,0.0,0,2.0
132710,2019-01-25,10,1000000000.0,Transfer,Outside_bank,2019-01-25 10:00:00,31838,2019-01-25 10:00:00,MB_SET_PIN,0.0,1,2019-01-25 10:00:00,LOGIN,0.0,0.0,0,2.0
678011,2019-08-23,18,8818725.0,Payment,Credit_card_repayment,2019-08-23 18:00:00,32292,2019-08-23 18:00:00,MB_RESET_PIN,0.0,1,2019-08-23 18:00:00,LOGIN_FINGER,0.48165135405269016,218.0,0,2.0
678011,2019-08-19,17,1500000.0,Transfer,Outside_bank,2019-08-19 17:00:00,32321,2019-08-19 10:00:00,CHANGE_PASSWORD,7.0,1,2019-08-19 17:00:00,LOGIN,0.4882628878749818,213.0,0,2.0
678011,2019-05-04,10,40500000.0,Transfer,Outside_bank,2019-05-04 10:00:00,32336,2019-05-03 15:00:00,MB_SET_PIN,19.0,1,2019-05-04 10:00:00,LOGIN,0.2857138775516035,7.0,0,2.0
678011,2019-05-04,12,4328767.0,Transfer,Outside_bank,2019-05-04 12:00:00,32366,2019-05-03 15:00:00,MB_SET_PIN,21.0,1,2019-05-04 11:00:00,LOGIN,0.24999968750039064,8.0,0,2.0
678011,2019-05-04,14,1990000.0,Payment,Credit_card_repayment,2019-05-04 14:00:00,32446,2019-05-03 15:00:00,MB_SET_PIN,23.0,1,2019-05-04 14:00:00,LOGIN_FINGER,0.2999997000003,10.0,0,2.0
96992,2019-02-01,14,39950000.0,Transfer,Outside_bank,2019-02-01 14:00:00,32734,2019-01-31 17:00:00,CHANGE_PASSWORD,21.0,1,2019-01-31 21:00:00,LOGIN,0.0,14.0,0,2.0
377761,2019-01-30,18,2000000.0,Transfer,Outside_bank,2019-01-30 18:00:00,33038,2019-01-30 18:00:00,CHANGE_PASSWORD,0.0,1,2019-01-30 18:00:00,LOGIN,0.0,0.0,0,2.0
790631,2019-01-30,15,1000000.0,Topup,eWallet,2019-01-30 15:00:00,33580,2019-01-30 13:00:00,MB_SET_PIN,2.0,1,2019-01-30 15:00:00,LOGIN,0.0,2.0,0,2.0
104820,2019-10-27,7,2980000.0,Transfer,Outside_bank,2019-10-27 07:00:00,33943,2019-10-27 07:00:00,CHANGE_PASSWORD,0.0,1,2019-10-27 07:00:00,LOGIN,0.0,125.0,0,2.0
104820,2019-08-31,17,1000000.0,Transfer,Outside_bank,2019-08-31 17:00:00,33955,2019-08-31 16:00:00,CHANGE_PASSWORD,1.0,1,2019-08-31 17:00:00,LOGIN,0.0,100.0,0,2.0
627343,2019-02-01,7,2010000.0,Transfer,Within_bank,2019-02-01 07:00:00,34014,2019-01-31 11:00:00,MB_SET_PIN,20.0,1,2019-01-31 13:00:00,LOGIN_FINGER,0.49999750001249993,2.0,0,2.0
627343,2019-01-31,11,5000000.0,Transfer,Outside_bank,2019-01-31 11:00:00,34028,2019-01-31 11:00:00,MB_SET_PIN,0.0,1,2019-01-31 11:00:00,LOGIN,0.0,0.0,0,2.0
471199,2019-01-29,13,6336000.0,Transfer,Outside_bank,2019-01-29 13:00:00,34108,2019-01-29 13:00:00,MB_SET_PIN,0.0,1,2019-01-29 13:00:00,LOGIN,0.0,0.0,0,2.0
110641,2019-02-02,12,38479623.0,Transfer,Within_bank,2019-02-02 12:00:00,34798,2019-02-02 12:00:00,MB_SET_PIN,0.0,1,2019-02-02 12:00:00,LOGIN,0.0,0.0,0,2.0
110641,2019-02-02,13,89360000.0,Transfer,Within_bank,2019-02-02 13:00:00,34800,2019-02-02 12:00:00,MB_SET_PIN,1.0,1,2019-02-02 13:00:00,LOGIN,0.0,1.0,0,2.0
110641,2019-03-02,11,30575623.0,Transfer,Within_bank,2019-03-02 11:00:00,34804,2019-03-02 11:00:00,MB_RESET_PIN,0.0,1,2019-03-02 11:00:00,LOGIN,0.0,4.0,0,2.0
696945,2019-01-22,9,2200000.0,Transfer,Outside_bank,2019-01-22 09:00:00,34871,2019-01-05 09:00:00,MB_SET_PIN,408.0,0,2019-01-22 09:00:00,LOGIN,0.5294114532873805,17.0,1,2.0
696945,2019-09-06,8,3000000.0,Transfer,Outside_bank,2019-09-06 08:00:00,34872,2019-09-06 08:00:00,MB_CHANGE_PIN,0.0,1,2019-09-06 08:00:00,LOGIN_FACEID,0.4948453098097619,97.0,0,2.0
696945,2019-07-27,15,1300000.0,Transfer,Outside_bank,2019-07-27 15:00:00,34891,2019-01-05 09:00:00,MB_SET_PIN,4878.0,0,2019-07-27 15:00:00,LOGIN,0.5087718405663437,57.0,1,2.0
696945,2019-09-06,14,20000000.0,Transfer,Outside_bank,2019-09-06 14:00:00,34904,2019-09-06 08:00:00,MB_CHANGE_PIN,6.0,1,2019-09-06 14:00:00,LOGIN_FACEID,0.4899999510000049,100.0,0,2.0
438964,2019-01-18,11,6768000.0,Transfer,Within_bank,2019-01-18 11:00:00,34934,2019-01-18 10:00:00,MB_SET_PIN,1.0,1,2019-01-18 11:00:00,LOGIN,0.0,1.0,0,2.0
438964,2019-01-18,11,40000000.0,Transfer,Outside_bank,2019-01-18 11:00:00,34964,2019-01-18 10:00:00,MB_SET_PIN,1.0,1,2019-01-18 11:00:00,LOGIN,0.0,1.0,0,2.0
514772,2019-12-17,23,2000000.0,Transfer,Outside_bank,2019-12-17 23:00:00,35011,2019-12-17 09:00:00,CHANGE_PASSWORD,14.0,1,2019-12-17 23:00:00,LOGIN,0.3568075033613262,426.0,0,2.0
514772,2019-12-17,16,6200000.0,Transfer,Outside_bank,2019-12-17 16:00:00,35105,2019-12-17 09:00:00,CHANGE_PASSWORD,7.0,1,2019-12-17 16:00:00,LOGIN,0.35764705040830475,425.0,0,2.0
514772,2019-12-17,11,1915000.0,Transfer,Outside_bank,2019-12-17 11:00:00,35184,2019-12-17 09:00:00,CHANGE_PASSWORD,2.0,1,2019-12-17 11:00:00,LOGIN,0.35629452835404923,421.0,0,2.0
514772,2019-12-17,12,70000000.0,Transfer,Outside_bank,2019-12-17 12:00:00,35254,2019-12-17 09:00:00,CHANGE_PASSWORD,3.0,1,2019-12-17 12:00:00,LOGIN,0.35697398683276627,423.0,0,2.0
792908,2019-01-30,10,3000000.0,Transfer,Outside_bank,2019-01-30 10:00:00,35487,2019-01-30 08:00:00,MB_SET_PIN,2.0,1,2019-01-30 10:00:00,LOGIN,0.0,1.0,0,2.0
692918,2019-09-03,16,50000000.0,Payment,Credit_card_repayment,2019-09-03 16:00:00,36352,2019-09-03 16:00:00,CHANGE_PASSWORD,0.0,1,2019-09-03 16:00:00,LOGIN_FINGER,0.4958677481046385,242.0,0,2.0
130546,2019-01-29,14,98000000.0,Transfer,Outside_bank,2019-01-29 14:00:00,36369,2019-01-29 11:00:00,MB_SET_PIN,3.0,1,2019-01-29 14:00:00,LOGIN,0.0,2.0,0,2.0
424120,2019-01-24,14,1600000.0,Transfer,Outside_bank,2019-01-24 14:00:00,36419,2019-01-24 14:00:00,MB_SET_PIN,0.0,1,2019-01-24 14:00:00,LOGIN,0.0,0.0,0,2.0
796652,2019-05-02,18,7000000.0,Transfer,Outside_bank,2019-05-02 18:00:00,36425,2019-01-16 17:00:00,MB_SET_PIN,2545.0,0,2019-05-02 18:00:00,LOGIN,0.5135133747261149,37.0,1,2.0
796652,2019-03-01,18,6127000.0,Transfer,Outside_bank,2019-03-01 18:00:00,36428,2019-01-16 17:00:00,MB_SET_PIN,1057.0,0,2019-03-01 18:00:00,LOGIN,0.5185183264746939,27.0,1,2.0
796652,2019-01-31,11,5000000.0,Transfer,Outside_bank,2019-01-31 11:00:00,36434,2019-01-16 17:00:00,MB_SET_PIN,354.0,0,2019-01-31 11:00:00,LOGIN,0.5555549382722909,9.0,1,2.0
408885,2019-09-09,15,17500000.0,Transfer,Outside_bank,2019-09-09 15:00:00,36488,2019-09-09 15:00:00,CHANGE_PASSWORD,0.0,1,2019-09-09 15:00:00,LOGIN,0.0,94.0,0,2.0
408885,2019-09-09,17,7000000.0,Transfer,Outside_bank,2019-09-09 17:00:00,36536,2019-09-09 15:00:00,CHANGE_PASSWORD,2.0,1,2019-09-09 17:00:00,LOGIN,0.0,95.0,0,2.0
408885,2019-01-15,14,1920000.0,Transfer,Outside_bank,2019-01-15 14:00:00,36547,2019-01-15 09:00:00,MB_SET_PIN,5.0,1,2019-01-15 14:00:00,LOGIN,0.0,2.0,0,2.0
427840,2019-01-12,11,10000000.0,Transfer,Outside_bank,2019-01-12 11:00:00,37500,2019-01-11 21:00:00,CHANGE_PASSWORD,14.0,1,2019-01-12 11:00:00,LOGIN,0.0,5.0,0,2.0
708203,2019-02-18,0,221000000.0,Transfer,Outside_bank,2019-02-18 00:00:00,37575,2019-02-17 20:00:00,CHANGE_PASSWORD,4.0,1,2019-02-18 00:00:00,LOGIN,0.0,48.0,0,2.0
708203,2019-01-27,0,50000000.0,Transfer,Outside_bank,2019-01-27 00:00:00,37577,2019-01-26 23:00:00,CHANGE_PASSWORD,1.0,1,2019-01-26 23:00:00,LOGIN,0.0,16.0,0,2.0
708203,2019-02-18,3,29000000.0,Transfer,Outside_bank,2019-02-18 03:00:00,37582,2019-02-17 20:00:00,CHANGE_PASSWORD,7.0,1,2019-02-18 03:00:00,LOGIN,0.0,49.0,0,2.0
685854,2019-01-07,22,64900000.0,Transfer,Outside_bank,2019-01-07 22:00:00,38175,2019-01-07 17:00:00,MB_SET_PIN,5.0,1,2019-01-07 22:00:00,LOGIN,0.49999750001249993,2.0,0,2.0
682353,2019-01-11,15,1000000.0,Transfer,Outside_bank,2019-01-11 15:00:00,38322,2019-01-11 14:00:00,MB_SET_PIN,1.0,1,2019-01-11 15:00:00,LOGIN,0.0,1.0,0,2.0
957300,2019-12-14,17,3460000.0,Topup,eWallet,2019-12-14 17:00:00,38376,2019-12-14 17:00:00,MB_RESET_PIN,0.0,1,2019-12-14 17:00:00,LOGIN,0.0,32.0,0,2.0
957300,2019-09-21,15,2000000.0,Transfer,Outside_bank,2019-09-21 15:00:00,38380,2019-09-21 10:00:00,MB_RESET_PIN,5.0,1,2019-09-21 15:00:00,LOGIN,0.0,26.0,0,2.0
957300,2019-11-15,13,1556000.0,Topup,eWallet,2019-11-15 13:00:00,38386,2019-11-15 12:00:00,MB_RESET_PIN,1.0,1,2019-11-15 13:00:00,LOGIN,0.0,30.0,0,2.0
957300,2019-11-15,12,1900000.0,Topup,eWallet,2019-11-15 12:00:00,38387,2019-11-15 12:00:00,MB_RESET_PIN,0.0,1,2019-11-15 12:00:00,LOGIN,0.0,29.0,0,2.0
957300,2019-10-15,15,2350000.0,Topup,eWallet,2019-10-15 15:00:00,38389,2019-10-15 15:00:00,CHANGE_PASSWORD,0.0,1,2019-10-15 15:00:00,LOGIN,0.0,27.0,0,2.0
614327,2019-01-04,16,100000000.0,Transfer,Outside_bank,2019-01-04 16:00:00,38465,2019-01-04 16:00:00,MB_SET_PIN,0.0,1,2019-01-04 16:00:00,LOGIN,0.0,0.0,0,2.0
732434,2019-01-04,16,4500000.0,Transfer,Outside_bank,2019-01-04 16:00:00,38480,2019-01-04 16:00:00,CHANGE_PASSWORD,0.0,1,2019-01-04 16:00:00,LOGIN,0.0,0.0,0,2.0
290352,2019-01-29,8,4000000.0,Transfer,Outside_bank,2019-01-29 08:00:00,38700,2019-01-29 08:00:00,MB_SET_PIN,0.0,1,2019-01-29 08:00:00,LOGIN,0.0,0.0,0,2.0
733159,2019-01-09,15,190000000.0,Transfer,Outside_bank,2019-01-09 15:00:00,38824,2019-01-08 19:00:00,CHANGE_PASSWORD,20.0,1,2019-01-09 15:00:00,LOGIN,0.0,8.0,0,2.0
733159,2019-01-09,16,8500000.0,Transfer,Within_bank,2019-01-09 16:00:00,38825,2019-01-08 19:00:00,CHANGE_PASSWORD,21.0,1,2019-01-09 16:00:00,LOGIN,0.0,9.0,0,2.0
359095,2019-01-29,17,3950000.0,Transfer,Outside_bank,2019-01-29 17:00:00,39507,2019-01-29 17:00:00,MB_SET_PIN,0.0,1,2019-01-29 17:00:00,LOGIN,0.0,0.0,0,2.0
359095,2019-01-30,13,5300000.0,Transfer,Outside_bank,2019-01-30 13:00:00,39520,2019-01-29 17:00:00,MB_SET_PIN,20.0,1,2019-01-30 13:00:00,LOGIN,0.0,1.0,0,2.0
493419,2019-11-11,13,9000000.0,Transfer,Outside_bank,2019-11-11 13:00:00,39550,2019-11-10 18:00:00,MB_RESET_PIN,19.0,1,2019-11-11 13:00:00,LOGIN,0.3647058394463718,85.0,0,2.0
493419,2019-12-14,17,2000000.0,Transfer,Outside_bank,2019-12-14 17:00:00,39560,2019-12-14 17:00:00,MB_RESET_PIN,0.0,1,2019-12-14 17:00:00,LOGIN,0.3898304754380953,118.0,0,2.0
472678,2019-02-25,10,4000000.0,Transfer,Outside_bank,2019-02-25 10:00:00,39941,2019-02-25 10:00:00,CHANGE_PASSWORD,0.0,1,2019-02-25 10:00:00,LOGIN,0.0,24.0,0,2.0
657581,2019-11-25,10,1063000.0,Transfer,Outside_bank,2019-11-25 10:00:00,40002,2019-11-24 10:00:00,MB_RESET_PIN,24.0,1,2019-11-25 10:00:00,LOGIN,0.4761904572940295,252.0,0,2.0
657581,2019-03-12,9,1000000.0,Topup,eWallet,2019-03-12 09:00:00,40007,2019-03-12 09:00:00,CHANGE_PASSWORD,0.0,1,2019-03-12 09:00:00,LOGIN,0.0,9.0,0,2.0
657581,2019-07-26,11,10000000.0,Transfer,Outside_bank,2019-07-26 11:00:00,40096,2019-07-26 10:00:00,CHANGE_PASSWORD,1.0,1,2019-07-26 11:00:00,LOGIN_FINGER,0.4399999560000044,100.0,0,2.0
400530,2019-12-14,18,2000000.0,Transfer,Outside_bank,2019-12-14 18:00:00,40418,2019-12-14 18:00:00,MB_RESET_PIN,0.0,1,2019-12-14 18:00:00,LOGIN,0.01428571224489825,70.0,0,2.0
929966,2019-02-14,13,8900000.0,Transfer,Outside_bank,2019-02-14 13:00:00,40427,2019-02-14 11:00:00,MB_SET_PIN,2.0,1,2019-02-14 13:00:00,LOGIN,0.0,1.0,0,2.0
929966,2019-02-14,14,18410000.0,Transfer,Outside_bank,2019-02-14 14:00:00,40428,2019-02-14 11:00:00,MB_SET_PIN,3.0,1,2019-02-14 14:00:00,LOGIN,0.0,2.0,0,2.0
929966,2019-02-14,11,2600000.0,Transfer,Within_bank,2019-02-14 11:00:00,40429,2019-02-14 11:00:00,MB_SET_PIN,0.0,1,2019-02-14 11:00:00,LOGIN,0.0,0.0,0,2.0
140471,2019-10-25,16,3000000.0,Transfer,Outside_bank,2019-10-25 16:00:00,40908,2019-10-25 15:00:00,MB_SET_PIN,1.0,1,2019-10-25 16:00:00,LOGIN,0.0,12.0,0,2.0
354422,2019-12-25,15,20000000.0,Payment,Credit_card_repayment,2019-12-25 15:00:00,41027,2019-12-24 16:00:00,CHANGE_PASSWORD,23.0,1,2019-12-25 15:00:00,LOGIN_FINGER,0.26797383869452035,153.0,0,2.0
851303,2019-05-05,0,4568000.0,Payment,Credit_card_repayment,2019-05-05 00:00:00,41069,2019-05-04 21:00:00,MB_CHANGE_PIN,3.0,1,2019-05-05 00:00:00,LOGIN_FACEID,0.47272722975207,110.0,0,2.0
851303,2019-05-04,22,14000000.0,Payment,Credit_card_repayment,2019-05-04 22:00:00,41097,2019-05-04 21:00:00,MB_CHANGE_PIN,1.0,1,2019-05-04 22:00:00,LOGIN,0.47169806870772935,106.0,0,2.0
523765,2019-01-23,17,1000000.0,Transfer,Outside_bank,2019-01-23 17:00:00,41185,2019-01-23 17:00:00,MB_SET_PIN,0.0,1,2019-01-23 17:00:00,LOGIN,0.0,0.0,0,2.0
982610,2019-09-10,9,32000000.0,Transfer,Outside_bank,2019-09-10 09:00:00,41322,2019-09-10 09:00:00,MB_CHANGE_PIN,0.0,1,2019-09-10 09:00:00,LOGIN,0.0,71.0,0,2.0
545047,2019-02-13,11,9000000.0,Transfer,Outside_bank,2019-02-13 11:00:00,41590,2019-02-13 11:00:00,CHANGE_PASSWORD,0.0,1,2019-02-13 11:00:00,LOGIN,0.0,0.0,0,2.0
833045,2019-02-15,16,1500000.0,Transfer,Within_bank,2019-02-15 16:00:00,42168,2019-02-14 19:00:00,MB_SET_PIN,21.0,1,2019-02-15 16:00:00,LOGIN,0.0,10.0,0,2.0
833045,2019-02-15,13,1400000.0,Transfer,Within_bank,2019-02-15 13:00:00,42192,2019-02-14 19:00:00,MB_SET_PIN,18.0,1,2019-02-15 13:00:00,LOGIN,0.0,7.0,0,2.0
833045,2019-02-15,11,3000000.0,Transfer,Within_bank,2019-02-15 11:00:00,42193,2019-02-14 19:00:00,MB_SET_PIN,16.0,1,2019-02-15 11:00:00,LOGIN,0.0,6.0,0,2.0
833045,2019-02-15,10,2000000.0,Transfer,Within_bank,2019-02-15 10:00:00,42230,2019-02-14 19:00:00,MB_SET_PIN,15.0,1,2019-02-15 10:00:00,LOGIN,0.0,5.0,0,2.0
833045,2019-02-15,14,4500000.0,Transfer,Within_bank,2019-02-15 14:00:00,42231,2019-02-14 19:00:00,MB_SET_PIN,19.0,1,2019-02-15 14:00:00,LOGIN,0.0,8.0,0,2.0
833045,2019-02-15,15,5500000.0,Transfer,Within_bank,2019-02-15 15:00:00,42232,2019-02-14 19:00:00,MB_SET_PIN,20.0,1,2019-02-15 15:00:00,LOGIN,0.0,9.0,0,2.0
936917,2019-11-30,22,11000000.0,Transfer,Outside_bank,2019-11-30 22:00:00,42466,2019-11-30 17:00:00,CHANGE_PASSWORD,5.0,1,2019-11-30 22:00:00,LOGIN,0.4799999852307697,325.0,0,2.0
300380,2019-02-18,9,2000000.0,Topup,eWallet,2019-02-18 09:00:00,42968,2019-02-18 09:00:00,MB_SET_PIN,0.0,1,2019-02-18 09:00:00,LOGIN,0.0,0.0,0,2.0
477612,2019-02-12,14,46800000.0,Payment,Credit_card_repayment,2019-02-12 14:00:00,43325,2019-02-12 09:00:00,MB_SET_PIN,5.0,1,2019-02-12 14:00:00,LOGIN,0.0,3.0,0,2.0
362141,2019-03-02,15,1100000.0,Transfer,Outside_bank,2019-03-02 15:00:00,43444,2019-03-02 08:00:00,MB_CHANGE_PIN,7.0,1,2019-03-02 15:00:00,LOGIN,0.4823528844290724,85.0,0,2.0
218347,2019-04-22,16,5000000.0,Transfer,Outside_bank,2019-04-22 16:00:00,43576,2019-04-22 07:00:00,MB_CHANGE_PIN,9.0,1,2019-04-22 16:00:00,LOGIN,0.0,30.0,0,2.0
40276,2019-02-01,17,1000000.0,Transfer,Within_bank,2019-02-01 17:00:00,43805,2019-01-31 23:00:00,CHANGE_PASSWORD,18.0,1,2019-01-31 22:00:00,LOGIN,0.0,1.0,0,2.0
563520,2019-02-14,10,54000000.0,Transfer,Within_bank,2019-02-14 10:00:00,44130,2019-02-14 09:00:00,CHANGE_PASSWORD,1.0,1,2019-02-14 10:00:00,LOGIN,0.0,1.0,0,2.0
70304,2019-02-14,14,3570000.0,Topup,eWallet,2019-02-14 14:00:00,44209,2019-02-14 08:00:00,MB_SET_PIN,6.0,1,2019-02-14 14:00:00,LOGIN,0.0,2.0,0,2.0
70304,2019-02-14,15,3540000.0,Transfer,Outside_bank,2019-02-14 15:00:00,44210,2019-02-14 08:00:00,MB_SET_PIN,7.0,1,2019-02-14 15:00:00,LOGIN,0.0,3.0,0,2.0
332877,2019-10-01,11,2000000.0,Transfer,Within_bank,2019-10-01 11:00:00,44218,2019-09-30 15:00:00,CHANGE_PASSWORD,20.0,1,2019-10-01 11:00:00,LOGIN,0.42307686883629886,78.0,0,2.0
332877,2019-01-30,17,8000000.0,Transfer,Outside_bank,2019-01-30 17:00:00,44234,2019-01-30 16:00:00,MB_SET_PIN,1.0,1,2019-01-30 17:00:00,LOGIN,0.0,1.0,0,2.0
332877,2019-10-01,11,2300000.0,Topup,eWallet,2019-10-01 11:00:00,44247,2019-09-30 15:00:00,CHANGE_PASSWORD,20.0,1,2019-10-01 11:00:00,LOGIN,0.42307686883629886,78.0,0,2.0
332877,2019-10-01,14,2000000.0,Transfer,Outside_bank,2019-10-01 14:00:00,44256,2019-09-30 15:00:00,CHANGE_PASSWORD,23.0,1,2019-10-01 14:00:00,LOGIN_FINGER,0.4177214661112068,79.0,0,2.0
322430,2019-02-13,9,2000000.0,Transfer,Outside_bank,2019-02-13 09:00:00,44281,2019-02-13 09:00:00,MB_SET_PIN,0.0,1,2019-02-13 09:00:00,LOGIN,0.0,0.0,0,2.0
508208,2019-01-17,15,50000000.0,Transfer,Outside_bank,2019-01-17 15:00:00,44335,2019-01-17 14:00:00,MB_CHANGE_PIN,1.0,1,2019-01-17 15:00:00,LOGIN,0.0,1.0,0,2.0
935065,2019-01-02,23,299800000.0,Transfer,Outside_bank,2019-01-02 23:00:00,44534,2019-01-02 08:00:00,MB_SET_PIN,15.0,1,2019-01-02 23:00:00,LOGIN,0.0,4.0,0,2.0
583083,2019-12-15,15,10000000.0,Transfer,Outside_bank,2019-12-15 15:00:00,44546,2019-12-15 15:00:00,MB_CHANGE_PIN,0.0,1,2019-12-15 15:00:00,LOGIN,0.425925847050769,54.0,0,2.0
583083,2019-12-11,17,50000000.0,Transfer,Outside_bank,2019-12-11 17:00:00,44549,2019-12-11 16:00:00,MB_CHANGE_PIN,1.0,1,2019-12-11 17:00:00,LOGIN,0.442307607248537,52.0,0,2.0
382546,2019-01-29,11,7200000.0,Transfer,Outside_bank,2019-01-29 11:00:00,44940,2019-01-29 10:00:00,MB_SET_PIN,1.0,1,2019-01-29 11:00:00,LOGIN,0.0,1.0,0,2.0
97361,2019-05-03,10,5200000.0,Transfer,Outside_bank,2019-05-03 10:00:00,45231,2019-05-03 10:00:00,MB_RESET_PIN,0.0,1,2019-05-03 10:00:00,LOGIN_FINGER,0.44094484716969706,127.0,0,2.0
428172,2019-02-13,16,30000000.0,Transfer,Within_bank,2019-02-13 16:00:00,45738,2019-02-13 16:00:00,MB_SET_PIN,0.0,1,2019-02-13 16:00:00,LOGIN,0.0,0.0,0,2.0
428172,2019-02-14,8,33332000.0,Transfer,Within_bank,2019-02-14 08:00:00,45766,2019-02-13 16:00:00,MB_SET_PIN,16.0,1,2019-02-14 08:00:00,LOGIN,0.0,2.0,0,2.0
217438,2019-01-22,19,2000000.0,Topup,eWallet,2019-01-22 19:00:00,46505,2019-01-22 12:00:00,CHANGE_PASSWORD,7.0,1,2019-01-22 18:00:00,LOGIN,0.0,1.0,0,2.0
709178,2019-12-31,9,80000000.0,Transfer,Outside_bank,2019-12-31 09:00:00,48426,2019-12-31 00:00:00,CHANGE_PASSWORD,9.0,1,2019-12-31 09:00:00,LOGIN,0.0,251.0,0,2.0
476213,2019-02-20,13,48982000.0,Payment,Credit_card_repayment,2019-02-20 13:00:00,49137,2019-02-19 18:00:00,CHANGE_PASSWORD,19.0,1,2019-02-20 12:00:00,LOGIN,0.0,4.0,0,2.0
871921,2019-02-02,19,10000000.0,Transfer,Within_bank,2019-02-02 19:00:00,49902,2019-02-02 06:00:00,MB_SET_PIN,13.0,1,2019-02-02 19:00:00,LOGIN,0.0,7.0,0,2.0
401631,2019-02-19,10,50000000.0,Transfer,Outside_bank,2019-02-19 10:00:00,50295,2019-02-18 23:00:00,CHANGE_PASSWORD,11.0,1,2019-02-19 10:00:00,LOGIN,0.0,1.0,0,2.0
56214,2019-02-19,10,32400000.0,Transfer,Outside_bank,2019-02-19 10:00:00,50306,2019-02-18 13:00:00,MB_SET_PIN,21.0,1,2019-02-19 10:00:00,LOGIN,0.0,3.0,0,2.0
56214,2019-02-18,16,50000000.0,Transfer,Outside_bank,2019-02-18 16:00:00,50307,2019-02-18 13:00:00,MB_SET_PIN,3.0,1,2019-02-18 16:00:00,LOGIN,0.0,1.0,0,2.0
672952,2019-02-19,20,64500000.0,Payment,Credit_card_repayment,2019-02-19 20:00:00,50370,2019-02-19 16:00:00,MB_SET_PIN,4.0,1,2019-02-19 20:00:00,LOGIN,0.0,3.0,0,2.0
672952,2019-02-19,21,91500000.0,Payment,Credit_card_repayment,2019-02-19 21:00:00,50402,2019-02-19 16:00:00,MB_SET_PIN,5.0,1,2019-02-19 21:00:00,LOGIN,0.0,4.0,0,2.0
672952,2019-02-19,18,34500000.0,Payment,Credit_card_repayment,2019-02-19 18:00:00,50467,2019-02-19 16:00:00,MB_SET_PIN,2.0,1,2019-02-19 18:00:00,LOGIN,0.0,1.0,0,2.0
848057,2019-04-23,11,2000000.0,Transfer,Outside_bank,2019-04-23 11:00:00,50574,2019-04-23 04:00:00,MB_CHANGE_PIN,7.0,1,2019-04-23 11:00:00,LOGIN,0.442477836948864,113.0,0,2.0
848057,2019-04-24,2,5000000.0,Transfer,Outside_bank,2019-04-24 02:00:00,50594,2019-04-23 04:00:00,MB_CHANGE_PIN,22.0,1,2019-04-24 02:00:00,LOGIN,0.4396551345124884,116.0,0,2.0
848057,2019-04-23,9,4000000.0,Transfer,Outside_bank,2019-04-23 09:00:00,50595,2019-04-23 04:00:00,MB_CHANGE_PIN,5.0,1,2019-04-23 09:00:00,LOGIN,0.44642853156888107,112.0,0,2.0
848057,2019-04-24,3,5000000.0,Transfer,Outside_bank,2019-04-24 03:00:00,50637,2019-04-23 04:00:00,MB_CHANGE_PIN,23.0,1,2019-04-24 03:00:00,LOGIN,0.44067792875610773,118.0,0,2.0
466928,2019-02-18,10,1500000.0,Transfer,Outside_bank,2019-02-18 10:00:00,50800,2019-02-18 10:00:00,MB_SET_PIN,0.0,1,2019-02-18 10:00:00,LOGIN,0.0,0.0,0,2.0
67492,2019-04-04,12,6000000.0,Transfer,Outside_bank,2019-04-04 12:00:00,50848,2019-04-04 12:00:00,CHANGE_PASSWORD,0.0,1,2019-04-04 12:00:00,LOGIN,0.0,3.0,0,2.0
67492,2019-04-04,14,1000000.0,Transfer,Within_bank,2019-04-04 14:00:00,50862,2019-04-04 12:00:00,CHANGE_PASSWORD,2.0,1,2019-04-04 14:00:00,LOGIN,0.0,4.0,0,2.0
130779,2019-12-05,11,1166000.0,Transfer,Outside_bank,2019-12-05 11:00:00,51114,2019-12-04 15:00:00,MB_RESET_PIN,20.0,1,2019-12-05 11:00:00,LOGIN,0.4870017246620152,577.0,0,2.0
464507,2019-02-02,14,3000000.0,Transfer,Outside_bank,2019-02-02 14:00:00,51466,2019-02-02 10:00:00,MB_SET_PIN,4.0,1,2019-02-02 14:00:00,LOGIN,0.0,3.0,0,2.0
831993,2019-02-18,14,1000000.0,Transfer,Outside_bank,2019-02-18 14:00:00,51651,2019-02-18 14:00:00,MB_SET_PIN,0.0,1,2019-02-18 14:00:00,LOGIN,0.0,0.0,0,2.0
765924,2019-02-18,9,3925400.0,Payment,Credit_card_repayment,2019-02-18 09:00:00,51699,2019-02-18 09:00:00,CHANGE_PASSWORD,0.0,1,2019-02-18 09:00:00,LOGIN,0.0,0.0,0,2.0
382351,2019-12-15,19,5562086.0,Payment,Credit_card_repayment,2019-12-15 19:00:00,51989,2019-12-15 19:00:00,CHANGE_PASSWORD,0.0,1,2019-12-15 19:00:00,LOGIN,0.0,266.0,0,2.0
382351,2019-01-19,12,3000000.0,Transfer,Within_bank,2019-01-19 12:00:00,51990,2019-01-19 11:00:00,CHANGE_PASSWORD,1.0,1,2019-01-19 11:00:00,LOGIN,0.0,0.0,0,2.0
382351,2019-01-25,11,1000000.0,Transfer,Within_bank,2019-01-25 11:00:00,51991,2019-01-25 11:00:00,CHANGE_PASSWORD,0.0,1,2019-01-25 11:00:00,LOGIN,0.0,2.0,0,2.0
382351,2019-01-26,10,1000000.0,Transfer,Within_bank,2019-01-26 10:00:00,51992,2019-01-26 05:00:00,MB_SET_PIN,5.0,1,2019-01-26 10:00:00,LOGIN,0.0,4.0,0,2.0
683074,2019-02-18,10,1500000.0,Topup,eWallet,2019-02-18 10:00:00,52291,2019-02-18 10:00:00,MB_SET_PIN,0.0,1,2019-02-18 10:00:00,LOGIN,0.0,0.0,0,2.0
626028,2019-02-14,15,2000000.0,Transfer,Outside_bank,2019-02-14 15:00:00,52324,2019-02-13 15:00:00,MB_SET_PIN,24.0,1,2019-02-14 15:00:00,LOGIN,0.0,2.0,0,2.0
950471,2019-02-20,18,150000000.0,Transfer,Within_bank,2019-02-20 18:00:00,52503,2019-02-20 18:00:00,CHANGE_PASSWORD,0.0,1,2019-02-20 18:00:00,LOGIN,0.0,1.0,0,2.0
950471,2019-02-21,8,50000000.0,Transfer,Within_bank,2019-02-21 08:00:00,52558,2019-02-20 18:00:00,CHANGE_PASSWORD,14.0,1,2019-02-21 08:00:00,LOGIN,0.0,2.0,0,2.0
950471,2019-02-20,18,301800000.0,Transfer,Outside_bank,2019-02-20 18:00:00,52592,2019-02-20 18:00:00,CHANGE_PASSWORD,0.0,1,2019-02-20 18:00:00,LOGIN,0.0,1.0,0,2.0
293637,2019-12-18,9,2400000.0,Payment,Credit_card_repayment,2019-12-18 09:00:00,52764,2019-12-18 09:00:00,MB_RESET_PIN,0.0,1,2019-12-18 09:00:00,LOGIN,0.4576271057167485,354.0,0,2.0
722611,2019-02-19,17,10000000.0,Transfer,Outside_bank,2019-02-19 17:00:00,53094,2019-02-19 17:00:00,MB_RESET_PIN,0.0,1,2019-02-19 17:00:00,LOGIN,0.0,3.0,0,2.0
453647,2019-02-21,8,22000000.0,Transfer,Outside_bank,2019-02-21 08:00:00,53160,2019-02-20 16:00:00,MB_SET_PIN,16.0,1,2019-02-21 08:00:00,LOGIN,0.0,3.0,0,2.0
898131,2019-02-21,17,18000000.0,Transfer,Outside_bank,2019-02-21 17:00:00,53292,2019-02-21 17:00:00,CHANGE_PASSWORD,0.0,1,2019-02-21 17:00:00,LOGIN,0.0,1.0,0,2.0
898131,2019-09-11,13,5735000.0,Transfer,Outside_bank,2019-09-11 13:00:00,53293,2019-09-11 13:00:00,CHANGE_PASSWORD,0.0,1,2019-09-11 13:00:00,LOGIN,0.0,3.0,0,2.0
152776,2019-12-05,19,7000000.0,Payment,Credit_card_repayment,2019-12-05 19:00:00,53744,2019-12-05 19:00:00,MB_RESET_PIN,0.0,1,2019-12-05 19:00:00,LOGIN,0.4705879584776715,17.0,0,2.0
152776,2019-12-06,6,20000000.0,Payment,Credit_card_repayment,2019-12-06 06:00:00,53745,2019-12-05 19:00:00,MB_RESET_PIN,11.0,1,2019-12-06 06:00:00,LOGIN_FINGER,0.4444441975310014,18.0,0,2.0
961238,2019-02-21,19,49800000.0,Transfer,Outside_bank,2019-02-21 19:00:00,54051,2019-02-21 09:00:00,MB_SET_PIN,10.0,1,2019-02-21 19:00:00,LOGIN,0.0,3.0,0,2.0
820329,2019-01-29,11,1000000.0,Transfer,Outside_bank,2019-01-29 11:00:00,54068,2019-01-29 11:00:00,MB_SET_PIN,0.0,1,2019-01-29 11:00:00,LOGIN,0.0,0.0,0,2.0
820329,2019-08-15,12,5100000.0,Transfer,Within_bank,2019-08-15 12:00:00,54106,2019-08-15 12:00:00,MB_CHANGE_PIN,0.0,1,2019-08-15 12:00:00,LOGIN,0.3592232660948285,103.0,0,2.0
767448,2019-02-23,9,2250406.0,Payment,Utilities_payment,2019-02-23 09:00:00,54434,2019-02-22 09:00:00,MB_SET_PIN,24.0,1,2019-02-23 09:00:00,LOGIN,0.0,3.0,0,2.0
99811,2019-12-16,8,10000000.0,Transfer,Within_bank,2019-12-16 08:00:00,54593,2019-12-16 08:00:00,MB_RESET_PIN,0.0,1,2019-12-16 08:00:00,LOGIN,0.315018303479183,273.0,0,2.0
369444,2019-02-21,16,45000000.0,Payment,Credit_card_repayment,2019-02-21 16:00:00,54606,2019-02-21 09:00:00,CHANGE_PASSWORD,7.0,1,2019-02-21 16:00:00,LOGIN,0.0,1.0,0,2.0
449930,2019-03-09,13,2020000.0,Transfer,Outside_bank,2019-03-09 13:00:00,54749,2019-02-20 11:00:00,MB_SET_PIN,410.0,0,2019-03-09 13:00:00,LOGIN,0.5121949970256104,41.0,1,2.0
449930,2019-03-05,13,3336000.0,Transfer,Outside_bank,2019-03-05 13:00:00,54814,2019-02-20 11:00:00,MB_SET_PIN,314.0,0,2019-03-05 13:00:00,LOGIN,0.5217389035917811,23.0,1,2.0
449930,2019-02-25,19,10000000.0,Transfer,Outside_bank,2019-02-25 19:00:00,54866,2019-02-20 11:00:00,MB_SET_PIN,128.0,0,2019-02-25 19:00:00,LOGIN,0.5454540495872277,11.0,1,2.0
449930,2019-03-06,10,8000000.0,Transfer,Within_bank,2019-03-06 10:00:00,54988,2019-02-20 11:00:00,MB_SET_PIN,335.0,0,2019-03-06 10:00:00,LOGIN,0.5151513590450426,33.0,1,2.0
449930,2019-02-20,11,1100000.0,Transfer,Within_bank,2019-02-20 11:00:00,55058,2019-02-20 11:00:00,MB_SET_PIN,0.0,1,2019-02-20 11:00:00,LOGIN_FINGER,0.0,0.0,0,2.0
449930,2019-02-21,13,4000000.0,Transfer,Outside_bank,2019-02-21 13:00:00,55059,2019-02-20 11:00:00,MB_SET_PIN,26.0,0,2019-02-21 12:00:00,LOGIN,0.571427755103207,7.0,1,2.0
449930,2019-02-28,9,5000000.0,Transfer,Outside_bank,2019-02-28 09:00:00,55128,2019-02-20 11:00:00,MB_SET_PIN,190.0,0,2019-02-28 09:00:00,LOGIN,0.5384611242606736,13.0,1,2.0
449930,2019-03-07,13,10000000.0,Transfer,Outside_bank,2019-03-07 13:00:00,55130,2019-02-20 11:00:00,MB_SET_PIN,362.0,0,2019-03-07 13:00:00,LOGIN,0.5135133747261149,37.0,1,2.0
252064,2019-08-17,12,4958000.0,Payment,Credit_card_repayment,2019-08-17 12:00:00,55336,2019-08-16 14:00:00,CHANGE_PASSWORD,22.0,1,2019-08-17 12:00:00,LOGIN,0.1276595473064793,47.0,0,2.0
798748,2019-01-07,11,520850000.0,Transfer,Outside_bank,2019-01-07 11:00:00,55522,2019-01-07 11:00:00,MB_SET_PIN,0.0,1,2019-01-07 11:00:00,LOGIN,0.0,0.0,0,2.0
162966,2019-01-26,19,1491000.0,Transfer,Outside_bank,2019-01-26 19:00:00,55569,2019-01-26 19:00:00,MB_SET_PIN,0.0,1,2019-01-26 19:00:00,LOGIN,0.9999900000999989,1.0,0,2.0
985726,2019-08-14,14,1250000.0,Transfer,Outside_bank,2019-08-14 14:00:00,55816,2019-08-14 08:00:00,CHANGE_PASSWORD,6.0,1,2019-08-14 14:00:00,LOGIN_FINGER,0.43959730068465436,298.0,0,2.0
985726,2019-08-14,8,2000000.0,Transfer,Outside_bank,2019-08-14 08:00:00,55817,2019-08-14 08:00:00,CHANGE_PASSWORD,0.0,1,2019-08-14 08:00:00,LOGIN_FINGER,0.4391891743517171,296.0,0,2.0
985726,2019-08-14,17,1000001.0,Transfer,Within_bank,2019-08-14 17:00:00,55818,2019-08-14 08:00:00,CHANGE_PASSWORD,9.0,1,2019-08-14 17:00:00,LOGIN,0.44147155714141956,299.0,0,2.0
160696,2019-12-16,19,1150000.0,Transfer,Outside_bank,2019-12-16 19:00:00,56001,2019-12-16 16:00:00,CHANGE_PASSWORD,3.0,1,2019-12-16 19:00:00,LOGIN,0.0,148.0,0,2.0
983008,2019-04-08,15,37500000.0,Transfer,Outside_bank,2019-04-08 15:00:00,56550,2019-04-08 14:00:00,MB_SET_PIN,1.0,1,2019-04-08 15:00:00,LOGIN,0.0,9.0,0,2.0
48932,2019-01-25,10,2060000.0,Transfer,Within_bank,2019-01-25 10:00:00,56619,2019-01-25 10:00:00,MB_SET_PIN,0.0,1,2019-01-25 10:00:00,LOGIN,0.0,0.0,0,2.0
734605,2019-01-31,18,20000000.0,Transfer,Outside_bank,2019-01-31 18:00:00,56626,2019-01-31 15:00:00,MB_SET_PIN,3.0,1,2019-01-31 18:00:00,LOGIN,0.0,1.0,0,2.0
734605,2019-02-14,10,15000000.0,Payment,Credit_card_repayment,2019-02-14 10:00:00,56634,2019-02-14 10:00:00,MB_RESET_PIN,0.0,1,2019-02-14 10:00:00,LOGIN,0.0,2.0,0,2.0
886004,2019-03-11,18,1000000.0,Transfer,Outside_bank,2019-03-11 18:00:00,56667,2019-03-11 17:00:00,MB_RESET_PIN,1.0,1,2019-03-11 17:00:00,LOGIN,0.0,39.0,0,2.0
886004,2019-03-12,9,4000000.0,Transfer,Outside_bank,2019-03-12 09:00:00,56716,2019-03-11 17:00:00,MB_RESET_PIN,16.0,1,2019-03-12 09:00:00,LOGIN,0.0,40.0,0,2.0
871166,2019-02-13,17,1230000.0,Transfer,Outside_bank,2019-02-13 17:00:00,57160,2019-02-12 22:00:00,MB_SET_PIN,19.0,1,2019-02-13 17:00:00,LOGIN,0.0,2.0,0,2.0
258123,2019-02-22,20,5400000.0,Transfer,Within_bank,2019-02-22 20:00:00,57504,2019-02-22 20:00:00,MB_SET_PIN,0.0,1,2019-02-22 20:00:00,LOGIN,0.0,0.0,0,2.0
213437,2019-02-20,10,13660000.0,Transfer,Outside_bank,2019-02-20 10:00:00,58009,2019-02-20 09:00:00,CHANGE_PASSWORD,1.0,1,2019-02-20 10:00:00,LOGIN,0.0,1.0,0,2.0
213437,2019-04-19,14,1000000.0,Payment,Credit_card_repayment,2019-04-19 14:00:00,58018,2019-04-19 09:00:00,CHANGE_PASSWORD,5.0,1,2019-04-19 14:00:00,LOGIN,0.0,53.0,0,2.0
213437,2019-12-16,13,1500000.0,Transfer,Outside_bank,2019-12-16 13:00:00,58055,2019-12-16 13:00:00,CHANGE_PASSWORD,0.0,1,2019-12-16 13:00:00,LOGIN,0.10132158143957791,227.0,0,2.0
213437,2019-04-19,14,15000000.0,Transfer,Outside_bank,2019-04-19 14:00:00,58059,2019-04-19 09:00:00,CHANGE_PASSWORD,5.0,1,2019-04-19 14:00:00,LOGIN,0.0,53.0,0,2.0
213437,2019-04-19,21,2700000.0,Transfer,Outside_bank,2019-04-19 21:00:00,58060,2019-04-19 09:00:00,CHANGE_PASSWORD,12.0,1,2019-04-19 21:00:00,LOGIN,0.0,56.0,0,2.0
213437,2019-02-20,9,12000000.0,Transfer,Outside_bank,2019-02-20 09:00:00,58083,2019-02-20 09:00:00,CHANGE_PASSWORD,0.0,1,2019-02-20 09:00:00,LOGIN,0.0,0.0,0,2.0
213437,2019-04-18,19,1825000.0,Transfer,Outside_bank,2019-04-18 19:00:00,58119,2019-04-18 09:00:00,CHANGE_PASSWORD,10.0,1,2019-04-18 19:00:00,LOGIN,0.0,49.0,0,2.0
283104,2019-11-28,13,4500000.0,Transfer,Outside_bank,2019-11-28 13:00:00,58281,2019-11-28 13:00:00,MB_RESET_PIN,0.0,1,2019-11-28 13:00:00,LOGIN,0.4502923713279315,171.0,0,2.0
133734,2019-02-22,16,25299000.0,Payment,Credit_card_repayment,2019-02-22 16:00:00,58401,2019-02-22 16:00:00,MB_SET_PIN,0.0,1,2019-02-22 16:00:00,LOGIN,0.0,0.0,0,2.0
133734,2019-02-22,17,7660000.0,Payment,Credit_card_repayment,2019-02-22 17:00:00,58413,2019-02-22 16:00:00,MB_SET_PIN,1.0,1,2019-02-22 16:00:00,LOGIN,0.0,0.0,0,2.0
282349,2019-12-30,17,2000000.0,Transfer,Outside_bank,2019-12-30 17:00:00,58962,2019-12-30 16:00:00,CHANGE_PASSWORD,1.0,1,2019-12-30 17:00:00,LOGIN,0.004016064095740398,249.0,0,2.0
282349,2019-12-31,14,3970000.0,Transfer,Outside_bank,2019-12-31 14:00:00,58963,2019-12-30 16:00:00,CHANGE_PASSWORD,22.0,1,2019-12-31 14:00:00,LOGIN,0.003999999840000006,250.0,0,2.0
282349,2019-04-24,18,1000000.0,Transfer,Outside_bank,2019-04-24 18:00:00,58970,2019-04-23 19:00:00,CHANGE_PASSWORD,23.0,1,2019-04-24 18:00:00,LOGIN,0.007692307100591761,130.0,0,2.0
282349,2019-02-25,9,5000000.0,Transfer,Outside_bank,2019-02-25 09:00:00,58974,2019-02-25 09:00:00,CHANGE_PASSWORD,0.0,1,2019-02-25 09:00:00,LOGIN,0.0,1.0,0,2.0
282349,2019-04-24,9,42500000.0,Transfer,Outside_bank,2019-04-24 09:00:00,58980,2019-04-23 19:00:00,CHANGE_PASSWORD,14.0,1,2019-04-24 09:00:00,LOGIN,0.007874015128030305,127.0,0,2.0
282349,2019-06-09,14,3600000.0,Transfer,Outside_bank,2019-06-09 14:00:00,58982,2019-06-08 22:00:00,CHANGE_PASSWORD,16.0,1,2019-06-09 14:00:00,LOGIN,0.0048309176410184715,207.0,0,2.0
282349,2019-05-12,17,2550000.0,Transfer,Outside_bank,2019-05-12 17:00:00,58997,2019-05-12 13:00:00,CHANGE_PASSWORD,4.0,1,2019-05-12 17:00:00,LOGIN,0.005524861573212068,181.0,0,2.0
282349,2019-02-25,14,9000000.0,Transfer,Outside_bank,2019-02-25 14:00:00,59002,2019-02-25 09:00:00,CHANGE_PASSWORD,5.0,1,2019-02-25 14:00:00,LOGIN,0.0,2.0,0,2.0
282349,2019-02-25,15,5000000.0,Transfer,Outside_bank,2019-02-25 15:00:00,59003,2019-02-25 09:00:00,CHANGE_PASSWORD,6.0,1,2019-02-25 15:00:00,LOGIN,0.0,3.0,0,2.0
282349,2019-02-25,20,6000000.0,Transfer,Outside_bank,2019-02-25 20:00:00,59004,2019-02-25 09:00:00,CHANGE_PASSWORD,11.0,1,2019-02-25 20:00:00,LOGIN,0.0,6.0,0,2.0
282349,2019-02-25,21,3500000.0,Transfer,Outside_bank,2019-02-25 21:00:00,59005,2019-02-25 09:00:00,CHANGE_PASSWORD,12.0,1,2019-02-25 21:00:00,LOGIN,0.0,7.0,0,2.0
282349,2019-04-24,10,6000000.0,Transfer,Outside_bank,2019-04-24 10:00:00,59014,2019-04-23 19:00:00,CHANGE_PASSWORD,15.0,1,2019-04-24 10:00:00,LOGIN,0.007812499389648485,128.0,0,2.0
282349,2019-05-12,18,1500000.0,Transfer,Outside_bank,2019-05-12 18:00:00,59019,2019-05-12 13:00:00,CHANGE_PASSWORD,5.0,1,2019-05-12 18:00:00,LOGIN,0.005494505192609605,182.0,0,2.0
282349,2019-06-08,23,2550000.0,Transfer,Outside_bank,2019-06-08 23:00:00,59020,2019-06-08 22:00:00,CHANGE_PASSWORD,1.0,1,2019-06-08 23:00:00,LOGIN,0.0048780485425342175,205.0,0,2.0
282349,2019-05-13,1,2400000.0,Transfer,Outside_bank,2019-05-13 01:00:00,59038,2019-05-12 13:00:00,CHANGE_PASSWORD,12.0,1,2019-05-13 01:00:00,LOGIN,0.005464480575711444,183.0,0,2.0
282349,2019-06-09,22,8100000.0,Transfer,Outside_bank,2019-06-09 22:00:00,59056,2019-06-08 22:00:00,CHANGE_PASSWORD,24.0,1,2019-06-09 22:00:00,LOGIN,0.004739336268277902,211.0,0,2.0
282344,2019-02-22,15,20000000.0,Transfer,Outside_bank,2019-02-22 15:00:00,59097,2019-02-22 15:00:00,MB_SET_PIN,0.0,1,2019-02-22 15:00:00,LOGIN,0.0,0.0,0,2.0
890505,2019-02-22,11,169800000.0,Payment,Credit_card_repayment,2019-02-22 11:00:00,59167,2019-02-21 17:00:00,MB_SET_PIN,18.0,1,2019-02-22 11:00:00,LOGIN,0.0,1.0,0,2.0
386462,2019-02-22,13,12800000.0,Transfer,Outside_bank,2019-02-22 13:00:00,59284,2019-02-22 13:00:00,MB_CHANGE_PIN,0.0,1,2019-02-22 13:00:00,LOGIN,0.3333329629633745,9.0,0,2.0
432847,2019-01-17,16,45000000.0,Payment,Credit_card_repayment,2019-01-17 16:00:00,59420,2019-01-17 15:00:00,MB_RESET_PIN,1.0,1,2019-01-17 15:00:00,LOGIN,0.0,2.0,0,2.0
311676,2019-02-22,11,60000000.0,Transfer,Outside_bank,2019-02-22 11:00:00,59533,2019-02-22 10:00:00,MB_SET_PIN,1.0,1,2019-02-22 11:00:00,LOGIN,0.0,1.0,0,2.0
311676,2019-02-22,18,40000000.0,Payment,Credit_card_repayment,2019-02-22 18:00:00,59561,2019-02-22 10:00:00,MB_SET_PIN,8.0,1,2019-02-22 17:00:00,LOGIN,0.3333322222259259,3.0,0,2.0
311676,2019-02-22,17,20000000.0,Payment,Credit_card_repayment,2019-02-22 17:00:00,59641,2019-02-22 10:00:00,MB_SET_PIN,7.0,1,2019-02-22 17:00:00,LOGIN,0.3333322222259259,3.0,0,2.0
486664,2019-02-26,10,90000000.0,Transfer,Outside_bank,2019-02-26 10:00:00,59997,2019-02-26 09:00:00,MB_SET_PIN,1.0,1,2019-02-26 10:00:00,LOGIN,0.0,1.0,0,2.0
486664,2019-02-26,13,10000000.0,Transfer,Outside_bank,2019-02-26 13:00:00,60020,2019-02-26 09:00:00,MB_SET_PIN,4.0,1,2019-02-26 13:00:00,LOGIN,0.0,3.0,0,2.0
120253,2019-01-26,8,4000000.0,Transfer,Outside_bank,2019-01-26 08:00:00,61526,2019-01-25 16:00:00,MB_SET_PIN,16.0,1,2019-01-26 08:00:00,LOGIN,0.0,6.0,0,2.0
120253,2019-01-26,10,3000000.0,Transfer,Outside_bank,2019-01-26 10:00:00,61575,2019-01-25 16:00:00,MB_SET_PIN,18.0,1,2019-01-26 10:00:00,LOGIN,0.0,7.0,0,2.0
979848,2019-05-15,15,5112000.0,Transfer,Within_bank,2019-05-15 15:00:00,61715,2019-05-14 19:00:00,CHANGE_PASSWORD,20.0,1,2019-05-15 15:00:00,LOGIN,0.0,187.0,0,2.0
979848,2019-05-14,23,24594510.0,Payment,Credit_card_repayment,2019-05-14 23:00:00,61993,2019-05-14 19:00:00,CHANGE_PASSWORD,4.0,1,2019-05-14 23:00:00,LOGIN,0.0,180.0,0,2.0
319027,2019-02-25,13,51500000.0,Transfer,Within_bank,2019-02-25 13:00:00,62135,2019-02-25 13:00:00,MB_SET_PIN,0.0,1,2019-02-25 13:00:00,LOGIN,0.0,0.0,0,2.0
96630,2019-02-20,8,30000000.0,Payment,Credit_card_repayment,2019-02-20 08:00:00,62201,2019-01-06 17:00:00,MB_SET_PIN,1071.0,0,2019-02-20 08:00:00,LOGIN,0.516128865764882,31.0,1,2.0
526442,2019-07-26,23,10000000.0,Transfer,Outside_bank,2019-07-26 23:00:00,63111,2019-07-26 23:00:00,MB_CHANGE_PIN,0.0,1,2019-07-26 23:00:00,LOGIN,0.06666665185185514,45.0,0,2.0
777449,2019-01-29,6,4000000.0,Transfer,Outside_bank,2019-01-29 06:00:00,63146,2019-01-28 17:00:00,MB_SET_PIN,13.0,1,2019-01-29 06:00:00,LOGIN,0.0,2.0,0,2.0
155196,2019-01-23,19,1500000.0,Transfer,Outside_bank,2019-01-23 19:00:00,63200,2019-01-22 23:00:00,CHANGE_PASSWORD,20.0,1,2019-01-23 19:00:00,LOGIN,0.0,3.0,0,2.0
83667,2019-02-24,20,1510000.0,Payment,Utilities_payment,2019-02-24 20:00:00,63248,2019-02-24 19:00:00,MB_CHANGE_PIN,1.0,1,2019-02-24 20:00:00,LOGIN,0.0,6.0,0,2.0
83667,2019-02-23,21,1500000.0,Transfer,Outside_bank,2019-02-23 21:00:00,63273,2019-02-23 12:00:00,MB_RESET_PIN,9.0,1,2019-02-23 20:00:00,LOGIN,0.0,4.0,0,2.0
290656,2019-09-11,6,1730000.0,Transfer,Outside_bank,2019-09-11 06:00:00,63422,2019-09-10 15:00:00,MB_RESET_PIN,15.0,1,2019-09-11 06:00:00,LOGIN,0.18072286979242533,83.0,0,2.0
290656,2019-10-14,12,5500000.0,Transfer,Outside_bank,2019-10-14 12:00:00,63423,2019-10-14 12:00:00,MB_RESET_PIN,0.0,1,2019-10-14 12:00:00,LOGIN,0.17241377328577318,87.0,0,2.0
290656,2019-09-10,17,3000000.0,Transfer,Outside_bank,2019-09-10 17:00:00,63434,2019-09-10 15:00:00,MB_RESET_PIN,2.0,1,2019-09-10 17:00:00,LOGIN,0.18518516232281945,81.0,0,2.0
290656,2019-02-14,9,3500000.0,Transfer,Outside_bank,2019-02-14 09:00:00,63446,2019-02-14 05:00:00,MB_RESET_PIN,4.0,1,2019-02-14 09:00:00,LOGIN,0.0,4.0,0,2.0
530199,2019-02-23,9,120550000.0,Payment,Credit_card_repayment,2019-02-23 09:00:00,64489,2019-02-22 10:00:00,MB_SET_PIN,23.0,1,2019-02-23 09:00:00,LOGIN,0.0,2.0,0,2.0
530199,2019-02-22,13,40050000.0,Payment,Credit_card_repayment,2019-02-22 13:00:00,64590,2019-02-22 10:00:00,MB_SET_PIN,3.0,1,2019-02-22 13:00:00,LOGIN,0.0,1.0,0,2.0
202676,2019-02-26,11,3700000.0,Transfer,Outside_bank,2019-02-26 11:00:00,65222,2019-02-26 10:00:00,MB_SET_PIN,1.0,1,2019-02-26 11:00:00,LOGIN,0.0,1.0,0,2.0
168865,2019-02-27,11,252900000.0,Transfer,Within_bank,2019-02-27 11:00:00,65862,2019-02-27 11:00:00,MB_SET_PIN,0.0,1,2019-02-27 11:00:00,LOGIN,0.0,0.0,0,2.0
943624,2019-01-24,14,32000000.0,Transfer,Outside_bank,2019-01-24 14:00:00,65865,2019-01-24 11:00:00,MB_SET_PIN,3.0,1,2019-01-24 13:00:00,LOGIN,0.49999875000312505,4.0,0,2.0
25366,2019-07-29,11,5260000.0,Transfer,Outside_bank,2019-07-29 11:00:00,65917,2019-07-29 10:00:00,CHANGE_PASSWORD,1.0,1,2019-07-29 11:00:00,LOGIN_FINGER,0.4480874072083384,183.0,0,2.0
25366,2019-07-30,8,20000000.0,Payment,Credit_card_repayment,2019-07-30 08:00:00,66023,2019-07-29 10:00:00,CHANGE_PASSWORD,22.0,1,2019-07-30 08:00:00,LOGIN_FINGER,0.44864862439737163,185.0,0,2.0
821110,2019-02-19,9,26894000.0,Transfer,Outside_bank,2019-02-19 09:00:00,66928,2019-02-19 09:00:00,CHANGE_PASSWORD,0.0,1,2019-02-19 09:00:00,LOGIN,0.4615382840237369,26.0,0,2.0
317381,2019-05-16,11,3000000.0,Transfer,Outside_bank,2019-05-16 11:00:00,67485,2019-05-16 11:00:00,MB_RESET_PIN,0.0,1,2019-05-16 11:00:00,LOGIN,0.49999992857143877,70.0,0,2.0
367812,2019-11-09,23,7004525.0,Payment,Credit_card_repayment,2019-11-09 23:00:00,67868,2019-11-09 23:00:00,MB_RESET_PIN,0.0,1,2019-11-09 23:00:00,LOGIN,0.0,84.0,0,2.0
335388,2019-12-16,13,4000000.0,Transfer,Outside_bank,2019-12-16 13:00:00,68474,2019-12-15 16:00:00,CHANGE_PASSWORD,21.0,1,2019-12-16 13:00:00,LOGIN,0.4906249846679693,320.0,0,2.0
335388,2019-12-15,16,2000000.0,Transfer,Within_bank,2019-12-15 16:00:00,68560,2019-12-15 16:00:00,CHANGE_PASSWORD,0.0,1,2019-12-15 16:00:00,LOGIN,0.4921629939760817,319.0,0,2.0
53531,2019-09-12,13,2800000.0,Transfer,Within_bank,2019-09-12 13:00:00,68897,2019-09-11 19:00:00,CHANGE_PASSWORD,18.0,1,2019-09-12 13:00:00,LOGIN,0.0,151.0,0,2.0
53531,2019-09-12,16,3600000.0,Transfer,Within_bank,2019-09-12 16:00:00,68898,2019-09-11 19:00:00,CHANGE_PASSWORD,21.0,1,2019-09-12 16:00:00,LOGIN,0.0,152.0,0,2.0
46973,2019-02-25,17,20000000.0,Transfer,Outside_bank,2019-02-25 17:00:00,69156,2019-02-25 13:00:00,MB_SET_PIN,4.0,1,2019-02-25 17:00:00,LOGIN_FACEID,0.0,1.0,0,2.0
964679,2019-02-12,14,10000000.0,Transfer,Outside_bank,2019-02-12 14:00:00,69653,2019-02-12 14:00:00,MB_SET_PIN,0.0,1,2019-02-12 14:00:00,LOGIN,0.0,0.0,0,2.0
72411,2019-12-19,11,18630000.0,Transfer,Outside_bank,2019-12-19 11:00:00,69993,2019-12-18 11:00:00,MB_CHANGE_PIN,24.0,1,2019-12-19 11:00:00,LOGIN,0.0,1369.0,0,2.0
72411,2019-04-30,19,370312900.0,Transfer,Outside_bank,2019-04-30 19:00:00,70018,2019-04-30 08:00:00,CHANGE_PASSWORD,11.0,1,2019-04-30 19:00:00,LOGIN,0.0,377.0,0,2.0
72411,2019-05-18,18,155910000.0,Transfer,Outside_bank,2019-05-18 18:00:00,70030,2019-05-18 16:00:00,MB_RESET_PIN,2.0,1,2019-05-18 18:00:00,LOGIN,0.0,525.0,0,2.0
72411,2019-12-19,10,3100000.0,Transfer,Outside_bank,2019-12-19 10:00:00,70089,2019-12-18 11:00:00,MB_CHANGE_PIN,23.0,1,2019-12-19 10:00:00,LOGIN,0.0,1368.0,0,2.0
72411,2019-12-19,7,22805000.0,Transfer,Outside_bank,2019-12-19 07:00:00,70090,2019-12-18 11:00:00,MB_CHANGE_PIN,20.0,1,2019-12-19 07:00:00,LOGIN,0.0,1366.0,0,2.0
72411,2019-03-02,18,68805100.0,Transfer,Outside_bank,2019-03-02 18:00:00,70101,2019-03-02 15:00:00,CHANGE_PASSWORD,3.0,1,2019-03-02 18:00:00,LOGIN,0.0,7.0,0,2.0
72411,2019-05-18,20,30299600.0,Transfer,Outside_bank,2019-05-18 20:00:00,70139,2019-05-18 16:00:00,MB_RESET_PIN,4.0,1,2019-05-18 19:00:00,LOGIN,0.0,526.0,0,2.0
72411,2019-12-19,9,14240740.0,Transfer,Outside_bank,2019-12-19 09:00:00,70214,2019-12-18 11:00:00,MB_CHANGE_PIN,22.0,1,2019-12-19 09:00:00,LOGIN,0.0,1367.0,0,2.0
72411,2019-12-19,8,8600000.0,Transfer,Outside_bank,2019-12-19 08:00:00,70215,2019-12-18 11:00:00,MB_CHANGE_PIN,21.0,1,2019-12-19 07:00:00,LOGIN,0.0,1366.0,0,2.0
72411,2019-12-18,20,8673000.0,Transfer,Outside_bank,2019-12-18 20:00:00,70216,2019-12-18 11:00:00,MB_CHANGE_PIN,9.0,1,2019-12-18 20:00:00,LOGIN,0.0,1362.0,0,2.0
72411,2019-09-18,10,4300000.0,Transfer,Outside_bank,2019-09-18 10:00:00,70284,2019-09-17 14:00:00,CHANGE_PASSWORD,20.0,1,2019-09-18 10:00:00,LOGIN,0.0,792.0,0,2.0
72411,2019-12-19,6,3143000.0,Transfer,Outside_bank,2019-12-19 06:00:00,70527,2019-12-18 11:00:00,MB_CHANGE_PIN,19.0,1,2019-12-19 06:00:00,LOGIN,0.0,1365.0,0,2.0
72411,2019-12-18,21,4407000.0,Transfer,Outside_bank,2019-12-18 21:00:00,70528,2019-12-18 11:00:00,MB_CHANGE_PIN,10.0,1,2019-12-18 21:00:00,LOGIN,0.0,1363.0,0,2.0
72411,2019-05-18,19,27679000.0,Transfer,Outside_bank,2019-05-18 19:00:00,70562,2019-05-18 16:00:00,MB_RESET_PIN,3.0,1,2019-05-18 19:00:00,LOGIN,0.0,526.0,0,2.0
72411,2019-09-17,20,94243500.0,Transfer,Outside_bank,2019-09-17 20:00:00,70582,2019-09-17 14:00:00,CHANGE_PASSWORD,6.0,1,2019-09-17 20:00:00,LOGIN,0.0,788.0,0,2.0
72411,2019-03-02,19,67168000.0,Transfer,Outside_bank,2019-03-02 19:00:00,70633,2019-03-02 15:00:00,CHANGE_PASSWORD,4.0,1,2019-03-02 19:00:00,LOGIN,0.0,8.0,0,2.0
72411,2019-12-18,12,1000000.0,Transfer,Outside_bank,2019-12-18 12:00:00,70731,2019-12-18 11:00:00,MB_CHANGE_PIN,1.0,1,2019-12-18 12:00:00,LOGIN,0.0,1358.0,0,2.0
587461,2019-03-04,16,5000000.0,Transfer,Outside_bank,2019-03-04 16:00:00,71026,2019-02-26 08:00:00,MB_SET_PIN,152.0,0,2019-03-04 16:00:00,LOGIN,0.523809274376536,21.0,1,2.0
587461,2019-02-28,12,1000000.0,Transfer,Outside_bank,2019-02-28 12:00:00,71186,2019-02-26 08:00:00,MB_SET_PIN,52.0,0,2019-02-28 12:00:00,LOGIN,0.5384611242606736,13.0,1,2.0
587461,2019-03-09,18,5000000.0,Transfer,Outside_bank,2019-03-09 18:00:00,71187,2019-02-26 08:00:00,MB_SET_PIN,274.0,0,2019-03-09 18:00:00,LOGIN,0.5121949970256104,41.0,1,2.0
992803,2019-02-26,9,10000000.0,Transfer,Outside_bank,2019-02-26 09:00:00,71728,2019-02-26 09:00:00,MB_RESET_PIN,0.0,1,2019-02-26 09:00:00,LOGIN,0.0,1.0,0,2.0
656776,2019-05-29,9,200000000.0,Transfer,Within_bank,2019-05-29 09:00:00,71748,2019-05-28 13:00:00,MB_RESET_PIN,20.0,1,2019-05-29 09:00:00,LOGIN,0.47916656684029857,48.0,0,2.0
656776,2019-05-28,15,250000000.0,Transfer,Outside_bank,2019-05-28 15:00:00,71766,2019-05-28 13:00:00,MB_RESET_PIN,2.0,1,2019-05-28 15:00:00,LOGIN_FACEID,0.46511617090321605,43.0,0,2.0
330127,2019-03-01,8,153000000.0,Transfer,Within_bank,2019-03-01 08:00:00,72846,2019-02-28 15:00:00,CHANGE_PASSWORD,17.0,1,2019-03-01 08:00:00,LOGIN,0.0,2.0,0,2.0
319900,2019-08-05,16,5364000.0,Transfer,Outside_bank,2019-08-05 16:00:00,72905,2019-08-05 14:00:00,CHANGE_PASSWORD,2.0,1,2019-08-05 16:00:00,LOGIN,0.029490615831350785,373.0,0,2.0
319900,2019-05-24,10,10539000.0,Transfer,Outside_bank,2019-05-24 10:00:00,73051,2019-05-24 02:00:00,CHANGE_PASSWORD,8.0,1,2019-05-24 10:00:00,LOGIN,0.0,191.0,0,2.0
319900,2019-05-24,17,15000000.0,Transfer,Outside_bank,2019-05-24 17:00:00,73052,2019-05-24 02:00:00,CHANGE_PASSWORD,15.0,1,2019-05-24 17:00:00,LOGIN,0.0,193.0,0,2.0
319900,2019-03-03,15,1500000.0,Transfer,Within_bank,2019-03-03 15:00:00,73074,2019-03-02 17:00:00,MB_SET_PIN,22.0,1,2019-03-03 15:00:00,LOGIN,0.0,3.0,0,2.0
319900,2019-08-05,17,8855000.0,Transfer,Outside_bank,2019-08-05 17:00:00,73117,2019-08-05 14:00:00,CHANGE_PASSWORD,3.0,1,2019-08-05 17:00:00,LOGIN,0.031999999146666694,375.0,0,2.0
319900,2019-03-02,17,6920000.0,Transfer,Outside_bank,2019-03-02 17:00:00,73166,2019-03-02 17:00:00,MB_SET_PIN,0.0,1,2019-03-02 17:00:00,LOGIN,0.0,0.0,0,2.0
873601,2019-11-08,14,1000000.0,Transfer,Outside_bank,2019-11-08 14:00:00,73242,2019-11-07 16:00:00,CHANGE_PASSWORD,22.0,1,2019-11-08 14:00:00,LOGIN,0.03636363471074388,220.0,0,2.0
873601,2019-11-08,14,3600000.0,Topup,eWallet,2019-11-08 14:00:00,73319,2019-11-07 16:00:00,CHANGE_PASSWORD,22.0,1,2019-11-08 14:00:00,LOGIN,0.03636363471074388,220.0,0,2.0
873601,2019-07-26,18,1000000.0,Transfer,Outside_bank,2019-07-26 18:00:00,73352,2019-07-26 14:00:00,MB_CHANGE_PIN,4.0,1,2019-07-26 18:00:00,LOGIN,0.0,133.0,0,2.0
130804,2019-03-03,8,6000000.0,Transfer,Outside_bank,2019-03-03 08:00:00,73708,2019-03-02 11:00:00,CHANGE_PASSWORD,21.0,1,2019-03-03 08:00:00,LOGIN,0.0,2.0,0,2.0
727798,2019-02-12,14,3000000.0,Transfer,Outside_bank,2019-02-12 14:00:00,73813,2019-02-12 14:00:00,MB_SET_PIN,0.0,1,2019-02-12 14:00:00,LOGIN,0.0,0.0,0,2.0
56456,2019-03-02,17,4000000.0,Transfer,Outside_bank,2019-03-02 17:00:00,73842,2019-03-02 09:00:00,MB_SET_PIN,8.0,1,2019-03-02 17:00:00,LOGIN_FACEID,0.4999993750007813,8.0,0,2.0
383721,2019-06-14,19,4500000.0,Transfer,Outside_bank,2019-06-14 19:00:00,74573,2019-06-14 10:00:00,MB_CHANGE_PIN,9.0,1,2019-06-14 19:00:00,LOGIN,0.0,81.0,0,2.0
231882,2019-03-02,8,8000000.0,Transfer,Outside_bank,2019-03-02 08:00:00,74648,2019-03-02 08:00:00,MB_SET_PIN,0.0,1,2019-03-02 08:00:00,LOGIN,0.0,0.0,0,2.0
358943,2019-03-02,7,50000000.0,Transfer,Outside_bank,2019-03-02 07:00:00,74938,2019-03-01 13:00:00,MB_SET_PIN,18.0,1,2019-03-02 07:00:00,LOGIN,0.37499953125058594,8.0,0,2.0
358943,2019-03-01,15,50000000.0,Transfer,Outside_bank,2019-03-01 15:00:00,74943,2019-03-01 13:00:00,MB_SET_PIN,2.0,1,2019-03-01 15:00:00,LOGIN,0.0,2.0,0,2.0
194029,2019-02-26,10,4560000.0,Transfer,Outside_bank,2019-02-26 10:00:00,75182,2019-02-26 10:00:00,MB_SET_PIN,0.0,1,2019-02-26 10:00:00,LOGIN,0.0,0.0,0,2.0
195679,2019-01-30,18,114000000.0,Transfer,Outside_bank,2019-01-30 18:00:00,75221,2019-01-30 17:00:00,MB_SET_PIN,1.0,1,2019-01-30 18:00:00,LOGIN,0.0,1.0,0,2.0
195679,2019-01-31,10,3000000.0,Transfer,Outside_bank,2019-01-31 10:00:00,75222,2019-01-30 17:00:00,MB_SET_PIN,17.0,1,2019-01-31 10:00:00,LOGIN,0.0,7.0,0,2.0
195679,2019-01-31,7,185500000.0,Transfer,Outside_bank,2019-01-31 07:00:00,75223,2019-01-30 17:00:00,MB_SET_PIN,14.0,1,2019-01-31 07:00:00,LOGIN,0.0,4.0,0,2.0
195679,2019-01-30,19,12000000.0,Transfer,Outside_bank,2019-01-30 19:00:00,75224,2019-01-30 17:00:00,MB_SET_PIN,2.0,1,2019-01-30 18:00:00,LOGIN,0.0,1.0,0,2.0
195679,2019-01-31,12,5750000.0,Transfer,Outside_bank,2019-01-31 12:00:00,75228,2019-01-30 17:00:00,MB_SET_PIN,19.0,1,2019-01-31 12:00:00,LOGIN,0.0,9.0,0,2.0
195679,2019-01-30,22,102000000.0,Transfer,Outside_bank,2019-01-30 22:00:00,75229,2019-01-30 17:00:00,MB_SET_PIN,5.0,1,2019-01-30 22:00:00,LOGIN,0.0,2.0,0,2.0
195679,2019-01-31,9,21965000.0,Transfer,Outside_bank,2019-01-31 09:00:00,75236,2019-01-30 17:00:00,MB_SET_PIN,16.0,1,2019-01-31 09:00:00,LOGIN,0.0,6.0,0,2.0
24421,2019-02-25,11,2500000.0,Transfer,Outside_bank,2019-02-25 11:00:00,75240,2019-02-25 11:00:00,MB_SET_PIN,0.0,1,2019-02-25 11:00:00,LOGIN,0.0,0.0,0,2.0
24421,2019-12-11,14,4000000.0,Transfer,Outside_bank,2019-12-11 14:00:00,75249,2019-12-11 13:00:00,MB_RESET_PIN,1.0,1,2019-12-11 14:00:00,LOGIN,0.2826086342155143,46.0,0,2.0
720227,2019-03-01,8,426000000.0,Transfer,Outside_bank,2019-03-01 08:00:00,75379,2019-02-28 16:00:00,MB_SET_PIN,16.0,1,2019-03-01 08:00:00,LOGIN,0.0,2.0,0,2.0
720227,2019-02-28,19,25152000.0,Transfer,Outside_bank,2019-02-28 19:00:00,75424,2019-02-28 16:00:00,MB_SET_PIN,3.0,1,2019-02-28 19:00:00,LOGIN,0.0,1.0,0,2.0
862484,2019-01-05,14,2600000.0,Transfer,Outside_bank,2019-01-05 14:00:00,75623,2019-01-04 15:00:00,MB_SET_PIN,23.0,1,2019-01-05 14:00:00,LOGIN,0.0,4.0,0,2.0
862484,2019-01-05,8,5000000.0,Transfer,Outside_bank,2019-01-05 08:00:00,75673,2019-01-04 15:00:00,MB_SET_PIN,17.0,1,2019-01-05 08:00:00,LOGIN,0.0,3.0,0,2.0
862484,2019-01-04,17,5000000.0,Transfer,Outside_bank,2019-01-04 17:00:00,75726,2019-01-04 15:00:00,MB_SET_PIN,2.0,1,2019-01-04 17:00:00,LOGIN,0.0,2.0,0,2.0
68643,2019-02-27,14,50000000.0,Transfer,Outside_bank,2019-02-27 14:00:00,75926,2019-02-27 12:00:00,CHANGE_PASSWORD,2.0,1,2019-02-27 14:00:00,LOGIN,0.0,2.0,0,2.0
20188,2019-02-28,11,1800000.0,Transfer,Outside_bank,2019-02-28 11:00:00,75960,2019-02-27 12:00:00,MB_SET_PIN,23.0,1,2019-02-28 11:00:00,LOGIN,0.0,3.0,0,2.0
753173,2019-02-28,16,20000000.0,Transfer,Outside_bank,2019-02-28 16:00:00,75996,2019-02-28 16:00:00,MB_SET_PIN,0.0,1,2019-02-28 16:00:00,LOGIN,0.0,0.0,0,2.0
714102,2019-02-28,21,2300000.0,Transfer,Outside_bank,2019-02-28 21:00:00,76062,2019-02-28 18:00:00,MB_SET_PIN,3.0,1,2019-02-28 21:00:00,LOGIN,0.0,2.0,0,2.0
714102,2019-03-01,15,2640000.0,Transfer,Outside_bank,2019-03-01 15:00:00,76130,2019-02-28 18:00:00,MB_SET_PIN,21.0,1,2019-03-01 15:00:00,LOGIN,0.0,4.0,0,2.0
393920,2019-02-26,15,240720000.0,Transfer,Outside_bank,2019-02-26 15:00:00,76827,2019-02-25 15:00:00,MB_SET_PIN,24.0,1,2019-02-26 15:00:00,LOGIN,0.0,7.0,0,2.0
614112,2019-01-04,12,50000000.0,Payment,Credit_card_repayment,2019-01-04 12:00:00,77063,2019-01-04 12:00:00,CHANGE_PASSWORD,0.0,1,2019-01-04 12:00:00,LOGIN,0.0,0.0,0,2.0
614112,2019-01-04,14,50000000.0,Payment,Credit_card_repayment,2019-01-04 14:00:00,77112,2019-01-04 12:00:00,CHANGE_PASSWORD,2.0,1,2019-01-04 14:00:00,LOGIN,0.0,2.0,0,2.0
614112,2019-01-04,15,73000000.0,Payment,Credit_card_repayment,2019-01-04 15:00:00,77113,2019-01-04 12:00:00,CHANGE_PASSWORD,3.0,1,2019-01-04 15:00:00,LOGIN,0.0,3.0,0,2.0
893546,2019-03-05,16,1000000.0,Topup,eWallet,2019-03-05 16:00:00,77261,2019-03-05 10:00:00,MB_SET_PIN,6.0,1,2019-03-05 15:00:00,LOGIN,0.0,4.0,0,2.0
893546,2019-03-05,21,1000000.0,Topup,eWallet,2019-03-05 21:00:00,77262,2019-03-05 10:00:00,MB_SET_PIN,11.0,1,2019-03-05 21:00:00,LOGIN,0.0,8.0,0,2.0
893546,2019-03-05,13,1000000.0,Topup,eWallet,2019-03-05 13:00:00,77263,2019-03-05 10:00:00,MB_SET_PIN,3.0,1,2019-03-05 13:00:00,LOGIN,0.0,2.0,0,2.0
893546,2019-03-05,11,1000000.0,Topup,eWallet,2019-03-05 11:00:00,77450,2019-03-05 10:00:00,MB_SET_PIN,1.0,1,2019-03-05 10:00:00,LOGIN,0.0,0.0,0,2.0
893546,2019-03-05,22,1700000.0,Topup,eWallet,2019-03-05 22:00:00,77591,2019-03-05 10:00:00,MB_SET_PIN,12.0,1,2019-03-05 22:00:00,LOGIN,0.0,9.0,0,2.0
893546,2019-03-05,20,1000000.0,Topup,eWallet,2019-03-05 20:00:00,77592,2019-03-05 10:00:00,MB_SET_PIN,10.0,1,2019-03-05 20:00:00,LOGIN,0.0,7.0,0,2.0
893546,2019-03-06,10,1000000.0,Topup,eWallet,2019-03-06 10:00:00,77595,2019-03-05 10:00:00,MB_SET_PIN,24.0,1,2019-03-06 10:00:00,LOGIN,0.0,16.0,0,2.0
951605,2019-05-13,12,1549000.0,Transfer,Outside_bank,2019-05-13 12:00:00,77896,2019-05-13 12:00:00,MB_RESET_PIN,0.0,1,2019-05-13 12:00:00,LOGIN,0.03703703017832774,54.0,0,2.0
823835,2019-03-01,17,515200000.0,Transfer,Outside_bank,2019-03-01 17:00:00,78222,2019-03-01 16:00:00,CHANGE_PASSWORD,1.0,1,2019-03-01 17:00:00,LOGIN,0.0,2.0,0,2.0
307801,2019-03-05,12,7000000.0,Payment,Credit_card_repayment,2019-03-05 12:00:00,78356,2019-03-05 11:00:00,MB_SET_PIN,1.0,1,2019-03-05 12:00:00,LOGIN,0.0,1.0,0,2.0
283770,2019-02-27,16,5000000.0,Transfer,Outside_bank,2019-02-27 16:00:00,78537,2019-02-27 14:00:00,MB_SET_PIN,2.0,1,2019-02-27 16:00:00,LOGIN,0.0,1.0,0,2.0
393105,2019-03-05,11,29000000.0,Transfer,Within_bank,2019-03-05 11:00:00,78542,2019-03-05 11:00:00,MB_SET_PIN,0.0,1,2019-03-05 11:00:00,LOGIN,0.0,0.0,0,2.0
642396,2019-01-28,11,73500000.0,Transfer,Outside_bank,2019-01-28 11:00:00,78775,2019-01-28 11:00:00,MB_SET_PIN,0.0,1,2019-01-28 11:00:00,LOGIN,0.0,0.0,0,2.0
426692,2019-03-10,14,3532350.0,Payment,QR_payment,2019-03-10 14:00:00,79505,2019-03-10 14:00:00,MB_SET_PIN,0.0,1,2019-03-10 14:00:00,LOGIN,0.0,0.0,0,2.0
426692,2019-03-10,15,2489700.0,Payment,QR_payment,2019-03-10 15:00:00,79506,2019-03-10 14:00:00,MB_SET_PIN,1.0,1,2019-03-10 15:00:00,LOGIN,0.0,1.0,0,2.0
426692,2019-03-10,18,4979400.0,Payment,QR_payment,2019-03-10 18:00:00,79507,2019-03-10 14:00:00,MB_SET_PIN,4.0,1,2019-03-10 18:00:00,LOGIN,0.0,4.0,0,2.0
426692,2019-03-10,17,4979400.0,Payment,QR_payment,2019-03-10 17:00:00,79508,2019-03-10 14:00:00,MB_SET_PIN,3.0,1,2019-03-10 17:00:00,LOGIN,0.0,3.0,0,2.0
426692,2019-03-10,16,1244850.0,Payment,QR_payment,2019-03-10 16:00:00,79509,2019-03-10 14:00:00,MB_SET_PIN,2.0,1,2019-03-10 16:00:00,LOGIN,0.0,2.0,0,2.0
391597,2019-10-15,6,22000000.0,Transfer,Outside_bank,2019-10-15 06:00:00,79515,2019-10-14 09:00:00,CHANGE_PASSWORD,21.0,1,2019-10-15 06:00:00,LOGIN,0.011904760487528513,84.0,0,2.0
391597,2019-03-09,10,30000000.0,Transfer,Outside_bank,2019-03-09 10:00:00,79521,2019-03-09 06:00:00,CHANGE_PASSWORD,4.0,1,2019-03-09 10:00:00,LOGIN,0.14285693877580175,7.0,0,2.0
391597,2019-03-07,15,70000000.0,Transfer,Outside_bank,2019-03-07 15:00:00,79533,2019-03-07 15:00:00,MB_CHANGE_PIN,0.0,1,2019-03-07 15:00:00,LOGIN_FINGER,0.0,1.0,0,2.0
391597,2019-10-14,9,22000000.0,Transfer,Outside_bank,2019-10-14 09:00:00,79601,2019-10-14 09:00:00,CHANGE_PASSWORD,0.0,1,2019-10-14 09:00:00,LOGIN,0.01204819131949502,83.0,0,2.0
391597,2019-03-08,10,8000000.0,Transfer,Outside_bank,2019-03-08 10:00:00,79609,2019-03-07 15:00:00,MB_CHANGE_PIN,19.0,1,2019-03-08 10:00:00,LOGIN,0.24999937500156252,4.0,0,2.0
230557,2019-03-06,7,2000000.0,Transfer,Within_bank,2019-03-06 07:00:00,79959,2019-03-05 14:00:00,MB_SET_PIN,17.0,1,2019-03-06 07:00:00,LOGIN,0.0,6.0,0,2.0
522320,2019-05-14,8,3000000.0,Topup,eWallet,2019-05-14 08:00:00,80001,2019-05-14 08:00:00,MB_SET_PIN,0.0,1,2019-05-14 08:00:00,LOGIN,0.0,6.0,0,2.0
809764,2019-02-01,15,1500000.0,Transfer,Within_bank,2019-02-01 15:00:00,80091,2019-01-31 17:00:00,MB_SET_PIN,22.0,1,2019-01-31 18:00:00,LOGIN,0.0,1.0,0,2.0
809764,2019-02-01,15,1730000.0,Transfer,Outside_bank,2019-02-01 15:00:00,80099,2019-01-31 17:00:00,MB_SET_PIN,22.0,1,2019-01-31 18:00:00,LOGIN,0.0,1.0,0,2.0
720871,2019-12-26,9,1500000.0,Transfer,Outside_bank,2019-12-26 09:00:00,80182,2019-12-26 08:00:00,MB_CHANGE_PIN,1.0,1,2019-12-26 08:00:00,LOGIN,0.47392289174778024,441.0,0,2.0
865700,2019-01-31,18,2000000.0,Transfer,Outside_bank,2019-01-31 18:00:00,80292,2019-01-31 14:00:00,MB_SET_PIN,4.0,1,2019-01-31 18:00:00,LOGIN,0.0,2.0,0,2.0
76682,2019-10-26,20,99565000.0,Transfer,Outside_bank,2019-10-26 20:00:00,80492,2019-10-26 12:00:00,CHANGE_PASSWORD,8.0,1,2019-10-26 20:00:00,LOGIN,0.0,71.0,0,2.0
76682,2019-10-26,21,100073000.0,Transfer,Outside_bank,2019-10-26 21:00:00,80607,2019-10-26 12:00:00,CHANGE_PASSWORD,9.0,1,2019-10-26 21:00:00,LOGIN,0.0,72.0,0,2.0
444768,2019-03-11,14,180500000.0,Transfer,Outside_bank,2019-03-11 14:00:00,80783,2019-03-11 14:00:00,MB_SET_PIN,0.0,1,2019-03-11 14:00:00,LOGIN,0.0,0.0,0,2.0
444768,2019-08-24,10,4000000.0,Transfer,Outside_bank,2019-08-24 10:00:00,80791,2019-08-24 10:00:00,MB_RESET_PIN,0.0,1,2019-08-24 10:00:00,LOGIN,0.0,3.0,0,2.0
325742,2019-03-11,17,2650000.0,Transfer,Outside_bank,2019-03-11 17:00:00,80821,2019-01-08 09:00:00,MB_RESET_PIN,1496.0,0,2019-03-11 17:00:00,LOGIN,0.5135133747261149,37.0,1,2.0
325742,2019-04-03,16,4700000.0,Transfer,Outside_bank,2019-04-03 16:00:00,80822,2019-01-08 09:00:00,MB_RESET_PIN,2047.0,0,2019-04-03 16:00:00,LOGIN,0.5094338661445535,53.0,1,2.0
325742,2019-07-28,11,1451000.0,Transfer,Outside_bank,2019-07-28 11:00:00,80825,2019-01-08 09:00:00,MB_RESET_PIN,4826.0,0,2019-07-28 11:00:00,LOGIN,0.5045871096709074,109.0,1,2.0
325742,2019-10-22,10,3000000.0,Transfer,Outside_bank,2019-10-22 10:00:00,80827,2019-01-08 09:00:00,MB_RESET_PIN,6889.0,0,2019-10-22 10:00:00,LOGIN,0.5029585501207958,169.0,1,2.0
325742,2019-02-28,17,2200000.0,Transfer,Outside_bank,2019-02-28 17:00:00,80828,2019-01-08 09:00:00,MB_RESET_PIN,1232.0,0,2019-02-28 16:00:00,LOGIN,0.516128865764882,31.0,1,2.0
325742,2019-02-25,10,3863800.0,Transfer,Outside_bank,2019-02-25 10:00:00,80829,2019-01-08 09:00:00,MB_RESET_PIN,1153.0,0,2019-02-25 10:00:00,LOGIN,0.51724120095131,29.0,1,2.0
325742,2019-07-24,20,1000000.0,Transfer,Outside_bank,2019-07-24 20:00:00,80833,2019-01-08 09:00:00,MB_RESET_PIN,4739.0,0,2019-07-24 20:00:00,LOGIN,0.5046728500305747,107.0,1,2.0
325742,2019-09-10,9,1000000.0,Transfer,Outside_bank,2019-09-10 09:00:00,80834,2019-01-08 09:00:00,MB_RESET_PIN,5880.0,0,2019-09-10 09:00:00,LOGIN,0.5038167554338354,131.0,1,2.0
325742,2019-09-25,9,2050000.0,Transfer,Outside_bank,2019-09-25 09:00:00,80839,2019-01-08 09:00:00,MB_RESET_PIN,6240.0,0,2019-09-25 09:00:00,LOGIN,0.5032679409628796,153.0,1,2.0
325742,2019-03-08,15,1250000.0,Transfer,Outside_bank,2019-03-08 15:00:00,80840,2019-01-08 09:00:00,MB_RESET_PIN,1422.0,0,2019-03-08 15:00:00,LOGIN,0.5142855673469807,35.0,1,2.0
325742,2019-08-16,10,3095000.0,Transfer,Outside_bank,2019-08-16 10:00:00,80844,2019-01-08 09:00:00,MB_RESET_PIN,5281.0,0,2019-08-16 09:00:00,LOGIN,0.5042016383023833,119.0,1,2.0
325742,2019-02-25,11,2600000.0,Transfer,Outside_bank,2019-02-25 11:00:00,80855,2019-01-08 09:00:00,MB_RESET_PIN,1154.0,0,2019-02-25 10:00:00,LOGIN,0.51724120095131,29.0,1,2.0
325742,2019-04-02,12,2100000.0,Transfer,Outside_bank,2019-04-02 12:00:00,80857,2019-01-08 09:00:00,MB_RESET_PIN,2019.0,0,2019-04-02 12:00:00,LOGIN,0.5102039775093923,49.0,1,2.0
325742,2019-08-19,10,3000000.0,Transfer,Outside_bank,2019-08-19 10:00:00,80861,2019-01-08 09:00:00,MB_RESET_PIN,5353.0,0,2019-08-19 09:00:00,LOGIN,0.5041321897411414,121.0,1,2.0
325742,2019-04-01,16,1000000.0,Transfer,Outside_bank,2019-04-01 16:00:00,80881,2019-01-08 09:00:00,MB_RESET_PIN,1999.0,0,2019-04-01 16:00:00,LOGIN,0.5106381892259172,47.0,1,2.0
325742,2019-07-22,12,1350000.0,Transfer,Outside_bank,2019-07-22 12:00:00,80883,2019-01-08 09:00:00,MB_RESET_PIN,4683.0,0,2019-07-22 12:00:00,LOGIN,0.5048543199170563,103.0,1,2.0
685062,2019-10-26,8,1000000.0,Transfer,Within_bank,2019-10-26 08:00:00,80909,2019-10-26 08:00:00,CHANGE_PASSWORD,0.0,1,2019-10-26 08:00:00,LOGIN,0.0,25.0,0,2.0
819517,2019-07-20,4,1000000.0,Transfer,Outside_bank,2019-07-20 04:00:00,81106,2019-07-19 15:00:00,CHANGE_PASSWORD,13.0,1,2019-07-20 04:00:00,LOGIN_FINGER,0.477611904655828,134.0,0,2.0
539880,2019-09-03,19,6395326.0,Payment,Credit_card_repayment,2019-09-03 19:00:00,81147,2019-09-03 19:00:00,MB_RESET_PIN,0.0,1,2019-09-03 19:00:00,LOGIN,0.492307616568059,65.0,0,2.0
791588,2019-01-04,10,1000000.0,Transfer,Outside_bank,2019-01-04 10:00:00,81742,2019-01-04 10:00:00,MB_SET_PIN,0.0,1,2019-01-04 10:00:00,LOGIN,0.0,0.0,0,2.0
791588,2019-01-04,11,1580000.0,Transfer,Outside_bank,2019-01-04 11:00:00,81753,2019-01-04 10:00:00,MB_SET_PIN,1.0,1,2019-01-04 10:00:00,LOGIN,0.0,0.0,0,2.0
791588,2019-01-04,10,30000000.0,Transfer,Within_bank,2019-01-04 10:00:00,81755,2019-01-04 10:00:00,MB_SET_PIN,0.0,1,2019-01-04 10:00:00,LOGIN,0.0,0.0,0,2.0
618612,2019-03-09,10,23700000.0,Transfer,Outside_bank,2019-03-09 10:00:00,81798,2019-03-09 10:00:00,MB_SET_PIN,0.0,1,2019-03-09 10:00:00,LOGIN,0.0,0.0,0,2.0
618612,2019-03-09,10,52100000.0,Transfer,Within_bank,2019-03-09 10:00:00,81800,2019-03-09 10:00:00,MB_SET_PIN,0.0,1,2019-03-09 10:00:00,LOGIN,0.0,0.0,0,2.0
429865,2019-04-08,9,8350000.0,Transfer,Within_bank,2019-04-08 09:00:00,82185,2019-02-19 14:00:00,MB_SET_PIN,1147.0,0,2019-04-08 09:00:00,LOGIN,0.5135133747261149,37.0,1,2.0
429865,2019-03-12,9,1000000.0,Transfer,Outside_bank,2019-03-12 09:00:00,82200,2019-02-19 14:00:00,MB_SET_PIN,499.0,0,2019-03-12 09:00:00,LOGIN,0.523809274376536,21.0,1,2.0
429865,2019-12-07,10,3200000.0,Transfer,Within_bank,2019-12-07 10:00:00,82221,2019-12-07 07:00:00,CHANGE_PASSWORD,3.0,1,2019-12-07 10:00:00,LOGIN,0.19696968204775137,132.0,0,2.0
429865,2019-04-12,11,2226000.0,Transfer,Within_bank,2019-04-12 11:00:00,82222,2019-02-19 14:00:00,MB_SET_PIN,1245.0,0,2019-04-12 11:00:00,LOGIN,0.5116277879935376,43.0,1,2.0
940742,2019-03-09,8,6000000.0,Transfer,Outside_bank,2019-03-09 08:00:00,82702,2019-03-08 18:00:00,MB_SET_PIN,14.0,1,2019-03-09 08:00:00,LOGIN,0.0,1.0,0,2.0
397398,2019-03-24,10,33000000.0,Transfer,Within_bank,2019-03-24 10:00:00,84215,2019-03-07 11:00:00,MB_SET_PIN,407.0,0,2019-03-24 10:00:00,LOGIN,0.5116277879935376,43.0,1,2.0
397398,2019-03-29,16,1500000.0,Transfer,Within_bank,2019-03-29 16:00:00,84247,2019-03-07 11:00:00,MB_SET_PIN,533.0,0,2019-03-29 16:00:00,LOGIN,0.5084744900890694,59.0,1,2.0
397398,2019-03-18,17,8800000.0,Transfer,Outside_bank,2019-03-18 17:00:00,84484,2019-03-07 11:00:00,MB_SET_PIN,270.0,0,2019-03-18 17:00:00,LOGIN,0.5199997920000832,25.0,1,2.0
162089,2019-03-02,10,10208670.0,Payment,Credit_card_repayment,2019-03-02 10:00:00,85102,2019-03-02 10:00:00,MB_CHANGE_PIN,0.0,1,2019-03-02 10:00:00,LOGIN,0.0,0.0,0,2.0
464124,2019-03-21,21,1200000.0,Topup,eWallet,2019-03-21 21:00:00,85433,2019-03-21 20:00:00,CHANGE_PASSWORD,1.0,1,2019-03-21 21:00:00,LOGIN,0.33962257742970237,53.0,0,2.0
503544,2019-01-22,16,129800000.0,Transfer,Outside_bank,2019-01-22 16:00:00,85508,2019-01-22 14:00:00,CHANGE_PASSWORD,2.0,1,2019-01-22 16:00:00,LOGIN,0.0,4.0,0,2.0
503544,2019-01-22,14,14000000.0,Transfer,Outside_bank,2019-01-22 14:00:00,85548,2019-01-22 14:00:00,CHANGE_PASSWORD,0.0,1,2019-01-22 14:00:00,LOGIN,0.0,2.0,0,2.0
503544,2019-01-23,10,2000000.0,Transfer,Outside_bank,2019-01-23 10:00:00,85571,2019-01-22 14:00:00,CHANGE_PASSWORD,20.0,1,2019-01-23 10:00:00,LOGIN,0.0,5.0,0,2.0
124368,2019-08-27,23,4770000.0,Transfer,Outside_bank,2019-08-27 23:00:00,85667,2019-08-27 18:00:00,CHANGE_PASSWORD,5.0,1,2019-08-27 23:00:00,LOGIN,0.0,150.0,0,2.0
437740,2019-05-18,20,1900000.0,Transfer,Outside_bank,2019-05-18 20:00:00,85726,2019-05-18 20:00:00,MB_SET_PIN,0.0,1,2019-05-18 20:00:00,LOGIN,0.0,15.0,0,2.0
321584,2019-03-02,10,35600000.0,Transfer,Outside_bank,2019-03-02 10:00:00,85915,2019-03-02 09:00:00,MB_SET_PIN,1.0,1,2019-03-02 10:00:00,LOGIN,0.0,1.0,0,2.0
478008,2019-12-16,11,1000000.0,Transfer,Within_bank,2019-12-16 11:00:00,86646,2019-12-16 09:00:00,MB_RESET_PIN,2.0,1,2019-12-16 11:00:00,LOGIN_FINGER,0.48417719986781016,316.0,0,2.0
478008,2019-05-26,10,1500000.0,Transfer,Outside_bank,2019-05-26 10:00:00,86676,2019-05-25 10:00:00,MB_RESET_PIN,24.0,1,2019-05-26 10:00:00,LOGIN_FINGER,0.45263153130194406,95.0,0,2.0
704719,2019-09-30,9,15000000.0,Transfer,Outside_bank,2019-09-30 09:00:00,86848,2019-09-30 09:00:00,MB_RESET_PIN,0.0,1,2019-09-30 09:00:00,LOGIN,0.4915253404194338,59.0,0,2.0
704719,2019-10-28,13,50000000.0,Transfer,Within_bank,2019-10-28 13:00:00,86857,2019-10-28 13:00:00,MB_RESET_PIN,0.0,1,2019-10-28 13:00:00,LOGIN,0.48333325277779116,60.0,0,2.0
185060,2019-03-08,8,12000000.0,Transfer,Outside_bank,2019-03-08 08:00:00,87025,2019-03-07 11:00:00,MB_SET_PIN,21.0,1,2019-03-08 08:00:00,LOGIN,0.0,2.0,0,2.0
185060,2019-03-07,11,50000000.0,Transfer,Outside_bank,2019-03-07 11:00:00,87026,2019-03-07 11:00:00,MB_SET_PIN,0.0,1,2019-03-07 11:00:00,LOGIN,0.0,0.0,0,2.0
773229,2019-03-05,17,1770000.0,Transfer,Within_bank,2019-03-05 17:00:00,87234,2019-03-05 09:00:00,MB_SET_PIN,8.0,1,2019-03-05 17:00:00,LOGIN,0.0,2.0,0,2.0
953884,2019-01-31,9,2700000.0,Transfer,Outside_bank,2019-01-31 09:00:00,87356,2019-01-30 18:00:00,MB_SET_PIN,15.0,1,2019-01-31 09:00:00,LOGIN,0.0,1.0,0,2.0
953884,2019-01-31,18,1990000.0,Transfer,Outside_bank,2019-01-31 18:00:00,87357,2019-01-30 18:00:00,MB_SET_PIN,24.0,1,2019-01-31 18:00:00,LOGIN,0.0,3.0,0,2.0
761093,2019-12-04,16,2000000.0,Transfer,Outside_bank,2019-12-04 16:00:00,87422,2019-12-04 09:00:00,MB_CHANGE_PIN,7.0,1,2019-12-04 16:00:00,LOGIN,0.019230767381656983,104.0,0,2.0
761093,2019-12-04,19,1662000.0,Transfer,Outside_bank,2019-12-04 19:00:00,87512,2019-12-04 09:00:00,MB_CHANGE_PIN,10.0,1,2019-12-04 19:00:00,LOGIN,0.018867922748309174,106.0,0,2.0
802418,2019-03-05,15,236000000.0,Payment,Credit_card_repayment,2019-03-05 15:00:00,87577,2019-03-04 16:00:00,MB_SET_PIN,23.0,1,2019-03-05 15:00:00,LOGIN,0.0,3.0,0,2.0
802418,2019-03-04,18,49000000.0,Payment,Credit_card_repayment,2019-03-04 18:00:00,87610,2019-03-04 16:00:00,MB_SET_PIN,2.0,1,2019-03-04 18:00:00,LOGIN,0.0,2.0,0,2.0
420305,2019-03-08,12,85000000.0,Transfer,Outside_bank,2019-03-08 12:00:00,88117,2019-03-08 10:00:00,MB_SET_PIN,2.0,1,2019-03-08 12:00:00,LOGIN,0.0,2.0,0,2.0
420305,2019-03-08,13,50000000.0,Transfer,Outside_bank,2019-03-08 13:00:00,88118,2019-03-08 10:00:00,MB_SET_PIN,3.0,1,2019-03-08 13:00:00,LOGIN,0.0,3.0,0,2.0
420305,2019-03-08,11,30000000.0,Transfer,Outside_bank,2019-03-08 11:00:00,88119,2019-03-08 10:00:00,MB_SET_PIN,1.0,1,2019-03-08 11:00:00,LOGIN,0.0,1.0,0,2.0
708168,2019-09-05,23,3278000.0,Transfer,Outside_bank,2019-09-05 23:00:00,88293,2019-09-05 10:00:00,CHANGE_PASSWORD,13.0,1,2019-09-05 23:00:00,LOGIN,0.0,60.0,0,2.0
708168,2019-09-05,16,10000000.0,Transfer,Outside_bank,2019-09-05 16:00:00,88363,2019-09-05 10:00:00,CHANGE_PASSWORD,6.0,1,2019-09-05 16:00:00,LOGIN,0.0,59.0,0,2.0
806250,2019-09-04,15,45000000.0,Payment,Credit_card_repayment,2019-09-04 15:00:00,88456,2019-09-04 15:00:00,CHANGE_PASSWORD,0.0,1,2019-09-04 15:00:00,LOGIN,0.36363628099175427,44.0,0,2.0
806250,2019-04-04,15,44701079.0,Payment,Credit_card_repayment,2019-04-04 15:00:00,88457,2019-04-04 14:00:00,MB_RESET_PIN,1.0,1,2019-04-04 15:00:00,LOGIN,0.4444441975310014,18.0,0,2.0
429783,2019-02-26,9,4000000.0,Transfer,Within_bank,2019-02-26 09:00:00,88962,2019-02-26 09:00:00,MB_SET_PIN,0.0,1,2019-02-26 09:00:00,LOGIN,0.0,0.0,0,2.0
638100,2019-03-02,11,50000000.0,Transfer,Outside_bank,2019-03-02 11:00:00,89432,2019-03-02 11:00:00,MB_SET_PIN,0.0,1,2019-03-02 11:00:00,LOGIN,0.0,0.0,0,2.0
638100,2019-03-02,20,6000000.0,Transfer,Outside_bank,2019-03-02 20:00:00,89544,2019-03-02 11:00:00,MB_SET_PIN,9.0,1,2019-03-02 20:00:00,LOGIN,0.0,2.0,0,2.0
638100,2019-03-02,19,2155000.0,Transfer,Outside_bank,2019-03-02 19:00:00,89692,2019-03-02 11:00:00,MB_SET_PIN,8.0,1,2019-03-02 19:00:00,LOGIN,0.0,1.0,0,2.0
563844,2019-01-29,13,2390000.0,Transfer,Outside_bank,2019-01-29 13:00:00,89890,2019-01-29 07:00:00,MB_SET_PIN,6.0,1,2019-01-29 13:00:00,LOGIN,0.0,2.0,0,2.0
341086,2019-02-19,11,10000000.0,Transfer,Outside_bank,2019-02-19 11:00:00,89934,2019-02-19 11:00:00,MB_SET_PIN,0.0,1,2019-02-19 11:00:00,LOGIN,0.0,1.0,0,2.0
128089,2019-03-05,11,30000000.0,Transfer,Outside_bank,2019-03-05 11:00:00,89979,2019-03-05 11:00:00,CHANGE_PASSWORD,0.0,1,2019-03-05 11:00:00,LOGIN,0.0,0.0,0,2.0
331,2019-03-06,9,12000000.0,Transfer,Outside_bank,2019-03-06 09:00:00,90144,2019-03-06 09:00:00,MB_SET_PIN,0.0,1,2019-03-06 09:00:00,LOGIN,0.0,0.0,0,2.0
822689,2019-02-01,16,2000000.0,Transfer,Outside_bank,2019-02-01 16:00:00,90170,2019-01-31 19:00:00,MB_SET_PIN,21.0,1,2019-01-31 19:00:00,LOGIN,0.0,0.0,0,2.0
826350,2019-02-21,17,15000000.0,Payment,Credit_card_repayment,2019-02-21 17:00:00,90519,2019-02-21 14:00:00,CHANGE_PASSWORD,3.0,1,2019-02-21 17:00:00,LOGIN,0.0,2.0,0,2.0
188722,2019-03-06,19,5000000.0,Transfer,Outside_bank,2019-03-06 19:00:00,90575,2019-03-06 16:00:00,MB_SET_PIN,3.0,1,2019-03-06 19:00:00,LOGIN,0.0,1.0,0,2.0
495476,2019-03-06,12,1000000.0,Topup,Mobile,2019-03-06 12:00:00,90631,2019-03-05 16:00:00,MB_SET_PIN,20.0,1,2019-03-06 12:00:00,LOGIN,0.0,3.0,0,2.0
495476,2019-03-06,10,5000000.0,Transfer,Outside_bank,2019-03-06 10:00:00,90668,2019-03-05 16:00:00,MB_SET_PIN,18.0,1,2019-03-06 10:00:00,LOGIN,0.0,2.0,0,2.0
27056,2019-01-30,8,10000000.0,Transfer,Outside_bank,2019-01-30 08:00:00,90817,2019-01-30 08:00:00,MB_SET_PIN,0.0,1,2019-01-30 08:00:00,LOGIN,0.0,0.0,0,2.0
668079,2019-01-24,10,20050000.0,Payment,Credit_card_repayment,2019-01-24 10:00:00,90982,2019-01-24 09:00:00,MB_SET_PIN,1.0,1,2019-01-24 10:00:00,LOGIN,0.0,1.0,0,2.0
668079,2019-01-24,9,50000000.0,Payment,Credit_card_repayment,2019-01-24 09:00:00,91013,2019-01-24 09:00:00,MB_SET_PIN,0.0,1,2019-01-24 09:00:00,LOGIN,0.0,0.0,0,2.0
736291,2019-03-06,11,126300000.0,Transfer,Outside_bank,2019-03-06 11:00:00,91344,2019-03-05 14:00:00,MB_SET_PIN,21.0,1,2019-03-06 11:00:00,LOGIN,0.0,2.0,0,2.0
897757,2019-06-05,17,7000000.0,Transfer,Within_bank,2019-06-05 17:00:00,91434,2019-06-05 17:00:00,MB_CHANGE_PIN,0.0,1,2019-06-05 17:00:00,LOGIN,0.0719424408674503,139.0,0,2.0
432475,2019-04-23,8,3000000.0,Transfer,Outside_bank,2019-04-23 08:00:00,91542,2019-02-16 11:00:00,MB_SET_PIN,1581.0,0,2019-04-23 08:00:00,LOGIN,0.5061727770157065,81.0,1,2.0
432475,2019-05-27,8,2000000.0,Transfer,Within_bank,2019-05-27 08:00:00,91543,2019-05-24 15:00:00,MB_RESET_PIN,65.0,0,2019-05-27 08:00:00,LOGIN,0.504424734121705,113.0,1,2.0
432475,2019-04-08,12,1000000.0,Transfer,Within_bank,2019-04-08 12:00:00,91580,2019-02-16 11:00:00,MB_SET_PIN,1225.0,0,2019-04-08 12:00:00,LOGIN,0.5066665991111201,75.0,1,2.0
432475,2019-04-09,21,4000000.0,Transfer,Within_bank,2019-04-09 21:00:00,91631,2019-02-16 11:00:00,MB_SET_PIN,1258.0,0,2019-04-09 21:00:00,LOGIN,0.5064934407151376,77.0,1,2.0
432475,2019-05-08,16,2000000.0,Transfer,Outside_bank,2019-05-08 16:00:00,91633,2019-02-16 11:00:00,MB_SET_PIN,1949.0,0,2019-05-08 16:00:00,LOGIN,0.5047618566893469,105.0,1,2.0
987430,2019-10-07,15,15000000.0,Payment,Credit_card_repayment,2019-10-07 15:00:00,91728,2019-10-07 15:00:00,CHANGE_PASSWORD,0.0,1,2019-10-07 15:00:00,LOGIN,0.49677416149844117,155.0,0,2.0
78125,2019-09-28,15,1500000.0,Transfer,Outside_bank,2019-09-28 15:00:00,91805,2019-09-28 15:00:00,MB_RESET_PIN,0.0,1,2019-09-28 15:00:00,LOGIN_FINGER,0.22580642733264222,93.0,0,2.0
312537,2019-03-26,11,6450000.0,Transfer,Within_bank,2019-03-26 11:00:00,92112,2019-03-26 09:00:00,CHANGE_PASSWORD,2.0,1,2019-03-26 11:00:00,LOGIN,0.0,18.0,0,2.0
312537,2019-03-02,11,1000000.0,Transfer,Outside_bank,2019-03-02 11:00:00,92180,2019-03-02 11:00:00,MB_SET_PIN,0.0,1,2019-03-02 11:00:00,LOGIN,0.0,2.0,0,2.0
565082,2019-03-07,1,4000000.0,Transfer,Outside_bank,2019-03-07 01:00:00,92269,2019-03-06 15:00:00,MB_SET_PIN,10.0,1,2019-03-07 01:00:00,LOGIN,0.0,1.0,0,2.0
565082,2019-03-07,1,7000000.0,Transfer,Within_bank,2019-03-07 01:00:00,92286,2019-03-06 15:00:00,MB_SET_PIN,10.0,1,2019-03-07 01:00:00,LOGIN,0.0,1.0,0,2.0
307020,2019-01-24,15,30000000.0,Transfer,Outside_bank,2019-01-24 15:00:00,93234,2019-01-24 14:00:00,CHANGE_PASSWORD,1.0,1,2019-01-24 14:00:00,LOGIN,0.0,0.0,0,2.0
348031,2019-03-08,19,1500000.0,Transfer,Outside_bank,2019-03-08 19:00:00,93754,2019-03-08 16:00:00,CHANGE_PASSWORD,3.0,1,2019-03-08 18:00:00,LOGIN,0.0,4.0,0,2.0
348031,2019-03-08,21,2000000.0,Transfer,Outside_bank,2019-03-08 21:00:00,93768,2019-03-08 16:00:00,CHANGE_PASSWORD,5.0,1,2019-03-08 20:00:00,LOGIN,0.0,5.0,0,2.0
994269,2019-03-11,16,5400000.0,Transfer,Outside_bank,2019-03-11 16:00:00,93893,2019-03-11 14:00:00,CHANGE_PASSWORD,2.0,1,2019-03-11 16:00:00,LOGIN,0.0,1.0,0,2.0
994269,2019-03-11,14,1300000.0,Transfer,Within_bank,2019-03-11 14:00:00,93905,2019-03-11 14:00:00,CHANGE_PASSWORD,0.0,1,2019-03-11 14:00:00,LOGIN,0.0,0.0,0,2.0
10448,2019-06-25,13,1800000.0,Transfer,Within_bank,2019-06-25 13:00:00,94200,2019-02-20 08:00:00,MB_SET_PIN,3005.0,0,2019-06-22 00:00:00,LOGIN,0.5030674537995427,163.0,1,2.0
10448,2019-08-12,14,13010000.0,Transfer,Within_bank,2019-08-12 14:00:00,94203,2019-02-20 08:00:00,MB_SET_PIN,4158.0,0,2019-08-12 14:00:00,LOGIN,0.5019304825509466,259.0,1,2.0
10448,2019-06-07,16,2250000.0,Transfer,Outside_bank,2019-06-07 16:00:00,94229,2019-02-20 08:00:00,MB_SET_PIN,2576.0,0,2019-06-07 16:00:00,LOGIN,0.503597086072152,139.0,1,2.0
10448,2019-07-17,8,1050000.0,Transfer,Outside_bank,2019-07-17 08:00:00,94231,2019-02-20 08:00:00,MB_SET_PIN,3528.0,0,2019-06-22 00:00:00,LOGIN,0.5030674537995427,163.0,1,2.0
10448,2019-07-19,17,3100000.0,Transfer,Outside_bank,2019-07-19 17:00:00,94232,2019-02-20 08:00:00,MB_SET_PIN,3585.0,0,2019-07-19 17:00:00,LOGIN,0.5030302725436199,165.0,1,2.0
10448,2019-05-26,14,4200000.0,Transfer,Outside_bank,2019-05-26 14:00:00,94312,2019-02-20 08:00:00,MB_SET_PIN,2286.0,0,2019-05-26 14:00:00,LOGIN,0.5042734611732085,117.0,1,2.0
10448,2019-08-04,12,4000000.0,Transfer,Within_bank,2019-08-04 12:00:00,94366,2019-02-20 08:00:00,MB_SET_PIN,3964.0,0,2019-08-04 12:00:00,LOGIN,0.5023255580313694,215.0,1,2.0
91181,2019-08-15,16,2190000.0,Transfer,Outside_bank,2019-08-15 16:00:00,94481,2019-08-15 16:00:00,MB_RESET_PIN,0.0,1,2019-08-15 16:00:00,LOGIN,0.4114832339003237,209.0,0,2.0
714829,2019-09-03,22,1000000.0,Transfer,Outside_bank,2019-09-03 22:00:00,95694,2019-09-03 15:00:00,MB_RESET_PIN,7.0,1,2019-09-03 22:00:00,LOGIN,0.0,71.0,0,2.0
714829,2019-09-03,16,1400000.0,Transfer,Outside_bank,2019-09-03 16:00:00,95719,2019-09-03 15:00:00,MB_RESET_PIN,1.0,1,2019-09-03 16:00:00,LOGIN,0.0,70.0,0,2.0
327035,2019-03-14,10,3000000.0,Transfer,Outside_bank,2019-03-14 10:00:00,95722,2019-03-13 16:00:00,MB_SET_PIN,18.0,1,2019-03-14 10:00:00,LOGIN,0.0,6.0,0,2.0
796477,2019-03-13,21,7000000.0,Transfer,Outside_bank,2019-03-13 21:00:00,95774,2019-03-13 09:00:00,MB_SET_PIN,12.0,1,2019-03-13 21:00:00,LOGIN,0.0,4.0,0,2.0
796477,2019-03-13,13,2000000.0,Transfer,Outside_bank,2019-03-13 13:00:00,95792,2019-03-13 09:00:00,MB_SET_PIN,4.0,1,2019-03-13 13:00:00,LOGIN,0.0,2.0,0,2.0
796477,2019-03-13,22,24000000.0,Transfer,Outside_bank,2019-03-13 22:00:00,95816,2019-03-13 09:00:00,MB_SET_PIN,13.0,1,2019-03-13 22:00:00,LOGIN,0.0,5.0,0,2.0
323137,2019-03-14,16,2000000.0,Transfer,Within_bank,2019-03-14 16:00:00,96068,2019-03-14 15:00:00,MB_SET_PIN,1.0,1,2019-03-14 15:00:00,LOGIN,0.0,0.0,0,2.0
323137,2019-03-14,15,11630000.0,Transfer,Outside_bank,2019-03-14 15:00:00,96086,2019-03-14 15:00:00,MB_SET_PIN,0.0,1,2019-03-14 15:00:00,LOGIN,0.0,0.0,0,2.0
323137,2019-03-14,18,1000000.0,Transfer,Within_bank,2019-03-14 18:00:00,96104,2019-03-14 15:00:00,MB_SET_PIN,3.0,1,2019-03-14 18:00:00,LOGIN,0.0,1.0,0,2.0
399239,2019-03-12,0,13000000.0,Transfer,Outside_bank,2019-03-12 00:00:00,96120,2019-03-11 13:00:00,CHANGE_PASSWORD,11.0,1,2019-03-12 00:00:00,LOGIN,0.0,1.0,0,2.0
399239,2019-03-12,10,37000000.0,Transfer,Outside_bank,2019-03-12 10:00:00,96145,2019-03-11 13:00:00,CHANGE_PASSWORD,21.0,1,2019-03-12 10:00:00,LOGIN,0.0,3.0,0,2.0
399239,2019-11-02,10,2000000.0,Payment,Credit_card_repayment,2019-11-02 10:00:00,96153,2019-11-02 10:00:00,CHANGE_PASSWORD,0.0,1,2019-11-02 10:00:00,LOGIN,0.0,115.0,0,2.0
210926,2019-09-16,21,1700000.0,Transfer,Outside_bank,2019-09-16 21:00:00,96748,2019-09-16 13:00:00,CHANGE_PASSWORD,8.0,1,2019-09-16 21:00:00,LOGIN,0.0,27.0,0,2.0
27790,2019-03-15,0,5000000.0,Transfer,Within_bank,2019-03-15 00:00:00,96802,2019-03-14 08:00:00,MB_SET_PIN,16.0,1,2019-03-15 00:00:00,LOGIN,0.0,4.0,0,2.0
27790,2019-11-08,10,8830000.0,Transfer,Within_bank,2019-11-08 10:00:00,96874,2019-11-08 10:00:00,CHANGE_PASSWORD,0.0,1,2019-11-08 10:00:00,LOGIN,0.0,189.0,0,2.0
240932,2019-03-12,12,202800000.0,Transfer,Outside_bank,2019-03-12 12:00:00,97113,2019-03-11 16:00:00,MB_SET_PIN,20.0,1,2019-03-12 12:00:00,LOGIN,0.0,2.0,0,2.0
240932,2019-03-12,15,50000000.0,Transfer,Outside_bank,2019-03-12 15:00:00,97119,2019-03-11 16:00:00,MB_SET_PIN,23.0,1,2019-03-12 15:00:00,LOGIN,0.0,3.0,0,2.0
240932,2019-03-12,11,1000000.0,Transfer,Outside_bank,2019-03-12 11:00:00,97130,2019-03-11 16:00:00,MB_SET_PIN,19.0,1,2019-03-12 11:00:00,LOGIN,0.0,1.0,0,2.0
240932,2019-03-12,16,20000000.0,Transfer,Outside_bank,2019-03-12 16:00:00,97132,2019-03-11 16:00:00,MB_SET_PIN,24.0,1,2019-03-12 16:00:00,LOGIN,0.0,4.0,0,2.0
991079,2019-02-22,16,5000000.0,Transfer,Outside_bank,2019-02-22 16:00:00,97307,2019-02-22 16:00:00,MB_SET_PIN,0.0,1,2019-02-22 16:00:00,LOGIN,0.0,0.0,0,2.0
406641,2019-03-12,11,50000000.0,Transfer,Within_bank,2019-03-12 11:00:00,97470,2019-03-12 11:00:00,MB_SET_PIN,0.0,1,2019-03-12 11:00:00,LOGIN,0.9999900000999989,1.0,0,2.0
406641,2019-03-13,9,5000000.0,Transfer,Outside_bank,2019-03-13 09:00:00,97473,2019-03-12 11:00:00,MB_SET_PIN,22.0,1,2019-03-13 09:00:00,LOGIN_FINGER,0.49999750001249993,2.0,0,2.0
144977,2019-11-10,15,2000000.0,Transfer,Outside_bank,2019-11-10 15:00:00,97602,2019-11-10 15:00:00,MB_CHANGE_PIN,0.0,1,2019-11-10 14:00:00,LOGIN,0.4893615980081706,47.0,0,2.0
382059,2019-03-04,14,21000000.0,Transfer,Outside_bank,2019-03-04 14:00:00,97655,2019-03-04 11:00:00,MB_SET_PIN,3.0,1,2019-03-04 14:00:00,LOGIN,0.0,1.0,0,2.0
382059,2019-03-04,15,5000000.0,Transfer,Outside_bank,2019-03-04 15:00:00,97656,2019-03-04 11:00:00,MB_SET_PIN,4.0,1,2019-03-04 14:00:00,LOGIN,0.0,1.0,0,2.0
964569,2019-05-22,10,10000000.0,Transfer,Outside_bank,2019-05-22 10:00:00,97913,2019-05-22 10:00:00,MB_CHANGE_PIN,0.0,1,2019-05-22 10:00:00,LOGIN,0.472972909057715,74.0,0,2.0
250994,2019-03-13,13,39400000.0,Transfer,Outside_bank,2019-03-13 13:00:00,97991,2019-03-13 08:00:00,MB_SET_PIN,5.0,1,2019-03-13 13:00:00,LOGIN,0.0,3.0,0,2.0
250994,2019-03-13,12,9010000.0,Transfer,Outside_bank,2019-03-13 12:00:00,97992,2019-03-13 08:00:00,MB_SET_PIN,4.0,1,2019-03-13 12:00:00,LOGIN,0.0,2.0,0,2.0
250994,2019-03-14,6,39000000.0,Transfer,Outside_bank,2019-03-14 06:00:00,97993,2019-03-13 08:00:00,MB_SET_PIN,22.0,1,2019-03-14 06:00:00,LOGIN,0.0,5.0,0,2.0
518465,2019-04-11,10,5000000.0,Transfer,VNDirect,2019-04-11 10:00:00,99317,2019-04-11 10:00:00,MB_RESET_PIN,0.0,1,2019-04-11 10:00:00,LOGIN,0.0,17.0,0,2.0
518465,2019-06-05,11,14900000.0,Transfer,VNDirect,2019-06-05 11:00:00,99328,2019-06-05 09:00:00,CHANGE_PASSWORD,2.0,1,2019-06-05 11:00:00,LOGIN,0.0,24.0,0,2.0
316094,2019-11-12,10,3200000.0,Transfer,Outside_bank,2019-11-12 10:00:00,99594,2019-11-12 10:00:00,MB_RESET_PIN,0.0,1,2019-11-12 10:00:00,LOGIN,0.48070738776997773,622.0,0,2.0
316094,2019-11-12,11,4000000.0,Transfer,Outside_bank,2019-11-12 11:00:00,99623,2019-11-12 10:00:00,MB_RESET_PIN,1.0,1,2019-11-12 10:00:00,LOGIN,0.48070738776997773,622.0,0,2.0
616908,2019-03-12,15,2000000.0,Transfer,Outside_bank,2019-03-12 15:00:00,100025,2019-03-12 15:00:00,MB_SET_PIN,0.0,1,2019-03-12 15:00:00,LOGIN,0.0,0.0,0,2.0
814351,2019-06-17,15,3668000.0,Transfer,Outside_bank,2019-06-17 15:00:00,100231,2019-01-11 16:00:00,MB_SET_PIN,3767.0,0,2019-06-17 15:00:00,LOGIN,0.5108695513350666,368.0,1,2.0
814351,2019-07-16,15,17000000.0,Transfer,Outside_bank,2019-07-16 15:00:00,100232,2019-01-11 16:00:00,MB_SET_PIN,4463.0,0,2019-06-20 19:00:00,LOGIN,0.5130208199734162,384.0,1,2.0
814351,2019-08-20,17,1400000.0,Transfer,Outside_bank,2019-08-20 17:00:00,100234,2019-01-11 16:00:00,MB_SET_PIN,5305.0,0,2019-08-20 16:00:00,LOGIN,0.5073684103711914,475.0,1,2.0
814351,2019-11-26,20,10000000.0,Transfer,Outside_bank,2019-11-26 20:00:00,100236,2019-01-11 16:00:00,MB_SET_PIN,7660.0,0,2019-11-26 20:00:00,LOGIN,0.5055096349103356,726.0,1,2.0
814351,2019-12-24,9,3600000.0,Payment,Credit_card_repayment,2019-12-24 09:00:00,100237,2019-01-11 16:00:00,MB_SET_PIN,8321.0,0,2019-12-24 09:00:00,LOGIN,0.50193049547065,777.0,1,2.0
814351,2019-06-07,16,1891000.0,Transfer,Outside_bank,2019-06-07 16:00:00,100245,2019-01-11 16:00:00,MB_SET_PIN,3528.0,0,2019-06-07 16:00:00,LOGIN,0.5085227128260593,352.0,1,2.0
814351,2019-07-17,10,3000000.0,Transfer,Outside_bank,2019-07-17 10:00:00,100247,2019-01-11 16:00:00,MB_SET_PIN,4482.0,0,2019-06-20 19:00:00,LOGIN,0.5130208199734162,384.0,1,2.0
814351,2019-08-23,17,12000000.0,Transfer,Outside_bank,2019-08-23 17:00:00,100249,2019-01-11 16:00:00,MB_SET_PIN,5377.0,0,2019-08-23 17:00:00,LOGIN,0.506048376894186,496.0,1,2.0
814351,2019-11-08,16,1855000.0,Transfer,Outside_bank,2019-11-08 16:00:00,100251,2019-01-11 16:00:00,MB_SET_PIN,7224.0,0,2019-11-08 16:00:00,LOGIN,0.5050359639563171,695.0,1,2.0
814351,2019-11-27,19,3600000.0,Payment,Credit_card_repayment,2019-11-27 19:00:00,100253,2019-01-11 16:00:00,MB_SET_PIN,7683.0,0,2019-11-27 19:00:00,LOGIN,0.5054794451304185,730.0,1,2.0
814351,2019-12-09,18,1025000.0,Transfer,Outside_bank,2019-12-09 18:00:00,100255,2019-01-11 16:00:00,MB_SET_PIN,7970.0,0,2019-12-09 18:00:00,LOGIN,0.5058670077461929,767.0,1,2.0
814351,2019-06-30,16,1070000.0,Transfer,Outside_bank,2019-06-30 16:00:00,100264,2019-01-11 16:00:00,MB_SET_PIN,4080.0,0,2019-06-20 19:00:00,LOGIN,0.5130208199734162,384.0,1,2.0
814351,2019-07-07,23,10000000.0,Transfer,Outside_bank,2019-07-07 23:00:00,100265,2019-01-11 16:00:00,MB_SET_PIN,4255.0,0,2019-06-20 19:00:00,LOGIN,0.5130208199734162,384.0,1,2.0
814351,2019-07-21,19,1822000.0,Payment,Credit_card_repayment,2019-07-21 19:00:00,100266,2019-01-11 16:00:00,MB_SET_PIN,4587.0,0,2019-07-21 19:00:00,LOGIN,0.5128204996712693,390.0,1,2.0
814351,2019-08-16,16,10000000.0,Transfer,Outside_bank,2019-08-16 16:00:00,100269,2019-01-11 16:00:00,MB_SET_PIN,5208.0,0,2019-08-16 16:00:00,LOGIN,0.5065217281190929,460.0,1,2.0
814351,2019-10-03,19,1000000.0,Transfer,Outside_bank,2019-10-03 19:00:00,100271,2019-01-11 16:00:00,MB_SET_PIN,6363.0,0,2019-10-03 19:00:00,LOGIN,0.504934202221477,608.0,1,2.0
814351,2019-11-04,21,2150000.0,Transfer,Outside_bank,2019-11-04 21:00:00,100274,2019-01-11 16:00:00,MB_SET_PIN,7133.0,0,2019-11-04 21:00:00,LOGIN,0.5044117572880624,680.0,1,2.0
814351,2019-03-29,16,7750000.0,Transfer,Outside_bank,2019-03-29 16:00:00,100276,2019-01-11 16:00:00,MB_SET_PIN,1848.0,0,2019-03-29 16:00:00,LOGIN,0.5025380455564444,197.0,1,2.0
814351,2019-04-17,10,72150000.0,Transfer,Outside_bank,2019-04-17 10:00:00,100277,2019-01-11 16:00:00,MB_SET_PIN,2298.0,0,2019-04-17 10:00:00,LOGIN,0.5021096834552876,237.0,1,2.0
814351,2019-05-15,16,1000000.0,Transfer,Outside_bank,2019-05-15 16:00:00,100278,2019-01-11 16:00:00,MB_SET_PIN,2976.0,0,2019-05-15 16:00:00,LOGIN,0.5035714105867354,280.0,1,2.0
814351,2019-07-19,14,10250000.0,Transfer,Outside_bank,2019-07-19 14:00:00,100280,2019-01-11 16:00:00,MB_SET_PIN,4534.0,0,2019-07-19 14:00:00,LOGIN,0.5129533545867007,386.0,1,2.0
814351,2019-08-04,22,2000000.0,Transfer,Outside_bank,2019-08-04 22:00:00,100282,2019-01-11 16:00:00,MB_SET_PIN,4926.0,0,2019-08-04 22:00:00,LOGIN,0.5083532098245057,419.0,1,2.0
814351,2019-11-12,21,2200000.0,Transfer,Outside_bank,2019-11-12 21:00:00,100289,2019-01-11 16:00:00,MB_SET_PIN,7325.0,0,2019-11-12 21:00:00,LOGIN,0.5042734970901211,702.0,1,2.0
814351,2019-12-01,18,1500000.0,Transfer,Outside_bank,2019-12-01 18:00:00,100291,2019-01-11 16:00:00,MB_SET_PIN,7778.0,0,2019-12-01 18:00:00,LOGIN,0.5060565207798584,743.0,1,2.0
814351,2019-04-12,17,8148000.0,Transfer,Outside_bank,2019-04-12 17:00:00,100292,2019-01-11 16:00:00,MB_SET_PIN,2185.0,0,2019-04-12 17:00:00,LOGIN,0.5044642631935596,224.0,1,2.0
814351,2019-06-17,18,23500000.0,Transfer,Outside_bank,2019-06-17 18:00:00,100293,2019-01-11 16:00:00,MB_SET_PIN,3770.0,0,2019-06-17 17:00:00,LOGIN,0.5133689702307762,374.0,1,2.0
814351,2019-06-17,15,1822000.0,Payment,Credit_card_repayment,2019-06-17 15:00:00,100294,2019-01-11 16:00:00,MB_SET_PIN,3767.0,0,2019-06-17 15:00:00,LOGIN,0.5108695513350666,368.0,1,2.0
814351,2019-08-08,12,3215000.0,Transfer,Outside_bank,2019-08-08 12:00:00,100297,2019-01-11 16:00:00,MB_SET_PIN,5012.0,0,2019-08-08 12:00:00,LOGIN,0.5069444327096196,432.0,1,2.0
814351,2019-08-19,10,2322000.0,Payment,Credit_card_repayment,2019-08-19 10:00:00,100299,2019-01-11 16:00:00,MB_SET_PIN,5274.0,0,2019-08-19 10:00:00,LOGIN,0.5053763332177132,465.0,1,2.0
814351,2019-09-11,23,1680000.0,Transfer,Outside_bank,2019-09-11 23:00:00,100303,2019-01-11 16:00:00,MB_SET_PIN,5839.0,0,2019-09-11 23:00:00,LOGIN,0.5063985282194053,547.0,1,2.0
814351,2019-10-07,9,3901000.0,Transfer,Outside_bank,2019-10-07 09:00:00,100304,2019-01-11 16:00:00,MB_SET_PIN,6449.0,0,2019-10-07 09:00:00,LOGIN,0.5040782952026379,613.0,1,2.0
814351,2019-06-03,10,1000000.0,Transfer,Outside_bank,2019-06-03 10:00:00,100311,2019-01-11 16:00:00,MB_SET_PIN,3426.0,0,2019-06-03 10:00:00,LOGIN,0.5087209154441594,344.0,1,2.0
814351,2019-06-28,15,7000000.0,Transfer,Outside_bank,2019-06-28 15:00:00,100313,2019-01-11 16:00:00,MB_SET_PIN,4031.0,0,2019-06-20 19:00:00,LOGIN,0.5130208199734162,384.0,1,2.0
814351,2019-08-12,19,2500000.0,Transfer,Outside_bank,2019-08-12 19:00:00,100315,2019-01-11 16:00:00,MB_SET_PIN,5115.0,0,2019-08-12 19:00:00,LOGIN,0.5056689227739474,441.0,1,2.0
814351,2019-06-14,11,20500000.0,Transfer,Outside_bank,2019-06-14 11:00:00,100326,2019-01-11 16:00:00,MB_SET_PIN,3691.0,0,2019-06-14 11:00:00,LOGIN,0.5122615664233906,367.0,1,2.0
814351,2019-10-30,14,1822000.0,Payment,Credit_card_repayment,2019-10-30 14:00:00,100331,2019-01-11 16:00:00,MB_SET_PIN,7006.0,0,2019-10-30 13:00:00,LOGIN,0.504518064690993,664.0,1,2.0
814351,2019-12-08,18,1200000.0,Transfer,Outside_bank,2019-12-08 18:00:00,100332,2019-01-11 16:00:00,MB_SET_PIN,7946.0,0,2019-12-08 18:00:00,LOGIN,0.5058977653224408,763.0,1,2.0
814351,2019-07-01,15,4580000.0,Transfer,Outside_bank,2019-07-01 15:00:00,100337,2019-01-11 16:00:00,MB_SET_PIN,4103.0,0,2019-06-20 19:00:00,LOGIN,0.5130208199734162,384.0,1,2.0
814351,2019-12-09,9,1000000.0,Transfer,Outside_bank,2019-12-09 09:00:00,100348,2019-01-11 16:00:00,MB_SET_PIN,7961.0,0,2019-12-09 09:00:00,LOGIN,0.5058823463283354,765.0,1,2.0
86148,2019-01-16,14,1500000.0,Transfer,Within_bank,2019-01-16 14:00:00,100440,2019-01-16 14:00:00,MB_CHANGE_PIN,0.0,1,2019-01-16 14:00:00,LOGIN,0.0,9.0,0,2.0
399090,2019-09-24,16,5000000.0,Transfer,Outside_bank,2019-09-24 16:00:00,100703,2019-09-24 16:00:00,CHANGE_PASSWORD,0.0,1,2019-09-24 16:00:00,LOGIN,0.0,57.0,0,2.0
399090,2019-09-24,17,1000000.0,Transfer,Outside_bank,2019-09-24 17:00:00,100726,2019-09-24 16:00:00,CHANGE_PASSWORD,1.0,1,2019-09-24 17:00:00,LOGIN,0.0,58.0,0,2.0
703677,2019-03-12,16,9000000.0,Transfer,Within_bank,2019-03-12 16:00:00,103839,2019-03-12 08:00:00,MB_SET_PIN,8.0,1,2019-03-12 16:00:00,LOGIN,0.0,1.0,0,2.0
289426,2019-03-13,15,3500000.0,Transfer,Outside_bank,2019-03-13 15:00:00,104066,2019-03-13 10:00:00,MB_SET_PIN,5.0,1,2019-03-13 14:00:00,LOGIN,0.0,2.0,0,2.0
693319,2019-03-09,11,5400000.0,Transfer,Outside_bank,2019-03-09 11:00:00,104178,2019-03-09 10:00:00,MB_SET_PIN,1.0,1,2019-03-09 11:00:00,LOGIN,0.0,1.0,0,2.0
693319,2019-12-16,12,111476000.0,Transfer,Outside_bank,2019-12-16 12:00:00,104187,2019-12-16 11:00:00,CHANGE_PASSWORD,1.0,1,2019-12-16 12:00:00,LOGIN,0.0,205.0,0,2.0
693319,2019-12-16,19,9347000.0,Transfer,Outside_bank,2019-12-16 19:00:00,104225,2019-12-16 11:00:00,CHANGE_PASSWORD,8.0,1,2019-12-16 19:00:00,LOGIN,0.0,207.0,0,2.0
182074,2019-02-15,11,5000000.0,Transfer,Within_bank,2019-02-15 11:00:00,104320,2019-02-15 11:00:00,MB_SET_PIN,0.0,1,2019-02-15 11:00:00,LOGIN,0.0,0.0,0,2.0
840304,2019-03-28,16,2000000.0,Transfer,Outside_bank,2019-03-28 16:00:00,104517,2019-01-14 18:00:00,MB_SET_PIN,1750.0,0,2019-03-28 16:00:00,LOGIN,0.5094338661445535,53.0,1,2.0
634388,2019-03-15,18,30000000.0,Transfer,Outside_bank,2019-03-15 18:00:00,104570,2019-03-15 16:00:00,MB_SET_PIN,2.0,1,2019-03-15 18:00:00,LOGIN,0.0,1.0,0,2.0
634388,2019-03-15,17,1800000.0,Transfer,Within_bank,2019-03-15 17:00:00,104580,2019-03-15 16:00:00,MB_SET_PIN,1.0,1,2019-03-15 16:00:00,LOGIN,0.0,0.0,0,2.0
169180,2019-09-23,19,2330000.0,Transfer,Outside_bank,2019-09-23 19:00:00,105784,2019-09-23 15:00:00,MB_RESET_PIN,4.0,1,2019-09-23 18:00:00,LOGIN,0.48928569681122513,280.0,0,2.0
160233,2019-03-15,18,5000000.0,Transfer,Outside_bank,2019-03-15 18:00:00,106014,2019-03-15 18:00:00,MB_SET_PIN,0.0,1,2019-03-15 18:00:00,LOGIN,0.0,0.0,0,2.0
952655,2019-03-18,11,1000000.0,Transfer,Outside_bank,2019-03-18 11:00:00,106283,2019-03-18 11:00:00,MB_CHANGE_PIN,0.0,1,2019-03-18 11:00:00,LOGIN_FINGER,0.0,23.0,0,2.0
200109,2019-08-13,18,2700000.0,Transfer,Outside_bank,2019-08-13 18:00:00,106423,2019-08-13 15:00:00,CHANGE_PASSWORD,3.0,1,2019-08-13 18:00:00,LOGIN,0.0,95.0,0,2.0
521707,2019-03-12,20,2000000.0,Transfer,Outside_bank,2019-03-12 20:00:00,106806,2019-03-12 20:00:00,MB_SET_PIN,0.0,1,2019-03-12 20:00:00,LOGIN,0.0,0.0,0,2.0
813158,2019-03-16,10,21821000.0,Transfer,Outside_bank,2019-03-16 10:00:00,106830,2019-03-16 10:00:00,MB_SET_PIN,0.0,1,2019-03-16 10:00:00,LOGIN,0.0,0.0,0,2.0
593879,2019-03-16,20,30000000.0,Transfer,Outside_bank,2019-03-16 20:00:00,106831,2019-01-25 16:00:00,MB_SET_PIN,1204.0,0,2019-03-16 20:00:00,LOGIN,0.5199997920000832,25.0,1,2.0
593879,2019-07-03,10,1531110.0,Payment,Utilities_payment,2019-07-03 10:00:00,106842,2019-01-25 16:00:00,MB_SET_PIN,3810.0,0,2019-06-20 00:00:00,LOGIN,0.5079364273116782,63.0,1,2.0
593879,2019-06-27,15,1150000.0,Payment,Credit_card_repayment,2019-06-27 15:00:00,106846,2019-01-25 16:00:00,MB_SET_PIN,3671.0,0,2019-06-20 00:00:00,LOGIN,0.5079364273116782,63.0,1,2.0
593879,2019-09-02,20,2000000.0,Payment,Credit_card_repayment,2019-09-02 20:00:00,106854,2019-01-25 16:00:00,MB_SET_PIN,5284.0,0,2019-09-02 20:00:00,LOGIN,0.505376289744485,93.0,1,2.0
593879,2019-07-20,12,1249470.0,Payment,Utilities_payment,2019-07-20 12:00:00,106859,2019-01-25 16:00:00,MB_SET_PIN,4220.0,0,2019-07-20 12:00:00,LOGIN,0.5068492456370897,73.0,1,2.0
342769,2019-04-22,11,4660000.0,Transfer,Outside_bank,2019-04-22 11:00:00,106869,2019-04-22 11:00:00,CHANGE_PASSWORD,0.0,1,2019-04-22 11:00:00,LOGIN,0.14285711370262985,49.0,0,2.0
342769,2019-10-22,12,2000000.0,Transfer,Outside_bank,2019-10-22 12:00:00,106873,2019-10-22 09:00:00,CHANGE_PASSWORD,3.0,1,2019-10-22 12:00:00,LOGIN,0.1603053312744022,131.0,0,2.0
342769,2019-10-22,9,5500000.0,Transfer,Outside_bank,2019-10-22 09:00:00,106880,2019-10-22 09:00:00,CHANGE_PASSWORD,0.0,1,2019-10-22 09:00:00,LOGIN,0.16153844911242699,130.0,0,2.0
342769,2019-04-23,9,2500000.0,Transfer,Within_bank,2019-04-23 09:00:00,106894,2019-04-22 11:00:00,CHANGE_PASSWORD,22.0,1,2019-04-23 09:00:00,LOGIN_FACEID,0.16363633388430293,55.0,0,2.0
758303,2019-03-15,19,2649000.0,Transfer,Outside_bank,2019-03-15 19:00:00,106924,2019-03-15 11:00:00,MB_SET_PIN,8.0,1,2019-03-15 18:00:00,LOGIN_FACEID,0.37499953125058594,8.0,0,2.0
32250,2019-03-09,11,1790000.0,Transfer,Outside_bank,2019-03-09 11:00:00,107047,2019-03-08 16:00:00,MB_SET_PIN,19.0,1,2019-03-09 11:00:00,LOGIN,0.0,1.0,0,2.0
781699,2019-03-12,17,290000000.0,Transfer,Outside_bank,2019-03-12 17:00:00,107063,2019-03-12 16:00:00,MB_SET_PIN,1.0,1,2019-03-12 17:00:00,LOGIN,0.0,1.0,0,2.0
37036,2019-03-15,22,49000000.0,Transfer,Outside_bank,2019-03-15 22:00:00,107070,2019-03-15 16:00:00,MB_CHANGE_PIN,6.0,1,2019-03-15 22:00:00,LOGIN,0.0,3.0,0,2.0
405463,2019-01-28,20,5000000.0,Transfer,Within_bank,2019-01-28 20:00:00,107519,2019-01-28 20:00:00,MB_SET_PIN,0.0,1,2019-01-28 20:00:00,LOGIN,0.0,0.0,0,2.0
372796,2019-03-05,19,9600000.0,Transfer,Within_bank,2019-03-05 19:00:00,107623,2019-03-05 14:00:00,MB_SET_PIN,5.0,1,2019-03-05 19:00:00,LOGIN,0.0,1.0,0,2.0
838477,2019-02-26,10,2000000.0,Transfer,Outside_bank,2019-02-26 10:00:00,107873,2019-02-25 10:00:00,CHANGE_PASSWORD,24.0,1,2019-02-26 10:00:00,LOGIN,0.0,6.0,0,2.0
89014,2019-03-16,9,6400000.0,Transfer,Outside_bank,2019-03-16 09:00:00,107949,2019-03-16 09:00:00,CHANGE_PASSWORD,0.0,1,2019-03-16 09:00:00,LOGIN_FINGER,0.09090900826453795,11.0,0,2.0
193201,2019-01-24,13,10600000.0,Transfer,Outside_bank,2019-01-24 13:00:00,108072,2019-01-24 09:00:00,MB_SET_PIN,4.0,1,2019-01-24 13:00:00,LOGIN,0.0,3.0,0,2.0
266165,2019-06-17,19,1470000.0,Transfer,Outside_bank,2019-06-17 19:00:00,108131,2019-06-17 18:00:00,MB_CHANGE_PIN,1.0,1,2019-06-17 19:00:00,LOGIN,0.0,39.0,0,2.0
719420,2019-02-18,10,1000000.0,Transfer,Outside_bank,2019-02-18 10:00:00,108188,2019-02-18 09:00:00,MB_SET_PIN,1.0,1,2019-02-18 09:00:00,LOGIN,0.0,0.0,0,2.0
96771,2019-03-15,15,4000000.0,Transfer,Outside_bank,2019-03-15 15:00:00,108371,2019-03-15 11:00:00,CHANGE_PASSWORD,4.0,1,2019-03-15 15:00:00,LOGIN,0.0,4.0,0,2.0
96771,2019-03-15,12,3000000.0,Transfer,Outside_bank,2019-03-15 12:00:00,108406,2019-03-15 11:00:00,CHANGE_PASSWORD,1.0,1,2019-03-15 12:00:00,LOGIN,0.0,1.0,0,2.0
96771,2019-03-15,13,1200000.0,Transfer,Outside_bank,2019-03-15 13:00:00,108407,2019-03-15 11:00:00,CHANGE_PASSWORD,2.0,1,2019-03-15 13:00:00,LOGIN,0.0,2.0,0,2.0
96771,2019-09-18,21,2100000.0,Transfer,Outside_bank,2019-09-18 21:00:00,108463,2019-09-18 19:00:00,CHANGE_PASSWORD,2.0,1,2019-09-18 21:00:00,LOGIN,0.16342412133416107,514.0,0,2.0
96771,2019-09-18,19,3000000.0,Transfer,Outside_bank,2019-09-18 19:00:00,108513,2019-09-18 19:00:00,CHANGE_PASSWORD,0.0,1,2019-09-18 19:00:00,LOGIN,0.1637426868666143,513.0,0,2.0
96771,2019-03-15,11,2000000.0,Transfer,Outside_bank,2019-03-15 11:00:00,108516,2019-03-15 11:00:00,CHANGE_PASSWORD,0.0,1,2019-03-15 11:00:00,LOGIN,0.0,0.0,0,2.0
96771,2019-03-15,14,5000000.0,Transfer,Outside_bank,2019-03-15 14:00:00,108542,2019-03-15 11:00:00,CHANGE_PASSWORD,3.0,1,2019-03-15 14:00:00,LOGIN,0.0,3.0,0,2.0
690690,2019-04-04,15,1300000.0,Transfer,Outside_bank,2019-04-04 15:00:00,108622,2019-04-04 15:00:00,CHANGE_PASSWORD,0.0,1,2019-04-04 15:00:00,LOGIN,0.0,14.0,0,2.0
312540,2019-03-13,12,256000000.0,Transfer,Outside_bank,2019-03-13 12:00:00,108823,2019-03-13 11:00:00,MB_SET_PIN,1.0,1,2019-03-13 12:00:00,LOGIN,0.0,1.0,0,2.0
312540,2019-11-08,12,70000000.0,Transfer,Outside_bank,2019-11-08 12:00:00,108831,2019-11-08 12:00:00,CHANGE_PASSWORD,0.0,1,2019-11-08 12:00:00,LOGIN,0.0,54.0,0,2.0
312540,2019-03-13,14,5820000.0,Transfer,Outside_bank,2019-03-13 14:00:00,108833,2019-03-13 11:00:00,MB_SET_PIN,3.0,1,2019-03-13 14:00:00,LOGIN,0.0,2.0,0,2.0
718428,2019-06-03,8,2000000.0,Transfer,Outside_bank,2019-06-03 08:00:00,109108,2019-06-03 08:00:00,CHANGE_PASSWORD,0.0,1,2019-06-03 08:00:00,LOGIN,0.0,37.0,0,2.0
958556,2019-03-19,16,50000000.0,Transfer,Outside_bank,2019-03-19 16:00:00,109127,2019-03-19 13:00:00,CHANGE_PASSWORD,3.0,1,2019-03-19 16:00:00,LOGIN,0.0,5.0,0,2.0
973089,2019-03-19,19,15102746.0,Transfer,Outside_bank,2019-03-19 19:00:00,109465,2019-03-19 18:00:00,MB_SET_PIN,1.0,1,2019-03-19 19:00:00,LOGIN,0.0,10.0,0,2.0
395054,2019-03-07,11,5000000.0,Transfer,Outside_bank,2019-03-07 11:00:00,109474,2019-03-07 11:00:00,MB_SET_PIN,0.0,1,2019-03-07 11:00:00,LOGIN,0.0,0.0,0,2.0
400741,2019-03-19,18,20000000.0,Transfer,Outside_bank,2019-03-19 18:00:00,109747,2019-03-19 11:00:00,MB_CHANGE_PIN,7.0,1,2019-03-19 18:00:00,LOGIN_FINGER,0.24999968750039064,8.0,0,2.0
321447,2019-10-02,14,5000000.0,Transfer,Within_bank,2019-10-02 14:00:00,109810,2019-10-02 14:00:00,MB_RESET_PIN,0.0,1,2019-10-02 14:00:00,LOGIN,0.49056600688264107,159.0,0,2.0
321447,2019-01-12,9,10000000.0,Transfer,Outside_bank,2019-01-12 09:00:00,109837,2019-01-12 08:00:00,MB_SET_PIN,1.0,1,2019-01-12 08:00:00,LOGIN,0.0,0.0,0,2.0
554633,2019-06-02,12,3600000.0,Transfer,Within_bank,2019-06-02 12:00:00,110015,2019-01-24 13:00:00,CHANGE_PASSWORD,3095.0,0,2019-06-02 12:00:00,LOGIN,0.5111109975308894,45.0,1,2.0
554633,2019-06-02,12,3500000.0,Payment,Credit_card_repayment,2019-06-02 12:00:00,110027,2019-01-24 13:00:00,CHANGE_PASSWORD,3095.0,0,2019-06-02 12:00:00,LOGIN,0.5111109975308894,45.0,1,2.0
108416,2019-03-19,15,35000000.0,Payment,Credit_card_repayment,2019-03-19 15:00:00,110173,2019-03-19 15:00:00,MB_RESET_PIN,0.0,1,2019-03-19 15:00:00,LOGIN,0.44444395061783265,9.0,0,2.0
108416,2019-02-17,22,9800000.0,Payment,Credit_card_repayment,2019-02-17 22:00:00,110175,2019-02-17 22:00:00,MB_RESET_PIN,0.0,1,2019-02-17 22:00:00,LOGIN_FINGER,0.37499953125058594,8.0,0,2.0
486802,2019-03-12,11,1700000.0,Transfer,Outside_bank,2019-03-12 11:00:00,110194,2019-03-12 10:00:00,MB_SET_PIN,1.0,1,2019-03-12 11:00:00,LOGIN,0.0,1.0,0,2.0
317465,2019-02-27,16,2000000.0,Transfer,Outside_bank,2019-02-27 16:00:00,110244,2019-02-27 15:00:00,MB_SET_PIN,1.0,1,2019-02-27 16:00:00,LOGIN,0.0,1.0,0,2.0
89978,2019-08-21,15,3000000.0,Transfer,Outside_bank,2019-08-21 15:00:00,110402,2019-08-21 14:00:00,CHANGE_PASSWORD,1.0,1,2019-08-21 15:00:00,LOGIN,0.07368420664819965,190.0,0,2.0
89978,2019-03-22,16,8000000.0,Transfer,Outside_bank,2019-03-22 16:00:00,110416,2019-03-22 15:00:00,MB_RESET_PIN,1.0,1,2019-03-22 16:00:00,LOGIN,0.0,21.0,0,2.0
89978,2019-08-21,18,5000000.0,Transfer,Outside_bank,2019-08-21 18:00:00,110432,2019-08-21 14:00:00,CHANGE_PASSWORD,4.0,1,2019-08-21 18:00:00,LOGIN,0.07329842548175783,191.0,0,2.0
962310,2019-10-24,17,25600000.0,Payment,Credit_card_repayment,2019-10-24 17:00:00,110905,2019-10-24 10:00:00,CHANGE_PASSWORD,7.0,1,2019-10-24 17:00:00,LOGIN_FINGER,0.49051489185596503,369.0,0,2.0
511813,2019-02-14,11,7740000.0,Transfer,Outside_bank,2019-02-14 11:00:00,111836,2019-02-14 11:00:00,MB_SET_PIN,0.0,1,2019-02-14 11:00:00,LOGIN,0.0,0.0,0,2.0
604344,2019-07-21,10,1500000.0,Transfer,Outside_bank,2019-07-21 10:00:00,113049,2019-07-21 10:00:00,MB_RESET_PIN,0.0,1,2019-07-21 10:00:00,LOGIN,0.0,11.0,0,2.0
605889,2019-03-18,10,69700000.0,Transfer,Outside_bank,2019-03-18 10:00:00,113246,2019-03-18 10:00:00,CHANGE_PASSWORD,0.0,1,2019-03-18 10:00:00,LOGIN,0.0,0.0,0,2.0
402500,2019-03-23,10,40000000.0,Transfer,Outside_bank,2019-03-23 10:00:00,113666,2019-03-22 14:00:00,MB_SET_PIN,20.0,1,2019-03-23 10:00:00,LOGIN,0.0,2.0,0,2.0
402500,2019-03-22,14,2000000.0,Transfer,Outside_bank,2019-03-22 14:00:00,113673,2019-03-22 14:00:00,MB_SET_PIN,0.0,1,2019-03-22 14:00:00,LOGIN,0.0,0.0,0,2.0
802654,2019-03-23,12,1070000.0,Transfer,Within_bank,2019-03-23 12:00:00,114795,2019-03-22 16:00:00,MB_SET_PIN,20.0,1,2019-03-23 12:00:00,LOGIN,0.49999750001249993,2.0,0,2.0
109561,2019-03-22,23,4480000.0,Transfer,Outside_bank,2019-03-22 23:00:00,115018,2019-03-22 22:00:00,MB_SET_PIN,1.0,1,2019-03-22 23:00:00,LOGIN,0.0,1.0,0,2.0
109561,2019-03-23,15,3500000.0,Transfer,Outside_bank,2019-03-23 15:00:00,115030,2019-03-22 22:00:00,MB_SET_PIN,17.0,1,2019-03-23 15:00:00,LOGIN,0.0,3.0,0,2.0
186641,2019-11-08,18,150000000.0,Transfer,Outside_bank,2019-11-08 18:00:00,115169,2019-11-08 18:00:00,MB_CHANGE_PIN,0.0,1,2019-11-08 18:00:00,LOGIN,0.0052910051510316105,378.0,0,2.0
589520,2019-03-23,10,10000000.0,Transfer,Outside_bank,2019-03-23 10:00:00,115737,2019-03-23 09:00:00,MB_SET_PIN,1.0,1,2019-03-23 10:00:00,LOGIN,0.0,1.0,0,2.0
589520,2019-03-23,9,75000000.0,Transfer,Outside_bank,2019-03-23 09:00:00,115863,2019-03-23 09:00:00,MB_SET_PIN,0.0,1,2019-03-23 09:00:00,LOGIN,0.0,0.0,0,2.0
764386,2019-03-11,16,121600000.0,Transfer,Outside_bank,2019-03-11 16:00:00,116146,2019-03-11 15:00:00,MB_SET_PIN,1.0,1,2019-03-11 16:00:00,LOGIN,0.0,1.0,0,2.0
764386,2019-03-12,8,20000000.0,Transfer,Outside_bank,2019-03-12 08:00:00,116157,2019-03-11 15:00:00,MB_SET_PIN,17.0,1,2019-03-12 08:00:00,LOGIN,0.0,3.0,0,2.0
559859,2019-01-18,14,30000000.0,Transfer,Outside_bank,2019-01-18 14:00:00,116389,2019-01-17 16:00:00,MB_SET_PIN,22.0,1,2019-01-18 14:00:00,LOGIN,0.0,4.0,0,2.0
559859,2019-01-17,16,8200000.0,Transfer,Within_bank,2019-01-17 16:00:00,116472,2019-01-17 16:00:00,MB_SET_PIN,0.0,1,2019-01-17 16:00:00,LOGIN,0.0,2.0,0,2.0
614490,2019-03-01,15,3000000.0,Transfer,Outside_bank,2019-03-01 15:00:00,116519,2019-02-28 16:00:00,CHANGE_PASSWORD,23.0,1,2019-03-01 15:00:00,LOGIN,0.0,9.0,0,2.0
614490,2019-03-01,8,2200000.0,Transfer,Outside_bank,2019-03-01 08:00:00,116581,2019-02-28 16:00:00,CHANGE_PASSWORD,16.0,1,2019-03-01 08:00:00,LOGIN,0.0,5.0,0,2.0
547677,2019-03-18,17,250000000.0,Transfer,Outside_bank,2019-03-18 17:00:00,116632,2019-03-18 16:00:00,MB_SET_PIN,1.0,1,2019-03-18 16:00:00,LOGIN,0.0,0.0,0,2.0
817135,2019-02-28,15,2000000.0,Transfer,Outside_bank,2019-02-28 15:00:00,116732,2019-02-28 15:00:00,MB_SET_PIN,0.0,1,2019-02-28 15:00:00,LOGIN,0.0,0.0,0,2.0
941299,2019-03-13,19,5000000.0,Transfer,Within_bank,2019-03-13 19:00:00,116924,2019-03-13 18:00:00,MB_SET_PIN,1.0,1,2019-03-13 19:00:00,LOGIN,0.0,1.0,0,2.0
690834,2019-03-18,15,1000000.0,Transfer,Outside_bank,2019-03-18 15:00:00,117325,2019-03-18 15:00:00,MB_SET_PIN,0.0,1,2019-03-18 15:00:00,LOGIN,0.0,6.0,0,2.0
204542,2019-05-09,15,5000000.0,Transfer,Within_bank,2019-05-09 15:00:00,117431,2019-05-09 15:00:00,MB_RESET_PIN,0.0,1,2019-05-09 15:00:00,LOGIN,0.0,6.0,0,2.0
691238,2019-10-25,21,1000000.0,Transfer,Within_bank,2019-10-25 21:00:00,117522,2019-10-25 09:00:00,CHANGE_PASSWORD,12.0,1,2019-10-25 21:00:00,LOGIN,0.0,122.0,0,2.0
773088,2019-02-27,11,67400000.0,Payment,Credit_card_repayment,2019-02-27 11:00:00,117579,2019-02-27 11:00:00,MB_SET_PIN,0.0,1,2019-02-27 11:00:00,LOGIN,0.0,0.0,0,2.0
221977,2019-03-20,17,43800000.0,Payment,Credit_card_repayment,2019-03-20 17:00:00,117764,2019-03-20 17:00:00,MB_SET_PIN,0.0,1,2019-03-20 17:00:00,LOGIN,0.0,0.0,0,2.0
210153,2019-03-22,12,5000000.0,Transfer,Outside_bank,2019-03-22 12:00:00,118782,2019-03-22 11:00:00,MB_SET_PIN,1.0,1,2019-03-22 12:00:00,LOGIN,0.0,1.0,0,2.0
418659,2019-03-18,16,6000000.0,Transfer,Outside_bank,2019-03-18 16:00:00,118966,2019-03-18 16:00:00,MB_SET_PIN,0.0,1,2019-03-18 16:00:00,LOGIN,0.0,0.0,0,2.0
418659,2019-03-19,10,13000000.0,Transfer,Within_bank,2019-03-19 10:00:00,119019,2019-03-18 16:00:00,MB_SET_PIN,18.0,1,2019-03-19 10:00:00,LOGIN,0.0,2.0,0,2.0
413994,2019-03-12,17,5000000.0,Transfer,Outside_bank,2019-03-12 17:00:00,119049,2019-03-11 22:00:00,CHANGE_PASSWORD,19.0,1,2019-03-12 17:00:00,LOGIN,0.29629625971651113,81.0,0,2.0
316519,2019-03-22,8,30900000.0,Payment,Credit_card_repayment,2019-03-22 08:00:00,119164,2019-03-21 09:00:00,CHANGE_PASSWORD,23.0,1,2019-03-22 08:00:00,LOGIN,0.0,6.0,0,2.0
316519,2019-03-21,16,45000000.0,Payment,Credit_card_repayment,2019-03-21 16:00:00,119186,2019-03-21 09:00:00,CHANGE_PASSWORD,7.0,1,2019-03-21 16:00:00,LOGIN,0.0,3.0,0,2.0
690017,2019-03-21,19,4800000.0,Transfer,Outside_bank,2019-03-21 19:00:00,119563,2019-03-21 16:00:00,MB_SET_PIN,3.0,1,2019-03-21 19:00:00,LOGIN,0.0,2.0,0,2.0
690017,2019-03-21,17,9250000.0,Transfer,Outside_bank,2019-03-21 17:00:00,119568,2019-03-21 16:00:00,MB_SET_PIN,1.0,1,2019-03-21 17:00:00,LOGIN,0.0,1.0,0,2.0
690017,2019-03-22,16,2000000.0,Transfer,Outside_bank,2019-03-22 16:00:00,119569,2019-03-21 16:00:00,MB_SET_PIN,24.0,1,2019-03-22 16:00:00,LOGIN,0.0,6.0,0,2.0
690017,2019-03-21,16,1050000.0,Transfer,Outside_bank,2019-03-21 16:00:00,119589,2019-03-21 16:00:00,MB_SET_PIN,0.0,1,2019-03-21 16:00:00,LOGIN,0.0,0.0,0,2.0
235197,2019-03-22,7,1400000.0,Transfer,Outside_bank,2019-03-22 07:00:00,120790,2019-03-21 11:00:00,MB_SET_PIN,20.0,1,2019-03-22 07:00:00,LOGIN,0.0,6.0,0,2.0
235197,2019-03-21,17,3000000.0,Transfer,Outside_bank,2019-03-21 17:00:00,120880,2019-03-21 11:00:00,MB_SET_PIN,6.0,1,2019-03-21 17:00:00,LOGIN,0.0,3.0,0,2.0
885134,2019-05-04,21,2001227.0,Payment,Utilities_payment,2019-05-04 21:00:00,121234,2019-03-29 13:00:00,CHANGE_PASSWORD,872.0,0,2019-05-04 21:00:00,LOGIN,0.5135133747261149,37.0,1,2.0
885134,2019-12-15,15,1600000.0,Topup,eWallet,2019-12-15 15:00:00,121252,2019-12-14 19:00:00,CHANGE_PASSWORD,20.0,1,2019-12-15 15:00:00,LOGIN_FINGER,0.48995982951887895,498.0,0,2.0
885134,2019-03-20,16,1000000.0,Topup,eWallet,2019-03-20 16:00:00,121256,2019-03-20 13:00:00,MB_SET_PIN,3.0,1,2019-03-20 14:00:00,LOGIN,0.49999750001249993,2.0,0,2.0
130250,2019-01-29,21,3400000.0,Transfer,Outside_bank,2019-01-29 21:00:00,121629,2019-01-29 13:00:00,MB_SET_PIN,8.0,1,2019-01-29 21:00:00,LOGIN,0.0,1.0,0,2.0
343117,2019-03-05,17,1750000.0,Transfer,Outside_bank,2019-03-05 17:00:00,121767,2019-03-05 08:00:00,CHANGE_PASSWORD,9.0,1,2019-03-05 17:00:00,LOGIN,0.0,21.0,0,2.0
35066,2019-03-06,16,6500000.0,Transfer,Outside_bank,2019-03-06 16:00:00,121878,2019-03-06 15:00:00,CHANGE_PASSWORD,1.0,1,2019-03-06 16:00:00,LOGIN,0.0,2.0,0,2.0
697982,2019-09-04,14,1853000.0,Payment,Utilities_payment,2019-09-04 14:00:00,122129,2019-09-03 23:00:00,CHANGE_PASSWORD,15.0,1,2019-09-04 14:00:00,LOGIN_FINGER,0.4558823194204177,136.0,0,2.0
981540,2019-02-11,15,23000000.0,Transfer,Within_bank,2019-02-11 15:00:00,122457,2019-02-11 15:00:00,MB_SET_PIN,0.0,1,2019-02-11 15:00:00,LOGIN,0.0,0.0,0,2.0
332642,2019-03-12,15,29254000.0,Payment,Credit_card_repayment,2019-03-12 15:00:00,122988,2019-03-12 15:00:00,MB_SET_PIN,0.0,1,2019-03-12 15:00:00,LOGIN,0.0,0.0,0,2.0
591885,2019-03-25,15,40000000.0,Payment,Credit_card_repayment,2019-03-25 15:00:00,124255,2019-03-25 09:00:00,MB_SET_PIN,6.0,1,2019-03-25 14:00:00,LOGIN,0.0,1.0,0,2.0
252685,2019-03-23,10,50000000.0,Transfer,Outside_bank,2019-03-23 10:00:00,124397,2019-03-22 11:00:00,MB_SET_PIN,23.0,1,2019-03-23 09:00:00,LOGIN,0.0,2.0,0,2.0
171107,2019-05-24,7,13370000.0,Transfer,Outside_bank,2019-05-24 07:00:00,124495,2019-05-23 15:00:00,MB_CHANGE_PIN,16.0,1,2019-05-24 07:00:00,LOGIN,0.0,88.0,0,2.0
171107,2019-06-20,14,3500000.0,Transfer,Outside_bank,2019-06-20 14:00:00,124496,2019-06-20 14:00:00,CHANGE_PASSWORD,0.0,1,2019-06-20 14:00:00,LOGIN,0.03448275564803831,116.0,0,2.0
171107,2019-08-28,8,7500000.0,Transfer,Outside_bank,2019-08-28 08:00:00,124603,2019-08-28 08:00:00,MB_RESET_PIN,0.0,1,2019-08-28 08:00:00,LOGIN,0.22660097405906532,203.0,0,2.0
171107,2019-05-23,20,45000000.0,Transfer,Outside_bank,2019-05-23 20:00:00,124662,2019-05-23 15:00:00,MB_CHANGE_PIN,5.0,1,2019-05-23 19:00:00,LOGIN,0.0,87.0,0,2.0
171107,2019-09-03,10,1300000.0,Transfer,Within_bank,2019-09-03 10:00:00,124668,2019-09-03 08:00:00,CHANGE_PASSWORD,2.0,1,2019-09-03 10:00:00,LOGIN_FACEID,0.23113206456924223,212.0,0,2.0
171107,2019-06-20,16,1080000.0,Transfer,Outside_bank,2019-06-20 16:00:00,124693,2019-06-20 14:00:00,CHANGE_PASSWORD,2.0,1,2019-06-20 16:00:00,LOGIN,0.04237287776501036,118.0,0,2.0
927249,2019-03-20,11,13200000.0,Transfer,Outside_bank,2019-03-20 11:00:00,125155,2019-03-19 13:00:00,CHANGE_PASSWORD,22.0,1,2019-03-20 10:00:00,LOGIN,0.0,4.0,0,2.0
927249,2019-03-20,13,8800000.0,Transfer,Outside_bank,2019-03-20 13:00:00,125159,2019-03-19 13:00:00,CHANGE_PASSWORD,24.0,1,2019-03-20 13:00:00,LOGIN,0.0,5.0,0,2.0
927249,2019-03-20,10,5000000.0,Transfer,Outside_bank,2019-03-20 10:00:00,125160,2019-03-19 13:00:00,CHANGE_PASSWORD,21.0,1,2019-03-20 10:00:00,LOGIN,0.0,4.0,0,2.0
927249,2019-03-19,15,4500000.0,Transfer,Outside_bank,2019-03-19 15:00:00,125164,2019-03-19 13:00:00,CHANGE_PASSWORD,2.0,1,2019-03-19 15:00:00,LOGIN,0.0,3.0,0,2.0
850134,2019-03-08,23,2000000.0,Transfer,Outside_bank,2019-03-08 23:00:00,125979,2019-03-08 23:00:00,MB_SET_PIN,0.0,1,2019-03-08 23:00:00,LOGIN,0.0,0.0,0,2.0
68,2019-08-16,13,10530000.0,Transfer,Outside_bank,2019-08-16 13:00:00,126311,2019-08-16 02:00:00,CHANGE_PASSWORD,11.0,1,2019-08-16 13:00:00,LOGIN,0.0,54.0,0,2.0
68,2019-08-26,21,13602000.0,Transfer,Outside_bank,2019-08-26 21:00:00,126377,2019-08-26 18:00:00,CHANGE_PASSWORD,3.0,1,2019-08-26 21:00:00,LOGIN,0.0,86.0,0,2.0
68,2019-08-27,16,5618000.0,Transfer,Outside_bank,2019-08-27 16:00:00,126378,2019-08-26 18:00:00,CHANGE_PASSWORD,22.0,1,2019-08-27 16:00:00,LOGIN,0.0,87.0,0,2.0
68,2019-08-16,10,3112000.0,Transfer,Outside_bank,2019-08-16 10:00:00,126404,2019-08-16 02:00:00,CHANGE_PASSWORD,8.0,1,2019-08-16 10:00:00,LOGIN,0.0,52.0,0,2.0
243340,2019-03-20,8,1500000.0,Transfer,Outside_bank,2019-03-20 08:00:00,126620,2019-03-19 14:00:00,MB_SET_PIN,18.0,1,2019-03-20 08:00:00,LOGIN,0.0,2.0,0,2.0
430773,2019-02-15,15,2000000.0,Transfer,Outside_bank,2019-02-15 15:00:00,126897,2019-02-15 15:00:00,MB_SET_PIN,0.0,1,2019-02-15 15:00:00,LOGIN,0.0,0.0,0,2.0
610260,2019-01-12,10,500000000.0,Transfer,Within_bank,2019-01-12 10:00:00,127381,2019-01-12 10:00:00,CHANGE_PASSWORD,0.0,1,2019-01-12 10:00:00,LOGIN,0.0,1.0,0,2.0
881704,2019-03-07,10,58000000.0,Transfer,Outside_bank,2019-03-07 10:00:00,127894,2019-03-07 10:00:00,MB_RESET_PIN,0.0,1,2019-03-07 10:00:00,LOGIN,0.0,1.0,0,2.0
881704,2019-03-06,11,234000000.0,Transfer,Outside_bank,2019-03-06 11:00:00,127916,2019-03-06 11:00:00,MB_SET_PIN,0.0,1,2019-03-06 11:00:00,LOGIN,0.0,0.0,0,2.0
773190,2019-08-12,16,1300000.0,Transfer,Outside_bank,2019-08-12 16:00:00,128061,2019-08-11 20:00:00,MB_CHANGE_PIN,20.0,1,2019-08-12 16:00:00,LOGIN_FINGER,0.4865248157939743,705.0,0,2.0
773190,2019-03-20,17,4500000.0,Transfer,Outside_bank,2019-03-20 17:00:00,128082,2019-03-20 13:00:00,MB_SET_PIN,4.0,1,2019-03-20 17:00:00,LOGIN,0.3333322222259259,3.0,0,2.0
773190,2019-08-12,14,1025000.0,Transfer,Outside_bank,2019-08-12 14:00:00,128464,2019-08-11 20:00:00,MB_CHANGE_PIN,18.0,1,2019-08-12 14:00:00,LOGIN,0.48717948023960855,702.0,0,2.0
773190,2019-08-11,21,1000000.0,Transfer,Outside_bank,2019-08-11 21:00:00,128465,2019-08-11 20:00:00,MB_CHANGE_PIN,1.0,1,2019-08-11 21:00:00,LOGIN,0.4868420981455834,684.0,0,2.0
773190,2019-06-04,17,2950000.0,Transfer,Outside_bank,2019-06-04 17:00:00,128504,2019-06-04 17:00:00,MB_RESET_PIN,0.0,1,2019-06-04 17:00:00,LOGIN,0.4876847170521006,406.0,0,2.0
841336,2019-03-05,15,2300000.0,Transfer,Outside_bank,2019-03-05 15:00:00,129040,2019-03-05 15:00:00,MB_SET_PIN,0.0,1,2019-03-05 15:00:00,LOGIN,0.9999900000999989,1.0,0,2.0
325357,2019-02-28,16,10000000.0,Transfer,Outside_bank,2019-02-28 16:00:00,129095,2019-02-28 16:00:00,MB_SET_PIN,0.0,1,2019-02-28 16:00:00,LOGIN,0.0,0.0,0,2.0
129340,2019-09-21,8,30000000.0,Transfer,Within_bank,2019-09-21 08:00:00,129731,2019-02-25 11:00:00,MB_SET_PIN,4989.0,0,2019-09-21 08:00:00,LOGIN,0.5072463032976372,69.0,1,2.0
129340,2019-03-02,13,1600000.0,Transfer,Outside_bank,2019-03-02 13:00:00,129742,2019-02-25 11:00:00,MB_SET_PIN,122.0,0,2019-03-02 13:00:00,LOGIN,0.51724120095131,29.0,1,2.0
129340,2019-05-23,21,1000000.0,Transfer,Outside_bank,2019-05-23 21:00:00,129749,2019-02-25 11:00:00,MB_SET_PIN,2098.0,0,2019-05-23 20:00:00,LOGIN,0.5081966380005511,61.0,1,2.0
246881,2019-03-26,15,45050000.0,Payment,Credit_card_repayment,2019-03-26 15:00:00,130061,2019-03-26 08:00:00,MB_SET_PIN,7.0,1,2019-03-26 15:00:00,LOGIN,0.0,7.0,0,2.0
105267,2019-03-26,8,50000000.0,Transfer,Outside_bank,2019-03-26 08:00:00,130942,2019-03-25 15:00:00,MB_SET_PIN,17.0,1,2019-03-26 08:00:00,LOGIN_FACEID,0.33333277777870374,6.0,0,2.0
416611,2019-10-16,9,50000000.0,Transfer,Within_bank,2019-10-16 09:00:00,131089,2019-10-16 09:00:00,MB_CHANGE_PIN,0.0,1,2019-10-16 09:00:00,LOGIN,0.3636363400236143,154.0,0,2.0
129216,2019-09-04,16,3500000.0,Transfer,Within_bank,2019-09-04 16:00:00,131253,2019-09-04 09:00:00,CHANGE_PASSWORD,7.0,1,2019-09-04 16:00:00,LOGIN,0.0,104.0,0,2.0
710124,2019-10-11,8,2524000.0,Transfer,Outside_bank,2019-10-11 08:00:00,131874,2019-10-10 18:00:00,MB_CHANGE_PIN,14.0,1,2019-10-11 08:00:00,LOGIN,0.29487178227043664,234.0,0,2.0
710124,2019-12-16,21,1140000.0,Transfer,Outside_bank,2019-12-16 21:00:00,131936,2019-12-16 20:00:00,MB_RESET_PIN,1.0,1,2019-12-16 21:00:00,LOGIN,0.2661596856973504,263.0,0,2.0
710124,2019-10-11,14,3000000.0,Transfer,Outside_bank,2019-10-11 14:00:00,131968,2019-10-10 18:00:00,MB_CHANGE_PIN,20.0,1,2019-10-11 14:00:00,LOGIN,0.29361700878225494,235.0,0,2.0
482923,2019-03-27,10,250000000.0,Transfer,Outside_bank,2019-03-27 10:00:00,131974,2019-03-27 10:00:00,CHANGE_PASSWORD,0.0,1,2019-03-27 10:00:00,LOGIN,0.0,1.0,0,2.0
482923,2019-03-28,7,250000000.0,Transfer,Outside_bank,2019-03-28 07:00:00,131983,2019-03-27 10:00:00,CHANGE_PASSWORD,21.0,1,2019-03-28 07:00:00,LOGIN_FINGER,0.11111098765445816,9.0,0,2.0
33761,2019-03-27,12,1000000.0,Transfer,Outside_bank,2019-03-27 12:00:00,132357,2019-03-27 07:00:00,MB_SET_PIN,5.0,1,2019-03-27 12:00:00,LOGIN,0.0,1.0,0,2.0
33761,2019-03-27,7,1000000.0,Transfer,Outside_bank,2019-03-27 07:00:00,132363,2019-03-27 07:00:00,MB_SET_PIN,0.0,1,2019-03-27 07:00:00,LOGIN,0.0,0.0,0,2.0
736459,2019-04-08,16,3000000.0,Transfer,Outside_bank,2019-04-08 16:00:00,132417,2019-04-08 15:00:00,MB_RESET_PIN,1.0,1,2019-04-08 15:00:00,LOGIN,0.23404250339521201,47.0,0,2.0
498401,2019-01-25,10,5000000.0,Transfer,Outside_bank,2019-01-25 10:00:00,132517,2019-01-25 10:00:00,MB_SET_PIN,0.0,1,2019-01-25 10:00:00,LOGIN,0.0,1.0,0,2.0
999149,2019-12-22,14,1520000.0,Transfer,Outside_bank,2019-12-22 14:00:00,133012,2019-12-22 10:00:00,MB_RESET_PIN,4.0,1,2019-12-22 14:00:00,LOGIN_FINGER,0.4852320572735853,474.0,0,2.0
572498,2019-12-16,13,2600000.0,Transfer,Outside_bank,2019-12-16 13:00:00,133224,2019-12-16 13:00:00,MB_RESET_PIN,0.0,1,2019-12-16 13:00:00,LOGIN,0.4902912383353768,206.0,0,2.0
409781,2019-03-21,10,50000000.0,Transfer,Outside_bank,2019-03-21 10:00:00,133232,2019-03-21 10:00:00,MB_SET_PIN,0.0,1,2019-03-21 10:00:00,LOGIN,0.0,0.0,0,2.0
409781,2019-03-22,6,50000000.0,Transfer,Outside_bank,2019-03-22 06:00:00,133244,2019-03-21 10:00:00,MB_SET_PIN,20.0,1,2019-03-22 06:00:00,LOGIN,0.0,2.0,0,2.0
464646,2019-03-19,8,30000000.0,Transfer,Outside_bank,2019-03-19 08:00:00,133258,2019-03-18 10:00:00,CHANGE_PASSWORD,22.0,1,2019-03-19 08:00:00,LOGIN,0.0,3.0,0,2.0
467445,2019-03-20,9,250000000.0,Transfer,Outside_bank,2019-03-20 09:00:00,134097,2019-03-19 09:00:00,MB_SET_PIN,24.0,1,2019-03-20 09:00:00,LOGIN,0.0,2.0,0,2.0
