CUSTOMER_NUMBER,TRANS_DATE,TRANS_HOUR,TRANS_AMOUNT,TRANS_LV1,TRANS_LV2,Merchant_ID_Masked,ts_dt,tx_id,is_high_risk_cat,cum_cat_count,cum_tx_count,IS_FIRST_TIME_HIGH_RISK_CAT,IS_FIRST_TIME_HIGH_RISK_HIGH_VAL,MERCHANT_TOTAL_DISTINCT_CUSTOMERS,MERCHANT_TOTAL_TRANS_COUNT,MERCHANT_TOTAL_AMOUNT,risk_score
471,2019-08-05,10,50000000.0,Transfer,Outside_bank,BANK_TRANSFER_GATEWAY,2019-08-05 10:00:00,989770,1,0,3,1,1,46204,989006,10890308817423.29,2.5
1149,2019-08-20,12,75000000.0,Transfer,Outside_bank,BANK_TRANSFER_GATEWAY,2019-08-20 12:00:00,561798,1,0,45,1,1,46204,989006,10890308817423.29,2.5
2938,2019-11-28,15,230000000.0,Transfer,Outside_bank,BANK_TRANSFER_GATEWAY,2019-11-28 15:00:00,1149899,1,0,27,1,1,46204,989006,10890308817423.29,2.5
3093,2019-12-15,19,100000000.0,Transfer,Outside_bank,BANK_TRANSFER_GATEWAY,2019-12-15 19:00:00,1328130,1,0,1,1,1,46204,989006,10890308817423.29,2.5
5757,2019-11-30,10,50000000.0,Transfer,Outside_bank,BANK_TRANSFER_GATEWAY,2019-11-30 10:00:00,1148915,1,0,2,1,1,46204,989006,10890308817423.29,2.5
5972,2019-08-28,20,56200000.0,Transfer,Outside_bank,BANK_TRANSFER_GATEWAY,2019-08-28 20:00:00,441803,1,0,42,1,1,46204,989006,10890308817423.29,2.5
6109,2019-07-05,10,50000000.0,Transfer,Outside_bank,BANK_TRANSFER_GATEWAY,2019-07-05 10:00:00,860888,1,0,1,1,1,46204,989006,10890308817423.29,2.5
9528,2019-09-23,8,200000000.0,Transfer,Outside_bank,BANK_TRANSFER_GATEWAY,2019-09-23 08:00:00,1030181,1,0,1,1,1,46204,989006,10890308817423.29,2.5
10276,2019-02-28,20,50000000.0,Transfer,Outside_bank,BANK_TRANSFER_GATEWAY,2019-02-28 20:00:00,119681,1,0,4,1,1,46204,989006,10890308817423.29,2.5
11901,2019-10-25,16,42600000.0,Transfer,Outside_bank,BANK_TRANSFER_GATEWAY,2019-10-25 16:00:00,1071649,1,0,9,1,1,46204,989006,10890308817423.29,2.5
12567,2019-11-11,15,50000000.0,Transfer,Outside_bank,BANK_TRANSFER_GATEWAY,2019-11-11 15:00:00,1406224,1,0,1,1,1,46204,989006,10890308817423.29,2.5
12726,2019-12-12,9,50000000.0,Transfer,Outside_bank,BANK_TRANSFER_GATEWAY,2019-12-12 09:00:00,1357048,1,0,2,1,1,46204,989006,10890308817423.29,2.5
12995,2019-06-06,20,50000000.0,Transfer,Outside_bank,BANK_TRANSFER_GATEWAY,2019-06-06 20:00:00,630990,1,0,2,1,1,46204,989006,10890308817423.29,2.5
15953,2019-12-03,15,47000000.0,Transfer,Outside_bank,BANK_TRANSFER_GATEWAY,2019-12-03 15:00:00,1383518,1,0,2,1,1,46204,989006,10890308817423.29,2.5
16739,2019-11-20,16,46400000.0,Transfer,Outside_bank,BANK_TRANSFER_GATEWAY,2019-11-20 16:00:00,1398296,1,0,1,1,1,46204,989006,10890308817423.29,2.5
17423,2019-07-27,20,50000000.0,Transfer,Outside_bank,BANK_TRANSFER_GATEWAY,2019-07-27 20:00:00,641060,1,0,7,1,1,46204,989006,10890308817423.29,2.5
18315,2019-10-01,10,140000000.0,Transfer,Outside_bank,BANK_TRANSFER_GATEWAY,2019-10-01 10:00:00,1358378,1,0,3,1,1,46204,989006,10890308817423.29,2.5
23132,2019-12-19,8,111137500.0,Transfer,Outside_bank,BANK_TRANSFER_GATEWAY,2019-12-19 08:00:00,1348911,1,0,2,1,1,46204,989006,10890308817423.29,2.5
23397,2019-07-25,13,900000000.0,Transfer,Outside_bank,BANK_TRANSFER_GATEWAY,2019-07-25 13:00:00,739096,1,0,9,1,1,46204,989006,10890308817423.29,2.5
23641,2019-06-27,13,50000000.0,Transfer,Outside_bank,BANK_TRANSFER_GATEWAY,2019-06-27 13:00:00,1404371,1,0,1,1,1,46204,989006,10890308817423.29,2.5
23883,2019-12-28,10,48000000.0,Transfer,Outside_bank,BANK_TRANSFER_GATEWAY,2019-12-28 10:00:00,1348857,1,0,2,1,1,46204,989006,10890308817423.29,2.5
24582,2019-08-28,21,38000000.0,Transfer,Outside_bank,BANK_TRANSFER_GATEWAY,2019-08-28 21:00:00,1387423,1,0,1,1,1,46204,989006,10890308817423.29,2.5
26161,2019-09-06,9,151000000.0,Transfer,Outside_bank,BANK_TRANSFER_GATEWAY,2019-09-06 09:00:00,986554,1,0,1,1,1,46204,989006,10890308817423.29,2.5
26752,2019-10-25,18,45400000.0,Transfer,Outside_bank,BANK_TRANSFER_GATEWAY,2019-10-25 18:00:00,1162668,1,0,2,1,1,46204,989006,10890308817423.29,2.5
30783,2019-09-11,16,273910000.0,Transfer,Outside_bank,BANK_TRANSFER_GATEWAY,2019-09-11 16:00:00,994321,1,0,2,1,1,46204,989006,10890308817423.29,2.5
31754,2019-10-07,14,200000000.0,Transfer,Outside_bank,BANK_TRANSFER_GATEWAY,2019-10-07 14:00:00,1403807,1,0,5,1,1,46204,989006,10890308817423.29,2.5
34146,2019-10-09,9,39000000.0,Transfer,Outside_bank,BANK_TRANSFER_GATEWAY,2019-10-09 09:00:00,1090574,1,0,3,1,1,46204,989006,10890308817423.29,2.5
36154,2019-09-27,9,50350000.0,Transfer,Outside_bank,BANK_TRANSFER_GATEWAY,2019-09-27 09:00:00,1254299,1,0,6,1,1,46204,989006,10890308817423.29,2.5
37036,2019-03-15,22,49000000.0,Transfer,Outside_bank,BANK_TRANSFER_GATEWAY,2019-03-15 22:00:00,107070,1,0,1,1,1,46204,989006,10890308817423.29,2.5
37315,2019-11-07,23,50000000.0,Transfer,Outside_bank,BANK_TRANSFER_GATEWAY,2019-11-07 23:00:00,1212279,1,0,1,1,1,46204,989006,10890308817423.29,2.5
38158,2019-03-22,17,50000000.0,Transfer,Outside_bank,BANK_TRANSFER_GATEWAY,2019-03-22 17:00:00,1345393,1,0,2,1,1,46204,989006,10890308817423.29,2.5
45822,2019-11-05,15,100000000.0,Transfer,Outside_bank,BANK_TRANSFER_GATEWAY,2019-11-05 15:00:00,1230769,1,0,3,1,1,46204,989006,10890308817423.29,2.5
47167,2019-05-08,11,50000000.0,Transfer,Outside_bank,BANK_TRANSFER_GATEWAY,2019-05-08 11:00:00,304648,1,0,1,1,1,46204,989006,10890308817423.29,2.5
49758,2019-09-24,13,160000000.0,Transfer,Outside_bank,BANK_TRANSFER_GATEWAY,2019-09-24 13:00:00,1359465,1,0,1,1,1,46204,989006,10890308817423.29,2.5
49924,2019-06-20,15,200000000.0,Transfer,Outside_bank,BANK_TRANSFER_GATEWAY,2019-06-20 15:00:00,1413714,1,0,1,1,1,46204,989006,10890308817423.29,2.5
50769,2019-12-10,9,500000000.0,Transfer,Outside_bank,BANK_TRANSFER_GATEWAY,2019-12-10 09:00:00,1016038,1,0,5,1,1,46204,989006,10890308817423.29,2.5
51805,2019-10-08,20,49520000.0,Transfer,Outside_bank,BANK_TRANSFER_GATEWAY,2019-10-08 20:00:00,1092942,1,0,1,1,1,46204,989006,10890308817423.29,2.5
52428,2019-11-01,16,160000000.0,Transfer,Outside_bank,BANK_TRANSFER_GATEWAY,2019-11-01 16:00:00,1242715,1,0,1,1,1,46204,989006,10890308817423.29,2.5
58361,2019-02-20,11,84306000.0,Transfer,Outside_bank,BANK_TRANSFER_GATEWAY,2019-02-20 11:00:00,249467,1,0,2,1,1,46204,989006,10890308817423.29,2.5
60866,2019-09-07,18,50000000.0,Transfer,Outside_bank,BANK_TRANSFER_GATEWAY,2019-09-07 18:00:00,951117,1,0,1,1,1,46204,989006,10890308817423.29,2.5
61369,2019-11-26,14,50000000.0,Transfer,Outside_bank,BANK_TRANSFER_GATEWAY,2019-11-26 14:00:00,1282480,1,0,2,1,1,46204,989006,10890308817423.29,2.5
61384,2019-11-14,11,50000000.0,Transfer,Outside_bank,BANK_TRANSFER_GATEWAY,2019-11-14 11:00:00,1405204,1,0,1,1,1,46204,989006,10890308817423.29,2.5
61561,2019-04-27,9,80000000.0,Transfer,Outside_bank,BANK_TRANSFER_GATEWAY,2019-04-27 09:00:00,1328324,1,0,1,1,1,46204,989006,10890308817423.29,2.5
61750,2019-08-22,17,700000000.0,Transfer,Outside_bank,BANK_TRANSFER_GATEWAY,2019-08-22 17:00:00,762587,1,0,14,1,1,46204,989006,10890308817423.29,2.5
62730,2019-08-15,11,50000000.0,Transfer,Outside_bank,BANK_TRANSFER_GATEWAY,2019-08-15 11:00:00,1048573,1,0,1,1,1,46204,989006,10890308817423.29,2.5
64350,2019-07-03,11,38300000.0,Transfer,Outside_bank,BANK_TRANSFER_GATEWAY,2019-07-03 11:00:00,786920,1,0,1,1,1,46204,989006,10890308817423.29,2.5
65439,2019-06-21,9,50000000.0,Transfer,Outside_bank,BANK_TRANSFER_GATEWAY,2019-06-21 09:00:00,629010,1,0,4,1,1,46204,989006,10890308817423.29,2.5
65562,2019-05-31,10,49206000.0,Transfer,Outside_bank,BANK_TRANSFER_GATEWAY,2019-05-31 10:00:00,88495,1,0,3,1,1,46204,989006,10890308817423.29,2.5
71014,2019-04-17,1,50000000.0,Transfer,Outside_bank,BANK_TRANSFER_GATEWAY,2019-04-17 01:00:00,186536,1,0,23,1,1,46204,989006,10890308817423.29,2.5
74237,2019-11-20,16,510013503.0,Transfer,Outside_bank,BANK_TRANSFER_GATEWAY,2019-11-20 16:00:00,1311897,1,0,1,1,1,46204,989006,10890308817423.29,2.5
77527,2019-05-28,10,236250000.0,Transfer,Outside_bank,BANK_TRANSFER_GATEWAY,2019-05-28 10:00:00,401042,1,0,2,1,1,46204,989006,10890308817423.29,2.5
81225,2019-08-20,15,120000000.0,Transfer,Outside_bank,BANK_TRANSFER_GATEWAY,2019-08-20 15:00:00,937690,1,0,1,1,1,46204,989006,10890308817423.29,2.5
86219,2019-07-19,10,50000000.0,Transfer,Outside_bank,BANK_TRANSFER_GATEWAY,2019-07-19 10:00:00,1263246,1,0,1,1,1,46204,989006,10890308817423.29,2.5
87888,2019-12-16,9,50000000.0,Transfer,Outside_bank,BANK_TRANSFER_GATEWAY,2019-12-16 09:00:00,1358358,1,0,2,1,1,46204,989006,10890308817423.29,2.5
88168,2019-08-29,8,40000000.0,Transfer,Outside_bank,BANK_TRANSFER_GATEWAY,2019-08-29 08:00:00,1374034,1,0,1,1,1,46204,989006,10890308817423.29,2.5
90518,2019-07-27,11,57900000.0,Transfer,Outside_bank,BANK_TRANSFER_GATEWAY,2019-07-27 11:00:00,759919,1,0,1,1,1,46204,989006,10890308817423.29,2.5
91537,2019-11-19,9,400000000.0,Transfer,Outside_bank,BANK_TRANSFER_GATEWAY,2019-11-19 09:00:00,1259557,1,0,3,1,1,46204,989006,10890308817423.29,2.5
92143,2019-07-09,12,49800000.0,Transfer,Outside_bank,BANK_TRANSFER_GATEWAY,2019-07-09 12:00:00,864898,1,0,2,1,1,46204,989006,10890308817423.29,2.5
92610,2019-01-12,10,50000000.0,Transfer,Outside_bank,BANK_TRANSFER_GATEWAY,2019-01-12 10:00:00,4553,1,0,1,1,1,46204,989006,10890308817423.29,2.5
93521,2019-11-07,19,50000000.0,Transfer,Outside_bank,BANK_TRANSFER_GATEWAY,2019-11-07 19:00:00,1165079,1,0,1,1,1,46204,989006,10890308817423.29,2.5
94956,2019-12-18,9,41000000.0,Transfer,Outside_bank,BANK_TRANSFER_GATEWAY,2019-12-18 09:00:00,1384903,1,0,2,1,1,46204,989006,10890308817423.29,2.5
95318,2019-11-19,10,70000000.0,Transfer,Outside_bank,BANK_TRANSFER_GATEWAY,2019-11-19 10:00:00,1385480,1,0,2,1,1,46204,989006,10890308817423.29,2.5
95961,2019-05-10,17,50000000.0,Transfer,Outside_bank,BANK_TRANSFER_GATEWAY,2019-05-10 17:00:00,277219,1,0,7,1,1,46204,989006,10890308817423.29,2.5
96398,2019-11-26,11,164900000.0,Transfer,Outside_bank,BANK_TRANSFER_GATEWAY,2019-11-26 11:00:00,1348322,1,0,1,1,1,46204,989006,10890308817423.29,2.5
96992,2019-02-01,14,39950000.0,Transfer,Outside_bank,BANK_TRANSFER_GATEWAY,2019-02-01 14:00:00,32734,1,0,1,1,1,46204,989006,10890308817423.29,2.5
98567,2019-07-31,21,42000027.0,Transfer,Outside_bank,BANK_TRANSFER_GATEWAY,2019-07-31 21:00:00,848286,1,0,1,1,1,46204,989006,10890308817423.29,2.5
104104,2019-11-09,13,100000000.0,Transfer,Outside_bank,BANK_TRANSFER_GATEWAY,2019-11-09 13:00:00,1411408,1,0,1,1,1,46204,989006,10890308817423.29,2.5
104657,2019-07-19,15,50000000.0,Transfer,Outside_bank,BANK_TRANSFER_GATEWAY,2019-07-19 15:00:00,974571,1,0,8,1,1,46204,989006,10890308817423.29,2.5
105657,2019-08-14,8,50000000.0,Transfer,Outside_bank,BANK_TRANSFER_GATEWAY,2019-08-14 08:00:00,915891,1,0,4,1,1,46204,989006,10890308817423.29,2.5
112930,2019-10-29,0,50000000.0,Transfer,Outside_bank,BANK_TRANSFER_GATEWAY,2019-10-29 00:00:00,1411589,1,0,1,1,1,46204,989006,10890308817423.29,2.5
113132,2019-10-17,15,50000000.0,Transfer,Outside_bank,BANK_TRANSFER_GATEWAY,2019-10-17 15:00:00,1366595,1,0,1,1,1,46204,989006,10890308817423.29,2.5
114245,2019-09-07,12,50000000.0,Transfer,Outside_bank,BANK_TRANSFER_GATEWAY,2019-09-07 12:00:00,1100459,1,0,1,1,1,46204,989006,10890308817423.29,2.5
114902,2019-01-25,11,53710000.0,Transfer,Outside_bank,BANK_TRANSFER_GATEWAY,2019-01-25 11:00:00,567127,1,0,1,1,1,46204,989006,10890308817423.29,2.5
115473,2019-12-03,15,48000000.0,Transfer,Outside_bank,BANK_TRANSFER_GATEWAY,2019-12-03 15:00:00,251423,1,0,2,1,1,46204,989006,10890308817423.29,2.5
116468,2019-03-08,9,50000000.0,Transfer,Outside_bank,BANK_TRANSFER_GATEWAY,2019-03-08 09:00:00,292589,1,0,2,1,1,46204,989006,10890308817423.29,2.5
116468,2019-05-09,14,40000000.0,Topup,eWallet,MOMO_WALLET,2019-05-09 14:00:00,292567,1,0,16,1,1,9482,42563,14629638383.0,2.5
119116,2019-10-28,21,50000000.0,Transfer,Outside_bank,BANK_TRANSFER_GATEWAY,2019-10-28 21:00:00,1367563,1,0,2,1,1,46204,989006,10890308817423.29,2.5
121948,2019-10-14,16,50000000.0,Transfer,Outside_bank,BANK_TRANSFER_GATEWAY,2019-10-14 16:00:00,1395031,1,0,1,1,1,46204,989006,10890308817423.29,2.5
122306,2019-12-13,14,50000000.0,Transfer,Outside_bank,BANK_TRANSFER_GATEWAY,2019-12-13 14:00:00,1152607,1,0,10,1,1,46204,989006,10890308817423.29,2.5
123839,2019-11-14,19,50000000.0,Transfer,Outside_bank,BANK_TRANSFER_GATEWAY,2019-11-14 19:00:00,1374134,1,0,1,1,1,46204,989006,10890308817423.29,2.5
126134,2019-05-31,10,49178000.0,Transfer,Outside_bank,BANK_TRANSFER_GATEWAY,2019-05-31 10:00:00,1345785,1,0,2,1,1,46204,989006,10890308817423.29,2.5
126662,2019-12-25,19,100000000.0,Transfer,Outside_bank,BANK_TRANSFER_GATEWAY,2019-12-25 19:00:00,1341341,1,0,1,1,1,46204,989006,10890308817423.29,2.5
127537,2019-12-19,15,200000000.0,Transfer,Outside_bank,BANK_TRANSFER_GATEWAY,2019-12-19 15:00:00,1405404,1,0,1,1,1,46204,989006,10890308817423.29,2.5
129100,2019-10-28,22,95000000.0,Transfer,Outside_bank,BANK_TRANSFER_GATEWAY,2019-10-28 22:00:00,1163455,1,0,6,1,1,46204,989006,10890308817423.29,2.5
129105,2019-11-20,9,40000000.0,Transfer,Outside_bank,BANK_TRANSFER_GATEWAY,2019-11-20 09:00:00,1309392,1,0,1,1,1,46204,989006,10890308817423.29,2.5
131968,2019-12-09,13,50000000.0,Transfer,Outside_bank,BANK_TRANSFER_GATEWAY,2019-12-09 13:00:00,1361850,1,0,5,1,1,46204,989006,10890308817423.29,2.5
133155,2019-12-29,15,94340000.0,Transfer,Outside_bank,BANK_TRANSFER_GATEWAY,2019-12-29 15:00:00,1332603,1,0,3,1,1,46204,989006,10890308817423.29,2.5
133360,2019-10-25,14,49500000.0,Transfer,Outside_bank,BANK_TRANSFER_GATEWAY,2019-10-25 14:00:00,1406267,1,0,3,1,1,46204,989006,10890308817423.29,2.5
133892,2019-12-03,12,41000000.0,Transfer,Outside_bank,BANK_TRANSFER_GATEWAY,2019-12-03 12:00:00,1387611,1,0,1,1,1,46204,989006,10890308817423.29,2.5
137118,2019-10-10,22,50000000.0,Transfer,Outside_bank,BANK_TRANSFER_GATEWAY,2019-10-10 22:00:00,1274909,1,0,1,1,1,46204,989006,10890308817423.29,2.5
137856,2019-09-20,10,695000000.0,Transfer,Outside_bank,BANK_TRANSFER_GATEWAY,2019-09-20 10:00:00,542868,1,0,25,1,1,46204,989006,10890308817423.29,2.5
138073,2019-12-26,13,50000000.0,Transfer,Outside_bank,BANK_TRANSFER_GATEWAY,2019-12-26 13:00:00,1401201,1,0,5,1,1,46204,989006,10890308817423.29,2.5
145064,2019-10-31,9,49160000.0,Transfer,Outside_bank,BANK_TRANSFER_GATEWAY,2019-10-31 09:00:00,1313976,1,0,1,1,1,46204,989006,10890308817423.29,2.5
145316,2019-08-09,14,300000000.0,Transfer,Outside_bank,BANK_TRANSFER_GATEWAY,2019-08-09 14:00:00,943244,1,0,2,1,1,46204,989006,10890308817423.29,2.5
145439,2019-08-01,15,200000000.0,Transfer,Outside_bank,BANK_TRANSFER_GATEWAY,2019-08-01 15:00:00,702934,1,0,2,1,1,46204,989006,10890308817423.29,2.5
146044,2019-10-07,14,50000000.0,Transfer,Outside_bank,BANK_TRANSFER_GATEWAY,2019-10-07 14:00:00,1227539,1,0,2,1,1,46204,989006,10890308817423.29,2.5
146239,2019-10-16,9,50000000.0,Transfer,Outside_bank,BANK_TRANSFER_GATEWAY,2019-10-16 09:00:00,1353014,1,0,1,1,1,46204,989006,10890308817423.29,2.5
146362,2019-10-27,16,46000000.0,Transfer,Outside_bank,BANK_TRANSFER_GATEWAY,2019-10-27 16:00:00,1348452,1,0,5,1,1,46204,989006,10890308817423.29,2.5
147164,2019-04-24,8,117359000.0,Transfer,Outside_bank,BANK_TRANSFER_GATEWAY,2019-04-24 08:00:00,234094,1,0,1,1,1,46204,989006,10890308817423.29,2.5
148160,2019-06-13,0,50000000.0,Transfer,Outside_bank,BANK_TRANSFER_GATEWAY,2019-06-13 00:00:00,532790,1,0,2,1,1,46204,989006,10890308817423.29,2.5
149076,2019-09-06,8,50000000.0,Transfer,Outside_bank,BANK_TRANSFER_GATEWAY,2019-09-06 08:00:00,954954,1,0,1,1,1,46204,989006,10890308817423.29,2.5
149919,2019-03-25,12,50000000.0,Transfer,Outside_bank,BANK_TRANSFER_GATEWAY,2019-03-25 12:00:00,123207,1,0,2,1,1,46204,989006,10890308817423.29,2.5
149949,2019-04-18,10,44000000.0,Transfer,Outside_bank,BANK_TRANSFER_GATEWAY,2019-04-18 10:00:00,1390474,1,0,1,1,1,46204,989006,10890308817423.29,2.5
150533,2019-08-20,11,70000000.0,Transfer,Outside_bank,BANK_TRANSFER_GATEWAY,2019-08-20 11:00:00,1406130,1,0,2,1,1,46204,989006,10890308817423.29,2.5
153446,2019-07-22,16,50000000.0,Transfer,Outside_bank,BANK_TRANSFER_GATEWAY,2019-07-22 16:00:00,449071,1,0,45,1,1,46204,989006,10890308817423.29,2.5
153715,2019-10-17,20,75000000.0,Transfer,Outside_bank,BANK_TRANSFER_GATEWAY,2019-10-17 20:00:00,956501,1,0,1,1,1,46204,989006,10890308817423.29,2.5
154218,2019-05-31,10,49130200.0,Transfer,Outside_bank,BANK_TRANSFER_GATEWAY,2019-05-31 10:00:00,456595,1,0,3,1,1,46204,989006,10890308817423.29,2.5
154664,2019-12-28,10,45000000.0,Transfer,Outside_bank,BANK_TRANSFER_GATEWAY,2019-12-28 10:00:00,1388692,1,0,1,1,1,46204,989006,10890308817423.29,2.5
155117,2019-08-27,8,57700000.0,Transfer,Outside_bank,BANK_TRANSFER_GATEWAY,2019-08-27 08:00:00,630845,1,0,22,1,1,46204,989006,10890308817423.29,2.5
156771,2019-10-16,11,50000000.0,Transfer,Outside_bank,BANK_TRANSFER_GATEWAY,2019-10-16 11:00:00,1167584,1,0,3,1,1,46204,989006,10890308817423.29,2.5
161731,2019-12-16,14,50000000.0,Transfer,Outside_bank,BANK_TRANSFER_GATEWAY,2019-12-16 14:00:00,1322561,1,0,5,1,1,46204,989006,10890308817423.29,2.5
161846,2019-08-24,10,49000000.0,Transfer,Outside_bank,BANK_TRANSFER_GATEWAY,2019-08-24 10:00:00,620262,1,0,21,1,1,46204,989006,10890308817423.29,2.5
162208,2019-07-15,9,200000000.0,Transfer,Outside_bank,BANK_TRANSFER_GATEWAY,2019-07-15 09:00:00,1150192,1,0,1,1,1,46204,989006,10890308817423.29,2.5
163172,2019-02-28,10,39000000.0,Transfer,Outside_bank,BANK_TRANSFER_GATEWAY,2019-02-28 10:00:00,52834,1,0,15,1,1,46204,989006,10890308817423.29,2.5
164811,2019-07-31,15,50000000.0,Transfer,Outside_bank,BANK_TRANSFER_GATEWAY,2019-07-31 15:00:00,1410488,1,0,1,1,1,46204,989006,10890308817423.29,2.5
166038,2019-12-12,18,50000000.0,Transfer,Outside_bank,BANK_TRANSFER_GATEWAY,2019-12-12 18:00:00,828795,1,0,21,1,1,46204,989006,10890308817423.29,2.5
166597,2019-10-30,20,49100000.0,Transfer,Outside_bank,BANK_TRANSFER_GATEWAY,2019-10-30 20:00:00,1168433,1,0,1,1,1,46204,989006,10890308817423.29,2.5
169489,2019-04-26,22,47100000.0,Transfer,Outside_bank,BANK_TRANSFER_GATEWAY,2019-04-26 22:00:00,273334,1,0,2,1,1,46204,989006,10890308817423.29,2.5
169718,2019-12-16,19,407265029.0,Transfer,Outside_bank,BANK_TRANSFER_GATEWAY,2019-12-16 19:00:00,1323791,1,0,1,1,1,46204,989006,10890308817423.29,2.5
170298,2019-09-06,18,50000000.0,Transfer,Outside_bank,BANK_TRANSFER_GATEWAY,2019-09-06 18:00:00,1000976,1,0,1,1,1,46204,989006,10890308817423.29,2.5
170933,2019-06-28,15,500000000.0,Transfer,Outside_bank,BANK_TRANSFER_GATEWAY,2019-06-28 15:00:00,534163,1,0,1,1,1,46204,989006,10890308817423.29,2.5
171588,2019-12-19,11,50000000.0,Transfer,Outside_bank,BANK_TRANSFER_GATEWAY,2019-12-19 11:00:00,1316271,1,0,2,1,1,46204,989006,10890308817423.29,2.5
172701,2019-10-14,7,50000000.0,Transfer,Outside_bank,BANK_TRANSFER_GATEWAY,2019-10-14 07:00:00,1118966,1,0,2,1,1,46204,989006,10890308817423.29,2.5
174024,2019-06-28,19,47400000.0,Transfer,Outside_bank,BANK_TRANSFER_GATEWAY,2019-06-28 19:00:00,606513,1,0,1,1,1,46204,989006,10890308817423.29,2.5
174208,2019-06-20,23,102850000.0,Transfer,Outside_bank,BANK_TRANSFER_GATEWAY,2019-06-20 23:00:00,620159,1,0,2,1,1,46204,989006,10890308817423.29,2.5
174600,2019-09-04,18,592115000.0,Transfer,Outside_bank,BANK_TRANSFER_GATEWAY,2019-09-04 18:00:00,737438,1,0,25,1,1,46204,989006,10890308817423.29,2.5
175359,2019-07-02,15,63800000.0,Transfer,Outside_bank,BANK_TRANSFER_GATEWAY,2019-07-02 15:00:00,406284,1,0,9,1,1,46204,989006,10890308817423.29,2.5
175908,2019-09-20,17,50000000.0,Transfer,Outside_bank,BANK_TRANSFER_GATEWAY,2019-09-20 17:00:00,1032127,1,0,1,1,1,46204,989006,10890308817423.29,2.5
176216,2019-08-09,2,47000000.0,Transfer,Outside_bank,BANK_TRANSFER_GATEWAY,2019-08-09 02:00:00,1410240,1,0,2,1,1,46204,989006,10890308817423.29,2.5
176946,2019-07-01,18,49500000.0,Transfer,Outside_bank,BANK_TRANSFER_GATEWAY,2019-07-01 18:00:00,626726,1,0,1,1,1,46204,989006,10890308817423.29,2.5
180420,2019-09-18,11,45000000.0,Transfer,Outside_bank,BANK_TRANSFER_GATEWAY,2019-09-18 11:00:00,1392537,1,0,5,1,1,46204,989006,10890308817423.29,2.5
183197,2019-07-11,11,48000000.0,Transfer,Outside_bank,BANK_TRANSFER_GATEWAY,2019-07-11 11:00:00,1313080,1,0,1,1,1,46204,989006,10890308817423.29,2.5
183785,2019-02-04,17,45000000.0,Transfer,Outside_bank,BANK_TRANSFER_GATEWAY,2019-02-04 17:00:00,173174,1,0,1,1,1,46204,989006,10890308817423.29,2.5
184853,2019-09-03,15,195000000.0,Transfer,Outside_bank,BANK_TRANSFER_GATEWAY,2019-09-03 15:00:00,1366763,1,0,2,1,1,46204,989006,10890308817423.29,2.5
188989,2019-08-06,7,300000000.0,Transfer,Outside_bank,BANK_TRANSFER_GATEWAY,2019-08-06 07:00:00,1235892,1,0,1,1,1,46204,989006,10890308817423.29,2.5
189658,2019-06-12,8,50000000.0,Transfer,Outside_bank,BANK_TRANSFER_GATEWAY,2019-06-12 08:00:00,367616,1,0,10,1,1,46204,989006,10890308817423.29,2.5
190202,2019-08-07,14,49000000.0,Transfer,Outside_bank,BANK_TRANSFER_GATEWAY,2019-08-07 14:00:00,112903,1,0,5,1,1,46204,989006,10890308817423.29,2.5
190584,2019-12-16,12,50000000.0,Transfer,Outside_bank,BANK_TRANSFER_GATEWAY,2019-12-16 12:00:00,1373946,1,0,4,1,1,46204,989006,10890308817423.29,2.5
192667,2019-08-01,15,50000000.0,Transfer,Outside_bank,BANK_TRANSFER_GATEWAY,2019-08-01 15:00:00,1218168,1,0,1,1,1,46204,989006,10890308817423.29,2.5
193087,2019-05-13,15,40000000.0,Transfer,Outside_bank,BANK_TRANSFER_GATEWAY,2019-05-13 15:00:00,327527,1,0,5,1,1,46204,989006,10890308817423.29,2.5
198809,2019-04-27,11,300000000.0,Transfer,Outside_bank,BANK_TRANSFER_GATEWAY,2019-04-27 11:00:00,699469,1,0,1,1,1,46204,989006,10890308817423.29,2.5
205274,2019-11-11,19,50000000.0,Transfer,Outside_bank,BANK_TRANSFER_GATEWAY,2019-11-11 19:00:00,1195897,1,0,8,1,1,46204,989006,10890308817423.29,2.5
207809,2019-11-06,7,50000000.0,Transfer,Outside_bank,BANK_TRANSFER_GATEWAY,2019-11-06 07:00:00,1260096,1,0,2,1,1,46204,989006,10890308817423.29,2.5
207829,2019-08-10,8,40000000.0,Transfer,Outside_bank,BANK_TRANSFER_GATEWAY,2019-08-10 08:00:00,826344,1,0,2,1,1,46204,989006,10890308817423.29,2.5
208754,2019-06-25,9,38000000.0,Transfer,Outside_bank,BANK_TRANSFER_GATEWAY,2019-06-25 09:00:00,373791,1,0,4,1,1,46204,989006,10890308817423.29,2.5
211195,2019-12-23,17,38000000.0,Transfer,Outside_bank,BANK_TRANSFER_GATEWAY,2019-12-23 17:00:00,1333310,1,0,1,1,1,46204,989006,10890308817423.29,2.5
213411,2019-08-28,11,55000000.0,Transfer,Outside_bank,BANK_TRANSFER_GATEWAY,2019-08-28 11:00:00,745843,1,0,21,1,1,46204,989006,10890308817423.29,2.5
214553,2019-09-27,10,104000000.0,Transfer,Outside_bank,BANK_TRANSFER_GATEWAY,2019-09-27 10:00:00,1359785,1,0,1,1,1,46204,989006,10890308817423.29,2.5
215903,2019-10-05,9,1000000000.0,Transfer,Outside_bank,BANK_TRANSFER_GATEWAY,2019-10-05 09:00:00,1394357,1,0,1,1,1,46204,989006,10890308817423.29,2.5
218328,2019-12-24,20,50000000.0,Transfer,Outside_bank,BANK_TRANSFER_GATEWAY,2019-12-24 20:00:00,1341350,1,0,1,1,1,46204,989006,10890308817423.29,2.5
222006,2019-08-22,8,350000000.0,Transfer,Outside_bank,BANK_TRANSFER_GATEWAY,2019-08-22 08:00:00,1353213,1,0,1,1,1,46204,989006,10890308817423.29,2.5
222703,2019-09-18,17,169000000.0,Transfer,Outside_bank,BANK_TRANSFER_GATEWAY,2019-09-18 17:00:00,1393663,1,0,1,1,1,46204,989006,10890308817423.29,2.5
227857,2019-10-28,8,130390000.0,Transfer,Outside_bank,BANK_TRANSFER_GATEWAY,2019-10-28 08:00:00,1396933,1,0,3,1,1,46204,989006,10890308817423.29,2.5
229598,2019-10-11,13,200000000.0,Transfer,Outside_bank,BANK_TRANSFER_GATEWAY,2019-10-11 13:00:00,669192,1,0,3,1,1,46204,989006,10890308817423.29,2.5
231032,2019-11-13,15,320990000.0,Transfer,Outside_bank,BANK_TRANSFER_GATEWAY,2019-11-13 15:00:00,1103665,1,0,17,1,1,46204,989006,10890308817423.29,2.5
231165,2019-10-16,16,500000000.0,Transfer,Outside_bank,BANK_TRANSFER_GATEWAY,2019-10-16 16:00:00,1128984,1,0,1,1,1,46204,989006,10890308817423.29,2.5
231624,2019-11-13,15,50000000.0,Transfer,Outside_bank,BANK_TRANSFER_GATEWAY,2019-11-13 15:00:00,1397500,1,0,1,1,1,46204,989006,10890308817423.29,2.5
232265,2019-04-10,17,80000000.0,Transfer,Outside_bank,BANK_TRANSFER_GATEWAY,2019-04-10 17:00:00,203370,1,0,1,1,1,46204,989006,10890308817423.29,2.5
233029,2019-09-11,8,48000000.0,Transfer,Outside_bank,BANK_TRANSFER_GATEWAY,2019-09-11 08:00:00,1356938,1,0,1,1,1,46204,989006,10890308817423.29,2.5
235067,2019-12-27,21,40000000.0,Transfer,Outside_bank,BANK_TRANSFER_GATEWAY,2019-12-27 21:00:00,1338286,1,0,1,1,1,46204,989006,10890308817423.29,2.5
235219,2019-04-16,12,100000000.0,Transfer,Outside_bank,BANK_TRANSFER_GATEWAY,2019-04-16 12:00:00,1413533,1,0,1,1,1,46204,989006,10890308817423.29,2.5
236018,2019-09-10,9,50000000.0,Transfer,Outside_bank,BANK_TRANSFER_GATEWAY,2019-09-10 09:00:00,964096,1,0,1,1,1,46204,989006,10890308817423.29,2.5
236643,2019-12-17,17,50000000.0,Transfer,Outside_bank,BANK_TRANSFER_GATEWAY,2019-12-17 17:00:00,1323265,1,0,14,1,1,46204,989006,10890308817423.29,2.5
238192,2019-07-26,16,69000000.0,Transfer,Outside_bank,BANK_TRANSFER_GATEWAY,2019-07-26 16:00:00,1138692,1,0,12,1,1,46204,989006,10890308817423.29,2.5
242435,2019-04-30,21,50000000.0,Transfer,Outside_bank,BANK_TRANSFER_GATEWAY,2019-04-30 21:00:00,687101,1,0,1,1,1,46204,989006,10890308817423.29,2.5
242439,2019-07-31,16,45000000.0,Transfer,Outside_bank,BANK_TRANSFER_GATEWAY,2019-07-31 16:00:00,1392109,1,0,1,1,1,46204,989006,10890308817423.29,2.5
245220,2019-10-15,11,300000000.0,Transfer,Outside_bank,BANK_TRANSFER_GATEWAY,2019-10-15 11:00:00,1119033,1,0,1,1,1,46204,989006,10890308817423.29,2.5
246396,2019-08-31,12,100000000.0,Transfer,Outside_bank,BANK_TRANSFER_GATEWAY,2019-08-31 12:00:00,1355995,1,0,1,1,1,46204,989006,10890308817423.29,2.5
246752,2019-05-29,7,50000000.0,Transfer,Outside_bank,BANK_TRANSFER_GATEWAY,2019-05-29 07:00:00,433752,1,0,1,1,1,46204,989006,10890308817423.29,2.5
247201,2019-10-28,8,50000000.0,Transfer,Outside_bank,BANK_TRANSFER_GATEWAY,2019-10-28 08:00:00,100218,1,0,8,1,1,46204,989006,10890308817423.29,2.5
248455,2019-10-22,15,103400000.0,Transfer,Outside_bank,BANK_TRANSFER_GATEWAY,2019-10-22 15:00:00,1142215,1,0,1,1,1,46204,989006,10890308817423.29,2.5
250344,2019-06-24,14,41000000.0,Transfer,Outside_bank,BANK_TRANSFER_GATEWAY,2019-06-24 14:00:00,573897,1,0,4,1,1,46204,989006,10890308817423.29,2.5
251188,2019-11-26,15,40807435.0,Transfer,Outside_bank,BANK_TRANSFER_GATEWAY,2019-11-26 15:00:00,1284561,1,0,2,1,1,46204,989006,10890308817423.29,2.5
252064,2019-02-13,8,50000000.0,Transfer,Outside_bank,BANK_TRANSFER_GATEWAY,2019-02-13 08:00:00,55340,1,0,1,1,1,46204,989006,10890308817423.29,2.5
255373,2019-09-16,9,400000000.0,Transfer,Outside_bank,BANK_TRANSFER_GATEWAY,2019-09-16 09:00:00,1364186,1,0,3,1,1,46204,989006,10890308817423.29,2.5
256769,2019-12-21,10,50000000.0,Transfer,Outside_bank,BANK_TRANSFER_GATEWAY,2019-12-21 10:00:00,1300677,1,0,14,1,1,46204,989006,10890308817423.29,2.5
259138,2019-05-02,23,100800000.0,Transfer,Outside_bank,BANK_TRANSFER_GATEWAY,2019-05-02 23:00:00,301482,1,0,1,1,1,46204,989006,10890308817423.29,2.5
259909,2019-07-16,20,46000000.0,Transfer,Outside_bank,BANK_TRANSFER_GATEWAY,2019-07-16 20:00:00,683302,1,0,3,1,1,46204,989006,10890308817423.29,2.5
262502,2019-10-29,9,50000000.0,Transfer,Outside_bank,BANK_TRANSFER_GATEWAY,2019-10-29 09:00:00,1246581,1,0,12,1,1,46204,989006,10890308817423.29,2.5
262676,2019-06-27,12,50000000.0,Transfer,Outside_bank,BANK_TRANSFER_GATEWAY,2019-06-27 12:00:00,504661,1,0,5,1,1,46204,989006,10890308817423.29,2.5
263323,2019-06-28,11,105000000.0,Transfer,Outside_bank,BANK_TRANSFER_GATEWAY,2019-06-28 11:00:00,556057,1,0,14,1,1,46204,989006,10890308817423.29,2.5
263738,2019-12-11,14,50000000.0,Transfer,Outside_bank,BANK_TRANSFER_GATEWAY,2019-12-11 14:00:00,1329282,1,0,1,1,1,46204,989006,10890308817423.29,2.5
263777,2019-12-30,17,100000000.0,Transfer,Outside_bank,BANK_TRANSFER_GATEWAY,2019-12-30 17:00:00,1388804,1,0,2,1,1,46204,989006,10890308817423.29,2.5
266387,2019-10-18,21,50000000.0,Transfer,Outside_bank,BANK_TRANSFER_GATEWAY,2019-10-18 21:00:00,837111,1,0,4,1,1,46204,989006,10890308817423.29,2.5
266627,2019-08-09,14,240000000.0,Transfer,Outside_bank,BANK_TRANSFER_GATEWAY,2019-08-09 14:00:00,1354899,1,0,1,1,1,46204,989006,10890308817423.29,2.5
266895,2019-11-01,8,230000000.0,Transfer,Outside_bank,BANK_TRANSFER_GATEWAY,2019-11-01 08:00:00,1266784,1,0,1,1,1,46204,989006,10890308817423.29,2.5
266924,2019-12-17,17,250000000.0,Transfer,Outside_bank,BANK_TRANSFER_GATEWAY,2019-12-17 17:00:00,1324599,1,0,1,1,1,46204,989006,10890308817423.29,2.5
267988,2019-07-09,12,49767320.0,Transfer,Outside_bank,BANK_TRANSFER_GATEWAY,2019-07-09 12:00:00,460529,1,0,10,1,1,46204,989006,10890308817423.29,2.5
269153,2019-05-04,21,41000000.0,Transfer,Outside_bank,BANK_TRANSFER_GATEWAY,2019-05-04 21:00:00,285336,1,0,1,1,1,46204,989006,10890308817423.29,2.5
269646,2019-07-03,12,43500000.0,Transfer,Outside_bank,BANK_TRANSFER_GATEWAY,2019-07-03 12:00:00,1415691,1,0,1,1,1,46204,989006,10890308817423.29,2.5
270321,2019-07-12,8,45000000.0,Transfer,Outside_bank,BANK_TRANSFER_GATEWAY,2019-07-12 08:00:00,1355273,1,0,1,1,1,46204,989006,10890308817423.29,2.5
271797,2019-09-25,16,100000000.0,Transfer,Outside_bank,BANK_TRANSFER_GATEWAY,2019-09-25 16:00:00,1198569,1,0,6,1,1,46204,989006,10890308817423.29,2.5
271999,2019-09-18,6,150000000.0,Transfer,Outside_bank,BANK_TRANSFER_GATEWAY,2019-09-18 06:00:00,1060997,1,0,1,1,1,46204,989006,10890308817423.29,2.5
282864,2019-11-17,17,49999999.0,Transfer,Outside_bank,BANK_TRANSFER_GATEWAY,2019-11-17 17:00:00,1267686,1,0,2,1,1,46204,989006,10890308817423.29,2.5
283124,2019-10-08,13,50000000.0,Transfer,Outside_bank,BANK_TRANSFER_GATEWAY,2019-10-08 13:00:00,1362113,1,0,1,1,1,46204,989006,10890308817423.29,2.5
284000,2019-12-03,17,45000000.0,Transfer,Outside_bank,BANK_TRANSFER_GATEWAY,2019-12-03 17:00:00,1399422,1,0,1,1,1,46204,989006,10890308817423.29,2.5
285558,2019-12-21,12,50000000.0,Transfer,Outside_bank,BANK_TRANSFER_GATEWAY,2019-12-21 12:00:00,1386199,1,0,1,1,1,46204,989006,10890308817423.29,2.5
285678,2019-12-10,11,250000000.0,Transfer,Outside_bank,BANK_TRANSFER_GATEWAY,2019-12-10 11:00:00,1376676,1,0,13,1,1,46204,989006,10890308817423.29,2.5
286613,2019-08-09,1,49000000.0,Transfer,Outside_bank,BANK_TRANSFER_GATEWAY,2019-08-09 01:00:00,1346397,1,0,2,1,1,46204,989006,10890308817423.29,2.5
291274,2019-06-11,12,120000000.0,Transfer,Outside_bank,BANK_TRANSFER_GATEWAY,2019-06-11 12:00:00,495597,1,0,2,1,1,46204,989006,10890308817423.29,2.5
291436,2019-10-16,17,50000000.0,Transfer,Outside_bank,BANK_TRANSFER_GATEWAY,2019-10-16 17:00:00,1356295,1,0,7,1,1,46204,989006,10890308817423.29,2.5
294249,2019-06-15,14,41508000.0,Transfer,Outside_bank,BANK_TRANSFER_GATEWAY,2019-06-15 14:00:00,707379,1,0,3,1,1,46204,989006,10890308817423.29,2.5
297343,2019-09-27,13,50000000.0,Transfer,Outside_bank,BANK_TRANSFER_GATEWAY,2019-09-27 13:00:00,1049403,1,0,2,1,1,46204,989006,10890308817423.29,2.5
297574,2019-09-24,9,40000000.0,Transfer,Outside_bank,BANK_TRANSFER_GATEWAY,2019-09-24 09:00:00,955823,1,0,11,1,1,46204,989006,10890308817423.29,2.5
301018,2019-07-19,19,50000000.0,Transfer,Outside_bank,BANK_TRANSFER_GATEWAY,2019-07-19 19:00:00,723047,1,0,1,1,1,46204,989006,10890308817423.29,2.5
301701,2019-08-08,13,47000000.0,Transfer,Outside_bank,BANK_TRANSFER_GATEWAY,2019-08-08 13:00:00,1346883,1,0,2,1,1,46204,989006,10890308817423.29,2.5
306381,2019-08-30,14,50000000.0,Transfer,Outside_bank,BANK_TRANSFER_GATEWAY,2019-08-30 14:00:00,932737,1,0,4,1,1,46204,989006,10890308817423.29,2.5
307803,2019-12-18,15,170000000.0,Transfer,Outside_bank,BANK_TRANSFER_GATEWAY,2019-12-18 15:00:00,1112237,1,0,1,1,1,46204,989006,10890308817423.29,2.5
308320,2019-03-30,9,138410000.0,Transfer,Outside_bank,BANK_TRANSFER_GATEWAY,2019-03-30 09:00:00,147908,1,0,2,1,1,46204,989006,10890308817423.29,2.5
309269,2019-10-24,11,50000000.0,Transfer,Outside_bank,BANK_TRANSFER_GATEWAY,2019-10-24 11:00:00,1146143,1,0,4,1,1,46204,989006,10890308817423.29,2.5
312576,2019-07-24,16,50000000.0,Transfer,Outside_bank,BANK_TRANSFER_GATEWAY,2019-07-24 16:00:00,757646,1,0,1,1,1,46204,989006,10890308817423.29,2.5
313836,2019-09-03,10,50000000.0,Transfer,Outside_bank,BANK_TRANSFER_GATEWAY,2019-09-03 10:00:00,1074629,1,0,11,1,1,46204,989006,10890308817423.29,2.5
313852,2019-09-16,10,40000000.0,Transfer,Outside_bank,BANK_TRANSFER_GATEWAY,2019-09-16 10:00:00,972208,1,0,3,1,1,46204,989006,10890308817423.29,2.5
316793,2019-07-15,9,97200000.0,Transfer,Outside_bank,BANK_TRANSFER_GATEWAY,2019-07-15 09:00:00,691133,1,0,1,1,1,46204,989006,10890308817423.29,2.5
319446,2019-07-19,16,50000000.0,Transfer,Outside_bank,BANK_TRANSFER_GATEWAY,2019-07-19 16:00:00,139134,1,0,5,1,1,46204,989006,10890308817423.29,2.5
322763,2019-05-29,12,1000000000.0,Transfer,Outside_bank,BANK_TRANSFER_GATEWAY,2019-05-29 12:00:00,414627,1,0,1,1,1,46204,989006,10890308817423.29,2.5
323821,2019-12-28,7,45000000.0,Transfer,Outside_bank,BANK_TRANSFER_GATEWAY,2019-12-28 07:00:00,1403496,1,0,1,1,1,46204,989006,10890308817423.29,2.5
325019,2019-09-17,11,100000000.0,Transfer,Outside_bank,BANK_TRANSFER_GATEWAY,2019-09-17 11:00:00,801710,1,0,2,1,1,46204,989006,10890308817423.29,2.5
325519,2019-04-16,14,150000000.0,Transfer,Outside_bank,BANK_TRANSFER_GATEWAY,2019-04-16 14:00:00,137202,1,0,6,1,1,46204,989006,10890308817423.29,2.5
326683,2019-10-22,9,400010000.0,Transfer,Outside_bank,BANK_TRANSFER_GATEWAY,2019-10-22 09:00:00,1354580,1,0,7,1,1,46204,989006,10890308817423.29,2.5
326763,2019-11-15,10,110000000.0,Transfer,Outside_bank,BANK_TRANSFER_GATEWAY,2019-11-15 10:00:00,1252613,1,0,1,1,1,46204,989006,10890308817423.29,2.5
328360,2019-08-28,12,200000000.0,Transfer,Outside_bank,BANK_TRANSFER_GATEWAY,2019-08-28 12:00:00,492474,1,0,5,1,1,46204,989006,10890308817423.29,2.5
329058,2019-10-25,15,41445000.0,Transfer,Outside_bank,BANK_TRANSFER_GATEWAY,2019-10-25 15:00:00,1162165,1,0,1,1,1,46204,989006,10890308817423.29,2.5
329483,2019-04-22,12,80000000.0,Transfer,Outside_bank,BANK_TRANSFER_GATEWAY,2019-04-22 12:00:00,238301,1,0,3,1,1,46204,989006,10890308817423.29,2.5
330469,2019-07-12,18,39200000.0,Transfer,Outside_bank,BANK_TRANSFER_GATEWAY,2019-07-12 18:00:00,626388,1,0,8,1,1,46204,989006,10890308817423.29,2.5
330616,2019-08-28,20,69000000.0,Transfer,Outside_bank,BANK_TRANSFER_GATEWAY,2019-08-28 20:00:00,910878,1,0,2,1,1,46204,989006,10890308817423.29,2.5
330697,2019-06-03,14,50000000.0,Transfer,Outside_bank,BANK_TRANSFER_GATEWAY,2019-06-03 14:00:00,551109,1,0,1,1,1,46204,989006,10890308817423.29,2.5
331527,2019-12-05,11,49999097.0,Transfer,Outside_bank,BANK_TRANSFER_GATEWAY,2019-12-05 11:00:00,1292163,1,0,2,1,1,46204,989006,10890308817423.29,2.5
331830,2019-11-25,15,300000000.0,Transfer,Outside_bank,BANK_TRANSFER_GATEWAY,2019-11-25 15:00:00,1376195,1,0,4,1,1,46204,989006,10890308817423.29,2.5
333246,2019-08-30,18,119770000.0,Transfer,Outside_bank,BANK_TRANSFER_GATEWAY,2019-08-30 18:00:00,947595,1,0,1,1,1,46204,989006,10890308817423.29,2.5
334761,2019-08-15,17,174780000.0,Transfer,Outside_bank,BANK_TRANSFER_GATEWAY,2019-08-15 17:00:00,1392391,1,0,1,1,1,46204,989006,10890308817423.29,2.5
336566,2019-09-25,11,64470000.0,Transfer,Outside_bank,BANK_TRANSFER_GATEWAY,2019-09-25 11:00:00,916459,1,0,7,1,1,46204,989006,10890308817423.29,2.5
337548,2019-12-21,10,50000000.0,Transfer,Outside_bank,BANK_TRANSFER_GATEWAY,2019-12-21 10:00:00,1377658,1,0,1,1,1,46204,989006,10890308817423.29,2.5
338440,2019-04-12,12,100000000.0,Transfer,Outside_bank,BANK_TRANSFER_GATEWAY,2019-04-12 12:00:00,382269,1,0,1,1,1,46204,989006,10890308817423.29,2.5
338964,2019-11-28,15,39560000.0,Transfer,Outside_bank,BANK_TRANSFER_GATEWAY,2019-11-28 15:00:00,1209097,1,0,3,1,1,46204,989006,10890308817423.29,2.5
339266,2019-12-20,8,70600000.0,Transfer,Outside_bank,BANK_TRANSFER_GATEWAY,2019-12-20 08:00:00,1416427,1,0,2,1,1,46204,989006,10890308817423.29,2.5
342327,2019-09-12,14,500000000.0,Transfer,Outside_bank,BANK_TRANSFER_GATEWAY,2019-09-12 14:00:00,1357579,1,0,1,1,1,46204,989006,10890308817423.29,2.5
343550,2019-06-25,15,50000000.0,Transfer,Outside_bank,BANK_TRANSFER_GATEWAY,2019-06-25 15:00:00,765639,1,0,6,1,1,46204,989006,10890308817423.29,2.5
346438,2019-12-28,11,48000000.0,Transfer,Outside_bank,BANK_TRANSFER_GATEWAY,2019-12-28 11:00:00,864769,1,0,3,1,1,46204,989006,10890308817423.29,2.5
346872,2019-12-23,16,50000000.0,Transfer,Outside_bank,BANK_TRANSFER_GATEWAY,2019-12-23 16:00:00,1397016,1,0,4,1,1,46204,989006,10890308817423.29,2.5
347460,2019-11-14,12,50000000.0,Transfer,Outside_bank,BANK_TRANSFER_GATEWAY,2019-11-14 12:00:00,1343913,1,0,1,1,1,46204,989006,10890308817423.29,2.5
347525,2019-10-23,8,39000000.0,Transfer,Outside_bank,BANK_TRANSFER_GATEWAY,2019-10-23 08:00:00,1197430,1,0,3,1,1,46204,989006,10890308817423.29,2.5
348768,2019-05-09,14,50000000.0,Transfer,Outside_bank,BANK_TRANSFER_GATEWAY,2019-05-09 14:00:00,255457,1,0,3,1,1,46204,989006,10890308817423.29,2.5
350535,2019-03-08,14,250000000.0,Transfer,Outside_bank,BANK_TRANSFER_GATEWAY,2019-03-08 14:00:00,445383,1,0,1,1,1,46204,989006,10890308817423.29,2.5
352098,2019-06-24,9,63000000.0,Transfer,Outside_bank,BANK_TRANSFER_GATEWAY,2019-06-24 09:00:00,853782,1,0,1,1,1,46204,989006,10890308817423.29,2.5
353632,2019-07-01,15,100000000.0,Transfer,Outside_bank,BANK_TRANSFER_GATEWAY,2019-07-01 15:00:00,847960,1,0,2,1,1,46204,989006,10890308817423.29,2.5
358132,2019-04-07,10,50000000.0,Transfer,Outside_bank,BANK_TRANSFER_GATEWAY,2019-04-07 10:00:00,1357283,1,0,1,1,1,46204,989006,10890308817423.29,2.5
360572,2019-12-04,11,64350000.0,Transfer,Outside_bank,BANK_TRANSFER_GATEWAY,2019-12-04 11:00:00,1385607,1,0,1,1,1,46204,989006,10890308817423.29,2.5
361656,2019-11-28,12,1000000000.0,Transfer,Outside_bank,BANK_TRANSFER_GATEWAY,2019-11-28 12:00:00,324142,1,0,6,1,1,46204,989006,10890308817423.29,2.5
369068,2019-09-14,11,59000000.0,Transfer,Outside_bank,BANK_TRANSFER_GATEWAY,2019-09-14 11:00:00,1393570,1,0,1,1,1,46204,989006,10890308817423.29,2.5
369803,2019-07-17,10,40000000.0,Transfer,Outside_bank,BANK_TRANSFER_GATEWAY,2019-07-17 10:00:00,1138226,1,0,4,1,1,46204,989006,10890308817423.29,2.5
370198,2019-02-01,17,109440000.0,Transfer,Outside_bank,BANK_TRANSFER_GATEWAY,2019-02-01 17:00:00,32950,1,0,1,1,1,46204,989006,10890308817423.29,2.5
370765,2019-10-05,8,40000000.0,Transfer,Outside_bank,BANK_TRANSFER_GATEWAY,2019-10-05 08:00:00,1099785,1,0,5,1,1,46204,989006,10890308817423.29,2.5
371035,2019-09-23,10,50000000.0,Transfer,Outside_bank,BANK_TRANSFER_GATEWAY,2019-09-23 10:00:00,1048975,1,0,1,1,1,46204,989006,10890308817423.29,2.5
374669,2019-11-28,10,50500000.0,Transfer,Outside_bank,BANK_TRANSFER_GATEWAY,2019-11-28 10:00:00,1307314,1,0,15,1,1,46204,989006,10890308817423.29,2.5
375249,2019-11-05,8,50000000.0,Transfer,Outside_bank,BANK_TRANSFER_GATEWAY,2019-11-05 08:00:00,1184175,1,0,1,1,1,46204,989006,10890308817423.29,2.5
375766,2019-04-12,22,100000000.0,Transfer,Outside_bank,BANK_TRANSFER_GATEWAY,2019-04-12 22:00:00,213685,1,0,1,1,1,46204,989006,10890308817423.29,2.5
377423,2019-06-17,9,250000000.0,Transfer,Outside_bank,BANK_TRANSFER_GATEWAY,2019-06-17 09:00:00,143176,1,0,3,1,1,46204,989006,10890308817423.29,2.5
379135,2019-11-06,10,46500000.0,Transfer,Outside_bank,BANK_TRANSFER_GATEWAY,2019-11-06 10:00:00,1369627,1,0,4,1,1,46204,989006,10890308817423.29,2.5
379778,2019-11-07,9,50000000.0,Transfer,Outside_bank,BANK_TRANSFER_GATEWAY,2019-11-07 09:00:00,1215051,1,0,1,1,1,46204,989006,10890308817423.29,2.5
382077,2019-08-02,16,50000000.0,Transfer,Outside_bank,BANK_TRANSFER_GATEWAY,2019-08-02 16:00:00,49972,1,0,43,1,1,46204,989006,10890308817423.29,2.5
383125,2019-09-08,7,50000000.0,Transfer,Outside_bank,BANK_TRANSFER_GATEWAY,2019-09-08 07:00:00,1394837,1,0,2,1,1,46204,989006,10890308817423.29,2.5
383900,2019-07-31,8,50000000.0,Transfer,Outside_bank,BANK_TRANSFER_GATEWAY,2019-07-31 08:00:00,767197,1,0,1,1,1,46204,989006,10890308817423.29,2.5
384251,2019-07-11,18,500000000.0,Transfer,Outside_bank,BANK_TRANSFER_GATEWAY,2019-07-11 18:00:00,1346851,1,0,7,1,1,46204,989006,10890308817423.29,2.5
385556,2019-06-24,18,170000000.0,Transfer,Outside_bank,BANK_TRANSFER_GATEWAY,2019-06-24 18:00:00,1404348,1,0,1,1,1,46204,989006,10890308817423.29,2.5
386927,2019-05-10,14,50000000.0,Transfer,Outside_bank,BANK_TRANSFER_GATEWAY,2019-05-10 14:00:00,1390696,1,0,1,1,1,46204,989006,10890308817423.29,2.5
390118,2019-11-11,14,50000000.0,Transfer,Outside_bank,BANK_TRANSFER_GATEWAY,2019-11-11 14:00:00,1022011,1,0,7,1,1,46204,989006,10890308817423.29,2.5
391742,2019-10-29,17,38000000.0,Transfer,Outside_bank,BANK_TRANSFER_GATEWAY,2019-10-29 17:00:00,1177130,1,0,3,1,1,46204,989006,10890308817423.29,2.5
393325,2019-03-12,18,97000000.0,Transfer,Outside_bank,BANK_TRANSFER_GATEWAY,2019-03-12 18:00:00,1404013,1,0,1,1,1,46204,989006,10890308817423.29,2.5
394569,2019-06-29,9,300000000.0,Transfer,Outside_bank,BANK_TRANSFER_GATEWAY,2019-06-29 09:00:00,696238,1,0,1,1,1,46204,989006,10890308817423.29,2.5
395572,2019-12-23,15,50000000.0,Transfer,Outside_bank,BANK_TRANSFER_GATEWAY,2019-12-23 15:00:00,1389788,1,0,2,1,1,46204,989006,10890308817423.29,2.5
399073,2019-05-06,10,50000000.0,Transfer,Outside_bank,BANK_TRANSFER_GATEWAY,2019-05-06 10:00:00,288874,1,0,1,1,1,46204,989006,10890308817423.29,2.5
401821,2019-09-04,12,140000000.0,Transfer,Outside_bank,BANK_TRANSFER_GATEWAY,2019-09-04 12:00:00,910804,1,0,2,1,1,46204,989006,10890308817423.29,2.5
404053,2019-09-30,9,150700000.0,Transfer,Outside_bank,BANK_TRANSFER_GATEWAY,2019-09-30 09:00:00,863531,1,0,35,1,1,46204,989006,10890308817423.29,2.5
407627,2019-07-02,13,111000000.0,Transfer,Outside_bank,BANK_TRANSFER_GATEWAY,2019-07-02 13:00:00,614165,1,0,1,1,1,46204,989006,10890308817423.29,2.5
410777,2019-10-09,15,40000000.0,Transfer,Outside_bank,BANK_TRANSFER_GATEWAY,2019-10-09 15:00:00,885921,1,0,1,1,1,46204,989006,10890308817423.29,2.5
411687,2019-06-09,16,52000000.0,Transfer,Outside_bank,BANK_TRANSFER_GATEWAY,2019-06-09 16:00:00,506749,1,0,1,1,1,46204,989006,10890308817423.29,2.5
412051,2019-10-12,10,300000000.0,Transfer,Outside_bank,BANK_TRANSFER_GATEWAY,2019-10-12 10:00:00,1125533,1,0,1,1,1,46204,989006,10890308817423.29,2.5
412453,2019-05-20,7,49575000.0,Transfer,Outside_bank,BANK_TRANSFER_GATEWAY,2019-05-20 07:00:00,1347561,1,0,1,1,1,46204,989006,10890308817423.29,2.5
414358,2019-03-28,17,50000000.0,Transfer,Outside_bank,BANK_TRANSFER_GATEWAY,2019-03-28 17:00:00,1336254,1,0,1,1,1,46204,989006,10890308817423.29,2.5
414846,2019-10-02,5,190000000.0,Transfer,Outside_bank,BANK_TRANSFER_GATEWAY,2019-10-02 05:00:00,1367518,1,0,2,1,1,46204,989006,10890308817423.29,2.5
416212,2019-07-26,8,200000000.0,Transfer,Outside_bank,BANK_TRANSFER_GATEWAY,2019-07-26 08:00:00,971419,1,0,2,1,1,46204,989006,10890308817423.29,2.5
421115,2019-09-24,17,40000000.0,Transfer,Outside_bank,BANK_TRANSFER_GATEWAY,2019-09-24 17:00:00,1035210,1,0,1,1,1,46204,989006,10890308817423.29,2.5
424636,2019-07-30,16,70000000.0,Transfer,Outside_bank,BANK_TRANSFER_GATEWAY,2019-07-30 16:00:00,780768,1,0,8,1,1,46204,989006,10890308817423.29,2.5
429283,2019-09-17,10,300000000.0,Transfer,Outside_bank,BANK_TRANSFER_GATEWAY,2019-09-17 10:00:00,1005398,1,0,1,1,1,46204,989006,10890308817423.29,2.5
429838,2019-10-26,6,50000000.0,Transfer,Outside_bank,BANK_TRANSFER_GATEWAY,2019-10-26 06:00:00,1160368,1,0,1,1,1,46204,989006,10890308817423.29,2.5
431546,2019-05-08,10,50000000.0,Transfer,Outside_bank,BANK_TRANSFER_GATEWAY,2019-05-08 10:00:00,306235,1,0,1,1,1,46204,989006,10890308817423.29,2.5
433312,2019-09-27,23,50000000.0,Transfer,Outside_bank,BANK_TRANSFER_GATEWAY,2019-09-27 23:00:00,1094316,1,0,1,1,1,46204,989006,10890308817423.29,2.5
433389,2019-11-13,13,47000000.0,Transfer,Outside_bank,BANK_TRANSFER_GATEWAY,2019-11-13 13:00:00,1389194,1,0,3,1,1,46204,989006,10890308817423.29,2.5
437193,2019-05-08,10,50000000.0,Transfer,Outside_bank,BANK_TRANSFER_GATEWAY,2019-05-08 10:00:00,190568,1,0,8,1,1,46204,989006,10890308817423.29,2.5
437477,2019-07-11,11,90000000.0,Transfer,Outside_bank,BANK_TRANSFER_GATEWAY,2019-07-11 11:00:00,683571,1,0,1,1,1,46204,989006,10890308817423.29,2.5
437522,2019-11-06,0,40000000.0,Transfer,Outside_bank,BANK_TRANSFER_GATEWAY,2019-11-06 00:00:00,1364566,1,0,4,1,1,46204,989006,10890308817423.29,2.5
438020,2019-06-07,18,50000000.0,Transfer,Outside_bank,BANK_TRANSFER_GATEWAY,2019-06-07 18:00:00,163535,1,0,3,1,1,46204,989006,10890308817423.29,2.5
438257,2019-07-03,16,45000000.0,Transfer,Outside_bank,BANK_TRANSFER_GATEWAY,2019-07-03 16:00:00,656991,1,0,3,1,1,46204,989006,10890308817423.29,2.5
438964,2019-01-18,11,40000000.0,Transfer,Outside_bank,BANK_TRANSFER_GATEWAY,2019-01-18 11:00:00,34964,1,0,1,1,1,46204,989006,10890308817423.29,2.5
441480,2019-06-10,15,50000000.0,Transfer,Outside_bank,BANK_TRANSFER_GATEWAY,2019-06-10 15:00:00,503661,1,0,2,1,1,46204,989006,10890308817423.29,2.5
441576,2019-08-27,9,40000000.0,Transfer,Outside_bank,BANK_TRANSFER_GATEWAY,2019-08-27 09:00:00,1355437,1,0,1,1,1,46204,989006,10890308817423.29,2.5
441669,2019-10-01,15,68000000.0,Transfer,Outside_bank,BANK_TRANSFER_GATEWAY,2019-10-01 15:00:00,901685,1,0,13,1,1,46204,989006,10890308817423.29,2.5
442019,2019-04-02,16,47332000.0,Transfer,Outside_bank,BANK_TRANSFER_GATEWAY,2019-04-02 16:00:00,1157452,1,0,2,1,1,46204,989006,10890308817423.29,2.5
443523,2019-06-20,5,50000000.0,Transfer,Outside_bank,BANK_TRANSFER_GATEWAY,2019-06-20 05:00:00,838878,1,0,4,1,1,46204,989006,10890308817423.29,2.5
444248,2019-07-13,22,100000000.0,Transfer,Outside_bank,BANK_TRANSFER_GATEWAY,2019-07-13 22:00:00,1353649,1,0,1,1,1,46204,989006,10890308817423.29,2.5
447750,2019-11-04,10,50000000.0,Transfer,Outside_bank,BANK_TRANSFER_GATEWAY,2019-11-04 10:00:00,1370753,1,0,5,1,1,46204,989006,10890308817423.29,2.5
449221,2019-12-01,22,50000000.0,Transfer,Outside_bank,BANK_TRANSFER_GATEWAY,2019-12-01 22:00:00,1341427,1,0,6,1,1,46204,989006,10890308817423.29,2.5
451963,2019-04-23,15,51400000.0,Transfer,Outside_bank,BANK_TRANSFER_GATEWAY,2019-04-23 15:00:00,223467,1,0,2,1,1,46204,989006,10890308817423.29,2.5
453606,2019-04-20,18,50000000.0,Transfer,Outside_bank,BANK_TRANSFER_GATEWAY,2019-04-20 18:00:00,239814,1,0,2,1,1,46204,989006,10890308817423.29,2.5
455514,2019-10-25,9,50000000.0,Transfer,Outside_bank,BANK_TRANSFER_GATEWAY,2019-10-25 09:00:00,1132053,1,0,2,1,1,46204,989006,10890308817423.29,2.5
455708,2019-09-27,11,50000000.0,Transfer,Outside_bank,BANK_TRANSFER_GATEWAY,2019-09-27 11:00:00,1394076,1,0,1,1,1,46204,989006,10890308817423.29,2.5
456834,2019-05-15,10,45730000.0,Transfer,Outside_bank,BANK_TRANSFER_GATEWAY,2019-05-15 10:00:00,356319,1,0,1,1,1,46204,989006,10890308817423.29,2.5
457772,2019-05-31,16,45250000.0,Transfer,Outside_bank,BANK_TRANSFER_GATEWAY,2019-05-31 16:00:00,1111613,1,0,1,1,1,46204,989006,10890308817423.29,2.5
459265,2019-08-06,13,106000000.0,Transfer,Outside_bank,BANK_TRANSFER_GATEWAY,2019-08-06 13:00:00,795533,1,0,1,1,1,46204,989006,10890308817423.29,2.5
460647,2019-11-06,19,50000000.0,Transfer,Outside_bank,BANK_TRANSFER_GATEWAY,2019-11-06 19:00:00,1395655,1,0,4,1,1,46204,989006,10890308817423.29,2.5
461788,2019-05-07,8,46000000.0,Transfer,Outside_bank,BANK_TRANSFER_GATEWAY,2019-05-07 08:00:00,1345930,1,0,3,1,1,46204,989006,10890308817423.29,2.5
467104,2019-06-17,10,750000000.0,Transfer,Outside_bank,BANK_TRANSFER_GATEWAY,2019-06-17 10:00:00,675381,1,0,3,1,1,46204,989006,10890308817423.29,2.5
468149,2019-12-06,8,50000000.0,Transfer,Outside_bank,BANK_TRANSFER_GATEWAY,2019-12-06 08:00:00,1315182,1,0,4,1,1,46204,989006,10890308817423.29,2.5
469513,2019-03-14,17,45190000.0,Transfer,Outside_bank,BANK_TRANSFER_GATEWAY,2019-03-14 17:00:00,96671,1,0,1,1,1,46204,989006,10890308817423.29,2.5
473530,2019-11-21,21,200000000.0,Transfer,Outside_bank,BANK_TRANSFER_GATEWAY,2019-11-21 21:00:00,1265279,1,0,1,1,1,46204,989006,10890308817423.29,2.5
474020,2019-11-10,9,50000000.0,Transfer,Outside_bank,BANK_TRANSFER_GATEWAY,2019-11-10 09:00:00,1017886,1,0,3,1,1,46204,989006,10890308817423.29,2.5
477575,2019-12-31,13,50000000.0,Transfer,Outside_bank,BANK_TRANSFER_GATEWAY,2019-12-31 13:00:00,1410589,1,0,5,1,1,46204,989006,10890308817423.29,2.5
479071,2019-12-03,12,553000000.0,Transfer,Outside_bank,BANK_TRANSFER_GATEWAY,2019-12-03 12:00:00,1402475,1,0,1,1,1,46204,989006,10890308817423.29,2.5
479772,2019-11-29,10,50000050.0,Transfer,Outside_bank,BANK_TRANSFER_GATEWAY,2019-11-29 10:00:00,1399177,1,0,1,1,1,46204,989006,10890308817423.29,2.5
480702,2019-06-19,10,250000000.0,Transfer,Outside_bank,BANK_TRANSFER_GATEWAY,2019-06-19 10:00:00,536533,1,0,2,1,1,46204,989006,10890308817423.29,2.5
483901,2019-10-06,9,44000000.0,Transfer,Outside_bank,BANK_TRANSFER_GATEWAY,2019-10-06 09:00:00,1332194,1,0,2,1,1,46204,989006,10890308817423.29,2.5
484916,2019-09-09,15,46404000.0,Transfer,Outside_bank,BANK_TRANSFER_GATEWAY,2019-09-09 15:00:00,977165,1,0,1,1,1,46204,989006,10890308817423.29,2.5
486117,2019-09-20,9,50000000.0,Transfer,Outside_bank,BANK_TRANSFER_GATEWAY,2019-09-20 09:00:00,1393809,1,0,1,1,1,46204,989006,10890308817423.29,2.5
488899,2019-12-04,1,178350000.0,Transfer,Outside_bank,BANK_TRANSFER_GATEWAY,2019-12-04 01:00:00,1378859,1,0,1,1,1,46204,989006,10890308817423.29,2.5
491043,2019-11-28,16,42000000.0,Transfer,Outside_bank,BANK_TRANSFER_GATEWAY,2019-11-28 16:00:00,1298882,1,0,1,1,1,46204,989006,10890308817423.29,2.5
491829,2019-11-29,9,77300000.0,Transfer,Outside_bank,BANK_TRANSFER_GATEWAY,2019-11-29 09:00:00,1331835,1,0,3,1,1,46204,989006,10890308817423.29,2.5
492450,2019-12-28,22,50000000.0,Transfer,Outside_bank,BANK_TRANSFER_GATEWAY,2019-12-28 22:00:00,1339812,1,0,1,1,1,46204,989006,10890308817423.29,2.5
494049,2019-10-30,19,49000000.0,Transfer,Outside_bank,BANK_TRANSFER_GATEWAY,2019-10-30 19:00:00,1202023,1,0,7,1,1,46204,989006,10890308817423.29,2.5
494224,2019-11-21,17,70000000.0,Transfer,Outside_bank,BANK_TRANSFER_GATEWAY,2019-11-21 17:00:00,1248829,1,0,1,1,1,46204,989006,10890308817423.29,2.5
494846,2019-06-24,14,185000000.0,Transfer,Outside_bank,BANK_TRANSFER_GATEWAY,2019-06-24 14:00:00,1133641,1,0,1,1,1,46204,989006,10890308817423.29,2.5
495575,2019-06-04,16,42900000.0,Transfer,Outside_bank,BANK_TRANSFER_GATEWAY,2019-06-04 16:00:00,568074,1,0,1,1,1,46204,989006,10890308817423.29,2.5
497989,2019-04-18,15,49100000.0,Transfer,Outside_bank,BANK_TRANSFER_GATEWAY,2019-04-18 15:00:00,253790,1,0,5,1,1,46204,989006,10890308817423.29,2.5
500617,2019-11-21,15,500000000.0,Transfer,Outside_bank,BANK_TRANSFER_GATEWAY,2019-11-21 15:00:00,1264075,1,0,4,1,1,46204,989006,10890308817423.29,2.5
501562,2019-08-01,22,50000000.0,Transfer,Outside_bank,BANK_TRANSFER_GATEWAY,2019-08-01 22:00:00,1054390,1,0,7,1,1,46204,989006,10890308817423.29,2.5
501660,2019-12-02,7,50000000.0,Transfer,Outside_bank,BANK_TRANSFER_GATEWAY,2019-12-02 07:00:00,1407832,1,0,1,1,1,46204,989006,10890308817423.29,2.5
503798,2019-09-24,16,59025000.0,Transfer,Outside_bank,BANK_TRANSFER_GATEWAY,2019-09-24 16:00:00,1306927,1,0,2,1,1,46204,989006,10890308817423.29,2.5
504937,2019-11-26,8,400000000.0,Transfer,Outside_bank,BANK_TRANSFER_GATEWAY,2019-11-26 08:00:00,1398086,1,0,1,1,1,46204,989006,10890308817423.29,2.5
506873,2019-12-30,18,115000000.0,Transfer,Outside_bank,BANK_TRANSFER_GATEWAY,2019-12-30 18:00:00,1388625,1,0,1,1,1,46204,989006,10890308817423.29,2.5
507023,2019-07-26,19,50000000.0,Transfer,Outside_bank,BANK_TRANSFER_GATEWAY,2019-07-26 19:00:00,700666,1,0,4,1,1,46204,989006,10890308817423.29,2.5
507140,2019-12-14,8,50000000.0,Transfer,Outside_bank,BANK_TRANSFER_GATEWAY,2019-12-14 08:00:00,1367934,1,0,6,1,1,46204,989006,10890308817423.29,2.5
507839,2019-05-06,10,150000000.0,Transfer,Outside_bank,BANK_TRANSFER_GATEWAY,2019-05-06 10:00:00,4747,1,0,47,1,1,46204,989006,10890308817423.29,2.5
509459,2019-08-02,5,246000000.0,Transfer,Outside_bank,BANK_TRANSFER_GATEWAY,2019-08-02 05:00:00,1353085,1,0,1,1,1,46204,989006,10890308817423.29,2.5
515653,2019-05-23,17,45000000.0,Transfer,Outside_bank,BANK_TRANSFER_GATEWAY,2019-05-23 17:00:00,1404254,1,0,1,1,1,46204,989006,10890308817423.29,2.5
515767,2019-07-24,15,50000000.0,Transfer,Outside_bank,BANK_TRANSFER_GATEWAY,2019-07-24 15:00:00,756789,1,0,1,1,1,46204,989006,10890308817423.29,2.5
517827,2019-10-01,20,50000000.0,Transfer,Outside_bank,BANK_TRANSFER_GATEWAY,2019-10-01 20:00:00,1361249,1,0,1,1,1,46204,989006,10890308817423.29,2.5
518100,2019-03-28,18,140000000.0,Transfer,Outside_bank,BANK_TRANSFER_GATEWAY,2019-03-28 18:00:00,1345844,1,0,5,1,1,46204,989006,10890308817423.29,2.5
518132,2019-04-22,11,500000000.0,Transfer,Outside_bank,BANK_TRANSFER_GATEWAY,2019-04-22 11:00:00,435152,1,0,1,1,1,46204,989006,10890308817423.29,2.5
519008,2019-05-17,14,50000000.0,Transfer,Outside_bank,BANK_TRANSFER_GATEWAY,2019-05-17 14:00:00,363926,1,0,1,1,1,46204,989006,10890308817423.29,2.5
519899,2019-12-27,16,50000000.0,Transfer,Outside_bank,BANK_TRANSFER_GATEWAY,2019-12-27 16:00:00,1035752,1,0,13,1,1,46204,989006,10890308817423.29,2.5
520810,2019-12-07,14,50000000.0,Transfer,Outside_bank,BANK_TRANSFER_GATEWAY,2019-12-07 14:00:00,1314708,1,0,2,1,1,46204,989006,10890308817423.29,2.5
522262,2019-08-27,13,40000000.0,Transfer,Outside_bank,BANK_TRANSFER_GATEWAY,2019-08-27 13:00:00,818481,1,0,9,1,1,46204,989006,10890308817423.29,2.5
524416,2019-12-27,11,200000000.0,Transfer,Outside_bank,BANK_TRANSFER_GATEWAY,2019-12-27 11:00:00,1338158,1,0,2,1,1,46204,989006,10890308817423.29,2.5
526800,2019-06-03,8,50000000.0,Transfer,Outside_bank,BANK_TRANSFER_GATEWAY,2019-06-03 08:00:00,456905,1,0,1,1,1,46204,989006,10890308817423.29,2.5
526908,2019-06-20,3,50000000.0,Transfer,Outside_bank,BANK_TRANSFER_GATEWAY,2019-06-20 03:00:00,83587,1,0,2,1,1,46204,989006,10890308817423.29,2.5
528618,2019-07-31,16,100000000.0,Transfer,Outside_bank,BANK_TRANSFER_GATEWAY,2019-07-31 16:00:00,850139,1,0,1,1,1,46204,989006,10890308817423.29,2.5
529007,2019-04-04,14,50000000.0,Transfer,Outside_bank,BANK_TRANSFER_GATEWAY,2019-04-04 14:00:00,139683,1,0,2,1,1,46204,989006,10890308817423.29,2.5
529598,2019-09-25,8,132460000.0,Transfer,Outside_bank,BANK_TRANSFER_GATEWAY,2019-09-25 08:00:00,1326266,1,0,2,1,1,46204,989006,10890308817423.29,2.5
529662,2019-07-08,16,50000000.0,Transfer,Outside_bank,BANK_TRANSFER_GATEWAY,2019-07-08 16:00:00,416122,1,0,6,1,1,46204,989006,10890308817423.29,2.5
530097,2019-04-05,9,50000000.0,Transfer,Outside_bank,BANK_TRANSFER_GATEWAY,2019-04-05 09:00:00,171339,1,0,2,1,1,46204,989006,10890308817423.29,2.5
530831,2019-09-20,14,73700000.0,Transfer,Outside_bank,BANK_TRANSFER_GATEWAY,2019-09-20 14:00:00,1346772,1,0,3,1,1,46204,989006,10890308817423.29,2.5
531966,2019-09-20,16,107901715.0,Transfer,Outside_bank,BANK_TRANSFER_GATEWAY,2019-09-20 16:00:00,1096137,1,0,1,1,1,46204,989006,10890308817423.29,2.5
532265,2019-12-25,19,46300000.0,Transfer,Outside_bank,BANK_TRANSFER_GATEWAY,2019-12-25 19:00:00,1386886,1,0,1,1,1,46204,989006,10890308817423.29,2.5
533076,2019-05-24,17,50000000.0,Transfer,Outside_bank,BANK_TRANSFER_GATEWAY,2019-05-24 17:00:00,589112,1,0,3,1,1,46204,989006,10890308817423.29,2.5
535799,2019-10-04,11,100000000.0,Transfer,Outside_bank,BANK_TRANSFER_GATEWAY,2019-10-04 11:00:00,613148,1,0,6,1,1,46204,989006,10890308817423.29,2.5
536626,2019-09-30,15,112000000.0,Transfer,Outside_bank,BANK_TRANSFER_GATEWAY,2019-09-30 15:00:00,1164038,1,0,1,1,1,46204,989006,10890308817423.29,2.5
538890,2019-10-03,11,70000000.0,Transfer,Outside_bank,BANK_TRANSFER_GATEWAY,2019-10-03 11:00:00,1150093,1,0,3,1,1,46204,989006,10890308817423.29,2.5
539272,2019-10-25,13,130000000.0,Transfer,Outside_bank,BANK_TRANSFER_GATEWAY,2019-10-25 13:00:00,1069390,1,0,1,1,1,46204,989006,10890308817423.29,2.5
541446,2019-09-12,5,40000000.0,Transfer,Outside_bank,BANK_TRANSFER_GATEWAY,2019-09-12 05:00:00,978546,1,0,1,1,1,46204,989006,10890308817423.29,2.5
542324,2019-06-19,16,200000000.0,Transfer,Outside_bank,BANK_TRANSFER_GATEWAY,2019-06-19 16:00:00,491206,1,0,2,1,1,46204,989006,10890308817423.29,2.5
544798,2019-12-02,15,90000000.0,Transfer,Outside_bank,BANK_TRANSFER_GATEWAY,2019-12-02 15:00:00,1335677,1,0,2,1,1,46204,989006,10890308817423.29,2.5
547115,2019-08-12,11,200000000.0,Transfer,Outside_bank,BANK_TRANSFER_GATEWAY,2019-08-12 11:00:00,438603,1,0,1,1,1,46204,989006,10890308817423.29,2.5
547188,2019-12-08,13,50000000.0,Transfer,Outside_bank,BANK_TRANSFER_GATEWAY,2019-12-08 13:00:00,1380674,1,0,2,1,1,46204,989006,10890308817423.29,2.5
550196,2019-07-31,9,50000000.0,Transfer,Outside_bank,BANK_TRANSFER_GATEWAY,2019-07-31 09:00:00,1020268,1,0,2,1,1,46204,989006,10890308817423.29,2.5
552363,2019-06-10,10,407000000.0,Transfer,Outside_bank,BANK_TRANSFER_GATEWAY,2019-06-10 10:00:00,509839,1,0,1,1,1,46204,989006,10890308817423.29,2.5
552833,2019-11-28,10,500000000.0,Transfer,Outside_bank,BANK_TRANSFER_GATEWAY,2019-11-28 10:00:00,1276485,1,0,2,1,1,46204,989006,10890308817423.29,2.5
552847,2019-05-31,9,149000000.0,Transfer,Outside_bank,BANK_TRANSFER_GATEWAY,2019-05-31 09:00:00,347613,1,0,15,1,1,46204,989006,10890308817423.29,2.5
554553,2019-09-27,8,62000000.0,Transfer,Outside_bank,BANK_TRANSFER_GATEWAY,2019-09-27 08:00:00,1394064,1,0,4,1,1,46204,989006,10890308817423.29,2.5
556243,2019-12-12,8,45500000.0,Transfer,Outside_bank,BANK_TRANSFER_GATEWAY,2019-12-12 08:00:00,1388883,1,0,2,1,1,46204,989006,10890308817423.29,2.5
558258,2019-11-29,11,70000000.0,Transfer,Outside_bank,BANK_TRANSFER_GATEWAY,2019-11-29 11:00:00,1399137,1,0,3,1,1,46204,989006,10890308817423.29,2.5
559061,2019-08-08,8,45000000.0,Transfer,Outside_bank,BANK_TRANSFER_GATEWAY,2019-08-08 08:00:00,276652,1,0,2,1,1,46204,989006,10890308817423.29,2.5
560193,2019-05-31,10,49228000.0,Transfer,Outside_bank,BANK_TRANSFER_GATEWAY,2019-05-31 10:00:00,132549,1,0,2,1,1,46204,989006,10890308817423.29,2.5
562663,2019-05-26,17,50000000.0,Transfer,Outside_bank,BANK_TRANSFER_GATEWAY,2019-05-26 17:00:00,514303,1,0,1,1,1,46204,989006,10890308817423.29,2.5
563026,2019-04-12,15,1000000000.0,Transfer,Outside_bank,BANK_TRANSFER_GATEWAY,2019-04-12 15:00:00,200287,1,0,1,1,1,46204,989006,10890308817423.29,2.5
563520,2019-02-20,11,95000000.0,Transfer,Outside_bank,BANK_TRANSFER_GATEWAY,2019-02-20 11:00:00,44142,1,0,1,1,1,46204,989006,10890308817423.29,2.5
565007,2019-12-26,12,50000000.0,Transfer,Outside_bank,BANK_TRANSFER_GATEWAY,2019-12-26 12:00:00,1331627,1,0,2,1,1,46204,989006,10890308817423.29,2.5
565626,2019-10-29,8,42000000.0,Transfer,Outside_bank,BANK_TRANSFER_GATEWAY,2019-10-29 08:00:00,1021512,1,0,12,1,1,46204,989006,10890308817423.29,2.5
567699,2019-12-06,21,40000000.0,Transfer,Outside_bank,BANK_TRANSFER_GATEWAY,2019-12-06 21:00:00,1299969,1,0,1,1,1,46204,989006,10890308817423.29,2.5
570757,2019-10-22,9,150000000.0,Transfer,Outside_bank,BANK_TRANSFER_GATEWAY,2019-10-22 09:00:00,1221550,1,0,1,1,1,46204,989006,10890308817423.29,2.5
571607,2019-05-08,20,47800000.0,Transfer,Outside_bank,BANK_TRANSFER_GATEWAY,2019-05-08 20:00:00,239824,1,0,1,1,1,46204,989006,10890308817423.29,2.5
572827,2019-11-06,15,50000000.0,Transfer,Outside_bank,BANK_TRANSFER_GATEWAY,2019-11-06 15:00:00,1370461,1,0,1,1,1,46204,989006,10890308817423.29,2.5
572970,2019-08-27,10,50000000.0,Transfer,Outside_bank,BANK_TRANSFER_GATEWAY,2019-08-27 10:00:00,1402185,1,0,1,1,1,46204,989006,10890308817423.29,2.5
573309,2019-07-16,8,50000000.0,Transfer,Outside_bank,BANK_TRANSFER_GATEWAY,2019-07-16 08:00:00,1299826,1,0,3,1,1,46204,989006,10890308817423.29,2.5
573566,2019-08-08,15,45800000.0,Transfer,Outside_bank,BANK_TRANSFER_GATEWAY,2019-08-08 15:00:00,1392206,1,0,1,1,1,46204,989006,10890308817423.29,2.5
576543,2019-12-19,12,50000000.0,Transfer,Outside_bank,BANK_TRANSFER_GATEWAY,2019-12-19 12:00:00,1316350,1,0,1,1,1,46204,989006,10890308817423.29,2.5
576664,2019-08-11,13,48000000.0,Transfer,Outside_bank,BANK_TRANSFER_GATEWAY,2019-08-11 13:00:00,38450,1,0,3,1,1,46204,989006,10890308817423.29,2.5
577984,2019-12-17,11,250000000.0,Transfer,Outside_bank,BANK_TRANSFER_GATEWAY,2019-12-17 11:00:00,1379227,1,0,1,1,1,46204,989006,10890308817423.29,2.5
584784,2019-11-25,15,300000000.0,Transfer,Outside_bank,BANK_TRANSFER_GATEWAY,2019-11-25 15:00:00,888771,1,0,1,1,1,46204,989006,10890308817423.29,2.5
586291,2019-09-14,19,50000000.0,Transfer,Outside_bank,BANK_TRANSFER_GATEWAY,2019-09-14 19:00:00,1003015,1,0,1,1,1,46204,989006,10890308817423.29,2.5
587687,2019-09-06,6,800000000.0,Transfer,Outside_bank,BANK_TRANSFER_GATEWAY,2019-09-06 06:00:00,1007335,1,0,1,1,1,46204,989006,10890308817423.29,2.5
588565,2019-11-18,10,50000000.0,Transfer,Outside_bank,BANK_TRANSFER_GATEWAY,2019-11-18 10:00:00,1245109,1,0,9,1,1,46204,989006,10890308817423.29,2.5
589418,2019-06-06,17,40000000.0,Transfer,Outside_bank,BANK_TRANSFER_GATEWAY,2019-06-06 17:00:00,617663,1,0,1,1,1,46204,989006,10890308817423.29,2.5
590804,2019-11-04,15,47000000.0,Transfer,Outside_bank,BANK_TRANSFER_GATEWAY,2019-11-04 15:00:00,1199682,1,0,16,1,1,46204,989006,10890308817423.29,2.5
591368,2019-07-29,17,50000000.0,Transfer,Outside_bank,BANK_TRANSFER_GATEWAY,2019-07-29 17:00:00,748339,1,0,9,1,1,46204,989006,10890308817423.29,2.5
591885,2019-07-23,21,46538000.0,Transfer,Outside_bank,BANK_TRANSFER_GATEWAY,2019-07-23 21:00:00,124319,1,0,24,1,1,46204,989006,10890308817423.29,2.5
592610,2019-07-18,18,200000000.0,Transfer,Outside_bank,BANK_TRANSFER_GATEWAY,2019-07-18 18:00:00,954598,1,0,2,1,1,46204,989006,10890308817423.29,2.5
593866,2019-12-27,17,450000000.0,Transfer,Outside_bank,BANK_TRANSFER_GATEWAY,2019-12-27 17:00:00,1381988,1,0,1,1,1,46204,989006,10890308817423.29,2.5
593943,2019-03-27,13,85000000.0,Transfer,Outside_bank,BANK_TRANSFER_GATEWAY,2019-03-27 13:00:00,119338,1,0,2,1,1,46204,989006,10890308817423.29,2.5
596876,2019-06-03,9,100000000.0,Transfer,Outside_bank,BANK_TRANSFER_GATEWAY,2019-06-03 09:00:00,429122,1,0,8,1,1,46204,989006,10890308817423.29,2.5
600225,2019-09-29,12,48500000.0,Transfer,Outside_bank,BANK_TRANSFER_GATEWAY,2019-09-29 12:00:00,1060980,1,0,1,1,1,46204,989006,10890308817423.29,2.5
605867,2019-05-11,14,49000000.0,Transfer,Outside_bank,BANK_TRANSFER_GATEWAY,2019-05-11 14:00:00,1017860,1,0,3,1,1,46204,989006,10890308817423.29,2.5
606700,2019-12-25,16,180000000.0,Transfer,Outside_bank,BANK_TRANSFER_GATEWAY,2019-12-25 16:00:00,932598,1,0,11,1,1,46204,989006,10890308817423.29,2.5
608563,2019-08-08,15,40000000.0,Transfer,Outside_bank,BANK_TRANSFER_GATEWAY,2019-08-08 15:00:00,806535,1,0,1,1,1,46204,989006,10890308817423.29,2.5
610260,2019-03-06,11,497000000.0,Transfer,Outside_bank,BANK_TRANSFER_GATEWAY,2019-03-06 11:00:00,127359,1,0,1,1,1,46204,989006,10890308817423.29,2.5
610263,2019-08-28,13,71100000.0,Transfer,Outside_bank,BANK_TRANSFER_GATEWAY,2019-08-28 13:00:00,1055652,1,0,2,1,1,46204,989006,10890308817423.29,2.5
610312,2019-11-25,15,40000000.0,Transfer,Outside_bank,BANK_TRANSFER_GATEWAY,2019-11-25 15:00:00,1246391,1,0,6,1,1,46204,989006,10890308817423.29,2.5
612474,2019-12-22,21,55000000.0,Transfer,Outside_bank,BANK_TRANSFER_GATEWAY,2019-12-22 21:00:00,1398584,1,0,1,1,1,46204,989006,10890308817423.29,2.5
612556,2019-10-22,15,49000000.0,Transfer,Outside_bank,BANK_TRANSFER_GATEWAY,2019-10-22 15:00:00,1130260,1,0,2,1,1,46204,989006,10890308817423.29,2.5
612901,2019-06-18,17,57790000.0,Transfer,Outside_bank,BANK_TRANSFER_GATEWAY,2019-06-18 17:00:00,1392259,1,0,1,1,1,46204,989006,10890308817423.29,2.5
614040,2019-10-14,15,50000000.0,Transfer,Outside_bank,BANK_TRANSFER_GATEWAY,2019-10-14 15:00:00,1268943,1,0,1,1,1,46204,989006,10890308817423.29,2.5
614112,2019-01-08,18,229697000.0,Transfer,Outside_bank,BANK_TRANSFER_GATEWAY,2019-01-08 18:00:00,77053,1,0,3,1,1,46204,989006,10890308817423.29,2.5
614225,2019-05-31,8,340000000.0,Transfer,Outside_bank,BANK_TRANSFER_GATEWAY,2019-05-31 08:00:00,1392517,1,0,1,1,1,46204,989006,10890308817423.29,2.5
614601,2019-05-22,12,247400000.0,Transfer,Outside_bank,BANK_TRANSFER_GATEWAY,2019-05-22 12:00:00,1404074,1,0,1,1,1,46204,989006,10890308817423.29,2.5
615037,2019-12-28,11,48000000.0,Transfer,Outside_bank,BANK_TRANSFER_GATEWAY,2019-12-28 11:00:00,638466,1,0,3,1,1,46204,989006,10890308817423.29,2.5
617156,2019-09-30,9,100000000.0,Transfer,Outside_bank,BANK_TRANSFER_GATEWAY,2019-09-30 09:00:00,1128500,1,0,1,1,1,46204,989006,10890308817423.29,2.5
617207,2019-05-06,10,140000000.0,Transfer,Outside_bank,BANK_TRANSFER_GATEWAY,2019-05-06 10:00:00,1347590,1,0,2,1,1,46204,989006,10890308817423.29,2.5
619798,2019-10-30,7,50000000.0,Transfer,Outside_bank,BANK_TRANSFER_GATEWAY,2019-10-30 07:00:00,1364394,1,0,1,1,1,46204,989006,10890308817423.29,2.5
622119,2019-05-28,9,50000000.0,Transfer,Outside_bank,BANK_TRANSFER_GATEWAY,2019-05-28 09:00:00,451008,1,0,1,1,1,46204,989006,10890308817423.29,2.5
622568,2019-09-21,7,100000000.0,Transfer,Outside_bank,BANK_TRANSFER_GATEWAY,2019-09-21 07:00:00,1188737,1,0,1,1,1,46204,989006,10890308817423.29,2.5
622662,2019-12-09,10,99750000.0,Transfer,Outside_bank,BANK_TRANSFER_GATEWAY,2019-12-09 10:00:00,1263663,1,0,1,1,1,46204,989006,10890308817423.29,2.5
623818,2019-09-17,9,100000000.0,Transfer,Outside_bank,BANK_TRANSFER_GATEWAY,2019-09-17 09:00:00,1410941,1,0,1,1,1,46204,989006,10890308817423.29,2.5
626241,2019-10-05,9,50000000.0,Transfer,Outside_bank,BANK_TRANSFER_GATEWAY,2019-10-05 09:00:00,1394425,1,0,1,1,1,46204,989006,10890308817423.29,2.5
626415,2019-07-06,8,200000000.0,Transfer,Outside_bank,BANK_TRANSFER_GATEWAY,2019-07-06 08:00:00,1352433,1,0,1,1,1,46204,989006,10890308817423.29,2.5
626478,2019-10-06,22,50000000.0,Transfer,Outside_bank,BANK_TRANSFER_GATEWAY,2019-10-06 22:00:00,1279526,1,0,2,1,1,46204,989006,10890308817423.29,2.5
627134,2019-12-03,15,90000000.0,Transfer,Outside_bank,BANK_TRANSFER_GATEWAY,2019-12-03 15:00:00,1284975,1,0,1,1,1,46204,989006,10890308817423.29,2.5
627548,2019-08-09,15,290000000.0,Transfer,Outside_bank,BANK_TRANSFER_GATEWAY,2019-08-09 15:00:00,917524,1,0,1,1,1,46204,989006,10890308817423.29,2.5
630611,2019-09-30,18,40000000.0,Transfer,Outside_bank,BANK_TRANSFER_GATEWAY,2019-09-30 18:00:00,1288715,1,0,2,1,1,46204,989006,10890308817423.29,2.5
633053,2019-11-05,17,53700000.0,Transfer,Outside_bank,BANK_TRANSFER_GATEWAY,2019-11-05 17:00:00,1172995,1,0,12,1,1,46204,989006,10890308817423.29,2.5
634470,2019-09-05,9,50000000.0,Transfer,Outside_bank,BANK_TRANSFER_GATEWAY,2019-09-05 09:00:00,938956,1,0,2,1,1,46204,989006,10890308817423.29,2.5
636415,2019-05-13,14,50000000.0,Transfer,Outside_bank,BANK_TRANSFER_GATEWAY,2019-05-13 14:00:00,249323,1,0,3,1,1,46204,989006,10890308817423.29,2.5
639314,2019-04-05,9,50000000.0,Transfer,Outside_bank,BANK_TRANSFER_GATEWAY,2019-04-05 09:00:00,175989,1,0,2,1,1,46204,989006,10890308817423.29,2.5
640139,2019-08-06,15,50000000.0,Transfer,Outside_bank,BANK_TRANSFER_GATEWAY,2019-08-06 15:00:00,475359,1,0,3,1,1,46204,989006,10890308817423.29,2.5
640465,2019-08-04,9,57900000.0,Transfer,Outside_bank,BANK_TRANSFER_GATEWAY,2019-08-04 09:00:00,753722,1,0,1,1,1,46204,989006,10890308817423.29,2.5
641175,2019-11-25,10,150000000.0,Transfer,Outside_bank,BANK_TRANSFER_GATEWAY,2019-11-25 10:00:00,1259762,1,0,8,1,1,46204,989006,10890308817423.29,2.5
642593,2019-07-04,15,100000000.0,Transfer,Outside_bank,BANK_TRANSFER_GATEWAY,2019-07-04 15:00:00,908431,1,0,3,1,1,46204,989006,10890308817423.29,2.5
644360,2019-10-18,6,111000000.0,Transfer,Outside_bank,BANK_TRANSFER_GATEWAY,2019-10-18 06:00:00,1129032,1,0,1,1,1,46204,989006,10890308817423.29,2.5
645261,2019-10-28,11,50000000.0,Transfer,Outside_bank,BANK_TRANSFER_GATEWAY,2019-10-28 11:00:00,1162130,1,0,1,1,1,46204,989006,10890308817423.29,2.5
646299,2019-09-26,20,50000000.0,Transfer,Outside_bank,BANK_TRANSFER_GATEWAY,2019-09-26 20:00:00,1361517,1,0,1,1,1,46204,989006,10890308817423.29,2.5
648586,2019-12-16,15,100000000.0,Transfer,Outside_bank,BANK_TRANSFER_GATEWAY,2019-12-16 15:00:00,1300627,1,0,3,1,1,46204,989006,10890308817423.29,2.5
649080,2019-09-17,10,49600000.0,Transfer,Outside_bank,BANK_TRANSFER_GATEWAY,2019-09-17 10:00:00,972226,1,0,1,1,1,46204,989006,10890308817423.29,2.5
652844,2019-08-12,9,50000000.0,Transfer,Outside_bank,BANK_TRANSFER_GATEWAY,2019-08-12 09:00:00,986076,1,0,1,1,1,46204,989006,10890308817423.29,2.5
653698,2019-05-20,7,500000000.0,Transfer,Outside_bank,BANK_TRANSFER_GATEWAY,2019-05-20 07:00:00,624935,1,0,1,1,1,46204,989006,10890308817423.29,2.5
654759,2019-09-19,10,50000000.0,Transfer,Outside_bank,BANK_TRANSFER_GATEWAY,2019-09-19 10:00:00,1296389,1,0,1,1,1,46204,989006,10890308817423.29,2.5
655665,2019-03-07,20,50000000.0,Transfer,Outside_bank,BANK_TRANSFER_GATEWAY,2019-03-07 20:00:00,218739,1,0,2,1,1,46204,989006,10890308817423.29,2.5
656087,2019-11-01,17,41000000.0,Transfer,Outside_bank,BANK_TRANSFER_GATEWAY,2019-11-01 17:00:00,1225356,1,0,1,1,1,46204,989006,10890308817423.29,2.5
658010,2019-07-13,17,50000000.0,Transfer,Outside_bank,BANK_TRANSFER_GATEWAY,2019-07-13 17:00:00,416320,1,0,7,1,1,46204,989006,10890308817423.29,2.5
658846,2019-08-08,13,48000000.0,Transfer,Outside_bank,BANK_TRANSFER_GATEWAY,2019-08-08 13:00:00,1390245,1,0,2,1,1,46204,989006,10890308817423.29,2.5
662156,2019-05-03,8,50000000.0,Transfer,Outside_bank,BANK_TRANSFER_GATEWAY,2019-05-03 08:00:00,328553,1,0,2,1,1,46204,989006,10890308817423.29,2.5
663515,2019-12-19,15,50000000.0,Transfer,Outside_bank,BANK_TRANSFER_GATEWAY,2019-12-19 15:00:00,801072,1,0,14,1,1,46204,989006,10890308817423.29,2.5
664025,2019-09-15,19,50000000.0,Transfer,Outside_bank,BANK_TRANSFER_GATEWAY,2019-09-15 19:00:00,822048,1,0,1,1,1,46204,989006,10890308817423.29,2.5
665172,2019-05-04,9,50000000.0,Transfer,Outside_bank,BANK_TRANSFER_GATEWAY,2019-05-04 09:00:00,398989,1,0,1,1,1,46204,989006,10890308817423.29,2.5
665663,2019-11-21,9,94000000.0,Transfer,Outside_bank,BANK_TRANSFER_GATEWAY,2019-11-21 09:00:00,1254855,1,0,17,1,1,46204,989006,10890308817423.29,2.5
666475,2019-06-14,8,50000000.0,Transfer,Outside_bank,BANK_TRANSFER_GATEWAY,2019-06-14 08:00:00,771458,1,0,1,1,1,46204,989006,10890308817423.29,2.5
667543,2019-07-25,9,46500000.0,Transfer,Outside_bank,BANK_TRANSFER_GATEWAY,2019-07-25 09:00:00,1259596,1,0,10,1,1,46204,989006,10890308817423.29,2.5
668021,2019-08-13,15,50000000.0,Transfer,Outside_bank,BANK_TRANSFER_GATEWAY,2019-08-13 15:00:00,641914,1,0,5,1,1,46204,989006,10890308817423.29,2.5
668677,2019-12-31,20,250000000.0,Transfer,Outside_bank,BANK_TRANSFER_GATEWAY,2019-12-31 20:00:00,1410186,1,0,1,1,1,46204,989006,10890308817423.29,2.5
668774,2019-05-10,12,300000000.0,Transfer,Outside_bank,BANK_TRANSFER_GATEWAY,2019-05-10 12:00:00,311928,1,0,9,1,1,46204,989006,10890308817423.29,2.5
669253,2019-05-23,19,200000000.0,Transfer,Outside_bank,BANK_TRANSFER_GATEWAY,2019-05-23 19:00:00,530466,1,0,1,1,1,46204,989006,10890308817423.29,2.5
670858,2019-11-05,15,105000000.0,Transfer,Outside_bank,BANK_TRANSFER_GATEWAY,2019-11-05 15:00:00,1398660,1,0,1,1,1,46204,989006,10890308817423.29,2.5
673482,2019-08-01,20,41000000.0,Transfer,Outside_bank,BANK_TRANSFER_GATEWAY,2019-08-01 20:00:00,888753,1,0,1,1,1,46204,989006,10890308817423.29,2.5
675756,2019-05-05,11,39880000.0,Transfer,Outside_bank,BANK_TRANSFER_GATEWAY,2019-05-05 11:00:00,168526,1,0,15,1,1,46204,989006,10890308817423.29,2.5
677594,2019-11-20,10,190000000.0,Transfer,Outside_bank,BANK_TRANSFER_GATEWAY,2019-11-20 10:00:00,1356633,1,0,4,1,1,46204,989006,10890308817423.29,2.5
678049,2019-09-28,12,43000000.0,Transfer,Outside_bank,BANK_TRANSFER_GATEWAY,2019-09-28 12:00:00,1050385,1,0,1,1,1,46204,989006,10890308817423.29,2.5
684351,2019-11-28,12,41650000.0,Transfer,Outside_bank,BANK_TRANSFER_GATEWAY,2019-11-28 12:00:00,1275315,1,0,1,1,1,46204,989006,10890308817423.29,2.5
686513,2019-11-25,14,45000000.0,Transfer,Outside_bank,BANK_TRANSFER_GATEWAY,2019-11-25 14:00:00,1265268,1,0,3,1,1,46204,989006,10890308817423.29,2.5
688596,2019-07-11,11,49000000.0,Transfer,Outside_bank,BANK_TRANSFER_GATEWAY,2019-07-11 11:00:00,1349419,1,0,2,1,1,46204,989006,10890308817423.29,2.5
688678,2019-08-17,8,49000000.0,Transfer,Outside_bank,BANK_TRANSFER_GATEWAY,2019-08-17 08:00:00,1391277,1,0,2,1,1,46204,989006,10890308817423.29,2.5
691695,2019-08-29,15,400000000.0,Transfer,Outside_bank,BANK_TRANSFER_GATEWAY,2019-08-29 15:00:00,1384495,1,0,1,1,1,46204,989006,10890308817423.29,2.5
691850,2019-08-01,10,47372000.0,Transfer,Outside_bank,BANK_TRANSFER_GATEWAY,2019-08-01 10:00:00,1237372,1,0,1,1,1,46204,989006,10890308817423.29,2.5
696310,2019-10-20,12,50000000.0,Transfer,Outside_bank,BANK_TRANSFER_GATEWAY,2019-10-20 12:00:00,1025097,1,0,10,1,1,46204,989006,10890308817423.29,2.5
699055,2019-05-28,13,70000000.0,Transfer,Outside_bank,BANK_TRANSFER_GATEWAY,2019-05-28 13:00:00,285394,1,0,17,1,1,46204,989006,10890308817423.29,2.5
701323,2019-08-22,12,48000000.0,Transfer,Outside_bank,BANK_TRANSFER_GATEWAY,2019-08-22 12:00:00,1281993,1,0,1,1,1,46204,989006,10890308817423.29,2.5
704129,2019-11-02,13,300000000.0,Transfer,Outside_bank,BANK_TRANSFER_GATEWAY,2019-11-02 13:00:00,1312795,1,0,4,1,1,46204,989006,10890308817423.29,2.5
705651,2019-06-25,9,50000000.0,Transfer,Outside_bank,BANK_TRANSFER_GATEWAY,2019-06-25 09:00:00,112911,1,0,4,1,1,46204,989006,10890308817423.29,2.5
706291,2019-08-08,6,41451000.0,Transfer,Outside_bank,BANK_TRANSFER_GATEWAY,2019-08-08 06:00:00,1353258,1,0,2,1,1,46204,989006,10890308817423.29,2.5
710303,2019-09-10,9,50000000.0,Transfer,Outside_bank,BANK_TRANSFER_GATEWAY,2019-09-10 09:00:00,390310,1,0,25,1,1,46204,989006,10890308817423.29,2.5
712566,2019-11-15,11,87984880.0,Transfer,Outside_bank,BANK_TRANSFER_GATEWAY,2019-11-15 11:00:00,1235385,1,0,1,1,1,46204,989006,10890308817423.29,2.5
715370,2019-04-12,16,50000000.0,Transfer,Outside_bank,BANK_TRANSFER_GATEWAY,2019-04-12 16:00:00,233126,1,0,1,1,1,46204,989006,10890308817423.29,2.5
718725,2019-08-23,17,83260000.0,Transfer,Outside_bank,BANK_TRANSFER_GATEWAY,2019-08-23 17:00:00,887096,1,0,1,1,1,46204,989006,10890308817423.29,2.5
719521,2019-09-05,15,50000000.0,Transfer,Outside_bank,BANK_TRANSFER_GATEWAY,2019-09-05 15:00:00,856755,1,0,3,1,1,46204,989006,10890308817423.29,2.5
722343,2019-12-11,14,84000000.0,Transfer,Outside_bank,BANK_TRANSFER_GATEWAY,2019-12-11 14:00:00,1400469,1,0,2,1,1,46204,989006,10890308817423.29,2.5
722579,2019-11-04,18,50000000.0,Transfer,Outside_bank,BANK_TRANSFER_GATEWAY,2019-11-04 18:00:00,1350741,1,0,10,1,1,46204,989006,10890308817423.29,2.5
722770,2019-10-19,10,42000000.0,Transfer,Outside_bank,BANK_TRANSFER_GATEWAY,2019-10-19 10:00:00,1147382,1,0,1,1,1,46204,989006,10890308817423.29,2.5
724308,2019-07-08,11,70000000.0,Transfer,Outside_bank,BANK_TRANSFER_GATEWAY,2019-07-08 11:00:00,649539,1,0,2,1,1,46204,989006,10890308817423.29,2.5
724335,2019-08-07,16,50000000.0,Transfer,Outside_bank,BANK_TRANSFER_GATEWAY,2019-08-07 16:00:00,1179576,1,0,1,1,1,46204,989006,10890308817423.29,2.5
724608,2019-07-15,15,379791000.0,Transfer,Outside_bank,BANK_TRANSFER_GATEWAY,2019-07-15 15:00:00,748827,1,0,1,1,1,46204,989006,10890308817423.29,2.5
725978,2019-08-14,10,150000000.0,Transfer,Outside_bank,BANK_TRANSFER_GATEWAY,2019-08-14 10:00:00,1415866,1,0,1,1,1,46204,989006,10890308817423.29,2.5
728220,2019-04-13,10,50000000.0,Transfer,Outside_bank,BANK_TRANSFER_GATEWAY,2019-04-13 10:00:00,200131,1,0,1,1,1,46204,989006,10890308817423.29,2.5
729595,2019-11-04,11,50000000.0,Transfer,Outside_bank,BANK_TRANSFER_GATEWAY,2019-11-04 11:00:00,1260383,1,0,1,1,1,46204,989006,10890308817423.29,2.5
729928,2019-08-01,17,51000000.0,Transfer,Outside_bank,BANK_TRANSFER_GATEWAY,2019-08-01 17:00:00,758453,1,0,14,1,1,46204,989006,10890308817423.29,2.5
731277,2019-09-05,8,250000000.0,Transfer,Outside_bank,BANK_TRANSFER_GATEWAY,2019-09-05 08:00:00,1352428,1,0,2,1,1,46204,989006,10890308817423.29,2.5
731543,2019-07-20,10,50000000.0,Transfer,Outside_bank,BANK_TRANSFER_GATEWAY,2019-07-20 10:00:00,1304832,1,0,1,1,1,46204,989006,10890308817423.29,2.5
734050,2019-04-16,15,50000000.0,Transfer,Outside_bank,BANK_TRANSFER_GATEWAY,2019-04-16 15:00:00,169974,1,0,2,1,1,46204,989006,10890308817423.29,2.5
734903,2019-05-29,16,40000000.0,Transfer,Outside_bank,BANK_TRANSFER_GATEWAY,2019-05-29 16:00:00,440962,1,0,7,1,1,46204,989006,10890308817423.29,2.5
734991,2019-09-03,9,50000000.0,Transfer,Outside_bank,BANK_TRANSFER_GATEWAY,2019-09-03 09:00:00,555328,1,0,7,1,1,46204,989006,10890308817423.29,2.5
735379,2019-08-09,2,48000000.0,Transfer,Outside_bank,BANK_TRANSFER_GATEWAY,2019-08-09 02:00:00,72171,1,0,3,1,1,46204,989006,10890308817423.29,2.5
735927,2019-11-05,7,50000000.0,Transfer,Outside_bank,BANK_TRANSFER_GATEWAY,2019-11-05 07:00:00,1183853,1,0,2,1,1,46204,989006,10890308817423.29,2.5
736537,2019-11-22,11,43520000.0,Transfer,Outside_bank,BANK_TRANSFER_GATEWAY,2019-11-22 11:00:00,804226,1,0,1,1,1,46204,989006,10890308817423.29,2.5
741826,2019-10-29,16,50000000.0,Transfer,Outside_bank,BANK_TRANSFER_GATEWAY,2019-10-29 16:00:00,1367475,1,0,1,1,1,46204,989006,10890308817423.29,2.5
743821,2019-10-05,15,60000000.0,Transfer,Outside_bank,BANK_TRANSFER_GATEWAY,2019-10-05 15:00:00,1378331,1,0,1,1,1,46204,989006,10890308817423.29,2.5
745660,2019-08-08,12,50000000.0,Transfer,Outside_bank,BANK_TRANSFER_GATEWAY,2019-08-08 12:00:00,727086,1,0,1,1,1,46204,989006,10890308817423.29,2.5
746951,2019-01-20,20,50000000.0,Transfer,Outside_bank,BANK_TRANSFER_GATEWAY,2019-01-20 20:00:00,11156,1,0,1,1,1,46204,989006,10890308817423.29,2.5
747965,2019-09-22,11,50000000.0,Transfer,Outside_bank,BANK_TRANSFER_GATEWAY,2019-09-22 11:00:00,1404948,1,0,1,1,1,46204,989006,10890308817423.29,2.5
750483,2019-05-24,10,50000000.0,Transfer,Outside_bank,BANK_TRANSFER_GATEWAY,2019-05-24 10:00:00,435495,1,0,2,1,1,46204,989006,10890308817423.29,2.5
755581,2019-06-27,9,50000000.0,Transfer,Outside_bank,BANK_TRANSFER_GATEWAY,2019-06-27 09:00:00,574745,1,0,2,1,1,46204,989006,10890308817423.29,2.5
759799,2019-08-21,8,145000000.0,Transfer,Outside_bank,BANK_TRANSFER_GATEWAY,2019-08-21 08:00:00,1199590,1,0,8,1,1,46204,989006,10890308817423.29,2.5
760703,2019-08-06,19,50000000.0,Transfer,Outside_bank,BANK_TRANSFER_GATEWAY,2019-08-06 19:00:00,1353045,1,0,1,1,1,46204,989006,10890308817423.29,2.5
763400,2019-11-28,15,125700000.0,Transfer,Outside_bank,BANK_TRANSFER_GATEWAY,2019-11-28 15:00:00,1275841,1,0,1,1,1,46204,989006,10890308817423.29,2.5
765930,2019-09-20,16,110000000.0,Transfer,Outside_bank,BANK_TRANSFER_GATEWAY,2019-09-20 16:00:00,1109488,1,0,1,1,1,46204,989006,10890308817423.29,2.5
770276,2019-12-02,9,50000000.0,Transfer,Outside_bank,BANK_TRANSFER_GATEWAY,2019-12-02 09:00:00,1226861,1,0,1,1,1,46204,989006,10890308817423.29,2.5
771874,2019-08-31,10,100000000.0,Transfer,Outside_bank,BANK_TRANSFER_GATEWAY,2019-08-31 10:00:00,935648,1,0,2,1,1,46204,989006,10890308817423.29,2.5
772119,2019-07-25,13,43500000.0,Transfer,Outside_bank,BANK_TRANSFER_GATEWAY,2019-07-25 13:00:00,753448,1,0,1,1,1,46204,989006,10890308817423.29,2.5
773223,2019-11-21,10,100000000.0,Transfer,Outside_bank,BANK_TRANSFER_GATEWAY,2019-11-21 10:00:00,1405131,1,0,1,1,1,46204,989006,10890308817423.29,2.5
774599,2019-04-19,22,50000000.0,Transfer,Outside_bank,BANK_TRANSFER_GATEWAY,2019-04-19 22:00:00,97772,1,0,2,1,1,46204,989006,10890308817423.29,2.5
774899,2019-11-05,9,50000000.0,Transfer,Outside_bank,BANK_TRANSFER_GATEWAY,2019-11-05 09:00:00,825397,1,0,12,1,1,46204,989006,10890308817423.29,2.5
776465,2019-09-17,13,40000000.0,Transfer,Outside_bank,BANK_TRANSFER_GATEWAY,2019-09-17 13:00:00,594471,1,0,6,1,1,46204,989006,10890308817423.29,2.5
777848,2019-12-28,19,95000000.0,Transfer,Outside_bank,BANK_TRANSFER_GATEWAY,2019-12-28 19:00:00,1389453,1,0,1,1,1,46204,989006,10890308817423.29,2.5
780918,2019-03-28,15,51500000.0,Transfer,Outside_bank,BANK_TRANSFER_GATEWAY,2019-03-28 15:00:00,562147,1,0,2,1,1,46204,989006,10890308817423.29,2.5
780986,2019-09-14,19,50000000.0,Transfer,Outside_bank,BANK_TRANSFER_GATEWAY,2019-09-14 19:00:00,1005583,1,0,1,1,1,46204,989006,10890308817423.29,2.5
781672,2019-12-09,20,50000000.0,Transfer,Outside_bank,BANK_TRANSFER_GATEWAY,2019-12-09 20:00:00,1408802,1,0,2,1,1,46204,989006,10890308817423.29,2.5
782779,2019-09-23,9,72650000.0,Transfer,Outside_bank,BANK_TRANSFER_GATEWAY,2019-09-23 09:00:00,1129756,1,0,1,1,1,46204,989006,10890308817423.29,2.5
783265,2019-08-26,14,110500000.0,Transfer,Outside_bank,BANK_TRANSFER_GATEWAY,2019-08-26 14:00:00,1411572,1,0,1,1,1,46204,989006,10890308817423.29,2.5
783364,2019-07-27,13,39000000.0,Transfer,Outside_bank,BANK_TRANSFER_GATEWAY,2019-07-27 13:00:00,752539,1,0,1,1,1,46204,989006,10890308817423.29,2.5
785800,2019-05-11,10,50000000.0,Transfer,Outside_bank,BANK_TRANSFER_GATEWAY,2019-05-11 10:00:00,625787,1,0,1,1,1,46204,989006,10890308817423.29,2.5
785980,2019-12-15,0,50000000.0,Transfer,Outside_bank,BANK_TRANSFER_GATEWAY,2019-12-15 00:00:00,1401154,1,0,1,1,1,46204,989006,10890308817423.29,2.5
787635,2019-08-28,8,200000000.0,Transfer,Outside_bank,BANK_TRANSFER_GATEWAY,2019-08-28 08:00:00,1348938,1,0,1,1,1,46204,989006,10890308817423.29,2.5
788800,2019-07-24,17,80000000.0,Transfer,Outside_bank,BANK_TRANSFER_GATEWAY,2019-07-24 17:00:00,863755,1,0,6,1,1,46204,989006,10890308817423.29,2.5
789034,2019-12-25,17,60000000.0,Transfer,Outside_bank,BANK_TRANSFER_GATEWAY,2019-12-25 17:00:00,1388014,1,0,1,1,1,46204,989006,10890308817423.29,2.5
789418,2019-12-13,15,301000000.0,Transfer,Outside_bank,BANK_TRANSFER_GATEWAY,2019-12-13 15:00:00,1385513,1,0,1,1,1,46204,989006,10890308817423.29,2.5
789896,2019-08-05,18,44000000.0,Transfer,Outside_bank,BANK_TRANSFER_GATEWAY,2019-08-05 18:00:00,1369688,1,0,1,1,1,46204,989006,10890308817423.29,2.5
791196,2019-10-08,8,205600000.0,Transfer,Outside_bank,BANK_TRANSFER_GATEWAY,2019-10-08 08:00:00,1036233,1,0,11,1,1,46204,989006,10890308817423.29,2.5
797163,2019-12-27,17,45900000.0,Transfer,Outside_bank,BANK_TRANSFER_GATEWAY,2019-12-27 17:00:00,1341286,1,0,1,1,1,46204,989006,10890308817423.29,2.5
798877,2019-11-19,16,110000000.0,Transfer,Outside_bank,BANK_TRANSFER_GATEWAY,2019-11-19 16:00:00,1212108,1,0,1,1,1,46204,989006,10890308817423.29,2.5
798948,2019-09-05,19,300000000.0,Transfer,Outside_bank,BANK_TRANSFER_GATEWAY,2019-09-05 19:00:00,734686,1,0,4,1,1,46204,989006,10890308817423.29,2.5
799399,2019-06-06,9,39589459.0,Transfer,Outside_bank,BANK_TRANSFER_GATEWAY,2019-06-06 09:00:00,534301,1,0,3,1,1,46204,989006,10890308817423.29,2.5
801756,2019-05-31,10,49078000.0,Transfer,Outside_bank,BANK_TRANSFER_GATEWAY,2019-05-31 10:00:00,1067775,1,0,2,1,1,46204,989006,10890308817423.29,2.5
803691,2019-10-22,14,500000000.0,Transfer,Outside_bank,BANK_TRANSFER_GATEWAY,2019-10-22 14:00:00,1406382,1,0,1,1,1,46204,989006,10890308817423.29,2.5
803925,2019-12-12,13,105457000.0,Transfer,Outside_bank,BANK_TRANSFER_GATEWAY,2019-12-12 13:00:00,1399563,1,0,1,1,1,46204,989006,10890308817423.29,2.5
804058,2019-08-12,14,400006000.0,Transfer,Outside_bank,BANK_TRANSFER_GATEWAY,2019-08-12 14:00:00,835814,1,0,1,1,1,46204,989006,10890308817423.29,2.5
804481,2019-02-28,10,44000000.0,Transfer,Outside_bank,BANK_TRANSFER_GATEWAY,2019-02-28 10:00:00,497013,1,0,1,1,1,46204,989006,10890308817423.29,2.5
805374,2019-10-07,11,50000000.0,Transfer,Outside_bank,BANK_TRANSFER_GATEWAY,2019-10-07 11:00:00,402210,1,0,26,1,1,46204,989006,10890308817423.29,2.5
805639,2019-06-17,17,130000000.0,Transfer,Outside_bank,BANK_TRANSFER_GATEWAY,2019-06-17 17:00:00,596949,1,0,1,1,1,46204,989006,10890308817423.29,2.5
806250,2019-03-09,11,45000000.0,Transfer,Outside_bank,BANK_TRANSFER_GATEWAY,2019-03-09 11:00:00,88449,1,0,1,1,1,46204,989006,10890308817423.29,2.5
807457,2019-07-03,11,60000000.0,Transfer,Outside_bank,BANK_TRANSFER_GATEWAY,2019-07-03 11:00:00,616422,1,0,1,1,1,46204,989006,10890308817423.29,2.5
807788,2019-11-26,11,60000000.0,Transfer,Outside_bank,BANK_TRANSFER_GATEWAY,2019-11-26 11:00:00,1384547,1,0,4,1,1,46204,989006,10890308817423.29,2.5
808719,2019-12-30,20,50000000.0,Transfer,Outside_bank,BANK_TRANSFER_GATEWAY,2019-12-30 20:00:00,1365626,1,0,3,1,1,46204,989006,10890308817423.29,2.5
809805,2019-08-21,14,50000000.0,Transfer,Outside_bank,BANK_TRANSFER_GATEWAY,2019-08-21 14:00:00,876393,1,0,1,1,1,46204,989006,10890308817423.29,2.5
815139,2019-04-25,16,50000000.0,Transfer,Outside_bank,BANK_TRANSFER_GATEWAY,2019-04-25 16:00:00,359505,1,0,5,1,1,46204,989006,10890308817423.29,2.5
816708,2019-06-20,15,300000000.0,Transfer,Outside_bank,BANK_TRANSFER_GATEWAY,2019-06-20 15:00:00,566921,1,0,1,1,1,46204,989006,10890308817423.29,2.5
818086,2019-08-06,15,180000000.0,Transfer,Outside_bank,BANK_TRANSFER_GATEWAY,2019-08-06 15:00:00,775335,1,0,1,1,1,46204,989006,10890308817423.29,2.5
821164,2019-08-12,11,42000000.0,Transfer,Outside_bank,BANK_TRANSFER_GATEWAY,2019-08-12 11:00:00,1352081,1,0,1,1,1,46204,989006,10890308817423.29,2.5
821218,2019-04-08,11,80000000.0,Transfer,Outside_bank,BANK_TRANSFER_GATEWAY,2019-04-08 11:00:00,884222,1,0,3,1,1,46204,989006,10890308817423.29,2.5
822350,2019-04-09,20,204100000.0,Transfer,Outside_bank,BANK_TRANSFER_GATEWAY,2019-04-09 20:00:00,192681,1,0,1,1,1,46204,989006,10890308817423.29,2.5
822669,2019-11-03,9,50000000.0,Transfer,Outside_bank,BANK_TRANSFER_GATEWAY,2019-11-03 09:00:00,949444,1,0,15,1,1,46204,989006,10890308817423.29,2.5
823594,2019-11-23,11,334000000.0,Transfer,Outside_bank,BANK_TRANSFER_GATEWAY,2019-11-23 11:00:00,1373960,1,0,1,1,1,46204,989006,10890308817423.29,2.5
827471,2019-05-10,20,114800000.0,Transfer,Outside_bank,BANK_TRANSFER_GATEWAY,2019-05-10 20:00:00,343875,1,0,5,1,1,46204,989006,10890308817423.29,2.5
831273,2019-07-22,10,47000000.0,Transfer,Outside_bank,BANK_TRANSFER_GATEWAY,2019-07-22 10:00:00,726593,1,0,1,1,1,46204,989006,10890308817423.29,2.5
831590,2019-05-08,16,100000000.0,Transfer,Outside_bank,BANK_TRANSFER_GATEWAY,2019-05-08 16:00:00,330647,1,0,1,1,1,46204,989006,10890308817423.29,2.5
831773,2019-12-05,17,250000000.0,Transfer,Outside_bank,BANK_TRANSFER_GATEWAY,2019-12-05 17:00:00,1296052,1,0,1,1,1,46204,989006,10890308817423.29,2.5
833095,2019-08-13,12,69999000.0,Transfer,Outside_bank,BANK_TRANSFER_GATEWAY,2019-08-13 12:00:00,1019800,1,0,1,1,1,46204,989006,10890308817423.29,2.5
835244,2019-10-07,9,50000000.0,Transfer,Outside_bank,BANK_TRANSFER_GATEWAY,2019-10-07 09:00:00,1073716,1,0,4,1,1,46204,989006,10890308817423.29,2.5
836549,2019-10-19,10,50000000.0,Transfer,Outside_bank,BANK_TRANSFER_GATEWAY,2019-10-19 10:00:00,1366870,1,0,1,1,1,46204,989006,10890308817423.29,2.5
840400,2019-06-25,23,50000000.0,Transfer,Outside_bank,BANK_TRANSFER_GATEWAY,2019-06-25 23:00:00,583959,1,0,4,1,1,46204,989006,10890308817423.29,2.5
840475,2019-07-08,17,287404000.0,Transfer,Outside_bank,BANK_TRANSFER_GATEWAY,2019-07-08 17:00:00,255887,1,0,6,1,1,46204,989006,10890308817423.29,2.5
840746,2019-08-15,12,180000000.0,Transfer,Outside_bank,BANK_TRANSFER_GATEWAY,2019-08-15 12:00:00,157545,1,0,40,1,1,46204,989006,10890308817423.29,2.5
842408,2019-11-09,16,500000000.0,Transfer,Outside_bank,BANK_TRANSFER_GATEWAY,2019-11-09 16:00:00,1253258,1,0,2,1,1,46204,989006,10890308817423.29,2.5
842731,2019-11-05,14,75000000.0,Transfer,Outside_bank,BANK_TRANSFER_GATEWAY,2019-11-05 14:00:00,1208824,1,0,1,1,1,46204,989006,10890308817423.29,2.5
843031,2019-08-15,16,47360380.0,Transfer,Outside_bank,BANK_TRANSFER_GATEWAY,2019-08-15 16:00:00,805446,1,0,3,1,1,46204,989006,10890308817423.29,2.5
845951,2019-04-29,12,72000000.0,Transfer,Outside_bank,BANK_TRANSFER_GATEWAY,2019-04-29 12:00:00,295356,1,0,2,1,1,46204,989006,10890308817423.29,2.5
847323,2019-07-13,14,50000000.0,Transfer,Outside_bank,BANK_TRANSFER_GATEWAY,2019-07-13 14:00:00,671945,1,0,2,1,1,46204,989006,10890308817423.29,2.5
849127,2019-06-27,12,50000000.0,Transfer,Outside_bank,BANK_TRANSFER_GATEWAY,2019-06-27 12:00:00,532901,1,0,9,1,1,46204,989006,10890308817423.29,2.5
849516,2019-06-26,17,40000000.0,Transfer,Outside_bank,BANK_TRANSFER_GATEWAY,2019-06-26 17:00:00,593719,1,0,1,1,1,46204,989006,10890308817423.29,2.5
849582,2019-12-28,10,101300000.0,Transfer,Outside_bank,BANK_TRANSFER_GATEWAY,2019-12-28 10:00:00,1411577,1,0,1,1,1,46204,989006,10890308817423.29,2.5
849659,2019-08-20,8,50000000.0,Transfer,Outside_bank,BANK_TRANSFER_GATEWAY,2019-08-20 08:00:00,1256840,1,0,1,1,1,46204,989006,10890308817423.29,2.5
849692,2019-08-05,12,200000000.0,Transfer,Outside_bank,BANK_TRANSFER_GATEWAY,2019-08-05 12:00:00,1029172,1,0,1,1,1,46204,989006,10890308817423.29,2.5
851303,2019-08-17,9,100000000.0,Transfer,Outside_bank,BANK_TRANSFER_GATEWAY,2019-08-17 09:00:00,41070,1,0,28,1,1,46204,989006,10890308817423.29,2.5
851619,2019-12-30,17,50000000.0,Transfer,Outside_bank,BANK_TRANSFER_GATEWAY,2019-12-30 17:00:00,1339130,1,0,1,1,1,46204,989006,10890308817423.29,2.5
852390,2019-06-04,10,100000000.0,Transfer,Outside_bank,BANK_TRANSFER_GATEWAY,2019-06-04 10:00:00,458326,1,0,3,1,1,46204,989006,10890308817423.29,2.5
853023,2019-06-29,7,50000000.0,Transfer,Outside_bank,BANK_TRANSFER_GATEWAY,2019-06-29 07:00:00,1391555,1,0,1,1,1,46204,989006,10890308817423.29,2.5
858750,2019-09-07,9,240000000.0,Transfer,Outside_bank,BANK_TRANSFER_GATEWAY,2019-09-07 09:00:00,1356887,1,0,1,1,1,46204,989006,10890308817423.29,2.5
858951,2019-12-13,16,50000000.0,Transfer,Outside_bank,BANK_TRANSFER_GATEWAY,2019-12-13 16:00:00,1284856,1,0,4,1,1,46204,989006,10890308817423.29,2.5
860613,2019-03-02,9,50000000.0,Transfer,Outside_bank,BANK_TRANSFER_GATEWAY,2019-03-02 09:00:00,91221,1,0,1,1,1,46204,989006,10890308817423.29,2.5
861057,2019-03-05,16,240000000.0,Transfer,Outside_bank,BANK_TRANSFER_GATEWAY,2019-03-05 16:00:00,232324,1,0,1,1,1,46204,989006,10890308817423.29,2.5
861886,2019-07-30,9,50000000.0,Transfer,Outside_bank,BANK_TRANSFER_GATEWAY,2019-07-30 09:00:00,765020,1,0,1,1,1,46204,989006,10890308817423.29,2.5
862362,2019-10-22,17,97000000.0,Transfer,Outside_bank,BANK_TRANSFER_GATEWAY,2019-10-22 17:00:00,1369382,1,0,2,1,1,46204,989006,10890308817423.29,2.5
867216,2019-07-29,20,50000000.0,Transfer,Outside_bank,BANK_TRANSFER_GATEWAY,2019-07-29 20:00:00,834983,1,0,1,1,1,46204,989006,10890308817423.29,2.5
868395,2019-05-04,12,79800000.0,Transfer,Outside_bank,BANK_TRANSFER_GATEWAY,2019-05-04 12:00:00,254008,1,0,17,1,1,46204,989006,10890308817423.29,2.5
869233,2019-06-14,18,50000000.0,Transfer,Outside_bank,BANK_TRANSFER_GATEWAY,2019-06-14 18:00:00,502464,1,0,1,1,1,46204,989006,10890308817423.29,2.5
869748,2019-11-29,12,50000000.0,Transfer,Outside_bank,BANK_TRANSFER_GATEWAY,2019-11-29 12:00:00,1264332,1,0,2,1,1,46204,989006,10890308817423.29,2.5
874596,2019-10-15,19,44000000.0,Transfer,Outside_bank,BANK_TRANSFER_GATEWAY,2019-10-15 19:00:00,1173156,1,0,1,1,1,46204,989006,10890308817423.29,2.5
876025,2019-07-07,21,39000000.0,Transfer,Outside_bank,BANK_TRANSFER_GATEWAY,2019-07-07 21:00:00,559318,1,0,10,1,1,46204,989006,10890308817423.29,2.5
876468,2019-12-16,22,55500000.0,Transfer,Outside_bank,BANK_TRANSFER_GATEWAY,2019-12-16 22:00:00,1397569,1,0,1,1,1,46204,989006,10890308817423.29,2.5
876721,2019-10-30,19,50000000.0,Transfer,Outside_bank,BANK_TRANSFER_GATEWAY,2019-10-30 19:00:00,937547,1,0,10,1,1,46204,989006,10890308817423.29,2.5
876849,2019-08-27,16,50000000.0,Transfer,Outside_bank,BANK_TRANSFER_GATEWAY,2019-08-27 16:00:00,1405015,1,0,1,1,1,46204,989006,10890308817423.29,2.5
878424,2019-07-24,14,56055000.0,Transfer,Outside_bank,BANK_TRANSFER_GATEWAY,2019-07-24 14:00:00,739588,1,0,1,1,1,46204,989006,10890308817423.29,2.5
879453,2019-10-08,15,161165000.0,Transfer,Outside_bank,BANK_TRANSFER_GATEWAY,2019-10-08 15:00:00,1055448,1,0,1,1,1,46204,989006,10890308817423.29,2.5
879860,2019-10-30,9,50000000.0,Transfer,Outside_bank,BANK_TRANSFER_GATEWAY,2019-10-30 09:00:00,1112742,1,0,3,1,1,46204,989006,10890308817423.29,2.5
881380,2019-05-24,14,770000000.0,Transfer,Outside_bank,BANK_TRANSFER_GATEWAY,2019-05-24 14:00:00,400039,1,0,1,1,1,46204,989006,10890308817423.29,2.5
885415,2019-04-23,17,50000000.0,Transfer,Outside_bank,BANK_TRANSFER_GATEWAY,2019-04-23 17:00:00,271441,1,0,1,1,1,46204,989006,10890308817423.29,2.5
887321,2019-05-21,17,50000000.0,Transfer,Outside_bank,BANK_TRANSFER_GATEWAY,2019-05-21 17:00:00,387321,1,0,1,1,1,46204,989006,10890308817423.29,2.5
887561,2019-05-30,19,48500000.0,Transfer,Outside_bank,BANK_TRANSFER_GATEWAY,2019-05-30 19:00:00,730765,1,0,3,1,1,46204,989006,10890308817423.29,2.5
888194,2019-02-21,1,50000000.0,Transfer,Outside_bank,BANK_TRANSFER_GATEWAY,2019-02-21 01:00:00,10278,1,0,3,1,1,46204,989006,10890308817423.29,2.5
890571,2019-04-25,15,50000000.0,Transfer,Outside_bank,BANK_TRANSFER_GATEWAY,2019-04-25 15:00:00,255149,1,0,2,1,1,46204,989006,10890308817423.29,2.5
893949,2019-08-30,15,50000000.0,Transfer,Outside_bank,BANK_TRANSFER_GATEWAY,2019-08-30 15:00:00,1083472,1,0,1,1,1,46204,989006,10890308817423.29,2.5
895717,2019-12-09,15,50000000.0,Transfer,Outside_bank,BANK_TRANSFER_GATEWAY,2019-12-09 15:00:00,765704,1,0,9,1,1,46204,989006,10890308817423.29,2.5
896578,2019-11-13,15,48000000.0,Transfer,Outside_bank,BANK_TRANSFER_GATEWAY,2019-11-13 15:00:00,1366093,1,0,11,1,1,46204,989006,10890308817423.29,2.5
897481,2019-01-09,15,50000000.0,Transfer,Outside_bank,BANK_TRANSFER_GATEWAY,2019-01-09 15:00:00,10223,1,0,2,1,1,46204,989006,10890308817423.29,2.5
899585,2019-11-01,15,100000000.0,Transfer,Outside_bank,BANK_TRANSFER_GATEWAY,2019-11-01 15:00:00,1384953,1,0,1,1,1,46204,989006,10890308817423.29,2.5
902162,2019-12-03,13,128500000.0,Transfer,Outside_bank,BANK_TRANSFER_GATEWAY,2019-12-03 13:00:00,1294071,1,0,3,1,1,46204,989006,10890308817423.29,2.5
905307,2019-08-15,14,49550000.0,Transfer,Outside_bank,BANK_TRANSFER_GATEWAY,2019-08-15 14:00:00,858318,1,0,4,1,1,46204,989006,10890308817423.29,2.5
906426,2019-12-28,10,48000000.0,Transfer,Outside_bank,BANK_TRANSFER_GATEWAY,2019-12-28 10:00:00,1355079,1,0,2,1,1,46204,989006,10890308817423.29,2.5
906767,2019-10-31,15,692804542.0,Transfer,Outside_bank,BANK_TRANSFER_GATEWAY,2019-10-31 15:00:00,1335556,1,0,1,1,1,46204,989006,10890308817423.29,2.5
910128,2019-11-20,15,50000000.0,Transfer,Outside_bank,BANK_TRANSFER_GATEWAY,2019-11-20 15:00:00,1398299,1,0,2,1,1,46204,989006,10890308817423.29,2.5
910828,2019-11-07,18,40000000.0,Transfer,Outside_bank,BANK_TRANSFER_GATEWAY,2019-11-07 18:00:00,325935,1,0,19,1,1,46204,989006,10890308817423.29,2.5
911799,2019-07-31,13,50000000.0,Transfer,Outside_bank,BANK_TRANSFER_GATEWAY,2019-07-31 13:00:00,866668,1,0,2,1,1,46204,989006,10890308817423.29,2.5
914501,2019-11-25,15,100000000.0,Transfer,Outside_bank,BANK_TRANSFER_GATEWAY,2019-11-25 15:00:00,372860,1,0,11,1,1,46204,989006,10890308817423.29,2.5
915483,2019-08-23,7,50000000.0,Transfer,Outside_bank,BANK_TRANSFER_GATEWAY,2019-08-23 07:00:00,801637,1,0,1,1,1,46204,989006,10890308817423.29,2.5
918102,2019-06-12,14,40000000.0,Transfer,Outside_bank,BANK_TRANSFER_GATEWAY,2019-06-12 14:00:00,216351,1,0,9,1,1,46204,989006,10890308817423.29,2.5
921009,2019-12-04,16,71200000.0,Transfer,Outside_bank,BANK_TRANSFER_GATEWAY,2019-12-04 16:00:00,1290327,1,0,14,1,1,46204,989006,10890308817423.29,2.5
921541,2019-10-04,8,300000000.0,Transfer,Outside_bank,BANK_TRANSFER_GATEWAY,2019-10-04 08:00:00,1361361,1,0,1,1,1,46204,989006,10890308817423.29,2.5
921789,2019-10-22,18,104000000.0,Transfer,Outside_bank,BANK_TRANSFER_GATEWAY,2019-10-22 18:00:00,1293608,1,0,1,1,1,46204,989006,10890308817423.29,2.5
923740,2019-11-26,9,50000000.0,Transfer,Outside_bank,BANK_TRANSFER_GATEWAY,2019-11-26 09:00:00,1283193,1,0,3,1,1,46204,989006,10890308817423.29,2.5
925253,2019-09-12,9,50000000.0,Transfer,Outside_bank,BANK_TRANSFER_GATEWAY,2019-09-12 09:00:00,866282,1,0,10,1,1,46204,989006,10890308817423.29,2.5
925507,2019-09-11,8,300000000.0,Transfer,Outside_bank,BANK_TRANSFER_GATEWAY,2019-09-11 08:00:00,1180127,1,0,1,1,1,46204,989006,10890308817423.29,2.5
928137,2019-05-01,22,40000000.0,Transfer,Outside_bank,BANK_TRANSFER_GATEWAY,2019-05-01 22:00:00,251817,1,0,1,1,1,46204,989006,10890308817423.29,2.5
929352,2019-08-28,12,50000000.0,Transfer,Outside_bank,BANK_TRANSFER_GATEWAY,2019-08-28 12:00:00,783432,1,0,11,1,1,46204,989006,10890308817423.29,2.5
930299,2019-05-27,15,50000000.0,Transfer,Outside_bank,BANK_TRANSFER_GATEWAY,2019-05-27 15:00:00,598117,1,0,1,1,1,46204,989006,10890308817423.29,2.5
933153,2019-12-16,14,300000000.0,Transfer,Outside_bank,BANK_TRANSFER_GATEWAY,2019-12-16 14:00:00,1412354,1,0,1,1,1,46204,989006,10890308817423.29,2.5
934661,2019-11-23,21,40000000.0,Transfer,Outside_bank,BANK_TRANSFER_GATEWAY,2019-11-23 21:00:00,1257411,1,0,1,1,1,46204,989006,10890308817423.29,2.5
934774,2019-06-05,14,107108000.0,Transfer,Outside_bank,BANK_TRANSFER_GATEWAY,2019-06-05 14:00:00,195608,1,0,7,1,1,46204,989006,10890308817423.29,2.5
935660,2019-05-11,17,55733600.0,Transfer,Outside_bank,BANK_TRANSFER_GATEWAY,2019-05-11 17:00:00,724799,1,0,1,1,1,46204,989006,10890308817423.29,2.5
936269,2019-10-04,12,100000000.0,Transfer,Outside_bank,BANK_TRANSFER_GATEWAY,2019-10-04 12:00:00,1065967,1,0,14,1,1,46204,989006,10890308817423.29,2.5
937316,2019-12-13,15,50000000.0,Transfer,Outside_bank,BANK_TRANSFER_GATEWAY,2019-12-13 15:00:00,1364758,1,0,3,1,1,46204,989006,10890308817423.29,2.5
943934,2019-06-03,14,50000000.0,Transfer,Outside_bank,BANK_TRANSFER_GATEWAY,2019-06-03 14:00:00,441979,1,0,1,1,1,46204,989006,10890308817423.29,2.5
948014,2019-04-23,20,42000000.0,Transfer,Outside_bank,BANK_TRANSFER_GATEWAY,2019-04-23 20:00:00,161027,1,0,7,1,1,46204,989006,10890308817423.29,2.5
950161,2019-06-03,12,50000000.0,Transfer,Outside_bank,BANK_TRANSFER_GATEWAY,2019-06-03 12:00:00,453420,1,0,5,1,1,46204,989006,10890308817423.29,2.5
950471,2019-02-20,18,301800000.0,Transfer,Outside_bank,BANK_TRANSFER_GATEWAY,2019-02-20 18:00:00,52592,1,0,1,1,1,46204,989006,10890308817423.29,2.5
951798,2019-03-30,12,100000000.0,Transfer,Outside_bank,BANK_TRANSFER_GATEWAY,2019-03-30 12:00:00,139853,1,0,3,1,1,46204,989006,10890308817423.29,2.5
956298,2019-11-03,9,50000000.0,Transfer,Outside_bank,BANK_TRANSFER_GATEWAY,2019-11-03 09:00:00,1398957,1,0,1,1,1,46204,989006,10890308817423.29,2.5
956672,2019-08-30,15,45000000.0,Transfer,Outside_bank,BANK_TRANSFER_GATEWAY,2019-08-30 15:00:00,919060,1,0,6,1,1,46204,989006,10890308817423.29,2.5
958974,2019-09-16,9,53253000.0,Transfer,Outside_bank,BANK_TRANSFER_GATEWAY,2019-09-16 09:00:00,998330,1,0,1,1,1,46204,989006,10890308817423.29,2.5
960667,2019-05-16,15,40000000.0,Transfer,Outside_bank,BANK_TRANSFER_GATEWAY,2019-05-16 15:00:00,366350,1,0,1,1,1,46204,989006,10890308817423.29,2.5
961012,2019-08-29,15,190000000.0,Transfer,Outside_bank,BANK_TRANSFER_GATEWAY,2019-08-29 15:00:00,901762,1,0,2,1,1,46204,989006,10890308817423.29,2.5
961167,2019-07-03,21,49900000.0,Transfer,Outside_bank,BANK_TRANSFER_GATEWAY,2019-07-03 21:00:00,911986,1,0,1,1,1,46204,989006,10890308817423.29,2.5
961445,2019-10-17,16,47000000.0,Transfer,Outside_bank,BANK_TRANSFER_GATEWAY,2019-10-17 16:00:00,1364038,1,0,1,1,1,46204,989006,10890308817423.29,2.5
963330,2019-12-30,15,47000000.0,Transfer,Outside_bank,BANK_TRANSFER_GATEWAY,2019-12-30 15:00:00,250650,1,0,31,1,1,46204,989006,10890308817423.29,2.5
966080,2019-12-12,19,50000000.0,Transfer,Outside_bank,BANK_TRANSFER_GATEWAY,2019-12-12 19:00:00,1312949,1,0,1,1,1,46204,989006,10890308817423.29,2.5
967718,2019-12-16,15,50000000.0,Transfer,Outside_bank,BANK_TRANSFER_GATEWAY,2019-12-16 15:00:00,1388845,1,0,5,1,1,46204,989006,10890308817423.29,2.5
969127,2019-07-30,7,160000000.0,Transfer,Outside_bank,BANK_TRANSFER_GATEWAY,2019-07-30 07:00:00,1352523,1,0,1,1,1,46204,989006,10890308817423.29,2.5
969314,2019-08-24,15,50000000.0,Transfer,Outside_bank,BANK_TRANSFER_GATEWAY,2019-08-24 15:00:00,1355762,1,0,3,1,1,46204,989006,10890308817423.29,2.5
969573,2019-08-07,17,97220000.0,Transfer,Outside_bank,BANK_TRANSFER_GATEWAY,2019-08-07 17:00:00,587902,1,0,2,1,1,46204,989006,10890308817423.29,2.5
969635,2019-09-05,18,49000000.0,Transfer,Outside_bank,BANK_TRANSFER_GATEWAY,2019-09-05 18:00:00,1410970,1,0,1,1,1,46204,989006,10890308817423.29,2.5
969864,2019-05-30,10,50000000.0,Transfer,Outside_bank,BANK_TRANSFER_GATEWAY,2019-05-30 10:00:00,432813,1,0,1,1,1,46204,989006,10890308817423.29,2.5
971105,2019-11-22,14,40000000.0,Transfer,Outside_bank,BANK_TRANSFER_GATEWAY,2019-11-22 14:00:00,1259901,1,0,1,1,1,46204,989006,10890308817423.29,2.5
971876,2019-05-10,19,700000000.0,Transfer,Outside_bank,BANK_TRANSFER_GATEWAY,2019-05-10 19:00:00,342953,1,0,1,1,1,46204,989006,10890308817423.29,2.5
976491,2019-11-20,19,50000000.0,Transfer,Outside_bank,BANK_TRANSFER_GATEWAY,2019-11-20 19:00:00,1320250,1,0,3,1,1,46204,989006,10890308817423.29,2.5
976823,2019-08-19,10,50000000.0,Transfer,Outside_bank,BANK_TRANSFER_GATEWAY,2019-08-19 10:00:00,1289696,1,0,1,1,1,46204,989006,10890308817423.29,2.5
978159,2019-10-23,8,40000000.0,Transfer,Outside_bank,BANK_TRANSFER_GATEWAY,2019-10-23 08:00:00,1139673,1,0,1,1,1,46204,989006,10890308817423.29,2.5
979287,2019-12-05,14,45500000.0,Transfer,Outside_bank,BANK_TRANSFER_GATEWAY,2019-12-05 14:00:00,1258935,1,0,12,1,1,46204,989006,10890308817423.29,2.5
979588,2019-11-23,17,49000000.0,Transfer,Outside_bank,BANK_TRANSFER_GATEWAY,2019-11-23 17:00:00,1284711,1,0,1,1,1,46204,989006,10890308817423.29,2.5
987512,2019-06-07,12,50000000.0,Transfer,Outside_bank,BANK_TRANSFER_GATEWAY,2019-06-07 12:00:00,784916,1,0,1,1,1,46204,989006,10890308817423.29,2.5
989971,2019-12-03,5,50000000.0,Transfer,Outside_bank,BANK_TRANSFER_GATEWAY,2019-12-03 05:00:00,1294252,1,0,8,1,1,46204,989006,10890308817423.29,2.5
991643,2019-12-04,22,45000000.0,Transfer,Outside_bank,BANK_TRANSFER_GATEWAY,2019-12-04 22:00:00,571262,1,0,66,1,1,46204,989006,10890308817423.29,2.5
994046,2019-12-10,13,50000000.0,Transfer,Outside_bank,BANK_TRANSFER_GATEWAY,2019-12-10 13:00:00,939766,1,0,4,1,1,46204,989006,10890308817423.29,2.5
995405,2019-11-25,11,80000000.0,Transfer,Outside_bank,BANK_TRANSFER_GATEWAY,2019-11-25 11:00:00,1398365,1,0,1,1,1,46204,989006,10890308817423.29,2.5
996209,2019-10-16,7,60932000.0,Transfer,Outside_bank,BANK_TRANSFER_GATEWAY,2019-10-16 07:00:00,1239156,1,0,1,1,1,46204,989006,10890308817423.29,2.5
996811,2019-11-18,14,50000000.0,Transfer,Outside_bank,BANK_TRANSFER_GATEWAY,2019-11-18 14:00:00,1263301,1,0,1,1,1,46204,989006,10890308817423.29,2.5
998696,2019-08-12,18,45000000.0,Transfer,Outside_bank,BANK_TRANSFER_GATEWAY,2019-08-12 18:00:00,896626,1,0,1,1,1,46204,989006,10890308817423.29,2.5
