CUSTOMER_NUMBER,TRANS_DATE,TRANS_HOUR,TRANS_AMOUNT,Device_OS,ts_dt,tx_id,prev_os,prev_ts,is_os_changed,time_diff_hours,IS_OS_DRIFT,IS_RARE_OS,risk_score
68,2019-10-16,19,2178000.0,IOS,2019-10-16 19:00:00,126325,WEB,2019-10-16 16:00:00,1,3.0,1,0,2.0
68,2019-10-16,21,315000.0,ANDROID,2019-10-16 21:00:00,126545,IOS,2019-10-16 19:00:00,1,2.0,1,0,2.0
386,2019-08-23,13,2003000.0,WEB,2019-08-23 13:00:00,899913,ANDROID,2019-08-22 14:00:00,1,23.0,1,0,2.0
482,2019-11-28,12,20000.0,WEB,2019-11-28 12:00:00,646947,ANDROID,2019-11-28 09:00:00,1,3.0,1,0,2.0
1101,2019-09-20,9,100000.0,WEB,2019-09-20 09:00:00,206891,ANDROID,2019-09-19 14:00:00,1,19.0,1,0,2.0
1149,2019-09-03,22,282680000.0,IOS,2019-09-03 22:00:00,561841,WEB,2019-09-03 14:00:00,1,8.0,1,0,2.0
1149,2019-09-04,9,65800000.0,ANDROID,2019-09-04 09:00:00,561820,IOS,2019-09-03 22:00:00,1,11.0,1,0,2.0
1186,2019-12-25,21,4000000.0,ANDROID,2019-12-25 21:00:00,696908,IOS,2019-12-25 09:00:00,1,12.0,1,0,2.0
1193,2019-12-14,17,200000.0,IOS,2019-12-14 17:00:00,1019679,ANDROID,2019-12-14 14:00:00,1,3.0,1,0,2.0
1193,2019-12-25,19,6000000.0,WEB,2019-12-25 19:00:00,1019688,IOS,2019-12-25 19:00:00,1,0.0,1,0,2.0
1193,2019-12-25,20,452093.0,ANDROID,2019-12-25 20:00:00,1019671,WEB,2019-12-25 19:00:00,1,1.0,1,0,2.0
1368,2019-11-20,13,5537.0,IOS,2019-11-20 13:00:00,1374981,WEB,2019-11-20 09:00:00,1,4.0,1,0,2.0
2007,2019-09-06,17,4550000.0,ANDROID,2019-09-06 17:00:00,504809,IOS,2019-09-06 14:00:00,1,3.0,1,0,2.0
2021,2019-09-24,0,250000.0,IOS,2019-09-24 00:00:00,636809,ANDROID,2019-09-23 22:00:00,1,2.0,1,0,2.0
2169,2019-12-27,15,120000.0,ANDROID,2019-12-27 15:00:00,1202301,IOS,2019-12-26 16:00:00,1,23.0,1,0,2.0
2169,2019-12-27,18,400000.0,WEB,2019-12-27 18:00:00,1202310,ANDROID,2019-12-27 15:00:00,1,3.0,1,0,2.0
2273,2019-09-24,18,4500000.0,WEB,2019-09-24 18:00:00,464764,IOS,2019-09-23 21:00:00,1,21.0,1,0,2.0
2746,2019-06-26,9,1000000.0,ANDROID,2019-06-26 09:00:00,335443,IOS,2019-06-25 20:00:00,1,13.0,1,0,2.0
2746,2019-06-26,20,500000.0,WEB,2019-06-26 20:00:00,335433,ANDROID,2019-06-26 09:00:00,1,11.0,1,0,2.0
2746,2019-06-27,6,50000.0,IOS,2019-06-27 06:00:00,335424,WEB,2019-06-26 20:00:00,1,10.0,1,0,2.0
2944,2019-10-06,12,1000000.0,IOS,2019-10-06 12:00:00,543984,ANDROID,2019-10-05 23:00:00,1,13.0,1,0,2.0
2944,2019-10-06,12,9000000.0,ANDROID,2019-10-06 12:00:00,544025,IOS,2019-10-06 12:00:00,1,0.0,1,0,2.0
2944,2019-10-06,13,100000.0,IOS,2019-10-06 13:00:00,543983,ANDROID,2019-10-06 12:00:00,1,1.0,1,0,2.0
2944,2019-12-22,14,536000.0,IOS,2019-12-22 14:00:00,543954,WEB,2019-12-22 12:00:00,1,2.0,1,0,2.0
3138,2019-11-11,11,5500000.0,ANDROID,2019-11-11 11:00:00,1144707,WEB,2019-11-11 08:00:00,1,3.0,1,0,2.0
3138,2019-11-11,14,280000.0,IOS,2019-11-11 14:00:00,1144690,ANDROID,2019-11-11 11:00:00,1,3.0,1,0,2.0
3850,2019-08-03,14,57000000.0,IOS,2019-08-03 14:00:00,676995,ANDROID,2019-08-02 19:00:00,1,19.0,1,0,2.0
3940,2019-11-20,10,10000.0,ANDROID,2019-11-20 10:00:00,796410,WEB,2019-11-20 08:00:00,1,2.0,1,0,2.0
4380,2019-07-10,17,20000000.0,WEB,2019-07-10 17:00:00,521962,IOS,2019-07-09 18:00:00,1,23.0,1,0,2.0
5066,2019-11-02,14,3000000.0,ANDROID,2019-11-02 14:00:00,1262128,WEB,2019-11-01 21:00:00,1,17.0,1,0,2.0
5084,2019-07-02,12,12000000.0,WEB,2019-07-02 12:00:00,140909,ANDROID,2019-07-01 18:00:00,1,18.0,1,0,2.0
5084,2019-07-02,12,4760000.0,ANDROID,2019-07-02 12:00:00,140938,WEB,2019-07-02 12:00:00,1,0.0,1,0,2.0
5203,2019-09-27,8,9000000.0,WEB,2019-09-27 08:00:00,1021052,ANDROID,2019-09-26 22:00:00,1,10.0,1,0,2.0
5203,2019-09-27,14,3000000.0,IOS,2019-09-27 14:00:00,1021121,WEB,2019-09-27 08:00:00,1,6.0,1,0,2.0
5234,2019-09-21,0,800000.0,ANDROID,2019-09-21 00:00:00,1020844,IOS,2019-09-20 18:00:00,1,6.0,1,0,2.0
5234,2019-09-21,12,3000000.0,IOS,2019-09-21 12:00:00,1020848,ANDROID,2019-09-21 11:00:00,1,1.0,1,0,2.0
5234,2019-09-21,15,85000.0,ANDROID,2019-09-21 15:00:00,1020849,IOS,2019-09-21 14:00:00,1,1.0,1,0,2.0
6779,2019-09-16,23,500000.0,WEB,2019-09-16 23:00:00,897205,ANDROID,2019-09-16 17:00:00,1,6.0,1,0,2.0
6779,2019-09-17,0,50000.0,ANDROID,2019-09-17 00:00:00,897255,WEB,2019-09-16 23:00:00,1,1.0,1,0,2.0
6845,2019-11-11,9,2000000.0,IOS,2019-11-11 09:00:00,238016,ANDROID,2019-11-10 17:00:00,1,16.0,1,0,2.0
6848,2019-12-08,11,10000.0,IOS,2019-12-08 11:00:00,915060,WEB,2019-12-07 18:00:00,1,17.0,1,0,2.0
6995,2019-11-05,14,100000.0,IOS,2019-11-05 14:00:00,937339,ANDROID,2019-11-04 18:00:00,1,20.0,1,0,2.0
7005,2019-11-29,17,970000.0,IOS,2019-11-29 17:00:00,362669,ANDROID,2019-11-28 18:00:00,1,23.0,1,0,2.0
7012,2019-10-10,19,147420000.0,WEB,2019-10-10 19:00:00,769924,ANDROID,2019-10-09 20:00:00,1,23.0,1,0,2.0
7012,2019-10-11,14,138886050.0,ANDROID,2019-10-11 14:00:00,769923,WEB,2019-10-10 19:00:00,1,19.0,1,0,2.0
7012,2019-10-19,9,11000000.0,IOS,2019-10-19 09:00:00,769995,ANDROID,2019-10-18 19:00:00,1,14.0,1,0,2.0
7012,2019-10-19,11,134308760.0,WEB,2019-10-19 11:00:00,769928,IOS,2019-10-19 10:00:00,1,1.0,1,0,2.0
7012,2019-10-19,19,100745000.0,IOS,2019-10-19 19:00:00,769753,WEB,2019-10-19 12:00:00,1,7.0,1,0,2.0
7012,2019-10-20,9,1759000.0,ANDROID,2019-10-20 09:00:00,770059,IOS,2019-10-19 19:00:00,1,14.0,1,0,2.0
7031,2019-08-30,10,500000.0,ANDROID,2019-08-30 10:00:00,901829,WEB,2019-08-30 08:00:00,1,2.0,1,0,2.0
7496,2019-12-24,11,10000.0,ANDROID,2019-12-24 11:00:00,1329288,WEB,2019-12-23 18:00:00,1,17.0,1,0,2.0
7870,2019-12-04,22,34886.0,WEB,2019-12-04 22:00:00,1021282,ANDROID,2019-12-04 09:00:00,1,13.0,1,0,2.0
8256,2019-08-13,14,128000.0,ANDROID,2019-08-13 14:00:00,300102,WEB,2019-08-13 13:00:00,1,1.0,1,0,2.0
8517,2019-10-21,9,500000.0,WEB,2019-10-21 09:00:00,837521,IOS,2019-10-20 12:00:00,1,21.0,1,0,2.0
8517,2019-12-06,8,220000.0,WEB,2019-12-06 08:00:00,837501,IOS,2019-12-05 13:00:00,1,19.0,1,0,2.0
8531,2019-10-27,16,2500000.0,ANDROID,2019-10-27 16:00:00,700875,WEB,2019-10-27 09:00:00,1,7.0,1,0,2.0
8566,2019-09-01,10,30000000.0,WEB,2019-09-01 10:00:00,9088,ANDROID,2019-09-01 08:00:00,1,2.0,1,0,2.0
8566,2019-12-28,11,150000000.0,WEB,2019-12-28 11:00:00,9112,IOS,2019-12-28 09:00:00,1,2.0,1,0,2.0
8635,2019-11-13,18,675000.0,IOS,2019-11-13 18:00:00,633610,ANDROID,2019-11-13 15:00:00,1,3.0,1,0,2.0
8828,2019-10-22,0,4000000.0,ANDROID,2019-10-22 00:00:00,690081,IOS,2019-10-21 10:00:00,1,14.0,1,0,2.0
8994,2019-12-19,12,1000000.0,ANDROID,2019-12-19 12:00:00,988559,IOS,2019-12-19 10:00:00,1,2.0,1,0,2.0
8994,2019-12-20,10,250000.0,IOS,2019-12-20 10:00:00,988582,ANDROID,2019-12-19 14:00:00,1,20.0,1,0,2.0
9303,2019-09-25,13,250000.0,IOS,2019-09-25 13:00:00,119973,ANDROID,2019-09-24 21:00:00,1,16.0,1,0,2.0
9303,2019-09-25,19,3701000.0,WEB,2019-09-25 19:00:00,120057,IOS,2019-09-25 13:00:00,1,6.0,1,0,2.0
9303,2019-12-19,10,5000000.0,ANDROID,2019-12-19 10:00:00,120164,IOS,2019-12-18 19:00:00,1,15.0,1,0,2.0
9490,2019-11-28,14,19000000.0,ANDROID,2019-11-28 14:00:00,1247993,WEB,2019-11-28 10:00:00,1,4.0,1,0,2.0
9490,2019-11-29,10,10000000.0,WEB,2019-11-29 10:00:00,1248013,ANDROID,2019-11-28 14:00:00,1,20.0,1,0,2.0
9578,2019-12-31,15,1576000.0,IOS,2019-12-31 15:00:00,957359,WEB,2019-12-31 14:00:00,1,1.0,1,0,2.0
9578,2019-12-31,18,1900000.0,WEB,2019-12-31 18:00:00,957367,IOS,2019-12-31 15:00:00,1,3.0,1,0,2.0
9589,2019-12-14,9,14000.0,IOS,2019-12-14 09:00:00,897408,WEB,2019-12-13 15:00:00,1,18.0,1,0,2.0
9711,2019-09-09,15,400000.0,WEB,2019-09-09 15:00:00,1005223,ANDROID,2019-09-08 21:00:00,1,18.0,1,0,2.0
10026,2019-12-13,14,6000000.0,IOS,2019-12-13 14:00:00,1202951,WEB,2019-12-13 09:00:00,1,5.0,1,0,2.0
10026,2019-12-14,9,1500000.0,ANDROID,2019-12-14 09:00:00,1202954,IOS,2019-12-13 14:00:00,1,19.0,1,0,2.0
10399,2019-08-13,11,100000.0,ANDROID,2019-08-13 11:00:00,786778,IOS,2019-08-12 13:00:00,1,22.0,1,0,2.0
10441,2019-11-17,12,100000.0,IOS,2019-11-17 12:00:00,886593,WEB,2019-11-16 15:00:00,1,21.0,1,0,2.0
10448,2019-08-29,19,4000000.0,WEB,2019-08-29 19:00:00,94207,IOS,2019-08-28 21:00:00,1,22.0,1,0,2.0
10529,2019-09-12,14,200000.0,WEB,2019-09-12 14:00:00,717213,ANDROID,2019-09-12 09:00:00,1,5.0,1,0,2.0
10639,2019-11-26,17,400000.0,IOS,2019-11-26 17:00:00,396662,ANDROID,2019-11-25 22:00:00,1,19.0,1,0,2.0
10663,2019-12-10,16,900000.0,WEB,2019-12-10 16:00:00,1227635,ANDROID,2019-12-09 18:00:00,1,22.0,1,0,2.0
10663,2019-12-17,7,100000.0,IOS,2019-12-17 07:00:00,1227640,ANDROID,2019-12-16 18:00:00,1,13.0,1,0,2.0
11917,2019-11-01,11,1575000.0,WEB,2019-11-01 11:00:00,991607,IOS,2019-11-01 11:00:00,1,0.0,1,0,2.0
11917,2019-11-02,9,500000.0,ANDROID,2019-11-02 09:00:00,991594,WEB,2019-11-01 11:00:00,1,22.0,1,0,2.0
11917,2019-12-01,21,50000.0,WEB,2019-12-01 21:00:00,991672,IOS,2019-12-01 09:00:00,1,12.0,1,0,2.0
11917,2019-12-23,18,370000.0,WEB,2019-12-23 18:00:00,991675,ANDROID,2019-12-22 23:00:00,1,19.0,1,0,2.0
11944,2019-06-26,0,400000.0,ANDROID,2019-06-26 00:00:00,525124,WEB,2019-06-25 22:00:00,1,2.0,1,0,2.0
12026,2019-12-26,10,500000.0,IOS,2019-12-26 10:00:00,776208,WEB,2019-12-25 11:00:00,1,23.0,1,0,2.0
12037,2019-08-15,18,100000.0,WEB,2019-08-15 18:00:00,409085,IOS,2019-08-15 16:00:00,1,2.0,1,0,2.0
12124,2019-10-01,13,20000.0,ANDROID,2019-10-01 13:00:00,910463,WEB,2019-09-30 14:00:00,1,23.0,1,0,2.0
12399,2019-07-16,12,10000.0,IOS,2019-07-16 12:00:00,964708,WEB,2019-07-16 08:00:00,1,4.0,1,0,2.0
12530,2019-01-30,15,3000000.0,WEB,2019-01-30 15:00:00,14465,ANDROID,2019-01-30 13:00:00,1,2.0,1,0,2.0
12530,2019-01-31,9,1000000.0,IOS,2019-01-31 09:00:00,14450,WEB,2019-01-30 15:00:00,1,18.0,1,0,2.0
12718,2019-11-16,13,25000.0,WEB,2019-11-16 13:00:00,444651,IOS,2019-11-15 17:00:00,1,20.0,1,0,2.0
13625,2019-11-26,12,50000.0,ANDROID,2019-11-26 12:00:00,1160556,IOS,2019-11-25 18:00:00,1,18.0,1,0,2.0
13625,2019-11-27,8,6000000.0,IOS,2019-11-27 08:00:00,1160535,ANDROID,2019-11-26 19:00:00,1,13.0,1,0,2.0
14201,2019-12-18,9,250000.0,IOS,2019-12-18 09:00:00,1193448,ANDROID,2019-12-17 20:00:00,1,13.0,1,0,2.0
14301,2019-09-08,17,53000.0,WEB,2019-09-08 17:00:00,1357250,IOS,2019-09-08 17:00:00,1,0.0,1,0,2.0
14871,2019-05-31,20,150000000.0,IOS,2019-05-31 20:00:00,320802,ANDROID,2019-05-31 18:00:00,1,2.0,1,0,2.0
14939,2019-12-16,13,10000.0,WEB,2019-12-16 13:00:00,974681,IOS,2019-12-15 17:00:00,1,20.0,1,0,2.0
14962,2019-08-16,10,1000000.0,ANDROID,2019-08-16 10:00:00,967359,IOS,2019-08-15 11:00:00,1,23.0,1,0,2.0
15034,2019-12-16,10,10000.0,WEB,2019-12-16 10:00:00,1385205,IOS,2019-12-16 09:00:00,1,1.0,1,0,2.0
15165,2019-11-11,8,200000.0,ANDROID,2019-11-11 08:00:00,1216019,IOS,2019-11-10 22:00:00,1,10.0,1,0,2.0
15165,2019-11-11,13,2050000.0,IOS,2019-11-11 13:00:00,1216018,ANDROID,2019-11-11 12:00:00,1,1.0,1,0,2.0
15165,2019-11-11,16,1550000.0,ANDROID,2019-11-11 16:00:00,1216031,IOS,2019-11-11 15:00:00,1,1.0,1,0,2.0
15169,2019-12-07,19,500000.0,ANDROID,2019-12-07 19:00:00,1004857,WEB,2019-12-07 10:00:00,1,9.0,1,0,2.0
15169,2019-12-08,8,100000.0,WEB,2019-12-08 08:00:00,1004852,ANDROID,2019-12-07 19:00:00,1,13.0,1,0,2.0
15572,2019-09-19,17,22000.0,WEB,2019-09-19 17:00:00,644663,IOS,2019-09-18 18:00:00,1,23.0,1,0,2.0
15764,2019-12-02,10,1000000.0,WEB,2019-12-02 10:00:00,717029,IOS,2019-12-02 09:00:00,1,1.0,1,0,2.0
15764,2019-12-03,8,84000000.0,ANDROID,2019-12-03 08:00:00,716993,WEB,2019-12-02 22:00:00,1,10.0,1,0,2.0
15938,2019-08-07,15,16100000.0,IOS,2019-08-07 15:00:00,583026,ANDROID,2019-08-06 20:00:00,1,19.0,1,0,2.0
16120,2019-10-10,10,78190000.0,ANDROID,2019-10-10 10:00:00,740434,IOS,2019-10-09 16:00:00,1,18.0,1,0,2.0
16343,2019-07-24,14,9134079.0,ANDROID,2019-07-24 14:00:00,398571,IOS,2019-07-24 14:00:00,1,0.0,1,0,2.0
16376,2019-12-12,15,105000.0,ANDROID,2019-12-12 15:00:00,383719,WEB,2019-12-12 08:00:00,1,7.0,1,0,2.0
16376,2019-12-12,16,300000.0,IOS,2019-12-12 16:00:00,383730,ANDROID,2019-12-12 15:00:00,1,1.0,1,0,2.0
16565,2019-12-04,19,7500000.0,WEB,2019-12-04 19:00:00,1083661,IOS,2019-12-04 18:00:00,1,1.0,1,0,2.0
16565,2019-12-05,7,1750000.0,IOS,2019-12-05 07:00:00,1083646,WEB,2019-12-04 19:00:00,1,12.0,1,0,2.0
16705,2019-08-19,22,2770000.0,IOS,2019-08-19 22:00:00,823728,WEB,2019-08-19 07:00:00,1,15.0,1,0,2.0
16884,2019-10-28,13,1590000.0,ANDROID,2019-10-28 13:00:00,631038,IOS,2019-10-27 18:00:00,1,19.0,1,0,2.0
16884,2019-12-29,8,1500000.0,ANDROID,2019-12-29 08:00:00,631121,WEB,2019-12-28 17:00:00,1,15.0,1,0,2.0
16940,2019-11-14,10,14000.0,WEB,2019-11-14 10:00:00,38997,ANDROID,2019-11-13 20:00:00,1,14.0,1,0,2.0
16940,2019-11-15,12,26000.0,ANDROID,2019-11-15 12:00:00,38996,WEB,2019-11-14 15:00:00,1,21.0,1,0,2.0
17608,2019-12-24,17,6000000.0,WEB,2019-12-24 17:00:00,946169,ANDROID,2019-12-24 16:00:00,1,1.0,1,0,2.0
18244,2019-10-02,7,260000.0,IOS,2019-10-02 07:00:00,750022,ANDROID,2019-10-01 21:00:00,1,10.0,1,0,2.0
18244,2019-12-21,17,25000.0,IOS,2019-12-21 17:00:00,750028,ANDROID,2019-12-20 22:00:00,1,19.0,1,0,2.0
18313,2019-11-15,16,50000.0,IOS,2019-11-15 16:00:00,22801,ANDROID,2019-11-15 10:00:00,1,6.0,1,0,2.0
18773,2019-08-29,16,600000.0,IOS,2019-08-29 16:00:00,927776,ANDROID,2019-08-28 17:00:00,1,23.0,1,0,2.0
18883,2019-05-25,18,50000000.0,WEB,2019-05-25 18:00:00,142935,IOS,2019-05-25 17:00:00,1,1.0,1,0,2.0
18979,2019-12-10,15,520000.0,ANDROID,2019-12-10 15:00:00,1021719,IOS,2019-12-09 19:00:00,1,20.0,1,0,2.0
19251,2019-11-06,11,200000.0,WEB,2019-11-06 11:00:00,1226186,IOS,2019-11-05 22:00:00,1,13.0,1,0,2.0
19511,2019-10-25,17,10000000.0,IOS,2019-10-25 17:00:00,883944,ANDROID,2019-10-24 21:00:00,1,20.0,1,0,2.0
19511,2019-12-03,15,2035000.0,IOS,2019-12-03 15:00:00,883912,WEB,2019-12-02 16:00:00,1,23.0,1,0,2.0
19535,2019-11-22,16,20000000.0,WEB,2019-11-22 16:00:00,1153311,IOS,2019-11-22 13:00:00,1,3.0,1,0,2.0
19562,2019-11-23,12,150000.0,ANDROID,2019-11-23 12:00:00,1235619,WEB,2019-11-22 20:00:00,1,16.0,1,0,2.0
19743,2019-09-11,16,32400.0,IOS,2019-09-11 16:00:00,467941,ANDROID,2019-09-11 14:00:00,1,2.0,1,0,2.0
19933,2019-09-19,9,1000000.0,IOS,2019-09-19 09:00:00,955453,WEB,2019-09-18 18:00:00,1,15.0,1,0,2.0
20279,2019-09-28,13,500000.0,IOS,2019-09-28 13:00:00,909485,WEB,2019-09-27 16:00:00,1,21.0,1,0,2.0
21423,2019-12-22,20,500000.0,WEB,2019-12-22 20:00:00,1333027,ANDROID,2019-12-22 15:00:00,1,5.0,1,0,2.0
21959,2019-11-28,12,36000000.0,ANDROID,2019-11-28 12:00:00,240148,IOS,2019-11-27 21:00:00,1,15.0,1,0,2.0
22072,2019-12-11,21,9000000.0,WEB,2019-12-11 21:00:00,977494,IOS,2019-12-11 19:00:00,1,2.0,1,0,2.0
22072,2019-12-11,22,41400000.0,IOS,2019-12-11 22:00:00,977510,WEB,2019-12-11 21:00:00,1,1.0,1,0,2.0
22132,2019-11-11,16,100000.0,IOS,2019-11-11 16:00:00,1029822,WEB,2019-11-11 15:00:00,1,1.0,1,0,2.0
22132,2019-11-11,17,28000000.0,ANDROID,2019-11-11 17:00:00,1029846,IOS,2019-11-11 16:00:00,1,1.0,1,0,2.0
22132,2019-11-12,11,18000000.0,WEB,2019-11-12 11:00:00,1029805,ANDROID,2019-11-11 17:00:00,1,18.0,1,0,2.0
22222,2019-06-17,17,100000.0,WEB,2019-06-17 17:00:00,543389,ANDROID,2019-06-17 07:00:00,1,10.0,1,0,2.0
22222,2019-06-18,8,29000.0,IOS,2019-06-18 08:00:00,543478,WEB,2019-06-17 17:00:00,1,15.0,1,0,2.0
22367,2019-07-01,18,8650000.0,WEB,2019-07-01 18:00:00,512165,ANDROID,2019-07-01 09:00:00,1,9.0,1,0,2.0
22367,2019-07-02,13,1554000.0,ANDROID,2019-07-02 13:00:00,512138,WEB,2019-07-01 18:00:00,1,19.0,1,0,2.0
22367,2019-09-03,11,100000.0,WEB,2019-09-03 11:00:00,512231,ANDROID,2019-09-03 09:00:00,1,2.0,1,0,2.0
22367,2019-09-04,7,1074000.0,ANDROID,2019-09-04 07:00:00,512145,WEB,2019-09-03 11:00:00,1,20.0,1,0,2.0
22367,2019-12-11,11,12863000.0,IOS,2019-12-11 11:00:00,512222,ANDROID,2019-12-10 13:00:00,1,22.0,1,0,2.0
22487,2019-09-03,1,300000.0,WEB,2019-09-03 01:00:00,704746,ANDROID,2019-09-02 23:00:00,1,2.0,1,0,2.0
22487,2019-09-03,13,510000.0,ANDROID,2019-09-03 13:00:00,704697,WEB,2019-09-03 10:00:00,1,3.0,1,0,2.0
22695,2019-12-11,21,59130000.0,WEB,2019-12-11 21:00:00,1320209,ANDROID,2019-12-11 18:00:00,1,3.0,1,0,2.0
22703,2019-12-20,14,100000.0,IOS,2019-12-20 14:00:00,306640,WEB,2019-12-20 14:00:00,1,0.0,1,0,2.0
23197,2019-11-08,12,950000.0,ANDROID,2019-11-08 12:00:00,1202513,IOS,2019-11-08 08:00:00,1,4.0,1,0,2.0
23197,2019-11-09,7,80000.0,IOS,2019-11-09 07:00:00,1202488,ANDROID,2019-11-08 17:00:00,1,14.0,1,0,2.0
23204,2019-10-10,11,5000000.0,WEB,2019-10-10 11:00:00,1032792,IOS,2019-10-09 19:00:00,1,16.0,1,0,2.0
23204,2019-10-25,17,5000000.0,IOS,2019-10-25 17:00:00,1032743,WEB,2019-10-24 18:00:00,1,23.0,1,0,2.0
23302,2019-11-04,11,100000.0,ANDROID,2019-11-04 11:00:00,61167,WEB,2019-11-03 17:00:00,1,18.0,1,0,2.0
23591,2019-07-12,10,500000.0,WEB,2019-07-12 10:00:00,676013,ANDROID,2019-07-11 20:00:00,1,14.0,1,0,2.0
23592,2019-10-18,9,5313000.0,ANDROID,2019-10-18 09:00:00,1126304,IOS,2019-10-17 18:00:00,1,15.0,1,0,2.0
23592,2019-10-18,11,400000.0,WEB,2019-10-18 11:00:00,1126287,ANDROID,2019-10-18 09:00:00,1,2.0,1,0,2.0
23852,2019-11-28,19,100000.0,IOS,2019-11-28 19:00:00,1250659,WEB,2019-11-28 10:00:00,1,9.0,1,0,2.0
24006,2019-12-25,9,15000000.0,ANDROID,2019-12-25 09:00:00,1158952,IOS,2019-12-24 10:00:00,1,23.0,1,0,2.0
25261,2019-10-29,17,500000.0,WEB,2019-10-29 17:00:00,265396,ANDROID,2019-10-29 17:00:00,1,0.0,1,0,2.0
25261,2019-10-30,15,2500000.0,ANDROID,2019-10-30 15:00:00,265403,WEB,2019-10-29 17:00:00,1,22.0,1,0,2.0
25366,2019-08-31,9,31023000.0,IOS,2019-08-31 09:00:00,65964,ANDROID,2019-08-31 08:00:00,1,1.0,1,0,2.0
25366,2019-08-31,10,5000000.0,ANDROID,2019-08-31 10:00:00,65940,IOS,2019-08-31 09:00:00,1,1.0,1,0,2.0
25366,2019-08-31,12,20100000.0,WEB,2019-08-31 12:00:00,66009,ANDROID,2019-08-31 10:00:00,1,2.0,1,0,2.0
25707,2019-09-27,16,5000000.0,IOS,2019-09-27 16:00:00,100547,ANDROID,2019-09-26 23:00:00,1,17.0,1,0,2.0
25812,2019-10-27,13,200000.0,ANDROID,2019-10-27 13:00:00,944437,IOS,2019-10-26 16:00:00,1,21.0,1,0,2.0
25812,2019-10-28,10,1500000.0,IOS,2019-10-28 10:00:00,944496,ANDROID,2019-10-27 13:00:00,1,21.0,1,0,2.0
26499,2019-08-21,15,50000.0,ANDROID,2019-08-21 15:00:00,721871,IOS,2019-08-20 16:00:00,1,23.0,1,0,2.0
26683,2019-12-24,21,30000.0,IOS,2019-12-24 21:00:00,1313057,ANDROID,2019-12-24 16:00:00,1,5.0,1,0,2.0
26683,2019-12-25,19,35000.0,ANDROID,2019-12-25 19:00:00,1313052,IOS,2019-12-24 21:00:00,1,22.0,1,0,2.0
26868,2019-09-29,18,2000000.0,ANDROID,2019-09-29 18:00:00,716783,IOS,2019-09-29 15:00:00,1,3.0,1,0,2.0
26870,2019-10-29,9,200000.0,WEB,2019-10-29 09:00:00,747335,IOS,2019-10-28 19:00:00,1,14.0,1,0,2.0
27273,2019-12-04,12,50000.0,ANDROID,2019-12-04 12:00:00,859533,WEB,2019-12-03 14:00:00,1,22.0,1,0,2.0
27674,2019-11-30,4,2000000.0,IOS,2019-11-30 04:00:00,1222809,ANDROID,2019-11-29 16:00:00,1,12.0,1,0,2.0
27775,2019-06-08,13,1000000.0,WEB,2019-06-08 13:00:00,139357,ANDROID,2019-06-07 16:00:00,1,21.0,1,0,2.0
27790,2019-03-21,18,13000000.0,IOS,2019-03-21 18:00:00,96910,ANDROID,2019-03-21 13:00:00,1,5.0,1,0,2.0
27893,2019-08-24,12,330000.0,IOS,2019-08-24 12:00:00,137818,ANDROID,2019-08-24 11:00:00,1,1.0,1,0,2.0
28205,2019-06-15,8,1000000.0,ANDROID,2019-06-15 08:00:00,366915,IOS,2019-06-14 13:00:00,1,19.0,1,0,2.0
28205,2019-06-15,13,55000000.0,WEB,2019-06-15 13:00:00,366916,ANDROID,2019-06-15 08:00:00,1,5.0,1,0,2.0
28305,2019-09-22,9,2000000.0,IOS,2019-09-22 09:00:00,1014788,ANDROID,2019-09-21 17:00:00,1,16.0,1,0,2.0
28557,2019-12-11,10,170000.0,ANDROID,2019-12-11 10:00:00,1283503,IOS,2019-12-10 15:00:00,1,19.0,1,0,2.0
28588,2019-11-02,10,1000000.0,IOS,2019-11-02 10:00:00,1188821,WEB,2019-11-01 11:00:00,1,23.0,1,0,2.0
28610,2019-11-14,22,255000.0,WEB,2019-11-14 22:00:00,318940,ANDROID,2019-11-14 11:00:00,1,11.0,1,0,2.0
28610,2019-11-15,9,510000.0,IOS,2019-11-15 09:00:00,318955,WEB,2019-11-14 22:00:00,1,11.0,1,0,2.0
28641,2019-11-20,18,50000.0,ANDROID,2019-11-20 18:00:00,121502,WEB,2019-11-19 19:00:00,1,23.0,1,0,2.0
28641,2019-11-21,9,100000.0,WEB,2019-11-21 09:00:00,121501,ANDROID,2019-11-20 18:00:00,1,15.0,1,0,2.0
28641,2019-12-04,13,100000.0,WEB,2019-12-04 13:00:00,121405,ANDROID,2019-12-03 20:00:00,1,17.0,1,0,2.0
29782,2019-09-07,15,50000.0,ANDROID,2019-09-07 15:00:00,698371,IOS,2019-09-07 14:00:00,1,1.0,1,0,2.0
29782,2019-09-08,14,400000.0,IOS,2019-09-08 14:00:00,698360,ANDROID,2019-09-07 15:00:00,1,23.0,1,0,2.0
30020,2019-09-07,17,543000.0,ANDROID,2019-09-07 17:00:00,940440,WEB,2019-09-06 19:00:00,1,22.0,1,0,2.0
30302,2019-11-11,21,500000.0,ANDROID,2019-11-11 21:00:00,771479,IOS,2019-11-11 18:00:00,1,3.0,1,0,2.0
30558,2019-09-16,20,1785000.0,ANDROID,2019-09-16 20:00:00,995333,IOS,2019-09-16 16:00:00,1,4.0,1,0,2.0
30564,2019-10-05,8,100000.0,ANDROID,2019-10-05 08:00:00,1073348,IOS,2019-10-04 10:00:00,1,22.0,1,0,2.0
30720,2019-12-08,16,100000.0,ANDROID,2019-12-08 16:00:00,523482,IOS,2019-12-08 11:00:00,1,5.0,1,0,2.0
30720,2019-12-09,8,460000.0,IOS,2019-12-09 08:00:00,523576,ANDROID,2019-12-08 16:00:00,1,16.0,1,0,2.0
30957,2019-06-07,5,50000.0,ANDROID,2019-06-07 05:00:00,538179,IOS,2019-06-06 23:00:00,1,6.0,1,0,2.0
30961,2019-11-23,11,100000.0,WEB,2019-11-23 11:00:00,1210378,ANDROID,2019-11-22 20:00:00,1,15.0,1,0,2.0
31317,2019-09-17,19,1.0,ANDROID,2019-09-17 19:00:00,461559,WEB,2019-09-17 15:00:00,1,4.0,1,0,2.0
31554,2019-06-01,9,2000000.0,ANDROID,2019-06-01 09:00:00,440393,IOS,2019-05-31 14:00:00,1,19.0,1,0,2.0
31599,2019-05-31,17,500000.0,WEB,2019-05-31 17:00:00,337187,IOS,2019-05-31 10:00:00,1,7.0,1,0,2.0
31766,2019-11-09,11,4900000.0,WEB,2019-11-09 11:00:00,196263,ANDROID,2019-11-08 21:00:00,1,14.0,1,0,2.0
32200,2019-10-19,11,2500000.0,IOS,2019-10-19 11:00:00,635452,WEB,2019-10-18 16:00:00,1,19.0,1,0,2.0
32416,2019-12-11,12,50000.0,IOS,2019-12-11 12:00:00,1194323,ANDROID,2019-12-10 21:00:00,1,15.0,1,0,2.0
32443,2019-10-10,11,3920000.0,ANDROID,2019-10-10 11:00:00,908391,IOS,2019-10-10 10:00:00,1,1.0,1,0,2.0
32539,2019-10-05,12,100000.0,IOS,2019-10-05 12:00:00,483197,ANDROID,2019-10-04 19:00:00,1,17.0,1,0,2.0
32908,2019-12-06,19,14000.0,ANDROID,2019-12-06 19:00:00,1128964,IOS,2019-12-06 12:00:00,1,7.0,1,0,2.0
32908,2019-12-07,17,10000.0,IOS,2019-12-07 17:00:00,1128966,ANDROID,2019-12-06 19:00:00,1,22.0,1,0,2.0
33039,2019-08-15,16,20000000.0,WEB,2019-08-15 16:00:00,598602,ANDROID,2019-08-14 21:00:00,1,19.0,1,0,2.0
33051,2019-09-04,22,20000.0,WEB,2019-09-04 22:00:00,969521,IOS,2019-09-04 19:00:00,1,3.0,1,0,2.0
33051,2019-09-05,8,20000.0,IOS,2019-09-05 08:00:00,969529,WEB,2019-09-04 22:00:00,1,10.0,1,0,2.0
33211,2019-12-04,22,2400000.0,IOS,2019-12-04 22:00:00,1288247,WEB,2019-12-04 18:00:00,1,4.0,1,0,2.0
33949,2019-11-01,18,270000.0,WEB,2019-11-01 18:00:00,1188937,IOS,2019-11-01 18:00:00,1,0.0,1,0,2.0
33949,2019-11-01,23,720000.0,IOS,2019-11-01 23:00:00,1188928,WEB,2019-11-01 21:00:00,1,2.0,1,0,2.0
33949,2019-11-02,21,240000.0,ANDROID,2019-11-02 21:00:00,1188923,IOS,2019-11-01 23:00:00,1,22.0,1,0,2.0
33968,2019-11-18,16,300000.0,WEB,2019-11-18 16:00:00,572799,IOS,2019-11-17 20:00:00,1,20.0,1,0,2.0
34094,2019-12-06,14,290000.0,WEB,2019-12-06 14:00:00,696615,ANDROID,2019-12-05 22:00:00,1,16.0,1,0,2.0
34094,2019-12-07,10,500000.0,ANDROID,2019-12-07 10:00:00,696655,WEB,2019-12-06 18:00:00,1,16.0,1,0,2.0
34176,2019-11-06,12,200000.0,ANDROID,2019-11-06 12:00:00,1092599,WEB,2019-11-06 11:00:00,1,1.0,1,0,2.0
34311,2019-08-21,7,45000000.0,WEB,2019-08-21 07:00:00,909307,IOS,2019-08-20 17:00:00,1,14.0,1,0,2.0
34408,2019-12-19,9,400000.0,IOS,2019-12-19 09:00:00,1322834,WEB,2019-12-19 06:00:00,1,3.0,1,0,2.0
34521,2019-10-31,11,909218.0,WEB,2019-10-31 11:00:00,1031226,ANDROID,2019-10-30 22:00:00,1,13.0,1,0,2.0
34536,2019-10-01,11,30000000.0,ANDROID,2019-10-01 11:00:00,459057,WEB,2019-09-30 14:00:00,1,21.0,1,0,2.0
34548,2019-10-07,11,14000000.0,IOS,2019-10-07 11:00:00,506919,ANDROID,2019-10-07 10:00:00,1,1.0,1,0,2.0
34548,2019-10-07,11,2530000.0,WEB,2019-10-07 11:00:00,507010,IOS,2019-10-07 11:00:00,1,0.0,1,0,2.0
34548,2019-12-27,10,1300000.0,WEB,2019-12-27 10:00:00,507017,IOS,2019-12-27 09:00:00,1,1.0,1,0,2.0
34557,2019-12-05,0,1000000.0,WEB,2019-12-05 00:00:00,923355,IOS,2019-12-04 21:00:00,1,3.0,1,0,2.0
34557,2019-12-05,9,300000.0,IOS,2019-12-05 09:00:00,923206,WEB,2019-12-05 08:00:00,1,1.0,1,0,2.0
34557,2019-12-05,10,200000.0,WEB,2019-12-05 10:00:00,923362,IOS,2019-12-05 09:00:00,1,1.0,1,0,2.0
34557,2019-12-05,13,1000000.0,ANDROID,2019-12-05 13:00:00,923514,WEB,2019-12-05 10:00:00,1,3.0,1,0,2.0
34557,2019-12-05,18,100000.0,WEB,2019-12-05 18:00:00,923205,ANDROID,2019-12-05 14:00:00,1,4.0,1,0,2.0
34557,2019-12-05,20,200000.0,IOS,2019-12-05 20:00:00,923570,WEB,2019-12-05 19:00:00,1,1.0,1,0,2.0
34876,2019-08-24,16,90000.0,WEB,2019-08-24 16:00:00,1405009,ANDROID,2019-08-24 11:00:00,1,5.0,1,0,2.0
34908,2019-12-10,18,150000.0,WEB,2019-12-10 18:00:00,1246139,IOS,2019-12-10 17:00:00,1,1.0,1,0,2.0
34908,2019-12-10,19,300000.0,ANDROID,2019-12-10 19:00:00,1246194,WEB,2019-12-10 18:00:00,1,1.0,1,0,2.0
34908,2019-12-10,20,200000.0,IOS,2019-12-10 20:00:00,1246215,ANDROID,2019-12-10 19:00:00,1,1.0,1,0,2.0
35066,2019-07-16,11,25000000.0,ANDROID,2019-07-16 11:00:00,121921,IOS,2019-07-15 14:00:00,1,21.0,1,0,2.0
35231,2019-09-04,16,1078660.0,WEB,2019-09-04 16:00:00,330163,ANDROID,2019-09-03 17:00:00,1,23.0,1,0,2.0
35231,2019-09-04,16,8038099.0,ANDROID,2019-09-04 16:00:00,330164,WEB,2019-09-04 16:00:00,1,0.0,1,0,2.0
35231,2019-09-04,17,4815997.0,WEB,2019-09-04 17:00:00,330031,ANDROID,2019-09-04 17:00:00,1,0.0,1,0,2.0
35231,2019-09-05,10,2590909.0,ANDROID,2019-09-05 10:00:00,329989,WEB,2019-09-04 17:00:00,1,17.0,1,0,2.0
35231,2019-11-26,16,1186203.0,WEB,2019-11-26 16:00:00,329974,ANDROID,2019-11-26 10:00:00,1,6.0,1,0,2.0
35231,2019-11-26,16,13241393.0,IOS,2019-11-26 16:00:00,330060,WEB,2019-11-26 16:00:00,1,0.0,1,0,2.0
35231,2019-11-26,17,20113259.0,ANDROID,2019-11-26 17:00:00,329972,IOS,2019-11-26 16:00:00,1,1.0,1,0,2.0
35231,2019-11-26,17,5415735.0,IOS,2019-11-26 17:00:00,329973,ANDROID,2019-11-26 17:00:00,1,0.0,1,0,2.0
35231,2019-11-27,8,981087.0,ANDROID,2019-11-27 08:00:00,330144,IOS,2019-11-26 17:00:00,1,15.0,1,0,2.0
35260,2019-11-02,21,30000.0,WEB,2019-11-02 21:00:00,449209,IOS,2019-11-02 21:00:00,1,0.0,1,0,2.0
35260,2019-11-02,22,50000.0,ANDROID,2019-11-02 22:00:00,449213,WEB,2019-11-02 21:00:00,1,1.0,1,0,2.0
35361,2019-09-11,11,100000.0,WEB,2019-09-11 11:00:00,860084,ANDROID,2019-09-10 16:00:00,1,19.0,1,0,2.0
35361,2019-09-11,16,1000000.0,IOS,2019-09-11 16:00:00,860100,WEB,2019-09-11 11:00:00,1,5.0,1,0,2.0
35363,2019-08-06,9,1539790.0,IOS,2019-08-06 09:00:00,643149,ANDROID,2019-08-05 20:00:00,1,13.0,1,0,2.0
35576,2019-11-25,11,8650000.0,IOS,2019-11-25 11:00:00,511978,WEB,2019-11-24 19:00:00,1,16.0,1,0,2.0
35950,2019-11-02,12,4000000.0,IOS,2019-11-02 12:00:00,1309733,ANDROID,2019-11-01 13:00:00,1,23.0,1,0,2.0
35950,2019-11-03,9,50000.0,ANDROID,2019-11-03 09:00:00,1309726,IOS,2019-11-02 12:00:00,1,21.0,1,0,2.0
36406,2019-10-18,11,200000.0,WEB,2019-10-18 11:00:00,985422,IOS,2019-10-17 16:00:00,1,19.0,1,0,2.0
36588,2019-08-26,1,50000.0,IOS,2019-08-26 01:00:00,758345,ANDROID,2019-08-25 22:00:00,1,3.0,1,0,2.0
36588,2019-08-26,2,50000.0,ANDROID,2019-08-26 02:00:00,758281,IOS,2019-08-26 01:00:00,1,1.0,1,0,2.0
36588,2019-08-26,5,100000.0,IOS,2019-08-26 05:00:00,758346,ANDROID,2019-08-26 02:00:00,1,3.0,1,0,2.0
36588,2019-08-26,6,100000.0,ANDROID,2019-08-26 06:00:00,758228,IOS,2019-08-26 05:00:00,1,1.0,1,0,2.0
36588,2019-08-26,12,299000.0,WEB,2019-08-26 12:00:00,758229,ANDROID,2019-08-26 11:00:00,1,1.0,1,0,2.0
36588,2019-11-01,6,100000.0,WEB,2019-11-01 06:00:00,758265,ANDROID,2019-11-01 05:00:00,1,1.0,1,0,2.0
36588,2019-11-01,10,20000.0,ANDROID,2019-11-01 10:00:00,758214,WEB,2019-11-01 06:00:00,1,4.0,1,0,2.0
36588,2019-11-01,13,200000.0,WEB,2019-11-01 13:00:00,758362,ANDROID,2019-11-01 10:00:00,1,3.0,1,0,2.0
36588,2019-11-01,15,12000.0,IOS,2019-11-01 15:00:00,758266,WEB,2019-11-01 14:00:00,1,1.0,1,0,2.0
36588,2019-11-02,13,100000.0,ANDROID,2019-11-02 13:00:00,758295,IOS,2019-11-01 18:00:00,1,19.0,1,0,2.0
36588,2019-11-13,21,10000.0,IOS,2019-11-13 21:00:00,758315,WEB,2019-11-13 19:00:00,1,2.0,1,0,2.0
36588,2019-11-14,3,50000.0,ANDROID,2019-11-14 03:00:00,758271,IOS,2019-11-13 22:00:00,1,5.0,1,0,2.0
36684,2019-12-26,15,10000.0,IOS,2019-12-26 15:00:00,562637,ANDROID,2019-12-25 18:00:00,1,21.0,1,0,2.0
36820,2019-10-17,15,1235000.0,IOS,2019-10-17 15:00:00,831233,WEB,2019-10-16 20:00:00,1,19.0,1,0,2.0
36820,2019-10-17,23,30000000.0,WEB,2019-10-17 23:00:00,831107,IOS,2019-10-17 15:00:00,1,8.0,1,0,2.0
37825,2019-11-11,12,2245000.0,IOS,2019-11-11 12:00:00,1202820,WEB,2019-11-10 20:00:00,1,16.0,1,0,2.0
37851,2019-11-01,12,20000.0,ANDROID,2019-11-01 12:00:00,299739,IOS,2019-11-01 09:00:00,1,3.0,1,0,2.0
37979,2019-12-20,17,120000000.0,IOS,2019-12-20 17:00:00,1249604,ANDROID,2019-12-19 23:00:00,1,18.0,1,0,2.0
38068,2019-11-03,15,1400000.0,WEB,2019-11-03 15:00:00,640535,ANDROID,2019-11-02 21:00:00,1,18.0,1,0,2.0
38101,2019-04-21,15,9000000.0,ANDROID,2019-04-21 15:00:00,10741,IOS,2019-04-20 19:00:00,1,20.0,1,0,2.0
38101,2019-04-22,10,1500000.0,IOS,2019-04-22 10:00:00,10590,ANDROID,2019-04-21 15:00:00,1,19.0,1,0,2.0
38101,2019-06-18,3,34000000.0,ANDROID,2019-06-18 03:00:00,10771,IOS,2019-06-17 22:00:00,1,5.0,1,0,2.0
38101,2019-06-18,6,68000000.0,IOS,2019-06-18 06:00:00,10533,ANDROID,2019-06-18 03:00:00,1,3.0,1,0,2.0
38101,2019-06-18,11,40000000.0,WEB,2019-06-18 11:00:00,10623,IOS,2019-06-18 06:00:00,1,5.0,1,0,2.0
38101,2019-06-18,17,8900000.0,IOS,2019-06-18 17:00:00,10528,WEB,2019-06-18 14:00:00,1,3.0,1,0,2.0
38101,2019-06-18,18,23000000.0,ANDROID,2019-06-18 18:00:00,10621,IOS,2019-06-18 17:00:00,1,1.0,1,0,2.0
38101,2019-06-19,8,50000000.0,IOS,2019-06-19 08:00:00,10532,ANDROID,2019-06-18 20:00:00,1,12.0,1,0,2.0
38220,2019-12-06,16,220000.0,ANDROID,2019-12-06 16:00:00,717887,WEB,2019-12-06 15:00:00,1,1.0,1,0,2.0
38220,2019-12-06,19,10000000.0,WEB,2019-12-06 19:00:00,717917,ANDROID,2019-12-06 16:00:00,1,3.0,1,0,2.0
38406,2019-11-08,16,800000.0,WEB,2019-11-08 16:00:00,128754,IOS,2019-11-07 17:00:00,1,23.0,1,0,2.0
38406,2019-12-31,15,2000000.0,IOS,2019-12-31 15:00:00,128676,ANDROID,2019-12-30 18:00:00,1,21.0,1,0,2.0
39221,2019-10-11,14,1480000.0,ANDROID,2019-10-11 14:00:00,448624,WEB,2019-10-11 13:00:00,1,1.0,1,0,2.0
39385,2019-05-04,23,4155000.0,ANDROID,2019-05-04 23:00:00,313576,IOS,2019-05-04 10:00:00,1,13.0,1,0,2.0
40205,2019-08-25,16,300000.0,WEB,2019-08-25 16:00:00,1355050,IOS,2019-08-25 12:00:00,1,4.0,1,0,2.0
40276,2019-07-07,14,130438.0,IOS,2019-07-07 14:00:00,43679,WEB,2019-07-07 00:00:00,1,14.0,1,0,2.0
40276,2019-12-30,0,3000000.0,ANDROID,2019-12-30 00:00:00,43696,IOS,2019-12-29 16:00:00,1,8.0,1,0,2.0
40305,2019-09-06,15,335600.0,WEB,2019-09-06 15:00:00,434546,ANDROID,2019-09-06 14:00:00,1,1.0,1,0,2.0
40534,2019-09-26,11,8300000.0,IOS,2019-09-26 11:00:00,1004600,ANDROID,2019-09-25 16:00:00,1,19.0,1,0,2.0
40670,2019-09-14,15,1000000.0,ANDROID,2019-09-14 15:00:00,949677,IOS,2019-09-14 15:00:00,1,0.0,1,0,2.0
40749,2019-11-05,15,4000000.0,IOS,2019-11-05 15:00:00,382630,WEB,2019-11-04 16:00:00,1,23.0,1,0,2.0
41139,2019-09-11,15,35000.0,IOS,2019-09-11 15:00:00,249424,ANDROID,2019-09-11 12:00:00,1,3.0,1,0,2.0
41382,2019-09-05,17,2500000.0,WEB,2019-09-05 17:00:00,391875,IOS,2019-09-04 18:00:00,1,23.0,1,0,2.0
41413,2019-10-11,20,100000.0,IOS,2019-10-11 20:00:00,1108744,WEB,2019-10-10 22:00:00,1,22.0,1,0,2.0
42159,2019-11-07,14,381813.0,ANDROID,2019-11-07 14:00:00,139786,IOS,2019-11-07 08:00:00,1,6.0,1,0,2.0
42349,2019-12-23,20,20000.0,WEB,2019-12-23 20:00:00,1163663,IOS,2019-12-23 19:00:00,1,1.0,1,0,2.0
42349,2019-12-24,7,22000.0,IOS,2019-12-24 07:00:00,1163712,WEB,2019-12-23 20:00:00,1,11.0,1,0,2.0
42353,2019-12-05,6,60000.0,IOS,2019-12-05 06:00:00,976919,WEB,2019-12-04 19:00:00,1,11.0,1,0,2.0
42523,2019-08-13,11,10000000.0,WEB,2019-08-13 11:00:00,686005,ANDROID,2019-08-12 16:00:00,1,19.0,1,0,2.0
42523,2019-10-11,11,3000000.0,ANDROID,2019-10-11 11:00:00,685758,WEB,2019-10-10 17:00:00,1,18.0,1,0,2.0
42539,2019-10-07,13,20000.0,IOS,2019-10-07 13:00:00,726197,ANDROID,2019-10-06 22:00:00,1,15.0,1,0,2.0
43009,2019-10-01,8,2710000.0,WEB,2019-10-01 08:00:00,1042393,ANDROID,2019-09-30 13:00:00,1,19.0,1,0,2.0
43009,2019-10-01,9,1800000.0,ANDROID,2019-10-01 09:00:00,1042378,WEB,2019-10-01 08:00:00,1,1.0,1,0,2.0
43042,2019-05-21,10,100000.0,ANDROID,2019-05-21 10:00:00,659235,IOS,2019-05-20 18:00:00,1,16.0,1,0,2.0
43042,2019-12-03,18,1000000.0,ANDROID,2019-12-03 18:00:00,659179,IOS,2019-12-03 17:00:00,1,1.0,1,0,2.0
43157,2019-11-10,23,1486075.0,WEB,2019-11-10 23:00:00,1304905,ANDROID,2019-11-10 23:00:00,1,0.0,1,0,2.0
43353,2019-07-19,12,758000.0,ANDROID,2019-07-19 12:00:00,676438,WEB,2019-07-19 11:00:00,1,1.0,1,0,2.0
43733,2019-12-26,9,3650000.0,IOS,2019-12-26 09:00:00,808446,ANDROID,2019-12-25 10:00:00,1,23.0,1,0,2.0
43733,2019-12-26,15,27600000.0,WEB,2019-12-26 15:00:00,808420,IOS,2019-12-26 09:00:00,1,6.0,1,0,2.0
43825,2019-08-31,6,200000.0,IOS,2019-08-31 06:00:00,733949,ANDROID,2019-08-30 14:00:00,1,16.0,1,0,2.0
43986,2019-11-15,11,1300000.0,IOS,2019-11-15 11:00:00,661019,ANDROID,2019-11-14 12:00:00,1,23.0,1,0,2.0
44460,2019-08-12,18,20000.0,IOS,2019-08-12 18:00:00,147153,WEB,2019-08-12 14:00:00,1,4.0,1,0,2.0
44574,2019-07-20,14,1000000.0,WEB,2019-07-20 14:00:00,174935,IOS,2019-07-20 09:00:00,1,5.0,1,0,2.0
44574,2019-09-13,6,820000.0,ANDROID,2019-09-13 06:00:00,174890,IOS,2019-09-12 20:00:00,1,10.0,1,0,2.0
44574,2019-10-03,8,50000.0,ANDROID,2019-10-03 08:00:00,174920,IOS,2019-10-02 15:00:00,1,17.0,1,0,2.0
44574,2019-11-05,17,1000000.0,WEB,2019-11-05 17:00:00,175007,IOS,2019-11-05 09:00:00,1,8.0,1,0,2.0
44574,2019-11-05,20,50000.0,IOS,2019-11-05 20:00:00,174946,WEB,2019-11-05 17:00:00,1,3.0,1,0,2.0
44637,2019-12-26,10,2160000.0,IOS,2019-12-26 10:00:00,269858,WEB,2019-12-26 09:00:00,1,1.0,1,0,2.0
44637,2019-12-26,11,478000.0,WEB,2019-12-26 11:00:00,269873,IOS,2019-12-26 10:00:00,1,1.0,1,0,2.0
44677,2019-11-09,9,56414000.0,IOS,2019-11-09 09:00:00,672215,ANDROID,2019-11-08 16:00:00,1,17.0,1,0,2.0
44691,2019-12-28,8,39000.0,IOS,2019-12-28 08:00:00,666865,WEB,2019-12-27 12:00:00,1,20.0,1,0,2.0
44911,2019-12-27,14,690000.0,IOS,2019-12-27 14:00:00,1276811,ANDROID,2019-12-26 19:00:00,1,19.0,1,0,2.0
45153,2019-12-13,18,3000000.0,ANDROID,2019-12-13 18:00:00,929828,WEB,2019-12-13 11:00:00,1,7.0,1,0,2.0
45485,2019-10-09,7,5000000.0,ANDROID,2019-10-09 07:00:00,565603,IOS,2019-10-08 18:00:00,1,13.0,1,0,2.0
46270,2019-04-17,1,150000.0,WEB,2019-04-17 01:00:00,67960,ANDROID,2019-04-16 23:00:00,1,2.0,1,0,2.0
46270,2019-04-17,11,150000.0,IOS,2019-04-17 11:00:00,68400,WEB,2019-04-17 01:00:00,1,10.0,1,0,2.0
46270,2019-04-17,14,300000.0,WEB,2019-04-17 14:00:00,68112,IOS,2019-04-17 12:00:00,1,2.0,1,0,2.0
46270,2019-04-17,15,100000.0,IOS,2019-04-17 15:00:00,67896,WEB,2019-04-17 14:00:00,1,1.0,1,0,2.0
46270,2019-04-17,16,200000.0,ANDROID,2019-04-17 16:00:00,68114,IOS,2019-04-17 15:00:00,1,1.0,1,0,2.0
46270,2019-04-17,17,300000.0,WEB,2019-04-17 17:00:00,68399,ANDROID,2019-04-17 16:00:00,1,1.0,1,0,2.0
46270,2019-04-17,18,300000.0,IOS,2019-04-17 18:00:00,68183,WEB,2019-04-17 17:00:00,1,1.0,1,0,2.0
46270,2019-04-17,20,100000.0,WEB,2019-04-17 20:00:00,68258,IOS,2019-04-17 18:00:00,1,2.0,1,0,2.0
46270,2019-04-18,0,100000.0,ANDROID,2019-04-18 00:00:00,67895,WEB,2019-04-17 21:00:00,1,3.0,1,0,2.0
46270,2019-06-24,3,600000.0,WEB,2019-06-24 03:00:00,68336,ANDROID,2019-06-24 02:00:00,1,1.0,1,0,2.0
46270,2019-06-24,4,1000000.0,ANDROID,2019-06-24 04:00:00,68206,WEB,2019-06-24 03:00:00,1,1.0,1,0,2.0
46270,2019-08-26,10,300000.0,WEB,2019-08-26 10:00:00,68216,IOS,2019-08-26 05:00:00,1,5.0,1,0,2.0
46270,2019-08-26,13,200000.0,ANDROID,2019-08-26 13:00:00,68217,WEB,2019-08-26 10:00:00,1,3.0,1,0,2.0
46270,2019-08-26,23,100000.0,WEB,2019-08-26 23:00:00,67914,ANDROID,2019-08-26 22:00:00,1,1.0,1,0,2.0
46973,2019-03-03,16,50000.0,WEB,2019-03-03 16:00:00,69113,IOS,2019-03-03 16:00:00,1,0.0,1,0,2.0
46991,2019-10-07,20,50000.0,ANDROID,2019-10-07 20:00:00,767429,WEB,2019-10-07 17:00:00,1,3.0,1,0,2.0
46991,2019-10-07,22,20000.0,IOS,2019-10-07 22:00:00,767434,ANDROID,2019-10-07 20:00:00,1,2.0,1,0,2.0
47007,2019-06-01,9,25400000.0,IOS,2019-06-01 09:00:00,820079,ANDROID,2019-05-31 15:00:00,1,18.0,1,0,2.0
47207,2019-08-20,8,600000.0,WEB,2019-08-20 08:00:00,795912,IOS,2019-08-19 17:00:00,1,15.0,1,0,2.0
47207,2019-08-20,14,900000.0,IOS,2019-08-20 14:00:00,795969,WEB,2019-08-20 08:00:00,1,6.0,1,0,2.0
47207,2019-11-30,20,800000.0,ANDROID,2019-11-30 20:00:00,795961,IOS,2019-11-30 16:00:00,1,4.0,1,0,2.0
47279,2019-12-26,13,800000.0,IOS,2019-12-26 13:00:00,1283007,ANDROID,2019-12-25 21:00:00,1,16.0,1,0,2.0
47515,2019-05-24,17,1000000.0,WEB,2019-05-24 17:00:00,96736,ANDROID,2019-05-24 15:00:00,1,2.0,1,0,2.0
47842,2019-11-30,13,6000000.0,ANDROID,2019-11-30 13:00:00,1244487,IOS,2019-11-29 20:00:00,1,17.0,1,0,2.0
47843,2019-08-13,11,9800000.0,IOS,2019-08-13 11:00:00,520084,ANDROID,2019-08-12 15:00:00,1,20.0,1,0,2.0
47843,2019-08-13,16,1080000.0,ANDROID,2019-08-13 16:00:00,520037,IOS,2019-08-13 11:00:00,1,5.0,1,0,2.0
47843,2019-08-13,20,300000.0,WEB,2019-08-13 20:00:00,520008,ANDROID,2019-08-13 16:00:00,1,4.0,1,0,2.0
48312,2019-12-14,10,2500000.0,IOS,2019-12-14 10:00:00,978246,WEB,2019-12-13 14:00:00,1,20.0,1,0,2.0
48582,2019-12-31,19,200000.0,IOS,2019-12-31 19:00:00,211660,ANDROID,2019-12-31 17:00:00,1,2.0,1,0,2.0
48820,2019-11-04,7,800000.0,IOS,2019-11-04 07:00:00,746792,ANDROID,2019-11-03 22:00:00,1,9.0,1,0,2.0
48820,2019-11-04,18,5000000.0,WEB,2019-11-04 18:00:00,746809,IOS,2019-11-04 07:00:00,1,11.0,1,0,2.0
49606,2019-12-28,8,200000.0,IOS,2019-12-28 08:00:00,1240549,ANDROID,2019-12-27 17:00:00,1,15.0,1,0,2.0
49678,2019-09-05,17,9204000.0,IOS,2019-09-05 17:00:00,969108,ANDROID,2019-09-05 16:00:00,1,1.0,1,0,2.0
49687,2019-08-29,13,100000.0,IOS,2019-08-29 13:00:00,607275,ANDROID,2019-08-29 10:00:00,1,3.0,1,0,2.0
49687,2019-08-29,16,700000.0,ANDROID,2019-08-29 16:00:00,607196,IOS,2019-08-29 13:00:00,1,3.0,1,0,2.0
49687,2019-08-29,19,20000000.0,WEB,2019-08-29 19:00:00,607295,ANDROID,2019-08-29 16:00:00,1,3.0,1,0,2.0
49687,2019-11-01,14,10520000.0,IOS,2019-11-01 14:00:00,607183,WEB,2019-10-31 18:00:00,1,20.0,1,0,2.0
49687,2019-12-10,15,400000.0,WEB,2019-12-10 15:00:00,607267,IOS,2019-12-09 19:00:00,1,20.0,1,0,2.0
49687,2019-12-11,13,100000.0,IOS,2019-12-11 13:00:00,607227,WEB,2019-12-10 15:00:00,1,22.0,1,0,2.0
49687,2019-12-13,16,30000.0,IOS,2019-12-13 16:00:00,607187,ANDROID,2019-12-13 10:00:00,1,6.0,1,0,2.0
50239,2019-11-25,16,20000000.0,ANDROID,2019-11-25 16:00:00,614577,IOS,2019-11-25 15:00:00,1,1.0,1,0,2.0
50571,2019-10-04,22,4000000.0,IOS,2019-10-04 22:00:00,639609,ANDROID,2019-10-04 07:00:00,1,15.0,1,0,2.0
50877,2019-11-21,11,100000.0,IOS,2019-11-21 11:00:00,351380,ANDROID,2019-11-21 01:00:00,1,10.0,1,0,2.0
51099,2019-11-29,16,100000.0,ANDROID,2019-11-29 16:00:00,1182659,IOS,2019-11-29 15:00:00,1,1.0,1,0,2.0
51159,2019-09-25,0,49899000.0,IOS,2019-09-25 00:00:00,891963,ANDROID,2019-09-25 00:00:00,1,0.0,1,0,2.0
51159,2019-09-25,21,21000000.0,WEB,2019-09-25 21:00:00,891964,IOS,2019-09-25 08:00:00,1,13.0,1,0,2.0
51645,2019-11-04,16,10200.0,ANDROID,2019-11-04 16:00:00,1187215,WEB,2019-11-04 16:00:00,1,0.0,1,0,2.0
51945,2019-10-20,15,15000000.0,WEB,2019-10-20 15:00:00,725075,IOS,2019-10-19 21:00:00,1,18.0,1,0,2.0
51945,2019-10-20,20,4790000.0,ANDROID,2019-10-20 20:00:00,725489,WEB,2019-10-20 15:00:00,1,5.0,1,0,2.0
51945,2019-10-21,8,12700000.0,IOS,2019-10-21 08:00:00,725413,ANDROID,2019-10-20 20:00:00,1,12.0,1,0,2.0
51945,2019-10-28,7,500000.0,WEB,2019-10-28 07:00:00,724988,IOS,2019-10-27 21:00:00,1,10.0,1,0,2.0
51945,2019-10-28,9,10000000.0,IOS,2019-10-28 09:00:00,725577,WEB,2019-10-28 07:00:00,1,2.0,1,0,2.0
51945,2019-10-28,15,1600000.0,ANDROID,2019-10-28 15:00:00,725079,IOS,2019-10-28 09:00:00,1,6.0,1,0,2.0
51945,2019-10-28,20,12590000.0,IOS,2019-10-28 20:00:00,724987,ANDROID,2019-10-28 15:00:00,1,5.0,1,0,2.0
51945,2019-11-20,10,4800000.0,ANDROID,2019-11-20 10:00:00,725343,IOS,2019-11-20 07:00:00,1,3.0,1,0,2.0
51945,2019-11-20,11,80000000.0,WEB,2019-11-20 11:00:00,725005,ANDROID,2019-11-20 10:00:00,1,1.0,1,0,2.0
51945,2019-11-20,12,20000000.0,IOS,2019-11-20 12:00:00,725105,WEB,2019-11-20 11:00:00,1,1.0,1,0,2.0
51945,2019-11-20,13,1000000.0,ANDROID,2019-11-20 13:00:00,725427,IOS,2019-11-20 12:00:00,1,1.0,1,0,2.0
51945,2019-11-20,15,31000000.0,IOS,2019-11-20 15:00:00,725106,ANDROID,2019-11-20 13:00:00,1,2.0,1,0,2.0
51945,2019-11-20,19,31760000.0,WEB,2019-11-20 19:00:00,725424,IOS,2019-11-20 15:00:00,1,4.0,1,0,2.0
51945,2019-11-20,20,2400000.0,ANDROID,2019-11-20 20:00:00,725002,WEB,2019-11-20 19:00:00,1,1.0,1,0,2.0
51945,2019-11-20,20,8090000.0,IOS,2019-11-20 20:00:00,725589,ANDROID,2019-11-20 20:00:00,1,0.0,1,0,2.0
51945,2019-11-20,21,300000.0,WEB,2019-11-20 21:00:00,725269,IOS,2019-11-20 20:00:00,1,1.0,1,0,2.0
51945,2019-11-21,9,10000000.0,IOS,2019-11-21 09:00:00,725425,WEB,2019-11-20 21:00:00,1,12.0,1,0,2.0
52336,2019-11-09,0,1000000.0,IOS,2019-11-09 00:00:00,458852,ANDROID,2019-11-08 21:00:00,1,3.0,1,0,2.0
52629,2019-10-09,16,180000.0,IOS,2019-10-09 16:00:00,1333256,WEB,2019-10-09 11:00:00,1,5.0,1,0,2.0
52656,2019-11-24,7,200000.0,IOS,2019-11-24 07:00:00,674630,WEB,2019-11-23 21:00:00,1,10.0,1,0,2.0
52670,2019-11-09,10,1000000.0,IOS,2019-11-09 10:00:00,1043736,ANDROID,2019-11-08 22:00:00,1,12.0,1,0,2.0
53153,2019-07-06,19,6000000.0,WEB,2019-07-06 19:00:00,648501,IOS,2019-07-06 12:00:00,1,7.0,1,0,2.0
53153,2019-11-06,16,500000.0,WEB,2019-11-06 16:00:00,648437,ANDROID,2019-11-06 13:00:00,1,3.0,1,0,2.0
53153,2019-11-07,9,2344000.0,ANDROID,2019-11-07 09:00:00,648448,WEB,2019-11-06 16:00:00,1,17.0,1,0,2.0
53531,2019-03-10,15,6000000.0,ANDROID,2019-03-10 15:00:00,68887,IOS,2019-03-09 18:00:00,1,21.0,1,0,2.0
53531,2019-03-10,18,44000000.0,IOS,2019-03-10 18:00:00,68813,ANDROID,2019-03-10 15:00:00,1,3.0,1,0,2.0
53531,2019-10-02,17,8000000.0,IOS,2019-10-02 17:00:00,68910,WEB,2019-10-02 14:00:00,1,3.0,1,0,2.0
53950,2019-10-12,11,1000000.0,IOS,2019-10-12 11:00:00,803977,ANDROID,2019-10-11 17:00:00,1,18.0,1,0,2.0
54018,2019-11-04,13,100000.0,WEB,2019-11-04 13:00:00,1192065,ANDROID,2019-11-04 11:00:00,1,2.0,1,0,2.0
54018,2019-11-05,13,340000.0,IOS,2019-11-05 13:00:00,1192078,WEB,2019-11-04 21:00:00,1,16.0,1,0,2.0
54286,2019-08-11,0,100000.0,ANDROID,2019-08-11 00:00:00,518449,WEB,2019-08-10 23:00:00,1,1.0,1,0,2.0
54286,2019-08-19,8,200000.0,WEB,2019-08-19 08:00:00,518258,ANDROID,2019-08-18 19:00:00,1,13.0,1,0,2.0
54286,2019-08-19,15,500000.0,IOS,2019-08-19 15:00:00,518259,WEB,2019-08-19 08:00:00,1,7.0,1,0,2.0
54286,2019-10-01,14,169000.0,WEB,2019-10-01 14:00:00,518417,ANDROID,2019-09-30 18:00:00,1,20.0,1,0,2.0
54286,2019-11-16,13,490000.0,IOS,2019-11-16 13:00:00,518244,ANDROID,2019-11-15 22:00:00,1,15.0,1,0,2.0
54286,2019-11-16,20,500000.0,WEB,2019-11-16 20:00:00,518336,IOS,2019-11-16 13:00:00,1,7.0,1,0,2.0
54286,2019-11-16,20,50000.0,ANDROID,2019-11-16 20:00:00,518500,WEB,2019-11-16 20:00:00,1,0.0,1,0,2.0
54318,2019-11-27,15,300000.0,ANDROID,2019-11-27 15:00:00,96460,IOS,2019-11-27 14:00:00,1,1.0,1,0,2.0
54318,2019-11-27,16,100000000.0,WEB,2019-11-27 16:00:00,96417,ANDROID,2019-11-27 15:00:00,1,1.0,1,0,2.0
55295,2019-05-16,9,50000000.0,IOS,2019-05-16 09:00:00,358948,ANDROID,2019-05-15 19:00:00,1,14.0,1,0,2.0
55428,2019-12-14,20,100000.0,IOS,2019-12-14 20:00:00,280662,WEB,2019-12-14 13:00:00,1,7.0,1,0,2.0
55490,2019-10-10,14,200000.0,IOS,2019-10-10 14:00:00,601499,WEB,2019-10-10 09:00:00,1,5.0,1,0,2.0
55664,2019-11-15,14,300000.0,WEB,2019-11-15 14:00:00,1103006,IOS,2019-11-14 15:00:00,1,23.0,1,0,2.0
55664,2019-11-28,20,300000.0,WEB,2019-11-28 20:00:00,1103017,ANDROID,2019-11-28 09:00:00,1,11.0,1,0,2.0
55664,2019-11-29,15,2000000.0,IOS,2019-11-29 15:00:00,1103022,WEB,2019-11-28 20:00:00,1,19.0,1,0,2.0
55847,2019-11-06,15,4810000.0,ANDROID,2019-11-06 15:00:00,1141621,WEB,2019-11-06 15:00:00,1,0.0,1,0,2.0
55847,2019-11-07,9,230000.0,IOS,2019-11-07 09:00:00,1141603,ANDROID,2019-11-06 15:00:00,1,18.0,1,0,2.0
56176,2019-11-14,16,890000.0,WEB,2019-11-14 16:00:00,961882,IOS,2019-11-14 10:00:00,1,6.0,1,0,2.0
56176,2019-11-15,11,5844000.0,IOS,2019-11-15 11:00:00,961746,WEB,2019-11-14 21:00:00,1,14.0,1,0,2.0
56418,2019-10-20,23,247000.0,WEB,2019-10-20 23:00:00,1364447,ANDROID,2019-10-20 22:00:00,1,1.0,1,0,2.0
56504,2019-11-16,12,17730.0,WEB,2019-11-16 12:00:00,1063000,IOS,2019-11-16 06:00:00,1,6.0,1,0,2.0
56504,2019-11-17,9,8500000.0,ANDROID,2019-11-17 09:00:00,1063005,WEB,2019-11-16 12:00:00,1,21.0,1,0,2.0
56525,2019-05-11,18,374000.0,WEB,2019-05-11 18:00:00,193804,IOS,2019-05-11 15:00:00,1,3.0,1,0,2.0
56537,2019-11-26,12,100000.0,WEB,2019-11-26 12:00:00,1210227,IOS,2019-11-25 17:00:00,1,19.0,1,0,2.0
56537,2019-11-26,14,120000.0,IOS,2019-11-26 14:00:00,1210238,WEB,2019-11-26 12:00:00,1,2.0,1,0,2.0
56568,2019-10-17,8,100000.0,WEB,2019-10-17 08:00:00,1089348,IOS,2019-10-16 15:00:00,1,17.0,1,0,2.0
57484,2019-09-08,8,500000.0,ANDROID,2019-09-08 08:00:00,640829,IOS,2019-09-07 19:00:00,1,13.0,1,0,2.0
58391,2019-09-04,9,12014000.0,IOS,2019-09-04 09:00:00,129155,ANDROID,2019-09-03 15:00:00,1,18.0,1,0,2.0
58526,2019-09-11,10,500000.0,ANDROID,2019-09-11 10:00:00,339620,IOS,2019-09-10 18:00:00,1,16.0,1,0,2.0
58559,2019-07-30,12,1000000.0,ANDROID,2019-07-30 12:00:00,979856,WEB,2019-07-29 15:00:00,1,21.0,1,0,2.0
59467,2019-11-10,23,20000.0,WEB,2019-11-10 23:00:00,1123630,IOS,2019-11-10 11:00:00,1,12.0,1,0,2.0
59467,2019-11-11,0,10000.0,ANDROID,2019-11-11 00:00:00,1123616,WEB,2019-11-10 23:00:00,1,1.0,1,0,2.0
59671,2019-03-20,21,50000.0,IOS,2019-03-20 21:00:00,52279,WEB,2019-03-20 20:00:00,1,1.0,1,0,2.0
60350,2019-09-12,14,500000.0,WEB,2019-09-12 14:00:00,335751,IOS,2019-09-11 15:00:00,1,23.0,1,0,2.0
60805,2019-04-11,16,70000000.0,WEB,2019-04-11 16:00:00,266862,IOS,2019-04-10 21:00:00,1,19.0,1,0,2.0
60840,2019-12-15,0,1500000.0,WEB,2019-12-15 00:00:00,1121457,IOS,2019-12-14 09:00:00,1,15.0,1,0,2.0
61750,2019-08-14,11,157000000.0,IOS,2019-08-14 11:00:00,762551,ANDROID,2019-08-13 12:00:00,1,23.0,1,0,2.0
61778,2019-12-30,15,700000.0,IOS,2019-12-30 15:00:00,1386608,ANDROID,2019-12-30 15:00:00,1,0.0,1,0,2.0
62249,2019-11-28,7,50000000.0,WEB,2019-11-28 07:00:00,1412300,ANDROID,2019-11-27 15:00:00,1,16.0,1,0,2.0
62430,2019-12-07,12,50000000.0,IOS,2019-12-07 12:00:00,1297673,WEB,2019-12-06 16:00:00,1,20.0,1,0,2.0
62461,2019-10-03,0,470000.0,WEB,2019-10-03 00:00:00,905576,IOS,2019-10-02 23:00:00,1,1.0,1,0,2.0
62461,2019-10-03,9,35000000.0,IOS,2019-10-03 09:00:00,904814,WEB,2019-10-03 00:00:00,1,9.0,1,0,2.0
62461,2019-10-03,17,8970000.0,ANDROID,2019-10-03 17:00:00,905415,IOS,2019-10-03 16:00:00,1,1.0,1,0,2.0
62461,2019-10-03,17,10200000.0,WEB,2019-10-03 17:00:00,905581,ANDROID,2019-10-03 17:00:00,1,0.0,1,0,2.0
62461,2019-10-03,19,8970000.0,ANDROID,2019-10-03 19:00:00,904816,WEB,2019-10-03 18:00:00,1,1.0,1,0,2.0
62461,2019-10-03,21,7300000.0,WEB,2019-10-03 21:00:00,904817,ANDROID,2019-10-03 20:00:00,1,1.0,1,0,2.0
62461,2019-10-04,11,302800000.0,IOS,2019-10-04 11:00:00,905578,WEB,2019-10-03 21:00:00,1,14.0,1,0,2.0
62461,2019-10-06,0,1470000.0,WEB,2019-10-06 00:00:00,905736,IOS,2019-10-05 23:00:00,1,1.0,1,0,2.0
62461,2019-10-06,11,990000.0,IOS,2019-10-06 11:00:00,905419,WEB,2019-10-06 00:00:00,1,11.0,1,0,2.0
62461,2019-10-06,13,2000000.0,ANDROID,2019-10-06 13:00:00,904633,IOS,2019-10-06 11:00:00,1,2.0,1,0,2.0
62461,2019-10-06,14,10970000.0,IOS,2019-10-06 14:00:00,904455,ANDROID,2019-10-06 13:00:00,1,1.0,1,0,2.0
62461,2019-10-06,18,263970000.0,ANDROID,2019-10-06 18:00:00,905042,IOS,2019-10-06 18:00:00,1,0.0,1,0,2.0
62461,2019-10-06,19,10990000.0,WEB,2019-10-06 19:00:00,904454,ANDROID,2019-10-06 18:00:00,1,1.0,1,0,2.0
62461,2019-10-07,0,5970000.0,IOS,2019-10-07 00:00:00,905582,WEB,2019-10-06 23:00:00,1,1.0,1,0,2.0
62461,2019-12-05,10,3000000.0,WEB,2019-12-05 10:00:00,904517,IOS,2019-12-04 22:00:00,1,12.0,1,0,2.0
62461,2019-12-05,14,9800000.0,IOS,2019-12-05 14:00:00,905482,WEB,2019-12-05 10:00:00,1,4.0,1,0,2.0
62461,2019-12-05,14,200000.0,ANDROID,2019-12-05 14:00:00,905635,IOS,2019-12-05 14:00:00,1,0.0,1,0,2.0
62461,2019-12-05,15,3000000.0,IOS,2019-12-05 15:00:00,904521,ANDROID,2019-12-05 14:00:00,1,1.0,1,0,2.0
62461,2019-12-05,16,3600000.0,WEB,2019-12-05 16:00:00,905290,IOS,2019-12-05 15:00:00,1,1.0,1,0,2.0
62461,2019-12-05,17,2000000.0,ANDROID,2019-12-05 17:00:00,904894,WEB,2019-12-05 17:00:00,1,0.0,1,0,2.0
62461,2019-12-05,18,18010000.0,WEB,2019-12-05 18:00:00,904696,ANDROID,2019-12-05 17:00:00,1,1.0,1,0,2.0
62461,2019-12-05,20,6140000.0,ANDROID,2019-12-05 20:00:00,905805,WEB,2019-12-05 19:00:00,1,1.0,1,0,2.0
62461,2019-12-05,21,180300000.0,WEB,2019-12-05 21:00:00,905804,ANDROID,2019-12-05 20:00:00,1,1.0,1,0,2.0
62461,2019-12-06,10,6270000.0,IOS,2019-12-06 10:00:00,904523,WEB,2019-12-05 22:00:00,1,12.0,1,0,2.0
62461,2019-12-11,8,9970000.0,WEB,2019-12-11 08:00:00,904904,IOS,2019-12-10 23:00:00,1,9.0,1,0,2.0
62461,2019-12-11,9,6600000.0,ANDROID,2019-12-11 09:00:00,904705,WEB,2019-12-11 08:00:00,1,1.0,1,0,2.0
62461,2019-12-11,10,15500000.0,IOS,2019-12-11 10:00:00,905488,ANDROID,2019-12-11 09:00:00,1,1.0,1,0,2.0
62461,2019-12-11,11,56000000.0,ANDROID,2019-12-11 11:00:00,905812,IOS,2019-12-11 10:00:00,1,1.0,1,0,2.0
62461,2019-12-11,17,10000000.0,WEB,2019-12-11 17:00:00,905490,ANDROID,2019-12-11 16:00:00,1,1.0,1,0,2.0
62461,2019-12-11,19,11000000.0,IOS,2019-12-11 19:00:00,905298,WEB,2019-12-11 18:00:00,1,1.0,1,0,2.0
62461,2019-12-11,20,5470000.0,WEB,2019-12-11 20:00:00,904903,IOS,2019-12-11 19:00:00,1,1.0,1,0,2.0
62461,2019-12-11,22,102400000.0,IOS,2019-12-11 22:00:00,904902,WEB,2019-12-11 21:00:00,1,1.0,1,0,2.0
62461,2019-12-30,7,4970000.0,WEB,2019-12-30 07:00:00,905328,IOS,2019-12-29 22:00:00,1,9.0,1,0,2.0
62461,2019-12-30,9,17000000.0,IOS,2019-12-30 09:00:00,905506,WEB,2019-12-30 07:00:00,1,2.0,1,0,2.0
62461,2019-12-30,10,5300000.0,WEB,2019-12-30 10:00:00,905669,IOS,2019-12-30 09:00:00,1,1.0,1,0,2.0
62461,2019-12-30,13,500000.0,ANDROID,2019-12-30 13:00:00,904733,WEB,2019-12-30 12:00:00,1,1.0,1,0,2.0
62461,2019-12-30,13,9420000.0,WEB,2019-12-30 13:00:00,905834,ANDROID,2019-12-30 13:00:00,1,0.0,1,0,2.0
62461,2019-12-30,16,20500000.0,ANDROID,2019-12-30 16:00:00,905835,WEB,2019-12-30 15:00:00,1,1.0,1,0,2.0
62461,2019-12-30,20,140000000.0,WEB,2019-12-30 20:00:00,905132,ANDROID,2019-12-30 18:00:00,1,2.0,1,0,2.0
62461,2019-12-30,21,3920000.0,IOS,2019-12-30 21:00:00,905131,WEB,2019-12-30 20:00:00,1,1.0,1,0,2.0
62461,2019-12-30,22,19600000.0,WEB,2019-12-30 22:00:00,905833,IOS,2019-12-30 22:00:00,1,0.0,1,0,2.0
62461,2019-12-30,23,5000000.0,IOS,2019-12-30 23:00:00,905327,WEB,2019-12-30 22:00:00,1,1.0,1,0,2.0
63181,2019-11-02,14,2500000.0,WEB,2019-11-02 14:00:00,1077544,ANDROID,2019-11-01 17:00:00,1,21.0,1,0,2.0
63911,2019-09-12,22,200000.0,ANDROID,2019-09-12 22:00:00,986428,IOS,2019-09-12 21:00:00,1,1.0,1,0,2.0
64140,2019-06-26,21,500000.0,IOS,2019-06-26 21:00:00,558673,ANDROID,2019-06-26 19:00:00,1,2.0,1,0,2.0
64140,2019-09-11,17,5250000.0,WEB,2019-09-11 17:00:00,558625,IOS,2019-09-10 19:00:00,1,22.0,1,0,2.0
64140,2019-09-12,13,89000.0,IOS,2019-09-12 13:00:00,558626,WEB,2019-09-11 17:00:00,1,20.0,1,0,2.0
64140,2019-11-15,21,1000000.0,WEB,2019-11-15 21:00:00,558666,IOS,2019-11-14 22:00:00,1,23.0,1,0,2.0
64594,2019-09-16,14,559328.0,WEB,2019-09-16 14:00:00,1194238,IOS,2019-09-16 12:00:00,1,2.0,1,0,2.0
64699,2019-11-22,9,1500000.0,ANDROID,2019-11-22 09:00:00,1173740,WEB,2019-11-21 15:00:00,1,18.0,1,0,2.0
65361,2019-12-05,8,1450000.0,IOS,2019-12-05 08:00:00,1073627,WEB,2019-12-04 21:00:00,1,11.0,1,0,2.0
65399,2019-04-27,11,3000000.0,ANDROID,2019-04-27 11:00:00,230073,IOS,2019-04-26 16:00:00,1,19.0,1,0,2.0
65438,2019-09-18,12,6000000.0,IOS,2019-09-18 12:00:00,439868,ANDROID,2019-09-18 12:00:00,1,0.0,1,0,2.0
65438,2019-09-18,15,32800000.0,ANDROID,2019-09-18 15:00:00,439723,IOS,2019-09-18 12:00:00,1,3.0,1,0,2.0
65438,2019-09-18,19,8750000.0,IOS,2019-09-18 19:00:00,439722,ANDROID,2019-09-18 15:00:00,1,4.0,1,0,2.0
65438,2019-11-23,20,16000000.0,WEB,2019-11-23 20:00:00,439639,ANDROID,2019-11-23 18:00:00,1,2.0,1,0,2.0
65438,2019-11-24,19,44000000.0,ANDROID,2019-11-24 19:00:00,439816,WEB,2019-11-23 20:00:00,1,23.0,1,0,2.0
65456,2019-12-15,12,107549.0,WEB,2019-12-15 12:00:00,613889,IOS,2019-12-14 15:00:00,1,21.0,1,0,2.0
65456,2019-12-15,13,884556.0,IOS,2019-12-15 13:00:00,613876,WEB,2019-12-15 12:00:00,1,1.0,1,0,2.0
65456,2019-12-15,17,100000.0,ANDROID,2019-12-15 17:00:00,613879,IOS,2019-12-15 13:00:00,1,4.0,1,0,2.0
65923,2019-11-19,16,10000000.0,WEB,2019-11-19 16:00:00,738044,ANDROID,2019-11-19 11:00:00,1,5.0,1,0,2.0
65923,2019-11-20,14,50000.0,IOS,2019-11-20 14:00:00,738065,WEB,2019-11-19 16:00:00,1,22.0,1,0,2.0
66346,2019-05-31,19,20000000.0,IOS,2019-05-31 19:00:00,141819,ANDROID,2019-05-31 17:00:00,1,2.0,1,0,2.0
66346,2019-06-01,9,9000000.0,ANDROID,2019-06-01 09:00:00,141818,IOS,2019-05-31 19:00:00,1,14.0,1,0,2.0
66346,2019-09-17,12,10000000.0,ANDROID,2019-09-17 12:00:00,141765,WEB,2019-09-16 17:00:00,1,19.0,1,0,2.0
66346,2019-12-25,14,132700000.0,WEB,2019-12-25 14:00:00,141935,ANDROID,2019-12-24 19:00:00,1,19.0,1,0,2.0
66346,2019-12-25,20,20000000.0,IOS,2019-12-25 20:00:00,141864,WEB,2019-12-25 16:00:00,1,4.0,1,0,2.0
66346,2019-12-26,10,1500000.0,ANDROID,2019-12-26 10:00:00,141903,IOS,2019-12-25 20:00:00,1,14.0,1,0,2.0
66496,2019-10-11,15,1000000.0,ANDROID,2019-10-11 15:00:00,657736,WEB,2019-10-11 14:00:00,1,1.0,1,0,2.0
66496,2019-10-11,16,500000.0,WEB,2019-10-11 16:00:00,657642,ANDROID,2019-10-11 15:00:00,1,1.0,1,0,2.0
66496,2019-10-11,18,1500000.0,ANDROID,2019-10-11 18:00:00,657737,WEB,2019-10-11 16:00:00,1,2.0,1,0,2.0
66756,2019-11-06,9,51000.0,ANDROID,2019-11-06 09:00:00,474864,WEB,2019-11-05 16:00:00,1,17.0,1,0,2.0
67605,2019-12-23,15,850000.0,ANDROID,2019-12-23 15:00:00,1205804,IOS,2019-12-22 19:00:00,1,20.0,1,0,2.0
68052,2019-03-28,14,500000.0,WEB,2019-03-28 14:00:00,136480,IOS,2019-03-28 07:00:00,1,7.0,1,0,2.0
68052,2019-08-04,16,2800000.0,IOS,2019-08-04 16:00:00,136508,WEB,2019-08-04 15:00:00,1,1.0,1,0,2.0
68052,2019-10-25,18,21400000.0,ANDROID,2019-10-25 18:00:00,136531,WEB,2019-10-25 15:00:00,1,3.0,1,0,2.0
68083,2019-10-29,7,10000.0,IOS,2019-10-29 07:00:00,1195553,ANDROID,2019-10-28 09:00:00,1,22.0,1,0,2.0
68119,2019-06-03,1,150000.0,ANDROID,2019-06-03 01:00:00,339988,IOS,2019-06-02 22:00:00,1,3.0,1,0,2.0
68119,2019-06-03,19,300000.0,WEB,2019-06-03 19:00:00,339941,ANDROID,2019-06-03 04:00:00,1,15.0,1,0,2.0
68119,2019-06-03,23,500000.0,ANDROID,2019-06-03 23:00:00,339942,WEB,2019-06-03 19:00:00,1,4.0,1,0,2.0
68119,2019-06-04,22,200000.0,IOS,2019-06-04 22:00:00,339989,ANDROID,2019-06-03 23:00:00,1,23.0,1,0,2.0
68119,2019-06-09,18,50000.0,ANDROID,2019-06-09 18:00:00,339773,IOS,2019-06-09 12:00:00,1,6.0,1,0,2.0
68119,2019-06-09,19,350000.0,WEB,2019-06-09 19:00:00,339990,ANDROID,2019-06-09 18:00:00,1,1.0,1,0,2.0
68119,2019-09-15,3,40000.0,ANDROID,2019-09-15 03:00:00,339717,WEB,2019-09-15 02:00:00,1,1.0,1,0,2.0
68119,2019-09-15,4,1200000.0,WEB,2019-09-15 04:00:00,339787,ANDROID,2019-09-15 03:00:00,1,1.0,1,0,2.0
68119,2019-09-15,6,800000.0,IOS,2019-09-15 06:00:00,339718,WEB,2019-09-15 05:00:00,1,1.0,1,0,2.0
68119,2019-09-15,6,500000.0,WEB,2019-09-15 06:00:00,340009,IOS,2019-09-15 06:00:00,1,0.0,1,0,2.0
68119,2019-09-15,16,20000.0,ANDROID,2019-09-15 16:00:00,339788,WEB,2019-09-15 15:00:00,1,1.0,1,0,2.0
68119,2019-09-15,16,300000.0,IOS,2019-09-15 16:00:00,339919,ANDROID,2019-09-15 16:00:00,1,0.0,1,0,2.0
68119,2019-09-15,17,50000.0,WEB,2019-09-15 17:00:00,339835,IOS,2019-09-15 16:00:00,1,1.0,1,0,2.0
68119,2019-09-15,18,10000.0,IOS,2019-09-15 18:00:00,340007,WEB,2019-09-15 17:00:00,1,1.0,1,0,2.0
68695,2019-08-28,15,1000000.0,WEB,2019-08-28 15:00:00,743153,IOS,2019-08-28 00:00:00,1,15.0,1,0,2.0
68695,2019-08-28,18,1000000.0,IOS,2019-08-28 18:00:00,743191,WEB,2019-08-28 15:00:00,1,3.0,1,0,2.0
68695,2019-10-02,15,800000.0,IOS,2019-10-02 15:00:00,743172,ANDROID,2019-10-01 18:00:00,1,21.0,1,0,2.0
68822,2019-11-25,19,60000.0,WEB,2019-11-25 19:00:00,288137,ANDROID,2019-11-25 18:00:00,1,1.0,1,0,2.0
68822,2019-11-25,22,55000.0,ANDROID,2019-11-25 22:00:00,288176,WEB,2019-11-25 19:00:00,1,3.0,1,0,2.0
68822,2019-11-26,18,2525000.0,IOS,2019-11-26 18:00:00,288155,ANDROID,2019-11-25 22:00:00,1,20.0,1,0,2.0
69057,2019-11-20,10,4000000.0,ANDROID,2019-11-20 10:00:00,690675,WEB,2019-11-19 11:00:00,1,23.0,1,0,2.0
69057,2019-11-20,14,20000000.0,WEB,2019-11-20 14:00:00,690703,ANDROID,2019-11-20 10:00:00,1,4.0,1,0,2.0
69163,2019-05-31,21,4300000.0,IOS,2019-05-31 21:00:00,98272,WEB,2019-05-31 21:00:00,1,0.0,1,0,2.0
69701,2019-12-15,4,500000.0,IOS,2019-12-15 04:00:00,1356217,ANDROID,2019-12-14 12:00:00,1,16.0,1,0,2.0
69797,2019-12-27,23,500000.0,IOS,2019-12-27 23:00:00,1376613,WEB,2019-12-27 20:00:00,1,3.0,1,0,2.0
69841,2019-12-09,18,6805000.0,WEB,2019-12-09 18:00:00,1177347,ANDROID,2019-12-09 17:00:00,1,1.0,1,0,2.0
69841,2019-12-09,20,3000000.0,IOS,2019-12-09 20:00:00,1177346,WEB,2019-12-09 18:00:00,1,2.0,1,0,2.0
69841,2019-12-19,11,31000000.0,IOS,2019-12-19 11:00:00,1177338,ANDROID,2019-12-18 15:00:00,1,20.0,1,0,2.0
69966,2019-12-03,11,1350000.0,ANDROID,2019-12-03 11:00:00,1293252,WEB,2019-12-03 10:00:00,1,1.0,1,0,2.0
70116,2019-07-31,7,1000000.0,IOS,2019-07-31 07:00:00,1223986,ANDROID,2019-07-30 16:00:00,1,15.0,1,0,2.0
70328,2019-10-11,11,35000.0,IOS,2019-10-11 11:00:00,417157,ANDROID,2019-10-10 19:00:00,1,16.0,1,0,2.0
70574,2019-11-16,20,3000000.0,IOS,2019-11-16 20:00:00,745367,ANDROID,2019-11-16 14:00:00,1,6.0,1,0,2.0
70579,2019-09-13,8,500000.0,IOS,2019-09-13 08:00:00,1019904,ANDROID,2019-09-12 13:00:00,1,19.0,1,0,2.0
70579,2019-09-23,18,400000.0,WEB,2019-09-23 18:00:00,1019934,IOS,2019-09-22 20:00:00,1,22.0,1,0,2.0
70802,2019-08-14,19,760000.0,WEB,2019-08-14 19:00:00,178040,ANDROID,2019-08-14 11:00:00,1,8.0,1,0,2.0
70802,2019-08-15,9,500000.0,ANDROID,2019-08-15 09:00:00,178066,WEB,2019-08-14 19:00:00,1,14.0,1,0,2.0
70802,2019-09-03,11,500000.0,WEB,2019-09-03 11:00:00,178070,ANDROID,2019-09-02 18:00:00,1,17.0,1,0,2.0
71231,2019-07-11,14,300000000.0,IOS,2019-07-11 14:00:00,650465,WEB,2019-07-10 20:00:00,1,18.0,1,0,2.0
71610,2019-08-28,22,1000000.0,IOS,2019-08-28 22:00:00,1058845,WEB,2019-08-28 20:00:00,1,2.0,1,0,2.0
71706,2019-09-27,10,290000.0,ANDROID,2019-09-27 10:00:00,927993,IOS,2019-09-27 10:00:00,1,0.0,1,0,2.0
71706,2019-09-28,0,3000000.0,IOS,2019-09-28 00:00:00,927934,ANDROID,2019-09-27 10:00:00,1,14.0,1,0,2.0
71995,2019-12-08,18,48000.0,ANDROID,2019-12-08 18:00:00,989783,IOS,2019-12-08 12:00:00,1,6.0,1,0,2.0
72007,2019-07-01,15,600000.0,IOS,2019-07-01 15:00:00,153473,ANDROID,2019-07-01 11:00:00,1,4.0,1,0,2.0
72007,2019-07-01,18,387046.0,WEB,2019-07-01 18:00:00,153433,IOS,2019-07-01 15:00:00,1,3.0,1,0,2.0
72007,2019-07-01,20,2200000.0,ANDROID,2019-07-01 20:00:00,153520,WEB,2019-07-01 18:00:00,1,2.0,1,0,2.0
72007,2019-07-02,10,600000.0,IOS,2019-07-02 10:00:00,153434,ANDROID,2019-07-01 20:00:00,1,14.0,1,0,2.0
72209,2019-07-30,11,250000.0,IOS,2019-07-30 11:00:00,46251,ANDROID,2019-07-29 21:00:00,1,14.0,1,0,2.0
72411,2019-04-14,16,7750000.0,ANDROID,2019-04-14 16:00:00,70357,WEB,2019-04-13 21:00:00,1,19.0,1,0,2.0
72411,2019-06-11,9,1000000.0,IOS,2019-06-11 09:00:00,70042,ANDROID,2019-06-10 19:00:00,1,14.0,1,0,2.0
72411,2019-06-11,20,179769500.0,WEB,2019-06-11 20:00:00,70573,IOS,2019-06-11 19:00:00,1,1.0,1,0,2.0
72411,2019-06-12,9,91581000.0,ANDROID,2019-06-12 09:00:00,70491,WEB,2019-06-11 20:00:00,1,13.0,1,0,2.0
72411,2019-06-19,10,16016100.0,WEB,2019-06-19 10:00:00,70158,ANDROID,2019-06-18 19:00:00,1,15.0,1,0,2.0
72411,2019-06-19,11,41020220.0,ANDROID,2019-06-19 11:00:00,70575,WEB,2019-06-19 10:00:00,1,1.0,1,0,2.0
72411,2019-06-19,12,13665078.0,WEB,2019-06-19 12:00:00,70043,ANDROID,2019-06-19 11:00:00,1,1.0,1,0,2.0
72411,2019-06-19,13,20441000.0,ANDROID,2019-06-19 13:00:00,70576,WEB,2019-06-19 12:00:00,1,1.0,1,0,2.0
72411,2019-06-19,16,49379350.0,IOS,2019-06-19 16:00:00,70392,ANDROID,2019-06-19 13:00:00,1,3.0,1,0,2.0
72411,2019-06-19,17,49266900.0,WEB,2019-06-19 17:00:00,70678,IOS,2019-06-19 16:00:00,1,1.0,1,0,2.0
72411,2019-06-19,17,200000.0,ANDROID,2019-06-19 17:00:00,70679,WEB,2019-06-19 17:00:00,1,0.0,1,0,2.0
72411,2019-06-19,19,141625300.0,IOS,2019-06-19 19:00:00,70494,ANDROID,2019-06-19 17:00:00,1,2.0,1,0,2.0
72411,2019-06-20,10,26369659.0,ANDROID,2019-06-20 10:00:00,70681,IOS,2019-06-19 19:00:00,1,15.0,1,0,2.0
72600,2019-12-20,15,100000.0,WEB,2019-12-20 15:00:00,213401,IOS,2019-12-20 01:00:00,1,14.0,1,0,2.0
72600,2019-12-20,15,200000.0,IOS,2019-12-20 15:00:00,213407,WEB,2019-12-20 15:00:00,1,0.0,1,0,2.0
72781,2019-07-18,12,799407.0,IOS,2019-07-18 12:00:00,699985,ANDROID,2019-07-17 13:00:00,1,23.0,1,0,2.0
73256,2019-11-23,4,60000.0,ANDROID,2019-11-23 04:00:00,1169056,IOS,2019-11-22 17:00:00,1,11.0,1,0,2.0
73306,2019-11-03,11,1000000.0,IOS,2019-11-03 11:00:00,1037542,ANDROID,2019-11-02 12:00:00,1,23.0,1,0,2.0
73509,2019-11-21,11,100000.0,IOS,2019-11-21 11:00:00,1369949,ANDROID,2019-11-21 07:00:00,1,4.0,1,0,2.0
73573,2019-10-03,6,30000.0,ANDROID,2019-10-03 06:00:00,812928,IOS,2019-10-02 19:00:00,1,11.0,1,0,2.0
74076,2019-05-07,13,2000000.0,IOS,2019-05-07 13:00:00,249955,WEB,2019-05-06 20:00:00,1,17.0,1,0,2.0
74133,2019-11-01,17,100000.0,ANDROID,2019-11-01 17:00:00,1180254,IOS,2019-11-01 08:00:00,1,9.0,1,0,2.0
74133,2019-11-01,18,1100000.0,IOS,2019-11-01 18:00:00,1180258,ANDROID,2019-11-01 17:00:00,1,1.0,1,0,2.0
74492,2019-11-01,14,30000.0,ANDROID,2019-11-01 14:00:00,842852,IOS,2019-10-31 21:00:00,1,17.0,1,0,2.0
74492,2019-11-08,14,1400000.0,ANDROID,2019-11-08 14:00:00,842845,WEB,2019-11-08 13:00:00,1,1.0,1,0,2.0
74492,2019-11-08,14,380400.0,IOS,2019-11-08 14:00:00,842863,ANDROID,2019-11-08 14:00:00,1,0.0,1,0,2.0
74492,2019-11-08,22,90000.0,ANDROID,2019-11-08 22:00:00,842853,IOS,2019-11-08 14:00:00,1,8.0,1,0,2.0
74599,2019-09-14,17,140000.0,WEB,2019-09-14 17:00:00,427787,IOS,2019-09-13 21:00:00,1,20.0,1,0,2.0
74658,2019-10-05,7,1000000.0,WEB,2019-10-05 07:00:00,1008245,ANDROID,2019-10-05 06:00:00,1,1.0,1,0,2.0
74658,2019-10-05,7,1000000.0,ANDROID,2019-10-05 07:00:00,1008330,WEB,2019-10-05 07:00:00,1,0.0,1,0,2.0
74658,2019-10-05,8,1500000.0,WEB,2019-10-05 08:00:00,1008381,ANDROID,2019-10-05 07:00:00,1,1.0,1,0,2.0
74658,2019-10-05,18,9000000.0,IOS,2019-10-05 18:00:00,1008193,WEB,2019-10-05 09:00:00,1,9.0,1,0,2.0
74658,2019-10-05,21,300000.0,ANDROID,2019-10-05 21:00:00,1008217,IOS,2019-10-05 18:00:00,1,3.0,1,0,2.0
74658,2019-10-05,22,750000.0,WEB,2019-10-05 22:00:00,1008216,ANDROID,2019-10-05 21:00:00,1,1.0,1,0,2.0
74658,2019-10-06,6,243000.0,IOS,2019-10-06 06:00:00,1008355,WEB,2019-10-05 22:00:00,1,8.0,1,0,2.0
75115,2019-10-15,20,43200.0,ANDROID,2019-10-15 20:00:00,192007,IOS,2019-10-15 10:00:00,1,10.0,1,0,2.0
75115,2019-11-13,8,300000.0,WEB,2019-11-13 08:00:00,191905,IOS,2019-11-12 16:00:00,1,16.0,1,0,2.0
75135,2019-11-06,16,200000.0,IOS,2019-11-06 16:00:00,711900,WEB,2019-11-06 08:00:00,1,8.0,1,0,2.0
75512,2019-06-02,13,30000.0,ANDROID,2019-06-02 13:00:00,358779,IOS,2019-06-01 14:00:00,1,23.0,1,0,2.0
75763,2019-08-28,7,100000.0,WEB,2019-08-28 07:00:00,645249,IOS,2019-08-28 05:00:00,1,2.0,1,0,2.0
75763,2019-08-28,9,100000.0,IOS,2019-08-28 09:00:00,645296,WEB,2019-08-28 08:00:00,1,1.0,1,0,2.0
75909,2019-07-08,12,10000.0,IOS,2019-07-08 12:00:00,652856,WEB,2019-07-07 23:00:00,1,13.0,1,0,2.0
75909,2019-08-07,9,220000.0,ANDROID,2019-08-07 09:00:00,652595,IOS,2019-08-06 22:00:00,1,11.0,1,0,2.0
75909,2019-08-07,10,1330000.0,WEB,2019-08-07 10:00:00,652341,ANDROID,2019-08-07 09:00:00,1,1.0,1,0,2.0
75909,2019-08-07,14,400000.0,IOS,2019-08-07 14:00:00,652432,WEB,2019-08-07 10:00:00,1,4.0,1,0,2.0
75909,2019-08-07,15,2130000.0,ANDROID,2019-08-07 15:00:00,652342,IOS,2019-08-07 14:00:00,1,1.0,1,0,2.0
75909,2019-08-07,16,12000000.0,IOS,2019-08-07 16:00:00,652779,ANDROID,2019-08-07 15:00:00,1,1.0,1,0,2.0
76048,2019-12-31,19,2350000.0,ANDROID,2019-12-31 19:00:00,416118,IOS,2019-12-31 15:00:00,1,4.0,1,0,2.0
76738,2019-11-30,12,200000.0,ANDROID,2019-11-30 12:00:00,813943,IOS,2019-11-29 20:00:00,1,16.0,1,0,2.0
76738,2019-11-30,20,800000.0,IOS,2019-11-30 20:00:00,814041,ANDROID,2019-11-30 12:00:00,1,8.0,1,0,2.0
76742,2019-05-31,0,200000.0,WEB,2019-05-31 00:00:00,177764,IOS,2019-05-30 19:00:00,1,5.0,1,0,2.0
76955,2019-05-17,7,50000.0,ANDROID,2019-05-17 07:00:00,364041,WEB,2019-05-16 17:00:00,1,14.0,1,0,2.0
76955,2019-05-21,13,50000.0,IOS,2019-05-21 13:00:00,364089,ANDROID,2019-05-21 05:00:00,1,8.0,1,0,2.0
76955,2019-05-21,18,50000.0,ANDROID,2019-05-21 18:00:00,364166,IOS,2019-05-21 13:00:00,1,5.0,1,0,2.0
76955,2019-05-21,20,100000.0,IOS,2019-05-21 20:00:00,364212,ANDROID,2019-05-21 18:00:00,1,2.0,1,0,2.0
76955,2019-05-22,14,50000.0,ANDROID,2019-05-22 14:00:00,364213,IOS,2019-05-21 22:00:00,1,16.0,1,0,2.0
76983,2019-06-05,16,28500000.0,ANDROID,2019-06-05 16:00:00,247153,WEB,2019-06-05 15:00:00,1,1.0,1,0,2.0
76983,2019-06-27,16,51000000.0,WEB,2019-06-27 16:00:00,247027,ANDROID,2019-06-26 17:00:00,1,23.0,1,0,2.0
76983,2019-06-28,15,50000000.0,ANDROID,2019-06-28 15:00:00,247044,WEB,2019-06-27 16:00:00,1,23.0,1,0,2.0
77567,2019-09-05,21,1250000.0,WEB,2019-09-05 21:00:00,671095,IOS,2019-09-05 17:00:00,1,4.0,1,0,2.0
77593,2019-12-13,16,5375000.0,IOS,2019-12-13 16:00:00,1076061,ANDROID,2019-12-12 17:00:00,1,23.0,1,0,2.0
77609,2019-04-18,7,233000.0,ANDROID,2019-04-18 07:00:00,122190,IOS,2019-04-17 08:00:00,1,23.0,1,0,2.0
77609,2019-04-18,9,100000.0,IOS,2019-04-18 09:00:00,122278,ANDROID,2019-04-18 07:00:00,1,2.0,1,0,2.0
77609,2019-10-27,11,200000.0,WEB,2019-10-27 11:00:00,122292,IOS,2019-10-27 11:00:00,1,0.0,1,0,2.0
77659,2019-08-13,8,2050000.0,WEB,2019-08-13 08:00:00,522469,ANDROID,2019-08-12 16:00:00,1,16.0,1,0,2.0
77685,2019-07-25,15,30000000.0,WEB,2019-07-25 15:00:00,256160,IOS,2019-07-24 20:00:00,1,19.0,1,0,2.0
77685,2019-07-25,17,5000000.0,ANDROID,2019-07-25 17:00:00,256239,WEB,2019-07-25 15:00:00,1,2.0,1,0,2.0
77685,2019-07-26,10,57767000.0,IOS,2019-07-26 10:00:00,256181,ANDROID,2019-07-25 17:00:00,1,17.0,1,0,2.0
77685,2019-12-26,10,195000000.0,ANDROID,2019-12-26 10:00:00,256217,IOS,2019-12-25 16:00:00,1,18.0,1,0,2.0
77685,2019-12-26,11,40030000.0,WEB,2019-12-26 11:00:00,256196,ANDROID,2019-12-26 10:00:00,1,1.0,1,0,2.0
78211,2019-11-19,13,400000.0,IOS,2019-11-19 13:00:00,1169474,ANDROID,2019-11-19 12:00:00,1,1.0,1,0,2.0
78729,2019-12-02,11,20000.0,WEB,2019-12-02 11:00:00,1293588,ANDROID,2019-12-02 10:00:00,1,1.0,1,0,2.0
78729,2019-12-02,13,18000.0,IOS,2019-12-02 13:00:00,1293585,WEB,2019-12-02 11:00:00,1,2.0,1,0,2.0
79241,2019-11-08,0,330000.0,ANDROID,2019-11-08 00:00:00,953248,IOS,2019-11-07 11:00:00,1,13.0,1,0,2.0
79241,2019-11-08,16,2100000.0,IOS,2019-11-08 16:00:00,953249,ANDROID,2019-11-08 00:00:00,1,16.0,1,0,2.0
79542,2019-10-12,7,2860000.0,WEB,2019-10-12 07:00:00,303431,ANDROID,2019-10-11 15:00:00,1,16.0,1,0,2.0
79558,2019-12-20,22,5000000.0,ANDROID,2019-12-20 22:00:00,272035,WEB,2019-12-20 19:00:00,1,3.0,1,0,2.0
79558,2019-12-21,18,150000.0,IOS,2019-12-21 18:00:00,272026,ANDROID,2019-12-20 22:00:00,1,20.0,1,0,2.0
79640,2019-11-14,11,500000.0,IOS,2019-11-14 11:00:00,1115275,WEB,2019-11-13 16:00:00,1,19.0,1,0,2.0
79640,2019-11-14,12,20000.0,WEB,2019-11-14 12:00:00,1115244,IOS,2019-11-14 11:00:00,1,1.0,1,0,2.0
79640,2019-12-03,22,30000.0,WEB,2019-12-03 22:00:00,1115247,IOS,2019-12-03 09:00:00,1,13.0,1,0,2.0
79707,2019-11-16,14,600000.0,IOS,2019-11-16 14:00:00,135707,ANDROID,2019-11-15 15:00:00,1,23.0,1,0,2.0
79707,2019-12-04,13,20000.0,WEB,2019-12-04 13:00:00,135709,IOS,2019-12-04 13:00:00,1,0.0,1,0,2.0
79707,2019-12-05,11,33480000.0,IOS,2019-12-05 11:00:00,135661,WEB,2019-12-04 13:00:00,1,22.0,1,0,2.0
80025,2019-09-23,16,450000.0,IOS,2019-09-23 16:00:00,342489,WEB,2019-09-23 12:00:00,1,4.0,1,0,2.0
80025,2019-10-30,19,108730000.0,WEB,2019-10-30 19:00:00,342628,IOS,2019-10-30 11:00:00,1,8.0,1,0,2.0
80058,2019-09-28,6,160000.0,ANDROID,2019-09-28 06:00:00,889822,IOS,2019-09-27 10:00:00,1,20.0,1,0,2.0
80101,2019-10-26,11,9000000.0,WEB,2019-10-26 11:00:00,1085023,IOS,2019-10-25 17:00:00,1,18.0,1,0,2.0
80101,2019-10-27,9,450000.0,IOS,2019-10-27 09:00:00,1085022,WEB,2019-10-26 11:00:00,1,22.0,1,0,2.0
80262,2019-11-05,18,45000.0,WEB,2019-11-05 18:00:00,955141,ANDROID,2019-11-05 17:00:00,1,1.0,1,0,2.0
80262,2019-11-05,18,3680000.0,ANDROID,2019-11-05 18:00:00,955148,WEB,2019-11-05 18:00:00,1,0.0,1,0,2.0
80262,2019-11-05,19,160000.0,IOS,2019-11-05 19:00:00,955154,ANDROID,2019-11-05 18:00:00,1,1.0,1,0,2.0
80262,2019-11-06,8,45000.0,ANDROID,2019-11-06 08:00:00,955158,IOS,2019-11-05 19:00:00,1,13.0,1,0,2.0
80412,2019-07-14,2,300000.0,WEB,2019-07-14 02:00:00,499924,ANDROID,2019-07-13 23:00:00,1,3.0,1,0,2.0
80412,2019-07-14,18,500000.0,IOS,2019-07-14 18:00:00,500489,WEB,2019-07-14 02:00:00,1,16.0,1,0,2.0
80412,2019-07-15,0,10000.0,ANDROID,2019-07-15 00:00:00,500038,IOS,2019-07-14 18:00:00,1,6.0,1,0,2.0
80412,2019-08-19,6,1790000.0,IOS,2019-08-19 06:00:00,499814,ANDROID,2019-08-19 05:00:00,1,1.0,1,0,2.0
80412,2019-08-19,14,4105000.0,WEB,2019-08-19 14:00:00,500395,IOS,2019-08-19 08:00:00,1,6.0,1,0,2.0
80412,2019-08-19,15,21000000.0,ANDROID,2019-08-19 15:00:00,500396,WEB,2019-08-19 14:00:00,1,1.0,1,0,2.0
80412,2019-09-19,1,280000.0,WEB,2019-09-19 01:00:00,499690,ANDROID,2019-09-18 15:00:00,1,10.0,1,0,2.0
80412,2019-09-19,4,380000.0,IOS,2019-09-19 04:00:00,500525,WEB,2019-09-19 01:00:00,1,3.0,1,0,2.0
80412,2019-09-19,17,250000.0,ANDROID,2019-09-19 17:00:00,499691,IOS,2019-09-19 04:00:00,1,13.0,1,0,2.0
80412,2019-09-19,21,980000.0,WEB,2019-09-19 21:00:00,500526,ANDROID,2019-09-19 17:00:00,1,4.0,1,0,2.0
80412,2019-09-20,0,800000.0,ANDROID,2019-09-20 00:00:00,499833,WEB,2019-09-19 21:00:00,1,3.0,1,0,2.0
80412,2019-10-11,11,200000.0,WEB,2019-10-11 11:00:00,499978,ANDROID,2019-10-11 08:00:00,1,3.0,1,0,2.0
80412,2019-10-11,20,3200000.0,ANDROID,2019-10-11 20:00:00,499711,WEB,2019-10-11 18:00:00,1,2.0,1,0,2.0
80412,2019-11-26,0,500000.0,IOS,2019-11-26 00:00:00,500353,ANDROID,2019-11-25 21:00:00,1,3.0,1,0,2.0
80412,2019-11-26,1,2400000.0,ANDROID,2019-11-26 01:00:00,500459,IOS,2019-11-26 00:00:00,1,1.0,1,0,2.0
80412,2019-11-26,9,100000.0,IOS,2019-11-26 09:00:00,500458,ANDROID,2019-11-26 01:00:00,1,8.0,1,0,2.0
80412,2019-11-26,17,20000.0,ANDROID,2019-11-26 17:00:00,499892,IOS,2019-11-26 09:00:00,1,8.0,1,0,2.0
80452,2019-10-21,13,2091378.0,IOS,2019-10-21 13:00:00,939436,WEB,2019-10-21 13:00:00,1,0.0,1,0,2.0
80466,2019-12-02,18,2000000.0,ANDROID,2019-12-02 18:00:00,1064382,IOS,2019-12-02 07:00:00,1,11.0,1,0,2.0
80742,2019-11-18,17,30000000.0,IOS,2019-11-18 17:00:00,915180,ANDROID,2019-11-17 20:00:00,1,21.0,1,0,2.0
80821,2019-07-12,9,650000.0,WEB,2019-07-12 09:00:00,319732,IOS,2019-07-12 08:00:00,1,1.0,1,0,2.0
80821,2019-07-12,10,150000.0,IOS,2019-07-12 10:00:00,319663,WEB,2019-07-12 09:00:00,1,1.0,1,0,2.0
80939,2019-06-25,16,1500000.0,IOS,2019-06-25 16:00:00,495600,WEB,2019-06-25 15:00:00,1,1.0,1,0,2.0
81000,2019-12-02,8,50000.0,IOS,2019-12-02 08:00:00,1246431,ANDROID,2019-12-02 08:00:00,1,0.0,1,0,2.0
81031,2019-11-28,9,2000000.0,WEB,2019-11-28 09:00:00,804615,ANDROID,2019-11-27 21:00:00,1,12.0,1,0,2.0
81571,2019-12-10,1,150000.0,IOS,2019-12-10 01:00:00,715707,ANDROID,2019-12-09 18:00:00,1,7.0,1,0,2.0
81968,2019-07-02,10,500000.0,ANDROID,2019-07-02 10:00:00,415470,IOS,2019-07-01 15:00:00,1,19.0,1,0,2.0
82012,2019-11-13,11,115697.0,ANDROID,2019-11-13 11:00:00,1054152,IOS,2019-11-12 17:00:00,1,18.0,1,0,2.0
82012,2019-11-14,9,122000.0,IOS,2019-11-14 09:00:00,1054165,ANDROID,2019-11-13 11:00:00,1,22.0,1,0,2.0
82075,2019-08-31,16,100000.0,IOS,2019-08-31 16:00:00,892746,ANDROID,2019-08-31 11:00:00,1,5.0,1,0,2.0
82907,2019-09-23,8,10000000.0,WEB,2019-09-23 08:00:00,449941,IOS,2019-09-22 18:00:00,1,14.0,1,0,2.0
82907,2019-09-23,10,2700000.0,ANDROID,2019-09-23 10:00:00,449888,WEB,2019-09-23 08:00:00,1,2.0,1,0,2.0
82999,2019-11-26,8,2700000.0,WEB,2019-11-26 08:00:00,746727,ANDROID,2019-11-25 18:00:00,1,14.0,1,0,2.0
83229,2019-05-20,19,10000.0,ANDROID,2019-05-20 19:00:00,393622,IOS,2019-05-20 13:00:00,1,6.0,1,0,2.0
83229,2019-05-21,12,10000.0,IOS,2019-05-21 12:00:00,393630,ANDROID,2019-05-20 19:00:00,1,17.0,1,0,2.0
83491,2019-10-18,15,330000.0,WEB,2019-10-18 15:00:00,611154,IOS,2019-10-17 17:00:00,1,22.0,1,0,2.0
83799,2019-12-05,17,1200000.0,WEB,2019-12-05 17:00:00,1389434,ANDROID,2019-12-05 17:00:00,1,0.0,1,0,2.0
83799,2019-12-05,18,330000.0,ANDROID,2019-12-05 18:00:00,1389433,WEB,2019-12-05 17:00:00,1,1.0,1,0,2.0
83819,2019-12-13,11,10000000.0,WEB,2019-12-13 11:00:00,716140,ANDROID,2019-12-13 08:00:00,1,3.0,1,0,2.0
83974,2019-12-12,16,50000.0,WEB,2019-12-12 16:00:00,838087,ANDROID,2019-12-12 12:00:00,1,4.0,1,0,2.0
84022,2019-12-05,18,57497.0,ANDROID,2019-12-05 18:00:00,1057150,IOS,2019-12-05 12:00:00,1,6.0,1,0,2.0
84867,2019-11-17,22,3000.0,ANDROID,2019-11-17 22:00:00,851977,IOS,2019-11-17 22:00:00,1,0.0,1,0,2.0
85079,2019-10-11,17,10075000.0,WEB,2019-10-11 17:00:00,961007,ANDROID,2019-10-11 15:00:00,1,2.0,1,0,2.0
85079,2019-10-12,11,16480000.0,ANDROID,2019-10-12 11:00:00,961028,WEB,2019-10-11 17:00:00,1,18.0,1,0,2.0
85247,2019-10-05,12,19135810.0,IOS,2019-10-05 12:00:00,920298,ANDROID,2019-10-05 08:00:00,1,4.0,1,0,2.0
85247,2019-10-05,13,19242000.0,ANDROID,2019-10-05 13:00:00,920270,IOS,2019-10-05 12:00:00,1,1.0,1,0,2.0
85686,2019-11-07,8,18000.0,IOS,2019-11-07 08:00:00,266263,WEB,2019-11-06 21:00:00,1,11.0,1,0,2.0
85686,2019-12-27,8,900000.0,ANDROID,2019-12-27 08:00:00,266243,IOS,2019-12-26 16:00:00,1,16.0,1,0,2.0
85686,2019-12-27,10,50000.0,WEB,2019-12-27 10:00:00,266244,ANDROID,2019-12-27 08:00:00,1,2.0,1,0,2.0
85887,2019-07-06,11,2000000.0,IOS,2019-07-06 11:00:00,70770,WEB,2019-07-05 16:00:00,1,19.0,1,0,2.0
85887,2019-08-15,12,20000000.0,IOS,2019-08-15 12:00:00,70829,ANDROID,2019-08-14 14:00:00,1,22.0,1,0,2.0
85887,2019-11-12,11,600000.0,IOS,2019-11-12 11:00:00,70779,WEB,2019-11-11 12:00:00,1,23.0,1,0,2.0
85968,2019-10-05,8,141300000.0,ANDROID,2019-10-05 08:00:00,474122,IOS,2019-10-04 10:00:00,1,22.0,1,0,2.0
86062,2019-11-15,19,200000.0,ANDROID,2019-11-15 19:00:00,1178592,WEB,2019-11-15 06:00:00,1,13.0,1,0,2.0
86074,2019-12-21,9,464992.0,ANDROID,2019-12-21 09:00:00,2903,IOS,2019-12-20 11:00:00,1,22.0,1,0,2.0
86148,2019-06-13,21,200000.0,ANDROID,2019-06-13 21:00:00,100447,WEB,2019-06-13 00:00:00,1,21.0,1,0,2.0
86148,2019-06-13,23,20000.0,WEB,2019-06-13 23:00:00,100410,ANDROID,2019-06-13 21:00:00,1,2.0,1,0,2.0
86474,2019-12-30,9,4258000.0,WEB,2019-12-30 09:00:00,1338007,ANDROID,2019-12-30 09:00:00,1,0.0,1,0,2.0
86688,2019-06-03,13,2000000.0,ANDROID,2019-06-03 13:00:00,92408,WEB,2019-06-03 09:00:00,1,4.0,1,0,2.0
86688,2019-07-02,12,2130000.0,ANDROID,2019-07-02 12:00:00,92391,IOS,2019-07-01 17:00:00,1,19.0,1,0,2.0
86697,2019-11-29,19,20000.0,ANDROID,2019-11-29 19:00:00,1244438,WEB,2019-11-29 12:00:00,1,7.0,1,0,2.0
86826,2019-09-27,10,127000.0,IOS,2019-09-27 10:00:00,918053,WEB,2019-09-27 08:00:00,1,2.0,1,0,2.0
86826,2019-11-20,8,22000.0,WEB,2019-11-20 08:00:00,917973,IOS,2019-11-19 17:00:00,1,15.0,1,0,2.0
87209,2019-10-20,21,300000.0,WEB,2019-10-20 21:00:00,635362,IOS,2019-10-20 16:00:00,1,5.0,1,0,2.0
87209,2019-10-20,21,300000.0,IOS,2019-10-20 21:00:00,635397,WEB,2019-10-20 21:00:00,1,0.0,1,0,2.0
87209,2019-10-21,18,40000.0,ANDROID,2019-10-21 18:00:00,635398,IOS,2019-10-20 21:00:00,1,21.0,1,0,2.0
87336,2019-11-13,12,195000000.0,IOS,2019-11-13 12:00:00,1160203,WEB,2019-11-12 22:00:00,1,14.0,1,0,2.0
87481,2019-04-26,15,700000.0,WEB,2019-04-26 15:00:00,347330,ANDROID,2019-04-26 14:00:00,1,1.0,1,0,2.0
87481,2019-04-27,11,2100000.0,IOS,2019-04-27 11:00:00,347279,WEB,2019-04-26 15:00:00,1,20.0,1,0,2.0
87911,2019-12-03,10,11319000.0,ANDROID,2019-12-03 10:00:00,1219547,IOS,2019-12-03 08:00:00,1,2.0,1,0,2.0
87911,2019-12-03,11,753225.0,WEB,2019-12-03 11:00:00,1219703,ANDROID,2019-12-03 11:00:00,1,0.0,1,0,2.0
87911,2019-12-03,15,3468000.0,IOS,2019-12-03 15:00:00,1219544,WEB,2019-12-03 11:00:00,1,4.0,1,0,2.0
87911,2019-12-03,16,10271000.0,WEB,2019-12-03 16:00:00,1219637,IOS,2019-12-03 15:00:00,1,1.0,1,0,2.0
87911,2019-12-03,17,50000000.0,IOS,2019-12-03 17:00:00,1219569,WEB,2019-12-03 17:00:00,1,0.0,1,0,2.0
87911,2019-12-03,18,5350000.0,ANDROID,2019-12-03 18:00:00,1219636,IOS,2019-12-03 17:00:00,1,1.0,1,0,2.0
87911,2019-12-03,20,1615000.0,WEB,2019-12-03 20:00:00,1219599,ANDROID,2019-12-03 18:00:00,1,2.0,1,0,2.0
87911,2019-12-03,21,2000000.0,ANDROID,2019-12-03 21:00:00,1219700,WEB,2019-12-03 20:00:00,1,1.0,1,0,2.0
87911,2019-12-03,22,5000000.0,WEB,2019-12-03 22:00:00,1219600,ANDROID,2019-12-03 21:00:00,1,1.0,1,0,2.0
87911,2019-12-04,8,6261000.0,IOS,2019-12-04 08:00:00,1219545,WEB,2019-12-03 22:00:00,1,10.0,1,0,2.0
87969,2019-12-20,1,4250000.0,WEB,2019-12-20 01:00:00,392259,IOS,2019-12-19 22:00:00,1,3.0,1,0,2.0
87969,2019-12-20,7,900000.0,IOS,2019-12-20 07:00:00,392065,WEB,2019-12-20 07:00:00,1,0.0,1,0,2.0
87969,2019-12-20,11,50000.0,ANDROID,2019-12-20 11:00:00,391935,IOS,2019-12-20 07:00:00,1,4.0,1,0,2.0
87969,2019-12-20,17,500000.0,WEB,2019-12-20 17:00:00,392258,ANDROID,2019-12-20 11:00:00,1,6.0,1,0,2.0
87969,2019-12-20,20,500000.0,IOS,2019-12-20 20:00:00,392340,WEB,2019-12-20 17:00:00,1,3.0,1,0,2.0
88694,2019-12-09,17,2000000.0,WEB,2019-12-09 17:00:00,582877,IOS,2019-12-09 08:00:00,1,9.0,1,0,2.0
88694,2019-12-24,11,30000000.0,WEB,2019-12-24 11:00:00,582863,IOS,2019-12-23 16:00:00,1,19.0,1,0,2.0
88698,2019-12-07,17,800000.0,WEB,2019-12-07 17:00:00,1058440,IOS,2019-12-06 19:00:00,1,22.0,1,0,2.0
88775,2019-12-20,10,181914.0,ANDROID,2019-12-20 10:00:00,601245,WEB,2019-12-20 10:00:00,1,0.0,1,0,2.0
88963,2019-10-19,8,50000.0,ANDROID,2019-10-19 08:00:00,1050264,IOS,2019-10-18 15:00:00,1,17.0,1,0,2.0
89495,2019-04-27,9,2000000.0,ANDROID,2019-04-27 09:00:00,44995,IOS,2019-04-26 20:00:00,1,13.0,1,0,2.0
89529,2019-11-23,8,100000.0,WEB,2019-11-23 08:00:00,1054701,IOS,2019-11-22 09:00:00,1,23.0,1,0,2.0
89529,2019-11-23,14,500000.0,ANDROID,2019-11-23 14:00:00,1054714,WEB,2019-11-23 08:00:00,1,6.0,1,0,2.0
89828,2019-07-24,9,1600000.0,WEB,2019-07-24 09:00:00,37750,ANDROID,2019-07-23 13:00:00,1,20.0,1,0,2.0
89828,2019-11-29,12,50000000.0,ANDROID,2019-11-29 12:00:00,37898,WEB,2019-11-28 19:00:00,1,17.0,1,0,2.0
89828,2019-11-30,10,2300000.0,WEB,2019-11-30 10:00:00,37899,ANDROID,2019-11-29 12:00:00,1,22.0,1,0,2.0
89828,2019-12-10,18,10000000.0,ANDROID,2019-12-10 18:00:00,37769,WEB,2019-12-10 15:00:00,1,3.0,1,0,2.0
89828,2019-12-11,14,2100000.0,WEB,2019-12-11 14:00:00,37835,ANDROID,2019-12-10 18:00:00,1,20.0,1,0,2.0
89869,2019-08-12,15,1231000.0,WEB,2019-08-12 15:00:00,825038,ANDROID,2019-08-12 15:00:00,1,0.0,1,0,2.0
89978,2019-07-06,11,435000.0,WEB,2019-07-06 11:00:00,110485,ANDROID,2019-07-05 22:00:00,1,13.0,1,0,2.0
89978,2019-10-15,2,50000.0,WEB,2019-10-15 02:00:00,110534,ANDROID,2019-10-14 16:00:00,1,10.0,1,0,2.0
89978,2019-10-16,0,150000.0,ANDROID,2019-10-16 00:00:00,110463,WEB,2019-10-15 02:00:00,1,22.0,1,0,2.0
90096,2019-05-07,9,50000000.0,WEB,2019-05-07 09:00:00,99198,ANDROID,2019-05-06 16:00:00,1,17.0,1,0,2.0
90096,2019-05-07,17,10000000.0,ANDROID,2019-05-07 17:00:00,99090,WEB,2019-05-07 09:00:00,1,8.0,1,0,2.0
90096,2019-07-13,12,10000000.0,IOS,2019-07-13 12:00:00,99061,ANDROID,2019-07-12 19:00:00,1,17.0,1,0,2.0
90096,2019-07-13,19,3000000.0,ANDROID,2019-07-13 19:00:00,99286,IOS,2019-07-13 12:00:00,1,7.0,1,0,2.0
90096,2019-09-26,8,31700000.0,WEB,2019-09-26 08:00:00,99143,ANDROID,2019-09-25 15:00:00,1,17.0,1,0,2.0
90096,2019-09-26,16,4200000.0,IOS,2019-09-26 16:00:00,99117,WEB,2019-09-26 08:00:00,1,8.0,1,0,2.0
90096,2019-09-27,14,20000000.0,ANDROID,2019-09-27 14:00:00,99075,IOS,2019-09-26 20:00:00,1,18.0,1,0,2.0
90462,2019-11-16,3,20000.0,IOS,2019-11-16 03:00:00,1326234,ANDROID,2019-11-16 02:00:00,1,1.0,1,0,2.0
90515,2019-10-24,10,18010000.0,WEB,2019-10-24 10:00:00,939971,IOS,2019-10-23 21:00:00,1,13.0,1,0,2.0
90515,2019-10-24,18,2970000.0,IOS,2019-10-24 18:00:00,939786,WEB,2019-10-24 16:00:00,1,2.0,1,0,2.0
90515,2019-10-24,19,17995000.0,WEB,2019-10-24 19:00:00,939929,IOS,2019-10-24 18:00:00,1,1.0,1,0,2.0
90515,2019-10-24,20,2700000.0,IOS,2019-10-24 20:00:00,939930,WEB,2019-10-24 19:00:00,1,1.0,1,0,2.0
90616,2019-12-13,13,115900.0,WEB,2019-12-13 13:00:00,1266502,ANDROID,2019-12-12 22:00:00,1,15.0,1,0,2.0
90709,2019-10-28,16,30000000.0,IOS,2019-10-28 16:00:00,1058598,WEB,2019-10-27 18:00:00,1,22.0,1,0,2.0
91021,2019-03-22,11,21000000.0,ANDROID,2019-03-22 11:00:00,14236,IOS,2019-03-21 22:00:00,1,13.0,1,0,2.0
91021,2019-08-20,15,20000000.0,WEB,2019-08-20 15:00:00,14265,IOS,2019-08-20 13:00:00,1,2.0,1,0,2.0
91021,2019-08-20,16,40000000.0,IOS,2019-08-20 16:00:00,14327,WEB,2019-08-20 15:00:00,1,1.0,1,0,2.0
91297,2019-12-06,7,500000.0,WEB,2019-12-06 07:00:00,1206969,ANDROID,2019-12-05 22:00:00,1,9.0,1,0,2.0
91297,2019-12-28,9,500000.0,WEB,2019-12-28 09:00:00,1206953,ANDROID,2019-12-28 08:00:00,1,1.0,1,0,2.0
91297,2019-12-28,16,3000000.0,ANDROID,2019-12-28 16:00:00,1206952,WEB,2019-12-28 09:00:00,1,7.0,1,0,2.0
91301,2019-07-29,14,11980000.0,ANDROID,2019-07-29 14:00:00,644896,WEB,2019-07-29 13:00:00,1,1.0,1,0,2.0
91301,2019-08-07,15,32000000.0,ANDROID,2019-08-07 15:00:00,644976,IOS,2019-08-07 12:00:00,1,3.0,1,0,2.0
91785,2019-04-12,15,100000.0,IOS,2019-04-12 15:00:00,195851,WEB,2019-04-11 16:00:00,1,23.0,1,0,2.0
91890,2019-10-01,19,3000000.0,ANDROID,2019-10-01 19:00:00,927227,WEB,2019-10-01 14:00:00,1,5.0,1,0,2.0
91890,2019-10-02,16,1800000.0,IOS,2019-10-02 16:00:00,927214,ANDROID,2019-10-01 20:00:00,1,20.0,1,0,2.0
92393,2019-08-16,5,1000000.0,WEB,2019-08-16 05:00:00,819074,IOS,2019-08-15 18:00:00,1,11.0,1,0,2.0
92393,2019-08-16,20,1200000.0,IOS,2019-08-16 20:00:00,819103,WEB,2019-08-16 08:00:00,1,12.0,1,0,2.0
92397,2019-11-20,14,1500000.0,WEB,2019-11-20 14:00:00,863250,ANDROID,2019-11-19 16:00:00,1,22.0,1,0,2.0
92397,2019-11-21,0,100000.0,ANDROID,2019-11-21 00:00:00,863261,WEB,2019-11-20 14:00:00,1,10.0,1,0,2.0
92856,2019-12-09,11,200000.0,IOS,2019-12-09 11:00:00,803019,WEB,2019-12-08 23:00:00,1,12.0,1,0,2.0
92856,2019-12-25,10,600000.0,ANDROID,2019-12-25 10:00:00,803007,IOS,2019-12-24 19:00:00,1,15.0,1,0,2.0
93079,2019-09-15,11,70000.0,ANDROID,2019-09-15 11:00:00,859728,IOS,2019-09-14 17:00:00,1,18.0,1,0,2.0
93132,2019-07-28,20,550000.0,WEB,2019-07-28 20:00:00,532008,IOS,2019-07-27 23:00:00,1,21.0,1,0,2.0
93132,2019-07-29,7,47700.0,IOS,2019-07-29 07:00:00,531957,WEB,2019-07-28 20:00:00,1,11.0,1,0,2.0
93539,2019-07-10,9,3311672.0,ANDROID,2019-07-10 09:00:00,424045,IOS,2019-07-09 15:00:00,1,18.0,1,0,2.0
93539,2019-07-11,7,50000000.0,IOS,2019-07-11 07:00:00,424046,ANDROID,2019-07-10 16:00:00,1,15.0,1,0,2.0
93743,2019-10-19,5,50000000.0,WEB,2019-10-19 05:00:00,1143823,IOS,2019-10-18 15:00:00,1,14.0,1,0,2.0
93748,2019-10-16,21,5000000.0,ANDROID,2019-10-16 21:00:00,334724,IOS,2019-10-16 08:00:00,1,13.0,1,0,2.0
93748,2019-10-17,17,100000.0,IOS,2019-10-17 17:00:00,334836,ANDROID,2019-10-16 21:00:00,1,20.0,1,0,2.0
93798,2019-09-21,12,1000000.0,ANDROID,2019-09-21 12:00:00,463785,IOS,2019-09-20 18:00:00,1,18.0,1,0,2.0
93798,2019-09-22,10,1000000.0,IOS,2019-09-22 10:00:00,463714,ANDROID,2019-09-21 12:00:00,1,22.0,1,0,2.0
93907,2019-06-20,8,50000.0,IOS,2019-06-20 08:00:00,631963,WEB,2019-06-20 07:00:00,1,1.0,1,0,2.0
94293,2019-08-24,19,5000000.0,IOS,2019-08-24 19:00:00,839277,ANDROID,2019-08-23 20:00:00,1,23.0,1,0,2.0
94293,2019-08-25,12,710000.0,ANDROID,2019-08-25 12:00:00,839215,IOS,2019-08-24 19:00:00,1,17.0,1,0,2.0
94538,2019-05-09,18,20000.0,IOS,2019-05-09 18:00:00,780458,WEB,2019-05-09 18:00:00,1,0.0,1,0,2.0
94759,2019-06-29,0,45000.0,ANDROID,2019-06-29 00:00:00,205215,IOS,2019-06-28 19:00:00,1,5.0,1,0,2.0
94759,2019-06-29,1,46000000.0,IOS,2019-06-29 01:00:00,205163,ANDROID,2019-06-29 00:00:00,1,1.0,1,0,2.0
94759,2019-11-17,2,3000000.0,ANDROID,2019-11-17 02:00:00,205212,IOS,2019-11-16 17:00:00,1,9.0,1,0,2.0
95660,2019-09-13,2,400000.0,IOS,2019-09-13 02:00:00,819569,ANDROID,2019-09-13 02:00:00,1,0.0,1,0,2.0
95660,2019-09-13,7,500000.0,WEB,2019-09-13 07:00:00,819381,IOS,2019-09-13 02:00:00,1,5.0,1,0,2.0
95660,2019-09-13,8,500000.0,ANDROID,2019-09-13 08:00:00,819599,WEB,2019-09-13 07:00:00,1,1.0,1,0,2.0
95660,2019-09-13,9,500000.0,WEB,2019-09-13 09:00:00,819525,ANDROID,2019-09-13 08:00:00,1,1.0,1,0,2.0
95660,2019-09-13,12,1500000.0,IOS,2019-09-13 12:00:00,819347,WEB,2019-09-13 11:00:00,1,1.0,1,0,2.0
95660,2019-09-13,13,500000.0,ANDROID,2019-09-13 13:00:00,819488,IOS,2019-09-13 12:00:00,1,1.0,1,0,2.0
95660,2019-09-13,14,1200000.0,IOS,2019-09-13 14:00:00,819452,ANDROID,2019-09-13 13:00:00,1,1.0,1,0,2.0
95660,2019-09-13,17,200000.0,ANDROID,2019-09-13 17:00:00,819456,IOS,2019-09-13 16:00:00,1,1.0,1,0,2.0
95660,2019-09-13,17,500000.0,IOS,2019-09-13 17:00:00,819527,ANDROID,2019-09-13 17:00:00,1,0.0,1,0,2.0
95660,2019-09-13,18,900000.0,WEB,2019-09-13 18:00:00,819487,IOS,2019-09-13 17:00:00,1,1.0,1,0,2.0
95660,2019-09-13,20,1500000.0,IOS,2019-09-13 20:00:00,819524,WEB,2019-09-13 20:00:00,1,0.0,1,0,2.0
95660,2019-09-13,23,350000.0,ANDROID,2019-09-13 23:00:00,819382,IOS,2019-09-13 22:00:00,1,1.0,1,0,2.0
95660,2019-10-22,19,490000.0,WEB,2019-10-22 19:00:00,819540,IOS,2019-10-22 17:00:00,1,2.0,1,0,2.0
95795,2019-10-11,11,9000000.0,WEB,2019-10-11 11:00:00,842313,IOS,2019-10-11 08:00:00,1,3.0,1,0,2.0
96242,2019-07-29,18,34000.0,ANDROID,2019-07-29 18:00:00,175719,WEB,2019-07-29 13:00:00,1,5.0,1,0,2.0
96242,2019-09-15,13,400000.0,WEB,2019-09-15 13:00:00,175892,ANDROID,2019-09-14 15:00:00,1,22.0,1,0,2.0
96242,2019-10-18,15,100000.0,ANDROID,2019-10-18 15:00:00,175770,IOS,2019-10-18 10:00:00,1,5.0,1,0,2.0
96660,2019-11-13,9,1058793.0,ANDROID,2019-11-13 09:00:00,1097704,IOS,2019-11-12 15:00:00,1,18.0,1,0,2.0
96660,2019-11-13,14,779000.0,WEB,2019-11-13 14:00:00,1097703,ANDROID,2019-11-13 09:00:00,1,5.0,1,0,2.0
96660,2019-11-13,19,3000000.0,IOS,2019-11-13 19:00:00,1097671,WEB,2019-11-13 15:00:00,1,4.0,1,0,2.0
96690,2019-07-08,15,20000.0,ANDROID,2019-07-08 15:00:00,255337,IOS,2019-07-08 13:00:00,1,2.0,1,0,2.0
96690,2019-12-11,19,20000.0,WEB,2019-12-11 19:00:00,255379,ANDROID,2019-12-11 08:00:00,1,11.0,1,0,2.0
96771,2019-07-11,18,5000000.0,WEB,2019-07-11 18:00:00,108551,ANDROID,2019-07-11 17:00:00,1,1.0,1,0,2.0
96771,2019-07-12,11,750000.0,ANDROID,2019-07-12 11:00:00,108393,WEB,2019-07-11 18:00:00,1,17.0,1,0,2.0
96939,2019-10-04,11,15000.0,IOS,2019-10-04 11:00:00,261999,ANDROID,2019-10-03 16:00:00,1,19.0,1,0,2.0
97361,2019-12-06,11,144800.0,WEB,2019-12-06 11:00:00,45244,IOS,2019-12-05 17:00:00,1,18.0,1,0,2.0
98974,2019-09-24,7,25000000.0,ANDROID,2019-09-24 07:00:00,793335,IOS,2019-09-23 21:00:00,1,10.0,1,0,2.0
98974,2019-09-24,8,1500000.0,WEB,2019-09-24 08:00:00,793391,ANDROID,2019-09-24 07:00:00,1,1.0,1,0,2.0
98974,2019-09-24,19,79000000.0,IOS,2019-09-24 19:00:00,793363,WEB,2019-09-24 08:00:00,1,11.0,1,0,2.0
99022,2019-09-26,8,500000.0,IOS,2019-09-26 08:00:00,1306129,WEB,2019-09-25 18:00:00,1,14.0,1,0,2.0
99702,2019-08-21,10,100000.0,ANDROID,2019-08-21 10:00:00,729054,IOS,2019-08-20 16:00:00,1,18.0,1,0,2.0
100075,2019-08-26,16,13000000.0,WEB,2019-08-26 16:00:00,1077235,IOS,2019-08-26 13:00:00,1,3.0,1,0,2.0
100075,2019-08-26,16,37000.0,IOS,2019-08-26 16:00:00,1077247,WEB,2019-08-26 16:00:00,1,0.0,1,0,2.0
100479,2019-09-27,12,36000.0,WEB,2019-09-27 12:00:00,1080764,IOS,2019-09-27 07:00:00,1,5.0,1,0,2.0
100571,2019-09-29,11,35000.0,ANDROID,2019-09-29 11:00:00,430808,WEB,2019-09-28 18:00:00,1,17.0,1,0,2.0
100691,2019-08-16,12,1000000.0,WEB,2019-08-16 12:00:00,346752,IOS,2019-08-15 18:00:00,1,18.0,1,0,2.0
100691,2019-08-16,14,1226000.0,ANDROID,2019-08-16 14:00:00,346760,WEB,2019-08-16 12:00:00,1,2.0,1,0,2.0
100866,2019-08-04,20,10000000.0,WEB,2019-08-04 20:00:00,145556,ANDROID,2019-08-04 17:00:00,1,3.0,1,0,2.0
100866,2019-08-05,11,7330000.0,IOS,2019-08-05 11:00:00,145571,WEB,2019-08-04 20:00:00,1,15.0,1,0,2.0
101585,2019-08-06,15,57000.0,ANDROID,2019-08-06 15:00:00,801601,IOS,2019-08-06 00:00:00,1,15.0,1,0,2.0
101688,2019-12-24,15,3500000.0,ANDROID,2019-12-24 15:00:00,865966,IOS,2019-12-24 14:00:00,1,1.0,1,0,2.0
102170,2019-12-02,16,5500000.0,WEB,2019-12-02 16:00:00,1171781,IOS,2019-12-02 16:00:00,1,0.0,1,0,2.0
102180,2019-10-30,8,44000.0,WEB,2019-10-30 08:00:00,578838,IOS,2019-10-29 17:00:00,1,15.0,1,0,2.0
102180,2019-10-30,10,15000000.0,ANDROID,2019-10-30 10:00:00,578727,WEB,2019-10-30 08:00:00,1,2.0,1,0,2.0
102180,2019-10-31,9,99000.0,IOS,2019-10-31 09:00:00,578836,ANDROID,2019-10-30 10:00:00,1,23.0,1,0,2.0
102397,2019-12-20,19,9000000.0,IOS,2019-12-20 19:00:00,1249956,WEB,2019-12-19 22:00:00,1,21.0,1,0,2.0
102507,2019-12-18,8,460000.0,IOS,2019-12-18 08:00:00,1058761,ANDROID,2019-12-17 09:00:00,1,23.0,1,0,2.0
102795,2019-11-05,11,300000.0,ANDROID,2019-11-05 11:00:00,472162,IOS,2019-11-04 19:00:00,1,16.0,1,0,2.0
102920,2019-12-31,15,50000.0,IOS,2019-12-31 15:00:00,1307991,WEB,2019-12-31 04:00:00,1,11.0,1,0,2.0
103265,2019-08-15,9,138000.0,WEB,2019-08-15 09:00:00,611336,IOS,2019-08-14 10:00:00,1,23.0,1,0,2.0
104158,2019-10-11,20,1000000.0,WEB,2019-10-11 20:00:00,434,IOS,2019-10-10 22:00:00,1,22.0,1,0,2.0
104657,2019-07-20,6,49000000.0,ANDROID,2019-07-20 06:00:00,974579,WEB,2019-07-19 15:00:00,1,15.0,1,0,2.0
104773,2019-04-26,9,50000.0,ANDROID,2019-04-26 09:00:00,208343,WEB,2019-04-25 10:00:00,1,23.0,1,0,2.0
104856,2019-10-28,9,16000000.0,WEB,2019-10-28 09:00:00,1116112,IOS,2019-10-27 21:00:00,1,12.0,1,0,2.0
105606,2019-04-02,12,1300000.0,WEB,2019-04-02 12:00:00,207745,IOS,2019-04-01 19:00:00,1,17.0,1,0,2.0
105606,2019-04-03,11,2000000.0,IOS,2019-04-03 11:00:00,207944,WEB,2019-04-02 12:00:00,1,23.0,1,0,2.0
105606,2019-07-06,11,37000000.0,WEB,2019-07-06 11:00:00,207902,IOS,2019-07-05 21:00:00,1,14.0,1,0,2.0
105606,2019-08-01,8,300000000.0,WEB,2019-08-01 08:00:00,207723,IOS,2019-07-31 10:00:00,1,22.0,1,0,2.0
105606,2019-08-30,9,5005789.0,WEB,2019-08-30 09:00:00,207729,IOS,2019-08-30 08:00:00,1,1.0,1,0,2.0
105606,2019-08-30,9,50000.0,ANDROID,2019-08-30 09:00:00,207990,WEB,2019-08-30 09:00:00,1,0.0,1,0,2.0
105638,2019-07-30,12,3699000.0,IOS,2019-07-30 12:00:00,690775,ANDROID,2019-07-30 09:00:00,1,3.0,1,0,2.0
105797,2019-07-24,10,1741.0,ANDROID,2019-07-24 10:00:00,1481,IOS,2019-07-23 15:00:00,1,19.0,1,0,2.0
105797,2019-07-25,8,2334.0,IOS,2019-07-25 08:00:00,994,ANDROID,2019-07-24 10:00:00,1,22.0,1,0,2.0
105797,2019-09-30,14,2800.0,WEB,2019-09-30 14:00:00,1682,IOS,2019-09-29 23:00:00,1,15.0,1,0,2.0
105797,2019-09-30,19,78000.0,IOS,2019-09-30 19:00:00,1111,WEB,2019-09-30 18:00:00,1,1.0,1,0,2.0
105797,2019-11-26,10,222.0,WEB,2019-11-26 10:00:00,1027,IOS,2019-11-26 09:00:00,1,1.0,1,0,2.0
105797,2019-11-26,16,11756.0,IOS,2019-11-26 16:00:00,1606,WEB,2019-11-26 10:00:00,1,6.0,1,0,2.0
105797,2019-11-26,20,50000.0,WEB,2019-11-26 20:00:00,1516,IOS,2019-11-26 16:00:00,1,4.0,1,0,2.0
105797,2019-11-27,13,28000.0,IOS,2019-11-27 13:00:00,1607,WEB,2019-11-26 20:00:00,1,17.0,1,0,2.0
105822,2019-10-10,21,100000.0,IOS,2019-10-10 21:00:00,575160,ANDROID,2019-10-10 14:00:00,1,7.0,1,0,2.0
106031,2019-06-29,15,35000.0,WEB,2019-06-29 15:00:00,606191,ANDROID,2019-06-29 13:00:00,1,2.0,1,0,2.0
106031,2019-12-06,13,5000000.0,WEB,2019-12-06 13:00:00,606295,IOS,2019-12-05 21:00:00,1,16.0,1,0,2.0
106031,2019-12-07,12,206600000.0,IOS,2019-12-07 12:00:00,606377,WEB,2019-12-06 13:00:00,1,23.0,1,0,2.0
106289,2019-10-26,9,200000.0,IOS,2019-10-26 09:00:00,975822,WEB,2019-10-25 20:00:00,1,13.0,1,0,2.0
106289,2019-12-18,15,100000.0,IOS,2019-12-18 15:00:00,975802,WEB,2019-12-18 08:00:00,1,7.0,1,0,2.0
106289,2019-12-18,23,100000.0,ANDROID,2019-12-18 23:00:00,975734,IOS,2019-12-18 15:00:00,1,8.0,1,0,2.0
106577,2019-12-31,17,500000.0,ANDROID,2019-12-31 17:00:00,1344143,WEB,2019-12-31 12:00:00,1,5.0,1,0,2.0
106577,2019-12-31,17,250000.0,IOS,2019-12-31 17:00:00,1344153,ANDROID,2019-12-31 17:00:00,1,0.0,1,0,2.0
106828,2019-09-20,9,1000000.0,IOS,2019-09-20 09:00:00,103534,WEB,2019-09-19 23:00:00,1,10.0,1,0,2.0
106828,2019-09-20,14,500000.0,ANDROID,2019-09-20 14:00:00,103535,IOS,2019-09-20 11:00:00,1,3.0,1,0,2.0
106828,2019-09-20,18,500000.0,IOS,2019-09-20 18:00:00,102617,ANDROID,2019-09-20 14:00:00,1,4.0,1,0,2.0
106828,2019-09-20,23,600000.0,ANDROID,2019-09-20 23:00:00,102863,IOS,2019-09-20 18:00:00,1,5.0,1,0,2.0
106828,2019-09-21,0,3000000.0,WEB,2019-09-21 00:00:00,102864,ANDROID,2019-09-20 23:00:00,1,1.0,1,0,2.0
106828,2019-11-30,9,2100000.0,ANDROID,2019-11-30 09:00:00,102480,WEB,2019-11-30 05:00:00,1,4.0,1,0,2.0
106828,2019-11-30,10,500000.0,WEB,2019-11-30 10:00:00,102007,ANDROID,2019-11-30 09:00:00,1,1.0,1,0,2.0
106828,2019-11-30,11,500000.0,ANDROID,2019-11-30 11:00:00,103161,WEB,2019-11-30 10:00:00,1,1.0,1,0,2.0
106828,2019-11-30,18,500000.0,IOS,2019-11-30 18:00:00,102013,ANDROID,2019-11-30 15:00:00,1,3.0,1,0,2.0
106828,2019-11-30,19,1000000.0,ANDROID,2019-11-30 19:00:00,102703,IOS,2019-11-30 18:00:00,1,1.0,1,0,2.0
106828,2019-11-30,21,500000.0,WEB,2019-11-30 21:00:00,103157,ANDROID,2019-11-30 19:00:00,1,2.0,1,0,2.0
106828,2019-11-30,23,1000000.0,IOS,2019-11-30 23:00:00,102019,WEB,2019-11-30 21:00:00,1,2.0,1,0,2.0
106828,2019-12-01,6,500000.0,WEB,2019-12-01 06:00:00,103644,IOS,2019-11-30 23:00:00,1,7.0,1,0,2.0
106828,2019-12-13,0,1000000.0,ANDROID,2019-12-13 00:00:00,102245,WEB,2019-12-12 18:00:00,1,6.0,1,0,2.0
106828,2019-12-13,20,500000.0,WEB,2019-12-13 20:00:00,102032,ANDROID,2019-12-13 18:00:00,1,2.0,1,0,2.0
106828,2019-12-13,23,1350000.0,IOS,2019-12-13 23:00:00,102723,WEB,2019-12-13 20:00:00,1,3.0,1,0,2.0
106828,2019-12-14,0,300000.0,WEB,2019-12-14 00:00:00,102248,IOS,2019-12-13 23:00:00,1,1.0,1,0,2.0
106828,2019-12-16,9,500000.0,ANDROID,2019-12-16 09:00:00,103173,WEB,2019-12-15 23:00:00,1,10.0,1,0,2.0
106828,2019-12-16,11,500000.0,IOS,2019-12-16 11:00:00,103410,ANDROID,2019-12-16 10:00:00,1,1.0,1,0,2.0
106828,2019-12-16,14,700000.0,ANDROID,2019-12-16 14:00:00,103658,IOS,2019-12-16 11:00:00,1,3.0,1,0,2.0
106828,2019-12-16,16,1000000.0,IOS,2019-12-16 16:00:00,103172,ANDROID,2019-12-16 14:00:00,1,2.0,1,0,2.0
106828,2019-12-16,18,1000000.0,WEB,2019-12-16 18:00:00,103409,IOS,2019-12-16 16:00:00,1,2.0,1,0,2.0
106828,2019-12-16,22,800000.0,ANDROID,2019-12-16 22:00:00,102967,WEB,2019-12-16 18:00:00,1,4.0,1,0,2.0
106828,2019-12-16,23,200000.0,IOS,2019-12-16 23:00:00,102969,ANDROID,2019-12-16 22:00:00,1,1.0,1,0,2.0
106828,2019-12-17,1,500000.0,WEB,2019-12-17 01:00:00,102033,IOS,2019-12-16 23:00:00,1,2.0,1,0,2.0
107160,2019-10-04,17,1400000.0,IOS,2019-10-04 17:00:00,1006804,WEB,2019-10-04 09:00:00,1,8.0,1,0,2.0
107160,2019-10-23,15,689000.0,ANDROID,2019-10-23 15:00:00,1006784,IOS,2019-10-22 16:00:00,1,23.0,1,0,2.0
107414,2019-11-24,20,2000000.0,IOS,2019-11-24 20:00:00,1290694,ANDROID,2019-11-24 14:00:00,1,6.0,1,0,2.0
107618,2019-10-10,20,1000000.0,ANDROID,2019-10-10 20:00:00,1323766,IOS,2019-10-10 08:00:00,1,12.0,1,0,2.0
107618,2019-12-23,13,500000.0,WEB,2019-12-23 13:00:00,1323776,IOS,2019-12-22 19:00:00,1,18.0,1,0,2.0
107971,2019-09-11,8,1000000.0,IOS,2019-09-11 08:00:00,15476,ANDROID,2019-09-10 10:00:00,1,22.0,1,0,2.0
107971,2019-09-11,16,37000.0,WEB,2019-09-11 16:00:00,15555,IOS,2019-09-11 08:00:00,1,8.0,1,0,2.0
107971,2019-09-11,18,25000.0,ANDROID,2019-09-11 18:00:00,15554,WEB,2019-09-11 16:00:00,1,2.0,1,0,2.0
107971,2019-09-12,16,210000.0,IOS,2019-09-12 16:00:00,15380,ANDROID,2019-09-12 11:00:00,1,5.0,1,0,2.0
108103,2019-10-07,21,2050000.0,ANDROID,2019-10-07 21:00:00,1311724,IOS,2019-10-07 16:00:00,1,5.0,1,0,2.0
108276,2019-10-29,11,50000.0,ANDROID,2019-10-29 11:00:00,450078,IOS,2019-10-28 15:00:00,1,20.0,1,0,2.0
108327,2019-11-07,9,675000.0,WEB,2019-11-07 09:00:00,460277,ANDROID,2019-11-06 15:00:00,1,18.0,1,0,2.0
108327,2019-11-07,11,250000.0,ANDROID,2019-11-07 11:00:00,460288,WEB,2019-11-07 09:00:00,1,2.0,1,0,2.0
108941,2019-09-15,19,28000.0,ANDROID,2019-09-15 19:00:00,1071897,IOS,2019-09-14 23:00:00,1,20.0,1,0,2.0
108997,2019-11-21,9,30000.0,ANDROID,2019-11-21 09:00:00,1091224,IOS,2019-11-20 16:00:00,1,17.0,1,0,2.0
109268,2019-11-01,16,30000.0,IOS,2019-11-01 16:00:00,816757,ANDROID,2019-11-01 10:00:00,1,6.0,1,0,2.0
110179,2019-10-31,11,4000000.0,IOS,2019-10-31 11:00:00,660213,WEB,2019-10-30 17:00:00,1,18.0,1,0,2.0
110179,2019-10-31,17,80000.0,WEB,2019-10-31 17:00:00,660288,IOS,2019-10-31 13:00:00,1,4.0,1,0,2.0
110179,2019-11-26,8,1890000.0,WEB,2019-11-26 08:00:00,660272,ANDROID,2019-11-25 21:00:00,1,11.0,1,0,2.0
110643,2019-07-29,2,20000.0,WEB,2019-07-29 02:00:00,411702,ANDROID,2019-07-28 12:00:00,1,14.0,1,0,2.0
110643,2019-07-29,15,20000.0,IOS,2019-07-29 15:00:00,411703,WEB,2019-07-29 02:00:00,1,13.0,1,0,2.0
110643,2019-07-29,19,20000.0,ANDROID,2019-07-29 19:00:00,411646,IOS,2019-07-29 15:00:00,1,4.0,1,0,2.0
110832,2019-12-11,19,452900.0,IOS,2019-12-11 19:00:00,1170692,ANDROID,2019-12-11 19:00:00,1,0.0,1,0,2.0
110832,2019-12-18,9,150000.0,WEB,2019-12-18 09:00:00,1170704,IOS,2019-12-17 12:00:00,1,21.0,1,0,2.0
110832,2019-12-18,12,67000.0,ANDROID,2019-12-18 12:00:00,1170688,WEB,2019-12-18 09:00:00,1,3.0,1,0,2.0
110847,2019-12-23,8,3700000.0,IOS,2019-12-23 08:00:00,1184839,ANDROID,2019-12-22 17:00:00,1,15.0,1,0,2.0
110976,2019-11-30,11,50000.0,WEB,2019-11-30 11:00:00,764446,ANDROID,2019-11-29 18:00:00,1,17.0,1,0,2.0
111010,2019-09-03,18,4500000.0,IOS,2019-09-03 18:00:00,357558,ANDROID,2019-09-03 16:00:00,1,2.0,1,0,2.0
111010,2019-11-02,19,100000.0,WEB,2019-11-02 19:00:00,357519,IOS,2019-11-02 10:00:00,1,9.0,1,0,2.0
111065,2019-08-20,13,20000.0,WEB,2019-08-20 13:00:00,285858,IOS,2019-08-20 06:00:00,1,7.0,1,0,2.0
111112,2019-09-05,16,10000000.0,IOS,2019-09-05 16:00:00,943686,WEB,2019-09-05 15:00:00,1,1.0,1,0,2.0
111112,2019-09-05,20,3260000.0,ANDROID,2019-09-05 20:00:00,943676,IOS,2019-09-05 16:00:00,1,4.0,1,0,2.0
111152,2019-09-11,14,1000000.0,IOS,2019-09-11 14:00:00,977405,ANDROID,2019-09-10 22:00:00,1,16.0,1,0,2.0
111576,2019-12-03,11,3129000.0,IOS,2019-12-03 11:00:00,1293734,WEB,2019-12-02 16:00:00,1,19.0,1,0,2.0
112247,2019-07-19,8,500000.0,ANDROID,2019-07-19 08:00:00,427192,WEB,2019-07-18 16:00:00,1,16.0,1,0,2.0
112247,2019-11-26,14,350000.0,WEB,2019-11-26 14:00:00,427353,ANDROID,2019-11-26 12:00:00,1,2.0,1,0,2.0
112247,2019-12-03,13,500000.0,ANDROID,2019-12-03 13:00:00,427271,WEB,2019-12-02 21:00:00,1,16.0,1,0,2.0
112247,2019-12-03,15,500000.0,WEB,2019-12-03 15:00:00,427137,ANDROID,2019-12-03 13:00:00,1,2.0,1,0,2.0
112503,2019-09-14,13,400000.0,WEB,2019-09-14 13:00:00,743322,ANDROID,2019-09-13 22:00:00,1,15.0,1,0,2.0
112571,2019-07-14,11,1000000.0,IOS,2019-07-14 11:00:00,150059,ANDROID,2019-07-13 19:00:00,1,16.0,1,0,2.0
112915,2019-09-14,10,1360000.0,ANDROID,2019-09-14 10:00:00,353531,IOS,2019-09-13 11:00:00,1,23.0,1,0,2.0
113146,2019-10-28,9,800000.0,ANDROID,2019-10-28 09:00:00,1084914,IOS,2019-10-27 21:00:00,1,12.0,1,0,2.0
113167,2019-07-13,12,1500000.0,IOS,2019-07-13 12:00:00,302869,ANDROID,2019-07-12 13:00:00,1,23.0,1,0,2.0
113167,2019-07-14,9,20000.0,ANDROID,2019-07-14 09:00:00,302694,IOS,2019-07-13 12:00:00,1,21.0,1,0,2.0
113167,2019-09-27,16,2000000.0,IOS,2019-09-27 16:00:00,302787,ANDROID,2019-09-27 08:00:00,1,8.0,1,0,2.0
113167,2019-09-28,9,30000.0,ANDROID,2019-09-28 09:00:00,302849,IOS,2019-09-27 16:00:00,1,17.0,1,0,2.0
113299,2019-07-11,16,200000.0,ANDROID,2019-07-11 16:00:00,357832,WEB,2019-07-10 19:00:00,1,21.0,1,0,2.0
113300,2019-06-18,7,580000.0,IOS,2019-06-18 07:00:00,275615,ANDROID,2019-06-17 14:00:00,1,17.0,1,0,2.0
113316,2019-11-29,10,12000000.0,IOS,2019-11-29 10:00:00,1308499,WEB,2019-11-28 17:00:00,1,17.0,1,0,2.0
113563,2019-10-30,12,38900000.0,IOS,2019-10-30 12:00:00,757197,WEB,2019-10-30 09:00:00,1,3.0,1,0,2.0
114115,2019-04-29,10,540000.0,ANDROID,2019-04-29 10:00:00,209155,WEB,2019-04-28 13:00:00,1,21.0,1,0,2.0
114479,2019-06-25,17,3325000.0,WEB,2019-06-25 17:00:00,733616,ANDROID,2019-06-25 15:00:00,1,2.0,1,0,2.0
114479,2019-06-25,18,300000.0,IOS,2019-06-25 18:00:00,733615,WEB,2019-06-25 17:00:00,1,1.0,1,0,2.0
114479,2019-06-25,19,660000.0,ANDROID,2019-06-25 19:00:00,733628,IOS,2019-06-25 18:00:00,1,1.0,1,0,2.0
114479,2019-06-26,8,5000000.0,IOS,2019-06-26 08:00:00,733631,ANDROID,2019-06-25 19:00:00,1,13.0,1,0,2.0
114479,2019-07-26,12,6220000.0,WEB,2019-07-26 12:00:00,733612,ANDROID,2019-07-26 10:00:00,1,2.0,1,0,2.0
114526,2019-08-02,11,20000.0,WEB,2019-08-02 11:00:00,224034,IOS,2019-08-01 17:00:00,1,18.0,1,0,2.0
114526,2019-10-08,11,107580.0,ANDROID,2019-10-08 11:00:00,224038,IOS,2019-10-07 20:00:00,1,15.0,1,0,2.0
114658,2019-12-23,20,5500000.0,ANDROID,2019-12-23 20:00:00,1142072,IOS,2019-12-23 15:00:00,1,5.0,1,0,2.0
114658,2019-12-24,8,15000000.0,IOS,2019-12-24 08:00:00,1142071,ANDROID,2019-12-23 20:00:00,1,12.0,1,0,2.0
114902,2019-08-13,16,106950000.0,ANDROID,2019-08-13 16:00:00,567099,WEB,2019-08-13 15:00:00,1,1.0,1,0,2.0
115552,2019-06-22,10,200000.0,IOS,2019-06-22 10:00:00,483519,ANDROID,2019-06-21 18:00:00,1,16.0,1,0,2.0
115552,2019-06-22,13,300000.0,ANDROID,2019-06-22 13:00:00,483260,IOS,2019-06-22 10:00:00,1,3.0,1,0,2.0
115552,2019-06-22,13,200000.0,WEB,2019-06-22 13:00:00,483352,ANDROID,2019-06-22 13:00:00,1,0.0,1,0,2.0
115552,2019-06-22,19,300000.0,ANDROID,2019-06-22 19:00:00,483351,WEB,2019-06-22 13:00:00,1,6.0,1,0,2.0
115679,2019-02-25,9,848482.0,WEB,2019-02-25 09:00:00,23164,IOS,2019-02-25 09:00:00,1,0.0,1,0,2.0
115679,2019-02-25,13,1000000.0,ANDROID,2019-02-25 13:00:00,23208,WEB,2019-02-25 09:00:00,1,4.0,1,0,2.0
116603,2019-06-06,14,540000.0,WEB,2019-06-06 14:00:00,66326,IOS,2019-06-05 19:00:00,1,19.0,1,0,2.0
116603,2019-06-07,8,17000000.0,IOS,2019-06-07 08:00:00,66328,WEB,2019-06-06 14:00:00,1,18.0,1,0,2.0
116781,2019-08-04,20,20000.0,ANDROID,2019-08-04 20:00:00,931718,IOS,2019-08-04 16:00:00,1,4.0,1,0,2.0
116781,2019-08-05,9,50000.0,IOS,2019-08-05 09:00:00,931706,ANDROID,2019-08-04 20:00:00,1,13.0,1,0,2.0
116865,2019-10-16,13,6100000.0,IOS,2019-10-16 13:00:00,1047928,WEB,2019-10-15 15:00:00,1,22.0,1,0,2.0
117133,2019-08-31,16,650000.0,ANDROID,2019-08-31 16:00:00,875126,WEB,2019-08-31 14:00:00,1,2.0,1,0,2.0
117184,2019-12-04,20,100000.0,WEB,2019-12-04 20:00:00,1273388,ANDROID,2019-12-04 16:00:00,1,4.0,1,0,2.0
117184,2019-12-05,12,6140000.0,ANDROID,2019-12-05 12:00:00,1273392,WEB,2019-12-04 20:00:00,1,16.0,1,0,2.0
117260,2019-08-02,8,21000.0,IOS,2019-08-02 08:00:00,545922,ANDROID,2019-08-01 15:00:00,1,17.0,1,0,2.0
117382,2019-12-09,14,3000000.0,IOS,2019-12-09 14:00:00,1087152,ANDROID,2019-12-08 18:00:00,1,20.0,1,0,2.0
118043,2019-10-25,16,2000000.0,WEB,2019-10-25 16:00:00,1395816,IOS,2019-10-25 14:00:00,1,2.0,1,0,2.0
118417,2019-12-24,9,170000.0,WEB,2019-12-24 09:00:00,1236625,IOS,2019-12-23 12:00:00,1,21.0,1,0,2.0
118536,2019-11-22,16,300000.0,IOS,2019-11-22 16:00:00,1229864,WEB,2019-11-21 20:00:00,1,20.0,1,0,2.0
118961,2019-12-11,16,4400000.0,ANDROID,2019-12-11 16:00:00,1382013,IOS,2019-12-10 19:00:00,1,21.0,1,0,2.0
118993,2019-12-07,12,70500000.0,IOS,2019-12-07 12:00:00,1379897,WEB,2019-12-06 19:00:00,1,17.0,1,0,2.0
119155,2019-11-24,18,500000.0,IOS,2019-11-24 18:00:00,1143255,WEB,2019-11-23 21:00:00,1,21.0,1,0,2.0
