CUSTOMER_NUMBER,util_velocity
8,0.2585296296296296
14,0.353668
126,0.0
158,0.28208
248,0.34785
295,0.18216363636363633
312,0.12896000000000002
317,0.2783714285714286
369,0.18780000000000008
373,0.1916391708743024
393,0.3455803921568627
435,0.2950292929292929
445,-0.22390888888888888
465,0.32976
471,0.5330894736842106
498,0.45654736842105265
503,0.2667428571428571
548,0.43678656215005596
585,0.0
587,0.1865646464646465
738,0.0
749,0.45141174158683367
766,0.0
772,0.3931406015037594
778,0.4072766666666666
806,0.10398000000000002
838,0.0
839,0.2930301886792453
851,0.3843619047619048
947,0.44950935672514625
993,0.4054969696969697
1052,0.36421666666666663
1059,0.28321290322580644
1086,0.19595999999999997
1131,0.20156923076923078
1136,-0.07336477146042363
1183,0.3518476190476191
1244,-0.03822000000000003
1265,0.48131304347826087
1269,0.40739649122807015
1274,0.1570733333333334
1305,0.03928705882352945
1314,0.0
1381,0.0
1401,0.4362457614403601
1439,0.05186666666666667
1456,0.18467368421052638
1544,0.08311320954907153
1546,0.4223238095238095
1555,0.49515
1658,0.0
1668,0.012703448275862117
1669,0.0
1680,0.00550624999999999
1755,0.38119863247863245
1766,0.014990000000000003
1774,0.21467234042553196
1794,0.006957142857142884
1820,0.0
1844,0.3061361904761905
1870,-0.02184242424242422
1910,0.3181568627450981
2007,0.2748181818181818
2010,0.38530909090909093
2028,0.05719199999999991
2034,0.0
2070,0.0
2078,-0.08485454545454546
2095,0.2907142857142857
2101,0.0
2105,0.3464425531914894
2112,0.5132903225806452
2126,0.3786909090909091
2145,0.3695318181818182
2156,0.20363636363636367
2265,0.38659333333333334
2335,0.012699999999999934
2414,0.12998378378378378
2458,0.0
2502,0.08840377358490567
2503,0.31029411764705883
2518,0.4282717948717949
2554,0.0
2557,0.15520717360114777
2567,0.2973113636363636
2606,0.08934000000000003
2610,0.18630000000000002
2623,0.329
2644,0.0893883928571429
2645,0.012564102564102564
2648,-0.007636363636363663
2658,0.0
2677,0.0
2703,0.3631047619047619
2726,-0.035531149168528176
2729,0.408675
2748,0.2687958974358975
2763,0.10514999999999997
2813,0.5331428571428571
2819,0.0
2891,0.16886307692307695
2904,0.28715075187969924
2929,0.17270000000000002
2934,0.00242727272727275
2938,0.22440303030303027
2992,0.5182599999999999
3047,0.0
3133,0.3208042553191489
3135,0.277978947368421
3138,0.4772112489660877
3161,0.4873130434782609
3166,0.30601923076923077
3275,0.2790108108108108
3280,0.2407111111111111
3311,0.008859259259259233
3367,0.4588444444444444
3393,0.1579777777777778
3411,0.12054035087719298
3419,0.09400940170940164
3472,0.07319222222222221
3499,-0.2007126829268293
3621,0.2576976995305164
3666,0.34252307692307693
3673,0.3415709770114942
3710,0.2662057014253563
3722,0.2303619047619047
3728,0.09777599999999997
3799,0.49292800000000003
3866,0.20632
3883,0.0
3890,0.509
3913,0.0
3918,0.4693328330206379
3926,0.19970259870064969
3928,0.0
3983,0.28101333333333334
4008,0.0
4038,0.5386679999999999
4065,0.11709574468085106
4068,0.12685999999999997
4087,0.42628999999999995
4111,0.45374358974358975
4157,0.17759555555555556
4186,0.0
4210,0.27569444444444446
4231,0.24991538461538462
4275,0.25229408115792196
4281,0.0
4287,0.41728947368421054
4301,-0.1295333333333333
4341,0.23664827586206896
4346,0.40927584345479084
4357,0.082325
4364,0.38239545454545454
4401,0.07980952380952377
4449,0.013111111111111073
4455,0.21814545454545456
4458,0.013279999999999959
4494,0.2410561403508772
4496,0.0
4517,0.02563928398645382
4538,0.0
4545,0.22121999999999997
4569,0.1250875
4574,0.16329565217391306
4582,0.2595142857142857
4620,0.1746739130434783
4657,0.20409253731343285
4705,0.14668333333333328
4836,0.0
4918,0.12177024793388429
4994,0.1025956043956044
5030,0.0
5069,0.0
5084,0.011088888888888926
5107,0.30577777777777776
5134,0.37442881060341826
5173,0.0
5185,0.04550000000000001
5189,0.344216
5246,0.26624000000000003
5310,0.3414857142857143
5350,0.010390783410138216
5392,0.2923536822884967
5437,-0.12083913043478262
5452,-0.007133333333333339
5501,0.28615384615384615
5503,0.06238888888888891
5533,0.1765901754385965
5550,0.0
5617,0.23527222222222222
5660,0.36549999999999994
5698,0.29342990196078433
5736,0.23112631578947362
5757,-0.08561494252873561
5822,0.49139133709981164
5832,0.08768235294117643
5892,0.3889155844155844
5895,0.17202857142857142
5917,0.0
5969,0.3563058823529412
6000,0.463253448275862
6008,-0.013299999999999979
6011,0.20803809523809524
6019,0.2534535353535354
6035,0.21305000000000002
6039,0.41259793548387097
6045,0.057750943396226384
6114,0.2452351851851852
6184,0.0
6197,0.2634764705882353
6213,0.32447272727272725
6232,0.0
6233,-0.6719027027027027
6269,0.3094
6271,0.23731851851851848
6285,0.10820487804878048
6306,0.43292
6316,0.3361285714285714
6322,0.0
6333,0.26834799815922683
6347,0.45120666666666664
6369,0.25591228070175437
6370,0.0
6458,0.36827878787878787
6487,0.0
6518,0.0
6576,-0.006171498771498779
6612,0.48095833333333327
6681,0.0
6698,0.0
6754,-0.2274960240060015
6769,0.027505882352941158
6789,0.15902828282828282
6798,0.0
6806,0.2205111111111111
6896,-0.08456216216216217
6939,0.2773428571428571
6978,0.3484631578947368
6988,0.23132029177718835
7007,0.0
7009,0.0
7016,0.0
7023,0.3265361403508772
7133,0.2602727272727272
7138,0.0
7163,0.0
7209,0.25951367521367524
7230,0.31286339410939695
7261,0.21248000000000003
7291,0.4531584541062802
7347,0.23014814814814813
7392,0.13601364913689284
7418,-0.11263253588516742
7474,0.08350000000000002
7513,0.0
7523,0.2639
7540,0.4083379310344828
7569,0.0
7574,0.28783125
7579,0.08733333333333332
7650,0.250251724137931
7658,0.0
7671,0.3886545454545455
7691,0.4651896551724138
7755,0.43053684210526316
7765,0.32131851851851856
7807,0.3274833333333333
7850,0.011249999999999982
7876,0.13448656716417912
7880,0.011345454545454547
7911,0.2938228251507321
7916,0.2792425339366516
7946,0.34971612903225807
7972,0.0
8052,0.29705479452054795
8056,0.49237037037037035
8169,0.16346222222222218
8184,0.33534285714285716
8230,0.09133004670472239
8272,0.06423636363636362
8372,0.39285000000000003
8376,0.3220518518518518
8379,0.303129873772791
8386,0.009599999999999942
8452,0.35150769230769235
8456,-0.07976666666666668
8541,0.4373045454545454
8545,0.22215806451612902
8549,0.47158000000000005
8577,-0.007233333333333425
8584,-0.4090925925925926
8622,-0.11242857142857143
8635,0.0
8683,0.011605555555555536
8699,0.2577781818181818
8717,0.0
8780,0.25286666666666663
8860,0.32017999999999996
8863,0.15831607142857143
8903,0.0
8915,0.07435750000000002
8918,0.0
8951,0.0
8971,0.3264941176470588
8979,0.21754666666666672
8996,-0.10509600000000002
9014,0.0
9035,0.5245200000000001
9056,0.1375885714285714
9067,0.011635714285714194
9079,0.0
9150,-0.4038999999999999
9164,-0.03624500000000008
9185,0.0
9246,0.001085714285714287
9255,-0.3237366666666667
9261,0.04721932773109244
9302,0.4289063492063492
9303,0.20622962962962965
9357,0.4527703703703704
9368,0.0
9418,0.0
9421,0.46057727272727267
9490,0.0
9499,0.05831202213279685
9503,0.02668411214953271
9542,0.30616165413533836
9697,0.1302981132075472
9711,0.10799099099099102
9753,0.43255333333333335
9846,0.0
9948,0.05399081920903956
10018,0.39483
10019,0.0048384615384615415
10036,0.0
10044,0.42289411764705875
10068,0.10466211180124224
10105,-0.3640888888888889
10117,0.09026624271330153
10130,0.04111717171717172
10136,0.20716799999999996
10175,0.10428927203065136
10183,0.0
10188,0.233585
10189,0.394
10194,0.2372685714285715
10285,0.407975
10329,0.18471200000000002
10367,0.3309333333333333
10379,0.15176267498267498
10446,0.16405000000000003
10450,0.1752748251748253
10517,0.08649180327868852
10518,0.006193103448275894
10537,0.4285178571428572
10728,0.4335241379310345
10729,0.3131803206191266
10784,0.25659622641509433
10804,0.0747199999999999
10817,0.17819000000000007
10826,0.28560392156862746
10833,0.0
10837,0.015812500000000007
10887,0.055433333333333334
10949,0.0
11001,0.45226821052631583
11075,0.0
11084,0.3117382352941177
11101,0.36366
11119,0.22110000000000002
11159,0.0
11256,-0.17192571428571424
11266,0.4902137931034483
11267,0.38323199999999996
11272,0.3278603448275862
11298,0.25619523809523803
11417,0.2510133333333333
11425,0.005543478260869594
11437,0.3936916923076923
11489,0.0
11519,0.014318750000000047
11539,0.22086436781609198
11540,0.15647282913165267
11542,0.2917199999999999
11560,0.19853714285714286
11585,0.0
11603,0.3085375
11613,0.0
11624,0.39102142857142863
11659,0.09393333333333337
11663,0.19210861788617883
11701,0.07904214876033057
11736,0.2561703703703704
11784,0.014078787878787913
11796,0.1299377777777778
11808,0.0
11845,0.0
11853,0.40738060904612633
11854,-0.0018479999999999608
11858,0.1469333333333333
11872,0.2594823529411765
11946,0.0
11966,0.14728444444444444
11978,0.0
12021,-0.5389285714285714
12031,0.1299764864969285
12070,0.0
12082,0.3522129032258064
12088,0.4076871794871794
12103,0.47176
12175,0.31908070175438596
12204,0.0
12319,0.002658823529411769
12344,0.0
12373,0.26637777777777777
12389,0.39364
12407,0.0
12577,0.3070172727272727
12586,0.31774285714285716
12587,0.0
12604,0.25488155339805824
12612,0.3749
12737,0.0
12758,0.27740000000000004
12767,0.36119111111111113
12775,-0.23487586206896555
12798,0.0
12805,0.0
12848,0.40881282051282053
12874,0.14776724137931035
12875,0.5226545454545454
12882,0.0
12892,-0.08402618741976897
12924,0.16355135135135135
12954,0.45199574468085113
12960,0.23118857142857144
13004,0.012399999999999967
13009,0.073015
13010,0.4639675675675675
13047,0.327648
13073,0.40674901960784315
13086,0.3955151515151515
13128,0.23393529411764707
13131,0.0
13182,0.08988387096774192
13217,0.38839999999999997
13224,0.4308348717948718
13257,0.3251973262032086
13273,-0.14413417899929531
13284,0.09940760959470635
13310,0.3736777777777778
13400,0.15099999999999997
13429,0.11994499691484986
13465,0.33236216216216213
13525,0.011933333333333351
13554,0.13774137931034486
13555,0.0
13576,0.14533333333333337
13615,0.42550000000000004
13631,0.44108387096774193
13655,0.26936178937558247
13680,0.22222857142857133
13685,0.0
13735,-0.07410000000000003
13769,0.35440000000000005
13771,0.38000563380281693
13790,0.0
13841,0.31884
13886,0.07490051175058066
13892,0.089808
13897,0.266088
13912,0.38102
13922,0.250735
13965,0.4865924528301887
13987,0.19500882117080998
13995,0.0
14032,-0.06420000000000003
14046,0.3988293706293706
14054,0.4579166390270868
14100,0.280898309178744
14108,0.0
14140,0.10306400000000002
14156,0.08600155221324199
14159,0.0
14193,0.0
14262,0.36023684210526313
14274,0.0
14321,0.0
14353,0.1670666666666667
14357,0.19499565217391301
14364,0.3316704545454545
14447,0.40949787234042556
14449,-0.5744571428571429
14464,0.17277499999999996
14493,0.10538461538461541
14496,0.11774482758620691
14528,0.4409666666666667
14557,0.1928177777777778
14574,0.013859999999999983
14588,0.0
14623,0.32257777777777774
14633,0.148
14669,0.44403157894736844
14676,0.45433478260869564
14677,0.009199999999999986
14814,0.21493488372093023
14856,0.37755452631578945
14881,-0.30354500000000006
14919,0.1494607142857144
14930,0.24629999999999996
14945,0.42365453980099504
14946,0.40701538461538467
14955,0.4522454545454545
14964,0.0
14989,-0.09195897435897438
15047,0.0
15174,0.40753333333333336
15215,0.04875259659326964
15258,0.013545945945945936
15295,0.36119999999999997
15296,0.05822807017543857
15307,0.012733333333333263
15320,0.23979259259259256
15334,0.14308673300165836
15346,0.25089830295411686
15429,0.012076470588235355
15474,0.0
15491,0.01429999999999998
15506,0.3915116883116883
15529,-0.2973533333333333
15572,0.13813406593406594
15577,0.34171363636363633
15588,0.002550318471337576
15590,0.2288788888888889
15625,0.1521127962085308
15639,0.0
15694,0.2266978723404255
15728,0.24428
15746,0.24656666666666666
15756,0.17533454545454547
15816,0.006763636363636388
15856,-0.08305714285714288
15867,0.0
15870,0.3394521739130435
15934,0.5202511627906977
15947,0.23718048780487805
16014,0.0
16015,-0.3011365853658536
16064,0.0016187500000000021
16085,0.0
16103,0.26036133190118155
16119,0.18857240143369175
16199,0.0
16205,-0.027227626137303562
16215,0.0
16249,0.36252666666666666
16252,0.2722521739130435
16291,0.0
16303,0.21797101449275363
16325,0.4011296703296703
16332,0.002123809523809528
16343,-0.09984352216748768
16371,0.3926857142857143
16376,0.0
16382,0.38069333333333333
16424,0.0
16462,0.3621228070175439
16497,0.07420925925925925
16511,0.0
16527,0.39345333333333327
16551,0.013499999999999956
16582,0.4223918367346938
16585,0.007419999999999982
16588,0.20006868686868687
16621,0.20676363636363637
16629,0.3334272727272727
16631,0.4025995635570103
16666,0.4349745945945946
16680,0.0
16739,-0.014000000000000012
16764,0.2769847072879331
16808,0.4394181818181818
16809,0.15582758620689657
16845,0.2352681818181818
16852,0.0
16871,0.32789193548387097
16908,0.423424
16912,0.0
16931,0.18563333333333332
16954,0.5206433333333333
16956,0.1858997101449275
16986,0.1962253968253968
17028,0.13038407960199005
17039,0.014795555555555562
17040,0.2898771929824562
17057,0.18445250544662312
17137,0.34503529411764705
17146,0.3106825
17153,-0.3013454545454546
17189,0.24542666666666663
17202,0.0
17204,0.30446470588235297
17226,0.4586933333333333
17269,0.25601754385964914
17277,0.0
17326,0.307824
17343,0.2821274725274725
17362,0.2873636363636364
17391,0.32909230769230774
17399,0.4401999999999999
17400,0.2628704761904762
17404,0.0
17421,0.0
17423,0.2563568710359408
17470,0.01924390243902438
17485,0.182
17496,0.0
17608,0.1975209209209209
17659,0.009886056971514234
17671,0.27542857142857147
17734,0.4166382978723404
17817,0.11231272727272723
17846,0.08591090909090907
17864,0.4640115151515152
17913,-0.23089624060150382
17923,0.19516223776223773
17963,0.27355380116959066
17989,0.14788421052631578
18026,0.2583448275862068
18071,0.30379655172413794
18105,0.08235338345864662
18130,0.22945581395348835
18145,0.22948333333333332
18216,0.013085106382978773
18219,0.0
18242,-0.03539875578966489
18309,0.0
18313,0.15832222222222225
18332,0.07318518518518519
18337,0.011292307692307713
18348,0.2530711111111111
18365,0.06943619047619048
18416,0.0
18430,0.0
18437,0.29973734939759034
18439,0.37018000000000006
18464,0.33192
18472,0.3707090909090909
18481,0.003066666666666662
18530,0.0
18566,-0.13450769230769233
18577,0.26333913043478263
18635,0.0
18706,0.24337227722772278
18736,0.32337651515151516
18752,0.29087924528301884
18773,0.0
18818,0.0
18852,0.10361904761904764
19004,0.4843758620689655
19011,0.0
19053,0.0
19054,0.3619837837837838
19058,0.1205710843373494
19172,0.0
19210,0.3704133333333333
19235,0.0
19263,0.0
19277,0.0
19282,0.4696061403508772
19287,0.1998428571428571
19330,0.0
19369,0.4051095238095238
19478,0.22794358974358975
19497,0.30255
19553,0.5064736842105263
19579,0.012030508474576207
19585,0.505732510112838
19616,0.0
19619,0.4151
19625,0.3578085714285714
19676,0.0
19679,0.0
19739,0.008017543859649146
19747,0.0
19752,0.1692666666666668
19764,0.2152173913043478
19808,0.10149999999999992
19815,-0.42256666666666665
19940,0.42719999999999997
19963,0.364425
19976,0.22145000000000004
20013,0.2740666666666667
20074,0.0559188811188811
20081,0.3913733333333333
20104,0.0
20131,0.4046966666666667
20146,0.3439885714285714
20161,0.0013333333333333391
20189,0.0914444444444445
20193,0.0318230769230769
20206,0.21062499999999998
20212,0.12680648648648649
20220,0.23303880597014925
20330,0.3598454545454546
20375,0.10416315789473687
20381,0.006594871794871782
20414,0.34385057915057915
20427,0.36685999999999996
20429,0.3773120634920636
20430,0.3031614864864865
20442,0.2638842105263157
20451,0.227578947368421
20452,0.0
20486,0.0
20536,0.33319999999999994
20600,0.0
20609,0.26975
20625,0.22591724137931035
20626,0.0
20638,0.3387694252873564
20741,0.0
20774,0.0
20785,0.3034543554006969
20836,0.2680666666666667
20864,0.19092000000000003
20878,0.0
20884,0.43588000000000005
20897,0.503225
20898,0.20287489361702127
20899,0.0
20950,0.4341
21031,0.012833333333333252
21046,0.2542994318181818
21049,0.2909230769230769
21064,0.18315348837209305
21111,0.12290943396226416
21116,0.40790270270270274
21148,0.0
21162,0.025166666666666615
21210,0.3086983050847458
21275,0.0
21298,0.13321159420289858
21314,0.0
21344,0.48274342105263157
21375,0.0
21402,0.42142222222222225
21437,0.17341428571428574
21441,0.0
21505,0.14648
21515,0.34983684210526317
21531,0.057664285714285723
21620,0.2929380952380953
21626,0.20343333333333335
21654,0.12125749722229401
21665,0.5014555555555555
21679,0.4388871794871795
21707,0.26160732026143796
21723,0.36068695652173915
21748,0.26063333333333333
21788,0.35268
21874,0.0
21959,0.16279099804305283
22025,0.5065543950786056
22036,0.23753220338983044
22039,0.24927272727272726
22072,0.25494193548387095
22124,0.3613333333333333
22157,0.31480714285714284
22160,0.29403750000000006
22205,0.27505999999999997
22222,0.3407526315789473
22242,0.1542
22251,0.0779
22292,-0.05335499316005471
22296,0.08474193548387099
22340,0.4560618627450981
22393,0.0
22398,-0.035177456572465654
22595,0.005523076923076964
22603,0.4110861621621622
22662,0.30668148148148144
22678,0.2403446153846154
22693,-0.026446666666666674
22696,0.32542727272727273
22716,0.0030857142857143027
22747,0.5308445378151261
22802,0.038799999999999946
22836,0.47573333333333334
22866,0.17446875
22891,0.0
22906,0.0
22911,0.0
22926,0.06350858694895188
22936,0.15719166666666667
22961,0.0
23001,0.46156
23012,0.1876
23046,0.2299474747474748
23058,0.012400000000000078
23070,-0.03780571428571422
23072,0.3940711578947368
23076,0.33236333333333334
23082,0.40964
23089,0.0
23197,0.0
23236,0.0
23369,-0.08441509433962269
23392,0.20431455679045812
23397,0.0
23399,0.17125
23412,0.33514999999999995
23433,0.015228571428571452
23438,0.220375
23445,0.0
23510,0.39976595744680854
23514,0.1456615867579909
23516,0.29960526546731026
23524,0.1989832167832168
23533,0.012920000000000043
23557,0.19839259259259256
23576,0.0
23675,0.0
23696,0.0674357142857143
23719,0.3107714285714286
23733,0.4332
23778,0.34589090909090914
23783,0.0
23811,0.10877142857142855
23842,0.30069767441860473
23948,0.06488430166324902
23955,0.1667529411764706
24003,0.002599999999999991
24027,-0.042613888888888896
24040,0.43175555555555556
24054,0.2684
24077,-0.0416090909090909
24079,0.4819666666666667
24095,0.4762777777777778
24100,0.25313048275862066
24134,0.4407586206896551
24229,0.0
24240,0.1782965517241379
24308,0.14184073226544625
24336,0.24764761904761906
24354,0.19748923076923075
24363,0.26228571428571423
24375,0.503048
24402,0.32468421052631574
24444,0.13322162162162163
24445,0.0
24449,0.0
24465,0.2916133333333334
24481,0.4617098797250859
24564,0.32682948853615523
24674,0.4342315789473684
24687,0.014175510204081698
24711,0.3242864864864865
24755,-0.11355500000000002
24763,0.0
24778,0.011556521739130465
24779,0.21138947368421057
24859,0.3588514285714286
24884,0.0
24890,0.43138556149732615
24908,0.02160833333333334
24936,0.013950000000000018
25037,0.4712677018633541
25042,0.21162
25071,0.26767777777777774
25081,0.35433880952380953
25112,0.3675736842105263
25122,0.3146472727272728
25131,0.30544166666666667
25157,0.012242105263157832
25197,0.08074901960784314
25235,0.2699866666666666
25304,0.47527142857142857
25353,0.4398
25359,0.13388067226890757
25366,0.0
25380,0.0
25390,0.06639287671232874
25397,0.1681707236842105
25405,0.07461632653061223
25424,0.0
25436,-0.008122807017543865
25464,0.18697142857142857
25488,-0.3294
25493,0.060369230769230786
25514,-0.3439294117647059
25527,0.09487368421052633
25538,0.0
25549,0.09564923076923076
25556,0.011944827586206852
25604,0.0
25610,0.35062089552238807
25654,-0.17361538461538462
25695,0.0
25718,0.18043018867924532
25724,0.0
25744,0.4480130434782609
25765,0.1997833333333333
25812,0.3081755102040816
25815,0.35254888888888886
25816,0.0
25817,0.35164210526315787
25854,0.234751724137931
25855,-0.7710851063829787
25860,0.2710470588235294
25873,0.33699220779220773
25877,0.36424
25896,0.0
25913,0.33360943396226417
25925,0.0
25938,0.41635291005291
25952,0.45378064516129035
25977,0.01167692307692303
25984,0.0
26017,0.0049826086956521465
26063,0.013592307692307681
26081,0.0
26086,0.4704967741935484
26089,0.22280322580645162
26097,0.39415
26116,0.28810909090909087
26120,0.10167142857142858
26163,-0.23434999999999995
26296,0.07168108108108107
26313,0.16590793650793653
26357,0.0
26374,0.04845142857142859
26394,0.2814461538461538
26397,0.0
26444,0.0
26476,0.009460606060606058
26556,0.20779799999999998
26596,0.10940000000000003
26606,0.3300742857142857
26640,0.13540952380952387
26647,0.0
26677,0.50595
26678,0.40861363636363635
26684,0.0
26711,-0.014840000000000075
26740,-0.050521428571428564
26758,0.38066774193548386
26872,-0.0131
26908,0.3785541666666667
26947,0.0
26958,-0.018173333333333375
26993,0.0
27006,0.13750333333333337
27013,0.36624475524475525
27019,0.01148333333333329
27056,0.166147311827957
27090,-0.007865275966970897
27095,0.24947999999999998
27118,0.09923076923076923
27172,0.5198533333333334
27197,0.18019144385026742
27204,0.2328904242424242
27301,0.3079391304347826
27343,0.012299999999999978
27383,-0.0486307692307692
27393,0.441468085106383
27428,0.35325964912280705
27439,-0.017674999999999996
27446,0.47755762859633827
27455,0.05483076923076924
27508,0.3361833333333333
27534,0.0
27538,-0.27886975369458133
27547,0.33703773584905666
27577,0.009274626865671598
27638,0.4758335877862595
27641,0.0
27693,0.1354247771836007
27697,0.29407826086956523
27754,0.0
27767,0.3773
27775,0.1365215555555555
27790,0.20367310344827583
27797,0.25525714285714285
27823,0.0
27857,0.21979999999999988
27871,0.1766486486486486
27893,0.10851139253382158
28062,0.2039038461538462
28066,0.25389454545454543
28075,0.13399130434782608
28164,0.3980866666666666
28175,0.45814107142857147
28177,0.011410169491525513
28193,0.08169339622641508
28194,0.17839705882352944
28221,0.0
28242,0.06778449197860964
28246,0.16599999999999998
28309,0.07780999999999999
28375,0.0
28427,0.3932654545454545
28433,0.0
28437,0.13915882352941172
28482,0.0
28506,0.47409655172413795
28564,-0.19521153846153844
28575,0.0
28598,0.22315555555555555
28615,0.0
28621,0.13815066666666667
28627,0.26695588235294115
28686,0.0
28742,0.023299999999999987
28746,0.33825806451612905
28760,0.0
28776,0.3814222222222222
28796,0.0
28800,-0.0626980281690141
28888,0.2137784658691062
28891,0.0
28916,0.230408
28930,0.1854666666666666
28931,0.3200666666666666
28937,0.335832
28998,0.0
29022,0.2185701923076923
29106,0.4194095609756097
29215,0.16525945945945952
29291,0.0
29301,0.4151010697475396
29306,0.1659440909090909
29351,-0.20489374999999999
29367,0.09151428571428571
29381,0.012408333333333244
29382,0.4639166666666667
29404,0.3728714285714285
29405,0.30087826086956526
29550,0.0
29581,0.0
29607,0.0
29616,0.0
29662,0.3905
29726,0.12919554216867468
29773,0.43059400000000003
29785,0.21633333333333332
29790,0.2485609756097561
29792,0.25275000000000003
29861,-0.551749152542373
29868,0.3309035714285714
29893,0.011985714285714266
29959,0.03753513513513512
29994,0.38745084745762715
30004,-0.3586
30014,0.01604903846153849
30037,0.2339822222222222
30089,0.43792409428197293
30174,0.24805714285714286
30243,0.4063192307692308
30302,0.2150363636363637
30345,0.149985
30349,0.415188
30374,0.2977875
30379,0.3182044444444445
30391,0.3356952380952381
30413,0.07861408450704227
30436,0.0
30450,0.47720000000000007
30458,0.3201813953488372
30671,0.012800000000000034
30681,0.16054693877551024
30715,0.07123214285714285
30721,0.1626736842105263
30739,0.4655368421052632
30781,0.005316279069767449
30864,-0.09979236670502489
30874,0.13778857142857143
30921,0.06924272727272723
31116,0.23465
31131,0.26128666666666667
31207,0.4970218181818182
31220,0.011950000000000016
31243,0.16524
31272,0.0
31306,0.2244581818181818
31313,0.013340000000000019
31321,0.24364347826086957
31338,0.3161148148148148
31347,0.11436298305084747
31430,0.0
31433,0.0
31441,0.23210370370370367
31443,0.0
31444,0.30322820864790667
31452,0.24493181818181817
31473,0.3372108387096774
31479,0.0
31501,0.0
31511,0.20558947368421054
31536,-0.1317866344605475
31544,0.0
31572,0.09323333333333339
31654,0.0
31659,0.5069959183673469
31707,0.2194625
31736,0.45395686274509806
31754,0.4791605263157895
31799,0.4593142857142857
31807,0.004666666666666652
31827,0.0
31830,0.0
31840,0.4036285714285714
31915,0.22804999999999997
31941,0.29163999999999995
32023,-0.07180562571756599
32073,0.4584140350877193
32127,0.43357
32135,0.1503
32157,0.5214000000000001
32185,-0.09966666666666667
32187,0.0
32200,0.28349473684210524
32227,0.11789230769230771
32233,0.3395795900178253
32239,0.0
32274,0.31927142857142854
32276,0.3314231301068511
32302,0.42083076923076923
32304,0.27935789473684214
32331,0.29295
32340,0.0
32365,0.271625
32403,0.0
32489,0.34025714285714287
32545,-0.29322499999999996
32558,0.0
32559,0.08756842105263163
32581,0.3542129870129871
32623,0.0
32658,0.4043803921568627
32665,0.0
32684,0.4550771929824562
32712,0.22392499999999999
32755,0.319451724137931
32757,0.31045555555555554
32771,-0.3398083333333334
32799,0.22490967741935486
32954,0.4974422193877551
32957,0.0020799999999999985
32998,0.011741935483871035
33027,0.0
33034,0.0
33039,0.31752277992278
33056,0.3583555555555555
33064,0.0
33071,0.14121052631578945
33081,0.45681461538461543
33084,0.012437735849056608
33147,0.17285810810810812
33211,0.0
33226,0.4140421052631579
33233,0.43562818181818186
33236,0.17004000000000002
33253,0.31098502894954505
33280,0.3339885714285714
33398,-0.13401153846153843
33446,0.3559928571428571
33478,0.007632258064516131
33566,0.0
33583,0.01220465116279068
33597,0.18494545454545464
33617,0.16912444444444444
33662,0.2840780303030303
33696,0.0
33699,0.32699999999999996
33761,0.009781395348837263
33763,0.2960571428571428
33773,0.3044175213675213
33779,0.3156377104377104
33812,0.24706666666666666
33827,0.4470666666666667
33844,0.31841428571428565
33856,0.19141093189964156
33907,0.22213750000000004
33909,0.1003515789473684
33923,0.0
33941,0.47955
34001,0.300675
34003,0.0
34008,0.29271594643944004
34018,0.2086333333333334
34075,0.30162500000000003
34090,0.45629999999999993
34116,0.30260714285714285
34146,0.126696
34259,0.41833793103448275
34293,0.1514333333333333
34313,0.35552275132275135
34324,0.0
34349,0.21977894736842107
34383,-0.12288000000000004
34397,0.1765814814814815
34401,0.2041666666666667
34500,0.3673636363636364
34517,0.24764369747899162
34529,0.27074017857142857
34536,0.04838999999999999
34548,0.09899999999999998
34600,0.0
34689,-0.04366486486486487
34697,0.29183759259259257
34709,0.0
34738,0.47395824175824175
34754,0.14112941176470586
34807,0.35988837209302327
34864,0.15267894736842103
34870,0.2861432868672047
34873,0.0
34876,0.10355827493261457
34915,-0.06468888888888885
34919,0.3795591397849462
34926,0.1140139534883721
34975,0.126941935483871
35061,0.31901
35074,0.2576705882352941
35091,0.204447619047619
35108,0.0
35198,0.0
35232,0.21509999999999996
35247,0.13537090909090915
35291,0.17535714285714285
35324,0.30258618925831204
35326,0.4709428571428571
35385,0.16402500000000003
35386,0.4284271186440678
35477,0.28188
35555,0.006580769230769223
35632,0.0
35700,0.0
35740,0.0
35750,0.1121110639552019
35785,0.2172181818181818
35797,0.13125000000000003
35833,0.45436
35921,0.43977647058823527
35952,0.11832999999999999
35956,0.3227659090909091
35970,0.2797769230769231
35982,0.11699465240641713
36010,0.0
36015,0.10981818181818181
36028,0.4489533333333333
36046,0.010210000000000052
36092,-0.16920479452054793
36093,-0.0353
36127,-0.022859090909090884
36167,0.21873846153846152
36223,0.0
36252,0.24563773584905663
36309,0.34506470588235294
36330,0.0
36424,0.46577
36430,0.0
36456,0.0
36632,0.1619446808510638
36706,0.45256153846153846
36708,0.0
36730,0.4363111111111111
36744,0.0
36807,0.008905882352941208
36900,0.43948111888111885
36919,0.3624255319148936
37032,0.26770877192982456
37043,0.0
37062,-0.181
37068,-0.7162135135135135
37114,0.08450857142857143
37117,0.19984709677419354
37138,0.2925645512820513
37207,0.0
37216,0.281120820668693
37220,0.194
37290,0.3529333333333333
37315,0.39815
37321,0.2886492262343405
37337,0.0
37365,0.4225087719298245
37366,0.44077500000000003
37432,-0.24459999999999998
37517,0.4343459459459459
37532,0.2483391304347826
37588,0.22263388888888885
37657,0.07200000000000001
37743,0.29227740384615386
37787,0.16224000000000002
37812,0.16333134328358206
37817,0.0
37829,0.2247
37842,0.24807441860465113
37889,0.005970370370370348
37975,0.09025970149253731
37998,-0.1275437777777778
38006,0.28805000000000003
38016,0.0
38081,0.0
38085,0.1750162162162162
38105,0.23282857142857144
38132,-0.21795555555555557
38148,0.10608095238095239
38157,0.0
38162,0.29620615384615384
38184,0.3320333333333333
38212,0.0
38256,0.30295199999999994
38288,-0.03331578947368424
38293,0.37343999999999994
38337,-0.7771714285714285
38338,0.2776
38394,0.0023222222222222255
38407,0.311852380952381
38408,0.17629999999999998
38452,0.0
38485,0.39017931034482767
38489,0.0
38501,0.206275
38595,0.293104347826087
38612,0.0
38620,0.50190625
38637,0.19560000000000002
38703,0.285177
38706,0.37504000000000004
38734,0.4391123680241328
38747,0.0
38817,0.0
38827,0.1571956140350877
38840,0.0
38855,0.21326710526315792
38873,0.1450933333333333
39007,0.0
39020,0.0
39032,0.3117428571428571
39048,0.0
39104,0.2902684210526316
39155,0.07737192982456137
39171,0.011490909090909107
39207,-0.22521875000000002
39230,0.23393333333333333
39317,0.11730952380952381
39323,0.24512
39348,0.07775000000000004
39362,0.26328125
39372,0.0
39418,0.13995238095238088
39496,0.0
39521,0.07613333333333328
39531,-0.022633333333333394
39549,0.4063900181488203
39557,0.3070701754385965
39598,0.3654909090909091
39604,0.29195873015873014
39621,0.22155454545454548
39622,0.4327173333333334
39645,0.2304130434782609
39668,0.0
39728,0.4572550724637682
39836,0.0
39851,0.23266153846153848
39888,0.4954410301434007
39893,0.12787333333333334
39907,0.0
39921,0.08489767441860466
39960,0.4305
39964,0.0
40015,0.0
40048,0.15121951219512197
40062,0.2798682480850012
40093,0.19792727272727276
40117,0.0
40129,0.1772819047619048
40146,0.2091913043478261
40225,0.11584999999999995
40242,-0.03748571428571423
40254,-0.35540800000000006
40256,0.0
40265,0.0
40298,0.21049999999999996
40340,0.1835181818181818
40349,0.38398461538461537
40351,0.22114685990338162
40478,0.07951740740740737
40489,0.1255523939808481
40555,0.2187830303030303
40691,0.2707763636363637
40711,0.20656848484848486
40741,0.395540092879257
40760,0.0
40826,0.007272727272727264
40858,0.0
40892,0.199512962962963
40894,0.3406666666666666
40965,0.1888619047619048
40966,0.0
40984,0.17667916666666666
40995,0.12896666666666667
41000,0.16957499999999998
41024,0.0840653846153846
41085,0.0
41107,0.1444333333333333
41145,0.0
41235,0.0
41238,0.34329032258064524
41250,0.0
41299,-0.15034540337711066
41318,0.31265000000000004
41371,0.20149387755102038
41421,0.18128749999999993
41445,0.2573457142857143
41492,0.09399999999999997
41496,0.16691875000000003
41499,0.27967142857142857
41524,0.06382680412371135
41574,0.16458051948051947
41656,0.0
41680,0.48404070175438596
41696,0.046473544973545
41753,0.014866666666666695
41763,0.08880000000000002
41770,0.1033614906832298
41772,0.3862231601731602
41774,0.0
41801,0.4523583255813953
41866,0.3456054794520548
41928,0.1439107088989442
42055,0.0
42065,0.013703030303030328
42092,0.0
42138,0.4277090909090909
42139,0.006933333333333347
42142,0.004866666666666686
42144,0.009660000000000002
42159,0.0
42178,0.1942266666666667
42215,0.3711428571428571
42231,0.1778775510204082
42287,0.0
42303,0.0
42346,0.33531000000000005
42418,0.21869166666666667
42527,0.0
42552,0.38502608695652174
42569,0.0
42574,0.30692727272727277
42591,0.17180121212121208
42601,0.19692222222222222
42605,0.0
42715,0.4898980392156863
42729,0.1542798684460186
42769,0.0
42852,0.1385636363636364
42855,0.3258615384615385
42869,0.26028571428571423
42921,0.44742380952380945
42923,0.04326249999999998
42988,-0.48175238095238093
42998,0.0
43009,-0.7672826446280991
43033,0.14411458333333332
43045,0.19699935064935065
43073,0.06891764705882347
43197,0.4505432911392405
43221,0.3524074074074074
43293,0.1401095142513047
43315,0.30169629629629624
43317,0.15373763440860216
43346,0.1318724137931035
43353,0.3822333333333333
43354,0.18306181818181816
43359,0.0038583333333333525
43422,0.25015
43472,0.3730785714285715
43496,0.20531910669975184
43522,0.002212121212121193
43537,0.2994255754475703
43574,0.08368456456456463
43577,0.0
43586,0.24242539682539682
43602,0.37162962962962964
43603,0.0
43727,0.0
43744,0.0
43762,0.2335826923076923
43782,0.3584466666666667
43809,0.009898181818181806
43843,0.21080294117647058
43862,0.013979166666666765
43916,0.3853333333333334
44010,0.0
44033,0.0
44047,0.0056533333333333435
44056,-0.12560568627450974
44099,0.3173853658536585
44194,0.0
44196,0.23199999999999998
44224,0.15318181818181817
44276,0.42590833333333333
44289,0.497659819121447
44490,0.3488233766233767
44504,0.29889299999999996
44539,0.10860000000000003
44576,0.3376471657754011
44605,0.06652727272727271
44637,0.012985454545454522
44674,0.4691519298245614
44692,0.48464999999999997
44703,0.04732857142857139
44740,0.21456336996337
44746,0.3325659574468085
44768,0.4566620689655172
44808,-0.14131023480507807
44828,0.0
44831,0.05813157894736842
44847,0.23045217391304346
44861,0.30170016891891893
44885,0.44669473684210526
44895,0.4233444444444444
44940,0.4299555555555556
44951,0.47553684210526315
44953,0.34999352295128133
44958,0.4164037735849057
45016,0.4578285714285714
45020,0.40224137931034476
45083,0.26676
45121,0.0
45183,0.0
45258,0.15485942982456136
45262,0.0
45273,0.0633272727272727
45315,0.283976
45335,0.0
45355,0.47582745098039214
45427,0.187336
45466,0.013830769230769202
45491,0.0
45510,0.24004593837535015
45517,0.306
45525,0.35807857142857147
45531,-0.19084571428571429
45631,0.11328500000000001
45739,0.2181636363636364
45765,0.3945735849056604
45777,0.07903199999999999
45781,0.0
45805,0.1990655172413793
45822,0.0
45834,0.0
45847,-0.4084474747474748
45850,0.1832025
45925,0.010170370370370385
46045,0.010659259259259257
46150,0.33148125
46154,0.30851999999999996
46167,0.0
46183,0.4015
46185,0.22896785714285717
46202,0.0
46211,0.3884262310170271
46217,0.0
46248,0.27428961748633884
46254,-0.01638461538461536
46299,0.35960000000000003
46305,-0.413905
46308,0.0
46316,0.0
46326,0.0
46365,0.12064339622641508
46369,0.32414134615384615
46441,0.0
46465,0.00486101694915253
46491,0.0
46541,0.1889333333333333
46550,-0.06267240580417023
46557,0.30797938775510203
46578,0.02952043010752689
46581,0.2515076923076923
46621,-0.2763473684210527
46634,0.28924137931034477
46637,0.3598791666666667
46708,0.25965925925925926
46715,-0.021189189189189217
46773,0.17276358620689658
46791,0.0
46861,0.0
46862,-0.252495652173913
46973,0.02756666666666667
47023,0.22384153846153848
47051,0.2772998620689655
47053,0.30092500000000005
47078,0.0
47097,0.0
47156,0.0
47160,0.0
47167,0.13017951807228917
47188,0.0
47190,0.15568333333333334
47247,0.0
47317,-0.10366190476190473
47397,0.0121
47419,0.2513079999999999
47454,-0.422611251352326
47499,0.41543076923076927
47592,0.24928500000000003
47598,0.35924000000000006
47601,0.030200000000000005
47666,0.16997333333333337
47693,0.0
47707,0.3274125
47716,0.32056122448979596
47781,0.4886166666666667
47788,0.09493227969348658
47812,0.2529085714285715
47827,0.23196
47843,0.11232705882352942
47880,0.4546930232558139
47913,0.28136
47923,0.05576249999999994
47965,0.008362162162162234
47971,0.07807000000000003
47977,0.49429999999999996
48001,0.0
48010,0.22203333333333342
48027,0.2109416666666667
48097,0.0
48223,0.0
48253,0.006900000000000017
48263,0.0
48293,0.26670000000000005
48379,0.20506181818181823
48463,0.4583254901960785
48472,0.0
48569,0.11191111111111107
48579,0.0
48592,0.12112
48605,0.3565092307692308
48673,0.40487000000000006
48676,0.30857777777777784
48725,0.3712736842105263
48773,0.0
48808,0.1707
48826,0.0
48960,0.0
48968,0.06581666666666663
49061,0.0
49064,0.0
49086,0.3477266666666667
49092,0.15965454545454544
49107,0.38613846153846154
49111,0.2950304761904762
49112,0.22093787878787885
49152,0.09229454545454546
49180,0.42922153846153843
49220,0.2094414893617022
49228,0.21451428571428574
49243,0.15459999999999996
49262,0.0
49303,0.2128833333333333
49356,0.2515043771043771
49384,0.24244000000000002
49385,0.3739956656346749
49422,0.0
49438,0.4870875
49479,0.2934837438423645
49573,0.0
49587,0.18091733333333332
49588,0.29969
49591,-0.8612742036910458
49612,0.29657692307692307
49713,0.034351900972590665
49742,0.40603478260869563
49749,0.09305
49758,0.19595
49763,0.22434090909090906
49807,0.37636949152542376
49849,0.23265679849340865
49894,0.0
49897,0.08465
49900,0.012154545454545529
49944,0.0131714285714285
49975,0.0
49988,0.15399235668789807
50004,0.042778571428571444
50073,0.44669706181341207
50097,0.16351486068111454
50151,0.0
50212,0.03606341463414636
50228,0.07231538461538461
50276,0.27554999999999996
50279,-0.0018546689303904906
50321,0.33177899999999994
50330,0.18476680726205758
50441,-0.1005428073234525
50472,0.4170625
50534,0.19099777777777782
50537,0.3518
50553,0.24745499999999998
50566,0.34080317460317455
50568,0.4723175757575757
50584,0.4401887058823529
50621,0.13982352941176468
50673,0.15099999999999997
50725,0.28467999999999993
50752,-0.3761688013136289
50793,0.0
50802,0.4089736842105263
50854,0.0
50860,0.39143999999999995
50893,0.2241449735449736
50935,0.0
50945,-0.012462944162436554
50954,0.0
50969,0.2664842105263158
50996,0.37925217391304344
51022,0.0
51024,0.24690714285714288
51042,0.012781818181818227
51054,0.0
51059,0.0
51065,0.24315789473684213
51071,0.26914285714285713
51118,0.06533333333333341
51125,0.0
51146,0.1629167291822956
51159,0.0
51164,-0.1395
51224,0.11045696202531644
51244,0.27891034482758614
51264,0.24153333333333332
51317,0.3967666666666667
51318,0.39060000000000006
51324,0.11971627906976742
51336,0.0
51384,-0.044061111111111106
51401,0.1884442565186751
51413,0.2963925925925926
51428,0.01193454545454542
51437,0.41611743589743594
51442,0.3863678787878787
51455,0.31912857142857143
51470,0.0
51558,0.15785297619047622
51666,0.13174166666666665
51676,0.0
51697,0.28092
51729,0.11740996168582377
51758,0.31097560975609756
51774,0.5084133333333333
51778,0.24920350877192984
51796,0.12252888888888891
51868,0.4142422077922078
51881,0.0
51893,0.1667533333333333
51935,0.2547478260869565
51949,-0.1633542857142857
51950,0.32385
51968,0.24451999999999996
52002,0.011391999999999958
52030,0.001744680851063829
52049,0.011180487804878125
52057,0.0
52063,0.5104937062937063
52080,0.0
52144,0.3042866666666667
52149,-0.08006666666666662
52150,0.34067272727272724
52152,0.44536144927536225
52182,0.4099647058823529
52185,0.4202889830508475
52233,0.28602263513513515
52288,0.26018461538461535
52309,0.2445432098765432
52360,0.35252307692307694
52387,0.23360357142857147
52412,0.38575000000000004
52434,0.18191111111111108
52490,0.0
52504,0.007087500000000024
52515,0.33075
52528,0.0
52560,0.47982857142857144
52569,0.1949314285714286
52600,0.13404761904761905
52616,0.21051428571428568
52621,0.4348272049689441
52665,0.32134736842105266
52675,0.0
52688,0.14865
52695,0.1692017543859649
52696,0.0
52702,0.26480330578512395
52745,0.254943653250774
52829,0.39344285714285715
52849,-0.08586111111111111
52863,0.09484999999999999
52870,0.354475
52962,0.0
53023,0.037277272727272714
53039,0.02260000000000001
53070,0.0
53120,0.36801227621483373
53198,0.3114274509803921
53203,0.20627777777777784
53233,-0.07674444444444445
53247,0.18824074074074074
53253,0.2559
53257,0.02163328550932568
53267,0.0
53331,-0.16775999999999996
53345,0.43727142857142864
53448,0.0
53464,0.2025194871794872
53469,0.3418177777777778
53515,0.23798
53575,-0.18181737451737445
53580,0.0
53591,0.3876235294117647
53618,0.38064
53650,0.24134358974358974
53670,0.5108176470588235
53698,0.0
53795,0.19208000000000003
53804,0.38173333333333337
53828,0.0
53878,0.008434285714285727
53879,0.35137142857142856
53880,0.3932364661654135
53909,0.053639999999999965
53914,0.14606666666666668
53950,0.17967282913165267
53952,0.0
53973,0.23508400000000007
54029,0.012666666666666715
54043,0.0
54061,0.4677333333333334
54086,0.34034545454545456
54102,0.20902998500749626
54172,0.301820202020202
54179,0.21043703703703698
54182,0.012340000000000018
54356,-0.06980467836257309
54372,0.0
54437,0.31690000000000007
54482,0.31137500000000007
54502,0.0
54599,0.27727037037037033
54611,0.0
54653,0.07944761904761904
54688,0.2535724137931034
54695,-0.09968316993464055
54731,0.25598545454545457
54762,0.51634
54804,0.41782857142857144
54917,0.019228571428571428
54928,0.4413
54984,0.0
55043,0.25881666666666664
55071,-0.044825714285714274
55115,0.2453656357388317
55163,0.3684428571428571
55208,0.04212142857142853
55211,0.02729361702127664
55291,0.0
55292,0.01959999999999998
55295,0.3143341463414634
55322,0.0
55329,0.005464707872772388
55349,0.24041904761904764
55366,0.0
55371,0.030959906759906758
55377,0.0
55401,0.044081481481481485
55470,0.013277777777777833
55505,0.100619512195122
55514,0.26637142857142854
55603,0.45156719576719573
55611,0.0
55629,0.44524166666666665
55715,0.0032999999999999974
55756,0.40578181818181824
55798,0.34798999999999997
55800,0.0
55811,0.25906250000000003
55840,0.16435617647058826
55885,0.41348311688311684
55888,0.32928235294117647
55898,0.3952322580645161
56036,0.15771931034482758
56037,0.0
56039,0.31762499999999994
56048,0.38192391965916006
56054,0.01389122807017551
56056,0.24109090909090908
56099,0.3341115954664342
56115,0.3906716049382716
56164,0.2688
56224,0.27849090909090907
56256,0.32459894440534837
56292,0.10052049689440994
56342,0.39951428571428577
56370,0.35541666666666666
56386,0.0
56451,0.11312702702702704
56495,0.4165622807017544
56503,-0.19828450450450452
56512,0.11583829787234035
56515,0.0
56525,0.18767438423645322
56534,-0.09200583333333334
56560,0.0349909604519774
56586,0.34314594594594594
56604,0.3162297872340425
56653,0.10045221052631575
56673,0.2861741935483871
56772,0.05363928571428572
56828,0.0
56861,0.4783923076923077
56862,0.2318041666666667
56874,0.0
56920,0.3582375
56935,0.0
56983,0.0
56986,0.3754181818181819
56988,0.21224000000000004
57111,0.21010476190476188
57133,0.42081538461538465
57164,0.37531341256366724
57193,-0.06158399999999997
57232,0.0
57269,0.30354963791968403
57278,-0.15537142857142855
57293,0.14065882352941178
57469,0.4499333333333334
57532,0.1445833333333333
57561,0.45255999999999996
57611,0.0522333333333333
57617,0.2724883720930233
57622,0.39545833333333336
57626,0.0
57756,0.520550406504065
57769,0.2805315789473684
57770,-0.8372333333333333
57783,-0.31012413793103455
57820,0.0775245283018868
57829,0.2562814814814815
57848,0.2203906976744186
57887,0.012335384615384526
57894,0.0
57901,0.01053981693363848
57914,0.2766823529411765
57915,-0.020911111111111103
57920,0.43300197530864204
57928,0.0
57937,0.0
58010,0.0
58025,0.30142372881355933
58050,0.4485962264150944
58053,0.44289075630252095
58058,-0.03136941529235385
58131,0.0
58136,0.4362070175438596
58159,0.0
58200,0.17846037735849055
58262,0.41174736842105264
58268,0.18964137931034486
58290,0.444896
58295,0.1543782894736842
58385,0.14743135876840696
58391,0.12225384615384614
58468,-0.015407142857142841
58480,-0.18285581395348838
58500,0.0
58501,0.3844424242424243
58570,0.4388875
58573,0.0
58618,0.0
58632,0.5179692307692307
58699,0.0
58700,-0.4678071428571428
58732,0.1642050314465409
58751,0.31427272727272726
58760,0.04799999999999999
58886,0.11466874999999993
58937,0.29025161290322576
58974,0.0
58984,0.24517460317460316
59039,0.0
59109,0.2734456140350877
59165,0.013680000000000025
59212,0.25572460317460316
59221,0.18792399999999998
59332,0.0
59347,0.09039999999999998
59360,0.1428004608294931
59375,0.41921234567901233
59419,0.2396412068965517
59436,0.49599710144927533
59440,0.20301547619047622
59471,0.46596799999999994
59478,-0.1411277777777778
59486,0.4747809523809524
59493,0.2576693333333333
59557,0.014831372549019603
59574,0.3476415384615385
59630,0.26062448979591835
59651,0.016354504870129877
59677,0.20869565217391306
59819,0.020643825042881647
59830,0.3339863636363636
59835,0.0
59853,0.20572
59864,0.0
59874,0.0
59880,0.460968
59887,0.20686666666666667
59921,0.10499612837923328
59935,0.29814782608695656
59945,0.08441666666666667
59949,0.4188454545454545
60042,0.11098314606741573
60046,0.39524000000000004
60053,0.4868545454545455
60121,0.011850000000000027
60139,0.011319999999999997
60168,0.29389909090909094
60214,0.02570347877358481
60227,0.31145
60293,0.0027870967741935593
60312,0.012338157894736801
60329,0.28154500000000005
60384,0.0
60415,0.48876
60419,0.3599
60529,0.40708351648351654
60542,0.0
60547,0.4352666666666667
60576,0.2872
60592,0.006261224489795936
60602,0.0
60798,0.1193935064935065
60805,0.38044545454545453
60817,0.22699636363636366
60825,0.1710755555555556
60842,0.0
60846,0.0
60883,-0.22657391304347824
60903,0.0
60906,0.17773318077803202
60912,0.037204057971014476
60935,0.2644140740740741
60988,0.4003510204081633
61016,0.4245
61075,0.1946368421052631
61081,0.4035333333333333
61107,0.46132
61121,0.0
61149,0.42932871794871796
61160,0.0
61180,0.20492
61192,0.23730048525569242
61198,0.2036890768146582
61204,0.23921176470588235
61214,0.0
61216,0.345110407239819
61236,-0.021255921052631577
61331,0.22484761904761907
61479,0.12002857142857143
61485,0.0
61504,0.13972765957446803
61509,0.0
61517,0.0
61534,0.47208000000000006
61538,0.38365365853658534
61601,0.28137599999999996
61614,0.0
61615,-0.2648355555555556
61662,0.003165000000000001
61701,0.18720952380952377
61702,0.11678285714285719
61750,0.0
61763,0.07413703703703703
61777,-0.26406999999999997
61782,0.1868125
61919,0.26571076923076925
61929,0.36419291497975703
61947,0.4165739633558342
61964,0.0
61973,0.21809726315789468
62008,0.36277358490566036
62093,0.2776116666666666
62098,0.17713333333333336
62108,0.0
62112,0.20222105263157894
62193,0.0
62198,0.0
62229,-0.004112165848336069
62325,0.32906747181964574
62372,0.23657333333333336
62445,0.0695925925925926
62462,0.24518333333333336
62532,0.24078666666666665
62541,0.19050212765957447
62591,0.09212549019607846
62601,0.1861231506439054
62620,0.45038749999999994
62642,0.3126285714285714
62645,0.31192169540229886
62669,0.012666666666666715
62708,0.34731823529411765
62732,0.12337068965517241
62768,0.32768461538461535
62769,0.1353846153846154
62796,0.2892
62799,0.24368
62841,0.336006779661017
62874,0.2890947368421053
62923,0.43975711759504865
62939,0.20647307692307693
62952,0.41425806451612907
63000,0.170576304023845
63011,0.22838666666666663
63057,0.0
63063,-0.11430995085995088
63110,0.42741016949152544
63162,0.0
63181,0.08355366795366795
63213,0.2537780398322851
63231,0.0
63292,0.3441818181818182
63306,0.28111588089330025
63315,0.1304620689655172
63359,0.45404814233385665
63394,0.0033199999999999896
63522,0.11770526315789476
63523,0.0
63530,0.3420441016333938
63553,0.4345178571428572
63560,0.30366341463414637
63571,0.23445000000000005
63618,0.3894578947368421
63620,0.21746153846153846
63647,0.12922046574115542
63653,0.26780000000000004
63654,0.5118777777777778
63730,0.0
63733,0.0
63817,0.0033923076923076945
63917,0.22052336842105263
63958,0.0
64048,0.4400241379310345
64053,0.4790857142857143
64103,0.10939487179487178
64122,0.5307889830508474
64125,-0.2075866666666667
64129,-0.10665652173913043
64132,0.014340350877192987
64142,0.045835897435897444
64187,0.2502
64193,0.0
64198,0.0
64202,0.012850000000000028
64261,0.07719550505050504
64273,0.18549999999999997
64274,0.48347647058823534
64302,0.14248
64341,0.0
64350,0.544274318507891
64401,0.197772
64402,0.2721857142857143
64407,0.1598
64413,0.23703809523809527
64443,0.16044649859943982
64473,0.24043999999999988
64480,0.22122153846153847
64513,0.19165000000000004
64546,0.40284827586206895
64565,0.2735333333333333
64568,0.161728
64571,0.0410962962962963
64637,0.44834166666666675
64679,0.410689932885906
64682,0.0
64862,0.4031389830508475
64893,0.22834666666666664
64918,0.48174621553884717
64926,0.0
64970,0.07466666666666667
65014,-0.21135199999999998
65054,0.012082758620689638
65078,0.39945615384615385
65190,0.2328307692307692
65217,0.0
65249,0.46265999999999996
65270,0.0
65292,-0.5157894736842105
65374,0.17340411899313501
65398,0.0
65428,0.014090909090909043
65436,0.41829999999999995
65462,0.14841361416361415
65469,0.3558558139534883
65475,0.10176476190476191
65514,0.011445833333333377
65524,0.21363272727272725
65526,0.0
65528,0.0
65540,0.0
65581,0.0
65605,0.352
65618,0.4992384615384615
65648,0.05575737704918032
65705,0.26905
65768,0.29651333333333335
65822,0.28445172413793096
65866,0.0
65874,0.32498303030303033
65883,0.0
65923,0.003809756097560957
66036,0.28343461538461534
66044,-0.24765882352941176
66049,0.3149939393939394
66106,-0.021481276595744683
66129,0.12221142857142864
66157,0.29500465116279073
66185,0.14203500000000002
66198,0.2302416666666667
66210,0.2627803088803089
66227,0.23603333333333332
66234,0.22633333333333333
66268,0.03078899082568809
66367,0.0
66410,0.1387038291380625
66414,0.2870787878787879
66426,0.0
66438,0.23899142857142858
66443,0.0
66451,0.11497560975609755
66461,0.18060399786780384
66505,0.1970857142857143
66524,0.25736250000000005
66598,0.005824999999999969
66642,0.27784166666666665
66663,0.21164037891986062
66692,0.0
66707,0.06681361256544502
66723,-0.023377777777777775
66734,0.0
66761,0.40844538461538465
66775,0.28774999999999995
66788,0.12125899999999995
66790,0.17029523809523806
66837,0.3700117647058824
66860,0.20713454545454552
66869,0.2315578947368421
66922,0.08513454545454546
67038,0.37844761904761903
67050,0.0
67096,0.009759999999999991
67112,0.0
67119,0.0
67139,-0.29382758620689653
67216,0.0
67260,0.0
67277,0.0
67308,0.010737499999999955
67340,0.36596666666666666
67413,0.39030000000000004
67455,-0.027600000000000013
67500,0.0
67533,0.29299333333333333
67535,0.0
67592,0.0
67628,0.0
67829,0.290575
67853,0.24924
67869,0.15173665564478034
67901,0.012487499999999985
67967,0.1288685714285714
67990,0.0
68024,0.3851428571428571
68052,0.022859805720453305
68055,0.0
68083,0.013630769230769335
68111,0.0
68128,0.3725
68159,0.34702222222222223
68192,0.0
68346,-0.65838
68426,0.01150769230769233
68437,0.0
68508,0.38732
68529,0.012718367346938764
68532,0.4878258064516129
68582,0.14059999999999997
68628,0.22877599999999998
68639,0.0
68652,0.0
68653,0.31117681159420285
68666,0.0029555555555555446
68670,0.2769033333333334
68673,0.014032727272727197
68714,0.18435423340961093
68729,0.0
68768,-0.30199999999999994
68776,0.0
68777,0.09533333333333338
68792,0.32002028985507247
68843,0.4441396226415094
68867,0.18836296296296295
68891,0.0
68914,-0.11148333333333332
68922,0.0
68957,0.2816125
68974,0.0
69016,0.34801875
69023,0.3330413793103449
69036,0.18670270061728395
69130,0.3856632911392406
69163,0.3560376470588235
69172,0.07189743589743586
69210,0.16355000000000003
69226,0.3251473684210527
69231,0.13075887620719934
69282,0.44222000000000006
69359,0.0
69391,0.03983222506393863
69407,0.18467333333333336
69472,0.39375897435897433
69488,0.21797735849056604
69489,0.42140476190476195
69535,0.31477894736842105
69578,0.38588253467843636
69635,0.04427142857142857
69727,0.25781818181818184
69741,0.3429282051282051
69757,0.03192765957446814
69812,0.5015460317460317
69816,0.4998648648648648
69842,0.297775
69861,0.1602088115942029
69866,0.0031898305084745726
69877,0.49005454545454546
69880,0.0
69898,0.1695416666666667
69911,0.37203255813953495
69929,0.27312000000000003
69946,0.12677948717948717
69953,0.3421368421052632
69993,-0.5520631578947368
70005,0.0
70035,0.012383333333333302
70039,0.28091428571428567
70049,-0.022110227874933774
70067,0.29526428571428576
70070,0.098765
70071,0.4073684210526316
70184,0.0
70208,0.50176
70239,0.20335714285714288
70258,0.0
70277,0.003159999999999996
70289,0.0
70296,0.0
70309,0.0
70312,0.2257560975609756
70340,0.0
70389,0.46606000000000003
70395,0.37407037037037033
70422,0.41083333333333333
70434,0.18108888888888885
70513,0.32837956741831564
70525,0.011862499999999998
70536,0.3721333333333333
70572,0.0
70576,0.2962758620689655
70619,0.26882105263157896
70633,0.24028000000000002
70664,0.14665714285714287
70679,0.34783909774436095
70693,0.0
70699,0.0
70722,0.3420104365017429
70751,0.43368571428571434
70763,0.0
70769,0.0
70773,0.21430434782608693
70885,0.38899508771929825
70910,0.0
70927,0.2864054545454546
70948,0.05488483563096502
71028,0.0
71048,0.47082068965517243
71053,0.16982857142857144
71055,0.384152380952381
71095,0.0
71102,0.3820555555555556
71142,0.3134842105263158
71146,0.3565092307692308
71152,0.18688051948051942
71162,0.11635999999999999
71201,-0.22406153846153842
71329,0.2083428571428571
71330,0.457070938215103
71346,-0.0751466165413534
71453,-0.1466095238095238
71494,0.0
71515,0.0
71520,0.48704482758620693
71560,0.3514988636363636
71567,0.3151826086956522
71582,-0.018446666666666722
71663,0.0
71706,0.32978
71707,0.0
71709,0.23454999999999998
71715,0.3890811111111111
71734,0.45564306220095696
71738,0.39488
71864,0.0
71965,0.3003659574468085
71999,0.11638909090909094
72007,0.26798305084745766
72053,0.2533428571428571
72057,0.3613340659340659
72065,0.0
72074,-0.09112222222222222
72085,0.0
72109,0.2852
72143,0.47899
72194,0.15985277777777784
72212,0.36482222222222216
72252,0.15805714285714284
72325,0.0
72326,0.0
72340,0.34358500000000003
72346,0.31642439024390245
72414,0.3906307692307692
72447,0.48807906976744186
72572,0.1728
72573,0.1414085106382979
72595,0.25604
72611,0.34360410256410256
72623,0.25836159909909917
72624,0.30340962872297017
72642,0.013444444444444426
72652,0.4487454627133873
72655,0.32199999999999995
72681,0.38127222222222223
72708,0.12045710144927538
72781,0.0
72806,0.28922666666666663
72808,0.0
72880,0.18652000000000002
72927,0.0
72957,0.2647951564828614
72965,0.18665555555555552
72979,0.05559999999999998
72983,0.06412432432432433
72997,0.0
73028,0.45287234042553187
73030,0.0
73036,0.1784298969072165
73063,0.0
73142,0.18795769230769233
73244,0.08458809523809524
73270,0.17696274509803922
73282,0.33898695652173916
73287,0.36193877551020404
73355,0.027231578947368384
73397,0.0
73407,0.0
73424,-0.43427777777777776
73433,-0.3615454545454545
73443,0.0
73470,0.0035428571428571254
73580,0.1865846153846154
73593,0.24047796610169495
73604,0.26653125
73608,0.0
73617,0.002620000000000011
73627,0.0
73660,0.21891851851851857
73694,0.3629012759170654
73789,0.0
73901,0.0
73921,0.28847139959432055
73922,-0.2824896551724138
73935,0.26573142857142856
73968,-0.3326
74013,0.0
74023,0.07499497076023393
74086,0.346152380952381
74109,0.2620413793103449
74111,0.4611837735849056
74134,0.0856908969545265
74159,0.0
74180,0.0
74223,0.0
74261,0.012168421052631606
74328,-0.10313809523809522
74368,0.003826086956521757
74380,0.0
74394,0.2696935294117647
74442,0.45405252525252526
74447,0.17042285714285715
74543,0.0
74548,0.32016000000000006
74595,0.0
74599,0.0
74643,0.34920666666666667
74797,0.42961333333333335
74803,0.22925238095238099
74814,0.4688074328187536
74879,0.3269666666666666
74936,0.24910588235294118
74947,0.043933333333333324
74956,0.33723913043478265
75022,0.5069428453267163
75054,0.20348823529411766
75082,0.381883870967742
75097,0.04632307692307697
75131,0.40957277576274803
75142,0.004229629629629639
75145,0.2145966702470462
75197,0.0
75286,0.37809743589743594
75298,0.0
75308,0.36736666666666673
75336,0.47913617021276594
75417,0.014388235294117702
75429,0.34336000000000005
75430,0.35078947368421054
75443,0.13379354838709676
75451,0.0
75454,0.0
75475,0.1749
75482,0.003599999999999992
75520,0.22144166666666665
75565,0.11981578947368426
75576,0.3774829787234043
75585,0.1738909090909091
75665,0.23614000000000002
75720,0.3730193181818182
75729,0.3290727272727273
75793,0.0
75797,0.3616382978723405
75816,0.08554545454545454
75821,0.0020440677966101495
75836,0.06979047619047618
75898,0.21084117647058825
75908,-0.2672321428571429
75964,0.28614000000000006
76083,0.37309939393939395
76093,0.39433448275862065
76103,0.0
76170,0.38435833333333336
76191,-0.13256428571428572
76218,0.2808333333333333
76269,0.003985714285714259
76326,0.10461111111111115
76340,0.48964437229437224
76376,0.0
76384,0.2807528598365808
76385,0.008051612903225869
76395,0.0
76413,0.3448399999999999
76414,0.4214846153846154
76469,0.0
76471,0.18325396825396828
76505,-0.013600000000000001
76571,0.13824680851063825
76636,0.19255
76649,0.46389473684210525
76652,0.0
76709,0.40309090909090906
76771,0.4865944444444444
76791,0.24573793103448277
76816,0.22367407862407857
76863,0.3033
76868,0.1495538461538462
76879,0.16347142857142855
76936,0.0
76966,0.0
76986,0.1201166666666667
76987,0.49065098039215693
77012,0.0
77105,0.4285258741258741
77128,0.2700809523809524
77161,0.0
77182,0.011262352941176501
77229,0.0
77268,-0.15000825396825396
77284,-0.1935291338582677
77324,0.0
77355,0.0
77408,0.34313897058823534
77447,0.00806101694915251
77455,0.3621928571428572
77475,0.2796666666666666
77509,0.37264
77525,0.0
77527,0.0
77541,0.35905299999999996
77585,0.28043555555555555
77615,0.13524232483508647
77698,0.0
77700,0.0
77769,0.19548963585434176
77823,0.005300000000000027
77840,-0.29903255813953483
77844,0.0
77858,0.2847666666666667
77938,0.004870370370370358
78019,0.30895
78107,0.09307486631016043
78117,0.2773942857142857
78119,0.31481491891891894
78149,0.0
78173,0.08851851851851852
78261,0.28362413793103447
78275,0.01312000000000002
78317,0.14787272727272727
78325,0.20718141097424414
78470,0.014023333333333388
78479,0.21956444444444442
78486,0.004084210526315801
78488,0.08843846153846152
78496,0.0
78517,0.29225362318840575
78527,0.022499999999999964
78535,0.27620740740740746
78608,0.007809090909090877
78609,0.0
78629,0.24820769230769235
78751,0.46431
78755,0.29435252586731586
78757,0.030823529411764708
78831,-0.1820571428571428
78901,0.24534666666666666
78964,0.0
78970,0.16115987841945287
78982,0.16760394557823127
78983,0.3324829268292683
79007,0.31217142857142854
79032,0.0
79038,0.306344
79106,-0.5078028571428572
79176,0.14867999999999998
79186,0.0
79192,0.4384296296296296
79193,0.0
79225,0.1791094339622642
79241,0.12792179487179486
79338,0.34474460526315787
79434,0.3171703703703704
79451,-0.33903636363636364
79543,0.10049020979020978
79590,0.0
79722,0.08273298969072165
79749,0.24390000000000006
79765,0.31825454545454546
79802,0.25790461538461534
79812,0.0
79821,0.11960000000000004
79831,0.21736925925925926
79838,0.24536079854809437
79863,0.3646732142857143
79873,0.2554153846153846
79885,0.09611716171617161
79915,0.15457884615384612
79932,0.35764615384615384
79943,0.16214790209790209
79971,0.20959185323383078
80007,0.4352171428571429
80025,0.4020379032258064
80036,0.0
80048,0.37507777777777773
80058,-0.010781818181818226
80073,0.1942797802197802
80083,0.39134418604651167
80103,0.0
80107,0.1441806818181818
80109,0.0
80111,0.39622352941176464
80122,0.29284615384615387
80201,0.07189230769230767
80240,0.3878829268292683
80247,0.0
80320,0.49795086580086584
80345,0.0
80373,0.3718333333333333
80379,0.21872631578947366
80440,0.3387571428571428
80449,0.0
80470,0.4960866666666667
80548,0.03652
80742,0.0
80751,0.13293434146341465
80759,0.4885571428571429
80761,0.16842
80770,0.42830476190476197
80814,0.168636
80830,0.0
80832,-0.1739666666666666
80847,0.1106142857142857
80874,0.41476825396825395
80892,0.011900000000000022
80911,0.011900000000000022
80918,0.2615777777777778
80939,-0.011920113664442802
80948,0.20876
80953,0.4064296296296297
80996,0.0
81023,0.0
81054,0.0
81071,0.30642337662337665
81175,0.3499333333333333
81197,0.4583333333333333
81199,0.3051666666666667
81278,-0.06485394736842105
81294,0.38482000000000005
81327,0.04722456140350875
81342,0.2813695652173913
81400,0.34652715151515145
81437,0.0
81457,0.5163795977011494
81489,0.31246666666666667
81492,0.3870666666666666
81535,0.26764444444444446
81574,0.0
81580,0.0022611111111111304
81585,0.22124761904761903
81667,0.17724285714285715
81696,0.2462408658008658
81728,0.4184913043478261
81744,0.5214000000000001
81772,0.32091764705882353
81780,0.0
81818,0.3696505806451613
81862,-0.2910888888888889
81905,0.3418888888888889
81960,0.08245714285714287
81969,0.16403134796238245
81985,0.0
81989,0.0
82009,-0.24885701754385958
82026,0.0
82065,0.006966101694915294
82069,0.24156470588235296
82073,0.3099243243243243
82075,0.19472499999999998
82086,0.28406371308016876
82093,0.5318508284818629
82155,0.4180857142857143
82187,0.3348485436893204
82195,-0.07635999999999998
82263,0.0
82264,0.3417234567901235
82271,0.28031764705882356
82312,0.3215214634146341
82336,0.0
82432,0.0
82506,0.0
82514,-0.18899999999999995
82553,0.010816666666666641
82582,0.23414000000000001
82619,0.2322207336523126
82623,0.20026153846153846
82646,0.0
82658,0.17785925925925927
82721,0.29641971830985914
82764,0.1879886554621849
82830,0.18798139534883718
82892,0.3097521904761905
82895,0.0
82907,0.2405604118993135
82923,0.2535538461538461
82931,0.0
82936,0.33356833333333336
82986,0.3841511111111111
83001,0.0
83004,0.28981156462585034
83006,0.29704166666666665
83026,0.0
83045,0.058840769230769197
83053,0.36089999999999994
83067,0.0
83084,0.155211320754717
83095,0.010732142857142857
83099,0.0
83109,-0.6987142857142857
83143,0.3709658536585365
83154,0.07695892857142858
83192,0.44564000000000004
83197,0.37473333333333336
83242,0.07293529411764704
83284,0.4432315789473684
83287,0.014323809523809516
83298,0.34353103448275857
83333,0.0
83392,0.2765980952380952
83417,0.0
83435,0.3517
83472,0.44365000000000004
83502,0.3058355555555555
83515,0.3633343283582089
83556,0.0
83590,0.24163571428571418
83697,0.0
83711,0.0
83752,0.30446153846153845
83754,0.3839609756097561
83780,0.36541454545454544
83790,0.420065
83802,0.0
83829,0.0
83858,0.44383630952380954
83869,0.13953571428571426
83895,-0.27221999999999996
83898,0.042181132075471695
83931,-0.12265801801801807
83996,0.4788277310924369
84023,0.005304166666666665
84057,0.0
84091,0.006709090909090942
84197,0.16926666666666662
84304,0.0
84341,0.21802564102564104
84357,0.5054315789473683
84366,0.0
84455,0.2394666666666667
84483,0.0
84564,0.0
84567,0.14432500000000004
84594,0.159335
84611,0.09005824561403508
84623,0.0
84651,0.1652423076923077
84660,0.3214281192939744
84672,0.24360000000000004
84692,0.0
84736,0.0
84831,0.3312454545454545
84892,0.26863076923076923
84907,0.26775
84946,0.0
84981,0.4653735849056604
85023,0.3045875
85025,0.0
85079,-0.30147999999999997
85083,0.47206419753086415
85102,0.2780075471698113
85148,0.0
85165,0.2611818181818182
85247,0.314625
85314,0.32547916666666665
85334,0.0
85339,0.48993181907959715
85365,0.31415820895522384
85386,0.07741979166666668
85409,0.3546866666666667
85413,0.012730232558139543
85435,0.17404
85522,0.20494583333333333
85559,0.07384444444444449
85605,0.30846153846153845
85659,0.33065
85678,-0.2989083333333334
85763,0.3379523809523809
85773,-0.3308838709677419
85790,0.0
85847,0.32134444444444443
85858,0.31492285714285717
85873,0.3531371428571428
85913,0.5034473684210526
85945,0.0
85948,0.2746090909090909
85965,0.26705227272727267
85972,-0.37082372881355935
86036,0.3536285714285715
86040,0.0
86043,0.020149056603773585
86167,0.3701714285714286
86183,0.0
86194,0.011876363636363685
86214,0.0
86219,0.12334545454545456
86236,0.30034663599769984
86245,0.21391524547803614
86251,0.0
86303,0.30389180327868853
86499,0.24228
86511,0.005095999999999989
86528,0.2821939393939394
86547,-0.32426
86564,-0.04170285714285715
86565,0.19795384615384615
86581,-0.08989583333333334
86651,0.013399999999999967
86703,0.023333990147783257
86761,0.18952799999999997
86777,0.25757774891774887
86824,0.012384615384615327
86826,0.0
86860,0.0
86864,0.25360205128205127
86866,0.13835000000000003
86878,0.008664705882353019
86923,0.010105882352941076
86935,0.0
86938,0.3595826086956521
86986,0.196775
87044,0.2923734265734266
87049,0.2673607142857143
87050,0.13959999999999995
87070,0.46194999999999997
87080,0.0
87106,0.05450526315789474
87124,0.4422583333333333
87147,0.34038730158730157
87156,0.2919
87164,0.0
87243,0.3532804597701149
87256,0.3092835748792271
87275,0.19689696969696968
87303,0.011830000000000007
87328,0.328016
87354,0.41916111111111115
87383,0.19335760135135133
87443,0.0
87449,0.194125
87525,0.1654
87621,0.48188577777777775
87680,0.46015
87711,0.21164444444444447
87715,0.37444444444444447
87722,0.28728474576271185
87723,0.24173125000000006
87740,0.39038646153846146
87781,0.0
87870,0.17976811594202896
87888,0.10903859649122806
87902,0.3680125
87908,0.03700000000000003
87912,-0.6829396226415094
87955,-0.043879135338345865
87958,0.017349999999999977
87975,0.0
87980,-0.06654805194805197
87990,0.3961199999999999
88074,0.2350997608799617
88080,0.2730600000000001
88164,0.0873373134328358
88193,0.35012631578947373
88196,0.46752307692307693
88263,0.20049545454545456
88312,0.2074666666666667
88329,0.23926666666666674
88362,0.17301656804733728
88393,0.36964878048780486
88402,0.367400704721635
88428,0.0
88438,0.15905555555555553
88471,-0.53726
88515,0.20685714285714288
88526,0.007719999999999949
88601,0.351070796460177
88610,0.0
88635,0.34658620689655173
88636,0.32137058823529413
88639,0.4160378378378378
88664,0.25582142857142853
88667,0.11321623188405798
88705,0.21206666666666663
88706,0.028939999999999966
88722,0.40912000000000004
88729,0.0
88793,0.38070731707317074
88794,0.028726467710371822
88812,0.25322222222222224
88829,0.24992307692307697
88833,0.2750603773584906
88932,0.4183651515151515
88935,0.43537647058823525
88963,0.0
88973,0.0
88974,0.08197081000373274
88987,0.26432564953012716
88996,0.008808695652173903
89028,0.0
89070,0.0
89083,0.031142372881355906
89133,0.39555238095238093
89157,0.2674363636363636
89294,0.18195584415584415
89295,0.43609841269841265
89314,0.4133760000000001
89316,0.0
89324,0.19577777777777783
89357,0.18271176470588238
89358,0.30817391304347824
89382,0.11893095238095241
89407,0.11252276688453161
89410,-0.34995
89482,0.2885892857142857
89495,0.5117
89609,0.0
89725,0.4725790000000001
89762,0.12864981658107116
89781,0.4082
89790,0.29809858585858584
89797,0.0
89823,0.14208484848484848
89828,0.09592
89835,0.0
89848,-0.4547368421052631
89872,0.0
89874,-0.14058690476190477
89969,0.1675333333333333
90067,0.1853578431372549
90074,0.3261212121212121
90214,-0.014805925925925917
90300,0.07407634673229424
90338,0.26059
90362,0.41320754716981134
90367,0.23492142857142856
90369,0.013057777777777835
90382,0.1461083333333334
90383,0.0
90468,0.24252333333333337
90493,0.3922
90520,0.4341555555555555
90538,-0.016799999999999995
90568,0.30907
90571,0.0
90575,0.1776166666666667
90593,-0.12089756097560977
90601,0.3321498245614036
90695,0.0
90709,0.2876
90741,-0.04472727272727273
90754,0.22612484472049688
90761,0.08949642857142853
90762,0.25165454545454546
90783,0.1537391304347826
90950,0.30914545454545456
90959,0.39250266666666667
90960,0.3509333333333333
90990,0.19647499999999998
91007,0.0
91019,0.0
91029,0.4430066666666667
91054,0.0
91058,0.04573214285714286
91119,0.3131384615384616
91146,0.18117936507936508
91198,0.31472891072891074
91252,0.0
91325,0.37874813511611544
91334,0.0
91420,0.006203636363636356
91459,0.040702
91466,0.14124166666666665
91468,0.25835135135135134
91539,0.0
91574,0.23840666666666666
91583,0.26724
91623,0.0
91628,0.29809433962264154
91641,0.003862068965517218
91646,0.11638270721526539
91663,0.17618571428571433
91678,0.3534333333333334
91745,0.0920766666666667
91764,0.20385714285714285
91816,0.2154761904761905
91905,0.3339296296296296
91972,0.41601463414634154
92062,0.0
92073,0.24052842105263156
92108,0.38440992063492063
92140,0.40499999999999997
92156,0.18238709677419357
92189,-0.16444642857142855
92209,0.17636470588235295
92220,0.03873333333333334
92242,0.0
92304,0.367
92379,0.42718571428571434
92393,0.0
92432,0.0
92438,0.2873
92444,0.43882
92447,0.3366476190476191
92456,0.012659259259259259
92488,0.16172727272727275
92509,0.2318641920077383
92512,0.11479872122762147
92516,0.34116049382716046
92540,0.48035849056603774
92553,0.27330714285714286
92559,0.2258269090909091
92610,0.29655
92667,0.1999388888888889
92678,0.2907585964912281
92681,0.4137030303030303
92711,-0.21423878787878792
92726,0.2649230769230769
92730,0.5267022222222223
92734,0.1097612903225807
92740,0.24369999999999997
92775,0.34831132075471705
92870,0.23373125
92885,0.24363085714285718
93053,0.03428571428571425
93103,0.3459428571428571
93104,0.2215473684210526
93118,0.30004528301886796
93134,0.15287
93326,0.20362619047619046
93350,0.46145594405594414
93361,0.21287
93419,0.18655833333333333
93447,0.2948666666666667
93502,0.2881714285714285
93505,-0.0014342857142857213
93511,0.0
93539,0.1610719298245614
93559,0.0133428571428571
93606,0.004577777777777792
93741,0.012475009787289576
93748,0.0
93793,0.09770000000000001
93856,0.32728
93891,0.18446666666666667
94008,0.40390400000000004
94031,0.10688000000000003
94053,0.04062724252491695
94102,0.2306666666666667
94160,0.25539682539682534
94253,0.22414666666666666
94277,0.35984444444444447
94294,0.313309090909091
94307,0.2050739726027398
94315,0.0
94346,0.5178734285714286
94404,0.35686486486486485
94423,0.1827061469265367
94470,0.2292698996655519
94594,0.38376140350877197
94653,0.0
94663,0.013346153846153896
94672,0.3764893617021277
94730,0.053565826330532224
94750,0.00840888888888891
94843,0.0
94889,0.0
94898,0.4443627906976745
94902,0.011454716981131985
94916,0.1568038095238095
94921,0.03661290322580646
94966,0.3383252873563219
94982,0.3272205128205129
95028,0.0
95056,0.0
95076,-0.20507142857142852
95127,0.40829090909090915
95173,0.11350952380952384
95176,0.011955675675675681
95225,0.1028972972972973
95232,0.3392808510638298
95275,0.1988571428571429
95331,0.4474307692307692
95338,0.0
95377,0.0
95419,0.24583333333333332
95442,0.13510476190476184
95448,0.2823571428571429
95504,0.09358656842105265
95537,0.0
95552,0.3560666666666667
95560,0.33417826086956526
95571,0.07760444444444442
95579,0.0
95617,0.008636000000000088
95656,0.49329999999999996
95663,0.3250692307692308
95690,0.0
95738,0.20399999999999996
95747,0.45376363636363637
95820,0.0
95864,0.3869304347826087
95870,0.0
95899,0.17436470588235298
95919,0.0
95923,0.0684952380952381
95960,0.4835463261648746
96032,0.009475000000000011
96062,0.30132982456140345
96076,0.0
96093,0.011851322751322751
96110,0.36569166666666664
96117,0.29967586206896546
96125,0.0
96133,0.0
96135,0.16063
96146,0.19044878048780486
96173,0.0
96182,0.41421538461538465
96187,0.01154999999999995
96200,0.4792
96242,0.08828259109311741
96258,0.24241004784688994
96307,0.46869374999999996
96361,0.125925
96391,0.10010877192982459
96405,0.027372275501307775
96408,0.0
96418,0.5326327586206897
96422,0.30215625
96424,0.1293
96440,0.4054866666666667
96529,0.046096138211382115
96590,0.185775
96591,0.49929000000000007
96630,0.37853103448275865
96705,0.469
96719,0.0
96770,0.24680861244019137
96795,0.11166296296296296
96853,0.12855444444444442
96902,0.0
96904,0.40439574468085104
96973,0.004944827586206901
96989,0.12278052884615386
97002,0.17910689655172418
97062,0.21264375000000002
97068,0.41543571428571424
97123,0.366844
97139,0.07864961672473864
97166,-0.4443965242165242
97190,0.025884615384615395
97198,0.2702631578947368
97239,0.4196875
97255,0.0
97257,-0.07616
97302,0.31135
97303,0.10190915908558279
97335,0.36355181818181814
97361,0.0
97399,0.2168019969278034
97402,0.27257037037037035
97468,0.23045952380952384
97501,0.04537333333333335
97533,0.0
97546,0.15574634146341465
97548,0.2345410647803425
97618,0.1319163636363636
97655,0.1152
97675,0.23857966101694922
97720,0.0
97749,0.0
97753,0.19890257997936012
97799,0.0
97831,0.3235517241379311
97836,0.08308852459016391
97848,0.041807918552036194
97853,0.00048399261128131976
97857,0.2691375438596491
97861,0.3882510055626872
97896,0.11445853658536584
97909,0.0
97994,0.2916666666666667
98016,0.3994211076280042
98059,0.0
98135,0.31017111111111106
98203,0.0
98223,0.0
98256,0.3531066666666667
98278,0.18942000000000003
98279,-0.039443137254902005
98355,0.21616000000000002
98382,0.19009047619047625
98389,0.006879999999999997
98447,0.0
98469,0.2838166666666667
98494,0.012521428571428572
98524,0.20337254901960783
98542,0.0
98551,0.0
98568,0.497
98569,0.1875906976744186
98574,0.0
98635,0.31919285714285717
98664,0.2255796610169492
98687,0.0
98689,0.0
98711,0.01731111111111111
98725,0.0
98771,0.22795238095238096
98820,0.0
98833,0.4998549019607843
98882,0.3492740740740741
98947,0.01149310344827581
99020,0.45365000000000005
99034,0.19272781717888102
99071,0.12268444444444448
99107,0.33812682926829263
99124,0.3450747631352282
99150,0.012800000000000034
99211,0.2688918918918919
99221,0.1897531914893617
99223,0.3020243902439025
99229,0.2561714285714286
99230,0.33545454545454545
99335,0.37866060606060603
99369,0.056348571428571415
99450,0.4114867139959432
99506,0.0
99531,0.281941935483871
99567,-0.45784285714285716
99590,0.39312
99667,0.2596333333333333
99710,0.0
99734,0.4053294117647058
99737,0.014756756756756695
99792,0.35665555555555556
99811,0.15007727272727273
99873,-0.06375333333333333
99881,0.2502695652173913
99926,0.009046153846153815
99978,0.20242851050868108
99979,-0.030402272727272722
100019,0.008507692307692327
100026,0.0
100033,0.12159259259259259
100060,0.0
100075,-0.0032265060240963955
100084,0.5172931034482758
100089,0.0
100106,0.08453207547169816
100201,0.033113043478260856
100207,-0.05456000000000001
100222,0.36293000000000003
100244,0.4153496503496503
100307,0.34904445964432285
100322,0.273
100371,0.0
100393,0.1643499690785405
100438,0.32270714285714286
100484,0.37513170731707324
100491,0.13813333333333327
100524,0.19814827586206896
100533,0.0
100564,0.0
100572,0.14798571428571428
100589,0.3368851851851852
100603,0.0
100616,-0.07201714285714289
100629,0.3370129556535872
100661,0.06450666666666671
100780,0.3122480000000001
100792,0.30236026803310995
100839,0.26928214285714286
100866,0.2736936170212766
100880,0.37447692307692315
100955,0.3693034482758621
100995,0.21401453033268103
101003,0.3516444444444444
101013,0.013600000000000056
101086,0.2412133333333334
101093,0.22551794871794872
101100,-0.4866715291750503
101163,0.41388571428571425
101170,0.09843283767630885
101207,0.30333375
101320,0.414552380952381
101347,0.003988059701492547
101393,0.21794666666666662
101402,0.3377014740566038
101408,0.06799999999999995
101416,0.46540000000000004
101447,0.38654
101449,0.07810303030303034
101500,0.29993333333333333
101526,0.3751368421052632
101535,0.2791310344827586
101548,0.0
101555,0.2969818181818182
101557,0.010885416666666661
101635,-0.40283888888888886
101661,0.40505
101691,0.3636499999999999
101766,0.2431333333333333
101787,0.0
101802,0.5289727272727273
101835,0.3531
101851,0.0
101853,0.09520371428571428
101860,0.3444014589665653
101884,0.34312244897959177
101896,0.3966253588516746
102019,0.23922499999999997
102058,0.1311030303030303
102066,0.0
102102,-0.006919999999999982
102160,0.2824076923076923
102186,0.22643687943262403
102222,0.0
102331,0.0
102382,0.0
102474,0.4391529411764706
102475,0.0
102478,0.013265116279069789
102567,0.4138
102575,0.0016163265306122498
102582,0.2642025839793282
102593,0.04340000000000005
102639,-0.23163440256615875
102669,0.0
102670,0.1922
102676,0.13142303030303032
102793,0.0
102874,0.37853333333333333
102887,0.4425428571428571
102963,0.014403571428571404
102965,0.0
103022,0.25670000000000004
103061,0.05832201310179891
103065,0.17209090909090907
103066,0.14338181818181817
103100,0.14715535714285716
103119,0.51287
103165,-0.27383992248062017
103191,-0.8111832167832168
103193,0.3260942423030788
103209,0.1648138755980861
103213,0.079875
103217,0.3185172413793103
103265,0.09937777777777779
103280,0.2111126050420168
103284,0.0893772727272728
103295,0.26955792426367464
103315,0.0
103384,-0.1784035087719298
103400,0.5225244444444445
103432,0.004853333333333321
103445,0.09793928571428573
103457,0.0
103483,0.0
103537,0.17410000000000003
103549,0.1593749019607843
103603,0.45707940446650125
103733,0.29377187499999996
103804,0.216078125
103808,0.2989571428571428
103892,0.4678177777777778
103914,0.41345
103997,0.4191295454545454
104022,0.45058333333333334
104066,0.0
104088,0.0
104141,0.42118799999999995
104169,0.13158499999999995
104290,0.2865857142857143
104352,-0.4661191489361702
104378,0.4632619047619048
104440,0.11376000000000003
104511,0.0
104526,0.0
104565,0.26039999999999996
104583,0.0
104651,0.19326666666666664
104688,0.3049
104706,-0.02707796610169494
104714,0.0
104723,0.11446415094339621
104733,0.0
104744,0.26054237288135595
104797,0.0
104836,0.18422291666666668
104846,0.44569269841269843
104855,0.0
104897,0.25330625
104928,0.0
104970,-0.050984615384615406
104989,0.3989636363636364
105023,0.18044
105029,0.13306706326935308
105032,0.2842583333333334
105054,0.0
105075,0.21894857142857144
105107,-0.27408
105158,0.0
105226,0.44630212765957444
105236,0.21553999999999998
105303,0.4272
105384,0.014699999999999935
105420,0.19376666666666667
105437,0.0
105475,0.368597537619699
105510,0.2196444444444443
105521,0.32293846153846156
105531,0.1805176470588235
105549,0.18029480519480512
105570,0.0570285714285714
105595,0.28317916666666665
105604,0.0
105630,0.2847613095238095
105638,0.3267339285714286
105641,0.2757290322580645
105654,0.0
105658,0.280871875
105674,0.19061428571428568
105697,0.0
105698,0.2628555555555555
105708,0.0
105741,0.0
105841,0.1854194871794872
105849,0.48217551020408167
105931,0.2479878787878788
105996,0.2117047619047619
106020,0.07378666666666667
106031,0.4321829787234043
106036,0.0
106053,0.3636373406193078
106067,0.3491563636363636
106079,-0.03948695652173914
106104,0.24045714285714287
106115,0.2257152542372881
106117,0.19923157894736843
106142,0.0
106280,0.0
106289,0.0
106314,0.44013793103448273
106319,0.32956862745098037
106367,0.0
106446,0.2772465232222514
106514,0.1539714285714286
106517,0.21458709677419358
106553,0.0
106567,0.14486976744186048
106644,0.11401001651073195
106702,0.19386875
106723,0.0
106749,0.08219649122807021
106763,0.0024272727272727224
106806,0.024400000000000005
106815,0.0
106816,0.30268115942028984
106826,0.4437161616161617
106836,0.04993511936339523
106902,0.0
106954,0.189625
106970,0.0
106993,0.24766153846153843
107008,0.3684571428571428
107030,0.38224
107033,0.25992777777777776
107046,0.0
107055,0.38291875000000003
107065,0.0
107073,0.0
107123,0.19056666666666663
107177,0.0
107201,0.0
107214,0.0
107232,0.0
107258,0.009876923076923116
107290,0.012111111111111184
107304,0.01624761904761904
107312,0.0
107323,0.256876923076923
107367,0.0
107371,0.48936666666666667
107374,0.24088214285714288
107386,0.32445714285714283
107407,0.0
107434,0.4252555555555555
107479,0.32045
107483,0.26197777777777775
107495,-0.01213333333333333
107555,0.316278947368421
107589,0.21445000000000003
107592,0.26041000000000003
107640,0.4428679190996022
107645,0.2922
107675,0.3069205405405406
107700,0.38430333333333333
107730,0.3604666666666666
107748,0.4146727272727273
107757,0.3977565217391304
107773,0.5210437728937729
107790,0.19782941176470586
107875,-0.04660000000000003
107895,0.4890882352941176
107896,0.35688118393234675
107899,0.14366251200307278
107943,0.1401475313190862
107971,0.2635448907681466
108075,0.27807676950998184
108083,0.1681333333333333
108107,0.37031000000000003
108131,-0.32109519230769235
108190,0.30477200143215183
108224,0.4463894736842105
108255,0.311142277992278
108256,0.0
108315,0.30768837209302324
108347,0.0
108349,0.43673333333333336
108389,0.16861254612546125
108405,0.37892000000000003
108416,0.41113181818181815
108424,0.48058378378378375
108430,0.13782149467434957
108505,0.42275294117647055
108525,0.03774285714285719
108547,0.28028928571428574
108553,0.0
108622,0.26108444444444445
108639,0.40277349896480336
108685,0.36690540540540545
108703,0.18512569358178055
108737,0.12662714285714283
108752,0.04843846153846154
108806,0.007718181818181846
108833,0.013476923076923053
108864,0.33250588235294115
108865,0.3699304613748172
108880,0.3812646533973919
108903,0.2770764705882353
108923,0.48314
108979,0.012400000000000078
109015,0.31657777777777785
109053,0.0
109104,0.012262222222222174
109118,-0.11195526315789472
109161,0.0
109344,0.4470689655172414
109351,0.0
109388,0.2523831186440678
109459,0.24184431438127088
109466,0.05301931034482758
109478,0.014857142857142902
109520,0.487021052631579
109544,0.0
109608,0.22549411764705882
109635,0.0
109644,0.27613750000000004
109670,0.17420000000000002
109672,0.0
109693,-0.4486833333333333
109699,0.3062318181818182
109736,0.43439062500000003
109750,0.35209999999999997
109803,0.0
109804,0.04013153846153844
109853,0.3012
109867,0.348556862745098
109887,0.104265
109925,0.0
109976,0.005682142857142858
110037,0.0
110041,0.12721128787878788
110066,0.013851282051282054
110095,0.024213461538461545
110179,0.2590829268292683
110215,0.0
110403,0.09197142857142858
110404,0.29109166666666664
110413,0.011916666666666575
110446,-0.06513124999999997
110477,0.35947368421052633
110478,0.5121518518518519
110567,0.0
110571,0.44394117647058823
110621,0.3501416666666667
110649,0.32654285714285713
110672,0.013052173913043474
110674,0.04379942028985509
110696,0.5233
110733,0.38130000000000003
110766,0.18044848484848486
110767,0.0
110804,0.41106031746031746
110845,0.21513589743589745
110955,0.3407
110969,0.053151952837140776
110982,0.0
111025,0.15513142857142856
111057,0.013885714285714279
111058,0.2616105263157895
111124,0.29848
111138,0.35954705882352933
111145,0.30979411764705883
111166,0.0
111200,0.1622734693877551
111205,0.15024000000000004
111239,0.3121894736842105
111244,0.40822499999999995
111344,0.27784000000000003
111352,0.0
111400,0.4613333333333334
111486,0.2191
111549,0.29576
111646,0.10897777777777773
111647,0.5205677419354838
111770,0.316453125
111783,0.3240909090909091
111832,0.35735000000000006
111837,0.0
111841,0.0529470588235294
111865,0.22098076923076915
111868,0.0
111937,0.012320930232558092
111953,0.0
112030,0.3527541666666667
112051,-0.35205185185185184
112075,0.27286040100250625
112090,0.0
112137,-0.4268428571428572
112170,-0.039933333333333376
112235,0.23868333333333333
112286,0.15993124999999997
112302,0.07678367346938775
112326,0.346
112349,0.11274375
112369,0.0
112387,0.24546148182236538
112434,0.29173333333333334
112437,0.2146769230769231
112454,0.14199230769230764
112553,0.0
112571,0.2945714285714286
112614,0.37594482758620695
112696,0.2663860465116279
112724,0.4406
112741,0.0
112760,0.29757083333333334
112802,0.0
112826,0.187934945054945
112942,0.12184615384615383
112945,0.3581476190476191
112967,0.162509224137931
113012,0.34247142857142854
113029,0.09143478260869564
113069,0.31673599999999996
113071,0.0
113074,0.31447619047619046
113087,0.01209189189189186
113095,0.0
113099,-0.11373454545454542
113102,0.35096
113117,0.3294714285714285
113132,0.0
113140,0.2724
113162,0.08751052631578946
113167,0.0
113201,-0.7167244444444445
113229,0.0
113252,0.3090727272727273
113286,0.32529411764705884
113313,-0.112325
113335,0.1905058823529412
113387,0.4852736842105263
113420,0.43011428571428567
113421,0.1435777777777778
113434,0.1499692307692308
113498,-0.0016969696969696968
113517,0.0
113522,0.006837209302325564
113543,0.34498601398601403
113607,0.0
113614,0.46733529411764707
113699,0.18760370370370372
113709,0.450984202085004
113788,0.4148222222222222
113856,0.14514285714285718
113893,0.1017633553080246
113918,0.25781355932203387
113923,-0.01738069345941684
113934,0.0
113999,-0.12085227272727272
114024,0.0
114041,0.066
114051,-0.038055555555555565
114059,0.45736666666666664
114088,0.40251666666666663
114090,0.2008034098360656
114111,0.0
114120,0.29816651542649725
114138,0.3103837837837838
114146,0.31202495164410055
114164,0.10004727272727276
114169,-0.05765180682201959
114208,0.003275
114234,-0.09914876126126126
114245,0.0
114274,0.0
114343,0.4123434782608696
114452,0.0
114469,0.0
114484,0.3632637992831541
114490,0.44657499999999994
114592,0.2190040816326531
114611,0.5031181818181818
114629,0.0
114856,0.4445314685314686
114865,0.31168304597701146
114869,0.31155185185185186
114906,0.1205033333333333
114918,0.37605688124306325
114939,0.0
114941,0.20908
114950,0.22490000000000002
114969,0.2760357142857143
115011,0.0
115021,0.06168846153846155
115028,0.2516619203491544
115059,0.2921862068965517
115080,-0.10062000000000004
115093,0.10263363148479432
115100,0.22781118421052632
115107,0.0
115211,0.3733883516483516
115214,0.1333
115241,0.0
115272,0.0
115310,0.31617045454545456
115343,0.2579604938271605
115359,0.34030204081632653
115402,0.0
115449,0.411164705882353
115475,0.2105294117647059
115476,0.4276571428571428
115482,0.0
115491,0.2601616438356164
115504,0.0
115520,0.2150774193548387
115573,0.4740210526315789
115631,-0.20808519437551698
115633,0.40825609871855717
115671,0.07649333333333333
115692,0.3852455357142857
115702,0.4795625
115725,0.3973933333333333
115732,0.41063809523809525
115761,0.37995
115764,0.11278947368421044
115810,0.4698018691588785
115822,0.24066296296296297
115892,0.0
115917,0.3975357142857143
115929,0.0
115930,0.1478204724409449
115962,0.28746499999999997
115965,0.30573333333333336
116005,0.3706
116053,0.30842222222222226
116057,0.21710000000000002
116081,-0.4055244444444444
116084,-0.38533000000000006
116132,-0.1722315789473684
116141,0.0
116158,0.0
116179,0.4269521985815603
116196,0.31815714285714286
116221,0.229475
116222,0.0
116237,0.0
116245,0.45310168067226886
116252,0.5314785714285714
116278,0.33516842105263156
116378,0.0
116390,0.006168000000000007
116393,0.45079278074866314
116397,0.1472197435897436
116419,0.0
116488,0.08553946049176414
116515,0.0
116517,0.31089948114839155
116575,0.14349999999999996
116584,0.0
116593,0.40159245283018863
116603,0.15810738255033557
116610,0.309442
116622,0.47325789918332867
116648,0.33206659340659345
116670,0.136625
116691,0.2914692307692308
116693,0.36273333333333335
116731,0.30369999999999997
116742,0.27644347826086957
116759,0.24261702127659573
116774,0.0
116785,0.15605714285714287
116827,0.0
116830,0.0
116843,0.28052222222222223
116845,0.0
116850,0.02458947368421055
116859,0.3996526315789474
116887,0.3861833333333333
116898,0.4047875
116911,0.27445600000000003
116924,0.2037724137931034
116926,0.0
116937,0.4271793103448276
116955,0.0
116971,0.22622770562770564
116994,0.3513857142857143
117016,0.11439069767441856
117031,0.2226631245601689
117064,0.2525781818181818
117082,0.013926530612244914
117107,0.21056666666666668
117185,0.12498310708898941
117245,0.3645267605633803
117319,0.4727966101694915
117389,0.13564444444444446
117413,0.20133333333333336
117430,0.28319206349206344
117449,0.13821200000000006
117475,0.16175076923076925
117480,0.4684857142857143
117503,0.3769272727272727
117505,0.29793333333333333
117576,0.3853153846153846
117581,0.14726999999999996
117632,0.27665396825396826
117635,0.20152571428571428
117671,0.0
117740,0.29000000000000004
117826,0.49102857142857137
117836,0.38872000000000007
117891,0.10333658536585366
117921,0.39222639873916476
117922,0.22036923076923076
117945,0.3637
117962,0.37723921568627455
117981,0.2330579150579151
117988,0.18777567567567566
118001,0.20774285714285715
118015,0.2641783783783784
118019,0.013953846153846206
118046,-0.3374155660377358
118067,-0.17386808510638302
118091,0.35724
118142,0.0
118152,-0.4388235294117647
118181,0.14233469387755104
118268,0.0
118276,0.0
118377,0.20853333333333335
118399,0.0
118444,0.27499692307692314
118513,0.38528387096774197
118530,0.0
118539,0.34371351351351354
118571,0.2785833333333333
118596,0.0
118602,0.23916499999999996
118647,0.16707999999999998
118653,0.25348
118690,0.36771159606332904
118725,0.3525142857142857
118866,0.34662352941176466
118872,0.0
118875,0.21117357142857146
118891,-0.020123333333333326
118919,0.2243387755102041
118928,0.27918461538461536
119107,0.30471586538461537
119109,0.0
119140,0.0
119233,0.09664363636363632
119259,0.25994042553191493
119276,0.3452222222222222
119286,0.33999375
119292,-0.1883636363636364
119298,0.0
119338,0.27562488687782805
119372,0.25159999999999993
119376,0.4923866666666667
119425,-0.06609743589743589
119442,0.0
119446,0.05122820512820514
119482,0.0
119675,0.24243333333333328
119700,0.22544769230769232
119712,0.14453333333333335
119820,0.057917021276595745
119821,0.0
119832,0.031810643015521056
119844,0.0
119914,0.42213333333333336
119970,0.0392163265306123
119989,0.2796705882352941
120017,-0.15221666666666667
120033,0.33246923076923074
120048,0.3191343303423065
120062,0.25726159420289857
120124,0.012694117647058856
120125,0.4449162790697675
120126,0.2852639019112874
120172,0.32981249999999995
120253,0.0
120263,0.0
120304,0.20535517241379314
120327,0.00489999999999996
120348,0.27366111111111113
120376,0.43981958041958047
120398,0.30779999999999996
120403,0.4526235294117647
120416,0.01346399999999992
120423,0.05728235294117648
120453,0.01376609523809523
120461,0.1810222222222222
120478,0.17411470588235295
120501,-0.05451503759398496
120525,0.2621541666666667
120542,0.30766000000000004
120547,0.0
120572,0.2953223776223777
120605,0.20089178947368425
120617,0.10744507042253518
120632,0.4310338461538462
120650,0.010032835820895536
120688,0.29185714285714287
120830,0.011933333333333351
120834,0.31044782608695654
120860,0.19609622641509433
120957,0.0
120960,0.5210260869565216
121001,0.5098650939777523
121002,0.0
121024,0.0
121025,0.19986060606060607
121076,0.0
121082,0.02974444444444445
121108,0.1830227878787879
121179,0.2209181818181818
121240,0.14701952606635071
121430,0.3566945409429281
121432,0.01375686274509802
121437,0.18878695652173913
121470,-0.4411449197860962
121506,0.0
121596,0.21552
121608,0.33125454545454547
121692,0.15610588235294115
121704,0.11754081632653063
121715,-0.004833333333333245
121770,0.21086874999999994
121784,0.02542608695652171
121846,0.4256599999999999
121868,0.2239923076923077
121926,0.0
121928,0.09486222222222224
121973,0.22400520142784297
121993,0.07140800000000001
122016,0.2721107078039928
122035,0.3440820915032679
122037,0.28788
122140,0.0
122165,0.0
122184,0.0
122190,0.0
122211,0.19133333333333333
122221,0.0
122241,0.24982941176470586
122252,0.0
122269,0.02023265306122457
122270,0.4116346666666667
122306,0.0
122379,0.41473333333333334
122389,0.34048333333333336
122421,0.0
122476,0.0
122477,-0.40405
122517,0.24388750000000003
122538,-0.32641666666666663
122586,0.0040799999999999725
122665,0.0
122681,0.3891672131147541
122710,0.32654098360655737
122739,0.2964583333333334
122749,0.36314666666666673
122759,0.07025062034739449
122767,0.0
122787,0.0
122800,0.1733970588235294
122954,0.24609130434782606
122972,0.16522352941176466
123037,0.29635032967032965
123085,0.5003333333333333
123087,0.1872333333333333
123163,0.30029393939393934
123169,-0.034399999999999986
123201,0.1752285714285714
123213,0.0
123238,0.21826194217939213
123295,0.3852566666666666
123313,0.24810476190476188
123319,0.0
123330,0.28083571428571424
123357,0.47149411764705884
123362,0.1195684210526316
123365,0.3784551092318534
123369,0.0
123424,0.1800120879120879
123466,0.3420103448275862
123490,0.21808888888888892
123497,0.0
123507,0.18317000000000005
123541,0.0
123542,0.0
123565,0.2872653846153846
123711,-0.04774285714285714
123750,0.0
123839,0.3262588235294118
123854,0.0
123868,0.0
123890,-0.532128
123911,0.331936170212766
124046,0.5139209523809524
124196,0.3579411764705882
124201,0.4557443486590038
124215,0.0
124279,0.5188823529411765
124285,0.029399999999999996
124294,0.4371222222222222
124297,0.20767375
124317,0.011348571428571486
124322,-0.3523779220779221
124334,0.2781
124343,0.0121714285714285
124368,0.3434
124381,0.10094942528735631
124401,0.15606285714285711
124407,0.0
124414,0.13882
124418,0.4599375
124429,0.5096933333333333
124451,0.14752093023255813
124514,0.0
124515,-0.1300333333333333
124529,0.0
124539,0.0
124576,0.27508919354838707
124585,0.22369230769230763
124643,0.2204979591836735
124674,0.0
124712,-0.17962727272727272
124716,0.0
124728,0.0
124753,0.33371128048780485
124773,0.05964
124814,0.13352
124838,0.00417777777777778
124857,0.0
124861,0.08266818181818181
124935,0.0
124998,0.01328979591836732
125032,0.10203984915147707
125055,-0.4259714285714286
125162,0.23976
125178,0.048712499999999936
125208,0.3279142857142857
125272,0.15298636363636364
125279,0.011799999999999922
125304,-0.010116666666666677
125335,0.24409999999999998
125398,0.0
125409,0.0
125418,0.3126349206349206
125429,0.29273373313343326
125437,0.28387499999999993
125472,0.08278181818181818
125480,0.1353142857142857
125488,0.3045058823529412
125496,0.0
125511,0.13442393822393817
125512,0.06442857142857145
125522,0.36006829268292684
125584,0.4392345679012346
125601,0.0
125614,0.42716
125689,0.31242857142857144
125711,0.0
125714,0.0
125871,0.31454320987654316
125887,0.0
125915,0.0064896551724137885
125929,0.0
125998,0.0
126024,0.2973703703703704
126038,0.0
126071,0.27792222222222224
126113,0.21784406779661017
126129,0.0
126146,0.0060272727272727145
126147,0.16214315789473685
126172,0.13845285338015806
126204,0.016737037037036995
126208,0.2704127463312369
126277,0.2149144927536232
126314,0.1334078431372549
126380,0.025645555555555588
126414,0.37226095238095236
126426,0.15503333333333336
126481,0.5034631578947368
126495,0.34358333333333324
126649,0.47791428571428574
126683,0.10850000000000004
126735,0.2783867757774141
126741,0.12953333333333333
126822,0.0
126911,0.19812272727272726
126934,0.1640737037037037
126952,0.2399581932773109
127026,0.25864999999999994
127102,0.30828
127110,0.15906666666666663
127170,0.0
127177,-0.22380875816993467
127254,-0.0046499999999999875
127258,0.0
127263,0.12732025316455695
127294,0.006670000000000009
127341,-0.009239215686274505
127360,-0.47365999999999997
127423,0.12989411764705883
127442,0.2544148148148148
127448,0.0
127537,0.26098
127539,0.44787528957528955
127621,0.24694418604651164
127670,0.1946461538461538
127760,0.3107081081081081
127792,0.3174961538461538
127851,0.195328
127925,0.21481176470588226
127953,0.0
127955,0.0
127975,0.24451875
127997,0.31518823529411766
128022,0.0
128047,0.13677272727272732
128080,0.10225760532150777
128107,0.0
128120,-0.01541353383458649
128136,0.4139164835164835
128142,0.0
128156,0.0
128182,0.3140942857142857
128283,0.1867727272727273
128327,0.26864444444444446
128352,0.0
128383,0.27288636363636365
128410,0.15409583333333338
128423,0.14357931034482757
128444,0.028060465116279076
128453,0.1075888888888889
128489,-0.10699487179487183
128544,0.2061257142857143
128572,0.0
128597,0.32438999999999996
128604,0.0
128634,0.0
128652,0.23316170212765958
128654,0.009600000000000053
128659,0.0
128673,0.2368933908045977
128681,0.0
128698,0.09365354643765904
128700,0.027532287581699358
128706,0.0
128717,-0.28418181818181815
128760,0.0
128774,0.1400859748427673
128790,0.15278181818181819
128805,0.17376842105263157
128809,0.002587096774193526
128892,0.23859000000000002
128911,0.15389666666666668
128930,0.0
128988,0.36661818181818184
129009,0.011799999999999922
129024,0.021535555555555586
129056,0.29103404255319143
129064,-0.2651714285714286
129105,0.0
129135,0.5007941176470588
129138,0.0
129146,0.3466666666666667
129151,0.28169444444444447
129169,-0.2307428571428572
129216,0.0
129224,0.0
129233,0.26461999999999997
129287,0.4957714285714286
129296,0.4001536842105263
129349,0.07589333333333331
129352,0.2854300000000001
129360,0.2941916666666667
129370,0.3274378378378378
129485,0.00964615384615386
129516,0.0
129553,0.35145
129618,0.10529850746268654
129679,0.325225
129741,-0.10160000000000001
129755,0.4072
129760,0.2168549019607843
129780,0.0
129811,0.3176428571428571
129818,0.011812500000000004
129821,0.43820000000000003
129873,-0.38394285714285714
129907,0.3165842105263158
129913,0.014586666666666637
129940,0.007099999999999995
129941,0.15036153846153844
129956,0.009660714285714245
129959,-0.02818000000000004
130010,0.2792
130041,0.3109463414634146
130054,-0.34131333333333336
130056,0.0741679999999999
130076,-0.06342407407407408
130107,0.2161047619047619
130171,0.046019047619047626
130187,0.17956571428571427
130206,0.0
130220,0.41245892857142863
130257,0.3309
130263,0.37987333333333334
130270,0.3897846153846154
130302,0.49883636363636363
130361,0.09091888111888113
130375,-0.07042834138486309
130433,0.0
130500,0.34695172413793096
130510,0.32047972027972027
130533,0.36177497136907866
130549,0.21843296296296294
130569,0.2502
130597,0.09661891891891888
130650,0.18316981132075477
130679,0.13537241379310344
130688,0.36606363636363637
130736,0.0
130761,0.22729767025089603
130764,-0.15490179171332585
130820,0.22080000000000002
130857,0.0
130891,0.334895238095238
130893,0.15768
130937,0.5226514285714285
130949,0.4306903225806451
130973,0.0
130992,0.1717557894736842
130997,0.056778991596638684
131059,0.3422888888888889
131117,0.0
131135,0.42122222222222216
131168,0.3815372311827957
131188,0.2877705882352941
131204,0.0
131254,0.31726666666666664
131335,0.46948888888888896
131361,0.33560000000000006
131380,-0.2217436090225564
131411,0.0
131426,0.0
131427,0.0
131463,0.25680784313725497
131464,0.37355555555555553
131467,0.16161714285714285
131484,0.09553635610766045
131535,0.0
131540,0.13555999999999996
131574,0.0566303664921466
131588,0.256752508361204
131670,0.28159999999999996
131672,0.0
131686,0.29839333333333334
131791,0.20425497835497836
131803,0.3687625
131810,0.0
131886,0.3011142857142857
131968,0.10578804818370037
132138,0.0
132145,0.3635117647058823
132275,0.28723439153439156
132319,0.013461111111111146
132340,0.23845661881977673
132357,0.0
132423,0.11828999999999999
132424,0.012127777777777848
132447,0.25803333333333334
132457,0.4496875
132461,-0.1409111111111111
132488,0.18472
132593,0.2696571428571428
132652,0.04300000000000004
132740,0.1830375
132761,0.19205333333333335
132781,0.537373556231003
132803,0.0
132863,0.356091870967742
132869,0.0
132944,0.0
132950,0.14923463751438437
132954,0.2712457142857143
132967,0.31972
133005,0.347995032051282
133065,0.22263333333333332
133069,0.08939999999999998
133139,0.0
133233,0.19872073732718895
133300,0.29194871794871796
133323,0.0
133335,0.0
133337,0.011924999999999963
133339,0.3173483870967742
133348,0.06356181818181827
133434,0.33697111111111117
133437,0.3620529411764705
133465,0.16684545454545452
133468,0.0021333333333333204
133476,-0.007654285714285725
133486,0.23249720853858785
133495,0.3884235294117647
133502,0.008666666666666711
133540,0.40281538461538463
133667,0.061809090909090925
133698,0.0
133734,0.3297738095238096
133766,0.26493636363636364
133779,0.45241551204819275
133785,0.17414999999999997
133827,0.04048333333333334
133832,0.006896000000000013
133838,0.3441130434782608
133859,0.2429555555555556
133867,0.0933437070938215
133869,0.3765425
133931,0.0
133948,0.3824456140350877
133979,0.22334358974358975
133988,0.0
134008,0.38247999999999993
134011,0.2139064220183486
134027,-0.03672444444444439
134145,0.4181617021276596
134156,0.0
134211,0.32793333333333335
134232,0.12086956521739134
134233,0.2672
134236,-0.15893333333333332
134249,0.0
134270,0.2565363636363637
134299,0.08914598930481285
134330,0.008040000000000047
134343,0.36193333333333333
134344,0.45536640926640926
134352,0.013135483870967746
134385,0.00418124999999997
134421,-0.14490847457627118
134517,-0.26105161290322576
134523,0.0
134564,0.381675
134571,0.407312
134618,-0.18324241758241755
134648,0.3188133333333334
134675,0.16841481481481485
134741,0.1513916883116883
134810,0.11277083333333332
134820,0.14729206349206347
134838,0.11308595825426943
134859,0.22720934687953556
134871,0.20323785714285716
134879,0.2106727272727273
134898,0.3633454545454545
134945,0.4318107692307692
134955,0.002938775510204078
134956,0.1665842105263158
134964,0.0
134988,0.37251960072595275
134999,0.1967416666666666
135006,0.43166184210526315
135026,0.0
135034,0.0
135056,0.1456241758241758
135069,0.0
135074,0.26088181818181816
135095,0.2947190476190476
135118,0.3405092307692308
135133,0.42416615384615386
135159,0.3978107692307692
135216,0.17159259259259257
135277,0.4538399999999999
135320,0.19198461538461536
135347,0.18620000000000003
135441,0.10853999999999997
135443,0.3714516129032258
135492,0.28939232736572895
135513,0.0
135560,0.0963747474747475
135573,0.01364999999999994
135589,0.0
135595,0.0
135635,-0.027306666666666674
135647,0.26564242424242424
135674,0.4403666666666667
135681,0.2624214285714285
135695,0.20136000000000004
135711,0.0
135722,0.42833548387096776
135740,0.3404857142857143
135745,0.0
135768,0.44067142857142855
135807,0.2640789473684211
135815,0.013668085106382954
135835,0.0
135843,0.0
135847,0.16339619047619047
135888,-0.21024339393939395
135927,0.0
135954,0.15034576271186445
135985,0.1929904761904762
136068,0.20087500000000003
136085,0.4660615384615385
136110,0.0
136151,-0.13606440677966103
136208,0.0
136223,0.425695238095238
136292,0.0
136325,0.0
136422,0.0
136429,0.041388235294117615
136444,0.23666470588235297
136483,0.22378444444444445
136512,0.009345454545454546
136542,0.26952307692307687
136544,0.3002916666666667
136613,-0.1681702564102564
136617,0.537010518292683
136674,0.0
136676,0.19883223334043
136697,0.0
136731,0.43887058823529407
136787,0.0
136801,0.0
136865,0.2169454545454546
136924,0.127164
136935,0.010129032258064607
137009,0.20826538461538463
137010,0.0
137053,0.0
137080,0.31059999999999993
137105,0.28347441860465117
137161,0.009671794871794814
137182,0.0
137205,0.14810169491525424
137243,0.0
137324,-0.0018176249999999894
137365,0.20232244897959184
137404,0.010174999999999934
137406,0.11062916666666667
137419,0.2740420396184886
137535,0.09895827338129495
137536,0.05414444444444444
137577,0.20832
137611,-0.07451428571428573
137613,0.0
137648,-0.3479714285714286
137651,0.3118516129032258
137670,0.3720454545454545
137701,0.4482736842105263
137721,0.28855735641227376
137729,0.15554
137767,0.4008787111622555
137793,0.0
137839,0.007210526315789445
137855,0.0
137862,0.37869795918367344
137894,-0.6022552036199095
137918,0.2664689655172414
137936,0.45210666666666666
137960,-0.20780000000000004
137980,-0.12024210526315787
137982,0.0
138017,0.3236
138108,0.480085315614618
138136,0.12166666666666667
138157,0.050136585365853636
138297,0.3780956521739131
138299,0.0
138340,0.4267185185185186
138374,0.2570133333333333
138396,0.37507843137254904
138438,0.1286272727272727
138450,0.015583333333333393
138504,0.0806081351689612
138512,0.35600000000000004
138535,0.2380916666666667
138599,0.28823589743589745
138691,-0.23907272727272721
138692,0.3612460606060606
138788,0.008199999999999985
138791,0.013333333333333308
138798,0.47188
138836,0.0120137931034483
138841,0.3316416666666666
139019,0.003781074168797971
139027,0.007796296296296301
139057,0.48231874999999996
139081,0.0
139102,0.3465772693173293
139128,0.41708403639371383
139186,-0.20703846153846156
139273,0.23335476190476193
139306,0.15216271186440677
139384,0.32545
139417,0.33218749999999997
139520,0.0
139524,0.22435454545454547
139553,0.1529294117647058
139596,0.17880179240506328
139641,0.45694893617021276
139693,0.3231317813765182
139698,0.1469053892215569
139773,0.35213597858604945
139801,0.4200366197183099
139808,0.3363215189873418
139821,0.014399999999999968
139827,0.3189
139893,0.35512380952380956
139938,0.15946046511627907
139995,0.35283720930232554
140060,0.05790200000000001
140125,0.19647142857142857
140128,0.11189666666666664
140170,0.013266666666666649
140205,0.24196177419354842
140232,0.2646704225352113
140244,0.5123661538461538
140250,0.0958230769230769
140274,0.5003114285714286
140305,0.42028000000000004
140414,0.2200341463414634
140439,0.3222166666666667
140538,0.36447888888888885
140585,-0.14368461538461536
140687,0.0
140777,0.27628341523341526
140800,0.20061818181818175
140864,0.3585342857142857
140932,0.2610111111111111
140970,0.0
141016,-0.19369230769230772
141029,0.27979999999999994
141038,0.3460666666666667
141045,-0.01638947368421051
141060,0.0
141128,0.443419512195122
141142,-0.3136
141162,0.013307317073170677
141179,0.15645809523809523
141186,0.27075263157894736
141224,0.013354545454545397
141282,0.4637055555555556
141300,0.43429370629370634
141340,0.28907970383275255
141358,0.12205128205128207
141370,0.17743448275862067
141406,0.14506031746031745
141434,0.2811542857142857
141435,0.2155407407407407
141477,0.4012
141484,0.36525714285714284
141487,0.0
141544,0.26704285714285714
141567,0.033962962962962945
141572,0.013725581395348851
141730,0.5220888888888889
141733,-0.28992197802197806
141838,0.23640000000000003
141840,0.22154583333333333
141928,0.014124137931034508
141941,0.0
141953,0.16907094594594593
141980,0.16121904761904765
142015,0.20767000000000002
142039,0.2816975609756098
142118,0.0914235934664247
142136,0.11259420689655172
142139,0.012143478260869478
142197,0.3084980392156863
142198,0.38117058823529415
142293,0.3980476190476191
142337,0.44273277310924375
142348,0.35196380952380957
142356,-0.07135252525252525
142358,0.00808181818181819
142370,0.14301503759398493
142419,0.293168
142427,-0.2045333333333334
142440,0.2070137931034483
142446,0.3742
142455,-0.010473602484472044
142493,0.3677955555555556
142511,0.19487692307692306
142557,0.36119999999999997
142560,0.0
142596,0.3183283582089552
142685,-0.11992348484848481
142710,0.0
142730,0.14833846153846153
142736,0.23398662280701754
142754,0.0
142814,0.25038095238095237
142880,0.2084666666666667
142908,0.10925685279187816
142918,0.34227499999999994
142940,0.4321809523809524
143002,0.20004745762711867
143055,0.0
143061,0.0
143084,0.0
143136,0.2966938271604938
143140,0.29771578947368427
143155,0.0
143170,0.27387142857142854
143208,-0.17478750000000004
143250,0.0
143252,0.20127826086956518
143265,0.2919565341812401
143293,0.0
143299,0.5287619047619048
143353,0.19681833333333332
143416,0.27453725490196085
143530,0.0
143558,0.2734039215686275
143585,0.36046046511627905
143633,0.028803333333333292
143649,0.18273636363636364
143713,0.2897142857142857
143751,0.3064578260869565
143924,0.012358139534883739
143955,0.009547169811320755
143967,0.34279227053140093
143976,0.4224461538461538
143979,0.3950888888888889
144006,0.18981400491400494
144027,0.41146853146853146
144041,0.24297487335359674
144048,-0.02904444444444443
144110,0.15828977987421383
144114,0.2884307692307692
144124,0.24628313440581218
144226,0.0
144251,0.0
144303,0.0
144368,0.2698857142857143
144369,0.38016134453781514
144443,0.32304705882352946
144466,0.19856500000000005
144470,-0.04999999999999993
144540,0.47142142857142855
144544,0.0
144638,0.28838086419753084
144711,0.2799534798534798
144784,0.20089841269841263
144856,0.39346538461538466
144869,0.0
144872,0.0
144918,-0.22593181818181823
144935,0.15856495535043147
144959,0.26142499999999996
144999,0.0
145038,0.004631578947368431
145044,-0.06946037735849059
145082,0.36523333333333335
145091,0.28188627450980397
145118,0.15980625
145131,0.19667142857142855
145137,0.13924999999999998
145192,0.04019393939393939
145206,0.0
145232,0.21713428571428572
145258,0.46716363636363634
145279,0.2198147038327526
145312,-0.13840714285714284
145427,0.40568387096774194
145436,0.1998813110983324
145572,0.30714615384615385
145577,0.22052888888888883
145635,0.19753598281417833
145643,0.0
145644,0.38446
145702,0.19981333333333334
145707,0.34504444444444443
145711,0.13731944444444444
145726,0.2930769230769231
145740,0.22545641025641022
145762,0.3188777777777778
145889,0.4016390243902439
145903,0.014430769230769247
145911,0.017999470899470904
145975,0.5061263571990559
145976,0.37101599999999996
145988,0.30021
146007,0.2459444444444444
146033,0.19228181818181822
146044,0.09727364663500901
146060,0.28089090909090914
146172,0.32369166666666666
146183,0.07696744186046511
146236,0.0
146271,0.0
146298,0.10266666666666668
146316,0.28043478260869564
146334,0.12345762711864411
146356,0.0
146358,0.2722731707317073
146362,0.0
146363,0.5112285714285714
146393,0.36356000000000005
146398,0.03854042553191489
146420,0.08877586103623841
146430,0.0
146458,0.3416444444444444
146471,-0.19475129411764702
146543,0.5090370192307692
146546,0.048000000000000015
146564,0.008950000000000014
146600,0.0028457142857142848
146603,0.05619589169000934
146608,0.34608695652173915
146653,0.4398500000000001
146663,0.4944333333333333
146698,0.14946060606060607
146707,0.17640000000000006
146744,0.29274500000000003
146755,0.0
146793,0.008008000000000015
146820,0.27960000000000007
146924,0.09614571428571428
146928,-0.057493750000000066
146936,-0.14409999999999998
147029,-0.7280166666666666
147049,0.18071214392803592
147074,0.15190714285714285
147108,0.3103933333333333
147164,0.36219999999999997
147173,0.3217257763975155
147225,0.29359126099706745
147244,0.2292
147255,0.0
147259,0.4085
147285,0.18654915254237286
147325,0.3394999999999999
147345,0.28229090909090915
147405,0.0406896551724138
147430,0.0029319148936170214
147490,-0.10526260869565217
147540,0.20259629629629627
147640,0.4723858585858586
147641,0.05194901960784312
147656,0.3892772727272727
147674,0.5383624259005928
147678,0.19708062015503874
147750,0.00770000000000004
147764,0.18459555555555557
147772,0.2740833333333333
147816,0.3860964285714285
147877,0.0
147891,0.013706250000000031
147892,0.39617391304347827
147932,0.2756
147952,0.35168985221674876
147955,0.0
148008,0.09622807017543855
148052,0.4935278637770898
148117,0.0
148213,-0.014564285714285696
148254,0.24697818181818187
148259,0.4170857142857143
148269,0.18762132867132864
148399,0.0
148432,0.12477586206896552
148451,0.3576
148483,0.2772740414833438
148575,0.011718987341772125
148656,0.36952767241379303
148705,-0.21611666666666662
148737,-0.06626190476190477
148756,0.316952380952381
148757,0.401468085106383
148766,0.2826019047619048
148783,0.02477619047619048
148795,0.0
148853,0.4798597894736842
148859,0.32163429951690814
148894,0.2415666666666666
148955,0.4798526315789473
148998,0.4471459459459459
149062,0.1725032258064516
149086,0.32358846153846155
149104,0.2979068965517241
149107,0.0
149149,0.23641818181818183
149181,0.4419125
149215,0.24804459459459466
149277,-0.038500000000000034
149283,0.008827272727272795
149307,0.1835105263157895
149323,0.328057053291536
149329,0.11130933333333332
149357,0.19850344827586205
149382,0.4185476923076923
149419,0.05030128654970761
149479,-0.028365853658536555
149523,0.15962829204693613
149530,0.15756984126984125
149557,0.0
149560,-0.08936585365853655
149648,0.0
149725,0.0
149732,0.2831347826086956
149789,0.04651152416356877
149878,0.41653233211757135
149919,0.10399151785714286
149924,0.470375
149933,0.007255555555555571
149966,0.0
149972,0.31949090909090905
149983,0.5192196078431373
150052,0.0
150090,0.43084
150141,0.31706666666666666
150149,0.012908571428571491
150158,0.3755538461538461
150224,0.383775
150257,0.12254051282051279
150325,0.03115000000000001
150327,0.0
150464,0.3055333333333333
150487,0.2365611111111111
150512,0.21231458333333336
150624,0.03560000000000002
150693,-0.7414509803921568
150743,0.29059999999999997
150805,0.0
150919,0.0
150940,0.32582264150943396
150967,0.0
150974,-0.4810988095238095
150976,0.47551200000000005
150999,0.02614999999999998
151018,0.0
151074,0.007541818181818205
151112,0.5233
151130,0.16777142857142852
151155,-0.03639999999999999
151173,0.39137
151200,0.41046000000000005
151310,0.34663778049775595
151311,0.42117241379310344
151318,0.46706666666666663
151358,0.41329285714285713
151378,0.0
151391,0.02861999999999998
151410,0.20359999999999995
151423,0.0
151437,0.42356185897435905
151447,0.0
151449,0.07317575757575762
151454,0.20055277777777775
151469,0.010782142857142851
151479,0.16666666666666663
151490,0.0
151499,0.0985357142857143
151506,0.08250384615384614
151533,0.13939282051282054
151536,0.0
151587,0.0
151589,0.3513222222222222
151599,0.30728000000000005
151603,0.304516
151660,0.229665
151663,0.26575813953488375
151749,0.3210076923076923
151772,0.0812074074074074
151840,0.0
151847,0.5240496168582376
151849,0.0019117647058823628
151863,-0.5943692307692308
151878,0.0
151881,0.1389685185185185
151894,0.0
151906,0.060799999999999965
151931,0.19620555555555558
151934,0.0
151938,0.5286444444444445
151939,0.0
151988,0.22945192307692303
152000,0.27114482758620684
152016,0.0
152022,0.4962491228070175
152048,0.38890391849529776
152090,0.0
152092,0.0
152125,0.3796705882352941
152172,0.1452
152237,0.5370695187165775
152243,-0.04383333333333328
152258,0.0
152262,0.4718150943396226
152310,0.3448763870967742
152332,0.35100000000000003
152368,0.0
152373,0.46838296774193555
152426,0.4071333333333333
152466,0.27912000000000003
152490,0.2595648648648649
152537,0.38551578947368415
152561,0.0
152565,0.33862000000000003
152583,0.0
152622,0.3715559322033898
152630,0.41474642857142857
152640,0.0
152683,0.3072414285714286
152714,0.36135
152776,0.0
152788,0.0
152789,0.3594375000000001
152805,0.5163391304347826
152814,0.0
152848,0.28590923076923075
152852,0.07917497062279671
152858,0.012220512820512841
152890,0.0
152903,0.037131250000000005
152916,0.4313268817204301
152921,0.41082372881355933
152922,0.3342264444444445
152940,0.32300909090909086
152997,0.23211372549019607
153024,0.3287797837837838
153032,0.46040000000000003
153118,0.1620439024390244
153138,0.3742862068965518
153143,0.0030237288135593343
153172,0.175969696969697
153268,0.37319178082191784
153288,0.3735176470588235
153324,0.2535875
153329,0.37813125000000003
153386,0.30639999999999995
153487,0.21219047619047626
153509,0.3829
153569,0.16045925925925925
153591,0.0
153595,0.30889727047146404
153626,0.4000058823529412
153697,0.006443750000000026
153713,0.3833333333333333
153715,0.09652452830188679
153735,0.0
153758,0.3963242183359831
153812,0.0
153815,0.0
153896,0.0
153921,0.1563447350150428
153959,0.06310909090909089
154006,0.2873549295774648
154009,0.10265416666666666
154016,0.4928333333333333
154017,0.0
154018,0.0
154040,0.0
154041,0.25602857142857144
154054,0.44287600000000005
154096,0.3291590738423028
154124,0.0
154160,0.3826305322128852
154199,0.150192
154221,0.12159999999999999
154227,0.022351334188190755
154286,0.46391057692307697
154306,0.13766666666666666
154365,0.2651285714285714
154386,0.0
154417,0.3542064516129032
154441,0.33318400000000004
154446,0.1957622641509434
154536,0.37437600000000004
154593,0.0
154613,0.28981312741312737
154615,0.0
154639,0.3322
154682,0.13914841628959274
154717,-0.03858
154721,0.17995432372505543
154722,0.21996538461538456
154790,0.2785059523809524
154820,0.0
154839,0.0
154860,0.01370769230769231
154927,0.0
154949,0.23849565217391305
154964,0.3396155500413565
154992,0.0
155000,0.21409999999999996
155007,0.0
155032,0.3002593939393939
155051,0.25309432875498444
155059,0.32961907894736836
155073,0.2675739130434783
155098,-0.07229644839067706
155116,0.0
155125,0.36573421052631583
155150,0.21633333333333335
155172,0.08060222222222224
155197,0.0
155208,0.41714181818181817
155237,0.41332941176470595
155316,0.11739655172413793
155327,0.0
155331,0.3936822695035461
155403,0.33705142857142856
155430,0.0
155435,0.0
155449,0.11859000000000003
155572,0.011936842105263135
155578,0.0
155597,0.0
155611,0.06329473684210524
155621,0.5087076923076923
155642,0.03198666666666666
155659,0.1268181818181818
155676,0.3537484057971015
155696,0.31606334841628964
155767,0.2373839285714286
155786,0.16196923076923075
155794,0.014136842105263225
155800,0.16927999999999993
155848,0.0
155853,0.21291578947368417
155858,0.01422000000000001
155863,0.0
155946,0.5015443965517241
155956,0.35392222222222214
155969,0.17795916666666667
155988,0.3380594594594595
156018,0.0
156050,0.09068884615384615
156072,0.41705504994450604
156116,-0.03495000000000004
156120,0.22990769230769226
156143,0.22793714285714287
156145,0.08828325791855202
156152,0.2813181818181818
156162,0.1873034482758621
156170,0.4649497780244174
156203,0.011314285714285721
156204,0.4552317948717948
156221,0.34372
156224,0.006287500000000001
156253,0.18960799999999994
156256,0.10597264957264955
156269,0.14779398496240603
156272,-0.01565449735449735
156328,0.2936078431372549
156329,0.34293777777777773
156333,0.3537157575757576
156350,0.0
156365,0.2595473913043478
156422,0.15895294117647052
156427,0.47782285714285716
156432,0.24852941176470586
156438,0.27556
156445,0.29222857142857145
156465,0.0
156487,-0.30782857142857145
156514,0.3506347826086956
156527,0.0
156579,0.4285742857142858
156623,0.05463769230769233
156647,0.0
156650,0.3207777777777778
156663,0.37711428571428574
156729,0.1913220091324201
156786,0.4224703703703704
156787,0.30265
156816,-0.44214938440492474
156859,0.0
156960,0.0
156989,0.15715122143420013
157003,0.24965714285714286
157038,0.13409240506329115
157063,0.0717154954954955
157098,0.0
157212,0.0
157236,-0.39835
157242,0.278780612244898
157344,0.15447
157377,0.23455789473684213
157402,0.0
157450,0.12644424999999998
157488,0.11884629566013968
157507,0.28539473684210526
157516,0.32939130434782604
157531,0.055700022301516494
157642,0.22736750298685784
157686,0.006900000000000017
157706,-0.11381481481481481
157724,0.2569564413265306
157807,0.21151428571428565
157816,0.25629090909090907
157845,0.0334056752873563
157854,0.34161081081081074
157877,0.01820999999999995
157881,0.263896
157904,0.0
157905,0.14026076018594474
157929,0.4443137254901961
157937,0.0
157951,0.3084402226345083
157970,0.0
157977,0.281151951951952
157985,0.40915294117647055
158010,0.11767
158072,0.20713846153846152
158082,0.0
158091,0.36163333333333336
158118,0.1877367487684728
158160,0.16781090909090912
158183,0.39555641025641025
158200,0.35104252631578947
158257,0.3795070707070707
158271,0.009372093023255812
158320,0.0
158364,0.0
158375,0.0
158402,0.36327288888888887
158423,0.04260799999999998
158429,0.0
158430,0.2491368421052632
158490,0.3700862745098039
158506,0.2493
158518,0.0
158520,0.23643
158551,-0.4041148148148148
158607,-0.06903750000000008
158645,0.0
158648,0.4433785714285714
158704,0.43463411764705884
158726,0.30405482456140354
158758,0.34104727272727275
158860,0.0
158889,0.4815
158903,0.04252
158934,0.2820479302832244
159023,0.2823766233766234
159051,0.22986923076923071
159062,0.27721333333333337
159113,0.48291666666666666
159172,0.0014791666666666703
159200,0.36112244897959184
159201,0.42330839189747826
159224,0.1825566666666667
159296,0.1833202797202797
159344,0.2746919860627177
159414,0.3957292307692307
159435,0.39922222222222226
159530,0.46945177228786256
159534,0.0
159566,0.3283502262443439
159619,0.33412698412698416
159655,0.30708421052631585
159671,0.1204971428571428
159703,0.0
159756,0.300390243902439
159769,0.2877458980044346
159777,0.28172857142857144
159816,0.1699803879310345
159817,0.36355833333333337
159820,0.3792
159836,0.2628077294685991
159839,0.36751111111111107
159845,0.053180995475113124
159887,0.3167333333333333
159925,0.2696196078431372
159938,0.21622439024390244
159986,0.15190892857142857
160015,0.42378666666666664
160035,0.12968222222222225
160101,0.0
160145,0.0092610169491526
160197,0.4418507462686567
160225,-0.06737739130434783
160227,0.19838461538461538
160260,0.40750000000000003
160274,0.0
160278,0.3444412698412698
160312,0.23507703081232495
160327,0.19015384615384617
160332,0.2272235294117647
160334,0.32722
160341,0.28118125
160403,0.40928631239935587
160410,0.47032
160418,0.33333750000000006
160468,0.24386666666666673
160491,0.0
160493,0.0
160500,0.0
160515,0.0
160534,0.4653016806722689
160601,0.013037837837837851
160623,0.025999999999999995
160676,0.18749142857142853
160715,0.24938333333333335
160745,0.44576896551724143
160747,0.1383344537815126
160823,0.33174064171122997
160844,0.29062857142857146
160848,0.17376999999999998
160856,0.43100000000000005
160874,0.36591999999999997
160886,0.017070746634026912
160903,0.0
160906,0.2524111111111111
160914,0.32193939393939397
160968,0.35378636363636357
160980,0.43536363636363634
161022,0.006099999999999994
161079,0.003826666666666645
161080,0.0
161093,0.500728813559322
161142,0.0
161230,0.11549777777777778
161254,0.074297268907563
161256,0.0
161259,0.31720242424242423
161284,0.34339687499999993
161297,0.0
161326,0.04958133333333331
161349,0.2278761904761905
161357,-0.27799999999999997
161371,0.2970761904761905
161374,0.0
161396,0.13589444444444443
161495,0.35811250000000006
161498,0.14805626016260162
161546,0.0
161589,0.36819166666666664
161660,0.22880000000000003
161731,0.30875925925925923
161733,-0.03314375
161745,0.384630303030303
161795,0.23472105263157894
161812,0.0
161886,0.5132541582150101
161923,0.46912173913043476
161946,0.1721428571428571
161947,0.0
161966,0.2150659649122807
161981,0.2787692307692307
162007,0.08032
162024,0.302551724137931
162034,0.0
162048,0.16826774193548388
162053,0.3165287671232877
162083,0.2616857142857143
162087,0.2997187081339713
162089,0.30928
162101,0.36690526315789473
162128,0.0522095019427764
162184,0.379125
162189,0.3032063492063492
162245,0.0
162254,0.04876666666666665
162278,0.013035000000000019
162334,0.0
162351,0.34432121212121214
162361,0.0
162369,0.22599999999999998
162374,-0.13057142857142862
162403,0.22137499999999988
162405,0.3210206896551724
162436,0.20810869565217394
162446,-0.05790300751879701
162447,0.013654999999999973
162461,0.012953846153846205
162477,0.0
162480,0.009288888888888902
162486,0.35834838709677413
162525,0.36019999999999996
162561,0.44263836257309935
162562,0.3908190476190476
162581,0.29008999999999996
162592,0.24017313432835824
162708,0.0809416221033868
162748,0.0999142857142857
162751,0.0
162754,0.43955066666666665
162782,0.2534799999999999
162791,0.0
162827,0.013760869565217382
162860,0.03722857142857139
162890,0.18651632653061226
162907,0.0
162908,0.4948425531914894
162933,0.11293236714975846
162942,0.3028235294117647
162995,-0.09858275862068966
163024,0.1659466666666667
163084,0.09075
163160,0.42322000000000004
163170,0.0
163266,0.0
163290,0.0
163295,-0.40428571428571425
163306,-0.5660408163265307
163322,0.3148035714285714
163336,0.3588323577235772
163340,0.24720000000000003
163347,0.10745192307692308
163354,0.4859548387096775
163383,0.11747272727272728
163430,0.17124814814814818
163453,0.0
163489,0.4597459459459459
163490,0.4699214285714286
163506,0.27798333333333336
163534,0.1873644859813084
163558,0.0
163580,0.14252285714285717
163605,0.32639275362318837
163621,0.23308000000000006
163648,0.3348785714285714
163745,0.15009375000000003
163747,0.23137878989361702
163834,0.12243333333333334
163849,0.28758888888888895
163862,0.36851666666666666
163924,0.4469
163970,0.33959999999999996
163993,0.2698893581081081
164010,0.2839636363636364
164095,0.08027272727272727
164102,0.2939925925925926
164119,0.0
164132,0.012218181818181906
164148,0.4087
164169,0.16494444444444445
164177,0.239425
164198,0.41142399999999996
164245,0.3804027397260274
164260,0.0
164261,0.39467368421052634
164264,0.22624605263157893
164289,0.29890000000000005
164325,0.0
164343,0.473931216931217
164378,0.0
164384,0.09039999999999998
164400,0.01327916666666662
164411,-0.1779699346405229
164483,0.0
164494,0.3877708333333333
164522,0.0
164598,0.24653898305084743
164601,0.37606999999999996
164605,0.44161731601731596
164606,0.3086596153846154
164612,0.18549545454545457
164630,0.0
164683,0.478709439124487
164726,0.1422904761904762
164736,0.4246361111111111
164762,0.0
164777,0.26673888888888886
164810,0.006799999999999917
164846,0.2941984126984127
164902,0.18866666666666665
164994,-0.024756258304544254
165005,0.014214285714285735
165012,0.0
165014,0.22327567567567563
165037,0.33989
165038,0.0
165102,0.09794736842105262
165196,0.1254515151515151
165253,0.28332631578947365
165331,0.0
165334,0.0
165373,0.16316086956521736
165396,0.0
165410,0.5365333333333333
165417,0.30276666666666663
165455,0.06862608695652173
165467,0.3348149213783874
165484,0.254195
165492,0.2231333333333333
165523,0.41535887988209286
165551,0.17651111111111112
165557,0.4736668199233716
165569,0.03909285714285715
165571,0.32002325581395347
165602,0.11087369015675752
165655,0.4722344827586207
165682,0.07244999999999996
165685,0.0035418181818181738
165697,0.039429411764705824
165726,0.26837500000000003
165731,0.14863157894736845
165769,0.012711111111111117
165781,0.1851181818181818
165858,0.4344133333333333
165873,0.21768730158730157
165877,0.0
165896,0.4444285714285715
165974,0.1981
166038,0.30695999999999996
166056,0.17220000000000002
166112,0.0
166171,-0.2832
166176,0.22750566037735842
166207,0.11426666666666668
166209,0.0
166239,0.39823333333333333
166271,0.3182666666666667
166287,0.3990666666666667
166315,0.3031967032967033
166371,0.23743076923076922
166418,0.1815272727272727
166462,-0.0827804195804196
166471,0.3775238095238095
166483,0.30560000000000004
166494,0.47840000000000005
166501,0.2711
166512,0.0
166556,0.08924680851063829
166586,0.3065818181818182
166639,0.11210000000000009
166691,0.15878666666666663
166713,0.0
166721,0.2843642857142857
166736,0.1519925925925926
166756,0.22812289377289374
166789,0.0
166859,0.2289354166666666
166871,0.49520000000000003
166879,0.11322335423197494
166904,0.25947777777777775
166924,0.0
167008,0.0
167038,0.40657619047619054
167052,0.39113333333333333
167059,0.36027878787878787
167075,-0.04307843137254902
167087,0.0
167128,0.3369422680412371
167140,0.1684833548387097
167167,0.4383310344827586
167180,0.30868888888888885
167181,0.43939999999999996
167182,0.0
167198,-0.02506953264940559
167257,0.0
167269,0.0
167287,0.31645641025641025
167288,0.272496551724138
167307,0.38828
167330,0.043745431893687736
167351,0.07806190476190478
167386,0.37092121212121215
167406,0.2886671296296296
167491,0.39693992705428016
167499,0.3097866071428571
167502,0.3970848484848485
167522,0.13419209039548022
167594,0.31464615384615385
167598,0.0
167599,0.35621951219512193
167616,0.0
167623,0.15359444444444437
167640,0.22826285714285716
167649,0.2355882352941177
167704,0.25251884057971014
167747,0.0
167758,0.18121071428571425
167788,0.34920888888888896
167799,0.06314033613445379
167820,0.0
167869,0.29498823529411766
167871,0.0
168026,0.0
168044,0.17901875000000003
168127,0.011312500000000059
168164,0.0
168173,0.41664
168175,0.24968979591836732
168182,0.46664999999999995
168208,0.014016666666666677
168230,0.1720808149405772
168241,0.21929220779220776
168260,0.0
168288,0.16001714285714283
168298,0.4592057142857143
168304,0.011512500000000037
168322,0.5107791666666667
168346,0.4406871794871795
168368,0.4534083333333333
168407,0.45269121447028426
168438,0.36782162162162163
168454,0.0
168527,0.4130758620689655
168533,0.0
168541,0.15526041666666668
168556,0.06083333333333332
168612,0.0
168615,0.33519259259259254
168636,0.17125384615384617
168713,-0.03689592760180993
168738,0.006510000000000016
168758,0.16373571428571426
168779,0.012205405405405378
168780,0.4748
168845,0.1085076923076923
168861,0.05094777070063694
168865,0.08989158878504674
168875,0.011704761904761884
168886,0.2790176470588236
168926,0.25687457627118643
168938,0.040018934911242615
168956,0.31461111111111106
168977,0.189825
169045,0.5297236363636363
169066,0.13555384615384614
169108,0.2418909090909091
169130,0.4205612903225807
169141,0.08589682539682542
169171,0.0
169182,0.30113333333333336
169190,0.08604688995215315
169217,-0.18590662931839402
169232,0.08664166666666667
169257,0.0
169321,0.3347
169352,0.07218095238095235
169399,-0.030466666666666656
169421,0.0
169440,0.3716
169466,0.0042500000000000315
169472,0.2014790697674419
169487,0.07528000000000001
169491,0.2701179487179487
169570,0.2690347826086956
169598,0.25137948717948716
169632,0.07092500000000002
169680,0.1565710843373494
169789,0.3980285714285714
169812,0.06494348046676812
169823,0.027489197467837456
169828,0.0
169867,0.32437419354838715
169888,0.0
169893,0.0
169925,0.14070102544132917
169985,0.48655000000000004
170011,0.0
170038,0.0
170068,0.28234700854700856
170077,0.0
170087,0.3559809523809524
170208,0.3557684210526316
170248,0.00678636363636359
170259,0.0
170270,0.27813846153846156
170272,0.10071444444444444
170337,0.33920235294117645
170343,0.21832307692307695
170393,0.09238461538461537
170398,0.28231489361702133
170435,0.2812885662431942
170445,0.37452447552447554
170504,0.0
170588,0.3007664705882353
170592,0.011382142857142896
170633,0.4228195121951219
170638,0.0
170643,0.287045
170648,0.0
170670,0.327075
170687,0.005818749999999984
170701,0.0
170717,0.011599999999999944
170731,0.20187011922503728
170758,0.24855000000000002
170793,0.2450188679245283
170848,0.2273458333333333
170880,-0.1147136363636364
170961,0.0
170964,0.32345236363636365
171005,0.5455818181818182
171055,0.15978604651162787
171163,0.0
171192,0.37271309707241906
171218,0.3487490196078431
171260,0.45529
171281,0.0
171301,-0.16280000000000006
171342,0.18095223880597017
171370,0.416105
171393,0.19044761904761903
171397,0.2300618018018018
171398,0.38779871175523356
171400,0.18326000000000003
171434,0.16236
171458,0.3241931623931624
171473,-0.049501666666666666
171529,0.23846666666666666
171570,0.4055847911741529
171588,0.07483333333333336
171598,0.2912
171603,0.0
171621,0.3336166666666667
171635,0.3581293233082707
171652,0.3086739047619047
171667,0.0
171701,0.40777897435897437
171718,0.009742857142857164
171722,0.24638431372549024
171757,0.0
171806,0.0
171867,0.0023753424657534383
171908,0.0
171940,0.26885000000000003
171953,0.18692192513368983
171960,0.231128125
171987,0.26124
171995,0.015993333333333304
172009,0.0
172014,0.0
172053,-0.775507619047619
172086,-0.05739999999999995
172089,0.0
172158,0.20258147368421053
172174,0.32324444444444445
172191,0.45150640468543357
172208,0.35848529411764707
172245,0.15403478260869563
172253,0.18664999999999998
172267,0.17991304347826087
172274,0.44763648648648646
172282,0.0
172303,0.020836842105263154
172327,0.08949600000000002
172333,0.24286666666666668
172362,0.15582307692307695
172372,0.26982384615384614
172388,0.0
172399,0.20674415584415584
172422,0.22129090909090904
172473,0.11160094715852437
172559,0.19072614689265538
172586,0.0
172595,0.2849833333333333
172680,-0.6083391304347826
172760,0.25497414500683996
172827,0.0
172849,0.2939857142857143
172851,0.0
172888,0.38211000000000006
172901,0.0
172904,0.3983603658536585
172944,0.0
172948,0.0
172977,0.007957894736842164
172993,0.013840000000000074
173005,0.43494371541501975
173062,0.44575
173077,0.4135333333333333
173081,0.2211652173913043
173156,0.2775468839336764
173164,0.03880967741935484
173213,0.08311290322580646
173286,-0.2431333333333333
173290,0.3576437888198758
173305,0.34896279069767444
173341,0.0
173440,0.0
173505,0.34659999999999996
173521,0.235672
173569,0.5157976397515528
173597,0.22651655266757864
173606,0.3641181818181818
173665,0.4005523809523809
173769,0.003513793103448265
173791,0.32443636363636363
173795,0.10249287925696593
173840,0.4607757575757576
173914,0.10506000000000001
173923,0.4659
173935,-0.09892307692307692
173958,0.0
174021,0.3316079141515761
174053,0.5374
174068,0.34974400000000005
174076,0.3269833333333333
174115,0.13728145454545448
174130,0.009495238095238112
174228,0.0
174249,0.0
174324,0.34600000000000003
174344,0.0
174345,0.0
174360,0.08332919860627186
174380,0.40215866666666666
174394,0.02125692722371969
174478,0.43126
174557,0.14645406275140788
174560,0.23592105263157898
174567,0.5109888537549407
174571,0.2731754152823921
174583,0.3841692307692308
174609,0.0
174635,0.17763979797979798
174695,-0.7592305084745763
174830,0.4983857142857142
174831,0.34102764976958533
174871,0.3819891891891892
174903,0.0
174988,0.1091728813559322
174995,0.45186274509803925
175049,0.057791666666666686
175075,0.0
175091,0.17582580645161294
175151,0.008873684210526367
175201,0.4137495391705069
175246,0.25375873015873013
175307,0.05423636363636364
175324,-0.010034042553191513
175337,0.14909642857142857
175353,0.0
175359,0.0
175379,0.3947391304347826
175383,0.0
175385,0.11679999999999999
175422,0.19405428824049514
175462,0.4017164835164836
175464,0.3708086956521739
175503,0.2135
175528,0.3419777777777777
175573,0.17584444444444447
175606,0.3041354838709677
175619,0.20935288975230698
175659,0.4067923076923077
175674,0.0
175677,0.027906767676767683
175704,0.3104733333333334
175705,-0.36523225806451615
175776,0.0
175806,0.1440238095238095
175814,0.0
175908,0.222192
175917,0.41831428571428575
175970,0.0
175997,0.0
176016,0.21562666666666663
176071,-0.08601034482758618
176117,0.325008966033966
176139,-0.054811428571428567
176189,0.2270727272727272
176226,0.5017853658536585
176250,0.13813333333333336
176254,0.12191428571428575
176259,-0.18833984962406017
176275,0.0
176291,0.08446086956521742
176315,0.279925
176339,0.2952782608695652
176388,0.0
176427,0.14203051106025932
176430,0.4021255813953488
176434,0.4187789473684211
176437,0.0
176516,0.13412499999999994
176558,-0.3729689466484268
176595,0.5359157894736841
176607,0.032689171974522285
176667,0.0
176678,0.3594647058823529
176751,0.17024814814814815
176838,0.38003393939393937
176839,0.011563636363636332
176878,0.3592830188679245
176890,0.16535555555555553
176905,0.32103157894736845
176946,0.0
176964,0.28329090909090915
176975,0.19812116402116403
176989,0.0
176991,0.17772857142857146
176993,0.22499090909090907
177022,0.01209189189189197
177030,0.18745575757575758
177039,0.18935652173913042
177116,0.47346666666666665
177140,0.17047714285714288
177184,0.0484
177217,0.4031333333333333
177254,0.060366666666666624
177275,0.2886615384615384
177278,0.32641600000000004
177323,0.25139200000000006
177329,0.2738394758394759
177373,0.3722324324324324
177389,0.1964153846153846
177419,-0.2347090909090909
177459,0.2643063829787234
177504,0.331769696969697
177511,-0.00786129032258065
177518,0.27290000000000003
177532,0.008677192982456061
177624,0.009200000000000014
177627,0.0
177648,0.13216363636363637
177659,0.30564834193072954
177683,-0.5222375
177711,0.17588571428571428
177734,0.2606952380952381
177749,0.17106
177757,0.12931885521885522
177769,0.13451851179673324
177798,0.35319999999999996
177824,0.3869590277777778
177830,0.0
177845,0.0
177864,0.3514
177868,0.28532
177880,0.012434285714285731
177883,0.3499421686746988
177920,0.003372222222222221
178016,0.0
178019,0.42288888888888887
178063,-0.2504307692307693
178114,0.42922499999999997
178126,0.0
178128,0.24790479192938208
178148,0.14823
178154,0.4961515151515151
178203,-0.41476666666666673
178209,0.0526307692307692
178242,0.0
178308,0.0
178326,0.3415163636363637
178419,0.4389863636363637
178423,0.22051578947368422
178427,0.21981176470588232
178445,0.0017555555555555519
178493,0.20767450058754405
178555,0.39027
178582,0.0
178669,0.31983999999999996
178705,0.0
178717,0.17769333333333331
178725,0.31675492957746476
178770,0.0
178786,0.0
178791,0.18002083333333335
178812,0.0
178814,0.10518181818181821
178866,0.3105408695652174
178881,0.4924251105216622
178892,0.37639999999999996
178946,0.0
178961,0.18760571428571426
178966,0.21772382352941178
179019,-0.204711655011655
179038,0.0388125
179084,0.18440000000000004
179091,0.0
179092,0.0
179101,0.0
179167,0.25238399999999994
179176,0.14496666666666666
179197,-0.15967619047619042
179223,0.04769670329670328
179235,0.24468686730506156
179266,0.18505
179325,0.0
179383,0.3830527777777778
179397,0.44816470588235297
179446,0.3594177215189874
179448,0.4332
179450,0.008540909090909099
179451,0.253648
179467,0.0
179478,0.33702068965517246
179484,0.0464620689655173
179486,0.0
179494,0.0
179504,0.26934545454545455
179576,0.17805306122448977
179601,0.27072765957446815
179628,0.08412857142857139
179696,0.14677016877637128
179720,0.13137631578947367
179771,0.24762606837606838
179785,0.08252379705400986
179822,0.472625
179993,0.0
180056,0.013356097560975555
180057,0.0
180177,0.0
180181,0.4958869565217391
180202,0.11388999999999999
180234,0.5210222222222223
180243,0.30864385964912283
180264,0.0
180316,0.00498571428571426
180324,0.3948666666666667
180328,0.2563457142857143
180338,0.0
180353,0.0
180362,0.08803461538461539
180420,0.18931627906976745
180426,0.17747599999999997
180468,0.3446625
180474,0.0
180476,0.45799600000000007
180487,0.19248571428571426
180532,0.002514285714285719
180556,0.0
180586,0.2125176470588236
180764,0.00925454545454546
180828,0.003224242424242435
180835,0.18786666666666665
180878,0.2863846153846154
180912,0.2834518518518518
180982,0.4872000000000001
180998,0.3220615384615385
181031,0.38283257918552027
181041,0.40145882352941176
181080,0.0
181082,-0.16281712328767123
181096,0.27537333333333336
181120,0.08908888888888888
181136,-0.5290999999999999
181155,0.17291176470588238
181179,0.0
181188,0.18283756432247
181203,0.19144150943396226
181244,0.3569555555555555
181246,0.0958261538461539
181308,0.3540185185185185
181328,-0.0950533333333333
181341,-0.4456074074074074
181364,0.08026205128205133
181374,0.0
181396,0.18353571428571436
181429,0.0
181430,0.2662157774737802
181460,0.0
181467,0.3600768707482993
181486,0.0
181515,0.012554385964912318
181555,-0.7337478260869565
181581,0.3850638694638695
181590,0.1901
181624,0.017616
181626,0.37259
181677,0.3059166666666667
181833,0.006235294117647061
181836,0.3126987654320988
181925,0.3666275862068966
181941,0.0
181957,0.06917777777777778
181977,0.5368117647058823
181996,0.3220230769230769
182059,0.28698432601880863
182062,0.16024561403508772
182073,-0.0031973244147157076
182080,0.3055269230769231
182107,0.0
182127,0.2695402129402129
182136,0.24699999999999997
182148,0.39780000000000004
182199,0.07335999999999998
182200,0.013143859649122791
182213,0.1754
182216,0.3166
182220,0.1705692307692308
182222,0.2337135135135135
182231,0.09992952586206905
182288,0.0
182300,0.2931
182309,0.4043809523809524
182315,0.1217611111111111
182350,0.12866499999999997
182361,0.286978947368421
182421,0.03463448275862069
182422,0.535560655737705
182460,0.18179941176470588
182467,0.014853333333333274
182471,0.24563333333333334
182536,0.09217310924369743
182588,0.0
182617,0.08020833333333333
182683,0.27438823529411766
182691,0.17899999999999994
182729,0.3395625
182734,0.40411538461538465
182764,0.012240000000000029
182783,0.024118
182834,0.3106909090909091
182839,0.12915
182928,0.08498275862068966
182937,-0.07916250000000002
183050,0.0
183146,-0.12022349650349651
183171,0.4320933333333333
183210,0.0
183231,0.0
183256,0.3253042253521127
183296,0.0
183308,0.4666666666666667
183310,0.34576462799495583
183322,0.1386875
183399,0.017164667482660156
183454,0.06853000000000004
183513,0.48710000000000003
183516,0.37412843137254903
183521,0.20457081339712918
183569,0.0
183594,0.12187200000000004
183667,0.2169727272727272
183785,0.08000412371134022
183786,0.0
183790,-0.035199999999999954
183811,0.255592
183829,0.0
183833,0.3934514285714286
183867,0.08662857142857139
183884,0.2647996406916685
183922,0.48398095238095235
183957,0.28542545454545454
183993,0.26436619897959185
184004,0.18872380952380952
184013,0.16004776876267748
184048,0.1818958333333333
184049,0.0
184089,0.2806107142857143
184147,0.16928727272727268
184171,0.1437964285714286
184189,0.0
184190,-0.060828915662650695
184229,0.27536571428571427
184249,-0.32473142857142856
184272,0.13486666666666666
184311,0.0
184401,0.36383030303030306
184419,0.2277809451219512
184420,0.31826666666666664
184449,0.0
184465,0.21576226415094335
184531,0.47222189473684206
184537,0.0
184548,0.4457974481658692
184552,0.3244864864864865
184559,0.3301365853658536
184570,0.38039999999999996
184608,0.4298850000000001
184625,0.36183333333333334
184632,0.3801925925925925
184637,0.0
184699,0.34125925925925926
184721,0.0
184792,0.2563047619047619
184853,0.23813103448275863
184920,0.18841311475409833
184970,0.17471777777777775
184993,0.305736507936508
185012,0.1763414634146342
185029,0.28376250000000003
185060,0.29248120300751884
185096,0.011543999999999999
185115,0.0
185149,0.0
185168,0.17826999999999998
185174,0.31744285714285714
185216,0.10200000000000004
185240,0.4223862068965518
185250,0.20705
185260,0.27055416666666665
185267,-0.23424150943396227
185272,0.29764143790849673
185309,0.0
185327,0.2336602409638554
185343,0.085588344988345
185351,0.0777954945054945
185379,0.05237391304347824
185381,0.0
185389,0.011739130434782585
185409,0.07294634146341461
185428,0.3174980295566503
185448,0.3191555555555555
185457,0.2168
185471,0.41628166666666666
185511,0.34458
185541,0.35792
185545,0.39172230769230765
185559,0.3666516129032258
185578,0.0
185601,0.4580666666666666
185605,0.5217930816846705
185723,0.36391428571428575
185757,0.10728759730150494
185806,0.31991028037383173
185867,0.41472
185876,-0.05968372093023255
185897,0.39997999999999995
185898,0.28106538461538466
185909,0.0
185927,0.0
185968,0.06807000000000002
185983,0.3108786885245901
185994,0.3791066666666667
186017,0.20096000000000003
186020,0.2843882352941176
186034,0.29962439024390247
186036,0.2559344444444444
186064,0.0
186163,-0.09311999999999998
186177,0.3558591857000993
186236,0.0
186283,0.0
186301,0.36254
186421,0.14213943661971828
186426,0.18322631578947368
186452,0.20354098360655737
186476,0.1628517006802721
186493,0.24956271186440676
186540,0.29079325842696624
186541,0.0
186582,0.3594363636363636
186589,0.2923583333333333
186596,0.15479310344827588
186635,0.4152714285714285
186641,0.1770456375838926
186646,0.39375000000000004
186665,0.0
186684,0.0
186729,0.5162
186767,-0.0984578947368421
186772,0.0
186846,0.22648510638297875
186849,0.07989999999999997
186856,0.30477333333333334
186895,0.47090909090909094
186899,0.0
186918,0.17284444444444447
186943,0.20891481481481483
186947,0.07638133333333333
186961,0.0
186971,0.2490857142857143
186979,0.0
186996,0.4298214285714286
187017,0.46607692307692306
187027,0.0
187047,0.194216
187073,0.4281789473684211
187126,0.10727096774193545
187137,0.5022055555555556
187187,0.014333333333333309
187200,0.429921052631579
187226,0.20156363636363633
187246,0.1845381818181817
187270,0.0039435897435897704
187279,0.0024000000000000132
187284,0.0
187376,0.0
187427,0.178221645021645
187431,0.38899999999999996
187459,0.36777999999999994
187473,0.4870678620689655
187501,0.34805858585858584
187528,0.17348181818181815
187541,0.3332263157894737
187570,0.30901632653061223
187581,0.08745714285714284
187626,0.0
187633,0.0
187634,0.49068888888888884
187674,0.3357796610169491
187697,0.0801978021978022
187764,0.1277166666666667
187770,0.19523076923076926
187780,0.33744
187792,0.2663975308641975
187853,0.0
187884,0.005014814814814861
187904,0.31149523809523805
187917,0.4586052313883299
187945,0.25706666666666667
187954,0.22973333333333332
188004,0.40385000000000004
188011,0.3337066666666667
188028,0.46359047619047616
188082,4.081632653063494e-05
188085,0.0
188099,0.009478571428571336
188147,0.14047500000000002
188190,0.08228885169065955
188193,0.4093636363636364
188233,0.228875
188250,0.33404999999999996
188266,0.08446852863792756
188281,0.0
188288,0.4757265306122449
188294,0.0
188312,0.3528422222222223
188314,0.2454528301886793
188317,0.0
188345,0.2364571428571428
188379,-0.02378974358974359
188406,0.3698
188431,0.1534091268100044
188454,0.20471014492753623
188491,0.48044444444444445
188521,0.19897419354838708
188536,0.22089454545454545
188559,0.0
188561,0.47465057471264366
188582,0.16725185185185187
188593,0.0
188622,0.4480368421052632
188650,0.434643137254902
188667,0.0
188716,0.15885217391304352
188734,0.4153777777777778
188791,0.06686666666666663
188857,0.3029454545454546
188868,0.0
188880,0.17513265957446808
188980,0.3785547298216959
188995,-0.007408510638297894
188999,0.0
189041,0.4421291666666667
189060,0.3209615384615385
189079,0.0
189106,0.37185714285714283
189119,0.021194620634283456
189125,0.08570068399452802
189136,0.3040285714285714
189141,0.0
189149,0.0
189154,0.34758181818181816
189193,0.293723076923077
189240,0.4543615384615385
189272,-0.13648125
189306,0.0
189329,0.36565
189335,0.1125066666666667
189339,-0.042939393939393916
189414,0.4057474632527265
189491,0.3149354838709677
189512,0.13473777777777776
189531,0.43957500000000005
189535,-0.06817948717948719
189540,-0.17274594594594594
189553,0.3785826086956522
189569,0.14213400000000004
189580,0.12660000000000005
189581,0.0
189587,0.0
189602,0.009299999999999975
189640,0.0
189648,0.29846071428571425
189675,0.18182916666666668
189693,0.006044444444444436
189782,0.2847170967741936
189870,0.22102019704433498
189874,0.12249811320754711
189875,0.5021
189899,0.012942857142857145
189902,0.014662295081967147
189938,0.18158125
189971,0.26293333333333335
189974,0.1213699040767386
190015,0.4678756756756757
190082,0.0
190088,0.44039484702093395
190167,0.1691863818424566
190206,0.0
190208,0.014473684210526305
190230,0.08399090909090909
190247,0.009223529411764742
190250,0.21775094339622647
190252,0.44303181818181814
190263,0.2745832380952381
190295,0.0
190384,0.46782857142857137
190411,0.08566666666666667
190438,0.0
190475,0.16772727272727275
190499,0.0
190513,0.32933333333333337
190527,0.0
190547,0.3169322115384616
190565,0.364197619047619
190590,0.0
190593,0.33476666666666666
190619,0.26457395604395606
190654,0.21314000000000005
190713,0.1728487922705314
190775,0.0
190790,-0.2321547619047619
190838,0.3783333333333333
190854,0.4016585365853659
190870,0.00628771929824562
190876,0.1464102564102564
190899,-0.030419047619047623
190904,0.0
190921,0.10026666666666673
190928,0.3649018181818182
190946,0.47624
190974,0.0
190992,-0.28915
191083,-0.038986206896551745
191089,0.3085370656370656
191136,0.4356867924528302
191166,0.2780714285714286
191233,0.28710833333333335
191245,-0.0403387570621469
191261,0.059156821705426355
191299,0.12137826086956521
191302,-0.18533521739130437
191376,0.27223
191387,0.0
191409,0.38893360351232686
191438,0.4206241666666667
191494,0.30329999999999996
191511,0.5058230769230769
191513,0.2292936170212766
191537,0.012220000000000009
191547,0.20303529411764706
191569,0.0
191573,0.0
191586,0.20982155939298797
191646,0.03570833333333334
191651,0.3346
191677,0.0
191679,0.28469787234042554
191742,0.3061474285714286
191748,0.42334999999999995
191789,0.3074406046689629
191814,0.2350357142857143
191817,0.08809615384615388
191841,0.0
191849,0.02805000000000002
191850,0.15511999999999998
191899,0.3432857142857143
191984,0.36165833333333336
192001,0.088915
192022,0.313
192063,0.0
192070,0.1463666666666667
192093,0.26404722002635045
192113,0.2525866666666666
192139,0.3674492907801418
192169,0.4037666666666667
192277,0.38685454545454545
192289,0.0
192322,0.0
192359,0.18205
192368,0.2884508973080758
192402,0.0
192415,0.19368181818181818
192442,0.0
192446,0.010302702702702726
192451,0.0
192503,0.36660375068946494
192568,0.34956
192632,0.15150909090909093
192689,0.11201142857142855
192697,0.06905641025641024
192706,0.16138999999999998
192759,-0.07216190476190482
192769,0.0
192775,0.2603607843137255
192780,0.0
192787,0.08899459459459463
192815,-0.3455729411764706
192820,0.0
192840,0.16808235294117646
192866,0.0
192868,0.38470256410256415
192881,0.16396666666666668
192890,-0.167514
192901,0.3294571428571429
192931,0.012240000000000029
192938,0.10226805555555554
192948,0.22861428571428571
192988,0.4942666666666667
193055,0.33192558139534883
193060,0.0
193087,0.2748044444444444
193157,0.0
193230,0.4831805555555556
193248,0.40553185328185326
193257,0.25763444444444444
193291,0.2778440476190476
193441,0.19708143039591314
193484,0.4496606060606061
193486,-0.000975862068965494
193515,0.012257894736842134
193524,0.477675
193603,0.15675862068965518
193620,0.2870943790849673
193624,0.16115428571428572
193690,0.28401818181818184
193694,0.35838888888888887
193772,0.011759999999999993
193789,0.3961146666666666
193826,0.17899221927497788
193832,0.157112585812357
193842,0.21356500000000006
193919,0.0
193923,0.0
193950,0.01217333333333337
193996,0.0
194046,0.31631666666666663
194057,0.22165714285714289
194118,0.4717047619047619
194141,0.35403809523809526
194167,0.026109999999999967
194230,0.5390545454545455
194285,0.40873611111111113
194297,0.10724623655913978
194304,0.3165075
194312,0.18855535714285712
194333,0.0
194346,0.39074
194355,0.0
194372,-0.06756666666666666
194390,-0.09932903225806455
194394,0.21803436249285305
194399,0.10833658536585361
194421,0.3800666666666667
194430,0.3528707692307692
194436,0.23711999999999994
194460,0.0
194462,0.46614018817204306
194495,0.0
194504,0.2224678321678321
194524,0.4431684995340167
194531,0.0368857142857143
194555,0.28785388235294124
194574,0.5250082256169213
194580,0.34540000000000004
194654,0.22641111111111117
194748,0.0
194751,0.24555555555555558
194801,-0.21978750000000002
194850,0.2746909090909091
194872,0.1507466666666667
194884,0.2519449275362319
194899,0.0
194902,0.0
194914,0.4343686274509804
194916,0.0
194942,0.19968947368421058
194954,0.3103889610389611
194956,0.0
195002,0.3134266666666667
195009,0.11979333333333336
195011,0.3021459459459459
195016,0.34868999999999994
195040,0.40342500000000003
195078,0.20598750000000002
195097,0.23589230769230768
195119,0.4236444444444444
195145,0.16031428571428574
195153,0.011765384615384566
195185,0.0
195246,0.0
195279,0.19572738231917336
195281,0.19890434782608693
195302,0.224239880952381
195320,0.42255
195455,0.28333333333333327
195473,0.3993428571428571
195479,0.011842857142857155
195515,0.2912893617021277
195588,0.489336
195599,0.36259538461538454
195607,0.0
195610,0.20958585858585854
195642,0.20213684210526314
195647,0.013606837606837674
195649,-0.26068888888888886
195653,0.1094666666666666
195678,0.11715000000000003
195690,0.08390508474576269
195708,0.10093414828594206
195710,0.3033600000000001
195721,0.04865555555555555
195742,0.01402800000000004
195781,0.0
195794,0.402152380952381
195796,0.2810909090909091
195909,0.29433333333333334
195931,0.29402
195943,0.10761944444444443
195963,0.29007032085561496
196022,0.0
196052,0.500746153846154
196058,0.12206546731022383
196063,0.44333884372177057
196068,0.354
196090,0.0
196097,0.0
196134,-0.05951130268199234
196195,0.05238074712643681
196255,0.3137666666666667
196294,0.011270588235294143
196298,0.07513538461538463
196307,0.0
196308,0.0
196322,0.2131215057915058
196360,-0.6349049411764706
196401,0.2024
196435,0.23388000000000003
196439,0.1539061224489796
196440,0.0
196470,0.0
196519,0.31228235294117646
196584,0.008369999999999989
196624,0.013450847457627035
196645,0.005884848484848437
196666,0.0
196687,0.5387041666666667
196690,0.32941851851851855
196716,0.2985868656716417
196726,0.0
196728,0.0
196731,0.32668888888888886
196776,0.0
196792,-0.11659999999999998
196809,0.14458000000000004
196815,0.38545769230769233
196824,0.42727702732240436
196878,0.42962727272727275
196879,0.004902325581395306
196882,0.10688974358974362
196883,0.07603043478260874
196894,-0.06622372881355931
196913,0.4238153846153846
196940,0.30407168458781364
196957,0.10327894736842103
196983,0.22188085106382982
196995,0.31128372093023254
197033,0.19535813953488368
197065,0.2483179487179487
197083,0.0
197087,0.37490370370370363
197169,0.0
197179,0.1803320634920635
197191,0.39393333333333336
197257,0.18303076923076927
197338,0.1490153846153846
197362,0.01285499999999995
197415,0.2801688888888889
197416,0.3685999999999999
197480,0.012251724137931075
197497,0.28259999999999996
197498,0.0
197507,0.21405306122448986
197530,-0.19622727272727275
197582,0.09936666666666666
197625,0.29201
197636,0.26005
197661,0.0
197664,0.2943287177792465
197667,0.3121333333333334
197679,0.26511428571428575
197693,0.0
197698,-0.2794
197704,0.09308000000000002
197718,0.33388888888888885
197727,0.3189827586206897
197771,0.0
197795,0.0
197797,0.3676304347826087
197815,0.014114285714285746
197817,0.4471428571428571
197846,0.0
197933,0.3474342857142857
197934,0.0
197938,0.0
197939,0.3068
197993,0.25981818181818184
198048,0.0
198115,-0.13518620689655175
198181,0.12349893048128346
198253,0.32993
198285,0.4772772727272727
198287,0.41629090909090904
198307,0.01206666666666667
198323,0.18014827586206894
198325,0.10008483351345787
198344,0.44348260869565215
198393,0.152171489136195
198399,0.06601571428571429
198407,0.41784800000000005
198461,0.06105116279069768
198472,0.14839090909090907
198503,0.33204772727272724
198526,0.5475119047619047
198532,0.232182
198573,0.45063333333333333
198597,0.0
198701,0.45767317073170727
198727,0.21795862068965516
198738,0.11309333333333332
198785,0.4062
198794,0.175501
198810,0.32044597701149424
198816,0.09514701986754967
198901,0.0
198926,0.0
198932,0.10510497866287338
198968,0.0
198971,0.0
198980,0.1680483870967742
198990,0.3687571428571429
199003,0.013188235294117612
199021,0.1766705882352941
199073,0.2056
199119,0.46647333333333335
199133,0.2944336363636364
199143,0.0027151515151515315
199152,0.2473310344827585
199216,0.21588333333333337
199218,0.14513213793103447
199230,0.32725958620689655
199249,0.40413171542553183
199274,0.22983846153846152
199285,0.21535000000000004
199302,0.08284545454545456
199307,0.43423636363636364
199348,0.15668181818181817
199373,0.06434600000000001
199384,0.2255771428571429
199397,0.2809857142857143
199436,0.29204347826086957
199451,0.387274358974359
199459,0.3451159420289855
199468,0.0
199482,0.20548275862068965
199485,0.4211571428571429
199558,0.281211884057971
199566,0.3969166666666667
199595,0.3698111111111111
199662,0.2853434782608696
199681,0.2830761363636364
199739,0.0930156880733945
199765,-0.47313000000000005
199824,0.0
199859,0.39833114241001566
199890,0.0
199892,0.24123478260869563
199893,0.0
199908,0.12320727272727272
199924,0.16454999999999997
199927,0.16125915492957743
199995,0.3463636363636363
200019,0.2471107692307692
200065,0.447244
200137,-0.11881290322580645
200160,0.0
200161,0.21293333333333334
200196,0.3613588235294118
200219,0.15345000000000003
200276,0.14135999999999999
200291,0.33546923076923074
200309,-0.18843038461538464
200312,0.45410232558139535
200407,0.32524897959183674
200411,0.22214358974358972
200425,0.0024595744680851184
200468,0.14920952380952374
200491,0.0
200514,0.3772121212121212
200552,0.0
200564,0.011766666666666592
200574,0.47563749999999994
200607,0.27882758620689657
200644,0.17889090909090907
200661,-0.14940000000000003
200693,0.42101333333333335
200719,0.3956449999999999
200760,0.2535
200876,0.2412285714285714
200902,0.4873015151515152
200908,0.0
200948,0.3851032258064516
200968,0.23710769230769232
200971,0.3664857142857143
200975,0.0
200984,0.0
201000,0.0
201048,0.2198454545454545
201061,0.4271922362869198
201085,0.19528235294117646
201088,0.0
201234,-0.13660000000000005
201235,0.39030000000000004
201291,0.4148175066312998
201300,0.05975999999999998
201312,0.15861666666666668
201332,-0.12236000000000002
201390,0.12586666666666665
201459,0.0
201535,0.01405882352941168
201569,0.37362500000000004
201635,0.0
201645,0.15886315789473687
201726,-0.09229523809523807
201751,0.0
201777,0.24015294117647062
201779,-0.33313499999999996
201826,-0.03654141414141415
201851,0.0
201865,0.4874933333333333
201924,0.33348000000000005
201928,0.0
201935,0.26740307692307685
201979,0.21670810810810803
201982,0.039259699699699696
202030,0.4772972972972973
202038,0.0
202057,0.20208571428571429
202143,0.0
202150,0.2959
202161,0.226487323943662
202238,0.16426735751295338
202242,0.25690909090909086
202316,0.06751320754716983
202342,0.16085959595959592
202350,0.24535909090909092
202359,0.029958552631578983
202367,0.003166666666666651
202373,0.4164254994124559
202390,0.16707398255813954
202392,0.0
202452,0.4892216783216783
202465,0.29092799999999996
202490,0.3475268817204301
202571,0.3127674418604651
202611,-0.179375
202632,0.22558503039513678
202709,0.0
202833,0.0
202858,0.30083333333333334
202883,0.09972044817927173
202917,0.0022510638297872365
202930,-0.16546111111111111
202947,0.0
202957,0.0
202979,-0.036753333333333305
203006,0.18309
203089,0.4048440677966102
203135,0.4392761904761905
203143,0.4084266666666666
203144,0.0
203146,0.028007547169811325
203147,0.012077551020408195
203167,0.43004117647058826
203178,0.36429999999999996
203213,0.48968951612903233
203233,0.0
203321,0.06944285714285714
203376,0.1868046511627907
203413,0.45037499999999997
203480,-0.2664
203503,0.0
203523,0.07082241379310346
203541,0.0
203600,0.20227692307692302
203644,0.0
203651,0.22120833333333334
203661,0.3883375
203665,0.011951219512195133
203682,0.0
203703,0.40494285714285716
203760,0.21999999999999997
203793,0.3640095238095238
203812,0.2980603174603174
203965,0.21470399999999998
204001,0.18169411764705884
204059,0.2877497584541063
204060,0.39217500000000005
204067,0.011519999999999975
204168,0.24860294117647058
204171,0.0
204176,-0.10028629441624365
204237,0.35615348837209304
204251,0.0721666666666666
204258,0.046586666666666665
204280,0.4080521739130435
204282,0.24929545454545457
204335,0.4639041666666667
204353,0.44613333333333327
204368,0.2987059696969697
204400,0.0
204406,-0.1032294117647059
204420,0.04647454100367193
204479,0.40401025641025634
204481,0.4517272727272727
204498,0.06967999999999999
204509,0.22754285714285716
204514,0.1898727272727273
204542,0.0
204549,0.3844338983050848
204569,0.24514523809523814
204587,0.2723957446808511
204604,0.11535000000000001
204618,-0.0955733333333334
204645,0.4538
204650,0.29899069092827
204660,0.3402235294117647
204718,0.0
204719,0.2221875
204726,0.25668
204762,0.0
204778,0.39323571428571436
204787,0.2088448275862069
204789,0.05360000000000001
204847,0.3673772893772894
204864,0.27163933554817277
204874,0.22792857142857142
204962,0.2776550724637681
205036,0.22132727272727265
205039,0.23626190476190478
205061,0.28545333333333334
205062,0.0
205065,0.3859680272108843
205174,0.2680584126984126
205204,0.32484444444444444
205243,0.11054999999999998
205271,0.25547
205274,0.03817000000000001
205311,0.30665384615384617
205342,-0.1510896551724138
205354,0.24943076923076923
205372,0.30234666666666665
205375,0.15099444444444443
205384,0.27450632911392414
205391,0.0
205428,0.49324489795918364
205437,0.0
205444,0.2826646464646465
205455,0.3009782178217822
205483,0.3724765156794425
205485,0.10294750402576491
205491,0.0
205496,-0.1677364247311829
205520,0.38352340425531917
205546,0.0
205572,0.005253571428571413
205575,0.4362825396825396
205590,0.2405232876712329
205593,0.1951666666666667
205615,0.22610149253731343
205629,0.08190649350649348
205662,0.25741205936920225
205667,0.2239837104072398
205682,0.1417469387755102
205704,0.2747051948051948
205727,0.38384803921568633
205779,0.0
205784,0.1302153846153846
205792,0.0
205824,0.2573142857142857
205834,0.28005625
205850,-0.1642529411764706
205852,0.0
205884,0.26034032634032633
205943,0.403174193548387
205959,0.013676000000000021
206029,0.38753411371237456
206035,0.0
206046,0.3180786885245902
206049,-0.07885714285714285
206128,0.35251600000000005
206144,0.34930927835051545
206173,0.4103615384615385
206242,0.0
206246,0.0
206286,0.2100857142857143
206365,0.07682380952380953
206375,0.20821395348837207
206393,0.40709407665505226
206395,0.0536318181818182
206447,0.3743952380952381
206481,0.4799292307692307
206488,0.3223176470588235
206562,0.0
206586,0.40607875
206591,0.14523999999999998
206597,0.3929555555555556
206644,0.12123
206660,0.0
206685,0.0
206743,0.1829
206764,0.0
206814,0.4631765161290323
206882,0.43288837209302333
206918,0.26903141945773523
206921,0.12041276595744682
206954,0.19069047301798803
206964,0.32608000000000004
206969,0.18391428571428575
207006,0.0
207060,0.0
207099,0.0
207102,0.3880800000000001
207146,0.04591679144385025
207153,0.20406598465473147
207180,0.2703225806451613
207220,0.0
207233,0.34662000000000004
207255,0.2550619047619047
207267,0.0
207357,0.0023793650793650922
207422,-0.09575
207430,0.14517614035087723
207457,0.014000000000000012
207461,0.0
207476,0.0
207541,0.07105762711864405
207549,0.14903977591036413
207616,0.21593103448275863
207619,0.0
207641,-0.24247416267942587
207739,0.34057619047619053
207745,0.35488749999999997
207809,0.23638800000000001
207835,0.1764671679197995
207838,0.20406315789473684
207839,0.09858095238095238
207845,0.15591538461538462
207860,0.23518799999999995
207880,0.0
207881,-0.10938787878787876
207918,0.0
207953,0.0
207962,0.36152876712328763
207994,-0.28954117647058825
208010,0.20626666666666668
208026,0.0
208091,0.012744444444444447
208093,0.27720666666666666
208151,0.0
208283,0.4633333333333334
208320,0.03630303030303028
208343,0.27251999999999993
208377,0.2963828571428571
208393,0.2517331428571428
208406,0.057310447761194025
208420,0.0
208499,0.1055055837563452
208508,0.01256999999999997
208534,0.22431747747747743
208539,0.307
208545,0.4092
208560,0.0
208572,0.4905683501683502
208618,0.3024555555555556
208630,0.18185714285714286
208690,0.4881469387755102
208705,-0.028205835543766544
208719,0.004939285714285702
208726,0.2688888111888112
208729,0.28582
208730,0.32929411764705885
208740,0.3165740740740741
208789,0.34134444444444445
208796,0.28400688729874773
208832,0.0
208843,0.0
208870,0.36437142857142857
208909,0.3776636363636363
209004,0.34972413793103446
209033,-0.03294603174603178
209053,0.4444738461538461
209059,0.36358756572842565
209091,0.0
209107,0.3364591549295775
209109,0.37481538461538466
209137,0.25808666666666663
209149,0.3295
209159,0.0
209189,0.014307692307692355
209202,-0.15308888888888894
209260,0.0
209274,0.11815366795366797
209297,-0.0717947368421053
209368,0.011417777777777777
209418,0.0
209441,0.26203318181818175
209455,0.0
209496,0.0
209541,0.0
209572,0.118532
209605,0.01176363636363631
209690,0.4478836581709146
209697,0.1055044776119403
209757,0.0
209762,0.09997841897233206
209851,0.2558315789473684
209852,0.0
209865,-0.11284642857142857
209873,0.22414900731452453
209991,0.2427538461538462
210015,0.0
210086,0.3341157335907336
210158,0.42820645161290327
210187,0.36087692307692304
210202,0.46949473684210524
210227,0.014115151515151525
210283,0.44509166666666666
210413,0.0
210431,0.0
210459,0.1471857142857143
210501,0.04894576271186446
210512,0.25099999999999995
210516,0.007010606060606106
210568,0.1512708845208845
210582,0.1123769230769231
210614,0.15173258426966293
210620,0.0
210623,0.3777256936736959
210626,0.4666363636363636
210665,0.011457142857142832
210671,0.4051441176470588
210673,0.32209046287666976
210726,0.012008000000000019
210732,0.0
210749,0.10708620689655171
210817,0.1254186046511628
210824,0.0
210846,0.14645714285714287
210851,0.3880296296296296
210855,0.15671111111111113
210915,0.03543333333333337
210919,0.0
210940,0.23739696969696972
210995,0.06018000000000001
211010,0.4061288888888889
211034,0.18637142857142858
211115,0.3699538461538462
211126,0.37741142857142856
211143,0.2758894736842105
211154,-0.012485576923076891
211159,0.01287741935483866
211183,0.06262085402184708
211189,0.24106666666666665
211205,0.3568458333333333
211225,0.0
211307,0.2822222222222222
211336,0.39175000000000004
211337,0.0
211397,0.44577777777777783
211427,0.0
211429,0.2805333333333333
211434,0.0
211435,0.0
211444,0.31481754563894526
211486,0.0
211548,0.37737499999999996
211569,0.43243
211601,0.485086
211606,0.48186318732525624
211718,0.42957424657534243
211753,0.3358328277356446
211756,0.011553846153846137
211779,0.0
211803,0.32747111111111105
211810,0.3959625
211831,0.012681081081081125
211858,0.31204615384615386
211859,0.5078569401330376
211925,0.308962962962963
211945,0.39159999999999995
212007,0.008288888888888901
212035,0.0
212038,0.0
212058,0.00907142857142862
212064,0.343
212136,0.0
212161,0.0446
212163,0.18157999999999996
212180,0.4958285714285714
212208,0.0
212251,0.050552941176470634
212255,0.28558947368421056
212267,0.3622642857142857
212312,0.007152941176470584
212315,0.015341538461538462
212356,0.37771703703703696
212365,0.4143582317073171
212399,0.0
212425,0.12455384615384613
212430,0.0
212436,0.0
212527,0.37216249999999995
212528,0.0
212530,0.4573603826488537
212556,-0.014038461538461555
212578,0.004597014925373122
212603,0.0
212643,0.0
212832,0.0
212844,0.08709508196721312
212974,0.0
212978,0.3050844444444444
213167,0.2985513513513513
213191,0.013936363636363636
213211,0.00518823529411766
213279,0.22152467532467532
213329,0.012286206896551688
213352,0.0
213358,0.24128888888888889
213383,0.3010516129032258
213390,0.0
213437,0.3235573770491803
213513,0.4433666666666667
213516,0.31793454545454547
213531,0.4063
213562,0.2501567567567568
213579,-0.23234811547714518
213586,0.0
213608,0.15999786476868327
213738,0.49854
213772,0.19637500000000008
213824,0.1556
213862,0.4116047619047619
213898,-0.22869583333333332
213983,0.17869375
214019,0.0
214025,0.12966896551724139
214027,0.07669999999999999
214115,0.0
214127,0.10148615384615378
214138,-0.29271489741302403
214162,0.14197229641267348
214300,0.4258683333333334
214313,0.29496734693877547
214336,0.3856711864406779
214374,0.032348275862068954
214410,0.2902269230769231
214414,0.0
214489,0.2943360448807854
214670,0.28415999999999997
214679,0.0
214680,0.274625
214701,0.2867652173913043
214714,0.2731407407407408
214741,0.20332777777777777
214744,0.3554421052631579
214755,0.354525
214776,0.3356
214841,0.0
214857,0.1551954233409611
214870,0.011429629629629567
214924,0.18340227272727277
214947,0.3713333333333333
214953,0.3333541666666666
214967,0.5335368421052632
215042,0.23870627659574473
215066,0.3937066666666667
215081,0.31193125000000005
215106,0.3510214285714286
215148,0.0
215187,0.0
215261,0.14422178217821782
215272,0.24268840342997144
215273,0.012918367346938742
215302,0.3376871224165342
215315,0.24214594594594593
215325,0.34962
215338,0.0
215357,0.1775772727272727
215368,0.013890909090909065
215407,-0.2787263157894737
215497,0.01276250000000001
215528,0.3384857142857143
215561,0.3328064516129033
215625,0.08318931297709924
215646,0.41915555555555556
215659,0.28952
215682,0.3328719101123595
215724,0.15193333333333334
215813,0.31674
215820,0.20661612604263202
215829,0.22177488372093024
215873,0.3939999999999999
215992,0.18843307692307698
216000,0.3955574468085107
216023,0.05030000000000001
216030,0.38504999999999995
216047,0.40107000000000004
216066,0.38483225806451615
216077,0.44048235294117644
216291,0.0
216302,0.24721463414634143
216351,0.012216666666666653
216379,0.0
216392,0.3335
216446,0.02231941176470592
216543,0.3411789473684211
216548,0.44864312500000003
216549,0.1144
216553,0.062308695652173895
216630,-0.2602845588235294
216651,0.06716192609182531
216674,0.28538571428571424
216726,0.13984761904761905
216782,0.3354711764705882
216783,0.010046153846153927
216804,0.0
216877,-0.07235714285714284
216884,0.0
216890,0.25160000000000005
217001,0.49722978723404254
217027,0.0
217083,0.4542833333333333
217086,0.0
217122,0.3866476190476191
217135,0.39199130434782603
217144,0.33575675675675676
217187,0.3912
217191,0.09685333333333335
217195,0.09012198581560285
217206,0.22912980769230773
217239,0.0
217262,0.0
217271,0.002516666666666667
217324,0.15112000000000003
217333,0.06112631578947367
217336,0.2169891891891892
217341,0.0986989792465599
217354,0.3830714285714285
217410,0.2559814814814815
217452,-0.09091212121212122
217488,0.0
217495,0.28311111111111104
217496,0.21317241379310348
217542,0.0
217620,0.0
217643,0.3712109078114004
217676,0.2228
217713,0.01387906976744191
217741,0.05870588235294116
217758,-0.22341590909090914
217768,0.38821333333333335
217772,0.19065000000000004
217785,-0.27384444444444445
217827,0.3150690265486726
217832,0.18874117647058825
217835,0.44142499999999996
217844,0.01268888888888886
217851,0.27905
217872,0.3892791666666666
217876,0.0
217906,0.2137694076038904
217949,0.32431515151515156
217972,0.0
218024,0.0037499999999999756
218046,0.0
218079,0.08002932301740812
218153,0.34098333333333336
218198,0.3341228070175438
218208,0.3489365853658537
218269,0.2309269841269841
218281,0.2879057142857143
218335,0.0
218380,0.0
218386,0.4319636363636363
218478,0.1610666666666667
218519,0.2326333333333333
218601,0.0
218602,0.24878610421836228
218644,0.28347592592592585
218645,0.3818666666666667
218719,-0.48971087719298245
218737,0.19478378378378375
218778,0.49628888888888884
218803,0.0
218832,0.4351201754385965
218863,0.258395652173913
218868,0.14792574525745256
218889,0.41236
218900,0.0
218965,0.38316666666666666
218989,0.4482833333333333
219035,0.1459888357256779
219039,0.035487460815047014
219048,0.31264999999999993
219073,0.008079999999999976
219111,0.08965784924249465
219159,0.4504849999999999
219196,0.17565000000000003
219229,0.4879238095238095
219252,0.04501999999999995
219288,0.34769014084507044
219301,-0.000411206328279512
219307,0.40526666666666666
219318,0.2919058823529411
219324,0.42542727272727276
219364,0.09127272727272726
219366,0.1645445141065831
219391,0.0
219408,0.4272814814814815
219421,0.07312000000000002
219473,0.28250526315789476
219475,0.01233777777777778
219484,0.17388358620689653
219519,0.0
219523,0.0
219572,0.00584800000000002
219635,0.07799259259259261
219638,0.22668333333333335
219654,0.27818513368983955
219674,-0.2607133333333334
219675,0.011949999999999905
219766,0.24546341463414634
219804,0.5168313131313131
219861,0.16946153846153847
219865,0.26231600000000005
219902,0.0
220077,0.13193
220090,0.46371111111111113
220096,0.10593999999999992
220100,0.0
220125,0.4985061224489795
220147,0.19964827586206896
220148,0.226075
220155,-0.022154285714285793
220356,0.17668235294117646
220409,0.08350000000000002
220470,0.23790000000000006
220500,0.07390573248407643
220507,0.5049150896722325
220511,0.0
220520,0.0
220541,-0.00019999999999997797
220547,0.0029166666666666508
220569,0.15748499999999999
220579,0.49948032407407406
220598,0.012007407407407356
220604,0.3809
220657,0.16754999999999998
220688,0.0
220778,0.0
220808,0.455
220827,0.0
220847,0.5086666666666666
220967,0.24092542372881356
220977,0.196580350877193
220990,0.3851442592592593
221057,0.0
221062,0.033615000000000006
221096,0.31594518518518516
221116,0.011849122807017443
221119,0.09921904761904765
221124,0.326526862745098
221134,0.37673846153846147
221150,0.3419586206896552
221299,0.42965454545454546
221301,0.1926857142857143
221348,0.08222303030303024
221372,0.0
221379,0.3186714285714286
221383,-0.07071890756302524
221400,0.0
221461,0.3768367346938776
221561,0.3542857142857143
221575,0.0
221578,0.01207999999999998
221599,0.10234430379746835
221663,0.4550717948717949
221687,-0.18160416666666668
221702,0.0
221704,0.0
221708,0.0
221712,0.47439962962962967
221721,-0.11473333333333333
221794,0.0
221885,0.0
221886,0.0
221917,0.0
221921,0.35142105263157897
221922,0.14472000000000002
221928,0.488904
221948,0.4964621794871795
221967,0.012536842105263069
221979,0.0
222008,0.1382875
222011,-0.12008401628222526
222013,0.0
222030,0.06648301886792451
222048,0.3437653846153846
222062,0.3101714285714286
222073,0.42306875000000005
222121,0.0
222122,0.2911189189189189
222128,0.4329793103448276
222153,0.22905384890798428
222200,0.4405702127659574
222201,0.0
222216,0.030596551724137916
222274,0.4103933333333333
222322,0.0
222329,0.16882549889135257
222337,-0.01631503175723359
222339,0.28321290322580644
222355,0.10948888888888886
222376,0.3473909090909091
222418,0.0
222450,0.0
222481,0.01342962962962968
222562,0.44061428571428574
222615,0.011628000000000083
222618,0.3453866666666666
222654,0.42336756756756755
222682,0.5266363945578232
222709,0.27782666666666667
222712,0.30189230769230774
222730,0.3363806451612904
222749,0.3636140413399857
222756,0.3522444444444444
222790,0.0
222844,0.47715395348837203
222886,0.40574666666666664
222892,0.21908382978723406
222921,0.44743255813953486
222941,0.006233333333333313
222942,0.31653703703703706
222953,0.33139075850043587
222965,0.4071115915915916
222982,0.26997692307692306
223032,-0.09259847328244275
223063,0.07000769230769233
223079,0.017155747995418094
223084,0.35311818181818183
223085,0.41285119047619045
223093,0.41939000000000004
223094,0.37928323529411767
223117,0.3385142857142857
223142,0.2455571428571428
223302,0.10578307692307692
223318,0.1296628844114528
223336,0.266375919117647
223340,0.48372000000000004
223455,0.0
223478,0.0
223566,0.49877380952380945
223639,0.3651333333333333
223671,0.22363419135502674
223704,0.19424999999999998
223748,0.06572500000000003
223780,0.0
223801,0.2472521739130435
223805,0.20596750000000003
223826,0.0
223852,0.15708
223858,0.0
223859,0.30268125
223901,0.013050000000000006
223917,-0.013939130434782607
223920,0.16880506212609292
223975,0.06814999999999999
223989,0.2573666666666667
223993,0.0
223995,0.006562790697674403
224012,0.01553541666666669
224020,0.19636923076923077
224022,0.3526285714285714
224034,0.3619479420289855
224038,0.1980154882154882
224076,0.4998604651162791
224081,0.0
224163,0.2069333333333333
224189,0.07595200000000002
224206,0.12036065573770492
224224,0.01225161290322585
224245,0.34519649122807017
224250,0.3155278019404483
224272,0.0
224319,0.12786153846153842
224340,-0.15774285714285713
224371,0.3748375
224413,0.11805555555555558
224418,-0.04317647058823526
224490,0.4081821339950372
224492,0.46814814814814815
224510,0.19918928571428574
224542,0.0
224561,0.4909784615384616
224581,0.30632000000000004
224583,0.2023571428571428
224586,0.2925780193236715
224596,0.1491428571428572
224653,0.19042499999999996
224675,0.16648235294117647
224686,0.0
224746,0.3219175100401606
224769,0.44350578754578757
224772,0.3960181818181818
224817,0.37691475409836067
224870,0.0
224928,0.4064428571428571
224945,0.44284705882352937
225004,0.31041052631578947
225063,0.0
225065,0.0
225066,0.0
225136,0.0
225174,0.16131351351351353
225259,0.4162206959706959
225264,0.238
225285,0.0
225338,-0.3862
225368,0.04553750000000001
225370,0.11360702614379085
225390,0.0
225437,-0.15241694915254234
225450,0.0
225479,0.0
225584,0.0
225590,0.0
225636,0.2592434782608696
225666,0.0
225722,0.28869696969696973
225740,-0.34318407294832826
225760,0.0
225764,-0.04377826086956521
225775,0.32462857142857143
225783,-0.06185714285714283
225814,0.1464140350877193
225823,0.3171444918265814
225842,0.0
225877,0.4323034482758621
225886,0.25630769230769235
225904,0.0
225926,0.0
225944,0.0
226048,0.34782142857142856
226050,0.0
226064,0.0
226072,0.22718333333333332
226087,0.18807999999999997
226088,0.31083333333333335
226112,0.18676904761904767
226131,0.2579818181818182
226144,0.26614716981132075
226168,-0.7375696756756758
226190,0.36944347826086965
226228,0.009624999999999995
226270,0.37059999999999993
226284,0.27638769230769233
226295,0.2722307692307692
226305,0.39746666666666663
226315,0.22232402791625122
226321,0.4266333333333333
226356,0.28608000000000006
226367,0.02852093023255814
226419,0.05305833333333332
226454,0.0989424972445284
226468,0.002692307692307716
226528,0.0
226531,0.26500392156862745
226548,0.0024026315789473784
226567,0.09365987096774192
226588,0.3453032258064517
226609,0.1857127272727273
226683,0.2661682162162162
226686,0.22077931034482762
226733,0.32065
226830,0.0
226861,0.0
226872,0.3513333333333334
226886,0.19774799999999998
226887,0.20587871794871798
226898,-0.05989500000000003
226973,0.36768029268292685
226985,0.0
226998,0.3258415476190476
227026,0.18599477351916377
227034,0.0009750000000000592
227084,0.1376387096774193
227107,0.3639809523809524
227197,0.10180909090909096
227227,0.003314285714285714
227246,0.2203066666666667
227257,0.0
227259,0.0
227292,0.33095603715170274
227296,0.4985777777777778
227311,0.0
227324,0.22721528013582337
227344,0.15513191489361702
227360,0.414416
227454,0.23721818181818188
227467,0.28131870967741934
227482,0.33005806451612907
227490,0.3979869565217391
227495,0.0
227576,0.528104347826087
227588,0.288930938226932
227634,0.0
227656,0.2025397802197802
227696,0.24178222222222223
227714,0.22484000000000004
227751,0.45075865229110507
227761,0.42311433566433565
227763,0.17588076923076926
227840,0.17010131578947363
227886,0.33986666666666665
227893,0.17813658536585364
227904,0.22354054054054057
227923,-0.24668620689655174
227967,0.0
227990,0.0
228003,0.25897591036414563
228018,0.0
228041,0.0
228058,0.3934565217391304
228070,0.007926530612244909
228116,0.39322
228210,0.2665918243096325
228212,0.26199090909090905
228487,0.1627698015873016
228497,0.12133590643274855
228520,0.293723076923077
228525,0.0
228532,0.2199111111111111
228544,0.41003030303030297
228569,0.3462763636363636
228639,0.15772142857142857
228702,0.05697142857142856
228791,0.0
228814,0.23675000000000002
228853,0.11666842105263162
228862,0.0
228891,0.3658634146341464
228949,0.0
228954,0.0
228959,0.4224285714285715
228970,0.01362399999999997
229000,0.0
229034,0.0
229040,-0.2850285714285714
229101,0.3270492307692308
229122,0.4415
229160,0.49179999999999996
229169,0.23816386025200456
229192,0.06046666666666661
229199,0.2553021276595745
229235,-0.014353191489361705
229238,-0.06812727272727276
229292,0.014092307692307626
229321,0.09716666666666668
229322,0.34175999999999995
229330,0.23342352941176464
229339,0.04995470494417864
229403,0.26576999999999995
229478,0.0
229487,-0.025991999999999904
229505,0.3273885714285715
229553,0.2530307692307693
229573,-0.12158777777777785
229580,0.0129999999999999
229590,0.3894559523809523
229598,0.14034257799671593
229609,0.48223111111111105
229614,-0.17760223285486443
229631,0.0
229781,0.312804347826087
229793,0.0
229901,0.4165238095238095
229908,0.0
229926,0.2907714285714286
229988,0.0
229990,0.44308571428571425
230079,0.24574782608695656
230094,0.0
230098,0.07169517102615694
230211,0.0
230217,0.32553333333333334
230245,0.2893923076923077
230372,0.3834293897882939
230482,0.0
230534,0.11837543859649124
230559,0.40413
230572,0.010570370370370341
230592,0.40362
230617,0.0
230627,0.24417894736842108
230654,0.4018323076923076
230692,0.5074216216216216
230784,0.04155000000000003
230865,0.0
230878,0.0
230902,0.012266666666666648
230911,-0.011602272727272711
230985,0.0
230992,0.31853333333333333
230998,0.3958571428571429
231019,0.07993333333333333
231027,0.21549176470588235
231043,0.0
231044,0.25271266666666664
231048,0.20653333333333335
231082,0.23802138364779873
231139,0.0
231165,0.04846666666666666
231176,0.46178336842105266
231186,0.0
231214,0.4186080000000001
231230,0.009497500000000048
231268,0.0669353936718175
231282,0.05927211538461541
231296,0.0
231331,0.36513333333333337
231364,0.19189130434782609
231453,0.0767331031837361
231462,-0.010352941176470565
231486,0.17499837962962972
231499,0.43862999999999996
231559,0.32915925925925926
231587,0.0
231668,0.3521833333333333
231705,-0.3621935926773456
231733,0.08075999999999994
231738,0.10513263157894737
231801,0.1634
231812,0.2646545454545455
231820,0.0
231867,0.5007606889564337
231877,0.0
231921,0.3542530701754386
231983,0.0
232002,0.2505583333333333
232025,0.21475769230769226
232031,0.14552727272727267
232038,0.34051515151515155
232039,0.00829677419354835
232054,0.21845789473684207
232059,0.007533333333333392
232093,0.13588932038834955
232138,0.0
232245,0.2214875
232251,0.0
232253,0.05454999999999999
232270,0.1541722222222222
232303,0.24706818181818185
232391,0.15664615384615385
232398,0.03807727272727268
232412,0.0
232438,0.16043000000000002
232485,0.0
232515,0.09920000000000001
232574,-0.0470284048754637
232734,0.0
232785,0.299472972972973
232786,0.18581090909090914
232790,0.0
232823,0.4879063829787234
232840,0.0
232881,0.21003232323232324
232903,0.0
232959,0.3197050789293068
232965,0.0
232969,0.05917142857142854
232988,0.0
233027,0.31030769230769234
233078,0.3022366666666666
233206,0.0
233223,0.0855
233228,0.0
233242,0.2578256756756756
233248,0.3390533333333333
233262,0.37639999999999996
233264,0.16001904761904762
233274,0.18633454545454542
233340,0.18298064516129037
233557,0.28263619047619043
233574,0.18197073170731706
233588,0.0
233612,0.0
233678,0.11446666666666666
233728,0.36073684210526313
233740,0.0
233741,0.02822553191489363
233742,0.45707368421052635
233796,0.01304800000000006
233840,0.11104761904761906
233876,0.0
233891,0.13144736842105265
233899,-0.024409625375991284
233901,0.23173323863636364
233986,0.2041037037037037
233991,0.27665762711864406
234136,0.08144000000000007
234182,0.41325754385964913
234196,0.4167307692307692
234224,0.260248
234251,0.19617647058823534
234296,0.46650967741935484
234391,0.24223537499999998
234492,-0.001638095238095244
234523,0.1878522167487685
234600,0.07859500000000003
234608,0.3981789473684211
234629,0.17469230769230765
234673,0.014896969696969742
234679,-0.003414285714285703
234709,0.2948655172413793
234721,0.014688721804511279
234736,0.08364242424242424
234850,0.48951999999999996
234893,0.38192941176470585
234907,0.2671609756097561
234911,0.2988333333333334
234924,0.18336363636363637
234950,-0.0582869743589744
234967,0.0
234975,0.03576774193548393
234990,0.04027162790697672
235023,0.42935333333333325
235032,0.0
235086,0.00609565217391303
235111,0.3755939393939394
235117,0.24806339410939687
235124,0.30114545454545455
235127,0.0
235147,0.35543552238805964
235153,0.38404039408866997
235193,0.25128333333333336
235259,0.1980434782608696
235291,0.0
235301,0.31255692307692307
235308,0.37410000000000004
235319,0.06502857142857146
235330,0.004733333333333312
235340,0.0
235348,0.08176
235364,0.49229999999999996
235379,0.2816666666666667
235383,0.0
235386,0.006793548387096782
235432,0.3368985164835165
235456,0.34685454545454547
235523,0.3113058823529412
235544,0.0
235551,0.4082842105263158
235567,0.2509477272727273
235594,0.0
235610,0.32329790484504584
235614,0.0
235624,0.0
235632,0.48073571428571427
235672,0.2018761904761905
235688,0.0
235700,0.009643243243243282
235732,0.16703030303030303
235806,0.15868199643493752
235828,0.3058230769230769
235901,0.34555
235946,0.18108663101604278
235947,0.0
235949,0.19536571428571425
235973,0.3723417721518988
236051,0.39461578947368425
236077,0.0
236085,0.0
236098,0.21012765957446808
236103,0.3298041666666666
236107,0.0
236131,0.13445666666666667
236217,0.21400952380952382
236279,0.17859523809523814
236307,0.42687600000000003
236316,0.3231476923076923
236388,0.11424137931034481
236403,0.026977252747252753
236428,0.19717777777777773
236440,0.32125625
236447,0.1547342857142857
236477,0.0
236483,0.09995568700478329
236496,0.2980764705882353
236504,0.011273333333333357
236530,0.18949830508474574
236539,0.5130888888888889
236580,0.0
236619,0.0
236693,0.23184736842105264
236737,0.34103529411764705
236758,0.188878125
236801,0.3768533333333333
236802,0.1727555555555556
236812,0.3074285714285714
236825,0.0
236865,0.24336551724137934
236877,0.11653333333333338
236929,0.15884920634920635
236932,0.18200000000000002
236952,0.0
236968,0.47949700000000006
237047,0.11059250000000004
237064,0.03439508636092914
237079,0.0
237136,-0.28426615384615384
237165,0.3784
237295,0.4470222222222222
237299,0.36906984126984127
237300,0.0
237303,0.37328888888888895
237327,0.48711764705882354
237376,-0.05828888888888889
237430,0.2746923174603174
237609,0.0
237618,0.40801
237621,0.2899447826086956
237802,0.10679310344827586
237812,0.18235217391304354
237863,0.0
237887,0.1778782608695652
237906,0.2233076923076923
237949,0.18324482758620686
237964,-0.47824
237973,0.050982499999999986
237985,0.24622222222222223
238091,0.02726022727272731
238111,0.39765624999999993
238154,0.27685714285714286
238163,0.0
238166,0.15454
238170,0.3224380952380953
238186,0.3352607142857143
238192,0.12178433734939759
238197,-0.34856
238214,0.3452866666666667
238227,0.2569410526315789
238238,0.20184705882352943
238251,0.0
238260,0.2137647058823529
238265,0.15896
238274,0.0
238276,0.2645044189852701
238341,0.1982222222222222
238343,0.045540740740740736
238499,-0.1890666666666666
238509,0.014144444444444515
238593,0.35051999999999994
238597,0.03555348837209299
238629,0.09188000000000002
238656,0.0
238690,0.0
238696,0.23072523076923077
238720,0.45643468834688344
238766,0.1076523489932886
238804,0.01193703703703708
238839,0.2148111111111111
238866,0.0
238885,0.0
238907,0.16785555555555556
238911,0.48483456221198157
238923,0.0122000000000001
238974,0.381559375
238976,0.3158766666666667
239016,0.0
239018,0.0
239037,0.08000000000000002
239042,0.1680186046511628
239057,0.0
239068,-0.07649361702127655
239077,0.31071724137931034
239090,0.5270416666666666
239112,0.22581538461538464
239148,0.5245881106229
239158,0.376404
239185,0.36082000000000003
239262,0.3521138888888889
239293,0.0
239300,0.008133333333333326
239365,0.10700000000000004
239396,0.21848749999999997
239404,0.45515294117647054
239417,0.31750909090909096
239529,0.0
239548,0.25315787878787877
239570,0.4861714285714286
239637,0.239545
239640,0.0
239683,0.13370588235294117
239713,0.10337215189873417
239718,0.24122285714285713
239742,0.001495604395604394
239755,0.3034545454545455
239776,0.23701071428571427
239778,0.0
239803,0.40745909090909094
239845,0.00782608695652176
239904,0.37764999999999993
239906,0.0
239961,0.0
239963,0.4103210526315789
239969,0.0
239994,0.0
240014,0.012657627118644044
240016,0.18613214285714286
240051,0.3585591111111111
240083,0.2933310344827586
240098,0.0031380952380952176
240118,0.3820216216216216
240133,0.18098144796380092
240138,-0.32065599999999994
240170,0.42216984126984136
240219,0.0
240237,0.3659137254901961
240241,0.21511052631578947
240244,0.35225999999999996
240272,0.1245809523809524
240313,0.0
240318,0.0
240363,0.30200307692307693
240390,0.18628571428571428
240413,0.20589338235294125
240493,0.2568400641025641
240494,0.16222812500000006
240498,0.30614545454545455
240573,0.16415416666666668
240584,0.2602
240598,0.29168474576271186
240646,0.27306197183098585
240689,0.11078285714285716
240702,0.0
240713,0.27186
240724,0.15244000000000002
240747,0.4248827586206897
240754,0.34925387205387204
240808,0.0
240818,0.17702688960146584
240858,0.12810374999999996
240868,0.007931649831649817
240935,0.36192
240943,-0.22769090909090908
241092,0.2650411764705882
241113,0.31698304597701155
241140,0.04399047619047619
241159,0.42716455026455025
241192,0.28982222222222226
241200,0.1524130801687764
241225,0.2168
241271,0.3525787234042553
241273,0.18947272727272735
241350,0.25180961538461544
241351,0.3971301818181818
241362,0.0
241391,0.17059999999999997
241425,0.0
241433,0.36665581395348834
241547,0.2828125
241569,0.008566666666666722
241577,-0.19520000000000004
241631,0.3447091684434968
241684,0.0495703078450844
241746,-0.02763333333333333
241750,0.39242153846153843
241759,0.2761659574468085
241772,0.0
241773,0.46721904761904764
241778,0.15223636363636361
241828,0.26172307692307695
241887,0.0
241947,0.39033791208791213
241987,0.5216666666666666
241995,0.0
242029,0.35484166666666667
242056,0.17283673469387756
242136,0.48150666666666664
242149,0.00979999999999992
242171,0.303261038961039
242184,0.21183846153846153
242189,0.3906175011076651
242224,-0.03531428571428574
242265,0.19249999999999998
242282,0.26791162790697676
242289,0.46334285714285706
242295,0.2974794117647059
242309,0.4620877192982456
242313,0.13194000000000003
242397,0.12832499999999997
242425,0.25692339181286544
242428,0.15463
242433,0.3085923076923077
242439,0.18092564102564102
242474,0.44641066666666673
242482,0.006237499999999951
242494,0.19219999999999998
242501,-0.05561548821548823
242578,0.26543636363636364
242583,0.3301166666666667
242610,-0.26953333333333335
242616,0.0
242648,0.39878139534883716
242654,0.25551764705882357
242674,0.19795249999999998
242689,0.4628857142857143
242693,0.3730415584415585
242707,0.33305833333333335
242731,0.19618888888888897
242742,0.3381037037037037
242862,0.25226086956521737
242864,0.30827
242916,0.46609787234042555
242935,0.01241111111111104
242967,0.08347854545454547
243031,0.0
243034,0.1635655172413793
243064,0.2989610047095762
243085,0.32626875
243095,0.19518882681564245
243143,0.10350000000000004
243144,0.08460000000000001
243169,0.0
243276,0.0
243278,0.22044999999999998
243310,0.21064545454545455
243371,-0.156627927927928
243372,0.1560521103356597
243425,0.35634230287859825
243429,0.17136338672768875
243463,0.3978571428571429
243523,0.2734984615384616
243542,0.0
243568,0.22972608695652175
243665,0.2998142857142857
243671,0.1300846153846154
243679,0.4358527777777778
243682,0.18177950310559
243700,0.1797288888888889
243709,0.3330324324324324
243710,0.0
243712,0.44579831932773106
243749,0.2573044776119403
243817,0.43705957446808513
243825,0.22698333333333331
243845,0.3517485714285714
243861,0.1336024105461393
243916,0.3845254237288136
243938,0.2108833333333333
243962,0.1933117216117216
243985,0.21008
244016,0.301088
244064,0.013116129032258006
244074,0.3090368421052631
244100,0.0
244115,0.0
244169,0.37657142857142856
244173,0.3456387096774194
244205,0.38156875
244225,0.29013253968253966
244227,0.012149999999999994
244261,0.19072857142857141
244272,0.0
244335,0.3303187561374795
244360,0.0
244363,0.0
244401,0.18433
244488,0.3840857142857143
244528,0.0
244556,0.0
244561,0.2004304761904762
244568,0.34527012987012995
244598,0.10624
244654,0.2171333333333333
244658,0.0
244668,0.3081627118644068
244704,0.0
244719,0.33308695652173914
244742,0.0
244746,0.30568275862068967
244787,0.07003921568627453
244799,0.027194117647058813
244826,-0.07523684210526316
244853,0.0
244862,0.0
244875,0.4237333333333333
244912,0.4375833333333333
244928,0.0030242424242424015
244993,0.05365833333333336
245005,0.0
245011,0.0
245025,0.0
245067,0.3645116279069767
245093,0.16010251716247137
245122,0.2798409638554217
245160,0.42215102040816327
245209,0.32212857142857143
245211,0.0
245286,0.06879024390243904
245296,0.47919
245306,0.018253333333333344
245349,0.0
245370,0.17733571428571426
245387,0.17782539184952978
245484,0.40362857142857145
245525,-0.14454999999999998
245529,0.00634509803921568
245584,0.3380133333333334
245590,0.0494
245735,0.34415624999999994
245745,-0.06497083333333331
245759,0.3471555555555555
245763,0.41922608695652175
245799,0.26372244897959185
245930,0.0
245972,0.09146933333333335
245990,0.3135
245997,-0.30233333333333334
246055,0.2883142857142857
246075,0.20603333333333335
246126,0.007600000000000051
246169,0.4102666666666666
246239,-0.1089090909090909
246252,0.08173333333333332
246291,-0.4551192307692308
246344,0.3365192506459948
246379,0.0
246395,0.0
246396,-0.1530683333333333
246431,0.35734444444444446
246473,0.0
246477,0.0
246488,0.39230909090909094
246519,0.25568333333333326
246522,0.2998461538461539
246543,0.36863
246548,0.23682499999999998
246565,-0.01676140350877192
246576,0.07197500000000001
246591,0.49526285714285717
246600,0.0
246657,0.29301920903954803
246663,0.4111625
246707,0.10398709677419354
246724,0.52476
246742,0.3640235294117647
246752,0.10988965517241372
246753,0.43191578947368414
246771,0.12810612244897956
246803,0.0020620689655172497
246814,0.0
246868,0.012933333333333241
246877,0.10148000000000001
246903,0.22899999999999998
246916,0.33168974358974357
246926,0.18793333333333334
246972,0.06279200000000001
246974,0.20815833333333333
246986,0.0
247004,0.1648217391304348
247071,0.0
247136,0.34188474576271183
247139,0.0884125
247170,0.1929764705882353
247171,-0.04189230769230767
247201,0.0
247223,0.12297272727272729
247244,0.342131914893617
247270,0.30364727272727277
247282,-0.0734013605442177
247366,0.23159999999999997
247379,0.20087418452935696
247432,-0.0324461538461539
247458,-0.06561351351351352
247464,0.20390000000000003
247498,0.0
247510,0.18989999999999999
247522,0.34076969696969694
247561,0.25497272727272724
247623,0.2954999999999999
247643,-0.1665111111111111
247644,0.3469793939393939
247645,0.4339428571428572
247648,0.21056363636363637
247659,0.2264544
247694,0.4233115384615384
247762,0.3670923076923077
247776,0.46397
247857,0.0
247864,0.0
247876,0.3573261904761904
247889,0.405254054054054
247899,0.15639999999999998
247909,0.0
247953,0.45953571428571427
247959,0.3238666666666667
247996,0.34310666666666667
248067,-0.5139428571428571
248098,0.0
248186,0.19865689655172414
248187,0.0
248201,0.47454285714285716
248258,0.25946363636363634
248270,0.47184186046511634
248273,0.3338196025293586
248319,0.35915384615384616
248335,0.3411692307692307
248372,0.2181687499999999
248373,0.013800000000000034
248400,0.24340000000000006
248415,-0.4480166666666666
248516,0.3026472449536279
248577,0.4418179104477612
248685,0.33014428805237317
248713,0.0
248725,0.4371864253393666
248772,0.01097999999999999
248788,0.47897352941176463
248795,0.06166885436329317
248799,0.16999999999999998
248807,0.13106666666666666
248869,0.24056818181818182
248899,0.27468000000000004
249006,0.03273000000000001
249007,0.18022608695652173
249024,0.0
249051,0.3378894736842106
249074,0.17705988829652197
249082,0.46715319148936163
249106,0.05350322580645156
249117,0.0
249141,0.23675227272727273
249183,0.0
249232,0.1439892857142857
249237,0.3742916666666667
249257,0.0
249280,0.42775555555555556
249287,-0.042061916771752805
249315,0.0
249326,0.2635454545454546
249330,0.18241250000000003
249366,0.036117073170731706
249421,0.27975625
249426,0.0
249441,0.19863529411764708
249453,0.36030888888888885
249458,0.37034545454545453
249495,0.4107823529411765
249555,0.3007891891891892
249584,0.14495885714285714
249612,0.42149454545454546
249639,0.0
249650,0.11577894736842109
249675,0.29690000000000005
249700,0.1766007843137255
249729,-0.22681239388794566
249764,0.3741151515151515
249787,0.04562857142857146
249803,0.29085116279069767
249808,0.14332037037037038
249847,0.2661951048951049
249854,0.07467272727272728
249886,0.29955
249891,0.0031782608695652137
249921,0.0
249952,0.07361714285714285
249966,0.0
249992,0.16490769230769237
249994,0.45450397727272723
250083,0.15661571906354516
250087,0.42229795918367347
250133,0.4121929292929293
250144,0.4457428571428571
250164,0.22262105263157897
250264,0.17422499999999996
250274,0.14306272022551092
250325,0.007110000000000005
250326,0.0
250331,0.0
250340,0.44906
250358,0.0
250365,0.43255909090909095
250369,0.35109729729729733
250413,0.2876975369458128
250415,0.31500904977375566
250428,0.09618151260504201
250440,0.3651
250449,0.0
250452,0.04889070294784581
250501,0.009776470588235275
250521,0.26951764705882353
250527,0.31482068965517246
250562,0.20642016806722696
250582,0.272092
250608,0.24711044776119395
250691,0.1297714285714286
250692,0.0
250759,0.0
250785,0.20075853679578984
250807,0.31491034482758623
250851,0.0
250881,-0.04873333333333332
250901,0.03718181818181815
250902,0.28271250000000003
250949,0.13429345238095236
250994,0.3159126050420168
251017,0.0
251078,0.18280000000000002
251087,0.26006666666666667
251088,-0.03432000000000002
251097,0.303238633818589
251152,0.18654375
251168,0.38170882352941177
251172,0.005240909090909129
251215,0.3433538461538461
251230,0.2123430769230769
251237,0.21680000000000005
251268,0.3483076923076923
251356,0.0
251360,0.38063225806451617
251361,0.38491071428571433
251386,-0.44096532356532353
251390,0.480756362545018
251486,0.0
251488,0.5026411347517731
251512,0.22051904761904761
251587,0.3695377279102384
251624,0.19578827586206893
251663,0.00990000000000002
251719,0.1464372881355932
251775,0.013541666666666674
251791,0.30421041666666665
251821,0.0
251848,0.17748045112781954
251929,0.15175428571428573
251940,0.28073947368421054
251951,0.10600000000000001
251953,0.27960555555555555
252060,0.4255684210526315
252064,0.054127999999999996
252092,0.011657142857142921
252095,0.0
252140,0.33539760119940026
252143,0.15073090146750523
252151,0.3074611111111111
252184,0.010164705882352854
252198,0.462364705882353
252227,0.11898333333333339
252253,0.30427499999999996
252269,0.0
252272,0.3209016949152543
252273,0.0
252283,0.0
252309,0.42048965517241377
252337,-0.18467999999999998
252364,0.0
252386,0.0
252399,0.008062499999999972
252422,0.08689795918367349
252426,0.012089999999999934
252442,-0.4215302325581395
252447,0.06320420168067231
252485,0.37452500000000005
252513,0.18717331145747879
252515,0.1753747028862479
252563,0.4841322033898305
252589,0.31345378421900166
252622,0.2314857142857143
252641,0.42804679738562096
252685,0.2734
252697,0.46213800904977376
252702,0.04319259259259256
252729,0.2759819004524887
252751,0.0
252817,0.0
252823,0.4855142857142857
252830,0.0
252858,0.0
252876,-0.3005833333333333
252883,0.44588943768996964
252915,0.0
252939,0.18785714285714283
252969,0.507425
253016,0.22173333333333328
253055,-0.03572820512820507
253071,0.177275
253163,0.0
253175,0.0
253189,0.3301777777777778
253190,0.013672000000000017
253210,0.0
253303,0.33754761904761904
253364,0.1474695652173913
253379,0.3902952738990333
253390,0.237262962962963
253421,0.2406705882352941
253509,0.189958064516129
253550,0.35986666666666667
253559,0.22429805097451272
253585,0.14880000000000004
253590,0.36146405023547884
253595,0.012648648648648675
253632,0.0
253647,0.4825846153846154
253667,0.3555020408163265
253682,0.3520769308943089
253734,0.2696387096774194
253760,0.00610000000000005
253780,0.07942380952380952
253825,0.3273555555555556
253829,-0.08070877192982462
253895,0.026889655172413762
253912,0.23209333333333332
253939,0.3202947368421053
253981,0.4557
254000,0.12969999999999993
254045,0.022809523809523724
254047,0.0
254090,0.3857333333333333
254091,0.07461860465116282
254105,0.23161692873870865
254120,0.19659333333333334
254129,0.0
254131,0.0
254142,0.29872532467532464
254144,0.23233970223325062
254151,0.32677894736842106
254180,0.10145396825396824
254255,0.39866363636363633
254263,0.39480000000000004
254347,0.4618925925925926
254368,0.4201166666666667
254507,0.2765636363636363
254525,0.12515769230769233
254538,0.0
254542,0.0
254556,0.5073015873015874
254571,0.01833972602739728
254588,0.29684705882352946
254598,0.38710000000000006
254694,0.4226681818181818
254714,-0.3684
254815,0.3563708333333334
254837,0.34650000000000003
254839,0.0
254899,-0.16075263157894737
255005,0.33025019607843137
255019,0.007850000000000024
255035,0.0042480000000000295
255104,0.323227417027417
255140,0.0
255144,0.4583454545454546
255154,0.2845
255222,0.10974210526315789
255245,0.0
255251,0.3467299999999999
255260,0.0
255267,0.0
255269,0.17087480620155038
255275,0.32811111111111113
255292,0.35995
255334,0.34473846153846155
255373,0.16092645161290323
255435,0.20765925925925927
255496,0.40733846153846154
255501,0.0
255507,0.4574641509433962
255578,-0.18891392405063284
255621,0.43965882352941177
255691,0.10916428571428571
255767,0.11920846560846565
255842,0.012319444444444438
255855,0.29346086956521744
255880,0.016836967191940055
255886,0.2611675
255894,0.20727924528301883
255996,-0.032450000000000034
256025,0.323591282051282
256029,0.18772380952380952
256042,0.12045517241379311
256081,0.3859851851851852
256123,-0.07057674418604654
256150,0.17508695652173914
256172,-0.44170000000000004
256181,0.08612000000000003
256186,0.08811111111111108
256198,0.43068771454381205
256211,0.23595000000000005
256244,0.34085000000000004
256259,0.07819999999999999
256261,0.31708485377564377
256289,0.41850328185328184
256295,0.2797384615384615
256307,-0.06371111111111105
256312,0.49472666666666665
256344,0.15368299480396785
256399,0.43394911463187325
256409,-0.17395316742081446
256410,0.22012222222222222
256411,0.10959615384615384
256414,0.20170000000000005
256437,0.0
256468,0.0
256508,0.2600945454545455
256590,0.0
256597,0.16376263586956524
256630,0.28565454545454544
256676,0.0
256685,0.08976363636363632
256725,0.09900217391304347
256732,0.0
256790,0.31427857142857146
256792,0.13513333333333338
256797,0.0
256832,0.1836547619047619
256848,0.0
256888,0.22623333333333331
256901,0.0
256911,0.25039999999999996
256918,0.335842735042735
256922,0.40726666666666667
256933,0.0
256935,0.0
256952,0.25042857142857144
256953,0.07054578005115089
256966,0.4491069767441861
256999,0.0
257041,0.33042105263157895
257089,0.09880000000000003
257096,0.27952173913043477
257202,0.0
257204,0.5356130769230769
257217,0.34229365079365076
257245,0.012666666666666715
257264,0.0
257273,0.23853043478260866
257274,0.0
257279,0.19823870967741936
257311,0.10209999999999997
257352,0.3679
257374,0.3456040816326531
257376,0.0
257377,0.0
257383,0.28349142857142856
257415,0.26336363636363636
257453,0.4430970238095238
257504,0.4259456790123457
257529,0.4340774193548387
257553,0.35936250000000003
257564,0.058253061224489755
257589,0.5299970348406227
257629,0.2240945454545455
257645,0.3760258064516129
257660,0.0
257670,0.005215384615384622
257671,0.2969142857142857
257709,0.16237674418604647
257765,0.2931551187551188
257771,0.009579591836734735
257779,0.09028571428571429
257799,0.0017828571428571416
257820,-0.2969333333333333
257836,0.29575030303030303
257882,0.42879999999999996
257932,0.011824999999999974
257936,0.18259688311688305
257939,0.20897647058823532
257961,0.023519999999999985
257985,0.0
257987,0.0
257996,0.34677948717948714
258066,0.22183846153846154
258095,0.14381230769230768
258143,0.0
258181,0.2528375
258186,0.14434444444444444
258233,0.34630000000000005
258238,0.3156156877605153
258241,0.013148000000000049
258276,0.10925079365079363
258291,0.06056551724137932
258358,0.4337714285714286
258371,-0.4185307407407407
258404,0.16210133333333326
258430,0.3141
258431,0.26178947368421057
258460,0.40036279069767433
258493,0.18107727272727275
258494,0.26279393939393936
258497,0.17232444444444445
258499,0.31576
258517,0.0
258520,0.0
258581,0.2632316017316017
258600,0.5020139534883721
258685,0.401448275862069
258706,0.0
258748,0.0
258764,0.0
258767,0.3406069597069597
258864,0.01419999999999999
258876,-0.15650526315789473
258905,0.012152380952381026
258923,0.012111538461538451
258936,0.0
258967,0.1734013333333333
258971,0.45504736842105264
259075,0.3091538461538461
259121,0.45125925925925925
259138,0.005641176470588205
259149,0.4811578088578089
259192,0.4027607843137255
259209,0.3536392857142857
259227,0.42054285714285716
259272,0.0
259279,0.13715135135135134
259292,0.2979605263157895
259345,0.2457839406779661
259421,0.5305058823529412
259450,0.2552690789473684
259460,0.18364974358974356
259473,-0.024711111111111128
259507,0.25785555555555556
259526,0.5311727272727274
259550,0.09077666666666662
259563,0.21630000000000002
259612,0.0
259692,0.17284
259698,0.36792244897959187
259702,0.3915393939393939
259708,0.014066666666666672
259757,0.3175273132664437
259795,0.012929999999999997
259809,0.24286296296296295
259874,0.18784000000000006
259890,0.19932
259901,0.011560000000000015
259958,0.40784444444444445
259971,0.29443846153846154
259984,0.49493913043478255
259988,0.24519999999999997
259992,-0.01953173076923076
260073,0.29391525423728815
260111,0.0
260155,0.1666
260166,0.15891990846681925
260174,0.3260666666666667
260183,0.22308571428571433
260206,0.3223538461538462
260222,0.013590476190476264
260244,0.17509230769230766
260256,0.0
260278,0.0
260290,0.3174578313253012
260435,0.33897142857142853
260484,0.41306956521739124
260541,-0.004303636363636398
260583,0.2531466666666667
260614,-0.07613333333333336
260616,0.0
260682,-0.1904333333333334
260703,0.22166206896551724
260710,0.22022266335814722
260717,0.3641860465116279
260730,0.0
260755,0.35719259259259256
260787,0.22683809523809523
260849,0.29983939393939396
260881,0.0
260924,0.0
260953,0.16088888888888891
261034,0.0
261041,0.3352758356164383
261047,0.3812275862068965
261073,0.03458095238095235
261114,0.0
261170,0.0
261200,0.27267367109634555
261201,0.2746068965517241
261213,0.43509578431372553
261214,0.2064642857142857
261238,0.15363255813953486
261343,0.0
261366,0.36834761904761903
261374,0.5050578260869565
261405,0.0
261441,0.0
261464,0.1681285714285714
261471,0.0
261488,0.2603919191919192
261499,0.0790421052631579
261511,0.0
261526,0.0
261595,0.0
261619,0.006205128205128252
261640,0.012705263157894664
261745,0.09268690476190478
261764,0.0
261765,0.0
261780,0.1286
261790,0.22647049180327872
261882,0.0
261887,0.2208
261924,0.3098066666666667
261942,0.21247567567567566
261945,0.0
261982,-0.25303846153846155
261992,0.0894985507246377
262084,0.46316181410974244
262128,-0.21143777777777778
262148,0.2538257142857143
262156,0.26602692307692305
262178,0.053845238095238085
262241,0.39018076923076916
262267,0.26246153846153847
262272,0.21114054054054052
262287,0.2590133333333333
262294,0.0
262299,0.2784008608321377
262309,0.08865621262458467
262350,0.12660899122807023
262366,0.20712835820895525
262395,0.0
262405,0.09833764836208264
262462,0.0
262494,0.1529567567567568
262502,0.46224999999999994
262528,-0.003986666666666638
262574,0.24812142857142855
262636,0.2931666666666667
262658,0.0
262670,0.2178470588235294
262676,0.11533660079051383
262683,0.42959574468085104
262685,0.0
262730,0.02061510297482838
262755,0.312734328358209
262781,0.0
262790,0.2091
262797,0.02894285714285716
262802,0.2160090909090909
262807,0.30887368421052636
262836,0.1367969696969697
262894,0.3493928571428571
262909,0.37796363636363633
262972,0.39578
262979,0.07492307692307693
263008,0.0
263023,0.32668125000000003
263036,-0.10388888888888886
263037,0.0
263038,0.3568108108108108
263051,0.34485
263106,0.16449638157894736
263142,0.2468358662613982
263197,0.2850961111111111
263208,0.0
263212,0.0
263245,0.30484999999999995
263251,-0.09649999999999997
263292,0.3470648648648649
263296,0.33648
263299,0.2078936507936508
263300,0.0
263311,0.32949
263333,-0.14417777777777774
263356,0.042921415607985486
263358,0.013594285714285781
263360,0.14581538461538462
263371,0.4497777777777778
263454,0.0
263470,0.0
263504,0.0
263506,0.0
263564,0.31622222222222224
263565,0.15269076923076924
263574,0.38569635854341744
263616,-0.11776933333333339
263624,0.40904166666666664
263679,0.0
263691,0.020114814814814808
263695,0.3852232722597236
263755,0.34600434782608697
263759,0.275174358974359
263761,-0.08373191489361703
263780,0.16922222222222222
263793,0.012831578947368416
263844,0.21657571428571426
263845,0.46965945945945947
263852,0.22036521739130435
263864,0.35114901960784317
263865,0.26284
263986,0.0
264054,0.11460000000000004
264076,0.19463555555555556
264097,0.220474
264141,0.07255384615384614
264151,0.4344800882515168
264167,0.2556666666666667
264199,0.2987897435897436
264244,0.3995657142857143
264259,0.3577220338983051
264278,0.0
264303,0.29647272727272733
264391,0.3012542372881356
264406,0.3332689655172414
264409,-0.04934736842105264
264434,0.19820000000000004
264496,0.2835990846681923
264536,0.4987166666666667
264547,-0.004672727272727273
264599,-0.35503555555555555
264652,0.3932809523809524
264700,0.4171053571428571
264705,0.5069380952380953
264706,0.49653
264726,0.3126235294117647
264741,0.3894666666666666
264742,0.07141652173913038
264794,0.013569230769230778
264852,0.3536279069767442
264874,0.0
264885,0.05825383155497449
264894,0.0
264979,0.1253030303030303
264986,0.0
265029,0.21900555555555554
265033,0.30526315789473685
265119,0.03989230769230767
265148,0.0
265165,0.28678095238095236
265175,-0.174475
265199,0.40342242562929065
265205,0.0
265226,0.0
265233,0.13718333333333335
265251,0.0
265252,0.08609596638655459
265282,0.03267619047619047
265298,0.425488
265324,0.27055882352941174
265346,0.22131363636363635
265350,0.23817777777777777
265370,0.12876470588235295
265385,0.30209230769230766
265409,0.22953409090909088
265485,0.4959262222222222
265546,0.007821739130434713
265563,0.3029822222222222
265581,0.28655517241379314
265614,0.28600000000000003
265699,0.0
265708,0.2818666666666667
265718,0.40712000000000004
265782,0.0
265907,0.3078680072028812
265911,-0.1563133333333333
265922,0.23054999999999998
265984,0.2641266666666667
266028,0.0
266033,0.20214736842105263
266048,0.22310999999999998
266094,-0.29476982097186705
266133,0.0
266134,0.24875102040816327
266193,0.12696666666666664
266208,0.012880000000000003
266237,0.4461477011494253
266244,-0.1063529411764706
266250,0.36607692307692313
266278,0.0
266297,0.4424571428571429
266374,0.0
266419,0.0
266454,0.3378896551724138
266538,0.22238620689655172
266547,0.32630263157894734
266609,0.19137
266723,0.29033333333333333
266801,0.3877260869565218
266829,0.0
266838,0.0
266866,0.12037826086956521
266871,0.0
266881,0.3768425531914894
266895,-0.04504999999999998
266972,0.011806896551724066
267017,0.3041538461538461
267042,0.4063
267088,0.0
267090,0.25645148741418766
267107,0.011534482758620679
267123,0.37320923076923085
267159,-0.08875312499999999
267183,0.25941333333333333
267214,0.16615
267217,0.4133773242630386
267219,0.0
267283,0.0
267322,0.1404384619893324
267400,0.2596918201516793
267432,0.5131918367346939
267435,0.0
267468,0.0
267488,-0.061497354747283905
267494,0.5069038461538461
267515,0.13116250000000002
267578,0.5010041666666667
267640,0.3189224489795919
267693,0.0
267706,0.4444585365853658
267726,0.3035217391304348
267728,0.31753424657534246
267743,0.0
267752,0.4577927601809955
267817,0.0
267843,0.18344444444444447
267852,0.20844065335753176
267873,0.49112222222222224
267875,0.30569375
267880,0.15552666666666667
268022,0.2628222222222222
268028,0.0007230769230769374
268054,0.3494857142857143
268061,0.0
268089,0.3395225806451613
268114,0.28013684210526313
268132,-0.14150399999999996
268133,0.01701642512077295
268152,0.013694915254237272
268170,0.3430193548387097
268173,0.31534285714285715
268229,0.46968000000000004
268245,0.24112352941176474
268246,0.21554999999999996
268261,0.2992470588235295
268275,0.18321500000000002
268335,-0.443256
268353,0.33122424242424237
268389,0.25077
268425,-0.009752941176470575
268442,0.5036590909090909
268454,0.0
268492,0.011799999999999922
268507,0.26819000000000004
268601,0.19730399999999998
268627,0.5423098591549296
268643,0.2398246349206349
268691,0.0
268699,-0.15216666666666667
268706,0.3429
268710,0.4515555555555555
268713,0.43372
268730,0.11066363636363638
268758,0.3384947368421052
268773,0.0
268775,0.3595489136195019
268835,0.0
268869,0.0
268896,0.10381379310344829
268913,0.20168750000000002
268922,0.0
268944,0.0008779053084648214
268953,0.4737
268965,0.2963
268977,0.010087272727272723
268979,0.21234943330427197
268982,0.3417
269011,0.0
269017,0.0
269033,0.24097499999999994
269049,0.0
269054,0.1708
269069,0.25826315789473686
269104,0.0
269112,0.002695505617977545
269113,0.24424761904761905
269136,-0.107904
269193,0.08160338983050852
269224,0.41388120300751874
269252,0.19602222222222226
269280,0.23813571428571434
269291,0.41513
269307,0.01842605459057073
269312,0.44262222222222225
269356,0.0
269371,0.0
269411,0.12801666666666667
269449,0.27054545454545453
269471,0.014029268292682917
269487,0.14149302325581392
269501,0.075405
269503,0.35424147121535177
269520,0.06907472527472527
269542,0.4312510971786834
269550,0.020485714285714274
269564,0.21459999999999996
269593,0.03354999999999997
269606,0.365584126984127
269642,0.4510428571428572
269662,0.3281821428571429
269723,0.0
269728,0.062153846153846115
269754,0.09419999999999998
269775,0.17925714285714284
269783,0.0
269863,0.38827500000000004
269888,0.31709310344827585
269892,0.47819999999999996
269895,0.0
269939,0.0
270002,0.4386333333333333
270017,0.4404444444444444
270023,0.0
270026,0.0
270064,0.41417138863000935
270124,0.4480393939393939
270152,0.1538468085106383
270155,0.0
270165,0.0
270210,0.0
270224,0.27421967213114756
270264,0.0
270280,0.18349333333333334
270318,0.0
270321,0.0
270326,0.0
270379,0.1987833333333333
270443,-0.15221874999999999
270448,0.3757363636363636
270473,0.3348676923076923
270537,0.004248888888888913
270547,0.38295789473684216
270698,0.343231855500821
270711,0.32471875000000006
270731,0.20156190476190483
270792,0.4974805970149253
270801,0.42946666666666666
270812,0.10827215189873418
270817,0.22687826086956525
270836,-0.6307673469387756
270871,0.15840389610389616
270907,0.25811098212212674
270924,0.36771956368754394
270925,0.1583949367088608
271019,0.0
271023,0.0
271030,0.4150294805194805
271050,0.41629866666666665
271064,0.13689142857142855
271082,0.10787777777777774
271138,0.30210142857142863
271154,0.38787499999999997
271203,0.21481103448275862
271204,0.0
271206,0.2917464788732394
271213,0.13439
271264,0.3604827586206897
271298,0.013125000000000053
271303,0.0
271327,0.0
271351,0.3981393939393939
271358,0.18279999999999996
271379,0.36408163636363633
271416,0.30757500000000004
271447,0.22579663663663668
271460,0.4493179487179487
271462,0.2545593220338983
271552,0.2981263157894737
271573,0.49088
271634,0.0
271645,0.0
271646,0.03057500000000002
271675,-0.01842222222222223
271677,-0.14065517241379305
271706,0.4620344827586207
271714,0.2258285714285715
271761,0.3255800675675675
271766,0.18228571428571427
271784,-0.060500000000000026
271791,0.27914285714285714
271797,0.12833564740376424
271831,0.13726763636363642
271863,0.08637391304347827
271865,0.22327179487179485
271909,0.2633897435897436
271920,0.4799136363636364
271932,0.03514195804195802
271979,0.0
271999,0.0
272011,0.38053038160469665
272027,0.19853066666666663
272057,0.0
272062,0.2284822222222222
272063,0.2816526315789474
272082,0.2442741935483871
272089,0.0
272106,0.011441935483870957
272114,0.20817935222672065
272128,0.0827137254901961
272175,0.0
272217,0.37212058823529415
272250,0.11397499999999999
272276,0.17187999999999998
272311,0.0
272349,0.1084
272356,0.1754824561403509
272386,0.0
272435,0.23616923076923074
272448,0.20173333333333338
272502,0.3010559440559441
272507,0.5030037037037037
272514,0.0
272518,0.0
272542,-0.0004192982456140415
272548,0.36264444444444444
272602,0.0
272669,0.0233741935483871
272694,0.005561538461538507
272702,0.0
272847,0.4689081481481482
272879,0.20864210526315788
272883,0.0
272927,0.0
272951,0.5027103448275861
273067,0.1632108108108108
273068,0.21963333333333332
273077,0.0
273079,0.4695857142857143
273082,0.2905382266009852
273113,0.43391111111111114
273153,-0.11750432748538009
273156,0.11502559808612439
273165,0.21586500000000003
273189,0.34919607843137257
273220,0.04237021276595743
273255,0.21029655172413791
273262,0.3396693877551021
273278,0.272590243902439
273336,0.384415
273365,0.1893679650726516
273380,0.18067499999999997
273409,0.007376190476190481
273443,0.0
273459,0.3090830188679245
273469,0.2998634101382488
273473,0.15873654618473895
273539,0.18050212765957446
273564,0.2208593406593407
273602,0.008060000000000067
273620,0.10440952380952379
273649,0.17623030303030296
273697,0.15313684210526315
273707,0.19976946778711482
273729,0.05005476190476191
273750,0.011610344827586272
273796,0.17478461538461537
273837,0.14768358208955223
273883,0.361526
273934,0.25123864042933813
273979,0.28390284376045505
273980,0.41391
273985,0.2459
274006,0.4726636363636364
274059,0.3278914285714286
274067,0.09583728813559321
274070,0.13821454545454548
274075,0.24793999999999994
274174,0.32481818181818184
274216,0.20811311717022846
274231,0.014986440677966173
274243,0.0
274267,0.3360774436090226
274272,0.0
274316,0.24399024390243906
274320,0.39088888888888884
274321,0.17575357142857143
274329,0.0
274404,-0.32910999999999996
274415,0.13609362355953905
274423,-0.1237938684503902
274445,0.2560600492206727
274570,0.43743701923076916
274594,-0.04972637362637361
274618,0.46312222222222227
274647,0.17017777777777782
274669,-0.33814909090909095
274673,0.3726974358974359
274677,0.40397211538461536
274704,0.2708127659574468
274710,0.012499999999999956
274731,0.0
274744,0.014262962962963033
274757,0.014454545454545387
274773,0.13541999999999998
274807,0.012647058823529456
274926,0.2803466666666667
274945,0.28030344827586207
274961,0.28857586206896546
274983,0.41041428571428573
274988,0.34828333333333333
275025,0.2073543859649123
275041,0.1351806451612903
275077,0.0
275140,-0.0952033333333333
275198,-0.27129523809523814
275218,0.14401904761904766
275230,0.40271200000000007
275233,0.44115757575757575
275293,0.21389420289855077
275377,0.3617016949152543
275381,0.24740000000000006
275382,0.27218000000000003
275430,0.3098588314005353
275539,0.0
275544,0.2512842105263158
275583,0.0
275592,0.2435678571428571
275604,0.0
275605,0.0
275613,0.35159999999999997
275616,0.1379430769230769
275635,0.1902166666666666
275640,0.1978099358974359
275706,0.23166190476190474
275727,0.263625
275787,0.2914601058201058
275805,0.4252444444444444
275835,0.0885454545454546
275882,0.07026666666666666
275905,-0.186025
275950,-0.2632029220779221
276026,0.0
276032,0.15349999999999997
276086,0.2634666666666666
276090,0.3050263157894737
276093,0.4781428571428571
276178,0.05192347826086957
276188,0.11867651515151512
276242,0.0
276250,0.23889295238095243
276253,0.41013333333333324
276279,0.36677209302325575
276291,0.0
276295,0.46847428571428573
276396,0.35539
276397,0.0
276404,0.012216000000000005
276444,0.0
276447,0.0
276464,0.28663571428571427
276526,0.18955000000000002
276555,0.0
276557,0.31196231884057973
276558,0.0
276580,0.3587112315270936
276698,0.4990823529411765
276713,0.023341538461538455
276746,0.3064490566037736
276780,0.0
276788,0.01247699999999996
276804,0.4445623188405796
276816,0.25875000000000004
276826,0.2591587301587302
276840,0.11649589281792225
276850,0.39504324324324325
276887,0.2805391304347826
276908,0.08594237288135587
276999,0.0
277000,-0.4155475240206947
277007,0.19476806526806528
277015,0.32694893617021276
277034,0.18512763477416222
277050,0.49190769230769227
277080,0.3024545454545455
277100,0.30697142857142856
277160,0.10888965517241384
277173,0.2585463414634146
277202,0.22593999999999997
277209,0.09006877470355729
277215,0.013791489361702047
277246,0.071025
277280,0.29509
277288,-0.007168421052631602
277289,0.0
277326,0.010809243697478987
277350,0.37405
277434,0.24409333333333333
277439,0.2362479999999999
277463,0.002078431372549011
277512,0.45413617021276587
277534,0.36250000000000004
277548,0.03195371900826447
277587,0.1755945945945946
277620,0.0
277676,0.3896854818523154
277755,0.21720344544708775
277785,0.38482884615384616
277793,0.04647200000000001
277794,0.013381818181818161
277797,0.24101944444444443
277807,0.0
277856,0.25329999999999997
277868,0.31522727272727274
277906,0.4361935483870968
277976,0.16582379454926627
278023,0.28601935483870966
278077,0.45292701754385967
278079,0.0
278093,0.36510454545454546
278094,0.43065333333333333
278121,-0.009537499999999977
278153,0.2685533333333333
278169,0.32927921568627444
278202,0.12211875
278206,0.18441666666666673
278276,0.23744615384615386
278303,0.2348205128205128
278304,0.24993437908496732
278390,0.06181891891891892
278392,0.18723613193403305
278503,0.008622222222222309
278524,0.17393142857142857
278530,0.0
278535,0.13830476190476187
278550,0.0887331034482759
278644,0.15256250000000002
278645,0.0
278681,0.25719047619047625
278688,0.48344444444444445
278696,0.012984615384615372
278788,0.38660399999999995
278793,0.1329531914893617
278806,0.12065218365061592
278827,0.02666896551724135
278872,0.014229629629629592
278938,0.22202240143369173
278989,-0.12616074815595363
279023,-0.004911111111111116
279031,0.1548235294117647
279046,0.3540222222222223
279062,0.030920000000000003
279091,0.009544444444444466
279160,0.44961739130434786
279209,0.3658
279223,0.36673333333333336
279231,0.30444210526315785
279290,0.14331333333333335
279328,-0.3102533333333334
279400,0.0
279425,0.22511927966101697
279440,0.02305999999999997
279484,0.014094736842105271
279681,0.38812173913043474
279696,0.2106833333333334
279718,0.46478
279760,0.0
279852,0.17317647058823532
279880,0.20067692307692309
279890,0.05080000000000001
279906,0.04494566326530611
279911,0.22326666666666664
279992,0.3648
280015,0.0
280033,-0.29079166666666667
280059,0.3829571428571429
280115,0.2970790697674418
280124,0.2625222222222222
280148,0.413825
280259,0.20125
280322,0.037206462984723854
280326,0.09173333333333333
280338,0.2628631578947368
280402,0.5107704407294833
280425,0.11353333333333332
280435,0.013174358974359035
280441,-0.4091394871794872
280494,0.43249552238805977
280504,0.0071902439024389975
280690,0.3625758974358974
280795,0.31133636363636363
280799,0.31786050061050064
280832,0.3061056603773585
280908,0.2406
280930,-0.34320000000000006
280942,0.4020880952380952
280949,0.34948
280950,0.377895873015873
281001,-0.39902941176470585
281046,0.42771343283582086
281071,0.0
281102,0.15053684210526314
281126,0.2546857142857143
281143,0.5273777777777777
281194,0.2423545454545455
281200,0.4495458333333333
281243,-0.024276923076923057
281265,0.0
281307,0.19041818181818182
281326,0.41564255319148935
281332,0.0070047619047619025
281359,0.27146666666666663
281395,0.16418461538461537
281434,0.356015756302521
281486,0.0
281510,0.16485884353741498
281533,0.0
281550,0.3793411764705882
281617,0.09085061475409839
281699,0.437203125
281725,0.3650785714285715
281761,0.393281550802139
281772,0.0
281810,0.012117647058823455
281842,0.25782745098039217
281863,0.12824761904761905
281870,0.0
281958,0.1655
281970,0.011971428571428633
282029,0.01190588235294121
282053,0.3754367245657568
282055,0.35784878048780483
282065,0.0
282087,0.0
282103,0.46941126760563384
282127,0.24505744400527013
282136,0.09120816326530612
282165,-0.07385833333333336
282177,0.0
282180,0.02645
282229,0.38217746478873243
282262,0.38212812500000004
282268,0.43128999999999995
282339,0.14503225806451608
282437,0.279024
282439,0.005645454545454565
282461,0.2896575628626693
282462,0.28789882352941176
282491,0.2989254237288136
282556,0.5143924096385543
282586,0.0
282615,0.42489000000000005
282623,0.41833333333333333
282632,0.2443014705882353
282713,0.34583455938697316
282731,0.12992499999999998
282797,-0.21905416666666666
282851,0.0
282862,0.33583999999999997
282891,0.0
282911,0.4316
282933,0.0
282989,0.0
283004,0.07794999999999999
283024,0.20363461538461536
283034,0.23694631873252558
283067,0.4264199999999999
283084,0.18819999999999998
283120,0.382442619047619
283148,0.06832666666666665
283151,0.26276
283152,0.373217037037037
283163,0.33144637681159417
283200,-0.035769230769230775
283245,0.4345621621621622
283449,0.0
283459,0.13166031746031748
283489,-0.4773
283492,0.14749999999999996
283501,0.06035999999999997
283537,0.28685797101449273
283551,0.0049688888888889116
283553,0.25067500000000004
283578,0.2182024691358025
283611,0.0
283635,-0.15696363636363636
283646,0.4642013986013986
283751,0.17931688311688315
283752,0.0
283781,0.39346650953984286
283798,0.0
283800,0.46559415584415587
283804,0.2342
283829,0.03964999999999996
283851,0.11286666666666666
283901,0.0
283919,0.011855555555555508
283934,0.25746383442265797
283963,0.0
283976,0.23765909090909093
283986,0.2117276595744681
284034,0.39715112244897954
284043,0.009911764705882398
284061,0.08180754716981131
284062,0.0
284185,-0.7614153846153846
284201,0.0
284211,0.2310507616707617
284245,0.2380893617021277
284273,0.29689351648351653
284309,0.5405619047619047
284323,0.10492444444444449
284348,0.010574056280027472
284369,0.17602630272952852
284374,0.40158490566037736
284419,0.01144444444444448
284468,0.0
284476,0.33781951219512196
284564,0.2358828846153846
284585,0.3789555555555556
284597,0.28081999999999996
284608,0.0032953846153846167
284693,0.2543714285714286
284719,0.33684545454545456
284744,0.2565272727272727
284757,0.08555875
284772,-0.41559826254826254
284829,0.007648786482334871
284840,0.16234615384615386
284861,0.0
284886,0.2953809523809524
284925,0.33616521739130434
284947,0.3884229508196721
284955,0.34571999999999997
284958,0.3721265993265993
284964,0.0
284986,0.473
285048,0.008533333333333393
285128,0.0
285139,-0.16588666666666668
285150,-0.2443958333333333
285151,0.35034545454545457
285186,0.4783090909090909
285225,0.0
285230,0.061524999999999996
285271,0.42145405405405406
285343,0.29834474948524364
285359,0.006170212765957417
285367,0.43039999999999995
285398,0.16982999999999998
285410,0.04124260869565219
285494,0.5284169491525423
285505,0.0
285555,0.32226470588235295
285563,0.4438142857142857
285569,0.3830823529411765
285596,0.4618888888888889
285609,0.2596894736842105
285649,0.0
285664,0.0
285724,0.42642443438914024
285736,-0.15071757575757572
285742,0.035673333333333335
285762,-0.03876923076923078
285818,0.34996875
285821,0.012297297297297338
285833,0.08696478873239437
285849,0.42548888888888886
285896,0.12651346153846155
285898,0.39466666666666667
285908,0.212575
285933,0.0
285988,0.3576
285989,0.10388421685298713
285996,0.0
286024,0.5148625
286035,0.37055
286073,0.013904545454545447
286103,-0.3528
286110,0.0021411764705882297
286145,-0.10910857142857144
286163,0.4692
286212,0.07315373134328358
286295,0.4975897931034483
286350,0.4900944444444444
286365,0.31231999999999993
286376,0.46978333333333333
286384,0.4615307692307692
286404,0.0
286428,0.392537062937063
286436,0.14522472727272728
286447,0.0
286454,-0.0996681422924901
286472,0.3517718157181572
286491,-0.03971342988808427
286502,0.45461538461538464
286555,0.13330000000000003
286575,0.18550714285714287
286619,0.06249565217391306
286637,0.4008721428571429
286686,0.5142285714285714
286754,0.009557894736842099
286775,0.25132876712328767
286776,0.4242129032258064
286796,0.31427310924369745
286840,-0.07367692307692308
286855,0.3799831932773109
286884,0.3037521739130435
286926,0.18615624999999997
286942,0.15831875
286971,0.2142114143920596
287031,0.3076897959183673
287035,0.32004000000000005
287053,0.0
287080,0.3941170731707317
287102,0.3819921568627451
287109,0.48873333333333335
287134,0.466880817916261
287148,0.1724
287161,0.0
287170,0.3469507692307692
287182,0.0
287238,0.40808566596194507
287329,0.0
287331,-0.017266666666666652
287383,0.0
287451,0.10559999999999997
287459,0.4107407692307692
287483,0.0
287631,0.0
287664,0.49599333333333334
287682,0.40661078431372555
287694,0.32925245901639344
287695,0.30494789081885854
287763,0.36266666666666664
287782,0.0
287834,0.0
287867,0.0
287878,0.3480888888888889
287888,0.33077575757575756
288013,0.054792105263157906
288035,0.39865416666666664
288109,0.22680555555555557
288112,0.3110727272727273
288113,0.3980571428571428
288127,0.3425858823529412
288129,0.44036969696969697
288141,0.15107058823529412
288182,0.19403960573476697
288202,0.2661424036281179
288253,0.21789999999999998
288392,0.38164000000000003
288419,0.1560785714285714
288421,0.20520000000000002
288460,0.007260931899641554
288478,0.01343529411764699
288506,0.5404105263157895
288522,0.29457
288535,0.0
288545,0.1661803921568627
288567,0.1616855172413793
288568,0.45231153846153843
288620,0.0
288662,0.0
288671,0.01277499999999998
288695,0.0
288704,0.0
288748,0.48408000000000007
288753,0.17491657754010698
288790,0.0
288860,0.20280239880059975
288862,0.24266666666666664
288875,0.46270967741935476
288966,0.20244642857142858
288982,0.0204857142857143
289074,0.3638
289124,0.17238222222222221
289164,0.12775555555555562
289229,0.3270277777777778
289297,0.4662666666666666
289317,0.0
289320,0.42099555555555557
289343,0.3278666666666667
289347,-0.34090000000000004
289358,0.010180000000000078
289377,0.3302602739726027
289470,0.0
289472,0.0
289480,0.42855862068965517
289507,0.08846086956521737
289534,0.3013966101694915
289543,0.1361781871775976
289680,0.4344141414141415
289772,0.15272916666666664
289798,0.03882333333333335
289853,0.2119083333333333
289866,0.013214285714285734
289885,0.0
289904,0.27931428571428574
289933,0.18730000000000002
289946,0.3648822222222222
289952,0.06585833333333335
289961,0.0
290044,0.1932093023255813
290070,0.2958830769230769
290103,0.4677151515151515
290172,0.006614814814814851
290204,0.4265333333333333
290273,0.0
290358,0.4280456140350877
290368,0.013986666666666703
290384,0.46203111111111106
290403,0.2513803355079217
290450,0.20043076923076925
290452,0.24661622807017544
290454,0.011599999999999944
290492,0.0
290582,0.3950473684210527
290642,0.22361999999999999
290647,-0.3295592592592593
290685,0.3300285714285714
290694,0.4307894736842105
290779,0.3265
290831,0.3347692307692308
290842,0.01916000000000001
290863,0.06651428571428569
290880,0.0
290881,0.42260000000000003
290886,0.15580344827586207
290908,0.0
290917,0.24436417910447758
290928,0.457275
290940,0.10161000000000003
290973,0.3819666666666666
290984,0.36877091377091376
290997,0.47795185185185185
291134,0.0
291152,0.1373191111111111
291173,0.0
291214,0.16730133333333336
291279,0.1267086956521739
291288,0.006560975609756048
291310,0.0
291416,0.33428421052631574
291436,0.354072
291617,0.31868938835666916
291620,0.3038153846153847
291721,0.3821214285714286
291729,0.12481702127659575
291742,0.011278260869565182
291792,0.0
291818,0.04275483870967742
291863,0.2164
291981,0.17744444444444443
291994,0.0
291995,0.39046315789473685
292037,0.3329361538461538
292069,0.0
292070,0.03518749999999998
292079,-0.13211111111111112
292171,-0.2551580419580419
292229,0.23466341463414633
292278,0.17061500000000002
292376,0.008870394736842147
292442,0.37740003401360545
292454,0.41951666666666665
292459,0.3536666666666667
292470,0.12611666666666665
292476,-0.35173333333333334
292530,0.08982014453477868
292545,0.004526666666666623
292550,0.0
292556,0.22972857142857145
292569,0.0
292599,0.19752549019607843
292606,0.003593220338983072
292647,0.0
292685,0.012224390243902539
292706,0.2607875
292712,0.0
292742,0.0
292785,0.40556363636363635
292798,0.4340988704318937
292800,0.25220999999999993
292886,0.0
292927,0.01101481481481481
292941,0.2746789473684211
293049,0.07405714285714285
293051,0.4775266666666667
293094,0.24889523809523817
293146,0.4588305084745763
293188,-0.29766666666666663
293210,0.2313448275862069
293229,0.0
293288,0.06262912280701755
293311,0.35942666666666667
293343,0.23000714285714285
293354,0.0
293389,0.27679230769230767
293404,0.28733846153846154
293508,0.2906987012987013
293579,0.2413159090909091
293637,0.3458428571428572
293658,0.0
293689,0.4406796296296296
293715,0.06501777777777779
293747,0.1286909090909091
293756,0.21608518518518519
293773,0.4398888888888889
293829,0.3222086956521739
293863,-0.22501538461538467
293872,0.29805
293982,0.3571428571428572
294013,0.21175333333333335
294054,0.32596363636363634
294072,0.37875333333333333
294081,0.12570588235294117
294103,0.01315333333333335
294132,0.1149941176470588
294143,0.3258709677419355
294188,0.17938035087719295
294213,0.14754999999999996
294238,0.3988307692307692
294251,0.009199999999999986
294277,0.011252631578947292
294304,0.1375958886780519
294321,0.1503290322580645
294383,0.16318787878787883
294452,0.0
294476,0.41225
294518,0.3261609756097561
294585,0.3733543859649123
294631,0.20071666666666668
294678,0.2465
294726,0.29725957446808504
294731,0.1509913043478261
294743,0.138984126984127
294753,0.12367701572432244
294762,0.1048
294786,0.18439545454545458
294795,0.11389655172413793
294916,0.011922727272727252
294919,0.308313492063492
294925,0.32582926829268294
294934,0.428559706959707
294944,0.5089777777777778
294953,0.34004809836065575
294957,0.0
295037,0.3624142857142857
295064,0.2605888888888889
295071,0.012463636363636343
295122,0.49324074074074076
295130,0.3824383561643835
295148,0.47370833333333334
295173,0.15411873038018836
295202,0.24606923076923076
295228,0.0
295249,0.00875445544554454
295268,0.0
295300,0.24058461538461545
295325,0.013027272727272776
295348,0.28913142857142854
295351,0.14519903846153848
295371,0.3073694444444444
295376,0.005028571428571438
295382,0.1775822222222222
295393,0.0
295434,0.19036333333333333
295435,0.0
295441,0.24922962962962963
295443,0.12887859078590788
295446,-0.09740525686977297
295488,0.13350399999999996
295546,0.44771045081967215
295552,0.4120723404255319
295579,0.47500672676837724
295620,0.023258333333333325
295632,0.0
295683,0.3271384615384616
295763,0.01187234042553198
295766,0.14915847619047617
295870,0.0
295877,0.354
295900,0.0041400000000000325
295907,0.2788888888888889
295918,0.01178888888888896
295938,0.41279583333333336
295945,0.14266274509803922
295963,0.31871333333333335
296028,0.3874240963855422
296038,0.07461159420289856
296073,0.22046794345645232
296103,0.2169964912280702
296136,0.4000766439909298
296203,0.4551384615384615
296314,0.24041363636363633
296319,0.24055555555555558
296374,-0.2930868859649123
296398,0.4963157894736842
296417,0.0
296481,0.0
296530,0.007227450980392125
296544,0.19329756097560977
296550,0.0
296690,0.0
296692,0.0
296721,0.032642857142857085
296727,0.0
296734,0.189144262295082
296806,0.10027407407407407
296859,0.4879257142857143
296961,0.3809228070175439
296985,-0.03196111111111111
296992,0.36092
297010,0.2510125
297033,0.19554230769230768
297041,0.017750000000000002
297062,0.2731594405594406
297070,0.0
297077,0.3630375
297081,0.0
297086,0.24143333333333333
297115,0.0056926829268292845
297124,0.0
297135,0.33615925925925927
297201,0.45010066889632105
297272,0.33453714285714287
297296,0.031516363636363565
297329,0.2176285714285714
297343,0.16863380281690143
297353,-0.023542857142857143
297355,0.04810000000000003
297374,0.07277142857142857
297400,0.4248973684210526
297420,0.01422666666666672
297436,0.43203015873015876
297534,0.15704037433155071
297567,0.23077460317460313
297571,0.33732173913043484
297573,0.4071543859649123
297609,0.23024999999999998
297612,-0.015862332301341597
297614,0.22587200000000002
297615,0.1948599700149925
297616,0.0
297642,0.10011999999999999
297781,0.16002635423006695
297784,0.1399295681063123
297808,0.19695593220338986
297823,0.3274638888888889
297837,0.24212000000000003
297839,0.025000000000000022
297866,0.35521600000000003
297919,0.1442937735849057
297941,0.0
297953,0.10043552123552124
298047,0.0
298126,0.22948479729729726
298137,0.0
298151,0.23148695652173912
298172,0.0
298220,-0.18372820512820515
298246,0.22409880341880345
298284,0.34283157894736843
298292,0.28252571428571427
298320,0.34461552127162226
298334,0.43625
298397,0.47121666666666673
298400,0.2602642857142857
298415,-0.1832145421076852
298440,0.3538944444444445
298510,0.0
298526,0.3335219512195122
298535,0.46645000000000003
298619,0.215716779661017
298623,0.406809756097561
298663,0.22544999999999993
298667,0.3513555555555556
298710,0.38236875000000003
298718,0.0015592592592592602
298727,0.0
298739,0.0
298747,0.01279047619047613
298773,0.27183749999999995
298784,0.20375000000000001
298830,0.10854868421052632
298854,0.23711999999999994
298902,-0.022654599761051386
298910,0.30625370988446726
298918,0.3198971428571428
298926,0.0
298936,0.0
298949,0.30506101694915255
298966,0.12250666666666665
298993,-0.004418518518518516
299009,0.0
299039,0.013023809523809549
299045,0.2733851851851851
299057,-0.2702942857142857
299073,0.0
299076,0.3281625
299094,0.32811951219512203
299155,0.42612727272727274
299168,0.31069444444444444
299187,0.23766666666666664
299206,0.20602980842911878
299221,0.003103030303030302
299257,0.32052272727272724
299270,0.3462064516129032
299344,0.5173
299347,0.31678076923076925
299350,0.12682500000000002
299460,-0.018666666666666665
299472,0.339008
299482,0.011854545454545451
299497,0.4663769230769231
299535,0.28917973856209156
299568,-0.12147105263157898
299580,0.0
299648,0.0
299736,0.1188168831168831
299822,0.0
299832,0.44728571428571434
299836,0.3582108722358722
299861,0.27157333333333333
299866,0.23876470588235293
299869,0.0
299883,0.2838831168831169
299904,-0.0036245901639344325
299911,0.16284183050847456
299953,0.0
299969,0.3470444444444445
300025,0.43508044444444444
300051,0.0
300055,0.3168053333333334
300098,0.0
300104,0.30185
300145,0.0
300154,0.43951428571428575
300192,-0.037666666666666626
300313,0.19054805194805197
300361,0.31314181818181813
300370,0.0
300381,0.0
300414,0.29160552845528454
300459,0.2946233333333333
300490,0.418284
300525,0.12778799999999998
300576,0.2953111111111111
300606,0.25911021475256774
300628,0.026633333333333342
300631,0.0
300641,0.42796190476190477
300646,0.0
300673,0.4949466666666667
300675,0.2730619047619048
300683,0.0
300684,0.3463583333333333
300696,0.24542062146892657
300730,0.12313333333333332
300845,0.0
300874,-0.06298947368421051
300915,0.10945686274509803
300943,0.27352476767676764
300945,0.13645925331192288
301018,0.0
301125,0.34460714285714283
301135,0.2041
301200,0.1306695238095238
301228,0.2872035353535354
301262,0.0
301290,0.14170158730158727
301292,0.06414146341463411
301331,0.051607850330154054
301422,-0.06294814814814814
301441,0.4117733333333333
301499,0.26559999999999995
301519,-0.023316666666666652
301537,0.22978888888888888
301568,0.2745666666666666
301569,0.0
301594,0.4419878205128205
301606,0.12873212121212124
301613,0.376
301683,0.06059999999999999
301726,0.12536944444444442
301744,0.0
301822,0.46125000000000005
301854,0.06114999999999998
301878,0.0
301892,0.24138760683760685
301936,-0.19222000000000003
301939,0.10792380952380953
301971,0.45164784053156143
301982,0.0763955256869773
302001,0.03127380952380952
302022,0.011666666666666603
302028,0.0
302032,0.06065999999999999
302047,0.33447499999999997
302099,0.1281495172413793
302136,0.15229166666666671
302147,0.35154793233082704
302148,0.49789285714285714
302174,0.3179934426229509
302223,-0.21737391304347825
302243,0.1658551083591331
302294,0.0
302322,0.416775
302330,0.4508461538461539
302348,0.44286666666666663
302369,0.012897959183673535
302445,0.3239923076923077
302456,0.37362648648648644
302524,0.0
302558,0.2583672727272727
302573,0.3549411764705882
302599,0.05655909090909089
302644,0.0
302670,0.11103750000000001
302696,-0.055848275862068975
302711,-0.08442608695652175
302717,0.3973678571428571
302747,0.1498
302771,0.205125
302775,0.0
302965,0.5143333333333333
303026,0.24338035596572183
303046,0.4061789473684211
303050,0.18379259259259262
303127,0.2735187165775401
303214,0.33098181818181815
303250,0.2926966666666666
303275,0.39191538461538467
303317,0.31901333333333337
303350,0.00818769230769234
303359,0.35953103448275864
303388,0.37893103448275867
303399,0.40091851851851845
303450,0.17374545454545456
303543,0.2966761904761905
303549,0.0
303568,-0.01916000000000001
303575,0.2237037037037037
303581,0.05658641975308641
303611,0.1945142857142857
303619,0.17600888888888883
303692,-0.20529999999999998
303699,0.20595
303710,0.18861190476190476
303726,0.0
303736,0.3787391304347826
303748,0.16414782608695652
303762,0.2685333333333333
303839,-0.10624158415841584
303841,0.3335640692640693
303873,0.0
303874,0.4607725
303891,0.09564
303961,-0.02157857142857139
303969,0.14449331550802139
303971,0.22201538461538461
304044,0.0
304050,0.31409499999999996
304057,0.49024166666666663
304094,0.12247142857142862
304122,0.0
304123,0.18716535626535624
304125,0.35185412234042557
304127,0.4598237288135594
304155,0.3438010792860108
304183,0.2573692307692308
304218,0.0
304229,0.40138367346938775
304283,0.2984819672131147
304333,0.11120000000000002
304367,0.17941958041958042
304391,0.3626
304413,0.23768162040510127
304441,0.09227837837837838
304546,0.3654
304552,0.08184176192788101
304566,0.0
304576,0.0
304578,0.0
304603,-0.2560102564102564
304613,0.012116279069767422
304653,0.03752
304805,0.46451875
304807,0.2761259259259259
304843,0.0
304901,0.0
304902,0.36432000000000003
304954,0.0023392156862744873
304957,-0.006324137931034479
305011,0.3248408163265306
305014,0.112618090918462
305045,0.36683414634146344
305048,0.2972078431372549
305080,0.0
305115,0.0
305124,0.0878264705882353
305141,0.15164922305764408
305157,0.10925581395348838
305185,0.19497447380206
305209,0.0
305263,0.0
305298,0.183317880794702
305338,0.5173714285714286
305355,0.0
305359,0.2421478260869564
305365,0.0
305403,0.18483571428571433
305410,0.512736
305474,0.41579629629629633
305491,0.0
305509,0.36773333333333336
305540,0.055400000000000005
305558,0.0
305625,0.0
305669,0.28585294117647064
305695,0.4189384615384615
305723,0.2915
305762,0.13285921052631577
305771,-0.3925739130434782
305853,0.0
305868,0.0
305874,0.0
305910,0.1331241379310345
305917,0.2886404040404041
305983,0.30903783783783784
306037,0.28583
306071,0.39450882352941175
306082,0.22727692307692304
306136,-0.3479
306140,0.3701931034482759
306152,0.037360000000000004
306159,0.09065456811666459
306181,0.29456666666666664
306269,0.49978125
306322,0.11761500600240093
306333,0.0
306399,0.12282281205164992
306423,0.02974451480722666
306512,0.12400355555555553
306525,0.17730697674418602
306549,0.0
306651,0.0
306662,0.11734374999999997
306673,0.015549999999999953
306745,0.0
306750,0.4964166666666666
306796,0.0040000000000000036
306804,-0.04725557809330627
306836,0.01313333333333333
306896,0.23852
306923,0.06888148148148149
306927,0.22566666666666674
306939,0.18575681818181816
306964,0.14345803921568634
306977,0.0
307001,0.3458067415730337
307006,0.31550921052631575
307020,0.2523388888888889
307031,0.17944347826086957
307044,0.4628046511627907
307094,0.34794375
307125,0.3146072398190045
307128,-0.24495999999999996
307172,0.32954814814814815
307189,-0.15555157318741453
307198,0.15515
307206,0.13508148148148152
307218,0.0
307244,0.00588235294117645
307291,0.0
307309,0.13430476190476193
307310,0.0
307314,0.025864634146341464
307315,0.39995
307359,0.38262499999999994
307370,0.2686857142857143
307454,0.053137254901960806
307467,0.3498111111111111
307468,0.2968444444444444
307491,0.0
307498,0.0
307508,0.47555428571428576
307536,0.08612727272727275
307560,0.071088
307611,0.06120624999999999
307705,0.152966110056926
307748,0.4143419354838709
307758,0.0
307768,0.5116444444444445
307801,0.3185513513513514
307803,0.2025963636363636
307832,0.0
307915,0.21013424657534246
307928,0.21452000000000002
307980,0.37600292123109025
308004,0.33571992714025495
308019,0.39641470588235295
308024,0.09244999999999998
308032,0.2757611111111111
308043,0.3631587301587302
308097,0.4568
308103,0.3479333333333333
308105,0.4368240384615385
308142,0.16165714285714283
308146,0.42462425180598556
308161,0.4214
308187,0.011533333333333284
308188,0.0
308194,0.0
308222,0.0
308238,0.18816666666666665
308310,0.4455584905660377
308326,0.19027272727272732
308333,0.20684444444444444
308372,0.0
308384,0.2651
308453,0.0
308460,0.0
308482,0.04486000000000001
308501,0.0
308540,0.23315827493261465
308565,0.489496551724138
308573,0.3944346666666667
308587,0.013790909090909076
308645,0.0
308647,0.07246808510638303
308659,0.217485
308671,0.11831929824561405
308707,0.0
308722,0.0
308726,0.31139205882352944
308741,0.0
308751,0.0
308762,0.22562000000000001
308778,0.0
308784,0.17353333333333334
308817,0.15871526881720432
308824,0.3555965811965812
308832,-0.02203333333333335
308859,0.26189523809523807
308860,0.456325
308873,0.0
308895,0.1919443298969072
308912,0.0
308984,0.26480000000000004
309010,0.3072857142857143
309061,0.21129090909090908
309144,0.31320655737704917
309183,0.008186486486486566
309205,0.42163764705882356
309242,0.2989259259259259
309269,0.0
309299,0.0
309308,0.21210000000000007
309372,-0.08116923076923077
309403,0.0
309449,0.0
309475,-0.03550937499999998
309478,0.4590000000000001
309484,0.0
309516,0.37577812499999996
309522,0.25376666666666664
309648,0.14373333333333332
309673,0.09805000000000003
309700,0.5015783157894738
309740,0.0
309746,0.5268999999999999
309748,0.10658823529411765
309767,0.07919999999999999
309805,0.2980285714285715
309808,0.5318150943396226
309818,0.4431089285714286
309863,0.4564571428571429
309888,0.2322777777777778
309891,0.12007179487179487
309916,0.22307441860465116
309938,0.3738984615384615
309958,0.3716041666666667
309983,0.3321909090909091
310050,0.44471560379918584
310062,0.3098923076923077
310068,0.0
310073,0.012678571428571428
310093,0.0
310104,0.0
310141,-0.012795977372721548
310150,0.3983027027027027
310194,0.21289090909090908
310212,0.401117748917749
310213,0.3133324675324675
310279,0.5016
310349,0.3231132467532468
310379,0.16139999999999993
310427,0.45938518518518523
310432,0.0
310441,-0.010250000000000009
310477,0.40646874999999993
310516,0.09364402515723272
310571,0.45489999999999997
310588,0.3296
310615,0.0
310674,0.0
310729,0.3343333333333333
310745,0.34967878787878787
310772,0.013097142857142807
310802,0.3319037037037037
310878,0.005408000000000024
310897,0.21993333333333326
310900,0.44097142857142857
310920,0.4003913043478261
310938,0.16836279069767443
310955,0.0
310956,0.38242499999999996
310958,0.17305555555555557
310996,0.47890909090909084
311008,0.5325111111111112
311072,0.11096666666666666
311186,0.2619
311215,-0.11647208436724565
311223,0.23413333333333333
311262,0.0
311281,0.4197000000000001
311304,0.5146666666666667
311318,0.5038285714285715
311338,0.010463157894736841
311391,0.0
311394,0.3636666666666667
311424,0.22942500000000002
311438,0.42632000000000003
311477,0.037907636363636366
311482,0.38042444444444445
311490,0.0
311518,0.0
311536,0.005900000000000016
311676,0.10193050910442214
311734,0.1738361111111111
311735,0.13839999999999997
311755,0.18767999999999999
311766,0.0
311818,0.014015384615384652
311858,0.0
311859,0.10685423728813559
311885,0.4194809523809524
311907,0.0
311962,-0.06461818181818182
311963,0.3269172413793104
311995,0.128936
311997,0.01282142857142865
312046,0.32576666666666665
312086,0.078059797979798
312087,0.29375555555555555
312093,0.3195509433962264
312129,-0.08651891891891893
312135,0.1410621739130435
312136,0.3164454545454546
312153,0.0
312188,0.49181641209943094
312190,0.3921692307692308
312288,0.0
312343,0.3461914285714286
312377,-0.13164117647058826
312471,0.0
312478,0.0
312498,0.25117
312537,0.17176999640417115
312576,0.0
312634,0.24572962962962963
312637,0.28735557065217393
312666,0.49881600000000004
312684,0.0
312699,0.39339921321793864
312715,0.2038808510638298
312719,0.3538206896551723
312734,0.33104
312829,0.0
312833,0.44436923076923074
312844,-0.2890358056265985
312912,0.32709454545454547
312959,0.08292765957446807
313010,0.18244999999999997
313013,0.0
313047,0.0
313053,0.0
313085,0.0
313102,-0.29594
313113,0.39729666666666663
313128,0.0
313145,0.014447619047619042
313206,0.3598166666666667
313219,-0.6203828571428571
313240,0.0131
313272,0.4884083333333333
313273,0.14721066997518611
313286,0.32549999999999996
313307,0.20601000000000003
313339,0.17767027027027033
313344,0.0
313355,0.0
313376,0.4486833333333333
313480,0.19766506357103372
313503,0.30810999999999994
313505,0.0
313543,0.5031476190476191
313558,0.29668275862068966
313597,0.0
313658,0.37285142857142856
313720,0.386524
313790,0.0
313809,0.04442323232323234
313836,0.04347999999999999
313913,0.3030913636363637
313920,0.0
313983,0.0
313987,-0.28365
314074,0.3788727047146402
314075,0.23594375
314125,0.39170000000000005
314150,0.2282285714285714
314189,0.0
314196,0.3848186046511628
314199,0.0
314251,0.3039288888888889
314338,0.008947142857142876
314352,0.0
314354,0.44039259259259256
314391,0.1663357142857143
314450,-0.012587878787878704
314476,0.018425000000000025
314491,0.21488615384615384
314516,0.3888979405034325
314600,0.0
314632,0.15623789473684213
314637,0.4203358974358975
314653,0.38026153846153843
314663,0.29255714285714285
314695,0.0
314731,0.1792571428571429
314746,0.26912
314759,0.3909
314765,0.09294634146341463
314877,-0.5890615384615385
314914,0.2918813596491228
314928,0.013350000000000084
314956,0.0
314960,0.37572631578947363
314998,0.15777321937321936
315090,0.40418695652173914
315113,0.21034358974358974
315190,0.008047619047619081
315242,0.1514229372080954
315277,0.35770256410256407
315296,0.0
315327,0.22445925925925925
315369,0.0
315371,-0.34080357142857143
315383,0.24530434782608695
315389,0.10244122383252818
315425,0.026942539767173194
315481,0.35396170212765954
315523,0.18556227106227108
315588,0.0511037400654511
315611,0.0
315612,0.10469952978056424
315614,-0.28364999999999996
315625,0.15321052631578952
315668,0.0
315688,0.0
315704,0.1780133333333333
315748,0.21448615384615385
315753,0.20001111111111114
315766,0.1015882352941177
315772,0.3623711229946524
315843,0.16612
315915,0.0
315928,0.012070967741935501
315967,0.258804
316002,0.2668941176470588
316051,0.0
316055,0.09539999999999998
316056,0.46576666666666666
316075,0.0131
316101,0.28996249999999996
316113,0.18457140751658074
316115,0.3843923076923077
316147,0.14750678733031675
316154,0.18280810810810805
316167,0.0
316173,0.4431351851851852
316180,-0.1249702683615819
316196,0.1582677966101695
316245,0.0
316259,0.3706704951298701
316285,0.1602207317073171
316295,0.21648754208754217
316306,0.380172972972973
316317,0.11647777777777779
316334,0.12386315789473684
316357,0.17874
316399,0.12831555555555557
316414,0.28432
316493,0.2585333333333333
316495,0.15356363636363637
316513,0.018933333333333358
316574,0.36279999999999996
316603,0.21385833333333332
316618,0.26253880077369446
316631,0.39162857142857144
316633,0.0
316636,0.1778
316650,-0.2823904761904762
316659,0.0
316692,0.11651477058453802
316725,0.3502333333333333
316742,0.0
316744,0.21222991452991455
316766,0.51852
316793,0.3756711111111111
316815,0.0
316821,0.28698181818181817
316868,0.2064237288135593
316884,0.0
316896,0.24228000000000002
316924,0.2075077922077922
316941,0.06774285714285713
316960,0.38479130434782616
317002,0.2692734693877551
317024,0.44156799999999996
317036,0.2508590909090909
317116,0.022882352941176465
317121,0.0
317149,-0.49916363636363636
317193,0.5074
317225,0.22174166666666664
317230,0.2857
317236,-0.060624999999999984
317237,0.40377142857142856
317242,0.0
317248,0.013399999999999967
317303,0.208175
317310,0.38216000000000006
317340,0.4175522727272727
317344,0.34350370370370376
317351,0.3143422077922078
317420,0.27917771739130437
317489,0.061071428571428554
317490,0.0
317502,0.0
317511,0.07972105263157891
317528,0.28041333333333335
317550,0.0
317562,0.0
317594,0.33584532019704433
317646,0.18925979381443298
317668,0.0
317677,0.4142237114997679
317678,0.23241761006289313
317765,-0.5024352941176471
317820,0.26921875000000006
317826,0.0
317834,0.0
317838,-0.011753333333333282
317897,0.17528834459459458
317904,-0.10752195121951218
317921,0.3067058823529412
317954,0.29128
318107,0.28523200000000004
318112,-0.12372
318141,0.2844971428571428
318172,0.10759280575539565
318201,0.46795
318202,0.4893142857142857
318248,0.45676086956521744
318267,0.43813701923076925
318302,0.35250980769230766
318363,0.30314
318370,0.14398499999999997
318456,0.011600000000000055
318493,0.19575744680851062
318522,0.3310357487922705
318533,0.0
318542,0.32757500000000006
318602,0.011406250000000007
318619,0.0
318675,0.19691954887218038
318677,0.08685999999999999
318725,0.3389809523809524
318746,0.0
318753,0.14651515151515154
318763,0.0
318810,0.0
318891,-0.15640851434700992
318942,0.002779710144927533
318948,0.09648333333333325
319010,0.11903478260869566
319049,-0.35996774193548386
319093,0.0
319118,0.0
319119,0.4734625
319132,0.23579999999999995
319156,0.011999999999999955
319225,0.26703190534475724
319229,0.0072716981132075476
319235,0.0
319244,0.355572
319271,0.0
319272,0.0
319309,0.0
319362,0.007539999999999991
319420,0.17053529411764712
319437,0.13458648648648652
319507,0.46143750000000006
319533,0.08008868778280542
319570,0.04903333333333332
319642,0.439565
319660,0.2071
319682,0.007339999999999958
319695,0.14353993355481726
319718,0.32993333333333336
319749,-0.005413043478260826
319877,0.11245161290322583
319983,0.0
320025,0.017677551020408133
320034,0.27101333333333333
320063,0.2608742857142857
320076,-0.1619851948051948
320115,0.5093388888888889
320146,0.08964060721062617
320156,0.0
320171,0.029096004378762974
320182,0.13781739130434784
320225,0.012947826086956521
320242,0.0
320247,-0.17923749999999997
320314,0.0
320342,0.1480043636363636
320401,0.2720333333333334
320501,0.0
320520,0.06710714285714281
320550,0.4623392857142857
320561,0.004388888888888887
320574,0.5105244805781392
320650,0.24154202898550725
320677,0.46262095238095235
320686,0.1370171428571429
320708,0.4618291666666666
320710,0.1706928571428572
320712,0.20678064516129036
320744,0.12825635359116022
320759,-0.06448333333333334
320786,0.006130769230769273
320824,0.2667307692307691
320836,0.19791111111111115
321001,0.30093959183673474
321035,0.0
321185,0.01349565217391302
321190,0.14712044198895025
321264,0.5148199999999999
321271,0.46637837837837837
321296,0.19354285714285713
321334,0.22450277777777777
321338,0.0
321339,0.013030000000000042
321368,0.48956
321409,0.24030769230769228
321449,0.0
321485,0.23980512820512823
321493,0.10934827586206897
321515,0.0016310344827586282
321537,0.12886666666666668
321555,-0.49378169336384437
321561,0.13011940298507457
321592,0.2653604197901049
321624,0.0
321631,0.22768571428571427
321684,0.506678787878788
321707,0.0
321747,0.0
321779,0.13165128205128204
321780,0.0
321811,0.0743214285714286
321868,0.0
321875,0.08761227272727273
321902,0.0
321928,0.3522642533936652
321945,0.42318518518518516
322021,0.31799164835164834
322099,0.4177416666666667
322121,0.012173913043478257
322133,0.16148461538461537
322145,0.2226826086956522
322203,0.3879176470588236
322285,0.0
322294,0.0
322370,0.0
322406,0.4678714285714286
322479,0.08726486486486484
322542,0.0
322548,0.009471186440678014
322574,0.0
322628,0.0
322650,0.21242
322701,0.0
322705,0.0
322713,0.3035595394736842
322806,0.4283333333333333
322825,0.41925
322925,-0.12392727272727272
322927,0.22531764705882357
322952,0.20744074074074076
322991,0.33898518518518517
323063,0.15679894179894177
323081,0.0
323159,0.2397821428571429
323182,0.3664691001697793
323257,0.3455685393258427
323290,0.01301538461538454
323303,0.053754666666666645
323318,0.0
323354,0.20656875000000002
323369,0.5293866666666667
323375,0.0
323405,0.281875
323414,0.0
323443,-0.453225
323532,0.09967058823529412
323537,0.438613698630137
323543,0.0
323647,0.41317419354838714
323680,0.0
323724,0.3315352941176471
323725,0.0
323752,0.347318918918919
323794,0.46086249999999995
323800,0.3733214492753623
323828,0.11683333333333334
323829,0.10740000000000005
323850,0.0
323875,0.44814901960784315
323913,0.0
323946,0.0
323975,0.14316086956521742
324057,0.523109090909091
324112,0.0
324120,0.3056320335429769
324128,0.08760923076923076
324150,0.22672499999999998
324180,0.16347547169811322
324194,0.5238400000000001
324209,0.24291111111111113
324215,0.26371980295566505
324220,0.0
324261,-0.026470658682634735
324266,0.31978307692307695
324287,0.27521764705882357
324307,0.29978046783625734
324327,0.0
324335,0.27286608695652176
324400,0.2634971428571428
324410,0.0
324431,0.041247605500237094
324482,0.26295500000000005
324538,0.21827692307692306
324563,0.0
324571,0.0
324585,0.42714573268921097
324597,0.0
324663,0.0
324705,-0.02143400000000001
324713,0.23637666666666668
324817,0.13539148936170214
324970,0.07644000000000001
324971,0.24167692307692307
324983,0.32804285714285714
324990,0.0
325024,0.3130875
325042,0.0
325054,0.013862068965517227
325085,0.0
325097,-0.1339285714285714
325099,0.009500000000000064
325110,0.2954401157184185
325119,0.0
325125,-0.03529185185185185
325147,0.0
325175,0.0
325187,0.0
325201,0.22438032036613273
325207,0.013533333333333286
325298,0.19626565656565656
325355,0.43348109243697475
325364,0.3123714285714286
325368,0.3423555555555556
325407,0.0
325476,0.2510547619047619
325515,0.35244
325536,0.15756559139784942
325564,0.0
325610,0.2249428571428571
325611,0.10197037037037036
325632,0.1998144265697976
325655,0.06767318181818183
325670,0.0545500000000001
325688,0.4333819327731092
325767,0.11826428571428571
325779,0.0
325829,0.11238947368421051
325853,0.33515
325893,0.46572830188679243
325894,0.014068181818181813
325932,0.333866013986014
325944,0.20821179487179486
325994,0.05544285714285713
326011,0.1513601809954751
326055,0.19398620689655172
326071,0.013571428571428568
326073,-0.2346471326164875
326112,0.0
326116,0.3917414634146341
326151,0.1403425
326155,0.21187407407407405
326206,0.3274222222222222
326311,0.2564060606060606
326334,0.042577777777777714
326344,-0.05500223776223778
326351,0.0
326398,0.08559914917753829
326443,0.008049122807017528
326629,0.24266153846153846
326655,0.288595
326688,0.13559574468085106
326713,0.012864864864864933
326716,0.0
326761,0.004615384615384632
326836,0.14151200000000003
326849,0.15994000000000003
326974,0.10065851851851854
327019,0.3774576923076923
327023,0.25073023255813953
327031,0.2338307692307693
327049,0.03507758913412565
327122,0.37154545454545457
327212,0.5152206896551724
327215,0.0
327223,0.2879957446808511
327316,0.42412352941176473
327450,0.0
327480,0.0
327484,0.0
327579,0.25903170731707315
327585,0.0
327605,0.0
327701,0.0
327743,0.36153636363636366
327746,0.33064590163934426
327818,0.43134
327896,0.2532018867924528
327897,0.34285873015873014
327914,0.35472828185328187
327919,0.06175862068965518
327998,0.2138525
328005,0.07255894538606411
328006,0.014249484536082435
328029,0.0
328047,0.0
328069,0.21508148148148148
328072,0.365369696969697
328093,0.013075675675675691
328112,0.0
328131,0.16863999999999998
328177,0.09785625
328208,0.1437484848484848
328216,0.11060392156862744
328236,0.10779675070028011
328241,0.0
328258,0.4565878248974008
328311,0.2596118805970149
328339,0.46467785714285714
328360,0.18488651778329196
328387,0.4861379310344827
328444,0.4304181818181818
328468,0.3483711578947368
328480,0.24390666666666672
328509,0.4585333333333333
328510,0.3429333333333333
328568,0.0687957983193277
328605,0.31510000000000005
328689,0.3230745762711864
328721,0.0
328779,0.18652999999999997
328804,0.2691924585218703
328811,0.1308035087719298
328821,0.13868125000000003
328877,0.0
328885,0.4010045454545455
328890,0.34097543859649126
328930,0.3965019607843137
328972,0.3276869565217391
328977,0.3628692307692308
329018,0.33682500000000004
329038,0.37111428571428573
329064,0.2966833333333334
329194,-0.010157894736842088
329197,0.0
329226,0.3386321428571428
329228,0.0
329242,0.0
329248,0.17479000000000006
329322,0.16314666666666666
329323,0.0
329340,0.003053846153846157
329368,0.20104009146341464
329385,0.0
329416,0.4524432432432432
329419,0.4600863636363637
329512,0.040990476190476244
329586,0.0
329637,0.2686666666666666
329658,0.0
329670,0.22814117647058824
329685,0.32321176470588237
329698,0.01266666666666666
329706,0.15680151515151514
329721,0.4162754716981132
329737,0.0
329739,0.007834482758620642
329761,0.24569999999999997
329774,0.16162932939362795
329778,0.48077000000000003
329824,0.23364285714285712
329869,0.2200888888888889
329975,0.3820888888888888
329993,0.44455
330000,-0.04564444444444449
330009,0.4460363636363636
330026,0.11410519480519477
330027,-0.0252280701754386
330060,0.4875122807017544
330061,0.0
330106,0.27222380952380953
330115,0.16910833333333336
330142,0.0
330148,0.10323749999999998
330206,0.29086060606060604
330222,0.396
330229,0.008831818181818218
330236,0.2705888888888889
330252,0.3995828571428572
330264,0.20053584905660377
330288,0.466
330343,0.06314999999999998
330360,0.357852380952381
330394,0.17943076923076923
330406,0.008496296296296335
330415,0.2963454545454545
330416,0.2005
330473,-0.027994594594594635
330479,0.15002784552845527
330569,0.055333333333333345
330580,0.31601
330598,0.48442857142857143
330600,0.0989650639074863
330616,0.14197079476954466
330662,0.24017
330691,0.4842967741935484
330697,0.26709082926829264
330706,0.0
330735,0.10402
330741,0.18128275862068965
330819,0.32259090909090904
330913,0.5315977443609022
330990,0.39951402439024386
331051,0.013590000000000102
331073,0.0
331081,0.42134090909090915
331104,0.28212941176470585
331128,0.25261538461538463
331215,-0.40876666666666667
331219,0.2902881355932203
331314,0.3125757575757576
331341,0.0
331350,0.14155555555555555
331356,0.237172602739726
331368,0.38253333333333334
331408,0.0948747474747475
331413,0.21106666666666665
331453,0.0
331498,0.0
331505,0.09213599999999997
331556,0.32916
331569,0.0
331632,0.0
331638,0.0
331806,0.14504999999999996
331832,0.27325
331834,0.4951728571428571
331837,0.0
331854,0.40755714285714284
331871,0.0
331970,0.26888
331991,0.012684263959390818
332045,0.13070909090909094
332086,0.06918863000931968
332087,-0.072075
332138,0.3013511111111111
332140,0.29515925925925923
332157,0.0
332162,0.3750863636363636
332249,0.15530000000000005
332290,0.0
332339,0.00381999999999999
332373,0.45826779661016953
332399,0.31448402402402403
332409,0.4223928571428571
332420,0.23092999999999997
332422,0.3177230769230769
332432,0.05872631578947368
332470,-0.048382599355531686
332510,0.3557158536585366
332518,0.18733887855434492
332543,0.2757333333333333
332558,0.0
332578,0.11951428571428568
332624,0.38756535326086955
332642,0.11390659898477158
332668,0.1420304347826087
332675,0.35687499999999994
332677,0.4062363636363636
332793,-0.19011351351351352
332798,0.4025282051282051
332831,0.35223076923076924
332884,0.1304702702702703
332888,0.0
332911,0.3151625
332940,0.0
332953,0.23498333333333332
332963,0.0
332973,0.0
332991,0.0
332996,0.0
333012,0.3691368421052632
333018,0.1687
333082,0.2612588235294117
333088,0.4990950819672131
333116,0.2316824827586207
333125,0.43205142857142853
333129,0.19905217391304347
333130,0.2706137931034483
333132,0.05906472868217055
333148,0.5458981132075472
333169,-0.05083461538461542
333210,0.0
333234,0.41741500000000004
333256,0.36374799999999996
333280,0.17292857142857143
333285,0.18823703703703704
333330,0.10937380952380954
333381,0.21413000000000001
333413,0.0
333450,0.0
333453,0.2547777777777777
333531,0.460136
333548,0.4612307692307692
333549,0.0
333554,0.2294
333557,-0.02614166666666662
333578,0.09173600000000004
333667,0.4983258282623394
333670,0.19330555555555556
333672,0.0
333677,0.0
333706,0.0
333718,0.20826315789473687
333728,-0.231134275248561
333751,0.0
333782,0.4631528619528619
333795,0.2137
333804,0.15980405405405396
333828,0.17845049435028248
333844,0.006892857142857145
333849,0.1622825136612022
333853,0.013929032258064522
333903,0.0
333929,0.26893333333333336
333983,0.0
333999,0.0
334003,0.35553809523809526
334004,0.13849473684210525
334023,-0.2098685185185185
334063,0.01174090909090908
334078,0.011796428571428597
334084,0.0
334120,0.3385
334155,0.18885032840722496
334200,-0.024744000000000044
334233,0.0
334236,0.0
334242,0.17359199999999997
334269,0.2942857142857143
334403,0.013264285714285728
334410,0.0
334423,0.0
334450,0.1796814814814815
334528,0.09650759766889704
334549,-0.704164705882353
334557,0.013472727272727303
334598,0.0
334600,0.0
334604,0.0
334617,0.18376781609195403
334623,0.30550000000000005
334668,0.15781666666666663
334723,0.0
334761,0.13764324324324326
334762,0.0
334764,0.22310909090909092
334793,0.06499756097560974
334829,0.0
334833,-0.11470434782608696
334855,0.39682040816326525
334922,0.35920434782608696
334936,0.0
334944,0.3387733893557423
334972,0.19665957446808513
334977,0.21240000000000003
335008,0.0
335047,0.0
335067,0.18879666666666664
335091,0.14889282282282282
335108,0.30285131578947366
335136,0.42014153846153846
335179,-0.28885882352941183
335203,0.2399333333333333
335204,0.27765306122448985
335247,0.17247555555555555
335268,0.45088403976975405
335278,0.3982679425837321
335286,0.3343954545454546
335320,0.26865614035087715
335321,0.19999999999999996
335329,0.0
335388,0.07657083333333334
335478,0.32315999999999995
335530,0.09954787878787877
335533,0.0
335553,0.03427999999999998
335574,0.322703448275862
335611,0.46033043478260866
335629,0.0
335634,0.46134
335684,0.0
335720,0.21388333333333334
335721,0.3198227386648439
335728,0.2812181818181818
335739,0.4771253731343284
335752,-0.06242500000000001
335845,0.0
335872,0.27435190097259066
335938,0.43854545454545457
335993,0.3923958333333333
336018,0.10723851851851857
336020,0.25604444444444446
336022,0.1620174129353234
336053,0.15318181818181814
336084,0.2898666666666667
336110,-0.009742857142857164
336160,0.02675000000000005
336162,-0.007050000000000001
336223,0.45983056716417914
336237,0.224795652173913
336259,0.3015
336261,0.0
336281,0.38521260504201676
336332,0.2656857142857143
336362,0.1641661016949153
336367,0.22825072463768117
336466,0.33965957446808515
336490,0.35716551724137935
336522,-0.033616666666666684
336542,0.008698181818181716
336543,0.003777777777777769
336562,0.12741323529411763
336574,0.28657619047619043
336599,0.41730909090909096
336608,0.11324000000000001
336625,0.06261515151515154
336651,0.0
336656,0.36529999999999996
336657,0.24149999999999994
336704,0.3739642857142857
336718,0.4872666666666667
336729,0.4867900967117988
336742,0.24584975468975467
336799,0.22677499999999995
336853,0.2996181818181818
336868,0.43238
336870,0.33656470588235293
336871,0.0
336875,0.24750000000000003
336881,0.21077575757575756
336915,0.18092380952380951
336920,0.0
336966,0.04325000000000001
336971,0.0
336979,0.3123822222222223
336986,0.024922222222222234
337016,0.0
337084,0.31142857142857144
337086,0.07739726027397265
337102,0.20512666666666662
337113,-0.02902133333333333
337120,0.40443948387096773
337236,0.0
337238,0.32674285714285717
337274,0.16024126984126985
337288,0.0
337326,0.31256666666666666
337396,0.0
337438,0.1857950882027015
337466,0.4701333333333333
337477,0.023490909090909118
337501,0.0
337548,0.041504761904761905
337616,0.07894602836879433
337644,0.1866666666666667
337749,0.0
337779,0.3236645161290323
337816,0.48007000000000005
337843,0.0
337929,0.45302
337932,0.15554857142857137
337935,0.0
337965,0.14828852459016395
337995,0.0
337999,0.0
338022,0.32967
338065,0.15923333333333334
338092,0.1099118181818182
338109,0.0
338112,0.30101666666666665
338133,0.18586060606060606
338144,0.0
338152,0.1539952380952381
338159,0.25810301003344477
338163,0.0
338218,0.0
338220,0.2543243055555556
338242,0.0
338256,0.0
338319,0.27109999999999995
338342,0.32449090909090905
338351,0.242936104016717
338360,0.3593363636363637
338380,0.4171818181818182
338402,0.22968
338405,0.0
338419,0.2907822222222223
338440,0.013080000000000092
338452,0.0
338510,0.002287499999999998
338624,0.14654444444444448
338650,0.16531298076923073
338706,0.4073661016949153
338714,0.002569696969696972
338732,0.01200000000000001
338758,-0.24641428571428575
338762,0.0
338780,0.34312990469340043
338794,0.16293333333333335
338816,0.0
338823,0.20861939655172412
338835,0.0
338837,0.42728
338862,0.4676705167173253
338881,0.246275
339031,0.3073166666666666
339041,0.20380363462458156
339098,0.1700833333333333
339124,0.1510896551724138
339166,0.21891101157148196
339231,0.06738095238095232
339247,0.0
339249,0.19258370927318297
339266,0.17433564356435644
339270,0.011852380952380948
339282,0.0
339296,0.0
339312,0.38224545454545455
339375,0.005610980392156864
339393,0.17570666666666668
339397,0.0
339437,0.3151818181818181
339527,0.0
339594,0.34600000000000003
339600,0.032266666666666666
339608,0.22053571428571428
339709,0.09068484848484848
339724,-0.38809999999999995
339770,0.21029538461538466
339791,0.0
339800,0.0
339809,-0.058443636363636364
339813,0.0
339874,0.0
339883,0.0
339891,0.0
339944,0.12514090909090908
339955,0.370625
339969,0.07805400000000001
340005,-0.33930638407857333
340038,0.25880476190476187
340063,0.33095510204081635
340074,0.2610915254237288
340075,-0.024550000000000016
340091,0.3376056530214425
340135,0.431964861379755
340179,0.02461018633540374
340202,0.32417142857142855
340221,0.11414545454545455
340226,0.08827142857142856
340250,0.3789952872444012
340281,0.37251999999999996
340282,0.23885094017094022
340322,0.06991351351351349
340336,0.23645833333333338
340353,0.2576116710875332
340358,0.3783647005444646
340362,0.0
340378,0.4618296296296296
340386,0.3337333333333333
340426,0.38104444444444446
340455,0.17585714285714285
340531,0.0
340537,0.12922972972972976
340545,0.20798214285714284
340546,-0.2859666666666667
340548,0.44026046511627903
340555,0.44195000000000007
340752,0.0
340772,0.07313333333333333
340778,0.16636363636363638
340843,0.28863287671232873
340847,0.16274999999999995
340863,0.012371428571428589
340871,0.0
340888,0.1740888888888889
340910,0.46905
340971,0.0
340976,0.12754222222222222
340978,0.15634615384615383
340992,0.0
341004,0.2923916483516483
341026,0.3782
341079,0.19745263157894732
341093,0.3343846153846154
341112,0.1852083333333333
341124,0.2544666666666666
341138,0.0
341140,0.16059760683760682
341142,0.06644210526315791
341159,0.31540655737704926
341163,0.44588571428571433
341191,-0.25086250000000004
341228,0.0
341249,-0.006206896551724128
341260,0.0
341306,0.0
341335,-0.03662196078431379
341336,0.3366743498817966
341383,0.13437894736842104
341401,0.38473333333333326
341402,0.39750344827586204
341426,0.0653
341514,0.33192424242424245
341523,0.28800000000000003
341542,0.3648
341553,0.19770277777777776
341581,0.004730000000000012
341600,-0.3026333333333333
341640,0.2793333333333333
341659,0.18965263157894735
341662,0.37625
341732,0.0
341764,0.0
341854,0.3803290322580645
341878,0.18928
341885,0.4146066666666667
341909,0.23268666666666665
341911,0.15375384615384613
341917,0.4440139534883721
341933,0.0
342003,0.13503048128342243
342005,0.48686415094339625
342027,0.32919999999999994
342059,0.29003636363636365
342084,0.0
342097,0.11512258064516129
342108,0.5378416666666667
342123,0.0
342167,0.0
342178,0.11630526315789469
342186,0.23984021739130434
342187,0.38534375
342193,-0.19373670175438595
342227,0.21492421052631572
342231,0.0048000000000000265
342283,0.37881333333333334
342299,0.2312919197117859
342327,0.13579452054794522
342366,0.433128125
342403,0.15324137931034482
342405,0.3448368421052631
342425,0.5083533333333333
342464,0.10951063829787233
342542,0.12034999999999996
342566,-0.1542557809330629
342598,0.3162974358974359
342624,0.0
342638,0.22214
342651,0.0
342675,0.0
342679,0.32582666666666665
342697,0.121
342768,0.21221999999999996
342825,0.0
342871,0.0
342908,0.0
342913,0.40668571428571426
342925,0.4577066666666667
342932,0.13304210526315785
343039,0.41675126291618836
343068,0.224525
343097,0.047582352941176465
343098,0.004066666666666663
343115,0.48366850863422295
343155,0.25537966101694914
343252,0.30655
343277,0.0016909090909090901
343322,0.013599999999999945
343324,0.0
343333,0.44133855185909976
343368,0.34464864864864864
343497,0.013868965517241372
343514,0.396235294117647
343560,0.4192429467084639
343570,0.0
343611,0.0
343657,0.3043555555555556
343745,0.36510857142857145
343781,0.2914
343800,0.29205714285714285
343895,0.20007096774193545
343898,0.20252083333333332
343904,0.0
343921,0.45189210526315793
343928,0.12252000000000002
343935,0.008380000000000054
344018,0.045512
344033,0.252
344041,0.5247392857142857
344055,0.28167626016260155
344093,0.2389142857142857
344129,0.19119177631578949
344130,0.0
344148,0.18072694610778445
344176,0.5189803921568628
344191,0.2546422068965517
344211,0.21987936507936506
344268,0.14428888888888888
344278,0.0
344349,0.18290214285714285
344351,0.0
344462,0.31580714285714284
344463,0.3731589743589744
344479,0.3303379310344827
344480,0.25355888888888894
344526,0.42829999999999996
344528,0.0
344549,0.412248
344561,0.0692272577996716
344574,0.0
344612,0.0
344625,0.02021379310344823
344651,0.34052
344693,0.013584615384615417
344739,0.06543545150501667
344746,0.3355272727272727
344806,0.0
344847,0.0
344865,0.3547363636363636
344899,0.18881999999999996
344912,0.18977906976744185
344937,0.13054838709677416
344947,0.246635
344969,0.3773142857142857
344977,0.010199999999999987
344984,0.01319999999999999
345000,0.33199999999999996
345012,0.10079666666666665
345039,0.0
345107,0.11947344632768364
345109,0.0
345135,0.0
345148,0.0
345216,0.39915
345273,0.46150476190476186
345281,0.45510000000000006
345302,0.1579175
345357,0.10178032424465733
345407,0.24936296296296298
345440,-0.16702222222222218
345458,0.400652380952381
345513,0.27096000000000003
345529,0.3878782608695652
345624,0.15917142857142855
345632,0.3943655172413793
345638,0.0
345641,0.16535213793103454
345644,0.12091333333333337
345656,0.25277777777777777
345667,0.23306980392156862
345712,0.36188205128205125
345778,0.26691034482758624
345789,0.0
345797,0.0
345825,0.27019128205128207
345829,0.0
345844,0.0
345856,0.0
345882,0.2795485643970468
345901,0.3672689655172414
345935,0.0
345948,0.25464117647058826
345954,0.007211764705882362
345990,0.40389019607843135
345998,0.4071895238095238
346027,0.2729131228070175
346060,0.2696682926829268
346067,0.013852173913043386
346092,0.4169414634146341
346141,-0.23104000000000002
346160,0.20365
346167,0.3857521739130435
346180,0.34478333333333333
346184,0.14491057692307696
346220,0.3559862700228833
346269,0.13671943656049615
346276,0.1564025641025641
346300,0.36294399999999993
346315,0.26625714285714286
346356,0.0
346368,0.0
346437,0.3110216216216216
346458,0.0918822548173713
346484,-0.345370731707317
346575,0.25903333333333334
346579,0.16553898305084747
346606,0.2703272727272728
346611,0.0
346620,0.24817999999999998
346653,0.0
346660,0.3389285714285714
346683,0.2687022332506203
346711,0.0
346728,0.0
346811,0.24923125000000002
346843,0.0
346872,0.3970444444444445
346901,0.3667888888888889
346903,0.3008537735849056
346904,0.0
346945,0.0
346959,0.13524999999999998
346970,0.2471103448275862
347032,0.44836
347036,0.2773478260869565
347062,0.18425780885780896
347080,0.011953846153846093
347099,0.17615714285714285
347113,0.24095666666666665
347115,0.0
347139,0.003313636363636352
347163,0.0
347210,0.3619366666666667
347225,0.0
347236,0.00915428571428567
347255,0.1537095238095238
347270,0.3485
347273,0.03656521739130436
347281,0.21010947148090003
347306,0.4055199602780537
347349,0.0
347408,0.27509253731343286
347446,0.0
347462,0.0
347482,-0.29379999999999995
347514,0.002514285714285719
347525,0.18993725490196078
347649,0.36125365853658536
347662,0.36560000000000004
347668,0.33888
347715,0.25439944082013044
347739,0.5033573333333333
347755,0.28250270270270267
347792,0.32437894736842104
347831,0.3466787878787878
347861,0.01345833333333335
347917,0.0
347939,0.0
347997,0.4463775314116778
348001,0.0
348002,0.4112438574938575
348008,0.29568955223880594
348009,0.4403454545454546
348057,0.2620413793103449
348090,0.2969609756097561
348095,0.00957894736842102
348188,0.011310638297872377
348198,0.48963809523809526
348210,0.0
348237,0.0
348241,-0.42099
348323,0.36756206896551724
348403,0.27977736263736264
348422,-0.026896000000000003
348439,0.0
348459,0.34915862068965514
348496,0.3751045614035088
348514,0.0
348539,0.007866666666666688
348541,0.37155625000000003
348559,0.0
348593,0.0
348614,0.012628571428571433
348640,-0.08778707692307691
348656,0.011536842105263179
348662,0.0
348684,0.19670328947368423
348686,0.2684156862745098
348687,0.33679999999999993
348696,0.4891296296296297
348729,0.3587744680851064
348734,0.21942846153846157
348744,0.0
348779,0.0038374999999999937
348787,0.14281081081081082
348800,0.0
348811,0.3831644444444444
348813,0.0
348841,0.08250869565217392
348851,0.2550545454545454
348862,0.18973555555555555
348885,0.013751851851851904
348948,0.0
348952,0.32792
348961,0.37009473684210525
348970,0.19665070422535208
349041,0.3970833333333333
349057,0.14297777777777776
349075,0.2749584134615385
349083,-0.07199615384615385
349094,0.0
349106,0.4307482758620689
349110,-0.09362500000000001
349120,0.049501835985312104
349127,0.23678571428571427
349131,0.0
349142,0.3750363636363636
349193,0.0
349202,0.3444258064516129
349212,0.0879875
349243,0.17885842696629206
349293,0.0
349414,0.07588035714285714
349449,0.2059860465116279
349529,0.0
349578,0.37196318936877076
349654,0.07101936842105264
349682,0.34365579514824796
349732,-0.07627222222222219
349799,0.11793333333333328
349804,0.23305925925925924
349826,0.14809333333333333
349847,0.30732499999999996
349865,0.0
349880,0.24593516483516487
349885,0.19452499999999998
349924,0.3404285714285714
349931,0.3904833333333333
350006,0.36777818181818184
350007,0.20415666666666665
350032,0.4963321428571429
350052,0.3318267558528428
350053,0.4016823529411765
350059,0.27004118993135007
350073,0.1448666666666667
350084,0.008299999999999974
350096,0.28498
350100,0.027356149068322955
350148,-0.09206206896551722
350152,0.3873444444444445
350168,0.20594333333333337
350196,0.31935744680851064
350252,0.0
350271,0.008993333333333298
350281,0.2368827751196172
350311,0.4400578947368421
350359,0.009216000000000002
350432,0.0
350443,0.10271076923076922
350486,0.52265
350495,0.1741762711864407
350535,0.06942372881355932
350568,0.09787058823529413
350584,0.0
350640,0.18007391304347825
350641,0.1713378378378378
350650,0.01194838709677426
350668,0.0
350712,0.3527272727272727
350714,0.1264864864864865
350785,0.24877771649200214
350812,0.34361445783132527
350835,0.36104
350839,0.31072725274725277
350840,0.15894155844155838
350878,0.4794
350891,0.23776571428571427
350901,-0.01583529411764706
350909,-0.013398319327731084
350913,0.2086862068965517
350977,0.10064419807834442
351021,0.26463809523809523
351103,0.5194333333333333
351129,0.4641315789473684
351137,0.325185
351168,0.470221052631579
351218,0.012499999999999956
351227,0.29039111111111116
351239,0.24636999999999998
351248,0.004947368421052645
351285,0.44715
351420,0.22621739130434781
351423,0.43521355932203387
351431,0.38787093683016016
351443,0.0
351482,0.19860000000000003
351495,0.0
351508,0.2761607142857143
351519,0.3437304347826087
351530,0.4488624175824176
351550,0.13268235294117647
351592,0.1444727272727273
351601,0.29459729729729733
351625,0.4855811320754717
351680,0.4539142857142857
351736,0.0
351757,0.11843314285714286
351759,0.0
351780,0.0
351961,0.0
351971,0.22544999999999998
351991,0.0
352058,0.342176
352069,0.013216666666666654
352157,0.011747368421052617
352169,-0.37372000000000005
352206,0.0
352219,0.23104
352229,0.4753174025974026
352251,0.39237156177156185
352272,0.24023529411764705
352304,0.0
352330,0.48444
352343,0.17198073684210527
352346,0.0015931034482758594
352367,0.09776565040650403
352371,0.0
352381,0.36875409836065576
352402,0.17568309677419358
352418,0.2276051282051282
352424,0.3835454545454545
352557,0.08623864734299524
352565,0.041909090909090896
352587,0.4225
352613,0.250675
352659,-0.06521999999999999
352850,0.1877224089635855
352853,0.33581355932203394
352902,0.4780500000000001
352907,0.0
352954,0.18319999999999997
353087,0.007313043478260894
353117,0.39354761904761904
353132,0.33209304029304026
353233,0.0
353263,0.19155000000000003
353271,0.3746322580645161
353360,0.12402769230769231
353377,0.3280594594594594
353416,0.0
353437,0.2799166666666666
353490,0.0
353506,0.0
353514,0.2884019891500904
353524,-0.25440585106382985
353542,0.25207025171624714
353549,0.0
353567,0.3129076923076923
353628,0.0
353644,0.08757199999999998
353646,0.0
353777,0.36971117021276595
353790,0.35767142857142853
353822,-0.06722250562640658
353856,0.4241027777777777
353859,0.251
353956,0.47369090909090905
354023,0.25995238095238093
354108,0.2842238805970149
354135,0.002554545454545476
354156,0.14576000000000006
354167,-0.3182642857142858
354173,0.45266666666666666
354183,0.0
354201,0.24398500000000004
354231,0.2488078431372549
354278,0.13318620689655175
354294,0.33353725490196073
354390,0.0
354399,0.05439999999999999
354400,0.316459375
354425,0.0
354470,0.03284656675980019
354473,0.380241935483871
354504,0.5254105263157896
354516,0.5281082575757576
354539,0.0
354569,0.37355630252100835
354604,0.18478808602150537
354630,0.2561676563958917
354639,0.2721358490566038
354664,0.2968071428571429
354671,0.24971249999999995
354693,-0.055320000000000036
354700,0.0
354798,0.5171583333333333
354871,0.0
354911,0.013132000000000005
354951,-0.20578958333333333
354967,0.14547
355005,0.13524017857142856
355015,0.09345531914893623
355045,0.0
355099,0.32770769230769226
355129,0.2471051282051282
355142,0.1139566666666667
355147,0.31192592592592594
355162,0.12288
355197,0.2283941176470588
355243,0.3088014198782962
355259,0.4276928571428572
355289,0.39664908722109526
355319,0.0
355323,0.462125
355324,0.42087662337662335
355333,0.12728460235416758
355348,0.0
355350,0.3299235294117647
355352,0.0
355404,0.013145454545454571
355437,0.20725714285714286
355448,-0.025774410774410783
355449,0.2449371428571428
355471,0.47671794871794876
355593,0.25526666666666664
355657,0.21685780445969122
355763,0.0
355801,0.0
355814,0.3656518518518519
355846,0.12722916666666667
355909,0.0
355978,0.25197837837837833
355988,0.0
355989,0.3782193548387097
356006,0.4054361842105263
356034,0.34775555555555554
356052,0.3704888888888889
356075,0.11621694915254233
356082,0.16976000000000002
356191,0.0
356193,-0.0439057575757576
356276,0.17621638655462185
356305,0.23297656739811912
356306,0.12016491228070175
356312,0.17147583333333333
356313,0.4069333333333333
356314,0.3843333333333333
356324,0.09945806451612904
356409,-0.12911380471380474
356490,0.06924999999999998
356530,0.3941304347826087
356573,0.27972
356614,0.0
356615,0.0
356643,0.03442261904761905
356664,-0.09870140350877193
356681,0.007490909090909159
356694,0.3224769230769231
356750,0.2891515527950311
356782,0.09690434782608692
356827,0.07624210526315789
356828,-0.43111666666666665
356846,0.09987328257948946
356854,0.06990370370370369
356913,0.4305333333333333
356936,0.0
357008,0.0
357038,0.23796249999999997
357041,0.0
357091,0.11568510638297873
357103,0.0
357135,0.0
357194,0.13379999999999997
357213,0.0
357310,0.0
357349,0.4395625000000001
357366,0.0
357382,0.0
357393,0.21828333333333333
357436,0.14325063025210086
357437,0.41190344827586206
357445,0.23769200000000001
357475,0.3940606060606061
357498,0.14868434782608694
357568,0.342876
357574,0.3612232558139535
357611,0.2734483870967742
357657,0.25653515151515155
357659,0.016354545454545455
357682,0.4478714285714286
357719,0.0
357860,0.4443636363636364
357865,0.11817142857142854
358035,0.4677714285714285
358056,0.34952000000000005
358190,0.17286400000000002
358249,0.33711631347461013
358319,0.20451891891891893
358353,0.11909523809523809
358358,0.11819534883720934
358366,0.0
358392,0.49079999999999996
358414,0.0
358448,0.23818181818181816
358522,0.0
358571,0.0
358587,0.4831391304347826
358590,0.31375294117647057
358594,0.018881818181818222
358609,0.32432173913043477
358621,0.4721761904761904
358650,0.3558875
358722,0.11580241545893721
358742,0.012773584905660385
358786,0.0
358808,0.0
358830,0.2523714285714286
358849,0.0
358851,0.0
358863,0.0
358913,0.1610458333333334
358922,0.41037647058823523
358928,0.3680363636363636
358943,0.0
358947,0.23312727272727268
358990,0.0
359121,0.2130024978466839
359155,0.21222431693989074
359251,0.0
359255,0.006863157894736793
359260,-0.3188780487804878
359275,0.3675780487804878
359279,0.36819999999999997
359281,0.023855555555555547
359284,-0.0849
359286,0.3838017902813299
359296,0.4791
359328,0.38012
359343,0.5010666666666667
359348,0.19970545454545452
359377,0.27961454545454545
359440,0.3202818181818182
359524,0.24778835294117646
359534,-0.06284955357142852
359569,0.07449727047146398
359606,0.3712603773584906
359659,0.0
359672,0.17347567567567568
359697,0.0
359719,-0.15675483870967738
359740,-0.05224444444444443
359773,0.29127272727272724
359832,0.503564705882353
359837,0.26656
359839,0.06984166666666669
359887,0.36953322884012535
359904,0.32609930069930065
359916,0.29946666666666666
359968,0.09655454918032787
359990,0.014188888888888918
360006,0.09582583237657866
360011,0.3166800000000001
360033,0.2225545454545454
360049,0.21809499999999998
360090,0.34335918367346935
360118,0.50996
360122,0.012951219512195133
360148,-0.15871250000000003
360180,0.16716666666666663
360269,0.0
360274,0.33433750000000007
360275,0.3477
360277,0.07977460317460316
360355,0.2616588235294117
360360,0.3418
360418,0.24078695652173915
360454,0.33920526315789473
360504,0.3391681818181818
360521,0.32525217391304345
360528,0.35555849056603767
360551,0.012058823529411677
360572,0.21844646464646467
360627,0.26225
360628,0.012824999999999975
360652,0.0
360656,0.47924000000000005
360667,0.3347829787234043
360669,0.5230425641025641
360714,0.3366625000000001
360748,0.3166333333333333
360791,0.29561600000000005
360807,0.138948717948718
360811,0.0
360812,0.2784586956521739
360842,0.05662857142857142
360859,0.014057777777777725
360964,0.42786315789473683
360970,0.5315692307692308
360978,0.2183466666666667
360985,0.22081874999999998
360988,0.10166666666666668
361054,0.0016053475935828843
361156,0.3052487804878049
361164,0.49829302325581404
361252,0.0
361279,0.2935333333333333
361297,0.4568777777777777
361311,-0.08987999999999999
361312,-0.38523076923076927
361342,0.2935904761904762
361397,0.22948959372772632
361406,-0.045533333333333315
361433,0.0
361443,0.4788
361456,0.0
361541,0.4438958333333334
361543,0.0
361583,0.3669313218390805
361620,0.22901111111111108
361623,0.0
361638,0.0
361656,0.12294995061728395
361663,0.07242413793103447
361673,0.38427333333333336
361674,0.3841925925925926
361692,0.38908000000000004
361700,0.0
361725,0.0
361732,0.0
361744,0.0
361799,0.32502307692307697
361824,0.303975
361852,0.11602666666666667
361970,0.17903076923076922
362051,0.2066063880394156
362056,0.0
362065,0.0
362070,-0.17078186147186147
362073,0.0
362128,0.0
362135,0.0
362161,0.1693705882352941
362187,0.0
362262,0.0
362309,0.2422142857142857
362315,-0.2968388278388278
362350,0.0
362358,0.0
362385,0.2747571428571429
362422,0.17000434782608698
362464,0.43211111111111117
362466,0.00988
362521,0.36678923456790125
362576,0.49355710186513624
362598,0.23741904761904764
362605,0.2588285714285714
362608,0.0
362612,0.31026
362643,0.2505529411764706
362667,0.4408508928571428
362694,0.0
362712,0.0
362766,0.21484167717528374
362793,0.3527867724867725
362851,0.3020857142857143
362853,0.013583333333333392
362878,0.3532738095238096
362892,0.004542857142857126
362944,0.33604105263157896
362974,0.06145231286795627
362999,0.18243157894736844
363011,0.5526350877192983
363044,0.0
363058,0.0
363065,0.5061105263157896
363104,0.37153012265512264
363116,0.1198899470899471
363139,0.0
363170,0.0
363185,0.1594
363191,0.2877628571428571
363201,0.0
363219,0.25951022727272727
363222,0.12882892307692306
363236,0.17543703703703703
363249,0.16933333333333334
363285,0.2556434782608695
363336,0.0
363342,0.20211929824561403
363346,0.37093125000000005
363368,-0.08077999999999996
363494,0.11626956521739132
363499,0.0
363534,0.0045282051282051206
363604,0.429675
363623,0.2679388888888889
363647,0.20195769230769234
363658,0.0
363676,-0.012104377104377062
363712,0.16046896551724132
363737,0.23342142857142856
363750,0.49673386815486575
363756,0.2993655080213904
363759,0.16920000000000002
363766,0.10953333333333337
363771,-0.3365333333333333
363776,0.1917272727272727
363797,0.0
363808,0.007900000000000018
363843,0.0
363871,0.0
363946,0.3441625
363970,0.0
363991,0.32555999999999996
364001,0.16613333333333333
364070,0.5252
364123,0.0
364207,0.35977435897435894
364239,0.40159999999999996
364250,0.2793333333333333
364291,0.10993636363636372
364297,0.3718208333333334
364298,0.27710625
364303,0.4233333333333333
364319,0.10882999999999998
364409,0.5365777777777778
364458,0.4186909090909091
364478,0.4181771428571428
364483,0.07255714285714282
364491,0.23787272727272726
364514,0.006249999999999978
364540,0.12860000000000005
364543,0.427848
364547,0.3258142857142857
364562,0.5076357142857143
364566,0.27336666666666665
364651,0.1635676245210728
364664,0.0
364710,0.0
364721,0.0
364797,0.10343703703703702
364811,-0.18112866359447005
364839,0.008670000000000067
364845,-0.35205517241379314
364902,0.18484444444444442
364924,0.48847887323943656
364946,-0.09566666666666668
364957,0.43343529411764703
364973,0.0
364979,0.47712758620689655
365016,0.3426727272727273
365039,0.2642545454545454
365048,0.18172727272727263
365071,0.0
365111,0.33590000000000003
365132,0.3731480106100796
365147,-0.26838466666666666
365189,0.29813139992839244
365197,0.011702564102564095
365214,0.24182089314194577
365242,0.26372
365259,0.3074807017543859
365274,0.0
365277,0.4445282012195122
365308,0.0
365309,0.3497764705882353
365331,-0.0849833333333333
365375,0.0
365378,0.42686551724137933
365395,0.0
365414,-0.331
365423,0.3133196428571428
365448,0.008995833333333314
365460,0.1914769230769231
365490,0.2755333333333333
365496,0.4311333333333333
365536,0.3384922406277245
365541,0.39371249999999997
365542,-0.1032088888888889
365567,0.0745410256410256
365590,0.39418
365600,0.1586
365608,0.39047999999999994
365634,0.4738526315789473
365637,0.036165517241379286
365670,-0.02156447423544197
365709,0.42693461538461536
365717,0.05336666666666667
365733,0.0
365749,0.3225589743589743
365753,0.2752424242424243
365770,0.28681999999999996
365839,0.22510000000000002
365860,-0.08737090909090911
365874,0.2793806451612903
365941,0.09284886877828058
365950,0.0
365993,0.013944186046511597
365997,0.15339333333333338
366045,0.013136585365853604
366059,0.15904806201550387
366084,0.011098989898989886
366138,0.03260962962962963
366245,0.13228799999999996
366247,0.12628108108108105
366261,0.27653333333333335
366264,0.0623178571428572
366293,0.004833333333333301
366299,0.013969230769230734
366352,0.4915227272727273
366355,0.3778066666666667
366463,0.3248867924528302
366464,0.44515070967741943
366515,0.1223333333333333
366547,0.3335809523809524
366550,0.3511925925925926
366558,0.3039118421052631
366585,0.12747000000000003
366607,0.4676162162162162
366617,0.41962
366691,0.2206
366703,0.24904669912366117
366710,0.0
366725,0.39157460317460313
366727,0.42050606060606055
366806,0.0
366813,0.07076666666666664
366881,-0.1760016806722689
366897,0.3469090909090909
366933,0.21456603773584904
366987,0.1567
367069,0.0787513157894737
367144,0.09906315789473685
367150,0.35497
367161,0.31039999999999995
367164,0.5340888888888888
367181,0.13378258064516133
367190,0.3018488888888889
367221,0.3005777777777777
367234,0.42528678571428574
367318,0.10139799999999999
367319,0.36053731343283585
367322,0.0
367379,0.0132000000000001
367405,0.388503754789272
367455,0.0649777777777778
367472,0.10452949685534596
367520,0.3144228571428571
367644,0.4678289855072464
367649,0.3187920000000001
367678,0.3806057142857142
367698,0.2604333333333333
367738,0.2994923076923077
367739,0.0
367812,0.4831692307692308
367820,0.18004444444444445
367827,0.27153153846153844
367860,0.4116342857142856
367900,0.22232444444444444
367911,0.3923
367912,0.2820771381578947
367948,0.1267133333333333
367965,0.2988474576271186
367969,0.3571745070422535
368037,0.22782181818181813
368096,0.0
368122,0.013933333333333353
368137,0.4315568627450981
368153,0.17770909090909093
368163,0.0
368165,0.006622222222222196
368166,0.41725194805194804
368240,0.25683615903976
368244,0.005697872340425569
368250,0.3324222222222223
368258,0.0008873563218390751
368262,0.07351400800457408
368284,0.07957777777777778
368319,-0.1305535353535353
368339,0.07465333333333335
368360,0.2815761904761905
368457,0.3261515151515152
368488,0.36424489795918363
368489,0.4372097643097643
368499,0.0
368593,0.021114893617021346
368606,0.003475000000000006
368626,0.0
368747,0.001680000000000001
368794,0.0
368815,0.4334769230769231
368902,0.42052
368966,0.0
368976,0.0044440000000000035
369037,0.011175000000000046
369042,0.0
369096,0.5151857142857144
369104,0.3396410256410256
369129,0.44292400000000004
369153,0.27855416666666666
369182,0.0
369187,0.22984126984126985
369212,0.34214740259740256
369215,0.3270571428571429
369244,0.0
369279,0.35578947368421054
369288,0.3194469711090401
369303,0.0
369328,0.36014579124579127
369366,0.18191320754716983
369371,0.36413809523809526
369410,0.3776666666666667
369426,0.14679166666666665
369459,0.014750877192982403
369462,0.19927499999999998
369486,0.016486206896551725
369537,0.24365945945945947
369572,0.0
369578,0.08095384615384615
369606,0.128227027027027
369614,0.36985333333333337
369623,0.3567294117647059
369640,0.21104866310160425
369662,0.4029636363636364
369683,0.4254493827160494
369699,0.08693571428571428
369701,0.1835039351851852
369735,0.20781081081081076
369747,0.0
369765,0.3016896551724138
369814,0.012866666666666693
369823,0.2080582089552239
369835,0.42879971428571434
369850,0.48914285714285716
369897,0.2647894736842106
369910,-0.2161045454545455
369921,0.0
369939,0.3475857142857143
369952,0.0
369953,0.0
370069,0.0
370076,0.013246153846153907
370131,0.17405882352941177
370193,0.007705437352245825
370205,0.0
370224,0.0
370232,0.2731411764705882
370238,-0.0031948717948717675
370273,0.11727142857142853
370292,0.15871034482758617
370297,0.0
370306,0.23962
370334,-0.3532297872340425
370379,-0.13047599999999998
370383,0.002988888888888902
370389,0.013000000000000012
370418,0.13936387351778656
370421,0.4261371428571429
370433,0.0
370465,0.42888
370498,0.0
370518,0.0
370558,-0.5560480000000001
370562,0.2526666666666667
370582,0.0
370629,0.22842857142857145
370729,0.37054545454545457
370731,0.15087681258549934
370741,0.003984615384615364
370743,0.4692666666666666
370765,0.0821452380952381
370809,0.060600000000000015
370886,0.28094545454545455
370947,0.17300000000000004
371002,0.2645135135135135
371027,0.0
371035,0.10957735849056605
371045,0.39690400000000003
371112,0.06263902439024391
371126,0.0
371130,0.393
371161,0.39061538461538464
371190,0.1339447619047619
371244,0.0
371262,0.32247333333333333
371274,0.16817894736842104
371302,0.03949999999999998
371325,0.35834999999999995
371375,0.0
371411,0.0
371428,0.0
371446,0.2607419354838709
371452,0.16293333333333332
371489,0.16176363636363633
371505,0.0
371526,0.0
371540,0.0
371561,0.36330222222222225
371564,0.16072698412698413
371615,0.47220000000000006
371621,0.009207999999999994
371686,0.05411538461538462
371744,0.26145999999999997
371753,0.009400000000000075
371758,0.34477763975155273
371762,0.022999999999999965
371823,0.044984210526315786
371845,0.23756774193548386
371850,0.0
371888,0.32449999999999996
371909,0.012366666666666748
371962,0.0
371999,0.08819610389610388
372011,0.3170312736443884
372082,0.44401538461538465
372090,0.2762760563380281
372159,0.0
372175,0.0734439024390244
372193,0.2122634920634921
372198,0.43979230769230765
372200,0.0
372269,0.0
372292,0.3865590909090909
372380,0.0975304347826087
372444,0.38155536842105264
372475,-0.19521777777777782
372476,0.29170438596491227
372477,0.30493333333333333
372499,0.3755452380952381
372502,0.20809221674876843
372517,0.3461000000000001
372532,0.42402997888810695
372542,0.0
372554,0.4129304347826087
372609,0.1637360671015844
372612,0.11530166666666669
372632,0.1299967213114754
372667,-0.1657
372668,0.23838333333333334
372673,0.2645222222222222
372682,0.31912999999999997
372684,0.2268325581395349
372739,0.17057777777777777
372754,0.013800000000000034
372779,0.0
372783,0.1284701754385965
372804,0.34806666666666664
372907,0.0
372925,0.1177333333333333
372936,0.42978280542986425
372939,0.3148829268292683
372951,0.032251740041928656
372952,0.0
372983,0.30503050847457625
373021,-0.5638777777777778
373148,0.42783529411764704
373161,0.13533131313131314
373166,0.3381412587412588
373212,0.3800016977225673
373284,0.0
373322,0.136806
373392,0.014019230769230728
373394,0.30057058823529414
373398,0.3257238095238095
373400,0.2325010135135136
373401,0.013086363636363618
373406,0.0
373429,0.0
373442,0.27610322580645164
373451,0.29380377358490567
373479,0.2814888888888889
373480,0.16162666666666664
373599,0.02146666666666669
373614,0.4494888888888888
373629,0.0
373675,0.38026818181818184
373686,0.17185522580645157
373732,0.0
373751,0.14679174793698418
373764,0.0
373771,0.0
373804,0.01200000000000001
373892,0.29256400000000005
373939,0.2552872727272727
373949,0.187568
373954,0.3664866828087167
373989,0.2988511627906977
374009,-0.11036444444444449
374029,0.28031999999999996
374120,0.2677846153846154
374182,0.0947777777777778
374196,0.12653529411764705
374203,0.045403703703703724
374207,0.15073529411764708
374212,0.3132634146341463
374233,0.3506923076923077
374241,0.18782916666666666
374290,0.009482926829268212
374321,0.22282857142857143
374333,0.0
374336,0.3918562637362637
374346,0.2193164556962025
374352,0.34353082706766913
374358,0.0
374361,0.0024344827586207096
374414,0.3364533333333334
374419,0.3115571428571428
374456,0.19722758620689662
374518,0.2996666666666667
374519,-0.03685263157894736
374521,0.36404986449864496
374523,0.10106825396825403
374543,-0.13500303030303035
374549,0.3173130158730159
374557,0.0905313725490196
374605,0.25612927536231883
374644,0.36898965517241383
374696,0.25526666666666664
374706,0.5106846153846154
374756,0.06072500000000003
374797,0.5238129032258064
374798,0.0
374844,0.1804881072677808
374926,0.2758422857142857
374951,0.0
374993,0.4734083333333333
375010,0.165512158808933
375011,0.25546666666666673
375024,0.0
375045,0.29900363636363636
375055,0.3634282051282051
375106,0.0
375135,0.2906714285714285
375145,0.24435384615384614
375155,-0.3701
375176,0.27392669717772694
375189,0.0
375239,0.0
375249,0.0
375263,0.0
375280,0.17360263157894734
375294,0.0
375305,0.3991
375317,-0.19820465116279068
375324,0.007280000000000009
375372,0.2665
375383,0.0
375385,0.14325434782608698
375397,0.0
375412,0.032578666666666665
375426,0.08261776589423649
375463,0.29852857142857137
375477,0.3838666666666667
375492,0.3617115384615385
375516,-0.26269583333333335
375531,0.38088421052631577
375556,0.013320930232558092
375649,0.0
375656,0.0
375658,0.4517478260869565
375682,0.0
375688,0.03266666666666668
375718,-0.2079131197559115
375758,0.0
375821,0.3360153846153846
375822,0.3085630952380952
375861,0.13437297297297296
375880,0.3889916666666666
375927,0.011325714285714272
375933,0.372676923076923
375940,0.0
375942,-0.08880648148148149
375959,0.013492307692307692
375994,0.21436538461538457
376011,0.0036982456140350894
376012,0.3692
376038,0.30733333333333335
376081,0.0
376107,0.0
376121,0.0
376125,-0.3276610169491525
376156,0.01208000000000009
376159,0.0
376227,0.0
376242,0.0
376247,0.0
376271,0.0
376335,0.0
376343,0.4174978260869565
376356,0.15271680672268906
376366,0.13633103448275863
376385,0.3383263157894737
376403,0.4416736842105263
376449,-0.45445
376452,0.048607692307692296
376461,0.0
376513,0.1391809523809524
376587,0.013713043478260856
376618,0.0
376646,0.24999999999999994
376653,0.10161860465116279
376669,0.39426666666666665
376675,0.36173055555555556
376793,-0.19922499999999999
376797,0.4624703703703703
376942,0.15401935483870965
376979,0.0
377032,0.4002
377045,0.16473095238095242
377048,0.0749314285714286
377103,0.5221866666666667
377135,0.12884
377168,0.22198039215686272
377188,-0.07635625000000001
377193,0.2879834627329192
377233,0.05420574162679426
377287,0.0
377292,0.5015555555555555
377298,0.06659166666666666
377308,-0.03325753424657535
377313,0.3413466666666667
377352,-0.03483999999999998
377373,0.005606666666666704
377398,0.0
377408,0.19945714285714283
377438,0.24887059465357336
377445,0.0
377446,0.38933939393939393
377528,0.392334347826087
377555,0.49607999999999997
377572,0.03050476190476191
377608,0.0
377612,0.0058
377640,0.1731571428571429
377667,0.0
377676,0.3809714285714286
377737,0.011764912280701756
377766,0.0
377800,0.42800000000000005
377821,0.3672222222222222
377841,0.373725
377875,0.23676595744680848
377918,0.38239999999999996
377920,0.0
377944,-0.2570614408361329
378060,0.196075
378066,0.01041230769230772
378067,0.16172499999999995
378087,0.0
378113,-0.026664150943396248
378121,0.04381621621621623
378141,0.008191666666666708
378171,0.5406
378180,0.4257962758620689
378244,0.0
378250,0.16737824858757067
378261,0.17242846153846159
378270,0.19342105263157894
378335,0.06279803921568627
378347,0.34497719585379155
378383,0.2912657367044464
378401,0.0
378495,0.0
378554,0.42106666666666664
378605,0.0
378668,0.0
378671,-0.4753218487394958
378697,0.1237896551724138
378732,-0.09618974358974358
378741,0.3582378378378378
378745,0.21957619047619048
378753,0.4118571428571428
378767,0.0
378785,-0.10234166666666666
378816,0.527595
378830,0.5016999999999999
378904,0.2304867924528302
378911,0.2606027096774194
378942,0.2022
378956,0.0
378969,0.0033666666666666567
378970,0.1328962962962963
378974,0.00690909090909092
379006,0.0
379029,0.2392749885057471
379042,0.012116666666666664
379098,0.009479999999999933
379137,0.2497066666666667
379157,0.42793333333333333
379171,-0.047588294314381274
379175,0.04795555555555554
379191,0.2985
379200,0.3271904761904762
379241,0.128752380952381
379275,0.0022318840579710064
379311,0.40486666666666665
379347,0.3527035714285714
379387,0.12737857142857145
379396,0.04511477272727271
379420,0.2701104477611941
379422,0.027948148148148166
379520,0.1430608695652174
379530,0.101408
379548,0.329125
379554,0.22433846153846154
379575,0.11198473258706466
379579,0.11392432432432431
379646,0.3167942857142857
379677,0.010249999999999981
379687,0.44481250000000006
379693,0.36671746031746033
379694,0.1298372093023256
379752,0.34590769230769225
379754,0.25732857142857146
379819,0.395490625
379825,0.18438947368421055
379850,-0.12534999999999996
379883,0.22010000000000002
379984,0.0
380071,0.34227804878048784
380157,0.27734782608695646
380197,0.007039999999999991
380290,0.33276756756756753
380343,0.12191428571428571
380387,0.2775916666666666
380418,0.1570909473684211
380442,0.0643796610169492
380458,0.18581599999999998
380464,0.16607549668874172
380489,0.002679999999999988
380548,0.0
380574,0.0
380626,0.30675428571428565
380713,0.4343666666666667
380747,0.0
380791,0.41842857142857137
380821,0.09362551724137932
380847,0.41697405797101444
380906,0.0
380930,0.11226107660455487
380958,0.19264652406417115
380959,0.316725
380994,0.0
381021,-0.16162112514351323
381031,0.23974000000000004
381035,0.34326
381084,0.26496296296296296
381099,0.2977941176470588
381113,0.01383478260869564
381129,0.1441782608695652
381132,0.31778367346938774
381161,0.0
381162,0.15124615384615386
381178,0.4813098496835443
381183,-0.00698604651162793
381186,0.41431648351648354
381290,0.18093333333333333
381298,0.354260465116279
381315,0.0
381329,0.0
381343,0.15842
381427,0.0568
381448,0.20860656565656566
381475,0.4133320642030609
381493,0.013315999999999995
381527,0.2220457142857143
381531,0.39016470588235297
381557,0.38954
381582,0.48830399999999996
381663,0.29341153846153845
381670,0.028132075471698104
381671,0.3601111111111111
381729,0.34132
381805,0.43431999999999993
381808,0.43699379379379377
381813,0.0
381833,0.33985
381836,0.35379679442508705
381844,0.0
381912,0.25255555555555553
381914,0.216250101010101
381942,0.3246163265306123
381956,0.38341481481481476
381963,0.26783636363636365
381995,-0.06447250000000002
381996,0.49080750000000006
382013,0.28474400000000005
382026,0.27437894736842106
382028,0.14765306122448982
382039,0.24076666666666666
382071,0.21872222222222215
382108,0.09256571428571425
382128,0.47128979591836734
382140,0.4384651583710407
382146,0.35265
382165,0.1643318181818182
382184,0.4372521739130435
382201,0.09278392857142853
382237,0.23924166666666669
382283,0.0
382351,0.1338923076923077
382380,0.4360215102974828
382383,0.22781500000000005
382396,-0.23958305084745768
382398,0.12080000000000002
382490,0.23511818181818178
382508,0.23690071428571427
382541,0.32320000000000004
382571,0.4177428571428572
382630,0.0
382655,0.011689285714285735
382668,0.24350526315789467
382670,0.5193615384615384
382697,0.0
382746,0.340928165374677
382752,0.20212000000000002
382788,-0.393275
382843,0.32679652117545377
382896,0.22398857142857145
382923,0.08052820512820516
382933,-0.03512173913043476
382963,0.11534807692307691
382973,0.3794
382979,0.0
382989,0.0
382999,0.014037500000000036
383002,0.3546095238095239
383019,0.0
383057,0.12441818181818176
383058,0.28725454545454543
383087,0.011316666666666642
383088,0.40712000000000004
383163,0.16531666666666667
383166,0.21996078431372545
383181,0.25244999999999995
383224,0.3528032258064516
383289,0.34544680851063825
383299,0.0
383330,0.12744888888888883
383351,0.0
383352,0.0
383354,0.16618753246753248
383356,-0.12255789473684214
383387,0.02818059210526319
383398,0.0
383427,0.0
383430,0.02785000000000004
383526,0.2826319191919192
383529,0.30561614123581343
383596,0.40872222222222226
383645,0.0
383652,0.2887
383655,0.2045
383691,0.13880000000000003
383696,0.3731630725863284
383722,0.3694
383730,-0.04861304347826087
383762,0.0
383765,0.2626981818181818
383827,0.0
383840,0.0072666666666666435
383886,0.1434722488038278
383922,0.30920000000000003
383933,0.09917142857142858
384041,0.0
384047,0.014123076923076905
384078,0.0
384095,0.2364
384109,0.0
384116,-0.043103836317135574
384117,0.13228888888888887
384138,0.27225
384140,0.049076923076923074
384160,0.25653181818181814
384179,0.0
384198,0.24840000000000007
384206,0.06907397260273973
384224,0.24611666666666665
384263,0.18839166666666673
384271,0.3006461538461538
384298,0.5163379310344827
384376,0.25637058823529413
384383,-0.1697051428571429
384413,0.37302857142857143
384432,0.0
384447,0.0
384496,0.30040000000000006
384507,0.35542857142857137
384516,0.08845714285714285
384590,0.19878518518518518
384659,0.136801867816092
384762,0.4984133333333333
384766,0.2941076923076923
384801,0.3168684210526316
384820,0.2674833333333333
384853,0.012533333333333396
384865,0.2821489825581395
384873,0.0
384945,-0.29943200000000003
385071,0.0
385128,0.42412144702842375
385141,0.4910697674418604
385183,0.0
385187,0.31794666666666666
385226,0.011511111111111028
385295,0.10228636363636368
385311,0.299875
385334,0.396768
385434,0.4713272727272727
385477,0.0
385529,0.01161000000000001
385539,-0.04354871794871795
385569,-0.009523232323232322
385570,0.15735172413793103
385574,0.3856222222222222
385622,0.014018181818181819
385632,0.22973777777777776
385644,0.274408
385654,0.0
385670,0.13598777777777782
385705,0.13996363636363635
385841,0.26784589371980677
385864,0.05982072829131649
385866,0.0
385873,0.0
385909,0.23368035714285712
385923,0.2915728813559322
385951,0.0
385978,0.004414285714285704
385979,0.4164513636363636
385988,0.15820869565217394
385995,0.3856564102564102
386031,0.0
386066,-0.04821428571428574
386073,0.21655833333333332
386094,0.3367198564593302
386132,0.11317436974789918
386162,0.0284875
386205,0.3368434782608696
386247,-0.2963523809523809
386250,0.11372903225806452
386273,-0.26006516537649543
386304,0.2778848484848485
386316,0.0
386336,0.22328648648648647
386359,0.039154372881355926
386418,0.27352
386428,0.43109109730848866
386477,0.0
386486,0.4296461538461539
386523,0.1530571428571429
386573,0.01361666666666661
386586,0.3137348538845331
386616,0.28225517241379305
386649,0.0
386684,0.0
386719,0.45858095238095237
386744,-0.2318693103448276
386764,0.2496913043478261
386772,0.18861142857142854
386846,0.21086829268292684
386959,0.12568461538461545
387026,0.32294444444444437
387038,0.39041904761904767
387094,0.0
387110,0.46965537878787883
387118,0.214295
387138,0.0
387144,0.21187428571428574
387154,0.0
387167,0.2800292671166827
387169,0.01391034482758624
387210,-0.5907058823529412
387249,0.3766530612244897
387251,0.2810476190476191
387257,0.0
387265,0.18729999999999997
387322,0.0
387404,0.391002
387415,0.337830303030303
387518,0.012162264150943347
387521,0.1860244897959184
387532,0.18772499999999998
387533,0.0
387597,0.3771333333333333
387602,0.0
387623,0.18387397233586594
387654,0.34457777777777776
387661,-0.06853228120516497
387663,0.33291111111111116
387731,0.21099
387737,0.20420833333333333
387742,0.012866666666666582
387756,0.0
387761,0.02107777777777778
387852,0.32974311332503115
387863,-0.020236363636363622
387871,0.4380630774343635
387884,-0.017641509433962255
387891,0.22039130434782606
387946,0.013341463414634158
387989,0.0
387991,0.3817176470588235
388040,0.0
388044,0.0
388115,0.0
388119,0.0
388164,0.1526
388182,0.427204
388210,0.44436842105263163
388212,0.39266500000000004
388218,0.30654747474747474
388222,0.4660794871794872
388255,0.1025833333333333
388273,0.09375833333333328
388339,0.396295
388346,0.0
388356,0.18789202898550725
388376,0.2906413333333333
388377,0.0
388415,0.16157500000000002
388433,0.2506218733647306
388446,0.02985185185185185
388450,0.2505647058823529
388455,0.0
388459,0.1393135135135135
388480,0.007566666666666666
388493,0.0
388580,0.19321333333333335
388607,-0.08189565217391306
388616,0.13716473684210526
388635,0.39898593380614655
388642,-0.04303703703703704
388648,-0.27779310344827585
388656,0.37200714285714287
388690,0.23975897435897434
388693,0.30977142857142853
388719,0.1979
388750,0.5347818181818182
388770,-0.10933939393939396
388790,0.12570442477876104
388792,0.26452
388800,0.28272413793103446
388803,0.0
388814,0.23805000000000004
388833,0.13844
388881,0.36385938775510207
388905,0.35515319148936164
388985,-0.601675
389028,0.2753428571428571
389035,0.4054794897959183
389066,0.45968333333333333
389067,0.4203157894736842
389079,0.2404869565217391
389113,0.2773914893617021
389156,0.1264402985074627
389158,0.0
389160,0.3621557299843014
389185,0.11410416666666667
389188,0.11279999999999996
389210,0.0
389226,0.0
389236,0.056778571428571456
389243,0.2510216216216216
389249,0.0709144385026738
389256,0.0
389273,0.10241333333333336
389291,0.0
389296,0.38379047619047624
389369,-0.18965714285714286
389379,0.41358461538461544
389381,0.3447157894736842
389440,0.0
389554,0.15424800000000005
389559,-0.05691580459770118
389560,0.26342000000000004
389562,0.2653132075471698
389586,0.30548059701492536
389622,0.282621215932914
389630,0.0
389649,-0.169695918367347
389660,0.0
389664,0.0
389678,0.07096654970760233
389687,0.4788181818181818
389691,0.0
389810,0.008230769230769153
389853,0.15896363636363642
389885,0.25939038461538455
389950,0.32534545454545455
389965,0.08005029411764708
389977,-0.05193191780821915
389983,0.0
390058,0.0
390121,0.0
390136,0.0026195652173912898
390164,0.0
390198,0.4166765957446808
390212,0.3115
390287,0.0
390332,-0.08957283950617284
390344,0.051429999999999976
390370,0.24088930150309462
390381,0.0
390383,-0.24517142857142854
390396,0.12263223684210522
390460,0.4400095238095238
390466,0.0
390483,0.007135999999999976
390488,0.27416785714285713
390497,0.49880215053763444
390614,0.3910333333333333
390664,-0.20042545454545452
390699,0.014387499999999998
390720,0.0
390722,0.5086758620689655
390725,-0.055790825688073406
390784,0.3276440789473684
390818,0.3809695652173913
390823,0.0019647058823529517
390838,0.3547222222222222
390839,0.354095951417004
390873,0.3643384615384615
390903,0.40043428571428574
390910,0.09092148541114053
390935,0.0
390970,0.45149090909090916
391080,0.0
391182,0.2681162790697674
391185,0.3097526315789473
391248,0.31023034188034193
391255,0.010205882352941176
391360,0.11184050632911394
391384,0.37273103448275857
391425,0.3692564102564102
391459,0.01058571428571431
391479,0.0
391517,0.35106478873239433
391577,0.008593333333333342
391610,0.32819999999999994
391710,0.4421777777777778
391713,0.26913333333333334
391835,0.007069155844155843
391883,0.37401666666666666
391939,0.0
391962,0.21213333333333334
391968,0.06355120772946865
391999,0.26594999999999996
392029,0.0
392061,0.347435
392063,-0.2505777777777778
392105,0.3657250000000001
392117,0.0
392149,0.0
392157,0.16835
392161,0.1877556725146199
392199,0.0003718518518518524
392252,0.2279978070175439
392264,0.013843750000000044
392324,0.20395000000000002
392330,0.0
392339,0.19078888888888887
392361,0.19079939209726443
392408,0.18356111111111106
392414,0.0
392424,0.5077222222222223
392461,0.19433295019157087
392462,0.0
392482,0.0
392516,0.2905461203138623
392534,-0.11473846153846154
392589,0.07455131406659182
392600,0.3287037037037037
392618,0.2967565217391304
392620,0.4217998580121704
392621,0.16659428571428575
392652,0.01333333333333342
392657,0.0
392691,0.0
392783,0.2621909090909091
392786,0.3969
392823,-0.24346451612903225
392826,0.3784222222222222
392833,0.10421172248803823
392879,0.08306881720430107
392899,0.22927500000000006
392914,0.30920000000000003
392936,0.1371409090909091
392938,0.11443636363636361
392999,0.3534933333333333
393011,0.20829999999999999
393113,0.23205
393144,0.3560556776556777
393169,0.0
393212,0.32891304347826084
393251,0.18500999999999998
393303,0.4144
393309,0.0
393325,0.3276258064516129
393342,0.08929844329132691
393343,0.4025266666666666
393344,-0.014621621621621617
393350,0.22340000000000004
393380,0.3174594594594594
393427,0.34287333333333336
393483,0.0
393526,0.2349764705882353
393583,-0.023921333333333294
393624,0.03928529411764706
393642,0.19660056022408956
393704,0.32700000000000007
393724,0.35611780821917804
393765,0.17813846153846158
393827,0.5292093023255814
393894,0.164796875
393936,0.41195
393984,0.19118068283917344
394020,0.2618195652173913
394057,0.355363076923077
394068,0.40992500000000004
394070,0.10971428571428571
394072,0.3160727272727272
394075,0.17502666666666666
394099,0.0
394121,0.16486666666666666
394145,0.33504666666666666
394148,0.1505692307692308
394156,0.5417826086956522
394171,0.18985806451612902
394186,0.09781341935483867
394200,0.44888306742151307
394215,0.2403483870967742
394243,0.0044230769230769185
394289,0.21115384615384614
394301,0.24833953488372093
394320,0.37990344827586203
394331,0.34651764705882354
394336,0.35529268292682925
394369,0.25463185888738127
394398,0.27177500000000004
394401,-0.3200946524064171
394437,0.4175424999999999
394438,0.32056827586206893
394450,0.010374436090225592
394455,0.27964545454545453
394534,0.43689999999999996
394556,0.4519875
394569,0.21702924089231262
394595,0.1660469507101086
394630,0.19204000000000002
394641,0.46380000000000005
394652,0.2842297872340426
394658,0.24205116279069766
394661,-0.10130243902439023
394681,0.20259999999999997
394742,-0.187441958041958
394757,0.22493684210526316
394762,-0.20858548094373863
394772,0.007497959183673464
394793,0.2480639215686274
394804,0.014106666666666712
394814,0.21696666666666667
394846,0.3127
394873,0.4218127659574468
394915,0.16663547619047622
394931,0.3916272727272727
395002,0.3852622222222222
395015,0.2803517241379311
395023,0.0
395052,0.0830648372093023
395055,0.20332109343125254
395124,0.0
395155,0.0
395165,0.1890754982115483
395171,0.24834615384615383
395251,0.0
395315,0.0
395322,0.006279999999999952
395328,0.44322575757575755
395333,0.0
395347,0.057870175438596516
395408,0.27511428571428576
395410,0.2299945945945946
395499,0.24586666666666662
395534,0.273164705882353
395567,0.300425
395570,0.20319310344827585
395572,0.20071538461538457
395606,0.372
395629,0.03642666666666672
395642,0.269106976744186
395646,0.0
395688,0.0
395716,0.34413157894736845
395757,0.17562083333333334
395781,0.0
395789,0.4584445515911283
395796,0.0
395797,0.3532004662004662
395823,0.3721
395895,0.0
395934,0.45584374999999994
395943,0.0
395949,0.0
395964,0.2531257142857143
395984,0.18303414634146342
396032,-0.15276
396059,0.5270271186440678
396066,0.0
396079,0.24386315789473684
396174,0.20647
396193,0.2248992196209587
396219,0.0
396227,0.0
396231,0.2753909090909091
396332,0.0
396411,0.3028086772486772
396418,0.07512941176470594
396425,0.32720000000000005
396430,0.32648571428571427
396443,0.0
396456,0.3123076923076923
396478,0.21614666666666665
396498,0.005678571428571422
396525,0.3718187586206896
396530,0.11864101654846337
396588,0.0
396609,0.0
396616,0.3089308556149733
396619,0.2055793103448276
396641,0.28146666666666664
396675,0.236455
396681,0.3390923076923077
396781,-0.08246653594771242
396808,0.2911151515151515
396811,0.10183673076923078
396837,0.0
396863,0.33141090909090914
396874,0.0
396900,0.2856544339622642
396916,0.0
396931,0.0
396963,0.1866
396968,0.007946666666666657
396971,0.0
396975,0.3202820089955023
396996,0.058902564102564114
397007,0.37150416666666664
397033,0.2720705882352942
397038,0.3104065957446809
397056,0.0
397065,0.4450672064777328
397078,0.4210795454545454
397108,0.006807999999999981
397121,0.4291818181818182
397131,0.0
397148,0.4759851851851852
397152,0.26936666666666664
397168,0.10657500000000003
397206,0.18240869565217388
397231,0.0
397238,0.44516363636363643
397301,0.00945172413793105
397314,0.16911202898550726
397320,0.0
397342,0.0
397361,0.20023529411764704
397446,0.09181176470588237
397489,0.3711450980392157
397500,0.22351502870651807
397548,0.5267208333333333
397584,0.0
397627,0.17931999999999998
397700,0.0
397705,0.0
397760,0.26582666666666666
397786,0.20403847926267282
397826,0.2962814814814815
397889,0.14914166666666667
397910,0.23745333333333332
397977,0.0
397986,0.0
398011,0.0
398031,0.24275757575757578
398052,0.0
398064,0.11720000000000003
398080,0.23469333333333336
398081,0.0
398104,-0.047326984126984134
398330,0.0
398391,0.3680058823529411
398459,0.13173432835820897
398531,0.4052
398549,0.4627587412587413
398575,0.16069189189189192
398581,0.24913416966836419
398590,0.38470989304812836
398605,0.3047576923076923
398630,0.2263242424242424
398658,0.14275384615384612
398696,0.20019512820512822
398708,-0.04281538461538459
398721,0.2804851063829787
398790,0.44895749354005166
398805,0.36926000000000003
398808,0.06915471698113207
398837,0.18353613445378153
398858,0.3785266666666667
398860,0.1808642857142857
398901,0.056230409356725145
398916,0.26457499999999995
398979,0.0
399073,0.1717241046638091
399074,0.0
399078,0.0
399087,0.24199555555555557
399117,0.41704137931034485
399134,0.09980356709709638
399197,-0.45152250000000005
399239,0.0
399252,0.010648648648648673
399254,0.32339999999999997
399269,0.4284868421052632
399287,0.3839818181818182
399298,0.22284838028169018
399309,0.36156
399313,0.3147114478114478
399360,0.3082620689655172
399386,0.019518181818181768
399409,0.0
399451,0.36764
399464,0.2297190476190476
399514,0.013448000000000015
399525,0.2967446808510638
399545,0.4777381578947369
399547,0.13034999999999997
399551,0.1754241379310345
399579,0.21287307692307694
399689,0.0
399699,0.30392857142857144
399748,0.011870370370370309
399756,0.0
399787,0.19325000000000003
399854,0.283274
399874,0.0
399892,0.0
400008,0.2736936170212766
400012,0.3343384615384616
400095,0.5091759398496241
400110,0.007029629629629608
400112,0.011572670807453417
400123,0.45996969696969703
400158,0.31777333333333335
400161,0.12055172413793103
400168,0.3120352941176471
400205,0.04928461538461537
400208,0.28327
400247,0.25572685810810813
400341,0.22136666666666666
400403,0.1846107142857143
400406,0.39779999999999993
400414,0.18361666666666665
400417,0.3232566037735849
400433,0.0115578947368421
400464,0.07541333333333333
400520,0.0
400591,0.053606896551724126
400595,0.0
400670,0.11155999999999999
400700,-0.06398009216589863
400741,0.001959259259259244
400763,0.27207741935483865
400776,0.20460000000000003
400809,0.08003669724770641
400854,0.316668253968254
400928,0.09494442417926005
400948,0.0
401017,-0.40413000000000004
401032,-0.09546993006993004
401035,0.0
401073,0.0
401075,0.28326153846153845
401082,0.324675
401102,0.21301258741258744
401158,0.0
401188,0.19668333333333332
401283,0.0034119999999999984
401309,0.3766742857142857
401341,0.014500000000000068
401356,0.0
401360,0.38066
401393,0.058475862068965545
401414,0.3460757123473541
401422,0.24055330649798734
401433,-0.30574375
401438,0.18500560271646865
401494,0.2863800000000001
401500,0.0
401529,0.0
401551,0.38006511627906975
401557,0.3787666666666667
401588,0.0
401626,0.40247404148334376
401630,0.22817037037037036
401659,0.0
401676,0.007541666666666669
401715,0.00932307692307699
401735,0.0
401795,0.0
401806,-0.09244269005847955
401851,0.47114509803921567
401861,0.01343111111111106
401868,0.18902600985221685
401886,-0.5134367132867133
401905,0.0
401956,0.3340809523809524
402024,0.08404458204334367
402075,0.355106724137931
402158,0.30126315789473684
402186,0.3269285714285714
402215,0.0
402239,0.34990909090909095
402268,0.3774086956521739
402313,0.21896666666666664
402331,0.2100842105263158
402388,0.11674999999999996
402411,0.32889391304347826
402423,0.07270241935483868
402426,-0.10017818181818183
402549,0.2699625
402599,0.10674999999999998
402652,0.2831152542372881
402673,0.24415714285714285
402677,0.0
402727,0.20019487179487183
402739,0.12934545454545454
402752,0.29276253101736976
402767,0.11691999999999997
402792,0.0025677419354838693
402803,0.32720000000000005
402849,0.43916889952153115
402929,0.07630256410256409
402947,0.006257971014492714
402973,0.014528571428571446
403034,0.34399183673469386
403091,0.22313023255813957
403135,0.0
403151,0.4053333333333333
403182,0.0
403193,0.32081694915254244
403217,0.2622383838383838
403279,0.0
403301,0.32102564102564096
403353,0.0018181818181818299
403388,0.3320375
403391,0.350651724137931
403430,0.08633437499999999
403437,0.39733103448275864
403497,0.0
403512,0.39143155172413796
403537,-0.3293263157894737
403564,0.0
403619,0.44273110516934044
403633,-0.09337857142857142
403647,0.25679583333333333
403650,0.41224363636363637
403656,0.13176579166666663
403658,0.0
403673,0.44769849624060154
403681,0.2271176470588236
403686,0.0
403699,0.15602933333333333
403718,-0.14073846153846153
403734,0.0
403743,0.42510886075949367
403752,0.5468088987529064
403776,0.10794989502667354
403810,0.4404595238095238
403815,0.398558904109589
403843,0.3482961538461538
403901,0.3614857142857143
403924,0.0
403955,-0.22957142857142854
403989,0.14323902439024394
403990,0.37012649903288203
404021,0.1268263929618768
404039,0.3676190476190476
404046,0.4505384615384615
404088,0.38362222222222225
404095,0.437975
404108,0.04398536585365853
404149,0.3947380952380953
404174,0.2897619047619048
404224,0.2648578313253012
404270,0.0129422222222223
404280,0.0
404324,0.3363833333333333
404340,0.012964705882352878
404422,0.24673333333333333
404426,-0.025289285714285736
404432,0.2086
404498,0.4955290322580645
404523,0.40697454545454537
404527,0.36710000000000004
404551,0.10005000000000003
404558,0.006847058823529428
404574,0.4456827586206896
404655,0.13294045801526716
404689,0.41297500000000004
404713,0.35772222222222216
404767,0.0750410256410256
404797,0.0
404869,0.0
404873,0.2589855072463768
404883,0.1739897435897436
404926,0.27370000000000005
404971,0.29208
405027,0.0
405074,0.20768021978021978
405084,0.2537671641791045
405102,0.22268
405135,0.3534528571428571
405136,0.3630170212765957
405173,0.0
405192,-0.1152122448979592
405214,0.4037175438596491
405232,0.08573688639551197
405268,0.1952682926829268
405319,0.0
405373,0.2666207459207459
405392,0.013866666666666694
405403,0.1988526315789474
405412,0.0
405476,0.09921714285714286
405540,0.187233359559402
405544,0.3303142857142858
405574,0.0
405586,-0.40733846153846154
405590,0.41227586206896555
405601,0.3365303571428572
405624,0.4278761904761905
405630,0.28945525946704065
405684,0.0
405692,0.03628470588235294
405698,0.13059464285714284
405732,0.1986514482758621
405743,0.0
405797,-0.14427636363636365
405818,0.24297358490566037
405826,0.34623125
405935,0.0
405947,0.39150000000000007
406051,0.3780631578947369
406147,0.11060126287803257
406186,0.0
406205,0.0
406296,0.15056888888888886
406303,0.35691707317073174
406331,0.2292233333333334
406340,0.20983
406374,0.0
406386,0.4134913360029122
406405,0.10634285714285718
406449,0.22383809523809528
406485,0.0
406554,0.18922720897615708
406572,0.37322058823529414
406580,0.10731999999999997
406587,0.14309767441860466
406613,0.12854418604651163
406713,0.0
406715,0.0
406724,0.0
406775,0.15352857142857146
406788,0.0
406798,0.19677454545454545
406825,0.10528701298701298
406845,0.24739111111111106
406850,0.2445368421052632
406876,0.43746666666666667
406919,0.31267999999999996
406923,0.210604
406951,0.43350909090909096
406954,0.39557857142857145
406975,0.44175905631659057
407000,0.21262105263157893
407013,0.43344745762711867
407027,0.0
407034,0.04286582010582013
407037,0.0
407057,0.0
407109,0.1373781206171108
407157,0.40079
407171,0.3933714285714286
407212,-0.11114896291640475
407279,0.0
407328,0.4753666666666667
407355,0.3554360233918129
407363,0.13783255813953488
407395,0.0
407410,0.22254192872117406
407559,0.0
407594,0.24772741935483855
407659,0.30083333333333334
407726,0.28667619047619053
407754,0.3345342657342657
407856,0.4278595744680851
407861,0.3336
407875,0.37449411764705887
407895,0.09320707964601771
408036,0.012299999999999978
408071,0.17093333333333333
408085,0.12683333333333335
408091,0.0
408092,0.0
408118,0.0
408125,0.11912716049382716
408139,0.205208
408176,0.0
408185,0.34674391534391535
408227,0.3843428571428572
408249,0.053535
408324,0.38704230769230774
408442,0.38141250000000004
408455,0.0
408466,0.3539703703703704
408481,0.5273526315789474
408483,0.38933616268788684
408543,0.0912608695652174
408549,0.0
408552,0.46747546798029554
408576,0.19485999999999998
408598,0.024876825396825397
408609,0.10865131964809382
408635,0.0
408651,0.19610714285714284
408725,0.2242802363050483
408742,0.16440000000000002
408752,0.3836717948717949
408753,0.0
408765,0.34741428571428573
408800,0.034279166666666666
408825,0.30392727272727277
408883,-0.03884377880184334
408939,0.01400370370370374
408982,0.0
408984,0.19722499999999998
409016,0.013411940298507466
409051,0.06193333333333334
409144,0.17770526315789476
409146,0.0
409179,0.45965500000000004
409184,0.0
409195,0.39817391304347827
409210,0.0
409219,0.2703
409234,0.4365444444444444
409251,0.11180000000000007
409307,0.20554042933810368
409318,-0.06619259259259258
409321,0.0651166666666666
409322,0.10435238095238097
409332,-0.10597307692307689
409333,0.1492
409375,0.0029192307692307573
409425,0.23415624999999998
409428,0.0016400000000000026
409431,0.0
409436,0.32813928571428574
409516,0.30756500000000003
409644,0.33464561403508775
409675,0.0
409707,0.44199999999999995
409781,0.37548888888888887
409866,0.0
409874,0.10438534482758621
409882,0.25376190476190474
409884,0.317151724137931
409893,0.2921256578947368
409916,0.347917004048583
409929,0.012694117647058856
409988,0.0
410026,0.013580000000000036
410035,0.26621428571428574
410044,0.30388750000000003
410060,0.0
410115,0.27046205997392436
410124,0.4263406593406593
410160,0.46304796527400977
410178,0.254
410183,0.0
410184,0.44399999999999995
410224,0.0
410243,0.0
410248,0.03491666666666671
410263,0.006622222222222196
410307,0.2918444444444444
410356,0.025095727986050587
410388,0.29413921568627455
410401,0.3117107142857143
410430,0.37596666666666667
410489,0.0
410544,0.2082986956521739
410562,0.012261538461538546
410607,0.11880356095517391
410624,0.35894545454545457
410638,0.5087314814814815
410670,0.24108000000000002
410683,0.0024428571428571355
410696,0.2152
410719,0.0
410731,0.013996078431372627
410748,0.16796923076923076
410762,0.0
410785,0.5213
410799,0.46218384754990927
410852,0.0
410873,0.37145
410955,0.20935428571428577
410963,0.21155037220843675
410980,-0.2047715277777778
410985,0.0
411008,0.31990588235294115
411041,0.32129795918367343
411052,0.0
411058,0.1760869565217391
411085,0.18921757735352207
411090,0.05529642857142858
411105,0.11904057971014492
411130,0.0
411150,0.1418727272727273
411215,0.4539428571428571
411228,0.07782941176470587
411237,0.37076675180928054
411248,0.12523166666666674
411268,0.322318487394958
411285,0.0
411299,0.011794285714285757
411344,0.0
411359,0.006262068965517231
411395,0.012552941176470545
411434,0.37690384615384614
411442,0.3060296296296296
411453,0.10787441860465116
411455,0.012900000000000023
411466,0.0
411488,0.34957419354838715
411490,0.0
411503,0.27578
411507,0.4876848484848485
411539,0.008585714285714197
411578,0.0
411597,0.3730979591836735
411598,0.0
411642,0.23051244588744585
411691,0.1425826086956522
411703,0.0818351145038168
411727,0.0
411731,0.35008727272727275
411740,0.2199858794887401
411744,0.25849111111111106
411805,-0.08150053981106614
411894,0.45352205128205125
411966,0.2886903225806452
411990,0.0
412043,0.11200571428571432
412049,0.20193333333333335
412099,0.0
412109,0.2350571428571428
412121,0.35372461538461536
412122,0.2887833333333334
412140,-0.06803829787234039
412160,0.2660483870967742
412175,0.0
412193,0.0
412223,0.3771714285714286
412256,0.1278
412290,0.22355999999999998
412321,0.40349873417721516
412336,-0.2984155502392345
412366,0.3829212303075769
412447,0.24648695652173913
412452,0.3705866666666666
412467,0.3882444444444444
412481,0.3027423240938167
412499,0.08622608695652179
412520,0.1446710309930424
412544,0.41011999999999993
412581,0.33612
412602,0.052019161676646705
412642,0.3505090909090909
412654,0.33739230769230766
412696,0.009409999999999918
412730,0.0
412744,0.3957307692307692
412752,0.27736000000000005
412803,0.2710372093023256
412827,0.0
412866,0.2820090909090909
413004,0.43945818181818175
413063,0.38208888888888887
413134,0.11044285714285718
413141,0.012295652173913041
413149,0.2016668783068783
413189,0.4248972972972973
413215,0.09414970760233915
413220,0.17456279461279461
413318,0.0
413344,0.0
413350,0.4565379310344828
413372,0.29304
413418,0.24327843137254906
413432,0.011316666666666642
413479,0.0
413585,0.0
413627,0.39858591549295774
413635,0.014222222222222247
413715,0.10657062937062937
413777,-0.08276074074074075
413781,0.37202045454545457
413786,0.42255599999999993
413794,0.013314285714285723
413823,0.004855555555555557
413833,0.2582307529908515
413840,0.42279397993311035
413846,0.182093023255814
413922,0.0
413942,0.0
413975,0.28383473684210525
413979,0.1508655172413793
413996,0.0
413997,0.2420524901185771
414004,0.18287058823529412
414015,0.21357671957671953
414061,0.489948275862069
414083,0.4539916666666667
414114,0.2833045454545455
414139,0.06577333333333332
414164,0.4560149019607843
414202,-0.014498424242424236
414295,0.30218947368421056
414358,0.19970967741935486
414366,0.14812060185185183
414367,0.0019478260869565112
414380,0.11701081081081083
414385,0.09442323446327683
414387,0.3355478260869565
414394,-0.17752
414423,0.0
414440,0.0
414506,0.43906249999999997
414526,-0.05860673684210527
414538,0.0
414546,0.07551705279904546
414571,0.40028035714285715
414576,0.0
414589,0.15104033437826547
414660,0.41867412280701755
414672,0.0
414735,0.0
414811,0.42107414500683993
414846,0.3668256410256411
414865,0.25413790476190473
414895,0.0
414919,0.151815625
414934,0.0
414992,0.5030194769613948
414998,0.0
415081,0.007987500000000036
415091,0.4131205479452055
415156,0.3462363636363637
415195,0.013858823529411701
415206,0.0
415217,0.24071272727272724
415246,0.0
415248,0.4902545454545455
415287,0.06336274509803919
415301,0.26040454545454544
415380,0.0
415384,0.09567354260089685
415388,-0.6248687500000001
415396,0.43662727272727264
415400,0.2444503577817531
415441,0.42667368421052626
415443,0.008700000000000041
415461,0.3462943820224719
415466,0.15433333333333332
415507,0.29649090909090914
415519,0.3666251684017146
415651,0.21277297297297298
415692,0.014327777777777828
415744,0.0
415835,0.421536
415844,0.3853379310344828
415896,0.3876715447154471
415917,0.0
415926,0.3091333333333333
415983,0.0
416036,0.0019500000000000073
416075,0.17522978723404256
416133,0.33864
416165,0.00554595121951218
416202,-0.09620784313725489
416212,0.0
416220,0.24514000000000002
416250,0.0029363636363636536
416265,0.21094666666666667
416281,-0.0013312612612612629
416319,0.24651428571428569
416335,0.3062909090909091
416420,0.4714250380749314
416447,0.06718214285714286
416458,0.4459968936678613
416482,0.0
416511,0.18054315749235475
416516,0.07012941176470587
416580,0.09701176470588233
416582,-0.10484897959183676
416591,0.31764333333333333
416593,0.3981771428571429
416601,0.0055272727272727695
416633,0.33632999999999996
416649,0.43607881097560974
416656,0.4535113170731707
416702,0.30252549019607844
416711,0.30846666666666667
416769,0.14735000000000004
416777,0.36859515151515154
416802,0.2680461538461539
416824,0.4513166666666667
416854,0.4340076923076923
416905,0.07290000000000002
416930,0.09055999999999997
416938,0.0
416948,0.25797435897435894
416952,0.0
416962,0.09315714285714283
416983,0.32258947368421054
416986,0.2475642473118279
416989,0.0
416991,0.336725
417080,0.44725833333333337
417118,0.20775272727272726
417137,0.013759999999999994
417145,0.5130214285714286
417187,0.19519999999999998
417222,0.0
417252,0.2907420289855073
417270,0.5041527777777778
417303,0.3535650000000001
417345,0.13170243902439027
417396,0.3777175381263616
417402,0.08054814814814815
417427,0.0
417430,0.2849882352941176
417472,0.24411999999999995
417485,0.0
417493,0.007000000000000006
417506,0.17113108892500578
417512,0.4274974358974359
417524,0.05700357142857143
417535,0.2782793406593407
417590,0.0
417605,0.17098709677419352
417612,0.4933224489795919
417631,0.17525857142857143
417732,-0.38912
417739,0.4311934210526316
417755,0.27659129967776586
417765,0.41592000000000007
417791,0.27826666666666666
417810,0.021571428571428575
417837,0.29416491228070174
417857,0.34160298507462683
417891,0.16115789473684214
417948,0.0
417949,0.24559999999999998
417954,0.04595376712328769
418003,0.0
418053,0.370950391164289
418061,-0.04970481283422458
418066,0.25768
418086,0.3077938461538462
418089,0.17901428571428568
418096,0.356935
418106,0.0
418145,0.0
418210,0.2613688888888889
418232,0.2979533333333334
418244,0.0
418247,0.0
418264,0.3212944326990838
418315,0.0
418322,0.2979264705882353
418346,0.20520000000000002
418350,-0.2759666666666667
418372,0.19387058823529413
418413,0.298199387755102
418423,0.0
418439,0.4734055555555555
418496,0.24974666666666664
418516,0.011809876543209974
418531,-0.37830508474576274
418556,0.0
418588,0.0
418602,0.0
418651,0.3743927272727272
418706,0.35930000000000006
418750,0.0
418778,0.2506952380952381
418785,0.3325587301587301
418786,0.0
418821,-0.43851196911196916
418871,-0.1327363425925926
418906,0.4100506666666667
418910,0.14888125
418930,0.19927499999999998
418956,0.35955
418978,0.0
418995,0.014192857142857118
419007,0.5079219189412738
419015,0.2755294117647059
419022,0.0
419036,-0.014482352941176502
419045,0.09415852941176467
419068,0.17229733796296298
419070,0.20101568627450978
419131,0.3093529411764706
419161,0.40447857142857147
419211,0.0
419289,0.0
419293,0.2448666666666667
419302,-0.03682285714285716
419308,0.08556944444444448
419325,0.42551304347826086
419329,0.3188175438596491
419337,0.39051698113207545
419339,0.3126
419391,0.024518518518518523
419395,0.330275
419410,0.30512799999999995
419429,0.0
419437,0.0
419465,0.0
419502,0.09522933333333333
419523,0.46801746031746033
419526,0.11353733333333334
419531,0.0
419557,0.15085000000000004
419584,0.25463849340866285
419586,0.23793751645458536
419594,0.5237892857142857
419627,0.2543436363636364
419632,0.30836644736842106
419645,0.23382548725637187
419660,0.0
419722,0.25340565217391303
419738,0.0
419766,0.2566666666666667
419783,0.0032999999999999974
419800,0.3556698795180723
419827,0.06248229166666669
419830,0.13753846153846155
419852,0.3693128205128205
419860,0.0
419863,0.10568047337278108
419874,0.2980071207430341
419928,0.37211666666666665
419952,0.21119534883720925
419974,0.2715585365853659
419978,0.3670879459980713
420003,0.024540740740740724
420024,0.0
420071,-0.17723703703703703
420080,0.0
420124,0.2351285714285714
420135,0.36911875
420153,-0.17662500000000003
420161,0.1520823529411765
420164,0.24166666666666664
420177,0.22845343053173245
420239,0.16537904761904765
420246,0.34265217391304353
420250,0.25205
420363,0.40428
420385,0.2840190476190476
420393,0.13471499999999997
420408,0.25218380952380953
420451,0.230225
420457,0.27393750000000006
420477,0.01148181818181826
420488,0.4378739130434782
420491,0.34446
420549,0.0
420554,0.2477043478260869
420563,-0.23913658536585364
420585,0.2203769493844049
420587,0.29948571428571424
420631,0.0
420709,0.0
420714,0.18946666666666667
420738,0.22327272727272726
420778,0.0
420782,0.15105714285714283
420787,0.38382222222222223
420788,0.2089
420797,0.42770256410256413
420801,0.24909577464788735
420806,0.0
420817,0.0
420838,0.01452666666666666
420842,0.4146749999999999
420853,0.44158947368421053
420900,0.42025116279069763
420928,0.21566907051282058
420943,0.29078000000000004
420949,0.0
421003,0.41966428571428577
421012,0.3041689655172414
421057,0.0
421072,0.3188428571428571
421130,0.0642777777777778
421158,0.4888229166666666
421173,0.17436690647482017
421180,0.4700571428571429
421201,0.21636363636363637
421240,0.39845416666666666
421263,-0.4458111111111111
421337,0.48521250000000005
421360,0.401284686888454
421393,0.26047619047619053
421413,0.24707027972027973
421433,0.09527183673469387
421447,0.006178780541492401
421479,0.44687
421548,0.054526436781609205
421552,0.005314285714285716
421607,0.3156564102564103
421611,0.4694090909090909
421630,0.012294736842105247
421662,0.27383595505617975
421663,0.41711428571428577
421744,0.35455
421779,0.3839564356435643
421850,0.19701190476190478
421892,0.13644255319148935
421893,0.0
421917,0.04637966101694918
421955,0.134512140175219
422023,0.19426909090909095
422071,0.26088
422104,0.25319047619047613
422114,0.0
422117,0.3264752941176471
422138,0.0250578947368421
422195,0.24873030303030297
422204,0.0
422233,0.0
422272,0.014144055944055989
422299,0.25143809523809524
422351,0.0
422409,0.1211714285714286
422433,0.1151466666666667
422493,0.42618028846153844
422517,0.0
422698,0.1406302222222222
422830,0.056378723404255315
422845,0.414539393939394
422936,0.4751272727272727
422940,0.44404285714285713
422942,0.15446037735849058
422990,0.41076250000000003
422992,0.08330000000000004
423017,0.22467333333333334
423062,0.14137735849056604
423076,0.3294116161616162
423109,0.13549999999999995
423111,0.14652500000000007
423152,0.0
423169,0.014792000000000027
423210,0.31298604651162787
423258,0.36010967032967034
423293,0.1642408163265306
423336,0.20526
423367,-0.15776
423406,0.27283798527443104
423443,0.2767421052631579
423488,0.3790758620689655
423528,0.0722
423552,0.4676095238095238
423566,0.18791249999999998
423571,0.0
423577,0.0
423626,0.1928
423633,0.2514196695515343
423648,0.3218181818181818
423716,0.32379487179487176
423798,0.38919310344827585
423825,0.138715
423834,0.33525666666666665
423851,0.0
423861,0.33792222222222223
423898,0.3017711111111111
423901,0.1491791666666667
423968,0.2517016835016835
424011,0.0
424031,0.4256648648648649
424037,0.013654054054054066
424045,0.4407142857142857
424069,0.43833333333333335
424120,0.29863529411764705
424143,0.0
424177,0.006892307692307698
424219,0.3913
424242,0.0
424244,0.21942354354354354
424291,0.3376159521435693
424321,0.45053999999999994
424325,0.16448355555555555
424340,0.16248783018867918
424362,0.25372332730560576
424414,0.0
424430,0.0
424470,0.2157626666666667
424490,0.36346666666666666
424518,0.0
424593,0.2889764705882353
424618,-0.052305418719211905
424694,0.3312076923076923
424715,0.21835555555555558
424747,0.31447142857142857
424772,0.3952
424782,0.15856570048309176
424828,0.2653333333333333
424907,0.3585591836734694
424922,0.0
424951,0.2681258373205741
424960,0.11547441860465119
424966,0.0
425035,0.01224912280701762
425039,0.0
425088,0.0
425093,0.43842
425135,0.33164
425269,0.01216666666666677
425305,0.506958
425321,0.0
425322,0.0035590730837789797
425386,0.12952000000000002
425395,0.005774999999999975
425445,0.10073469387755102
425459,0.33124999999999993
425487,0.37543708474576276
425511,0.2790189964157706
425542,0.14489999999999997
425588,0.4283315789473684
425589,0.33240000000000003
425664,0.07778823529411766
425696,0.0
425699,-0.1255133333333333
425738,0.21981111111111112
425754,0.2832655011655012
425766,0.43669756097560974
425767,0.1666
425810,0.0
425819,0.0029333333333333156
425877,-0.20995374677002582
425918,0.012408000000000086
425926,0.0
425977,0.28750555555555557
425986,0.39914782608695654
425992,0.27079999999999993
426054,0.0
426074,0.04526874999999998
426099,0.29725
426121,0.4476428571428571
426123,0.3879230769230769
426179,0.0
426217,0.30934339622641505
426234,0.15715294117647058
426241,0.18031538461538463
426258,0.011666666666666714
426267,0.10902926829268295
426303,0.15369375000000002
426307,0.211475
426329,0.0
426406,0.0
426408,0.20228000000000002
426442,0.0
426509,-0.028733333333333333
426513,0.10676507936507934
426545,0.012458536585365887
426563,0.29505714285714285
426574,0.2785821428571429
426712,0.06281960784313728
426714,0.0
426755,0.12989074161549363
426788,0.4180752351097179
426789,0.47128450704225355
426795,0.14774691489361702
426800,0.24737142857142855
426870,0.28293333333333337
426891,0.008872727272727254
426903,0.27469898989898994
426909,0.347555462184874
426943,0.0
426954,-0.08849379379379374
426990,0.4023
427050,0.05440707964601768
427058,0.11154666666666663
427119,0.3279818181818182
427135,0.36731052631578953
427172,0.4008111111111111
427191,-0.07240000000000002
427232,0.233
427253,0.0
427315,0.38874000000000003
427323,0.12399444444444446
427340,0.3374102232667451
427346,0.3514618181818182
427362,0.0
427430,-0.10339999999999996
427446,-0.040557692307692295
427482,0.22638181818181824
427485,0.06212259615384616
427488,-0.04704210526315794
427513,0.0
427566,0.2608434782608696
427580,0.0
427596,0.0
427623,0.0
427730,0.012488235294117578
427736,0.25794857142857136
427744,0.40928903225806457
427776,-0.05521363636363641
427821,0.0
427828,0.1772521212121212
427849,0.1870390243902439
427933,0.11347096774193549
428005,0.46515619320899093
428024,0.0
428047,0.0
428062,0.4309852739726028
428071,0.4878
428107,0.05406666666666665
428108,0.281046556233653
428140,0.233315
428141,0.22359966044142615
428152,0.2400304347826087
428153,0.2529034482758621
428172,0.1367560606060606
428173,0.011800000000000033
428253,0.4259636363636364
428266,0.24107777777777772
428267,0.0
428275,0.2163616161616162
428302,0.0
428325,0.0
428378,0.029744187461959837
428461,0.41032
428498,0.008799999999999975
428515,0.06865043478260871
428520,0.250487619047619
428579,0.3703149321266968
428595,0.2268421052631579
428612,-0.1546642857142857
428636,0.35270508474576273
428642,0.436775
428646,0.3160666666666667
428654,0.3147138461538462
428693,0.27769
428702,-0.1307847701149425
428707,0.45237769206043077
428712,0.44937948717948717
428726,0.1093391304347826
428735,0.40765312500000006
428748,0.45406521739130434
428759,0.18394999999999997
428794,0.31834166666666663
428796,0.48375384615384615
428809,0.0
428826,0.4188413793103448
428828,0.4362117647058824
428849,0.44240416666666665
428922,0.003207407407407409
428937,0.38127777777777777
428954,0.45092499999999996
428962,0.27248358208955226
429012,-0.02281935483870967
429018,0.33116216216216215
429047,0.2579733333333334
429088,0.19928799999999997
429141,0.19689714285714283
429165,0.0
429231,0.0
429235,0.007009523809523799
429309,0.0
429320,0.25980851063829785
429350,0.2323075
429393,0.2670976744186047
429396,0.31571739130434784
429434,0.37312
429474,0.0
429487,0.013266666666666649
429488,0.0014471698113207587
429508,0.0
429527,0.012215384615384628
429528,0.0
429551,0.09098144070838818
429573,0.39640583333333335
429622,0.42078571428571426
429657,0.0
429691,0.23019702380952378
429727,0.0
429760,0.3335666666666667
429771,0.009777049180327846
429792,0.33142499999999997
429793,0.0
429795,0.012568000000000024
429850,0.0
429863,0.01237777777777782
429892,0.41536190476190477
429947,-0.3291083191850594
429958,0.2169174603174603
429961,0.012741379310344803
429973,0.08225625000000003
429995,0.012539999999999996
430009,0.4740491803278688
430022,0.25102622950819675
430025,0.4491283018867924
430034,0.23670186513629848
430074,0.17320000000000002
430086,0.34235172413793097
430120,-0.11126666666666674
430155,0.001336842105263164
430157,0.3136266666666667
430197,0.2935332003988036
430199,0.39139285714285715
430210,0.2638432637571158
430261,0.38158421052631575
430266,0.28785
430307,0.0047000000000000375
430318,0.026813636363636373
430330,0.1180635135135135
430333,0.13449999999999998
430335,-0.16753015873015875
430410,0.0
430421,0.0
430446,0.37774583333333334
430453,0.027581818181818152
430492,0.35296190476190475
430508,0.2515636363636363
430533,0.3075390867579909
430552,0.35970370370370375
430562,-0.03263076923076921
430608,0.41717333333333334
430622,0.002969948186528515
430660,0.23246250000000007
430676,0.4212516129032258
430762,0.45418148148148146
430834,0.11299076923076923
430838,0.28983846153846154
430886,0.31037551020408166
430889,0.24860499999999996
430922,0.29209444444444443
430927,0.3164333333333333
431028,0.29778181818181815
431075,0.4194375
431117,0.42947272727272723
431131,0.10370000000000001
431157,0.0
431174,0.15055000000000002
431212,0.0
431219,0.21193589743589744
431230,0.2797590909090909
431231,-0.16730206337509212
431242,0.14056842105263162
431253,0.3053708439897698
431272,0.26085789473684207
431300,0.43048
431330,0.0
431343,0.07977575757575756
431402,0.0
431410,0.11922352941176473
431449,0.39709696969696967
431568,-0.17850853658536583
431582,0.2830716652136007
431589,0.3379238095238095
431613,0.24991666666666665
431616,0.1637518379594899
431633,0.33547462686567164
431645,0.28632631578947365
431786,0.4152526315789474
431791,0.3190193548387097
431823,0.09086086956521744
431853,0.347344
431861,0.21815151515151515
431863,0.31415929824561406
431911,0.35647955182072827
431936,0.11961904761904762
431982,0.06841052631578948
431985,0.0
432010,0.25832156862745104
432032,0.24971162790697676
432033,0.18571764705882354
432146,0.11215384615384616
432201,0.0
432229,0.003207407407407409
432302,0.1970727272727273
432332,0.025454958677685963
432337,0.3610736842105263
432400,0.27323030303030305
432420,0.0
432447,0.3947846153846154
432502,0.003909090909090918
432531,0.4287777777777778
432583,-0.0509
432595,0.0670509090909091
432654,0.14431219512195123
432667,0.4474011608623549
432679,0.19377777777777777
432684,0.3475958333333333
432757,0.2902142857142857
432761,0.0
432786,0.28087737030411447
432828,0.39044335839599
432849,-0.28607857142857146
432855,0.23515172413793106
432904,0.2208733333333333
432953,0.013999999999999901
432968,-0.23984313725490194
432975,0.16775532407407412
432980,0.4343981182795699
433034,0.2898
433059,0.0
433096,0.26815999999999995
433098,0.31916369092273067
433166,0.10416771879483505
433167,0.3543608465608466
433188,0.008500000000000063
433200,0.18425238095238095
433225,0.3519555555555556
433228,0.012832000000000066
433256,0.19863103448275862
433312,0.21600993788819878
433336,0.2844
433389,0.20133690476190477
433399,-0.11310000000000003
433417,0.007294999999999996
433431,0.4596571428571429
433439,0.24573333333333341
433450,0.33985411140583555
433472,0.37582222222222217
433492,0.0
433493,0.25917037037037033
433521,0.0
433571,0.03674013157894737
433588,0.0
433616,0.09433666666666668
433642,0.21955471698113208
433651,0.320356
433659,0.3161911111111111
433768,0.031879999999999964
433806,0.14377948717948713
433819,0.416525
433831,0.0
433839,0.0
433867,0.0
433876,0.34669459459459456
433915,0.40823870967741926
433948,0.03469142857142857
433957,0.42779999999999996
433979,0.1019987341772152
433999,0.5013
434000,0.19254610123119015
434034,0.04134054054054059
434101,0.3220490566037736
434145,0.0685830357142857
434154,0.36117423529411763
434183,0.0
434205,0.4386727272727273
434226,0.35889454545454547
434266,0.013227272727272754
434278,0.0
434279,0.013756521739130334
434319,0.22628611111111108
434396,0.5180858983050847
434403,0.03211724137931038
434410,0.5196574295269947
434443,0.0
434447,-0.1717796923076923
434483,0.36291428571428574
434502,0.43251999999999996
434522,0.2539333333333333
434537,0.0
434628,0.19018867924528304
434640,0.003942857142857137
434699,0.013016666666666676
434705,0.35164666666666666
434783,0.0
434808,0.17895862068965518
434863,0.16292941176470588
434873,0.2988857142857143
434899,0.13938
434911,0.3886918918918919
434925,-0.009561603394990542
434930,0.00574330708661417
434988,0.48949230769230767
435055,0.16064
435082,0.21126285714285709
435109,0.0
435133,0.0
435156,0.42401249999999996
435163,0.0
435176,0.029971428571428566
435225,0.0
435285,0.10149615384615385
435294,0.24145000000000003
435317,0.39004210526315786
435323,-0.1791612903225807
435328,0.33496000000000004
435347,0.0
435358,0.0
435374,0.3654111111111111
435429,0.31881676190476194
435432,0.011971428571428522
435446,0.1372685714285714
435506,0.25993714285714287
435529,0.0
435531,0.05333857098669967
435595,0.008882051282051329
435624,0.22215282051282054
435689,0.35330000000000006
435747,0.07133684210526314
435867,0.19730909090909093
435871,0.0
435875,0.30562105263157896
435879,0.17971270042194093
435880,0.0
435903,0.4672845070422535
435961,0.1694133333333333
436015,0.08462593984962402
436020,0.345835
436022,0.0
436029,0.4077333333333333
436031,0.4903492063492064
436045,0.3203777777777778
436046,0.3040571428571428
436071,0.379628948948949
436107,0.4244748792270531
436188,0.5110285012285012
436205,0.33711111111111114
436241,-0.04758297872340422
436249,0.0
436252,0.0
436255,0.0
436263,0.1361316129032258
436341,0.0
436381,0.356631746031746
436388,0.19316991421568627
436395,0.10584571428571427
436422,-0.2645333333333334
436425,0.0
436447,0.24082285714285714
436521,0.0
436551,0.0
436570,0.33455897435897436
436595,0.0
436610,0.3376379310344828
436646,0.1955473684210527
436705,0.31061000000000005
436742,0.4370380952380953
436791,0.3200458333333333
436833,-0.04839111111111111
436890,0.0
436901,0.16016521739130435
436926,0.0
436952,-0.3089444444444444
437080,0.19973846153846153
437117,0.4663806451612903
437123,0.47064999999999996
437191,0.28743870967741936
437305,0.011933333333333351
437320,0.3790122448979592
437361,0.0
437408,0.21855102040816332
437409,0.31712340425531915
437433,0.0
437434,-0.32169729729729724
437490,0.21826382978723402
437519,0.18739999999999996
437524,0.40013191489361705
437542,0.0
437543,0.0
437568,0.36243589743589744
437629,0.0
437644,-0.049210909090909194
437646,0.0
437665,0.36850714587737843
437705,0.0
437708,0.2795703703703704
437783,0.023927712137486623
437796,0.0
437846,0.0
437894,0.28476190476190477
437918,0.011519480519480513
437958,0.41469999999999996
437967,0.1928266666666668
437969,0.28019179206566347
437990,0.24416402116402117
437996,0.004028571428571437
438010,0.18735471698113204
438064,0.14542
438073,0.4292857142857143
438078,0.3168986111111111
438098,0.20245106382978728
438124,0.23348333333333338
438162,0.3413272727272727
438184,-0.09713749999999999
438224,0.31857777777777774
438227,0.013274074074074105
438238,0.4952905263157895
438257,0.28344166666666665
438274,0.0
438296,0.24597288135593226
438315,0.2585
438352,0.2538849667405765
438391,0.4280736842105264
438401,0.16637624223602487
438460,0.013356521739130378
438468,0.0
438477,0.0
438491,0.26239999999999997
438508,0.36162000000000005
438598,0.23648461538461538
438612,0.005029629629629606
438650,0.1086717948717949
438672,0.0
438685,0.43813548387096773
438704,0.21718372093023255
438731,0.17321964912280702
438737,0.0
438747,0.17405710144927533
438775,-0.026944691358024686
438781,0.36499375
438789,0.0
438818,0.3420833333333333
438896,0.50135
438952,0.25335714285714284
438961,0.0
438964,0.16327567567567566
439009,0.19120000000000004
439040,0.4858
439062,-0.38065571428571426
439081,0.4864787162162162
439253,0.3190886363636364
439354,0.13693379310344828
439393,0.3697957828282828
439435,0.0
439444,0.4425
439467,0.4450014005602241
439536,0.5171367379679145
439546,0.07820526315789467
439547,0.10005278201219511
439555,0.11541554487179484
439576,-0.028772727272727283
439602,0.0
439618,0.15642537313432836
439628,0.3300387878787879
439637,0.3304904761904761
439681,0.12150473017988009
439707,0.2119741935483871
439709,0.4207867102396514
439721,0.0
439740,0.060655172413793146
439755,0.0
439756,0.22039746981023572
439759,0.3436461538461538
439767,0.2796
439769,0.0
439777,0.0
439790,0.004642857142857143
439797,0.2915724699828473
439840,0.12105000000000005
439903,0.13470952380952383
439905,0.19010694444444445
439913,0.23910081709616599
439927,0.2831851851851852
439933,0.040081283422459923
439934,0.3685052631578948
439941,0.25154006802721085
440011,0.4226303030303031
440023,0.21690566037735848
440030,0.4756716049382716
440034,0.09239179487179489
440067,0.34285333333333334
440089,0.10276435643564355
440123,0.38615999999999995
440197,0.3713034482758621
440205,0.0
440228,0.17584939271255057
440292,0.31561111111111106
440327,0.004157142857142859
440367,-0.35906666666666665
440501,0.3409846153846154
440538,0.4173647058823529
440544,0.4036277777777778
440581,0.38461379310344823
440643,0.12053513513513514
440668,0.0
440675,0.29435430107526883
440712,-0.12433333333333335
440731,0.25543636363636363
440766,0.37630947061680425
440777,0.2938476190476191
440792,0.009609756097560984
440808,0.0
440811,0.0
440842,-0.45510000000000006
440946,0.47759999999999997
441003,0.0
441015,0.35880526315789474
441024,0.2261910750507099
441030,0.4276344827586207
441086,0.0
441121,0.0
441316,0.0
441329,0.012012499999999982
441362,0.10028095238095236
441379,0.0
441429,0.19869850746268658
441433,0.0
441511,0.4403781818181819
441559,0.0
441562,0.1687142857142857
441577,0.28479518072289156
441581,0.11985813315030885
441601,0.3214818181818182
441604,0.1673
441659,0.2527818181818182
441664,-0.012026438786187699
441714,0.18343214285714288
441744,0.0
441794,-0.24208936170212766
441802,0.16360000000000002
441805,0.0
441811,0.06792702702702708
441826,0.24061616161616167
441839,0.07735384615384616
441871,0.4953923076923077
441876,0.28363636363636363
441899,0.0
441958,0.22589743589743594
441983,0.2402083072100314
441991,0.3552048780487805
442013,0.16437821038251366
442169,0.06695337577411113
442230,0.0
442258,0.1535454545454546
442273,0.1611107142857143
442288,0.0
442305,0.40118
442319,0.3579333333333333
442348,0.3249714285714286
442364,0.13218181818181818
442376,-0.4845434782608695
442414,0.22885263157894734
442435,0.08552329670329673
442480,0.0
442482,0.3373884615384616
442494,0.0
442496,0.0053290322580645255
442512,-0.325475
442627,0.4414947567312234
442642,0.24704522033898307
442655,0.41086222222222224
442689,0.0025794871794871665
442697,0.004458823529411765
442812,0.21826666666666672
442828,-0.038947326203208565
442833,0.0021591836734694003
442844,0.17148648648648646
442880,0.08009545454545455
442881,0.08717593495934961
442890,0.15308705882352944
442908,0.2501684210526316
442913,0.4719
442939,0.014076923076923098
442943,0.0
442963,0.30577499999999996
442981,-0.06267841191066992
443024,0.26628
443057,0.1760666666666667
443152,0.26443076923076925
443161,0.2886723404255319
443201,0.0
443223,0.0
443237,0.0
443246,0.30125909090909087
443256,0.47336
443336,0.014531914893617048
443338,0.2356281947261663
443399,-0.04425714285714283
443439,0.3609066666666667
443447,0.269
443476,0.19150909090909085
443486,0.0
443532,0.4611433333333333
443544,0.30720625
443551,0.012193548387096742
443555,0.0
443600,0.11256578947368423
443627,0.3801333333333333
443632,0.3480738461538461
443647,0.26839241791044777
443783,0.4421435897435898
443832,0.37504000000000004
443878,0.07278699690402468
443917,0.3464
444002,0.16283527112848073
444099,0.0
444110,0.0
444132,0.44892464285714284
444165,0.0
444171,0.1338161616161616
444189,0.0
444256,0.2868266666666667
444306,0.1714755244755245
444317,0.0
444326,0.0
444440,0.522512463768116
444540,0.18588444444444446
444550,-0.2794592592592592
444552,0.013038461538461554
444554,0.3721
444569,0.1188147274633124
444593,0.0
444607,0.30376875000000003
444613,0.19853695652173914
444644,0.23103100000000001
444647,0.0
444680,0.0
444684,0.06894705882352942
444695,-0.2570434782608696
444705,0.14859047619047627
444740,0.0
444762,0.0
444767,-0.006136470588235299
444770,-0.051926666666666677
444795,0.30475609756097555
444824,0.45348461538461543
444849,0.0
444866,0.048764444444444444
444894,0.3399
444941,0.5046666666666667
444963,0.09767391304347825
445005,0.01568260869565219
445045,0.13954838709677417
445052,0.31111999999999995
445064,0.51485
445073,0.39430769230769225
445093,0.395078947368421
445108,0.0
445158,0.011823999999999946
445175,0.41129787234042553
445177,0.31175714285714284
445190,0.35607142857142854
445202,0.24470344827586207
445236,0.0
445269,0.2881272727272728
445319,0.20651153846153836
445357,0.0
445388,-0.04860999999999993
445390,0.2517094452773613
445425,0.4030439393939394
445520,0.5023529411764706
445569,0.3549594202898551
445575,0.10818888888888889
445590,0.0
445612,0.2916461538461539
445773,0.20791111111111116
445774,-0.6813396226415094
445787,0.11344615384615381
445800,-0.02127302631578948
445870,0.41068000000000005
445892,0.08063380281690141
445902,0.08699888888888889
445911,0.0
445914,0.0
445981,0.0
446050,-0.15295789473684213
446116,0.30231651785714286
446130,0.0
446172,0.02231999999999995
446174,0.40254
446178,-0.05656363636363637
446211,0.5087976063829787
446214,0.18816666666666665
446221,0.0
446268,0.0887235294117647
446300,0.0
446340,0.17867346938775508
446343,-0.2833333333333333
446442,0.47312808988764044
446465,-0.10250999999999999
446494,0.13946666666666666
446514,0.43808
446517,0.08829399999999998
446592,0.10682051282051286
446645,0.1439176923076923
446655,0.0932697223151556
446657,0.0
446725,0.21532820512820514
446736,0.42980952380952386
446780,0.0
446791,0.0
446823,0.0
446825,0.0679888888888889
446830,0.0
446833,-0.17679999999999998
446841,0.29493313393153864
446887,0.4354647058823529
446903,0.19742293824319135
446921,0.26326648983200707
446980,0.27035094339622645
447090,0.1475780487804878
447102,0.43182666666666664
447105,0.41012380952380956
447107,0.20215714285714287
447145,0.24787412280701748
447148,0.13792222222222222
447154,0.11398210526315788
447161,-0.16130684684684682
447183,0.2935714285714286
447236,0.14196470588235297
447250,0.3173
447279,0.3985222222222222
447285,0.011454545454545495
447332,0.0
447380,0.12255789473684214
447416,-0.18349773755656107
447439,0.0
447447,0.25738222222222223
447488,0.416084
447490,0.0
447503,0.2048126984126984
447509,0.15284000000000003
447575,0.012399999999999967
447696,0.35072000000000003
447711,0.23294444444444445
447716,0.0
447751,0.14459166666666667
447775,0.3813
447856,0.0
447857,0.05472352941176467
447912,0.2653
447960,-0.09901212121212122
447963,0.0
448045,0.0
448049,0.0
448053,0.08296176176176179
448068,0.26420225806451614
448098,0.1660488888888889
448118,0.0
448170,0.35559082621082627
448196,-0.05368571428571434
448210,0.0
448232,0.01318064516129036
448255,0.0
448305,0.2948666666666667
448357,0.4591833333333334
448368,0.09980000000000006
448381,-0.4582248084291188
448433,0.0
448440,-0.008879166666666674
448453,-0.03153703703703703
448497,0.2013052631578947
448502,-0.6364790697674418
448560,0.01262173913043485
448574,0.3256453953488372
448634,0.0
448645,0.21870649350649357
448695,0.0
448701,0.380011320754717
448778,0.35778750000000004
448830,0.0
448854,0.0
448871,0.2093365853658537
448890,-0.04348387096774192
448903,0.34967441860465115
448942,0.25127999999999995
448962,0.3835795454545454
449009,0.07997777777777779
449121,0.02909473684210523
449185,0.19321
449259,0.0
449265,0.16162352941176472
449267,0.11997058823529416
449274,-0.3877333333333334
449285,0.32526000000000005
449319,0.39985000000000004
449332,0.46076666666666666
449351,0.47430756192959583
449367,0.37129
449391,0.010749152542372964
449406,-0.1483565217391305
449412,0.15200000000000002
449484,0.24200120030007502
449501,0.30612500000000004
449552,0.0
449741,0.23859803117309267
449840,0.25698
449881,0.340416091954023
449916,0.43847500000000006
449959,0.27386122448979594
449994,0.33839565217391304
449997,0.24633793103448276
450013,0.0626714285714286
450019,0.00986666666666669
450064,0.298789387755102
450073,0.23959285714285716
450084,0.20300285714285715
450085,0.32862499999999994
450132,0.0
450209,0.4498782608695652
450216,0.01210526315789473
450232,0.0
450309,0.13604000000000005
450362,0.4050153846153846
450363,0.002620512820512816
450378,0.06779999999999997
450405,0.010352941176470565
450429,0.31242745098039215
450443,0.23473103448275862
450500,0.37194285714285713
450548,0.47111590909090906
450593,0.0
450627,0.007408695652173947
450635,0.33253
450675,0.33856924119241194
450677,0.31056470588235296
450684,0.3504357142857143
450697,0.0
450714,0.0
450719,0.32617142857142856
450759,0.013661538461538503
450768,0.32352758620689653
450840,0.0
450870,0.34017777777777775
450880,0.034550000000000025
450895,0.43039999999999995
450904,0.0417448924731183
450907,0.08268155339805824
450979,0.17796666666666666
451020,0.45062287869264617
451022,0.45520000000000005
451061,0.0
451069,0.3536074168797954
451074,0.1487733333333333
451117,0.00782000000000005
451231,0.0
451246,0.2606611111111111
451276,-0.000744827586206892
451290,0.356925
451291,0.08446595744680852
451301,0.1555289230769231
451353,-0.6733
451385,0.1552174680462568
451463,0.1806398798798799
451468,0.0
451486,0.3647166666666667
451505,0.3774333333333333
451530,0.0
451564,0.0
451616,-0.2668583333333333
451657,0.0
451693,0.0
451697,0.0
451725,0.4300454545454545
451755,0.0
451756,0.1165792
451784,0.4769
451788,0.23424131591678765
451809,0.0
451841,0.0
451861,0.2365
451866,0.1986
451907,0.1751383333333334
451966,0.29259476997578693
451973,0.21088225616921266
452003,0.0
452021,0.0
452040,0.22601666666666653
452095,0.0
452099,0.2232695652173913
452130,0.3595647058823529
452149,0.226302
452175,0.3094199999999999
452217,0.49975
452220,-0.08531851851851852
452237,0.14019166666666666
452248,0.27367142857142857
452268,0.013698245614035098
452309,0.4758196078431373
452320,0.187065306122449
452338,0.0
452390,0.35878571428571426
452397,0.2002608695652174
452416,0.0
452430,-0.02398181818181816
452480,0.0
452509,0.33709090909090905
452523,0.4802244897959183
452548,0.07923780487804877
452552,0.0
452583,0.21274545454545457
452616,0.0
452656,0.15053
452701,0.16534999999999994
452751,0.41166249999999993
452850,0.0017333333333333367
452865,0.03632652652652646
452888,0.0019811320754717088
452905,0.256725
452917,0.2121525423728814
452956,0.11975068493150685
452967,0.0
452978,0.156825
453007,-0.05936382488479264
453021,0.21724145658263305
453024,0.013560000000000016
453025,0.0
453065,0.0011852272727272684
453078,0.45988000000000007
453096,0.0
453145,0.0
453160,0.031955555555555515
453183,0.3978358974358975
453209,0.0
453218,0.0
453242,0.15330310326184898
453249,0.0
453282,0.18062066666666665
453291,0.4789692307692308
453374,0.4202222222222222
453411,0.34015151515151515
453426,0.004788571428571364
453428,-0.10239230769230767
453466,0.0
453480,0.3750581818181818
453537,0.0
453555,0.23569714285714286
453579,0.35887500000000006
453593,0.25425714285714285
453599,0.17016830601092894
453639,0.29251891891891896
453647,0.0032494117647058895
453650,0.0
453656,0.3145731481481482
453671,0.2874456521739131
453764,0.04969333333333337
453791,0.48084000000000005
453816,0.08782554112554114
453846,0.33525600000000005
453870,0.4141619047619048
453909,0.23111111111111113
453931,0.0
453961,-0.02044166666666658
454049,0.04101428571428567
454062,0.245
454063,0.12921296296296297
454112,0.4600769230769231
454134,0.10391111111111112
454145,0.2754507836990595
454152,0.4463455483870968
454162,0.22735882352941172
454200,0.0
454259,-0.5680246376811594
454290,0.17796444444444445
454300,0.0
454335,0.16846666666666665
454361,0.3243727272727273
454400,0.22822400000000004
454413,0.2506736842105264
454426,0.0
454427,0.45488057514921326
454449,0.17792222222222223
454469,0.2886
454470,0.0
454515,0.41526250000000003
454523,0.0
454559,-0.1483103448275862
454644,0.34258421052631577
454646,0.237887323943662
454663,-0.4077777777777778
454678,0.2929579710144928
454735,0.1334557894736842
454764,0.25550000000000006
454769,0.0
454792,0.2415025641025641
454795,0.0
454817,0.3111166666666667
454825,0.0
454838,0.06867500000000004
454875,0.0
454948,0.0
454992,0.07332972972972973
455019,0.0
455021,0.18290603085553997
455058,0.009048484848484806
455076,0.0
455096,0.34829333333333334
455127,0.3665318823529412
455136,0.0057035714285714745
455191,0.18646695278969955
455372,0.0
455378,0.12060784313725487
455393,0.0
455433,0.22335333333333335
455434,0.22492941176470588
455492,0.15631627906976747
455499,0.29448518518518524
455535,0.0
455546,0.09733333333333327
455553,0.22724232804232802
455627,0.0
455632,0.28606666666666664
455657,0.19379999999999997
455708,0.34722499999999995
455781,0.013756521739130445
455819,0.0
455840,0.011568750000000017
455860,0.20892727272727268
455880,0.09699424460431653
455903,0.4123461538461538
455927,0.2641794871794872
455937,0.22657142857142853
456030,0.14566363636363633
456072,0.06485555555555556
456085,0.41723571428571427
456088,0.18269025974025974
456150,0.3158522083058669
456181,-0.42269999999999996
456216,0.25583333333333336
456229,0.0062214285714285444
456279,0.4779862068965517
456287,0.2792608695652174
456310,0.33358846153846156
456313,-0.16791199999999995
456316,0.04676363636363637
456328,0.07629999999999998
456362,0.4135000000000001
456403,0.365463523573201
456434,0.19436923076923077
456439,0.3072620689655172
456495,0.0
456504,0.3238354166666667
456588,-0.26603000000000004
456634,0.2778892857142857
456658,0.18400526315789476
456703,0.0
456795,0.0
456814,0.013365517241379354
456834,0.1387485714285715
456838,0.03823030303030303
456851,-0.018188679245283
456854,0.22050396825396823
456872,0.4513190476190476
456877,0.2191866666666667
456885,0.0
456900,0.0
456947,0.15074545454545452
456976,0.008794285714285754
457025,0.36181758327550306
457242,0.0
457249,0.014133333333333331
457268,0.0
457275,0.2969190476190476
457308,0.4239522388059702
457334,0.3221162120432321
457336,0.01148181818181826
457357,0.40897575757575755
457386,0.40420571428571433
457423,0.20499047619047622
457471,0.36417826086956523
457479,0.21019622641509433
457495,0.3042
457678,0.18780000000000002
457706,0.0
457715,0.22801818181818181
457736,-0.6629899240855763
457737,-0.11096643356643354
457787,-0.34775
457810,0.005920000000000036
457819,0.3241712351029252
457841,0.3569
457854,0.2945789473684211
457869,-0.25635882352941175
457889,0.1551670383586084
457903,0.0
457954,0.1462125
457958,0.0
457988,0.012275555555555595
457995,0.29029285714285713
458034,0.3606131147540983
458037,-0.1526190476190476
458057,0.19408000000000003
458169,0.360975
458177,0.011678260869565138
458202,0.008096551724137924
458210,0.32369333333333333
458215,0.3909157894736842
458244,0.5356711111111111
458251,-0.022695977011494256
458256,0.15809523809523807
458261,0.4276759829059829
458352,-0.16455714285714285
458353,0.3436183150183151
458354,0.21930181818181815
458355,0.0
458383,0.20469833333333343
458419,0.0
458445,0.06768000000000007
458473,0.0
458475,0.3607904761904762
458487,0.33433043478260865
458500,-0.20464000000000002
458527,0.5281276595744682
458543,0.1422191780821918
458557,0.28136666666666665
458609,-0.13906666666666664
458664,0.344163963963964
458740,0.4983
458770,0.11433515517816753
458785,0.2311304347826087
458939,0.059689230769230765
459011,0.32334482758620686
459019,-0.2780532467532467
459051,0.20949632653061218
459077,0.37963589743589743
459079,0.12872
459085,0.4566380952380953
459144,0.13007755102040813
459146,0.4358736842105263
459179,0.31366071428571424
459186,0.22902372881355934
459204,-0.39067142857142856
459230,0.27814285714285714
459233,0.33438888888888896
459238,0.2960285714285715
459265,0.01265000000000005
459311,0.38569999999999993
459352,0.37848888888888893
459354,0.3977176470588236
459374,0.11752500000000005
459380,0.0
459396,0.37114358974358974
459405,0.0
459417,0.11949999999999994
459449,0.48233
459450,0.3225888888888889
459465,0.3041536796536797
459486,0.26931111111111117
459491,0.18537391304347828
459493,0.28479166666666667
459508,0.23031746031746037
459511,0.0
459527,0.3290149253731343
459534,0.0
459551,0.40777142857142856
459570,0.4430264705882353
459611,0.265844
459638,0.4177317073170732
459692,-0.0025157894736842212
459724,0.0
459759,0.4671947368421053
459766,0.17297192982456144
459770,0.46976981132075474
459781,0.30300136054421767
459782,0.3601363636363636
459794,0.0
459802,0.40215
459804,0.3880509803921569
459917,0.0
459983,0.0
460031,0.3117361702127659
460038,0.2590747685185185
460075,0.12734585714285712
460118,0.0
460219,0.24831612903225808
460241,0.23932280701754385
460254,0.23237560975609756
460283,0.30984285714285714
460305,0.16368484848484846
460314,0.38276349206349203
460320,0.51726
460348,0.0
460363,0.0
460393,0.2403641791044776
460420,0.0019125000000000114
460428,0.2886685714285714
460439,0.1588
460447,0.22788526422764227
460462,0.0
460463,0.2001107070707071
460517,0.0
460541,-0.403195
460554,0.470022962962963
460582,0.334
460624,0.08478297872340429
460627,0.4425379310344827
460636,-0.045748695652173876
460645,0.07719999999999999
460712,0.0
460715,-0.13866
460744,0.19138125
460768,0.0
460805,0.1637614942528736
460839,0.1330404761904762
460860,0.2677826086956522
460873,0.0
460891,0.1307166666666667
460893,0.1817451298701298
460969,-0.1539774436090225
460981,0.21226153846153845
460982,0.35246190476190475
461007,0.4698071428571428
461064,0.2084181818181818
461082,0.006500000000000006
461096,0.19359000000000004
461181,0.24009999999999998
461195,0.0030000000000000027
461233,0.2479777777777778
461238,-0.18514468085106384
461244,0.0
461257,0.3625103448275862
461277,0.0
461307,0.0
461314,0.0
461315,0.3098363636363636
461348,0.0
461528,0.42334999999999995
461530,0.009251851851851844
461621,0.27435172413793096
461630,0.45208000000000004
461655,0.09264
461699,0.23171666666666668
461744,-0.06811298701298701
461760,0.3042947368421053
461788,0.39956875
461850,0.1046803268384664
461855,0.012275000000000036
461866,0.0
461897,0.0
461898,0.14562857142857144
461932,0.18404895104895103
462001,0.003500000000000003
462041,0.06962481751824817
462047,0.0
462055,0.0
462102,0.0
462114,0.4006333333333333
462116,0.33970333333333336
462140,0.20157604790419165
462149,0.13992499999999997
462197,-0.12813333333333332
462229,0.3969013420621931
462275,0.5270750000000001
462282,0.23514
462292,0.24230769230769234
462299,0.011553846153846137
462301,0.3919837606837607
462344,0.33698125
462347,0.0
462366,0.0
462370,0.20447250221043323
462422,0.27021666666666666
462452,0.18732500000000002
462470,0.08633333333333332
462483,0.14939122807017546
462509,0.3927043988269795
462518,0.08623496503496503
462531,0.0
462559,0.09059411764705882
462571,0.0
462581,0.0
462582,0.0
462601,0.0
462620,0.15761477832512313
462639,0.0
462659,0.12568000000000001
462660,0.0
462758,0.0
462767,0.27280952380952384
462824,0.006933333333333347
462843,0.42769999999999997
462862,0.20500158730158732
462877,0.3347083333333334
462887,0.0
462894,-0.13242857142857145
462930,0.0
462935,0.0
462939,-0.06616543209876544
462966,0.4191225806451613
462989,0.10911071428571428
463035,0.4358926829268292
463043,0.16260000000000008
463081,-0.07865
463142,0.30537142857142857
463165,0.17338252427184464
463166,0.3743333333333333
463227,0.21283870967741936
463233,0.0016527777777777808
463270,0.1874
463292,0.3408518518518519
463308,0.0
463357,0.5109491582491583
463374,0.2675823529411765
463381,0.1725166666666667
463439,0.0
463459,0.0
463475,-0.39915636363636364
463527,0.2897386666666667
463571,0.0
463618,0.012929999999999997
463634,0.40286
463640,0.16801960784313724
463650,0.0
463684,0.13042857142857145
463688,0.0
463690,0.17673179777761425
463706,0.38079999999999997
463713,0.0
463764,0.15208934010152284
463774,0.0016954545454545555
463798,-0.14218666666666666
463801,0.22751249999999995
463821,0.3710906552094523
463824,0.30763750000000006
463863,0.4472673103448276
463868,0.3381692307692308
463870,0.45741
463889,0.27812857142857145
463911,0.3544666666666667
463958,0.19942513661202188
463960,0.32149882352941184
464055,0.12342471395881005
464126,0.4376683333333333
464133,0.0
464227,0.4297466666666667
464239,-0.031047619047619046
464269,0.13377499999999998
464277,0.28789999999999993
464322,0.0
464385,0.478104
464406,0.2289142857142857
464412,0.029169105691056907
464417,0.20701428571428565
464431,0.0
464435,0.308
464436,0.20506046511627907
464454,0.1596285714285714
464458,-0.3409714285714286
464468,0.25458963623884695
464485,0.1498
464488,0.39646806596701645
464512,0.0
464529,0.0
464536,0.14107000000000003
464542,0.31735238095238094
464543,0.3025454545454545
464592,0.2860733333333333
464597,0.2516876712328767
464604,0.20394999999999996
464670,0.14489523809523808
464678,0.3226
464742,0.07716410256410253
464744,0.19367777777777778
464768,0.0
464783,0.42033333333333334
464786,0.23237222222222226
464822,0.2662888888888889
464867,0.18805833333333338
464879,0.32361408450704227
464903,0.24366666666666664
464914,0.3364158508158508
465019,0.4138975609756098
465033,0.4141916666666666
465102,0.26328444444444443
465146,0.261984
465227,0.40219000000000005
465235,0.16578759305210922
465439,-0.09678181818181808
465460,-0.15430793650793656
465468,0.0025261538461538446
465488,0.15693333333333337
465496,0.5382714285714285
465498,0.0
465541,0.2597666666666667
465577,0.15258676236044655
465645,0.0
465712,0.0
465721,0.02183362831858407
465746,0.21443438596491227
465753,0.2714764705882353
465772,0.27528
465786,0.0
465818,0.4355
465832,-0.366925
465843,0.00040000000000000105
465856,0.507243137254902
465883,0.20645396825396822
465910,0.2617973684210526
465913,0.15027605633802818
465922,-0.0820153846153846
465926,0.2604090909090909
465940,0.27426058823529414
465969,0.17858620689655175
466038,0.0
466055,0.31398229166666664
466084,0.4986604651162791
466093,0.4725133333333333
466107,0.06909272727272728
466144,0.1818914285714286
466147,0.0
466159,0.0
466161,0.26699108695652174
466198,0.23253506493506496
466209,0.0
466211,0.23069830508474579
466247,0.43947200000000003
466249,0.1318666666666667
466252,0.23941034482758622
466287,0.0
466322,0.42769565217391303
466342,0.2598301754385965
466363,0.371092
466386,0.524688888888889
466414,0.0
466462,0.5496000000000001
466471,0.07485154083204931
466496,0.41279428571428567
466501,0.4167529411764706
466508,0.27013333333333334
466543,0.3428634146341464
466547,0.21265172413793101
466560,-0.09457241379310344
466579,0.07152765700483091
466592,0.19726666666666667
466614,0.3873952034883721
466621,0.29807090909090905
466629,0.43846999999999997
466633,0.19540815154994262
466643,-0.13948000000000005
466690,0.5251666666666667
466752,0.4966928571428571
466812,0.0
466822,0.2879313488372093
466886,0.1769425925925926
466938,0.16508260869565217
466956,0.0
466971,0.15833881987577636
467007,0.24728
467035,0.1544761904761905
467076,0.06097772317772321
467104,0.0
467173,0.2266632318501171
467190,0.36702999999999997
467192,0.3459266666666666
467320,0.0
467337,0.4725428571428571
467361,0.0
467378,0.021824561403508774
467383,0.22808571428571428
467392,0.33087058823529414
467454,-0.010383333333333356
467480,-0.2817
467505,0.2613160784313726
467516,0.45323448275862066
467520,0.21616767676767673
467527,0.3290340241261986
467531,-0.043327272727272714
467533,0.19685818181818177
467534,0.3041939393939394
467544,0.0
467563,0.33867555555555556
467590,0.05790000000000001
467611,0.006837735849056559
467614,0.01312000000000002
467663,0.0
467670,0.3495975012493753
467724,0.4737416666666667
467730,0.5061224489795918
467736,0.39155625000000005
467740,0.14150000000000001
467770,0.26964451410658297
467787,0.27954146341463415
467789,0.30921243001119825
467798,0.43448
467820,0.06485909090909091
467824,0.42449411764705886
467843,0.41009166666666674
467850,-0.19306399999999999
467886,0.2672421052631579
467899,0.0
467900,0.24661290322580648
467919,0.17770980392156865
467933,0.26008333333333333
467979,0.45819512195121953
468022,0.0
468065,0.46552941176470586
468105,0.42728333333333335
468111,0.29092
468119,0.17969999999999997
468173,0.34009803921568627
468189,0.0
468289,0.14087474747474749
468307,0.2602577777777778
468453,0.4548175870348139
468481,0.3672275862068965
468564,0.32888125
468628,0.4441076923076923
468654,0.34134240324128373
468860,0.0
468873,0.22831525423728816
468932,0.16034901960784315
468937,0.0
468939,0.32264000000000004
469034,0.19663999999999998
469050,0.2561707692307693
469081,0.0
469098,0.09983333333333333
469104,0.21076857142857142
469114,0.442847619047619
469127,0.4140857142857142
469171,0.29019999999999996
469189,0.0
469200,0.40336363636363637
469248,0.2713529411764706
469301,0.4250966751918158
469319,0.11690571428571422
469326,0.08388000000000001
469352,0.1965829787234043
469391,0.0
469395,0.0
469419,-0.3078736842105263
469467,0.0
469513,0.11308605588044185
469565,0.29051000000000005
469591,0.3541879227053141
469631,0.1622
469650,0.13462000000000007
469657,0.18528387096774196
469673,0.4035777777777778
469674,0.29815384615384616
469692,0.011634482758620668
469721,0.37273888888888884
469722,0.08993333333333331
469724,0.22956271186440674
469728,0.0129999999999999
469737,0.0
469757,0.1383066666666667
469793,0.22006923076923074
469824,0.012074418604651194
469832,-0.10080384615384613
469868,0.32430000000000003
469898,0.177025
469920,0.08977096774193546
469928,0.0
469931,0.22037582417582413
469932,0.12806666666666672
469941,-0.022933333333333333
469965,-0.04082580645161288
470001,0.18153958333333334
470003,0.0784961904761905
470047,0.12316905263157896
470074,0.20389249999999998
470077,0.0
470151,0.3365578947368421
470187,-0.510537040714995
470191,0.21122222222222223
470208,0.3763472727272727
470215,0.3297333333333333
470229,0.0
470281,0.1167074175824176
470333,0.30640444444444437
470352,0.3288800943396226
470374,0.39594482758620686
470380,0.0802977777777778
470411,0.0
470423,0.0
470429,0.3489541666666667
470437,0.38731481481481483
470473,-0.26470328947368416
470486,0.0
470532,0.3191992914979757
470615,0.23903174603174604
470639,0.26835555555555557
470649,0.18479428571428572
470679,0.13842520325203253
470706,0.20936500000000002
470728,0.4138731707317074
470756,0.010171428571428498
470768,0.0
470787,0.1554923076923077
470789,0.4568
470809,0.006099999999999994
470815,0.17960410256410259
470854,0.009992592592592608
470872,0.09515000000000007
470914,0.0
470952,0.0
470977,0.27689962962962966
470988,0.3197136363636364
471050,0.1524366013071896
471084,0.014037500000000036
471103,0.1362820512820513
471146,0.47716447368421055
471147,0.11692000000000002
471230,-0.0230999999999999
471243,0.0
471244,0.3120179761904762
471276,0.013779591836734717
471292,0.4170963636363636
471299,0.18469999999999998
471311,0.24474454545454544
471400,0.047791954022988525
471438,0.3079927272727273
471452,-0.04562171945701357
471478,0.1651481481481481
471502,0.2616469135802469
471554,0.0
471584,0.006450000000000011
471627,0.15944166666666665
471640,0.20746666666666666
471729,0.12668184143222505
471789,0.0
471843,0.17313793103448272
471857,0.01287843137254907
471900,0.37065842696629214
471904,0.0
471956,0.0
471963,0.210177358490566
471967,0.3374590909090909
471995,0.0
472019,0.0
472032,0.18077142857142864
472057,0.4202631578947369
472096,0.35434615384615387
472098,0.0
472129,0.0
472131,0.05602985074626865
472133,0.0
472157,0.517
472160,0.012048780487804889
472167,0.0
472169,0.14004029038112525
472198,0.0
472233,0.33884350649350653
472249,0.14181453922576226
472255,0.40527500000000005
472279,0.0
472285,0.1607625
472345,0.47648
472361,0.21533103448275864
472391,0.18225454545454547
472410,0.011854999999999949
472432,0.1761587412587412
472496,0.29990000000000006
472545,0.31757735849056606
472573,0.4446769230769231
472577,0.280312077294686
472601,0.28144761904761906
472616,0.31305064039408864
472688,0.33809999999999996
472706,0.0
472714,0.315378125
472807,0.012791836734693862
472809,0.0032581818181818267
472821,0.3338111111111111
472864,0.0
472874,0.243332
472897,0.03888487394957982
472905,0.1486
472951,0.1946820512820513
472954,-0.13502666666666674
472957,0.0
473088,-0.03280555555555559
473189,0.0
473199,0.37655
473306,0.0
473325,0.3184510638297873
473370,0.27976
473433,0.11022727272727273
473434,0.41098550724637684
473439,0.0
473463,0.46177499999999994
473479,0.012987096774193518
473492,0.3778
473526,0.04425833333333329
473550,-0.10955624999999997
473608,0.20943414634146346
473645,0.10437142857142859
473651,-0.28145714285714285
473670,0.3201866666666667
473680,0.2337128205128205
473688,0.42382553191489364
473717,0.4125296296296296
473725,0.48858235294117647
473740,0.0
473746,0.4455771428571429
473827,0.12853725490196077
473833,0.3813615983606557
473901,0.41584242424242424
473956,0.31179999999999997
474009,-0.2359236363636364
474019,0.012933333333333352
474056,0.14176363636363637
474130,0.21149999999999997
474136,0.38979183673469386
474151,-0.12090800000000002
474183,0.4471099929627023
474254,0.0
474265,0.3725504201680673
474279,0.15072705882352944
474292,0.0
474361,0.047937634408602145
474409,0.0
474439,0.0824125
474442,0.0
474449,0.08664000000000005
474465,0.13091826967326275
474540,0.026036363636363635
474558,0.13170791042080549
474579,0.49570588235294116
474646,-0.09666826086956526
474719,0.0
474721,-0.06186179775280898
474779,0.0
474787,0.42034000000000005
474792,0.33249999999999996
474817,0.16818636363636366
474832,0.0
474853,0.27840000000000004
474892,0.0
474921,0.09215256410256409
474937,0.007900000000000018
474973,0.22652941176470592
474991,0.005552542372881386
475029,0.1607068181818182
475060,0.406595652173913
475067,0.10157500000000003
475107,0.3154
475121,0.0
475181,0.3340190476190476
475199,0.0
475259,0.12753684210526317
475273,0.4586733333333333
475278,-0.04666666666666669
475381,0.0
475382,0.4818647058823529
475420,0.0
475460,0.036400000000000016
475498,0.47985
475500,0.0
475522,0.4135303030303031
475534,0.4820666666666667
475549,0.24442999999999998
475571,0.057312888888888885
475658,0.0
475675,0.49726140350877196
475696,0.3638055555555555
475703,0.37066666666666664
475755,0.32036044880785414
475779,0.34848275862068967
475784,0.0
475787,0.18932857142857143
475843,0.23815999999999998
475858,0.0956395052566481
475874,0.0
475890,0.21161900452488686
475898,0.40008235294117656
475915,0.23139375
475990,0.21223216783216783
476020,0.0
476040,0.19742857142857145
476044,0.20123037634408603
476048,0.3016875
476087,0.3341294117647059
476140,0.27082105263157896
476204,0.35083783783783784
476251,0.16906000000000004
476372,0.3210515151515151
476416,0.2713098901098901
476430,0.0
476448,0.17709925925925923
476554,0.30456571428571433
476577,0.50423
476587,0.4674430769230769
476607,0.2851342857142857
476621,0.29066666666666674
476633,0.5231885714285714
476713,0.3644
476721,0.0
476736,0.0
476762,0.013067857142857076
476766,0.0
476784,0.2505729483282675
476859,0.2899906976744186
476894,0.0
477011,0.0
477022,0.05810909090909089
477044,0.0
477049,0.23158823529411765
477079,-0.09652307692307693
477101,0.0
477173,0.4877217391304348
477188,0.0
477192,0.04619999999999996
477208,0.14783333333333337
477230,0.2953
477249,0.40916923076923073
477306,0.002941666666666648
477353,0.0856666666666667
477377,0.03399999999999999
477407,0.32027111111111106
477436,0.4302842105263158
477466,0.0
477505,0.0
477522,0.0
477560,0.12474777777777776
477596,-0.2509
477608,0.0
477665,0.0
477721,0.08383181585677749
477764,0.38937931034482764
477831,0.3345473684210526
477853,0.0
477855,-0.21900000000000003
477925,0.3079127272727272
477928,0.11621879194630873
478004,0.35895918367346935
478043,0.1805556886227545
478059,0.35295320754716974
478088,0.2202333333333333
478108,0.4482853225806452
478151,0.0
478161,0.3361753424657534
478207,0.2006324324324324
478288,0.005666666666666653
478297,0.0
478331,0.16539772727272728
478345,0.0
478364,0.019763636363636344
478381,0.0
478388,0.3186006006006006
478393,0.2858222222222222
478450,0.27051259259259264
478454,0.0
478480,0.2477866666666667
478552,0.39293603896103896
478565,0.0
478610,0.341604
478662,0.40738285714285716
478698,-0.09537333333333337
478716,0.0
478783,0.0
478805,0.0
478836,0.014123076923076905
478868,0.49228607367475286
478949,0.0
479071,0.011517857142857135
479072,0.0
479081,0.375304
479139,0.37814500000000006
479148,0.08962082042617103
479154,0.0
479160,0.29921176470588234
479240,0.3861666518847007
479241,0.25094285714285713
479248,0.0
479277,0.006599999999999995
479282,0.0
479303,0.0
479313,0.0
479326,0.19176615384615386
479373,0.0
479379,0.2695666666666667
479445,0.0
479446,0.0
479473,0.011591666666666667
479476,0.3982545454545454
479489,0.23414102766798417
479500,0.25246363636363633
479546,0.2937466666666667
479581,0.07104615384615381
479585,0.3073338796414853
479600,0.08230130378096479
479660,0.2088392857142857
479734,0.16225555555555554
479746,0.01926853883282141
479769,0.0
479772,-0.13129235707809553
479871,0.06888421052631583
479882,0.13584253285543607
479893,-0.07007142857142856
479934,0.17898333333333333
479969,0.2132893617021277
479983,0.0
479987,0.2360380952380952
480013,0.28732
480020,0.17601714285714287
480086,-0.061980000000000035
480103,-0.16214545454545454
480111,0.24382222222222227
480146,0.3424535714285714
480171,0.0
480180,0.28717142857142863
480208,0.27175636363636363
480212,0.19039333333333341
480223,0.19618461538461537
480243,0.0072249999999999814
480250,0.25525964912280696
480252,-0.030102127659574464
480259,0.292752
480344,0.36166769230769236
480388,0.0
480389,-0.015022222222222215
480397,0.2614235294117647
480402,0.2785666666666667
480425,0.2535
480439,0.1812768115942029
480466,0.25167999999999996
480475,0.40807692307692306
480483,0.16371111111111114
480493,0.22817575757575756
480527,-0.045954614797864224
480549,0.005396610169491556
480561,0.0
480584,0.20374814814814818
480596,0.2847612903225807
480600,0.10517600000000002
480629,0.10488888888888892
480641,0.05718882769472855
480699,0.32246738117427765
480703,0.313501310782241
480741,0.10440222222222217
480786,0.0
480850,-0.025585085638998695
480867,0.014077419354838638
480871,0.21914285714285714
480872,0.2932285714285714
480883,0.31113715415019766
480924,0.2878625
480938,0.012445614035087815
480944,0.19863655913978492
481058,0.1703146341463415
481086,0.26740666666666657
481114,0.12650566037735853
481132,0.0
481157,0.19141176470588234
481169,0.28865714285714283
481227,0.012548148148148197
481269,0.2271084745762712
481286,0.0
481293,0.1450736111111111
481312,0.2842666666666667
481327,0.0
481328,0.19996363636363634
481349,0.0
481359,0.38829411764705885
481451,0.17393333333333333
481491,0.296868
481504,0.4108068843537416
481531,0.29662857142857146
481581,-0.053940404040404066
481637,0.0
481690,0.0
481691,0.4513873357228195
481756,0.01100000000000001
481759,-0.04500000000000004
481776,0.0
481909,0.19341454545454542
481924,0.25977777777777783
481965,0.28229677419354837
482009,-0.17242068965517243
482037,-0.23874615384615383
482042,0.15787647058823528
482102,0.00931914893617014
482118,0.0
482220,0.0
482299,0.4093671232876712
482308,-0.32667878787878785
482332,-0.06822000000000006
482334,0.25081290322580646
482359,0.2968691358024691
482369,0.05994285714285713
482371,0.0
482374,-0.2013917683990234
482395,0.3074650537634408
482408,0.03635574650912998
482447,0.0
482473,0.004347169811320772
482526,0.012499999999999956
482610,0.37075675675675673
482722,0.00876140350877197
482740,-0.03473596491228065
482741,0.45050270270270265
482761,0.3350727272727273
482789,0.011144444444444401
482820,0.24480000000000002
482841,0.3820058823529411
482878,0.4678177777777778
482887,-0.5383286502177069
482901,0.2907621621621621
482913,0.36009
482923,0.20153161143131604
482960,0.0007641025641025312
483064,0.07487954173486089
483187,0.44934761904761905
483195,0.3723539380365808
483208,0.11904533333333332
483237,0.4179166666666667
483238,0.24986060606060603
483287,0.04094054054054058
483385,0.3384178571428571
483466,0.14881111111111112
483500,0.26535294117647057
483513,0.26300769230769233
483540,0.0
483550,-0.24388
483580,0.4465172413793103
483607,0.35890204081632654
483638,0.31107083333333335
483641,0.19052000000000002
483703,0.16570769230769233
483716,0.16051764705882354
483802,0.4656467120181406
483830,0.3262133333333333
483848,0.5134410852713178
483882,0.0
483959,0.0
483973,-0.5045365853658537
483978,0.2838922558922559
484072,0.21690849673202606
484081,0.013137500000000024
484105,0.22625263157894732
484140,0.09265625000000005
484240,0.041928423349699956
484248,0.0
484340,0.0
484392,0.401783438562409
484393,0.3395673469387755
484417,0.0
484471,0.11284000000000005
484507,0.41345454545454546
484554,0.3868222222222222
484612,0.2897777777777778
484637,0.2831004347826087
484656,0.4254763636363636
484752,0.0
484802,0.15067999999999998
484871,0.20282105263157893
484877,0.33355609756097554
484916,0.0
484924,0.43506071428571425
484969,0.0
484996,0.45495
485029,0.23252
485089,0.013029999999999986
485096,0.17539016393442625
485166,0.0
485170,0.0
485248,0.31439374999999997
485255,0.30233
485257,0.22586666666666666
485259,0.28106067415730335
485285,0.0
485290,0.30058333333333337
485296,0.48556999999999995
485304,0.0031263157894736993
485313,0.1717679245283019
485334,0.4572666666666666
485371,0.25731499999999996
485379,0.3286
485393,0.38950000000000007
485441,-0.2914333333333333
485455,0.2367
485481,0.2057
485533,0.2366421052631579
485555,0.08496666666666666
485557,0.09961818181818183
485565,0.47757777777777777
485571,0.2852197530864197
485612,0.43067500000000003
485700,0.0
485720,0.12332403225806454
485782,0.1748148148148148
485795,0.13740000000000002
485885,0.28870232558139536
485974,0.09387211129296234
485991,0.1726
486026,-0.08537454545454537
486044,0.2988129870129871
486050,0.4239833333333334
486086,0.06845000000000001
486143,0.17703748037060302
486166,0.0
486167,0.26707000000000003
486178,0.061124999999999985
486198,0.2904
486226,0.3063125
486264,0.0
486302,0.30994782608695653
486311,0.3916695652173914
486405,0.0
486439,0.29062692307692306
486493,0.0
486572,0.40771914893617023
486591,0.0
486609,0.06765166666666667
486658,0.3076
486731,0.3221512195121951
486784,0.30935083333333335
486864,-0.5525820105820105
486926,0.0
486967,0.4442071428571428
486969,0.22647513677811548
486981,0.01333571428571434
487000,0.0
487034,0.1389388830043332
487035,0.13140000000000002
487113,0.33303000000000005
487131,0.0
487153,0.33772592592592593
487162,0.18081739130434785
487187,0.26597021276595745
487198,-0.20942758620689655
487201,0.2605944055944056
487214,0.013961904761904731
487219,0.06772248062015504
487225,-0.30604090909090914
487232,0.0
487253,0.29589999999999994
487254,0.0
487270,0.07093846153846156
487281,0.0
487350,0.1158866666666667
487424,0.23564333333333334
487428,0.26854285714285714
487468,0.004725000000000035
487547,0.14473846153846154
487591,0.0
487598,0.41204
487646,0.2545927272727273
487659,0.20053333333333337
487674,0.08081114877589457
487733,0.0
487748,0.0
487801,0.012533333333333285
487817,0.010245454545454558
487876,0.003149999999999986
487955,0.19368571428571424
487961,0.1741222506393862
487974,0.26524444444444445
487980,-0.03780544217687076
487998,0.30439636363636363
488031,0.40455289394446303
488037,0.1845906976744186
488072,0.005054545454545478
488100,0.13259599999999996
488125,0.3396333333333333
488153,0.5184328205128205
488168,0.2571921568627451
488215,0.33138
488249,0.07461904761904761
488264,0.38307741935483874
488280,0.2610333333333333
488297,0.0
488299,0.18457241379310346
488340,-0.17966
488353,0.3120981182795699
488385,0.18618947368421052
488395,0.0
488457,0.11406428571428573
488468,0.09941818181818182
488470,0.03048148148148147
488496,0.1257162790697674
488500,0.4344747267759563
488513,0.19159545454545457
488556,0.03218113207547174
488629,0.42968615459882586
488665,0.3396451612903226
488675,0.11144347826086959
488681,0.0
488710,0.2726521739130435
488734,0.016876923076923067
488827,0.07856296296296297
488869,0.22996947890818858
488892,0.3378969696969697
488920,0.32830000000000004
488967,0.33694054054054057
488976,0.00813684210526322
489032,0.0
489082,0.23146666666666665
489125,-0.02011531165311653
489202,0.26830446841294303
489264,0.2035
489329,0.0
489375,0.014025000000000065
489379,0.4271142857142857
489412,0.012035087719298287
489422,0.0
489458,0.0
489471,0.22043526136715125
489544,0.04840213191205861
489619,0.06695000000000001
489620,0.17418
489624,0.156715
489635,0.17177212692967408
489642,0.22436
489654,0.0
489731,0.167335593220339
489745,0.2851660377358491
489746,0.33613333333333334
489772,0.2464666666666666
489900,0.2035774647887324
489918,0.0
489926,0.0
489977,0.0
489978,0.0
490081,0.20713541666666668
490083,0.2871041824137063
490114,0.36637276190476187
490151,0.0
490158,0.0
490166,0.4035222222222222
490180,0.43811363636363637
490260,0.0
490269,0.013057142857142767
490275,0.0
490326,0.31394999999999995
490332,0.011700000000000044
490356,0.08922142857142856
490410,0.0
490434,0.3977861658268438
490455,0.0
490467,0.2524666666666667
490497,0.0
490508,0.005046153846153867
490520,0.44210000000000005
490539,0.37367470588235296
490615,0.17156217494089837
490624,0.127832
490643,0.0
490660,0.0
490669,0.07913488372093014
490672,0.24971428571428567
490707,0.3498428571428571
490801,0.16925051254860374
490819,0.3484615384615385
490845,0.16234117647058827
490887,0.013349999999999973
490892,0.05282074074074074
490952,0.4961848101265822
490992,0.21648571428571428
491029,-0.07712857142857144
491047,0.23235000000000006
491075,0.30503673469387754
491125,0.5124576271186441
491190,0.31426153846153854
491198,0.0
491206,0.0317625
491279,0.246179693877551
491281,0.23975555555555553
491328,0.1974239607201309
491342,0.291915
491352,0.06213000000000002
491359,0.0
491372,0.3923108411782569
491377,0.005759999999999987
491428,0.3445066666666666
491429,0.0
491432,0.3285571428571429
491513,0.19020029985007497
491572,0.14656712328767124
491591,0.3898256410256411
491631,0.0
491646,0.048721428571428554
491681,0.0
491700,0.31721632653061227
491728,0.3368690909090909
491742,0.014142857142857124
491804,0.25015238095238096
491812,0.4315510204081633
491849,0.3055359223300971
491851,0.34742
491894,0.2871892857142857
491971,0.18725079365079367
492031,0.0847
492039,0.37927500000000003
492070,0.0
492076,-0.003977777777777858
492110,0.43946760563380277
492127,0.22136923076923073
492132,0.0
492177,0.0
492238,0.10682384105960266
492306,0.16368666666666667
492332,0.08796000000000004
492338,0.14842487804878052
492345,0.04785517241379311
492376,-0.003599999999999992
492391,0.33603666666666665
492422,0.09019999999999995
492477,0.32775333333333334
492486,0.29894736842105263
492530,0.0
492551,0.0
492555,0.08936666666666665
492589,0.3984
492598,-0.061188235294117654
492608,0.21873061224489804
492666,0.18389189189189187
492684,0.23504999999999998
492716,0.3111333333333333
492788,0.25761538461538463
492811,0.3930693984306888
492840,0.012472727272727302
492859,0.41183157894736844
492873,0.11758666666666667
492925,0.5449333333333333
492949,0.0
492952,0.2581733333333333
492963,0.014139207048458141
493022,0.2523767441860465
493038,0.16260000000000002
493076,0.0
493111,0.27903661971830984
493112,0.13414901960784315
493130,0.0
493225,0.0
493295,0.0
493302,0.15688558682223752
493320,0.3226057142857143
493362,0.0
493401,0.4619
493406,0.3365457627118644
493411,-0.08052083333333332
493426,0.0
493457,0.042419444444444454
493460,0.3791818798318188
493486,0.1798880721220527
493521,0.2647229411764706
493583,0.13302000000000003
493585,0.032969856459330094
493586,0.30920601503759404
493590,0.0
493611,0.24172
493627,0.15507692307692306
493634,0.013415384615384607
493637,0.24518112305854242
493683,0.15740509615384618
493765,0.27920000000000006
493811,0.4255749999999999
493859,-0.25012500000000004
493888,0.21816666666666662
493892,-0.2275131313131313
493908,0.5090390243902438
494095,0.34802000000000005
494106,0.09640000000000004
494108,0.2595453906572964
494125,0.004850000000000021
494151,0.0
494166,0.08176916666666667
494202,0.3901771428571428
494296,0.1753276595744681
494316,0.10016250000000002
494341,0.01456283422459892
494397,0.0
494476,0.0
494495,0.25042857142857144
494501,0.12633333333333335
494538,0.482304347826087
494561,0.27167692307692304
494577,0.4640838709677419
494582,0.21456388888888892
494604,0.0
494612,0.0
494615,0.0
494648,0.0
494698,0.0904027027027027
494723,0.0
494774,0.006500000000000006
494829,0.31872362012987016
494871,-0.13400952380952386
494922,0.2830156862745098
494931,-0.06801666666666673
494958,0.06972261904761906
494965,0.128546
494966,0.18501386138613862
494984,0.1408764705882353
495008,0.3574
495063,0.4289222222222222
495070,0.1784673076923077
495114,0.18096290143964563
495128,0.16080944444444445
495131,-0.22048
495139,0.4265371428571429
495153,0.006368181818181828
495155,0.007028571428571426
495235,-0.06403448275862067
495236,0.10684615384615387
495239,-0.02342751814223512
495259,0.21288928571428578
495304,0.3296888888888889
495317,0.032111111111111146
495384,0.19991192266380237
495417,0.3405928421052632
495440,0.0
495471,0.0
495499,0.3016428571428571
495504,0.00694444444444442
495507,0.33851481481481477
495514,0.16263333333333332
495537,0.2862005787037037
495606,0.0
495612,0.3547777777777778
495618,0.013050000000000006
495629,0.29430769230769227
495642,0.3170588235294118
495674,0.3731241379310345
495695,0.38725384615384617
495786,-0.21127272727272728
495814,0.46999411764705884
495819,0.11531000000000002
495866,0.25902727272727266
495899,0.18856923076923074
495921,0.01185416666666661
496013,0.31657777777777774
496061,-0.18796290909090907
496066,0.2552666666666667
496083,0.26165
496177,0.0
496277,0.29696651583710404
496331,0.33045365853658537
496337,0.0
496374,-0.4475650793650794
496447,0.1557555555555556
496476,0.2885
496516,0.38413571428571425
496528,0.2825611842105263
496529,0.36563333333333337
496540,0.003561842105263141
496561,0.40982285714285716
496600,0.43928000000000006
496611,0.0
496641,0.4721902439024391
496648,0.002606666666666674
496741,0.3980666666666667
496771,0.18300526315789467
496776,0.2604793650793651
496848,0.0
496871,0.2066593837535014
496873,0.44903666666666664
496895,0.0
496919,0.5397130434782609
496929,0.23634500000000003
496951,0.18217358490566038
496979,0.0
496993,0.16710714285714284
497005,0.0
497051,0.0
497070,0.07915833333333333
497128,0.11006666666666665
497132,0.20679999999999998
497168,0.34988571428571436
497210,0.0
497221,0.38525833333333337
497238,0.0
497281,0.40833461538461546
497348,0.0
497376,0.38086363636363635
497424,0.19639259259259256
497428,0.32138613387978143
497449,0.04036470588235297
497450,0.20773634551495024
497508,0.2259786666666667
497521,0.2175750591016548
497522,0.2667230769230769
497530,0.2397488372093023
497559,0.37790204081632656
497565,0.0
497570,0.0
497588,0.3798258064516129
497624,0.36464752475247525
497636,0.18286470588235293
497660,0.24904000000000004
497662,0.2527906298003072
497695,0.003003278688524569
497726,0.231205
497743,0.4835702127659574
497789,0.24845882352941173
497794,0.0
497820,-0.2467745971960661
497825,0.0
497833,0.013236363636363602
497845,0.43012765957446814
497847,0.2564606060606061
497922,0.4078222222222222
497933,0.4990652173913044
498096,0.4562194805194806
498187,0.0
498209,0.17159999999999997
498229,0.0
498243,0.0
498254,0.5050888888888889
498312,-0.11777727272727273
498360,0.19622352941176469
498361,0.4410730769230769
498441,0.43669841269841264
498460,0.09996595744680853
498471,0.011446153846153773
498521,0.4598987341772152
498559,0.0
498560,0.27640569715142427
498617,0.3917435897435897
498625,0.0
498632,-0.0438047619047619
498656,0.20897931034482758
498671,0.15286086956521738
498683,0.2659333333333333
498746,0.0
498785,0.0
498808,0.0
498842,0.058423076923076925
498888,0.20909422222222218
498924,0.0
498932,0.38830833333333326
498949,-0.15764999999999998
498956,0.020118749999999963
499002,0.2626
499025,0.48513828892005617
499060,0.12790666666666672
499100,0.39266956521739127
499113,0.5239807807807807
499130,0.27638240740740744
499137,0.014144680851063837
499157,0.0
499161,0.4310964285714286
499184,0.415630303030303
499249,0.0
499264,0.07369230769230767
499270,0.2542968523002421
499281,0.0
499289,0.44947541592394535
499301,-0.0009649122807017518
499362,0.35026666666666667
499369,0.012088888888888927
499382,-0.15427368421052634
499394,0.0
499400,0.10333368421052631
499421,0.0
499427,0.0
499494,0.5097614774114774
499501,0.4899666666666667
499507,0.14577230769230765
499533,0.47604561403508777
499554,0.1390153846153846
499567,0.5042800000000001
499569,0.10674615384615382
499675,0.051613043478260845
499694,0.25517564102564105
499705,0.012064000000000075
499743,0.4017795918367347
499780,-0.1691368421052632
499824,0.0
499834,-0.41659999999999997
499903,0.0
499906,0.0
499929,0.07224444444444444
499933,0.26218
499938,0.0
499940,0.011900000000000022
499971,0.4381428571428571
499987,0.3466193650793651
500013,0.0
500016,0.35057692307692306
500027,0.0
500044,0.16513325062034734
500050,0.3289846153846153
500081,0.2951626666666667
500096,0.0
500129,0.1623333333333333
500168,0.0
500206,0.48796470588235297
500216,0.1422107142857144
500217,0.06895994505494502
500250,0.0
500263,0.2523916666666667
500274,-0.07336875000000001
500302,0.10738992945580189
500377,-0.007707142857142801
500421,0.3962624383368569
500498,0.011876595744680807
500541,0.0
500567,0.13373641025641025
500610,0.29735700483091787
500641,0.0
500645,0.1316448598130841
500657,-0.07429411764705884
500661,0.0
500695,0.48121875000000003
500716,0.28470666666666666
500759,0.22084666666666664
500787,0.353375
500806,0.014011428571428564
500809,0.3221333333333333
500869,0.33226352941176474
500870,0.19569090909090908
500938,0.33634
500973,0.04226499057196731
500989,0.0
501029,-0.008898039215686326
501038,0.18604516129032256
501044,0.18089230769230769
501067,0.010678787878787843
501131,0.34907058823529413
501134,0.18433428571428573
501163,0.46605454545454544
501180,0.4792075471698113
501198,0.20547999999999997
501226,0.4727
501244,-0.41864444444444443
501291,0.31922285714285714
501337,-0.08046285714285714
501341,0.16562666666666664
501353,0.1689
501356,0.23686538461538464
501364,0.30510000000000004
501399,0.07445384615384609
501474,0.1681206618962433
501535,0.0
501541,0.0
501542,0.0
501543,0.3878744186046511
501557,0.1918
501562,0.11351428571428573
501566,0.012394871794871754
501601,0.0
501618,0.3644818181818182
501688,0.013834285714285688
501693,0.30568148148148144
501694,0.24897931034482756
501695,-0.1268925925925926
501703,-0.02377551020408164
501761,0.0
501766,0.4118938775510204
501772,0.15942056920501335
501775,0.25079687500000003
501830,0.206275
501838,0.43776800000000005
501868,0.2748617021276596
501934,0.0
501976,0.3887111111111111
502004,0.44535862068965515
502037,-0.0362079120879121
502045,0.08278078451202775
502057,0.0
502085,0.4077204819277108
502110,0.15850999999999993
502131,0.33796521739130436
502167,0.29300000000000004
502191,0.32974
502223,0.0
502227,0.0
502232,0.22762068965517246
502241,0.0
502344,0.15739756592292092
502455,0.24994999999999998
502513,0.0
502519,0.3563128205128205
502526,0.0
502561,0.2610411764705882
502611,0.19505999999999998
502658,0.38473902439024393
502716,0.07980430226144511
502738,0.46537777777777783
502755,0.18907924528301884
502803,0.35300000000000004
502863,0.5081133333333333
502864,0.44645263157894743
502880,0.3400576604554866
502889,0.11797669815564552
502910,0.012887719298245615
502965,-0.35975454545454544
502984,0.007150000000000045
502992,0.0
503008,0.12055416666666667
503060,0.0
503077,0.31269805194805195
503079,-0.2912126984126985
503111,0.3308333333333333
503114,-0.16318857142857146
503278,0.2649319419237749
503280,-0.23826666666666668
503317,0.0
503355,0.5420571428571429
503380,0.40513684210526324
503425,0.34492
503464,0.0
503468,0.20519999999999994
503521,0.3156846153846154
503522,0.07378317757009345
503529,-0.09220784313725489
503530,0.3772413043478261
503555,0.31850140845070424
503611,0.3125689839572192
503619,0.43533333333333335
503651,0.07052727272727272
503695,0.0
503811,0.10262608695652173
503874,0.028100000000000014
503892,0.22158038461538476
503906,0.23191304347826086
503959,0.3516338557993731
503962,0.45763827751196173
504002,0.44073399999999996
504023,0.3436526315789473
504035,0.1947605263157895
504039,0.0
504060,0.0
504083,0.03181481481481481
504085,0.0
504107,0.2518782608695652
504150,0.0
504174,0.012333333333333307
504203,0.0
504212,0.07303013698630137
504215,0.3392878787878788
504232,0.0
504258,0.31394381227900997
504262,0.29303145996860286
504266,0.22392941176470588
504294,0.0
504321,0.2926133333333333
504328,0.28146666666666664
504365,0.0
504366,0.49895055821371614
504368,0.28943902439024394
504491,0.005773076923076936
504515,-0.20821666666666672
504575,-0.3639393939393939
504624,0.0
504636,0.1999399212316505
504641,0.01097999999999999
504645,0.0
504681,0.12345833333333331
504722,0.19789
504723,0.10162307692307693
504842,0.29689999999999994
504885,0.19194823529411764
504886,0.32359999999999994
504907,0.20797
504910,0.34326
504942,0.14206875
504961,0.14802051282051282
504972,0.35140000000000005
505015,0.14402181818181814
505139,0.0
505194,-0.17763996960486322
505229,0.43889999999999996
505247,0.36706999999999995
505260,0.01384897959183673
505286,0.3236428571428571
505314,0.24635500000000002
505325,0.39274999999999993
505327,0.005176470588235282
505359,0.013171428571428612
505395,0.37532916666666666
505441,0.3435171717171718
505461,0.0
505498,0.33993076923076926
505529,0.2669916666666666
505540,0.08413793103448275
505563,0.009254054054053995
505568,0.5402606060606061
505589,0.0
505687,0.3383142857142857
505720,0.3026666666666667
505750,0.4577818181818182
505762,0.3505875
505801,0.2066407516580693
505816,0.0
505824,0.1601966666666667
505850,0.4420666666666667
505885,0.15195223880597017
505901,0.24509999999999998
505937,0.2954833333333333
505980,0.27096300940438867
505985,0.32074626865671646
505995,0.1974
505997,0.5285886451612903
506034,0.20234771241830063
506035,0.4530661538461539
506037,0.290371875
506057,0.4026426365348399
506067,-0.18319583333333334
506079,0.33466153846153845
506083,0.2094666666666667
506099,0.49240784313725494
506152,0.012303846153846165
506231,-0.2974333333333333
506254,-0.07301269841269842
506257,0.5249512195121951
506273,0.2769549773755656
506304,0.2696
506433,0.5333066666666666
506445,0.0
506471,0.2434611279972982
506535,0.26203225806451613
506538,-0.36091538461538464
506547,0.39686509129967773
506573,0.014448888888888956
506607,0.0
506650,0.0
506726,0.5370333333333334
506733,0.39293333333333336
506742,0.0
506757,0.31578095238095244
506760,0.4938789473684211
506773,0.0
506801,0.0
506805,0.13543666666666665
506851,0.2756232176185144
506904,0.26453888888888893
506909,0.22138928571428568
506927,0.2735047619047619
506982,0.456907619047619
506993,0.13451034482758617
507050,0.19696923076923084
507100,0.2786857142857143
507126,0.43107407407407405
507140,0.0
507226,0.3854564102564102
507233,0.17907499999999998
507245,-0.43661077441077445
507247,0.3433691527143582
507248,0.012933333333333352
507249,0.0
507266,0.0
507325,0.20464285714285718
507372,0.0
507383,0.013755555555555521
507396,0.21928803827751192
507399,0.36607999999999996
507444,0.10244545454545456
507455,0.14608235294117644
507477,0.2663111111111111
507481,-0.04658823529411765
507499,0.0
507503,0.42768571428571434
507504,0.3634247943595769
507515,0.22467999999999988
507527,0.16073714285714286
507640,0.4073377049180328
507651,0.3566750000000001
507658,0.20655348837209303
507682,0.0
507759,-0.09012000000000003
507825,-0.008749036635006702
507906,0.43385000000000007
507921,0.3244652631578947
507940,0.006288888888888899
507991,0.18133245525160413
508017,0.0
508130,0.0
508146,0.0
508253,0.20401818181818177
508258,0.01126399999999994
508332,0.011660000000000004
508343,0.13745454545454544
508353,0.42856666666666676
508371,0.0
508443,0.20266666666666666
508478,0.0
508544,-0.07966666666666668
508600,0.24672941176470586
508602,0.2838827586206896
508610,0.14970869565217393
508628,0.2775779689234184
508632,0.05648
508635,0.02452604735883425
508686,0.19308585858585858
508690,0.0
508711,0.20027500000000004
508730,0.0
508746,0.013218181818181907
508764,0.5127275862068966
508780,0.21734873949579833
508829,0.0
508938,0.48069090909090906
508950,0.019547058823529417
508975,0.3496814814814815
508986,0.1389875806451613
509037,0.0
509047,0.035417391304347845
509069,0.04778571428571429
509120,0.12522444444444442
509142,0.30267999999999995
509150,0.005527272727272714
509210,0.012432653061224541
509247,0.5228307692307692
509272,-0.30318410256410255
509316,0.16019750000000005
509414,0.26582105263157896
509431,0.23859999999999998
509460,0.4693842857142857
509463,0.0
509472,0.3464
509486,0.12049302325581396
509539,-0.37602
509555,0.35727999999999993
509562,0.3814833333333333
509611,0.0
509635,-0.03585333333333329
509648,0.28109315068493157
509688,0.40429454545454546
509739,0.42544406779661026
509745,0.19393571428571427
509750,0.2576686567164179
509774,0.08657021276595744
509796,0.37377999999999995
509810,0.3681690476190476
509911,0.2809787797979798
509912,0.3762266666666666
509938,0.36641483375959083
510036,0.2198
510057,0.18450943396226416
510096,0.40420364372469636
510107,0.28526440677966103
510109,0.0
510110,-0.013484848484848488
510119,0.10119999999999998
510133,0.0
510139,0.08671456310679612
510200,0.2581333333333333
510205,0.4223955555555555
510215,0.5120666666666667
510270,0.0018769230769230816
510298,0.15058947368421055
510302,0.4195
510345,-0.7168411764705882
510351,0.20990434782608697
510367,0.0
510380,-0.009193103448275841
510382,0.24626907894736844
510384,0.19322
510456,0.34507967479674795
510469,0.06048114285714279
510531,0.06584545454545454
510551,0.08306799999999998
510557,0.05302499999999999
510579,0.09368936170212766
510608,0.461530612244898
510654,0.2594181818181819
510721,0.30223440170940175
510760,0.0
510773,0.45072500000000004
510793,0.25934999999999997
510890,0.3218533333333333
510966,0.0
510980,0.4580952380952381
511012,0.24532340425531918
511063,0.3594704545454545
511082,0.45705036855036857
511113,0.3361245283018867
511123,0.30721232492997197
511173,0.04182289562289562
511175,0.0
511188,0.0
511206,0.16414193548387096
511210,0.31446672811059906
511236,0.22370400000000001
511261,0.30929
511283,0.17574933333333337
511290,0.0
511303,0.27240857142857144
511310,0.28928000000000004
511313,0.29979139784946235
511320,-0.23962393617021283
511337,0.2824753901560624
511369,0.10714333333333334
511397,-0.013118134715025903
511423,0.4474931506849315
511465,0.1769686274509804
511581,0.21924372759856636
511587,0.18453703703703705
511588,0.24348571428571425
511606,0.01324000000000003
511640,0.3242589285714286
511723,0.34974285714285713
511728,0.09610274509803923
511741,-0.28515
511792,-0.44703082706766917
511802,-0.19419705627705627
511805,0.13796521739130435
511811,0.0
511829,0.39
511880,0.0
511926,0.41314736842105265
511999,0.33209444444444447
512039,0.017663636363636354
512112,0.2647333333333333
512167,0.4383222222222222
512197,0.24348666666666668
512244,0.0
512292,0.31606659038901597
512316,0.3607738095238095
512347,0.05630526315789475
512361,0.19783348416289592
512364,0.03666666666666668
512385,0.3025920265780731
512431,0.20493846153846162
512447,0.23447500000000002
512455,0.0
512460,-0.6070666666666666
512504,0.0
512522,0.2601460317460317
512565,0.10673888888888888
512566,0.0
512597,0.014264393939394049
512609,0.3612142857142857
512664,0.3887584186046511
512675,0.20088999999999996
512685,0.28232197014925375
512699,0.0
512711,0.25749999999999995
512729,0.28056470588235294
512749,0.3849333333333333
512750,0.008288888888888901
512753,0.4323508771929825
512760,-0.015785806451612927
512779,0.0
512785,0.3154307692307692
512834,0.4509925925925926
512905,0.0
512907,-0.05702787878787874
512992,0.45236842105263164
513001,-0.34518000000000004
513008,0.29964
513029,0.40392307692307694
513061,0.3047803921568627
513123,0.14990697674418602
513125,0.4326382978723404
513126,0.3734016541742052
513194,-0.18869090909090902
513229,0.14090666666666662
513280,0.021599999999999953
513318,0.4579255813953489
513322,0.4766041666666666
513481,0.0
513488,-0.10602169174883236
513510,0.0
513546,0.0
513561,0.06668322147651007
513565,0.0
513571,0.0
513586,0.0
513626,0.365075
513632,0.0
513774,0.0
513785,0.33177275641025644
513802,0.005029166666666696
513820,0.043891005291005286
513824,0.09637200000000001
513842,0.34568
513866,0.0
513868,0.0
513888,0.23804150943396227
513899,0.28145499999999996
513922,0.20617200956937798
513940,0.0
513951,0.020809090909090888
513970,0.0
514092,0.41358000000000006
514119,0.009494736842105223
514129,-0.21463999999999994
514152,0.2635942857142857
514174,0.1938453730648353
514204,0.1653066666666666
514242,0.27221818181818186
514258,-0.7427860465116279
514274,0.008908333333333407
514278,0.2479651282051282
514324,0.26420000000000005
514351,0.3399410256410257
514379,0.2759428571428571
514401,0.16430103359173126
514416,0.29074545454545453
514444,0.011783333333333368
514455,0.07587356321839081
514456,0.1174391577060932
514458,0.19714461538461536
514487,0.04847499999999999
514502,0.449512
514533,0.14546240409207162
514539,0.08047540983606556
514566,0.06921785714285714
514632,0.47709473684210524
514655,0.005052631578947364
514684,0.18737187500000002
514699,0.0
514718,-0.2323441558441558
514758,0.007017543859649089
514768,0.20301666666666668
514792,0.2210875
514801,0.0
514854,-0.04243023255813952
514868,0.24762666666666666
514945,0.2905586666666667
514952,0.0
514959,0.3671342857142857
515053,0.40211555555555556
515116,0.09454666666666667
515185,-0.14187692307692307
515201,0.0
515261,0.22617195357833658
515265,0.011500000000000066
515270,0.0
515271,0.41239375000000006
515286,0.3957823529411764
515291,0.0
515308,0.3112041666666666
515322,0.0
515327,0.2860166666666667
515450,0.16891428571428568
515451,0.3703942857142857
515487,0.4806
515488,0.0
515531,0.46652499999999997
515550,0.18559999999999993
515552,0.12304375000000001
515600,0.19459259259259262
515611,0.0
515653,0.0
515720,0.0
515737,0.49927083333333333
515749,0.012456140350877165
515758,0.24280000000000002
515780,0.3528678321678322
515852,0.15645283018867923
515862,0.30734000000000006
515909,0.09301052631578943
515978,0.0
515984,0.009575
516057,0.0
516097,0.0
516141,0.4474714285714285
516146,-0.3816851851851851
516171,0.3244597210828548
516186,0.29186219602063374
516188,0.42333333333333334
516217,0.28113333333333335
516220,0.39216470588235297
516243,0.0
516344,0.008384615384615435
516345,0.21668461538461536
516399,0.03699045092838199
516403,0.012300000000000089
516431,0.21632368421052628
516432,0.24808529411764701
516500,0.0
516618,0.47232717171717176
516636,0.0
516647,0.3755277777777778
516656,0.4437
516658,0.0
516769,0.0
516849,0.012349999999999972
516935,0.12533684210526316
516965,0.0
516967,0.48067297297297296
516975,0.21329010989010988
516994,0.0
517206,0.0
517257,0.32221428571428573
517280,0.0
517316,0.20225833333333326
517335,-0.42840044563279855
517346,0.1355834623504574
517367,0.26942307692307693
517375,-0.41566249999999993
517418,0.17651184210526316
517493,0.2996
517498,0.3111081081081081
517537,0.1825560975609756
517539,0.35619615384615383
517548,0.13523999999999997
517621,0.26648400000000005
517631,0.5379923076923078
517642,0.01431707317073172
517704,0.12390666666666666
517747,0.4495
517771,0.07176666666666659
517827,0.34514999999999996
517849,0.4335428571428571
517902,0.2315854674796748
517905,0.2316666666666667
517933,0.296
517969,0.30212347670250894
517982,0.26965
518001,0.02053571428571427
518057,0.22974389567147613
518058,0.5109304347826087
518064,0.0
518085,0.0
518102,0.3009299999999999
518132,0.26657083333333337
518144,0.0
518146,0.43090399999999995
518202,-0.1797090909090909
518205,0.4928181818181819
518298,0.0
518302,0.00924516129032249
518315,0.4443
518361,0.3174969696969697
518379,0.127712
518399,0.0
518445,0.13659444444444446
518502,0.28456521739130436
518515,-0.3941538461538462
518517,0.22153737373737373
518606,0.44009
518698,0.0
518736,0.2430430624654505
518818,0.0
518835,0.0
518846,0.013326666666666709
518853,0.4250192307692307
518902,0.49470000000000003
518916,0.12766838649155723
518935,0.0
518983,-0.2509538461538462
519008,0.3522375670840788
519012,0.2545333333333334
519013,0.0
519160,0.0
519162,0.12196216216216216
519312,0.08482702702702699
519316,0.0
519367,0.22351272727272725
519371,0.28959601139601143
519405,0.0
519547,0.09474728110599084
519580,0.23574
519589,0.3741363787375416
519682,0.008683333333333376
519732,0.31367534722222223
519742,0.5005348484848484
519768,0.19695000000000001
519794,0.4138
519833,0.14372413793103445
519836,0.3553096774193549
519856,0.0
519908,0.36839999999999995
519914,0.44400000000000006
519944,0.23843249999999994
519974,0.2721416931216931
519993,0.3989028571428571
519996,0.5156235294117647
520014,0.2323391304347826
520057,0.0
520064,0.472545
520086,0.3071152777777778
520091,0.1711888888888889
520122,-0.6725764705882353
520181,0.012262068965517181
520199,0.5016074074074074
520244,0.0
520278,0.004093333333333338
520288,0.13484444444444443
520297,0.3766952380952381
520316,0.0659538461538462
520345,0.31428
520347,0.23710000000000003
520357,0.21194666666666662
520395,0.0
520401,0.4404529411764706
520415,0.0
520418,0.11326363636363634
520473,0.0
520483,0.5398066666666668
520533,0.43656923076923076
520565,0.0
520589,0.17946728439059156
520697,0.27679459459459455
520707,0.0
520724,0.15190399999999998
520747,0.2095537056928034
520768,0.261795652173913
520848,0.008374545454545412
520849,-0.08883333333333332
520874,0.3653260273972603
520971,0.2546933333333333
520972,0.3150833333333334
520978,0.41721739130434776
521044,0.06930676954165518
521091,0.04436164383561647
521144,-0.04345217391304351
521156,0.21872142857142857
521176,0.3727728813559322
521212,0.2938210526315789
521214,0.012319999999999998
521256,0.25522142857142854
521266,0.08454532374100719
521293,0.2565328574582383
521348,0.0
521373,0.0
521399,0.37596
521424,0.3773493788819875
521437,0.00812727272727276
521468,0.014117647058823568
521487,0.259275
521504,0.24307000000000006
521506,0.3932727272727272
521544,0.2498530612244898
521569,0.4192869565217391
521588,0.35801666666666665
521602,0.36232142857142857
521615,0.44441538461538455
521625,-0.03176428571428572
521643,0.4883636363636364
521664,0.0670913887506222
521684,0.32323999999999997
521713,0.010522448979591814
521715,0.0
521736,0.2660255728011826
521752,0.21662608695652175
521802,0.3932408163265306
521806,0.06263765729585008
521807,0.17278823529411766
521819,0.15180992907801416
521840,0.0
521896,0.20015384615384613
521952,0.0016714285714285737
522012,0.009028980322003555
522033,0.20610000000000006
522040,0.0
522057,0.47867351648351647
522067,0.2070538604651163
522089,0.29256363636363636
522097,0.0514808905380334
522153,0.0
522161,0.25919166666666665
522166,0.4582218181818182
522181,0.32174405594405586
522201,0.4478
522226,0.21932083333333335
522244,0.06986400000000001
522248,0.11153535353535349
522262,0.17573846153846154
522265,0.4703384615384616
522268,-0.5040754901960784
522293,-0.52755
522317,0.14130150375939848
522326,0.0
522338,0.0
522342,0.0
522365,0.0
522383,-0.03072999999999998
522402,0.06659038841342987
522407,0.226175
522465,0.0029714285714285693
522480,0.0
522527,0.2993767139479905
522543,0.0
522552,0.27170514285714287
522569,0.16078
522587,0.004283018867924593
522596,0.2307142857142857
522615,0.013680000000000025
522682,0.0
522723,0.33804999999999996
522741,0.44826486486486483
522742,0.0
522844,0.20844
522863,0.12795050000000002
522910,0.1376
522967,0.09858034225537515
523041,-0.030799999999999994
523044,0.428375
523063,0.19456249999999997
523162,0.0
523171,0.0
523208,0.2877230769230769
523221,0.01221578947368418
523279,0.3758754098360655
523283,0.44064516129032255
523309,0.3951664593301436
523352,0.011318518518518617
523395,0.11537328063241103
523409,0.2708516129032258
523422,0.1365764705882353
523460,0.18559464285714283
523540,0.18359076923076925
523552,0.22457727272727274
523556,0.28889230769230767
523566,0.07888709677419356
523588,0.0
523644,0.21502337662337667
523657,0.41909230769230776
523691,0.0034666666666666457
523707,0.34373600000000004
523719,0.3990766666666667
523729,0.5465297297297297
523801,0.5062
523842,0.29545022950819666
523850,0.2902641765704584
523872,0.22651999999999997
523906,0.05548000000000003
523931,0.0
523975,0.22925252144800168
523989,0.0
524036,0.0
524070,0.1776193939393939
524117,0.3412328042328042
524139,0.49783750000000004
524152,-0.21439999999999998
524198,0.0708766666666667
524252,0.16871666666666668
524262,0.0
524280,0.0
524360,0.3454
524386,0.08755652173913048
524414,0.0
524442,0.0
524465,0.1575206896551724
524513,0.5245794174135723
524528,0.273525
524582,0.4755851851851852
524596,0.20530666666666675
524618,0.44194545454545453
524629,0.37153846153846154
524637,0.1164764331210191
524647,0.013830769230769202
524651,0.2417948051948052
524721,0.3336444444444444
524801,0.41319999999999996
524822,0.002376923076923082
524839,0.21034054054054058
524844,0.09163857868020306
524917,0.1925777777777778
524919,0.0
524974,0.0
525047,0.5250851851851852
525087,0.2584421052631579
525097,0.0
525137,0.2924800000000001
525148,0.0
525161,0.14376666666666668
525184,0.0
525211,0.32721051893408126
525215,0.0
525238,0.2643110850897736
525243,0.0
525255,0.20073157894736848
525273,0.018287922705313986
525294,0.45935000000000004
525311,0.30818306488725267
525415,0.0
525421,0.32148571428571426
525425,0.40800507099391486
525431,0.23555454545454552
525437,0.0
525438,0.0
525455,0.014014906832298113
525485,0.33882222222222225
525597,0.431289156626506
525639,0.3028511627906976
525645,0.4928923076923077
525651,0.039873563218390806
525750,0.0
525763,0.32058
525816,0.1313056999544004
525831,0.08402413793103453
525837,0.0
525846,0.0
525883,0.2113576923076923
525949,0.11796585365853657
525963,0.33308654485049827
525970,0.007041666666666668
526015,0.0
526114,-0.23311969696969698
526117,-0.06499166666666667
526174,0.2685314285714286
526177,0.010384000000000004
526204,0.0
526205,0.48929999999999996
526268,-0.04038333333333333
526402,0.0
526419,0.525367441860465
526529,0.2874872727272727
526600,0.5238626666666667
526632,0.0
526732,0.408797619047619
526736,0.25953333333333334
526800,0.0
526803,0.0
526809,0.4315333333333333
526884,0.11759583333333334
526885,0.2930827505827506
526906,0.43816585365853655
526929,0.21882509803921565
527044,0.0
527052,0.15286086956521738
527056,0.27590434782608697
527072,0.0
527138,0.17043888888888886
527158,0.0
527165,0.08791404878048781
527182,0.44035925925925923
527230,0.10088532477947076
527242,0.2059830508474576
527302,0.10687586206896549
527304,0.4434600000000001
527309,0.18893333333333334
527327,0.22159106220525487
527372,0.0
527424,0.35884369630833524
527472,0.4543925925925926
527480,0.43515652173913044
527486,0.248
527530,0.4459916666666667
527561,0.4204806666666667
527591,0.5327541666666666
527592,0.16505957446808509
527719,0.11339215686274506
527769,0.34924
527776,0.06108163265306121
527795,0.30447058823529416
527845,-0.035836363636363625
527857,0.32464615384615386
527881,0.3746983193277311
527897,0.25932
527972,0.008792592592592574
528007,0.13841375
528029,0.0020615384615384758
528031,0.0
528053,0.08551818181818183
528061,0.3286731707317073
528067,0.38828125
528098,0.003144186046511621
528108,0.31630625
528148,0.3438190476190476
528165,0.0
528170,0.2055438596491228
528171,0.0
528173,0.15393333333333334
528193,0.3087793103448276
528225,0.14337916666666667
528235,0.0
528255,-0.25685862068965515
528262,0.3165636363636364
528276,0.13862962962962966
528310,0.3602547785547785
528345,0.25845
528347,-0.058347089947089925
528376,0.28378041958041955
528393,0.0
528411,0.2921904761904762
528436,0.0
528460,0.0
528461,0.10754999999999998
528554,0.0
528568,0.47920294117647066
528575,0.1909363525091799
528585,0.1678583333333333
528619,0.0
528642,0.0
528665,0.18652105263157898
528712,0.0
528751,0.14650000000000007
528777,0.0
528789,0.0
528806,-0.03948883572567785
528812,0.20078208955223886
528819,0.2078016835016835
528836,0.0
528847,0.0
528858,0.0
528928,0.0
528960,0.0
529047,0.232228
529065,0.18981599999999987
529074,0.5231217391304348
529109,0.5257161290322581
529120,0.14110285714285714
529125,0.006500000000000006
529129,0.16551407114624506
529158,0.0
529179,0.32207619047619046
529218,0.38718596491228074
529250,0.1507047619047619
529274,0.2827689655172414
529300,0.0
529324,0.0
529375,0.0
529397,0.48240695652173915
529409,0.2882486486486487
529410,0.2408823529411765
529437,0.0
529469,0.0031217391304347863
529533,0.4123620740740741
529537,0.032349819349658776
529541,0.3809409090909091
529546,0.0
529561,0.0
529610,0.3521448275862069
529685,0.4878440677966102
529795,0.0
529800,0.0
529813,0.030209638554216878
529857,0.23413442622950822
529885,0.3364521739130435
529897,0.2210666666666667
529916,0.37063333333333337
529962,0.0
530003,0.0
530036,0.0
530070,0.010473469387755174
530089,0.40836111111111106
530097,0.4601362831858407
530111,0.3670111111111112
530152,0.1401769230769231
530159,-0.0004833333333333356
530174,0.0
530205,0.3019913043478261
530218,0.23427407407407413
530272,0.0
530309,0.2718696296296297
530325,0.010695833333333349
530334,0.1704166666666667
530437,0.45134285714285716
530473,0.28827090909090913
530479,0.18967755102040817
530529,0.0016114285714285692
530621,0.0
530637,0.44599999999999995
530638,0.08921666666666661
530668,0.24391999999999997
530703,0.16614
530705,0.0
530744,0.3185617021276596
530757,0.0
530784,0.4641024013722127
530787,0.48184347826086954
530837,0.3661777777777778
530842,0.11927499999999999
530879,0.0
530884,0.47462352941176467
530903,0.26566923076923077
530934,0.22469523809523806
530944,0.07177272727272727
530971,0.014285714285714235
531001,0.0
531010,0.19180625
531040,0.30014545454545455
531042,0.056778735632183885
531057,0.0
531068,0.4401555555555555
531163,0.2796539682539682
531179,-0.11115833333333333
531182,0.2964666666666667
531269,0.2855791044776119
531282,0.3758166666666667
531295,0.5403772727272728
531304,0.007542857142857073
531352,0.14795587044534414
531375,0.21975491949910556
531376,0.0
531421,0.31661599999999995
531476,0.1420135593220339
531497,0.08082500000000004
531501,0.32904878048780484
531547,0.0
531589,0.0
531622,0.14028060606060608
531701,0.08837798165137614
531715,-0.018866666666666587
531726,0.3829301587301588
531732,0.0118186046511628
531734,0.49841
531749,0.0
531753,0.19995505617977527
531781,0.08325714285714286
531798,0.2851991261218706
531848,0.0
531863,0.12595999999999996
531888,0.18087949999999997
531892,0.0
531922,0.1878962962962963
531935,0.3549
532017,0.17346988727858303
532029,0.4677461538461539
532049,0.13306029159519728
532064,0.23417368421052626
532080,0.5216999999999999
532137,0.1505384615384615
532142,0.2648509803921568
532217,0.0
532265,-0.3561692307692308
532266,0.27705
532273,-0.18028620689655173
532309,0.1365529411764706
532366,0.16412432432432433
532427,0.0863916666666667
532439,-0.15042222222222218
532511,0.0
532544,0.3496666666666667
532549,0.058454545454545426
532551,0.261303511637403
532570,0.3436871794871795
532591,0.15130588235294112
532606,0.22921304347826094
532636,0.0
532661,0.4123420947488585
532694,0.0
532734,0.42588695652173914
532832,-0.3745666666666667
532838,0.23488222222222221
532852,0.20573999999999998
532857,0.0
532864,0.0
532935,0.39284444444444444
532964,0.12047586206896549
533052,0.03215000000000001
533062,0.3625411764705882
533063,0.1469010101010101
533076,0.2016271043771044
533093,0.24084705882352941
533103,0.013900000000000023
533131,0.3868486486486487
533140,0.22805101258894364
533162,0.2568893617021277
533186,0.32736983573917366
533231,0.5022642857142856
533240,0.30549565217391306
533266,0.012418181818181884
533340,0.2649504615384616
533372,0.45760500000000004
533403,-0.1048
533426,0.3154620689655172
533432,0.11331995947315093
533440,0.2277384615384615
533455,0.15536842105263157
533457,0.4317
533495,0.5419009708737864
533528,0.42165
533541,0.008069565217391328
533555,0.0
533571,0.0
533575,0.31644285714285714
533580,0.1122538461538462
533600,0.40012499999999995
533604,0.0
533656,0.2489184313725491
533661,0.2665705882352941
533673,0.0
533677,0.39693333333333325
533682,0.0
533686,0.06040526315789474
533698,0.32278333333333337
533710,0.280321875
533731,0.1331
533746,0.303975
533754,0.0069777777777777494
533790,0.007865853658536648
533814,0.3452955555555556
533833,0.0
533851,0.010189473684210526
533862,0.10638039215686274
533908,0.2158
533918,0.2726571428571429
534045,-0.3341543859649122
534050,0.0
534053,0.304325
534117,0.0
534158,-0.3333028571428572
534231,0.0
534248,0.0
534282,0.30874747474747477
534321,-0.01837792207792205
534343,0.3163596774193548
534364,0.16377179383116885
534400,0.39509
534422,0.32393999999999995
534441,0.0
534446,0.4653342592592593
534459,0.011492682926829256
534502,0.47673111111111105
534526,0.2740421052631579
534530,0.32079130434782605
534620,0.0
534643,-0.000657627118644033
534735,0.33755500000000005
534763,-0.031990755685986805
534811,0.0
534828,0.2886011164274322
534832,0.0
534922,0.3555578947368421
535068,0.5129142857142857
535102,-0.021288888888888913
535110,0.394984
535137,0.007769230769230806
535167,0.34688216949152545
535202,0.3481161290322581
535208,0.2774742857142857
535221,0.07587999999999995
535231,-0.30786666666666673
535237,0.15225
535248,0.0
535280,0.3865344099378882
535301,0.43327076923076924
535325,0.24195132275132275
535391,0.0
535394,0.3756550047483381
535529,0.0
535543,0.43652272727272723
535647,0.40623473762010354
535746,0.06657647058823529
535750,0.0
535771,0.28966000000000003
535824,0.2225111111111111
535855,0.27975
535951,-0.1123752824858757
535993,0.0
536016,0.2941442857142857
536021,0.009638095238095334
536059,0.29467999999999994
536085,0.14211222222222222
536108,-0.6884052631578947
536148,0.2756588235294118
536177,0.5003527272727273
536194,0.3949942365591398
536216,0.1872507462686568
536227,0.0
536230,-0.1958136363636364
536235,0.32853145299145303
536252,0.18664225352112676
536265,0.31676363636363636
536271,0.2189538461538461
536362,0.3684360233918128
536370,0.0
536491,0.00756585365853657
536539,0.2648965986394558
536554,0.16139783783783784
536579,0.0
536586,0.01165714285714281
536633,0.36129999999999995
536714,0.0
536723,0.25673396825396827
536758,0.18230833333333335
536873,0.0
536874,-0.11201666666666665
536881,0.36940000000000006
536911,0.1636967741935484
536956,0.0
537001,0.024832558139534888
537020,0.21765227586206898
537037,0.47431428571428574
537063,0.2587954545454545
537069,0.010427586206896544
537095,0.36873571428571433
537114,0.0
537203,0.46524
537238,0.4405995543672014
537249,0.22883571428571425
537272,0.08439999999999992
537292,0.0
537321,0.013172727272727225
537330,0.06914166666666667
537388,0.0
537441,0.09869152542372883
537471,0.17338609477689382
537531,0.27224011544011545
537545,0.26994703448275864
537633,0.297429125
537665,0.0
537675,0.27034736842105267
537713,0.49319999999999997
537714,0.20395625
537764,0.0
537773,0.01861951219512195
537792,-0.004379968944099422
537809,0.017180952380952408
537811,0.059600000000000014
537819,0.00735199999999997
537859,0.3858785714285715
537871,0.33756923076923073
537882,0.1183555555555556
537883,0.23146250000000002
537894,0.05494523809523805
537955,0.1685913043478261
537960,0.0
537971,0.3648556561085973
537980,-0.15535714285714286
538019,0.44946660296225516
538053,0.3465684210526316
538068,0.2025197583947584
538069,0.24216363636363636
538089,0.0
538119,0.16615
538147,0.32419230769230767
538189,0.4095661290322581
538223,0.08782105263157894
538259,0.38264444444444445
538321,0.37906703146374826
538328,0.3804436647173489
538353,0.4832728046421664
538368,0.2224
538432,0.2625647058823529
538465,0.28313333333333335
538471,0.39618181818181814
538491,0.3438
538527,-0.035975757575757605
538551,0.21017333333333332
538587,0.26874358974358975
538614,0.384
538671,0.10566401709401713
538716,0.07095833333333335
538769,0.11127523809523811
538855,0.18403265306122452
538862,0.3030666666666667
538890,0.0
538893,0.0
538898,0.38941414776555133
538967,0.30935416666666665
538977,0.04755529411764703
538979,0.4020326530612245
538984,0.18306530612244895
539004,0.1965
539007,0.46687999999999996
539034,0.1617448275862069
539053,0.4455526315789474
539064,0.0
539073,0.3944142857142858
539079,0.08892764976958528
539087,0.3215375
539109,0.0
539112,0.2284325581395349
539145,0.0
539171,0.03471666666666662
539194,0.0031374999999999875
539207,-0.30747500000000005
539213,0.4096751173708921
539215,0.5358648648648648
539219,0.0
539233,0.3186363636363636
539269,0.3264733333333333
539273,0.35278857142857145
539275,0.0
539278,0.18013548387096776
539359,0.32546341463414635
539388,0.07144
539392,0.12816
539479,0.1668818181818182
539481,0.1867288329519451
539539,0.0
539642,0.013380000000000059
539644,0.0
539685,0.0
539686,0.17376250000000004
539763,0.26091825037707395
539796,0.34114545454545453
539820,0.23186153846153848
539853,0.23355555555555552
539888,0.3351777777777778
539902,0.0
539975,0.0
539979,-0.09936875000000003
539991,0.0
540023,0.38250615384615383
540057,0.007719047619047625
540069,0.13306666666666667
540076,0.38095
540089,0.0
540093,0.11086473404255318
540118,0.14766153846153846
540137,0.17595238095238097
540145,0.0
540238,0.3014764705882353
540242,0.16700645161290323
540244,0.09572957305131216
540254,0.26368888888888886
540266,0.09917241379310343
540294,0.0
540352,0.318
540386,0.22972623539982023
540416,0.005838095238095253
540447,0.0
540472,0.0
540484,0.0
540522,0.4848240409207162
540524,0.45854693877551017
540547,0.004620000000000013
540584,0.44693333333333335
540611,0.4825363636363636
540618,0.0
540637,-0.08317241379310342
540670,0.18402692307692314
540773,0.4759333333333334
540778,0.0
540846,0.3963703703703704
540861,0.15354835164835157
540868,0.43463333333333337
540892,0.0
540896,0.0023809523809524002
540915,0.38483999999999996
540917,0.18803157894736838
540920,0.4991935483870968
540928,0.33730000000000004
540962,0.15173999999999999
540998,0.25220000000000004
540999,0.38675294117647063
541009,0.3458742857142857
541020,0.2257740237691002
541072,0.0
541075,0.012349999999999972
541083,0.32111368421052633
541098,0.28020000000000006
541268,0.3912
541331,0.4155071428571429
541378,0.35216363636363635
541495,0.013583333333333392
541513,0.0
541541,0.16922571996027802
541627,0.351389090909091
541656,0.4516800000000001
541750,0.0
541765,0.29368387096774196
541787,0.0
541880,0.14321538461538463
541893,0.0
541912,0.0
541984,0.4040133333333334
542006,0.0480355263157895
542055,0.24264516129032254
542075,0.27144444444444443
542085,0.048311673453558274
542101,-0.03539999999999999
542134,0.005655319148936133
542184,0.07889999999999997
542188,0.0
542201,-0.04822380952380953
542215,0.544142857142857
542275,-0.051763768115941966
542364,0.0
542378,0.18022105263157895
542412,0.2773241379310345
542455,0.0
542457,0.41749565217391305
542482,0.297296
542522,0.0
542555,0.0
542559,0.011920000000000042
542583,0.13358507214206433
542586,0.1652
542715,0.0
542808,0.0
542809,0.0
542890,0.040221276595744676
542893,0.3068105263157894
542895,0.24175554479418884
542902,0.4326524590163934
543073,0.04472799999999999
543092,0.3227
543101,0.400475
543102,0.3850181818181818
543110,0.18780000000000002
543263,0.3407161290322581
543287,0.12998148148148148
543317,0.2112
543339,0.0
543341,0.17517948717948723
543383,0.34395555555555557
543384,-0.5958177777777778
543397,0.22726000000000007
543400,0.05401
543460,0.28630400000000006
543470,0.3645735849056604
543587,0.010483333333333289
543597,0.11837599999999998
543598,0.3074263157894737
543617,0.0
543680,0.44966212121212124
543728,0.18109285714285714
543750,0.25626666666666664
543803,0.007541176470588273
543821,0.21749190476190478
543851,-0.005274999999999919
543894,0.10966999999999999
543943,0.0
544052,0.403102688172043
544058,0.29779259259259255
544074,0.0
544090,0.08186818181818178
544164,0.14165098039215684
544200,0.0
544231,0.27094745098039213
544278,-0.07989999999999997
544280,0.26083140830800405
544312,0.0
544318,0.3001490196078432
544332,0.4031285714285714
544337,0.23148666666666667
544341,0.10465739130434781
544354,-0.08421865394806577
544368,0.4078615384615384
544375,0.41112
544391,0.36872499999999997
544412,0.0
544491,0.0
544493,0.21333333333333335
544497,0.31988000000000005
544533,0.2916133333333333
544602,0.40754360655737704
544639,0.0
544695,0.2532781818181818
544703,0.46385888778550155
544729,0.3251833333333334
544734,0.06241304347826088
544791,0.24658666666666668
544848,0.0
544858,0.0
544938,0.2990148148148148
544945,0.3081666666666667
544982,0.0
544983,0.2782926829268293
545003,0.3106381118881119
545051,0.08915230934479051
545064,0.34470526315789474
545082,0.3196421138211383
545091,0.0
545139,0.0
545191,0.29641874999999995
545198,0.36896153846153845
545266,0.4420135593220339
545314,0.0
545316,0.16934114285714283
545350,0.4224133333333333
545367,0.011539130434782607
545376,0.2519368421052631
545389,0.39428
545418,0.0
545464,0.0
545500,0.31645
545531,0.2893076923076923
545554,0.35125170212765955
545613,0.40234333333333333
545660,0.0
545719,0.0
545792,0.14614137931034485
545798,0.30605
545807,0.3860757917728431
545893,0.46248
545905,0.02300000000000002
545917,0.0037142857142857255
545921,0.34508
545966,0.035290909090909095
545996,0.21680000000000002
546139,0.0
546142,0.32601739130434776
546158,0.26170666666666664
546159,0.5133533333333333
546182,0.3680206896551724
546201,0.0
546212,0.36991428571428575
546217,0.005129032258064492
546275,0.0
546333,0.0029006211180124253
546353,0.083573695976155
546357,0.006286486486486498
546405,0.22393400673400674
546420,0.42590000000000006
546435,0.0
546445,0.4337000000000001
546511,0.23317499999999997
546563,0.2958814814814815
546656,0.3199132075471698
546679,0.0
546682,0.205046511627907
546734,0.15336727272727274
546806,0.4247823529411765
546822,0.4152777777777778
546869,0.0
546881,-0.2714
546887,0.19114067796610168
546902,0.4194833333333334
546943,-0.10053337500000004
546977,0.0019011494252873795
547025,0.19656985365853658
547036,0.3337068965517242
547088,0.0
547115,0.0
547130,0.13710624999999999
547141,0.3821300000000001
547154,0.28470566037735856
547158,-0.2224428571428571
547160,0.32389655172413795
547180,0.0
547188,0.0
547191,0.21674285714285713
547204,0.2967222222222223
547241,0.09796315789473681
547258,0.012585185185185255
547261,0.0
547295,0.2913130434782609
547313,0.3460994425463046
547319,0.2871714285714286
547320,0.15450000000000003
547323,0.06598064516129032
547360,0.3348
547411,0.0
547415,0.30395872709739635
547476,0.4473816666666667
547510,0.2381907692307692
547551,0.0
547561,0.45466222222222225
547562,0.2483
547576,0.2086222222222222
547582,0.0
547661,0.4936857142857143
547667,0.24899999999999997
547706,0.236
547735,0.0
547808,-0.18286666666666662
547843,0.0
547858,0.4220821052631579
547873,0.35609375000000004
547890,0.0
547929,-0.3688216216216217
547937,-0.07050000000000001
547947,0.35308771929824556
547999,-0.03534666666666664
548007,0.161344
548010,0.51344
548044,0.0
548047,-0.06562835365853659
548053,0.0
548057,0.3431969230769231
548100,0.29824699186991865
548101,0.34364999999999996
548199,0.015228571428571425
548232,0.40533962264150947
548233,0.013533333333333397
548298,0.38405
548400,0.006199999999999983
548463,0.14975894736842105
548487,0.2338611111111112
548493,0.0
548537,0.4517888888888889
548553,-0.13294952380952382
548625,0.0
548730,0.0
548742,0.2911129032258065
548807,0.23763157894736844
548841,0.3538461538461538
548880,0.1835919191919192
548911,0.44937499999999997
548921,0.2247
548941,0.0
549015,0.3433033333333333
549036,0.32761126760563375
549052,0.4387
549118,0.014125925925925986
549128,0.2354590909090909
549170,0.0
549196,0.012200000000000044
549228,-0.5688
549234,0.20563788093550672
549258,0.0
549259,0.11072604588394064
549269,0.18280645161290315
549282,0.361260606060606
549301,0.0
549302,0.2755333333333333
549324,0.004232258064516159
549344,0.32948571428571427
549397,0.04755384615384617
549437,0.0
549454,0.14636315789473683
549480,0.33436
549487,0.20388730158730162
549490,-0.004284615384615387
549496,0.0
549517,0.21561142857142856
549528,-0.2580070087609512
549530,0.33590909090909093
549608,0.26978095238095234
549615,0.0
549659,0.10661013824884791
549738,0.17530204081632653
549739,0.07491428571428571
549756,0.0993632183908046
549767,0.12119111111111108
549772,0.36854461538461536
549810,0.3606615384615385
549843,-0.03907547169811319
549872,0.0
549888,0.45441538461538467
549895,0.05587521367521364
549900,0.3067
549916,0.29475622681505037
549922,0.42529230769230775
550030,0.012267924528301943
550034,0.17553636363636366
550066,0.3825368421052632
550096,0.4223770491803279
550103,0.28590757301628333
550111,0.1674107027027027
550133,0.0038941176470588257
550188,0.208016507936508
550194,0.12135714285714289
550221,0.4246551724137931
550232,0.5243166666666667
550240,0.0
550241,0.013164705882352967
550272,-0.011233333333333317
550318,0.0
550327,0.3534454545454545
550333,0.0
550352,0.30581052631578953
550358,0.4262666666666666
550366,0.20258055555555557
550421,0.20124941176470584
550495,-0.7478248085001236
550497,-0.11215555555555556
550528,0.007074999999999998
550610,0.13071428571428567
550687,0.30955
550734,0.39911250000000004
550763,0.3420285714285714
550784,0.04150000000000001
550785,0.18631999999999999
550799,0.0
550883,0.1803633333333332
550925,0.0
550986,0.32722727272727276
550998,-0.14534411764705885
550999,0.360215873015873
551092,0.0
551098,0.0018565217391304234
551105,0.0
551175,-0.006214141414141394
551216,0.20985185185185184
551220,0.4425
551258,0.22425714285714285
551299,0.006318518518518501
551304,0.26380000000000003
551307,0.0
551458,0.13959999999999997
551603,0.28495000000000004
551626,0.38561500000000004
551675,0.0
551685,0.00908125000000004
551693,0.29535
551708,0.3839444444444444
551740,0.16169565217391302
551744,0.0
551769,-0.07973401534526853
551795,0.30525454545454545
551797,0.0
551880,0.29161265822784815
551905,0.34310188679245285
551958,0.0055212121212120935
551975,0.3834909090909091
551998,-0.06340000000000001
552017,0.1832727272727273
552022,0.12386222222222222
552042,0.41571914893617024
552128,0.48894545454545457
552138,0.23874857142857145
552144,0.0
552167,0.2979259259259259
552187,0.4365368421052632
552228,0.2325230769230769
552235,0.030975000000000086
552259,0.2662137931034483
552300,0.1921673469387755
552314,0.09845000000000001
552372,0.26081823529411763
552398,0.5366695652173913
552412,-0.044493061224489816
552508,0.3378571428571428
552512,0.1270857142857143
552525,0.2671027027027027
552527,0.26218048780487807
552540,0.33391315789473686
552637,0.45194
552655,0.0
552682,0.1327367088607595
552725,0.5146153846153846
552736,0.0
552737,0.1425015356820235
552794,0.07842682926829267
552950,0.0
552971,0.3965444444444444
553046,0.43932093023255814
553064,0.0
553085,0.0
553092,0.0
553093,0.22336231578947363
553108,0.11215841584158415
553160,0.05004102564102564
553190,0.0
553210,0.0
553216,0.32387483870967737
553244,0.16245555555555555
553248,0.026230000000000003
553252,0.43226849315068494
553255,0.0
553265,0.19061428571428568
553275,0.0
553300,0.2685082352941176
553330,0.16286666666666666
553335,0.47428695652173913
553338,0.20397487065779746
553406,0.3800199882075471
553456,0.002700000000000008
553490,0.1781346153846154
553535,0.0
553545,0.3168969696969698
553556,0.3998521739130435
553669,0.30452
553680,0.10582307692307691
553736,0.28832092352092353
553738,0.3950885714285714
553771,0.44584
553787,0.30628
553791,0.271719587628866
553832,0.3989421052631579
553840,0.18394583333333336
553855,0.17838604651162793
553862,0.3531394736842105
553927,0.47504
553928,0.4212684210526315
553973,0.2544153846153846
553980,0.2021666666666667
554002,0.008075000000000054
554021,0.05609047619047619
554028,0.3932117647058823
554034,0.0
554038,0.38545714285714283
554046,0.0
554049,0.2534
554067,0.37093750000000003
554072,0.4300999999999999
554076,0.2959555555555555
554091,0.13584347826086957
554125,0.2836904761904762
554131,0.242716
554144,0.07139999999999999
554169,0.18021409774436087
554194,0.002631111111111112
554273,0.0
554279,0.2280123188405797
554303,0.28164000000000006
554316,0.1317111111111111
554335,0.0
554338,0.34731428571428574
554340,0.19631176470588232
554353,0.22731428571428575
554360,0.490469055944056
554405,-0.42824666666666666
554413,0.05652602739726026
554435,0.22477142857142857
554450,-0.12863157894736843
554526,0.0
554553,0.10396515151515151
554570,0.09503216783216784
554588,0.1911655172413793
554607,0.0042315789473684196
554633,0.4806
554641,0.008464150943396143
554683,0.0
554694,0.0
554701,0.0
554726,-0.12891249999999999
554792,0.0
554802,0.009428571428571453
554945,-0.1382
554955,0.05484743589743589
554976,0.0
554983,0.0
554998,0.19686285714285712
555006,0.3399360430107527
555027,0.2282442857142857
555044,0.08770844155844154
555052,0.44401304347826087
555082,0.17880000000000001
555141,0.1573368421052631
555200,0.312190303030303
555219,0.19832982456140352
555228,0.0
555251,0.034504800724637685
555355,0.0
555362,0.2995282429245283
555378,0.0
555463,0.30106046511627904
555527,0.3157161290322581
555533,0.0
555589,0.28774482758620684
555626,0.23114181818181817
555639,0.07308799999999993
555687,0.4991555555555556
555699,0.38289523809523807
555706,0.32302622950819676
555708,0.40605304878048776
555709,0.33292999999999995
555732,0.228272
555733,0.4419739130434782
555734,-0.26099999999999995
555767,0.38720625000000003
555829,0.005500000000000005
555848,0.0
555854,0.03328333333333333
555873,0.19156086956521745
555879,0.009877777777777791
555887,0.33717142857142857
555916,0.05570000000000008
555918,0.13994534883720933
555947,0.0
555972,0.32489999999999997
556020,0.0
556031,0.2147913043478261
556039,0.0
556046,0.3205857142857143
556062,-0.033214615384615453
556088,0.0
556195,0.0
556224,0.36179374999999997
556252,0.0
556254,0.1981
556319,0.422228
556333,0.40820425531914895
556374,0.2805625
556386,0.013274999999999926
556456,0.03318378378378379
556457,-0.1637893105629349
556468,0.0
556473,0.16376923076923075
556491,0.0
556515,0.3034666666666667
556534,0.08469919999999999
556732,0.0
556783,0.09482826086956522
556787,0.2794367003367003
556860,0.26094539473684214
556864,0.02891111111111111
556877,0.2597539384846212
556985,0.2981578947368421
557002,0.3266344827586207
557010,0.45728015873015876
557030,0.0
557039,0.41531666666666667
557121,0.30950532212885157
557153,0.3191433304272014
557163,0.0
557188,-0.04561520146520148
557204,-0.06562666666666667
557227,0.08946296296296294
557237,0.0
557253,0.39447188405797107
557256,0.30589142857142854
557339,0.10078085106382978
557363,0.0
557407,0.335231746031746
557454,0.25775000000000003
557511,0.4038679245283019
557512,0.4103506849315069
557588,0.2844378378378378
557624,0.09146666666666667
557627,0.2676372093023256
557644,0.12367311827956988
557698,0.35488666666666663
557739,-0.13692941176470586
557747,0.3115267878787879
557757,0.29215238095238094
557782,0.004925000000000013
557886,0.0
557917,0.0
557924,0.21936470588235296
557952,0.32530795031055904
557953,0.36387764705882353
557984,0.0
557988,0.35017333333333334
558145,0.029788000000000037
558167,0.08442608695652176
558178,0.23557500000000003
558188,0.0
558208,0.22465000000000002
558219,0.28190752688172044
558229,0.052166666666666583
558255,0.25820869565217397
558258,-0.007520547945205486
558277,-0.4706230769230769
558291,0.3657159420289855
558304,0.40596082474226813
558307,0.45760923076923077
558313,0.15123712121212124
558314,-0.05800379746835441
558334,0.26583559577677224
558362,0.38386666666666663
558377,0.5132714285714286
558399,0.06423673469387753
558408,0.3318243902439024
558415,0.401935294117647
558419,0.3309829787234042
558537,0.4446380952380953
558544,0.18459090909090908
558646,0.0
558651,-0.09179374999999995
558656,0.0
558700,0.05246459627329193
558711,0.29384273049645393
558717,0.2161090909090909
558789,0.09430526315789474
558807,0.05636606060606064
558808,0.2979090909090909
558809,0.0
558820,0.3684
558868,0.10385461870503598
558891,0.06485454545454544
558934,0.16614444444444443
558946,0.21004512820512822
558987,0.11771111111111113
558992,0.06333223529411765
558999,0.08513333333333332
559029,0.24501428571428574
559059,0.3813925
559085,0.050376744186046485
559130,0.0
559200,0.0
559258,0.0
559268,0.0
559292,0.0
559304,0.3784941176470588
559324,0.5100321428571429
559352,0.4903569399350649
559358,0.13768606896551716
559372,0.39613809523809523
559398,0.47760387096774193
559423,0.0
559431,0.0
559441,0.0
559442,0.47279999999999994
559459,0.47762
559480,0.47380949432404545
559498,0.16358067632850237
559527,0.19797370370370368
559626,0.010519999999999974
559652,0.21923529411764703
559689,0.34878400000000004
559690,0.17651000000000003
559691,0.2510542372881356
559700,0.07908205128205131
559708,0.28888401639344263
559729,0.22054666666666667
559808,0.33307647540983604
559809,0.4485659090909091
559824,0.4319333333333333
559838,0.37703333333333333
559864,0.3543370153505301
559900,0.12512666666666672
559906,0.41132666666666673
559907,0.02070666666666665
559909,0.3572461538461538
559942,-0.14904848484848485
559993,0.26055000000000006
560037,0.29996666666666666
560066,0.0
560073,0.0
560077,0.5259169934640523
560106,0.0
560172,0.011742857142857166
560196,0.4034222222222221
560233,0.35362057416267945
560238,0.0
560306,0.0058903225806451465
560323,0.15630714285714287
560347,0.0
560366,0.3688700336700337
560408,0.37478235294117646
560422,0.41603022774327125
560427,0.4283037037037037
560468,0.3284
560479,0.4383173333333333
560490,0.0
560518,-0.07676373159475497
560536,0.3284458333333333
560542,0.2833846153846154
560552,0.22586493902439025
560568,0.0
560611,0.5346594594594595
560684,0.2240833333333333
560709,0.0
560814,0.3811333333333333
560818,0.007533333333333392
560832,0.13714222222222222
560900,0.0
560912,0.16289677419354837
560913,-0.14863333333333334
560917,0.4137333333333334
560989,0.40796
560991,-0.38304294117647064
561029,0.11167058823529413
561036,0.3954285714285714
561048,0.23282018348623854
561081,-0.1891668473351401
561093,0.0
561097,0.4023563636363636
561132,0.0
561168,0.10526923076923078
561178,0.007387499999999991
561213,-0.03041764705882352
561264,0.0
561295,0.29383000000000004
561414,0.333608
561417,-0.014984615384615374
561442,0.09070068965517242
561480,0.3767
561491,0.0
561498,0.45431999999999995
561529,0.032930501930501954
561544,0.0
561574,0.2812
561592,0.12501505016722403
561621,0.31569655172413796
561654,0.2084085185185185
561716,0.19672222222222224
561802,0.1287272116461366
561813,0.3057666666666667
561876,0.16351538461538456
561980,0.0077568965517241795
561983,0.0
561986,0.0
562001,0.0
562018,0.047825000000000006
562027,0.34141818181818184
562069,0.27524210526315784
562098,0.0
562108,0.3938171428571428
562112,0.1184533333333333
562125,0.013849999999999918
562136,0.4588375
562153,-0.8148347826086956
562196,0.16399075630252102
562208,0.0
562231,0.0
562249,0.1886133333333333
562258,0.04840814871403107
562264,0.35063018867924534
562284,0.09521408450704222
562286,0.2795761194029851
562301,0.0
562304,0.2566977777777778
562348,0.039306976744186095
562402,0.539525
562418,0.21223616029822928
562420,0.0
562441,0.15116923076923075
562455,0.10623127272727273
562458,0.3528
562508,0.3703757575757576
562511,0.0
562536,0.11702222222222236
562546,0.0
562551,0.1398666666666667
562566,0.0
562570,0.18076
562586,0.0
562603,0.38966521739130433
562637,0.22379999999999997
562646,0.5192761954261954
562651,0.09752380952380951
562658,0.0
562672,-0.75415
562746,0.0
562800,0.005245070422535192
562803,0.07492131661442009
562834,0.11789682539682539
562837,0.0
562849,0.0
562901,0.31263448275862066
562906,0.0
562930,0.20289999999999997
562974,0.0
562989,0.49461999999999995
563006,0.38657142857142857
563034,0.09623333333333339
563062,0.0
563153,0.17767500000000003
563163,0.09666666666666657
563165,0.30094
563166,0.3973555555555556
563223,0.14655
563239,0.4568241379310345
563261,0.1880722222222222
563262,0.3603333333333333
563266,0.0
563386,0.17810731707317073
563497,-0.13060529100529103
563519,0.22584912280701755
563550,0.0
563566,0.44066666666666665
563581,0.16985970149253726
563589,0.36474666666666666
563598,0.24792173913043478
563612,0.23716666666666664
563615,0.1550909090909091
563632,0.21862400000000004
563647,0.29838615384615386
563688,0.0
563714,0.2916439024390244
563720,0.18096451612903225
563763,0.0817609195402299
563767,0.28159999999999996
563790,0.16843749999999996
563792,0.103523076923077
563833,0.3604454433713784
563853,0.1008360655737705
563907,0.23103461538461534
563913,0.0
563919,0.2695373977086743
563922,0.21715896262395115
563954,0.52038
564001,0.417925
564047,0.2689111111111111
564060,0.14956491228070173
564077,0.12964222972972972
564109,0.04545499999999997
564120,0.084562874251497
564137,0.07493666666666665
564143,-0.49318823529411765
564158,0.34730588235294113
564159,0.35375890410958905
564169,0.0
564196,0.16676585365853655
564223,0.0
564261,0.0
564270,0.11438333333333334
564287,-0.21721783018867924
564326,0.13324028324154213
564329,0.0
564368,0.0
564392,0.35773529411764704
564407,-0.36253793103448273
564436,0.23690434782608694
564494,0.06115034482758619
564495,0.4637272727272727
564523,0.2805217391304348
564534,0.29059
564546,0.0
564550,0.2504072727272727
564578,0.20335757575757574
564603,0.2794616666666666
564607,0.09751965811965811
564632,0.1632434782608696
564636,0.22645192307692302
564726,0.013591666666666669
564790,0.322904347826087
564802,0.10816
564813,0.14557446808510638
564815,0.320756
564821,0.0
564991,0.024478787878787878
565020,0.2823272727272727
565051,0.0
565102,0.36322727272727273
565128,0.2878573778422835
565134,0.0
565193,0.14636118721461183
565212,-0.10616538461538455
565301,0.2632
565307,0.23223809523809524
565375,0.0
565384,0.28443913043478264
565433,0.028896774193548413
565536,0.16079583333333336
565559,0.24966842105263154
565610,0.013266666666666649
565634,0.4648
565674,0.44398095238095237
565738,0.24707826086956522
565781,0.0015379310344827563
565848,0.2714620689655173
565862,0.03777560975609756
565875,0.2601
565890,0.0
565891,0.0
565901,0.14199529541995295
565923,0.3798
565941,0.0
565964,0.24593636363636365
565989,0.0
566006,0.0
566007,0.15719999999999998
566071,0.12451904761904761
566093,0.5239217391304348
566139,0.0
566151,0.0
566241,0.0
566295,0.12055555555555558
566298,-0.5903153846153846
566300,0.0
566314,0.22895999999999997
566319,0.0
566343,0.11043695358877498
566418,-0.15741923076923076
566426,-0.3852562500000001
566535,0.26934358974358974
566536,0.0
566547,0.3574770114942529
566602,0.27159962008141114
566656,0.3730577067669173
566675,0.16345714285714286
566689,0.30762500000000004
566708,0.46990769230769225
566725,0.2892363636363636
566763,0.1619611111111111
566787,0.5187687448728465
566819,0.43192729273661035
566834,0.3883794871794872
566866,0.23502338709677428
566936,-0.03039411764705882
567036,0.18021333333333334
567045,0.0
567053,0.050694067796610176
567075,0.42124999999999996
567078,0.2910313725490196
567080,0.0
567107,-0.5406112280701754
567169,0.05444166666666661
567236,0.5301575757575757
567362,0.25568235294117647
567415,0.39817101449275366
567437,0.32414285714285707
567463,0.2802470588235294
567493,0.29151692307692306
567500,0.45641607142857143
567506,0.36063
567509,0.0037725490196078293
567544,0.0
567573,0.013795238095238083
567648,0.29081204545454553
567653,0.40504000000000007
567735,0.0
567796,0.22057222222222228
567815,0.3145714285714286
567827,0.4015354838709677
567863,0.25535384615384615
567869,0.17953206502940158
567880,-0.07889057142857142
567905,0.2602
567916,0.008727884615384596
568031,0.41023698630136984
568034,0.0
568118,0.0
568150,0.47016
568178,-0.37651999999999997
568202,0.0
568220,0.008549999999999947
568222,0.019919999999999993
568224,0.4168883720930233
568271,0.10286666666666666
568272,0.21863750000000004
568326,0.1708135593220339
568423,0.4009999999999999
568448,0.4124296296296297
568454,0.0
568456,0.12094999999999995
568472,0.05090769230769232
568525,0.15592444444444448
568563,0.2073142857142857
568637,0.42786666666666673
568642,-0.2931011111111111
568644,0.043899999999999995
568654,0.1875441860465116
568668,0.5307866666666666
568687,0.0
568726,0.28731764705882357
568789,0.34531600609756097
568807,0.4633699059561129
568808,0.22165185185185182
568849,-0.07782580645161288
568850,0.2848363636363636
568899,0.1541473684210527
568905,0.3274578313253012
568910,0.33326526315789473
568914,0.30649756097560976
568931,0.0
568946,0.0135024390243903
568959,0.0
569000,0.0
569004,0.3931714285714286
569009,0.25916666666666666
569019,-0.0241529411764706
569069,0.15382962962962962
569084,0.011733333333333373
569085,0.32234
569101,0.2811733333333334
569110,0.0
569126,0.15027567567567568
569168,0.25534972004479284
569179,0.4528787878787879
569183,0.0
569193,0.27721285266457685
569325,0.0
569332,-0.21398333333333333
569335,0.07591040723981901
569348,0.17702857142857142
569350,0.0
569402,0.0
569465,0.3826857142857143
569486,0.14918888888888887
569492,0.2222925925925926
569493,0.3731020833333334
569528,0.19156705882352942
569545,0.0
569585,0.1732375
569593,-0.14150000000000001
569632,0.13950000000000007
569706,0.0
569713,0.28874166666666673
569715,0.2008833333333333
569760,0.2672666666666667
569769,0.40273063829787237
569784,0.12771481481481484
569791,0.012409302325581462
569894,0.4187217532467533
569898,0.012219230769230816
569927,0.0
570037,0.2126030769230769
570040,0.39578888888888886
570049,0.0
570053,0.4089783333333333
570054,0.36357999999999996
570060,0.19065714285714283
570066,0.013900000000000023
570090,-0.2134975
570098,0.0
570163,0.0
570268,0.43914117647058826
570358,0.0
570375,0.12033750000000004
570399,0.3855681818181818
570406,0.0
570511,-0.3002548076923076
570543,0.34681212121212124
570548,0.24718400000000001
570560,0.0
570561,0.22574074074074074
570566,0.32255
570589,0.14471333333333336
570636,-0.04361333333333334
570686,0.3150090909090909
570691,0.0
570741,0.012085714285714255
570852,0.01090666666666662
570867,-0.09407368421052631
570917,0.4320363636363636
570985,0.3676973684210526
570991,0.1876451612903226
571027,0.0
571067,0.06614545454545456
571111,0.12757073170731703
571123,0.0
571124,0.16623809523809518
571161,0.37095
571174,0.30749090909090904
571191,-0.14525245901639344
571233,0.3203853658536585
571243,0.2103151515151515
571262,0.24887469604863216
571288,-0.4047962264150944
571356,0.0
571377,0.24196363636363633
571378,0.47129166666666666
571390,0.2989466666666667
571493,0.21223255813953487
571497,-0.27512
571507,0.49174999999999996
571525,0.10610666666666668
571544,0.0
571550,-0.008000000000000007
571552,0.3842541666666667
571576,0.24164235294117645
571591,0.0
571606,0.2134246268656716
571648,0.3563085858585859
571658,-0.14211538461538464
571677,-0.03446441155743479
571680,0.3552653846153846
571698,0.38628571428571423
571708,-0.07578461538461537
571717,0.1307111111111111
571718,0.04615294117647059
571728,0.10102083333333328
571803,0.3103021739130435
571854,0.0
571859,0.34461608507809904
571877,0.0
571879,0.037823450171821316
571972,0.4546714285714286
571973,0.411192
571976,-0.38604499999999997
571988,-0.05050434782608698
572015,0.0
572021,0.17915999999999999
572039,0.46412542372881355
572066,0.25386618181818177
572083,0.40035
572097,0.40207368421052625
572107,0.0
572215,0.383752
572216,0.3082164564943254
572287,0.0
572296,0.1128714285714286
572309,0.0
572339,0.5132182352941176
572344,0.0
572368,0.32501052631578947
572375,0.13563529411764708
572378,0.351512
572386,0.2991181818181818
572395,0.0
572432,0.3955411764705883
572440,0.39309313399778517
572467,0.05649921630094046
572637,0.2564
572807,0.0
572827,0.0
572841,0.46989677419354836
572845,0.18300799999999995
572912,-0.18732857142857146
573108,0.12777592592592596
573148,0.3111086956521739
573177,0.20627659574468082
573237,-0.011300000000000004
573257,0.2729285714285714
573281,0.12373907370541817
573300,0.0
573309,0.15232428571428572
573319,0.13483636363636364
573322,0.0
573341,-0.004604047619047619
573351,0.0
573352,0.013427272727272732
573372,0.0
573376,0.0
573399,0.3725931034482759
573417,0.38388195488721805
573485,0.5194
573496,0.14198596491228072
573524,0.047282208588957056
573538,0.17221249999999994
573547,0.0
573555,0.42005116279069765
573556,0.1330377358490566
573563,0.012358490566037772
573568,0.0
573613,0.4417409090909091
573647,-0.2260723684210526
573652,-0.036891891891891904
573657,0.2936357142857143
573696,0.0
573708,0.006181395348837215
573773,0.0
573779,0.21666666666666665
573797,0.17361363636363636
573867,0.2974189189189189
573915,-0.23745098684210528
573917,0.24698260869565217
573947,0.0
574046,0.4015735849056604
574104,0.35494285714285717
574150,0.0
574230,0.3608755555555555
574320,0.43757966256269953
574323,0.0
574324,0.1316857142857143
574356,0.09241212121212121
574375,0.12098695652173908
574379,0.0
574384,0.012277777777777776
574404,0.10504851485148514
574405,0.3186057142857143
574473,0.2255571428571429
574475,-0.0697018181818182
574527,0.0
574597,0.41138095238095235
574606,0.36747058823529416
574614,0.3528
574624,0.08716205128205123
574627,0.1844565217391304
574667,0.36580500000000005
574682,0.14641499250374812
574709,0.33712483419307293
574746,0.0
574747,0.0
574764,0.23681818181818182
574778,0.057357082508250834
574820,0.40991818181818185
574834,0.0
574855,0.40398
574889,0.2298066666666666
574929,0.17066944444444443
574931,0.3984
574970,0.0
574986,-0.0922949152542373
575033,0.17381666666666665
575035,0.27364375
575069,0.064392658205535
575125,0.48483529411764703
575192,0.0024611111111111084
575214,0.0
575218,0.3426
575232,0.26946666666666663
575252,0.4130115384615385
575299,0.08849473684210528
575311,0.012466666666666737
575314,0.21490303030303037
575318,0.16489444444444445
575320,0.3208869565217391
575368,0.1270969696969697
575382,0.4261210256410256
575409,0.08720645161290319
575420,0.0
575427,0.025874074074074105
575438,0.0
575474,0.4494923076923077
575519,0.0
575549,0.0
575606,0.16731772151898733
575642,0.3811364583333333
575674,0.05363999999999999
575679,0.15848795811518326
575712,0.1665673469387755
575722,0.3134571428571428
575749,0.0
575785,0.10891428571428574
575821,0.11837598870056498
575858,0.0
575897,0.3564571428571429
575990,0.0
576003,0.0
576031,0.0
576036,0.21780714285714287
576057,0.0
576071,0.1815336898395722
576077,0.3219666666666666
576089,0.18395882926829266
576115,0.14786923076923078
576118,0.002646030258401405
576131,-0.35657142857142854
576165,0.29099555555555556
576179,0.21864118993135015
576201,0.19696249999999998
576215,0.3775775
576230,0.2110344827586207
576232,0.0
576250,0.0
576297,0.3697
576317,0.08808125
576319,-0.005841860465116255
576380,0.011681818181818238
576441,0.36571031149301825
576447,0.012901587301587303
576478,0.2159347826086957
576485,0.07362916666666669
576497,0.43616363636363636
576514,0.39859473684210533
576527,0.3548078206724782
576543,0.10587407407407412
576588,0.0
576598,0.013423529411764723
576662,0.15250000000000002
576675,0.0
576682,0.5091111111111112
576772,0.0
576792,0.0
576800,0.0
576848,0.15561999999999998
576851,0.0
576888,0.10925116279069769
576905,0.013668421052631552
576925,0.4726545454545455
577004,0.0
577006,-0.09213500000000002
577021,0.42590000000000006
577022,0.24649047619047618
577168,0.44710000000000005
577171,0.16052537593984956
577180,0.33087073170731707
577235,0.01063030303030299
577237,0.08126666666666665
577258,0.3070763636363636
577275,0.11310632911392406
577283,0.1973197055871529
577293,0.05677999999999994
577330,0.010939393939393915
577341,0.3271735820895523
577385,0.0
577386,0.19021384615384615
577435,0.251203076923077
577458,-0.011480000000000018
577486,0.08627037037037039
577566,0.1817333333333333
577592,0.3813568189745379
577598,0.0
577703,0.0
577738,0.02779999999999999
577748,0.35788784053156153
577749,0.5153724137931035
577751,0.4080611111111111
577757,0.0
577793,0.2717428571428572
577820,0.3245206259780908
577889,0.4777096774193549
577903,0.121
577914,0.0
577951,0.3362071428571428
577957,0.4194166666666666
577973,0.269224
577989,0.24283
578002,0.2231266666666667
578025,0.2132666666666667
578080,-0.17540999999999995
578092,0.32143124999999995
578125,0.186075
578138,0.0020064516129032484
578147,0.0
578166,0.0
578173,0.17418897637795278
578215,0.43911333333333336
578226,0.4552253968253968
578242,0.0
578250,0.0
578264,0.3613225806451613
578295,0.09784374999999995
578342,0.0805128205128205
578343,0.01305882352941179
578352,0.04436928477402369
578362,-0.2222573934837092
578443,0.3188727272727273
578502,0.27382105263157897
578538,0.014022222222222158
578540,0.39876603773584907
578588,0.011943859649122812
578676,0.25718347826086957
578715,0.11365203252032519
578723,0.30626924315619974
578733,0.0
578735,0.010581132075471622
578798,0.14461714285714286
578803,0.0
578872,0.06878251786100886
578895,0.0
578922,0.0
578999,0.34569000000000005
579055,0.13964117647058827
579116,0.19874989473684207
579149,0.4253716586151368
579179,0.4004837209302326
579210,0.29263409610983987
579217,0.24874222222222225
579259,-0.19257333333333335
579301,0.0
579309,0.2977236898395722
579320,0.31562592592592587
579354,0.43862222222222225
579364,0.22263333333333335
579373,0.04548219178082191
579378,0.31559090909090914
579389,0.2516727272727272
579425,0.17154999999999998
579447,0.10096324324324324
579486,0.0
579535,0.41129333333333334
579569,0.2739354838709678
579574,0.27476666666666666
579595,0.0
579637,0.23350454545454546
579683,0.32499999999999996
579728,0.26672222222222225
579791,0.0
579798,0.0
579854,0.23210693069306929
579910,0.3430676577986437
579957,0.4714
579970,0.2530833333333333
579999,0.27238775510204083
580080,0.012106666666666654
580104,0.3735666666666667
580129,0.013792452830188595
580143,0.21999999999999997
580171,-0.08859595959595962
580176,0.4409450090744102
580238,0.20004
580283,0.07467428571428572
580296,0.29842113174182144
580322,0.4620567204301076
580418,0.0
580440,0.3135199999999999
580456,0.27139523809523813
580463,0.16425120772946855
580481,0.0
580487,0.24746307692307692
580497,0.2643241379310345
580508,0.4653706666666667
580511,0.0
580543,0.37118947368421057
580594,0.39619999999999994
580605,0.18401875
580627,-0.4261818057455541
580647,0.3281901754385965
580687,-0.10183999999999993
580701,0.30667906976744186
580706,0.30211818181818184
580711,0.4717108108108108
580712,0.0
580744,0.012758139534883695
580777,0.024291228070175475
580829,0.0
580849,0.298962962962963
580941,0.0
580976,0.27064666666666665
581000,0.2628923076923077
581025,0.2834928571428571
581030,0.22916
581037,0.24555217391304346
581086,0.20719545454545463
581141,0.3427636363636363
581145,0.2755982692307692
581168,0.06620799999999999
581176,0.030400000000000038
581179,0.0
581199,0.22906250000000003
581206,0.014066666666666672
581228,0.013757575757575857
581340,0.05718817204301077
581376,0.012850000000000028
581484,0.24827
581518,0.34189206349206347
581519,0.004630434782608717
581568,0.1433407407407407
581575,0.38403137254901965
581623,0.21428695652173915
581630,0.10735376344086021
581663,0.33586245614035093
581666,0.48333999999999994
581713,0.0
581722,0.07516470588235297
581767,0.014218604651162758
581783,0.31128571428571433
581869,0.01450499999999999
581879,0.30075218855218855
581926,0.0
581934,0.0022099999999999898
581974,0.39633333333333337
581992,0.00878666666666672
582004,0.2538175438596491
582020,-0.2605774294670847
582052,0.487325
582072,0.3771
582117,0.0
582155,-0.2580943396226415
582163,0.0
582259,0.12301290322580646
582276,0.0
582313,0.4922939393939394
582322,0.0
582326,0.4158428571428571
582335,0.2877857142857143
582336,0.3156545454545455
582389,0.28412280701754383
582409,0.0
582431,0.2706666666666666
582479,-0.30268727272727275
582486,0.30576140350877196
582497,0.0
582506,0.24850322580645165
582544,0.32513408110440034
582553,0.26410285714285714
582571,0.48031962962962965
582576,0.2010538461538462
582617,0.0
582631,0.4742629629629629
582640,0.42665
582645,0.01223589743589737
582782,0.0
582850,0.3397472027972028
582861,0.4091
582890,0.24559999999999998
582908,0.0
582919,0.3232033898305085
583004,0.22989047619047626
583020,0.27636
583038,0.0023076923076922884
583049,0.0
583063,0.0
583097,0.5225090909090909
583099,0.32719672131147537
583141,0.2314085714285714
583144,0.14734285714285716
583164,0.0
583166,0.36553235023041475
583172,0.006988235294117684
583174,0.0
583179,0.0
583230,0.0
583266,0.16974
583294,0.3599294117647059
583322,0.22898823529411766
583408,0.28259999999999996
583414,0.4202
583428,0.01417999999999997
583430,0.11333102947582402
583442,0.0
583460,0.27122715789473684
583466,0.414627129859388
583477,0.014579999999999926
583507,0.27145
583556,0.0
583567,0.3905833333333333
583568,0.0
583591,0.0
583614,0.34598999999999996
583633,0.09625956521739132
583642,-0.16078785425101214
583666,0.13383809523809523
583672,0.0
583701,0.27825
583715,0.2311666666666667
583728,0.0
583749,0.01419285714285723
583754,0.36816551724137936
583766,0.013044444444444414
583806,0.2848694444444444
583810,0.3708097902097902
583812,0.262528
583823,0.47346666666666665
583854,0.003962790697674412
583888,0.24024117647058824
583901,0.20816666666666667
583920,0.3437695238095238
583948,0.0
583953,0.36473469387755103
583978,0.008873684210526367
583991,0.28428000000000003
584018,0.08420465116279072
584043,0.3586848484848485
584049,0.0
584120,0.28349523809523813
584147,0.17191724137931036
584185,0.18672244897959184
584199,0.21765925925925927
584210,0.17448666666666662
584294,-0.34276153846153845
584316,0.1874193548387097
584327,0.0
584382,0.0
584443,0.20291808367071523
584474,0.13603972602739725
584494,0.0
584537,0.2606117647058824
584573,0.0
584575,0.45216475847152127
584604,0.28831190476190477
584606,0.19314375
584640,0.2224238095238095
584649,0.0
584670,0.0
584692,0.28372452830188677
584725,0.39346666666666674
584741,0.15882130434782615
584775,0.42628260869565215
584786,0.1861111111111111
584828,0.23648275862068963
584850,0.0
584901,0.0
585014,0.25305714285714287
585058,0.0
585165,0.07346666666666668
585178,0.0
585182,0.3306285714285715
585201,0.0
585216,-0.2509652173913044
585220,0.43443103448275866
585332,0.37495789473684216
585371,0.43184000000000006
585372,0.19334509803921568
585379,0.2639
585448,0.25732245989304814
585498,0.0
585528,0.0
585573,0.2128
585599,0.3342235294117647
585603,0.41536666666666666
585642,0.3840545454545454
585652,0.0
585705,0.23996
585708,0.0
585733,0.395908
585760,0.3489002757859901
585766,0.3036763636363637
585773,0.33071428571428574
585808,0.25609230769230773
585828,0.14643809523809526
585875,0.0
585877,0.0
585908,0.42165789473684206
585924,0.396765
585934,0.4293753246753247
585937,0.1201760101010101
585962,0.5365095238095238
586067,0.13537628205128205
586080,-0.12005952380952378
586081,0.2806
586155,-0.01539999999999997
586195,0.3103352380952381
586240,0.0
586282,0.0
586286,0.43508
586289,0.4366129032258064
586351,0.21031929824561396
586352,0.22635297906602259
586377,0.10950000000000001
586383,0.40507000000000004
586406,0.23885217391304353
586428,0.0
586435,0.31886666666666674
586476,0.18267727272727272
586491,0.34360701754385964
586493,0.13216356275303648
586547,0.0
586557,0.23770270270270272
586586,0.13190000000000002
586613,0.0
586629,0.29167333333333334
586641,0.08018666666666663
586649,0.0
586660,0.49426461538461536
586710,0.0
586745,0.0
586818,0.12563000000000002
586837,0.2694740103270224
586839,0.1069621794871795
586840,0.16568896103896102
586843,0.2036
586858,0.4600166666666667
586862,0.2508205128205129
586867,0.012114285714285744
586868,0.0
586892,0.0
586920,0.10545782456140351
586937,0.0
586941,0.4404473684210527
587019,0.4158466666666667
587126,0.29276875
587127,0.4035732669157327
587129,-0.0790736842105263
587149,-0.08010400000000006
587164,0.244
587195,0.41774666666666666
587245,0.0
587249,0.3403466666666667
587270,0.2314271186440678
587337,0.32489999999999997
587379,0.04279218500797449
587386,0.017196875
587388,0.2616061538461538
587390,0.0
587423,0.0
587441,0.43889000000000006
587443,0.2241098039215686
587554,0.0
587556,0.0003607843137254929
587593,0.4912258064516129
587600,0.407675
587609,0.05653736842105264
587611,0.29201428571428567
587612,0.2215095238095238
587687,0.12457555555555555
587717,0.0
587743,0.01138181818181816
587790,0.3562625
587794,0.0
587796,0.27065714285714293
587803,-0.02549565217391303
587805,0.008099999999999996
587828,0.31322083333333334
587845,0.18185263157894738
587853,0.0
587860,0.18949600000000005
587863,0.29346666666666665
587880,0.11508695652173914
587911,0.0
587966,0.3059333333333333
588055,-0.03852093023255815
588061,0.1830774193548387
588118,0.30625789473684206
588138,0.25880000000000003
588195,0.27966666666666673
588275,0.23368571428571427
588299,0.0
588310,0.29576923076923073
588360,0.10251612903225807
588460,0.29686666666666667
588499,0.13272718085106383
588505,0.43337327677624604
588568,0.0
588591,0.0
588627,0.10873636363636366
588652,0.2902727272727273
588667,0.2898121212121212
588707,0.2815
588741,0.08076000000000005
588762,0.0
588827,0.5147
588853,0.0
588905,0.262572972972973
588915,-0.006385185185185216
588944,0.0
588954,0.27216
588978,0.3559
588988,-0.25401999999999997
589017,0.19867567567567568
589059,0.0
589074,0.4067176470588235
589090,0.12910692934782608
589091,0.4061157894736842
589098,0.2229774300616406
589119,0.012837500000000057
589177,0.1904931034482759
589192,-0.21585714285714286
589199,0.3821333333333333
589218,0.42439090909090915
589221,0.40145999999999993
589266,0.29159999999999997
589278,0.3765955555555556
589304,0.0
589306,0.2706571428571428
589372,0.20467999999999986
589379,0.1243411764705882
589456,0.1856
589506,0.27190909090909093
589520,0.0
589532,0.2809521739130435
589536,0.003308994708994706
589558,0.3813779310344828
589584,0.2825783783783784
589602,0.32446349206349206
589637,0.4138608695652174
589656,0.1660444444444444
589695,0.2741220289855073
589703,0.0
589706,0.0
589726,0.0
589748,0.013120754716981153
589749,0.2954588235294118
589762,0.42942641509433965
589778,0.23612833333333336
589780,0.15899300766283525
589784,0.363744
589821,0.40584999999999993
589849,0.25131607142857143
589882,0.19241250000000004
589891,0.4666553333333333
589919,0.009199999999999986
589920,0.38088125
589980,0.2977000000000001
589988,0.0
589997,0.38839354838709683
589999,-0.10336624319419235
590066,0.14853473684210527
590171,0.0
590225,0.1025955555555556
590268,0.3434222222222223
590353,0.37376800000000004
590355,0.0
590419,0.0
590425,0.013293749999999993
590439,0.02778757309941518
590446,0.2652428571428571
590486,0.08917999999999998
590507,0.10889238521836503
590581,0.14529682539682537
590596,0.18707142857142844
590637,0.32003943661971834
590639,-0.045252128247650625
590653,0.2700444444444445
590713,0.0
590741,0.36661276595744685
590768,0.009000000000000008
590782,0.3446
590822,0.0
590843,0.2333527231638418
590866,0.0
590885,0.0
590896,0.0
590902,0.44582173913043477
590918,0.09101702127659572
590925,0.20404499999999998
590930,0.3610285714285715
590957,0.48944516129032256
590969,0.32968292682926836
590986,0.26715714285714287
590998,0.0
591002,0.0
591088,0.2192457912457913
591105,-0.24755102040816326
591118,-0.026817851701371256
591123,0.0423614814814815
591196,0.11659999999999998
591273,0.2985620689655173
591301,0.04974400000000001
591332,-0.1320161437856054
591368,0.5321927898550725
591454,-0.18766666666666665
591470,0.0487128205128205
591560,0.42336666666666667
591601,0.31003333333333327
591603,-0.06545490196078435
591622,0.43962777777777773
591692,0.4674321428571429
591719,-0.015684615384615408
591755,0.027204878048780495
591760,0.1955410714285714
591861,0.04737333333333332
591879,0.0
591882,0.16047499999999998
591886,0.06025999999999998
591905,0.2954914705882353
591928,0.22164999999999999
591946,0.3176333333333333
591951,0.3175945945945946
591995,0.1144
591999,0.23184062499999997
592005,0.09199583333333333
592038,0.20004
592139,0.0
592145,0.33821111111111113
592179,0.23371652823920264
592342,0.012844999999999995
592393,0.02300000000000002
592398,0.0
592463,-0.0780555555555556
592539,0.0624461396208969
592624,0.22343817243920416
592640,0.22183999999999998
592683,0.2644666666666667
592706,0.053551515151515156
592775,-0.06062222222222219
592878,0.42661666666666664
592917,0.35828571428571426
592923,0.36068390022675734
592973,0.0
593030,0.2061027027027027
593091,0.3238486772486773
593097,0.1598734693877551
593100,-0.1079470588235294
593124,0.29015862068965514
593162,0.0
593194,0.11470769230769229
593224,0.007050000000000001
593234,0.11869230769230768
593251,0.42401632653061216
593253,0.25190909090909086
593298,0.0
593315,0.14557272727272724
593319,-0.04064255319148935
593366,0.09907164179104477
593382,0.47523157894736845
593509,0.28034099547511315
593510,0.3291
593512,0.11030336134453778
593524,0.3054203445447088
593533,0.0
593535,0.007873684210526255
593537,0.0
593590,0.0
593687,0.1746333333333333
593767,0.24844827586206902
593774,0.43457407407407406
593786,0.22545925925925925
593804,0.09835081967213116
593811,0.3975081081081081
593814,0.0
593824,0.26464444444444446
593825,-0.07740999999999998
593828,0.0
593845,0.0
593849,0.008849999999999969
593856,0.31995555555555555
593867,0.0
593878,0.23831764705882358
593879,0.0
593885,0.20453641025641028
593943,0.0
593988,0.30647272727272723
594054,0.11611671087533157
594089,0.32635000000000003
594095,0.49637857142857145
594111,0.0
594165,0.4344702702702702
594170,0.3426133333333334
594213,0.3583545454545455
594231,0.0
594257,0.0
594258,0.0
594259,0.14150769230769233
594270,0.16953083164300203
594311,0.0
594314,0.48672131147540976
594360,0.0
594392,0.25336
594413,0.40282
594430,0.19067500000000004
594488,0.19352639751552791
594493,0.09001656804733729
594494,0.0821490566037736
594581,0.15138369133314136
594593,0.04634374999999996
594610,0.1787872340425532
594611,0.22632250000000004
594696,0.0
594750,0.22444666666666663
594771,0.3522264150943396
594822,0.3941
594850,0.37884444444444443
594868,0.0
594876,0.4233840261865794
594972,0.10083283582089553
595026,0.0
595029,0.2398
595039,0.0
595041,0.512205
595062,-0.0943153846153846
595090,0.07508484848484848
595128,0.31727446153846156
595142,0.2143660231660231
595152,0.06040377358490567
595159,0.0
595206,0.2010222222222222
595209,-0.2708545454545454
595228,0.0
595267,0.012400000000000078
595278,0.13267921527041357
595296,0.39976
595323,0.24780000000000002
595349,0.0
595393,0.26065581395348836
595416,0.32815636363636363
595444,0.0
595492,0.07873333333333332
595549,0.0
595580,0.012900000000000023
595608,0.04284111111111111
595614,0.31771401320616294
595669,0.13030491803278688
595678,0.49163636363636365
595728,-0.19525000000000003
595743,0.0
595752,0.136403756238508
595788,0.11841670437405732
595802,0.1157111111111111
595832,0.2602577319587629
595884,0.011470588235294121
595887,0.0
595922,0.31318999999999997
596020,0.41069000000000006
596097,0.14166923076923074
596165,0.0
596195,0.25567499999999993
596205,0.011538095238095236
596223,0.06744210526315786
596270,0.0
596331,0.0
596339,0.22258305084745766
596353,0.0
596364,-0.08312307692307691
596383,0.38044528619528617
596389,0.2645692307692308
596439,0.1880761904761905
596567,0.05097627118644067
596578,0.19494
596587,0.3722
596591,0.0
596596,0.013728571428571423
596616,0.1483353982300885
596642,0.21668571428571431
596652,0.2097285587975243
596653,0.47982666666666673
596687,0.3296293706293706
596701,0.12192972972972971
596708,0.0
596727,0.0
596735,0.2749702380952381
596753,0.0
596760,0.38515938375350145
596772,0.15347556935817805
596789,0.0
596823,0.29768297872340427
596837,0.0
596874,0.28268000000000004
596876,0.4186782608695653
596951,0.20094210526315787
596959,0.0
596971,0.0
596973,0.25708461538461536
596994,0.18483428571428573
597000,0.4139235294117647
597008,0.0
597020,-0.04224242424242419
597024,0.0
597051,0.4931315789473684
597056,0.05969583333333334
597064,0.2955571428571429
597069,0.5203897009966777
597087,0.3322836363636364
597098,0.0050000000000000044
597145,0.004506666666666659
597153,0.30535304716481193
597186,0.0
597189,0.3194387096774194
597197,0.2500727272727273
597213,0.0
597250,0.11220080321285142
597255,0.14952959770114943
597293,0.28125172413793104
597334,0.013562500000000033
597407,0.0012588235294117706
597445,0.0
597451,0.48372158786797503
597476,0.38045490196078435
597481,0.4796139316239316
597487,0.2009951219512195
597514,0.22171250000000003
597542,0.0
597549,0.0
597587,0.3694064814814815
597624,0.0
597734,0.3675555555555555
597769,0.27155094339622643
597808,0.30110588235294117
597852,0.0
597858,0.4202150943396226
597883,0.0
597887,0.27170769230769226
597913,0.0
597991,0.3978472727272727
598022,0.3234919413919414
598049,0.008734693877550992
598087,0.40815238095238104
598112,0.468740350877193
598146,0.0
598173,0.18708333333333332
598229,-0.01051052631578947
598232,0.0057333333333333125
598253,0.0
598260,0.42396630036630034
598267,0.0
598330,0.1791929292929293
598337,0.45346153846153847
598354,0.14268860759493668
598381,0.0
598417,0.0773771428571429
598445,-0.07423636363636366
598450,-0.18884090909090911
598500,0.27059999999999995
598505,0.0
598520,0.39744999999999997
598573,0.11565142857142857
598679,0.0
598720,0.38696533333333333
598735,0.18601052631578952
598740,0.2888266666666666
598770,0.33838095238095245
598779,0.34854347826086957
598816,0.416969696969697
598837,0.3302954545454545
598848,0.33120000000000005
598851,0.19035961538461538
598885,0.2254814814814815
598964,0.4334133333333333
599034,0.4474
599059,0.26643529411764705
599076,0.0872357142857143
599159,0.24068571428571428
599162,0.0
599164,0.14956296296296298
599320,-0.16225581395348843
599335,0.0
599338,0.014114285714285746
599339,0.0026285714285714246
599340,0.2651619047619048
599420,0.41764999999999997
599427,0.1127578125
599474,0.003977777777777802
599497,0.14773103448275865
599512,0.0030000000000000027
599516,-0.046033333333333315
599532,0.29083923076923074
599567,0.034585388127853875
599593,0.14411304347826084
599618,0.0
599648,0.20717333333333338
599676,0.05879523809523807
599692,0.3341687074829932
599697,0.35654551020408165
599723,0.3509714285714285
599817,0.0
599828,0.3632857142857142
599837,0.34102424242424234
599879,0.22267619047619047
599896,0.2342324324324324
599897,0.42573170731707316
599917,0.2938
599930,0.0
599932,0.0
599933,0.11705316455696202
599945,0.47014146341463414
599958,0.23269999999999996
599994,0.2416031590413943
600025,0.42623265306122454
600042,0.08073333333333332
600048,0.46970625
600074,0.4122275862068966
600075,0.1618
600096,0.17282857142857144
600196,0.300214
600209,0.0
600211,-0.6293249999999999
600214,0.12943380018674136
600226,0.0
600367,0.30248748748748744
600422,0.04042946708463946
600442,0.12467142857142857
600540,-0.029319047619047633
600566,0.21743262032085564
600598,0.25403298245614037
600599,0.4764790697674418
600720,0.21285238095238096
600772,0.0
600814,-0.05941666666666667
600815,0.1889208333333332
600830,0.0
600843,0.15732500000000002
600897,0.27875555555555553
600899,0.36485
600933,0.08285000000000001
600935,0.0
600971,-0.07650000000000001
600999,0.016305660377358477
601021,0.23766111111111116
601042,0.35597647058823534
601110,0.00545000000000001
601172,0.0
601190,0.2083155555555556
601228,-0.06626708860759495
601269,0.0
601284,0.09765925925925922
601295,0.07008749999999997
601355,0.4241427051671733
601394,0.38872222222222225
601396,0.0
601426,0.0
601430,0.3561672131147541
601470,0.35825485636114907
601510,0.0
601531,0.21805000000000002
601563,0.0
601566,0.0
601589,0.43527076923076924
601612,0.0
601638,0.0
601740,0.0
601742,0.0
601772,0.2595755555555555
601799,0.08090714285714286
601819,0.21434545454545453
601835,0.0
601846,0.1881276595744681
601879,0.38693124999999995
601890,-0.16870769230769234
601916,0.3086510697032436
601960,0.28373846153846155
601965,0.012566666666666615
602066,0.08044864864864865
602100,0.3607444444444444
602214,-0.16659999999999997
602272,0.12704482758620694
602290,0.0
602302,0.0
602303,0.3323412698412699
602322,0.15804166666666664
602326,0.0
602339,0.13063068965517244
602349,0.2318175438596491
602368,0.0
602372,0.0
602442,0.20749000000000004
602494,0.4063275862068966
602496,0.0811120879120879
602505,-0.026773333333333316
602511,0.4582142857142857
602528,0.2488333333333333
602547,0.3593692307692308
602570,0.4267071428571429
602577,0.3290848484848485
602589,0.07229999999999992
602607,0.01204000000000005
602627,0.0
602630,0.47175294117647054
602642,0.30872499999999997
602657,0.0
602663,0.14294285714285712
602681,0.3650833333333333
602743,0.011929999999999996
602778,0.19230000000000003
602784,0.05122000000000004
602823,0.44222068965517247
602834,0.3016292084726867
602893,0.0
602920,0.25128571428571433
602977,0.0
602988,0.24227500000000002
602991,0.0
602992,0.08122545454545455
603029,0.46844576028622537
603035,0.0
603043,0.0
603045,0.1793275590551181
603089,0.23155238095238093
603114,0.4594631578947368
603142,0.0
603148,0.0
603153,0.24990714285714286
603171,0.34457391304347823
603212,0.5275822222222222
603300,0.4584471544715447
603308,0.13957349397590363
603322,0.3998791666666667
603323,0.0
603369,0.0
603404,0.20056000000000002
603409,0.495768253968254
603422,0.0
603435,0.27464000000000005
603438,0.006783333333333363
603443,0.0
603453,0.0
603460,0.32324050632911394
603463,0.357015306122449
603510,0.1715161290322581
603511,0.4093151515151515
603559,0.3995875
603613,0.3395020408163265
603626,0.2516779661016949
603711,0.21993142857142856
603754,0.0
603797,0.0
603810,0.0
603962,0.24764102564102558
603975,0.1653785714285714
603983,0.3446238532110092
604015,0.0
604037,0.0
604043,0.1763
604051,0.21846666666666667
604065,0.4806
604080,0.18288486997635928
604099,0.24705862068965512
604106,0.07498395721925133
604110,-0.12411764705882355
604120,0.2896388888888889
604171,-0.20988282828282834
604178,0.03954411764705882
604194,0.24865714285714285
604263,-0.09687744565217388
604270,0.011885714285714277
604340,0.25598855835240275
604361,-0.059663141637878475
604383,0.025219696969697003
604482,0.3296571428571428
604510,0.0
604514,0.3823683740912095
604519,0.0037318181818181695
604568,0.0
604679,0.46992727272727275
604736,0.3986774193548387
604781,-0.005806451612903232
604792,0.29206739212007504
604796,0.0
604845,0.1301
604859,0.37032
604889,0.5496594594594595
604893,0.2836774410774411
604915,0.35033928571428574
604917,0.45757777777777786
604934,0.005083333333333329
604962,0.35325357575757577
605006,0.3286285714285715
605049,0.02610588235294109
605068,0.5373349999999999
605077,0.20112
605079,0.24059929824561402
605085,0.36444615384615386
605137,0.14549333333333336
605190,0.1178072727272727
605202,0.05884210526315792
605220,0.3420266666666667
605255,-0.19537037037037036
605317,0.29212
605321,0.21454181818181822
605324,0.1678960869565217
605480,0.1883625
605484,0.31517333333333336
605507,0.0
605539,0.15888292682926836
605562,0.0
605585,-0.33665357636012155
605589,0.0
605620,0.4543862568715642
605634,0.24306315789473687
605726,0.0
605728,0.43614838709677417
605733,0.30055488215488224
605745,0.42981052631578953
605755,0.0
605776,0.0
605781,0.008575438596491236
605813,0.08479666182873731
605858,0.0
605867,0.0
605870,0.0
605881,0.22833333333333333
606046,0.0120285714285715
606057,0.3831373134328358
606063,0.4275
606096,0.2556142857142857
606113,0.2232
606117,0.37473333333333336
606162,0.0
606171,0.012453333333333316
606180,0.21001777777777775
606262,0.4620606060606061
606306,0.50405
606392,0.10245405405405406
606409,0.18940338983050847
606469,0.24242148249828416
606565,0.14479722222222222
606614,0.2819409836065574
606650,0.23577049441786285
606652,0.08726964285714284
606655,0.2063770491803279
606703,0.25520000000000004
606745,0.35904759358288774
606754,0.37785833333333335
606760,0.0
606795,0.24855503162737203
606839,0.22542857142857142
606877,0.0
606905,0.30369999999999997
606913,0.0054714285714285715
606937,-0.054808653846153854
606977,0.019928104575163395
606985,0.15183000000000002
606996,0.0
607088,0.0
607191,0.34151320754716974
607217,0.0
607257,0.21593142857142855
607279,0.004876923076923001
607290,0.17554814814814812
607314,0.1559750620347395
607341,0.11286666666666666
607358,0.09875609756097561
607359,0.41733571428571425
607411,0.13154392712550605
607448,0.09296438356164394
607470,0.3896965517241379
607483,0.3357636363636364
607495,-0.20737999999999998
607551,-0.6841454545454546
607556,0.0
607558,0.0
607585,0.33974925373134324
607605,0.5043242424242425
607634,0.40572
607669,0.19950967741935483
607682,0.32658750000000003
607716,0.25144090909090905
607795,0.0
607855,0.13740000000000002
607892,-0.12068426812585509
607898,0.0
607941,0.28040588235294117
607983,0.0
607988,0.3609358490566037
608031,0.20575555555555558
608047,0.011989999999999945
608058,0.0
608066,0.0
608094,0.13384736842105266
608113,0.30109492337164756
608121,0.24820649350649351
608123,0.47509999999999997
608131,0.36804615384615386
608250,0.012839999999999963
608264,0.0
608277,-0.07194915254237286
608278,0.3579709090909091
608303,0.029300000000000104
608350,0.19852666666666666
608354,0.10274074074074074
608401,0.18147878787878785
608445,0.19748888888888894
608507,0.0
608511,0.012153846153846182
608540,0.2457460317460317
608552,0.013658333333333328
608563,0.2704303405572755
608577,0.41112435897435895
608585,0.05865714285714285
608622,0.1194772417084228
608641,0.4211355555555556
608645,0.427449705882353
608708,0.24579545454545454
608743,0.012371428571428589
608752,-0.12612452830188678
608754,0.0
608763,0.026408
608789,0.0
608816,0.31026382978723405
608832,0.18553333333333336
608855,0.40980033670033666
608862,0.33195384615384615
608873,0.0
608896,0.0
608900,0.0
608909,0.0
608912,0.06986538461538461
608923,0.23843750000000002
608928,0.13193333333333335
608940,0.052951851851851806
609027,0.2897
609062,0.18812
609063,0.0033999999999999864
609075,0.0
609081,0.06524687500000001
609098,0.4422666666666667
609162,0.3514553846153846
609233,0.25312857142857137
609266,0.079264
609289,0.43342
609350,0.0
609383,0.12189333333333333
609436,0.346069387755102
609437,0.15591428571428573
609487,0.11699375000000001
609498,0.29200000000000004
609504,0.0
609532,0.0
609542,-0.008249999999999924
609572,0.20532820512820515
609581,0.0
609620,0.257925
609687,0.26468846153846154
609740,0.2
609768,0.28869247058823533
609788,0.20521016949152543
609847,0.25574152923538235
609880,0.36675965969514357
609881,0.17620000000000002
609884,0.0455970822281167
609885,0.0
609932,0.0714473867595819
609958,0.0
609964,0.015447457627118633
609993,0.19886666666666666
610047,0.013437037037037025
610066,-0.03081410256410258
610085,0.0
610141,0.26454520547945204
610181,0.1335261187214612
610182,0.11686250000000001
610185,0.37535714285714283
610189,0.24685263157894738
610195,0.011279999999999957
610196,0.21059909297052154
610211,0.3205747126436782
610252,-0.037533333333333335
610263,0.2588888888888889
610277,0.2382475961538462
610290,0.444417233201581
610328,0.004569491525423741
610337,0.37915333333333334
610345,0.21629714285714285
610370,-0.09010000000000001
610377,0.16169723562966215
610382,0.22187555555555555
610401,0.5130307692307693
610417,0.11290247252747254
610423,0.0
610438,0.26422926829268295
610482,0.004593333333333338
610539,0.3649230769230769
610551,0.0
610662,0.0
610671,0.4793636363636363
610691,0.0
610711,0.21051891891891894
610714,0.0
610728,0.26988999999999996
610757,0.37161666666666665
610802,-0.587175
610807,0.19688358208955226
610907,0.34856000000000004
610933,0.495168868980963
610947,0.0
610954,0.09398536585365852
610963,0.4404352941176471
611001,0.41028837209302327
611020,0.0
611099,0.0
611110,0.3519369565217392
611111,0.11788057170542632
611121,-0.0004559999999999842
611128,0.3149571428571428
611184,0.0837133333333333
611245,-0.09079402241594026
611261,0.29269090909090906
611265,0.2510621367521368
611385,0.4252102564102564
611422,0.14403720930232555
611439,0.2954
611493,0.35951999999999995
611507,0.44302127766599597
611521,0.0
611539,0.006662500000000016
611618,0.0
611634,0.04033333333333333
611686,0.3942486486486486
611691,0.19610000000000005
611734,0.0
611789,0.0
611831,0.13450434782608695
611836,0.253
611843,0.32283809523809526
611852,0.26839999999999997
611898,0.0
611954,0.17387804878048782
611980,0.33324900181488204
611985,0.0
612008,0.20312000000000002
612013,0.0
612021,0.012225000000000041
612033,0.4512571428571428
612058,0.0
612060,0.0
612062,0.0
612108,0.23988571428571429
612111,0.21676382978723402
612137,0.42017726645190984
612201,0.0
612239,0.29699404466501245
612325,0.1784338461538461
612334,0.42604
612350,0.18704324324324326
612390,0.32525405405405405
612396,-0.8071378787878788
612419,0.0
612541,0.26358181818181814
612556,0.24166153846153848
612562,0.16639999999999996
612586,0.0
612637,0.5187521466905187
612654,0.16426190476190483
612665,0.34083478260869565
612723,0.09639411764705882
612761,0.180852
612776,0.08592727272727274
612894,0.473935593220339
612926,0.314675
612930,-0.35352941176470587
612959,0.0
612977,0.35788421052631575
613049,0.41635721153846156
613099,0.23871666666666663
613143,0.2340923076923077
613164,-0.057634620689655136
613202,0.43879999999999997
613226,-0.007677777777777783
613253,0.23738857142857145
613292,0.23585469107551482
613324,0.0
613414,0.06873333333333334
613513,0.29909285714285716
613514,0.2090736842105262
613539,0.02998620689655168
613543,0.0
613578,0.0
613609,0.26848573099415207
613645,0.15620689655172415
613646,0.4330333333333333
613651,0.15669230769230774
613657,0.27569155993431854
613706,0.39548669314796425
613742,0.2667590390390391
613795,0.07683545454545454
613918,0.04534135338345868
613923,0.4781135135135135
613979,0.3001358490566038
613982,0.0
613987,0.0
614026,0.1818947028423773
614040,0.2116904881101377
614068,0.34691785714285717
614070,0.14036571428571426
614104,0.3512333333333333
614138,0.0
614206,0.10069157509157511
614217,0.06689454545454548
614292,0.01507692307692321
614331,0.315075
614346,0.39126666666666665
614349,-0.01840952380952382
614389,0.2924538461538462
614398,0.0
614403,0.11592946924272707
614481,0.2962714285714286
614519,0.0
614544,0.07487459954233411
614545,0.0
614586,0.4745493421052632
614595,0.3699199999999999
614672,0.12634090909090906
614676,0.1674
614692,0.07545128205128204
614699,0.36863999999999997
614701,0.35243054545454544
614752,0.27443030303030297
614761,0.07352162162162162
614765,0.1317230769230769
614807,0.13654
614809,-0.22591785714285711
614828,0.3296218181818182
614850,0.0
614876,0.42144920930232554
614909,0.3274307692307692
614931,-0.07275121951219513
614986,0.41054761904761905
615000,0.0
615002,0.37382608695652175
615140,0.26395
615151,0.0
615165,0.0
615167,0.0
615182,0.0
615226,0.3081913043478261
615240,0.21710000000000002
615260,0.23881333333333332
615261,0.4118255319148937
615298,0.0
615362,0.3337631578947369
615370,0.24319672131147538
615376,0.0
615406,0.22779999999999997
615488,0.0
615514,0.012923404255319237
615539,0.17919999999999997
615547,0.5282916666666666
615564,0.0
615579,0.012877966101695004
615660,0.0
615676,0.0
615680,0.25051111111111113
615699,0.0
615755,0.2527428571428571
615809,0.41090000000000004
615822,0.11027222222222222
615829,0.34527764705882347
615851,0.06932307692307693
615857,0.06936363636363635
615869,-0.15303076923076925
615872,0.25655
615876,0.11204280701754388
615917,-0.00345454545454546
615955,0.0
615974,0.2633423076923077
615987,0.2561142857142858
616073,0.176257017176372
616091,0.29325652173913047
616104,0.40088181818181823
616206,0.11499459459459459
616227,0.1092333333333333
616247,0.3233516746411483
616268,0.05791851851851851
616288,0.27644814814814817
616364,0.3202867469879518
616395,0.3998321428571428
616409,0.09977632850241552
616411,0.2769405405405405
616448,0.08786153846153844
616461,-0.4647303030303031
616463,0.24894444444444447
616480,0.31579024390243904
616548,0.14786666666666667
616553,0.0
616575,0.3351655172413793
616604,-0.07175652173913044
616660,0.15267567567567566
616670,0.012318181818181895
616691,0.3936471861471862
616787,0.0
616794,0.259552
616846,-0.29217777777777776
616855,0.0
616876,0.22228888888888892
616894,0.26335769230769235
616928,0.2813029411764706
616981,0.14698000000000003
617010,0.4306905660377358
617018,0.0
617023,-0.008743046357615886
617099,0.19468235294117653
617121,0.24560384615384612
617141,0.013140350877193008
617144,0.016825714285714277
617155,0.008571428571428563
617198,0.21755789473684217
617207,-0.006305454545454614
617212,0.463825
617261,0.31453333333333333
617356,0.0
617363,0.35115
617459,0.16971481481481482
617464,0.16754666666666673
617482,0.16881185185185185
617489,0.3187169811320754
617532,0.0
617552,0.0
617643,-0.17847102564102563
617646,0.15184999999999998
617675,0.34098253968253966
617698,0.3090752228163993
617702,-0.379223875
617725,0.1526410155917185
617760,0.007587755102040794
617766,0.3073142857142857
617771,0.0
617839,0.0
617841,0.09143636363636365
617854,0.17412555555555553
617924,0.496825
617953,0.12205581395348836
618011,0.3459
618025,0.52442
618029,0.3930290322580645
618033,0.0
618101,0.0
618103,0.0
618121,-0.003706896551724126
618251,-0.11293953488372094
618253,0.13427346938775508
618271,0.43385555555555555
618282,-0.13126000000000002
618288,0.11204594594594602
618292,0.41789000000000004
618297,-0.06648336192109777
618320,0.33982999999999997
618358,0.0
618360,0.17650000000000005
618390,0.17020848484848483
618442,0.3786228443449048
618454,0.261988679245283
618494,0.0
618514,0.0
618612,0.0
618668,0.0
618755,0.33481111111111106
618763,0.3250631578947369
618781,0.4679444444444445
618805,0.062473076923076964
618855,0.2863863636363636
618879,0.03779666666666667
618901,0.0
618934,0.2591541666666667
619034,-0.2758941176470588
619051,0.19583
619073,0.16495000000000004
619082,0.20603283582089552
619182,0.24804000000000004
619190,0.0
619250,0.27587619047619044
619282,0.21144999999999997
619302,0.0022000000000000075
619307,0.2517333333333333
619325,-0.29657877192982457
619334,0.0
619338,0.284768
619342,0.28656744186046507
619369,0.0
619384,0.0
619418,0.2504608695652174
619421,0.21929090909090915
619428,0.38063199999999997
619429,0.32715294117647065
619459,0.20779594594594591
619589,0.14972857142857143
619616,0.3908909090909091
619657,0.4256
619663,0.0
619686,0.12484936170212767
619693,0.17275555555555555
619767,0.007481818181818145
619798,0.030183531783531795
619829,-0.1382142857142857
619854,0.0
619860,0.5142971548367774
619871,0.19356870967741935
619931,0.11398845938375357
619945,0.24587636363636356
619946,0.3069200250312892
619964,0.0
619971,0.34492500000000004
620010,0.20627796101949025
620016,0.032992222222222214
620019,0.0
620044,0.0
620054,-0.23798378378378382
620063,0.11849629629629632
620097,0.450925
620133,0.13269523809523812
620171,0.4812266666666667
620181,0.002234782608695668
620225,0.0
620329,0.0
620360,0.34584791666666664
620370,0.2133778947368421
620379,0.15590209523809523
620407,0.3824827586206896
620446,0.29007826086956523
620454,0.10939666666666667
620485,0.04570666666666667
620496,-0.14337241379310345
620517,0.10681538461538462
620576,0.1994863636363636
620586,0.0
620642,0.3190032258064516
620672,0.3894
620673,0.0
620682,0.1371064935064935
620741,0.16339428571428571
620745,0.39831111111111106
620752,0.31096
620858,0.12371186440677967
620871,0.44927500000000004
620891,0.35142675
620895,0.45607826086956527
620962,0.004636363636363605
621045,0.26744577572964673
621080,0.25
621113,0.289475
621114,-0.36542886716503736
621116,0.310456
621168,0.0
621171,0.08550999999999997
621175,0.3938033333333334
621176,-0.1715222222222222
621216,0.1032578947368421
621228,0.0
621233,0.0
621247,0.0
621291,0.15754210526315787
621301,0.11175357142857145
621403,0.27891933014354064
621423,0.4043348039215687
621450,0.0
621472,0.4173607142857143
621480,0.2244620689655172
621536,0.0
621540,0.3558488888888889
621568,0.23204090909090908
621596,0.0
621598,0.2386666666666667
621636,0.41514035087719303
621679,0.334878431372549
621695,0.20533359605911333
621811,0.0
621820,0.0
621824,0.18012097902097912
621835,0.007876923076923115
621841,0.1829
621875,0.2505847121432027
621879,0.014922547254725471
621890,0.18863333333333332
621919,0.330704
621924,0.24995
621974,0.011297142857142783
622007,0.3198428571428572
622029,-0.0006458333333333455
622126,0.0
622140,0.11609523809523808
622226,0.025704819277108437
622252,0.3363482352941176
622296,0.19248429629629626
622338,0.24406285714285714
622343,0.21889302325581392
622361,0.0
622379,0.35179999999999995
622382,0.0
622388,0.25292815533980584
622410,0.19802303078768493
622496,0.01144516129032258
622514,0.4094444444444445
622527,0.10473333333333334
622537,0.12390526315789474
622546,0.22565172413793105
622568,0.1910934065934066
622583,0.44496774193548383
622618,0.24076666666666666
622701,0.2210083333333333
622710,0.3278
622768,0.1299294117647059
622789,0.0
622819,0.19679767441860463
622837,-0.22957444444444444
622850,0.1355866666666667
622892,0.16702500000000003
622897,0.22452499999999997
622913,-0.1302938271604938
622993,0.09699740259740258
622997,0.03170808155244412
623002,0.0
623054,0.0
623087,0.4573041666666666
623089,0.2472571428571428
623160,0.1710611111111111
623174,0.31276
623194,0.1816756756756757
623212,0.11606666666666668
623250,0.20389286700414178
623311,0.27915228658536584
623330,0.3986915145005371
623343,0.05584652482269503
623368,0.24265333333333336
623459,0.4491068965517242
623555,0.32277647058823533
623662,0.35300000000000004
623683,0.08077043478260869
623706,0.0
623780,0.3882341463414634
623791,0.3982933333333333
623818,0.0
623907,0.11028947368421055
623942,-0.055379761904761904
623948,0.3211
623968,0.05685555555555555
624020,0.437140350877193
624052,0.012355555555555564
624059,0.318146835443038
624086,0.2892730769230769
624132,0.37814752567693743
624138,0.0
624156,0.3741142857142857
624278,0.42760000000000004
624325,0.43055675675675675
624357,0.27757464114832536
624404,0.22107536231884056
624414,0.0
624428,0.5065708333333333
624491,0.27378117106773825
624511,0.0
624534,0.10334545454545455
624581,0.46611232876712333
624583,0.3144641509433962
624651,0.0
624688,0.3460545454545455
624794,0.0
624804,0.0
624808,0.42122318840579703
624812,0.3618
624831,0.24415000000000003
624868,0.10377882352941177
624953,0.4466057142857143
624962,0.45159428571428567
624982,0.0
624996,-0.48799259259259264
625023,0.4238347826086956
625055,0.38398571428571426
625060,0.30881071428571427
625097,0.0
625102,0.37740588235294115
625118,0.009692857142857059
625147,0.33821904761904764
625196,0.082728
625256,-0.07176981132075472
625262,0.0
625305,0.0
625421,0.0
625445,0.1505709090909091
625446,0.2155842105263158
625518,0.061155405405405414
625523,0.3679454545454546
625565,0.379496
625568,0.0
625570,0.29930322580645163
625598,0.496678947368421
625620,0.014076595744680787
625632,0.008085714285714363
625657,0.32706046511627906
625792,0.014571428571428569
625836,0.27936666666666665
625874,0.0
625875,0.4531759036144579
625888,-0.03821390070921987
625892,0.0
625907,0.07477391304347825
626042,0.23945833333333333
626099,0.0
626143,0.35878765957446807
626145,-0.20013412101682782
626179,0.08359534883720929
626191,0.32935652173913044
626224,0.0
626229,0.013258823529411767
626230,0.03420000000000001
626312,-0.11671071428571433
626313,0.29640666666666665
626404,0.002727272727272717
626428,0.09142777777777777
626435,0.013825806451612799
626464,0.2382218181818182
626474,0.45043779904306214
626598,0.006700000000000039
626611,0.0
626629,0.4431777777777778
626708,0.31042222222222215
626736,0.0
626770,0.0
626789,0.3334285714285714
626823,0.33159
626903,0.16699999999999998
626929,0.009800000000000031
626969,0.0379761904761905
627014,0.1801834745762712
627035,0.2261696969696969
627038,0.17454666666666674
627068,0.15323216931216932
627077,0.14917777777777774
627086,0.3710333333333333
627115,0.3471888888888889
627130,0.01429999999999998
627144,0.24708571428571427
627225,0.07854375750300113
627274,0.1765906976744186
627351,0.23852111613876315
627358,0.4032285714285715
627363,0.3119774193548387
627402,0.0
627436,0.21410588235294115
627438,0.12034736842105265
627452,0.44900000000000007
627461,0.4887628647214854
627469,0.44258461538461535
627497,0.13265
627531,-0.2066318181818182
627533,0.2094823529411765
627542,0.0
627550,0.0
627563,0.21908571428571427
627567,0.2081764705882353
627624,0.0
627626,0.22577499999999995
627628,0.0
627636,0.23767499999999997
627655,0.2878
627678,-0.05624324324324326
627703,0.0
627711,0.377984126984127
627831,0.006341935483870964
627857,0.32072142857142855
627903,0.0
627932,0.01196190476190484
627946,0.0
627957,0.11802000000000001
627959,0.2847217021276596
627973,0.4991647058823529
627980,0.0
627991,0.19761485714285715
628010,0.36902857142857143
628016,0.0
628026,0.346008
628051,0.011900000000000022
628052,0.14365000000000006
628060,0.3486
628074,0.2898461538461538
628089,0.4751375
628094,0.26030116550116555
628130,0.2965203300825206
628190,0.36273333333333335
628210,0.40604000000000007
628216,0.011933333333333351
628349,0.1828888714323121
628415,0.0
628418,0.23959534883720934
628420,0.3000625
628433,0.012759999999999994
628438,0.028061098901098924
628444,0.0
628454,0.008399999999999963
628507,0.012770370370370432
628543,0.0
628559,0.4454482758620689
628574,0.22673999999999997
628586,0.30535000000000007
628608,-0.19854545454545452
628614,0.0
628632,0.17153571428571424
628682,0.10180769230769232
628690,0.36955550239234447
628816,0.42279
628847,0.040151724137931
628849,-0.03205917948717951
628851,0.2285333333333333
628854,0.09806447124304274
628870,0.0
628880,0.40966363636363634
628893,0.4504066666666667
628923,0.39563478260869556
629026,0.2547310559006212
629046,-0.7603389830508475
629057,0.0
629079,0.4091058823529411
629123,0.0
629143,0.15172068965517238
629150,0.18826666666666667
629167,0.0
629242,0.33247894736842104
629258,0.19510166666666667
629262,0.5468466666666666
629267,0.013257142857142856
629287,0.03300953346855984
629303,0.0
629327,0.0
629366,0.0
629372,-0.377534693877551
629384,0.3448938960585979
629394,0.28167259684361545
629469,-0.2492294736842105
629482,0.00914736842105257
629531,0.4533257258064516
629532,0.16339262491646028
629533,0.07982883720930233
629540,0.09658461538461538
629563,0.43028999999999995
629605,0.2743268292682926
629621,0.27618750000000003
629693,-0.13977499999999998
629719,0.0
629745,0.004503571428571426
629771,0.10681999999999997
629772,0.12878888888888884
629783,0.4326606060606061
629824,0.3094875
629849,0.360544125
629894,0.2103913725490196
629939,0.44745
629943,0.0
629955,0.12666666666666665
629995,0.235875
630076,0.28514
630102,0.0
630105,0.21424444444444443
630112,0.048099999999999976
630129,0.3150432432432433
630185,0.3588511627906977
630186,0.0123428571428571
630214,0.16377692307692304
630222,-0.006325000000000025
630225,0.0
630338,0.0
630358,-0.1690242424242424
630365,0.42269999999999996
630387,0.2380888888888889
630425,0.009466666666666623
630462,0.2036
630468,0.009428571428571453
630510,0.4682
630533,0.0
630581,0.2850374358974359
630611,-0.26234350649350646
630616,0.0
630669,0.062088838612368025
630678,0.39486
630728,0.3117428571428571
630751,0.20406875893730714
630797,0.3492928571428571
630806,0.0
630843,0.274448275862069
630867,0.3763388888888889
630959,0.3197666666666667
630964,0.3492576271186441
630976,-0.19671052631578945
631002,0.14409142857142854
631015,0.32189787234042555
631046,0.2506733333333333
631047,0.0
631054,0.0
631064,0.0
631116,-0.004219512195121955
631135,0.005850000000000022
631136,0.4796111111111111
631137,0.0
631153,0.240464
631158,0.0
631166,0.31940682839173407
631167,0.0
631189,0.39586875
631197,0.012822917974940944
631249,0.20675423529411768
631266,0.3424358974358974
631279,0.20412631578947366
631301,0.053532432432432414
631318,0.0
631322,-0.3078592592592593
631348,0.0
631353,0.0
631369,0.31310000000000004
631379,0.08865549738219895
631397,0.0
631398,0.2935384615384615
631421,0.24213089244851257
631422,0.17215294117647056
631445,0.0
631461,0.07941000000000001
631482,0.0
631573,-0.12828
631608,0.2710121212121212
631686,0.39130000000000004
631710,0.1799333333333334
631712,0.013433333333333297
631756,0.34572558139534887
631759,0.4439891067538126
631764,0.0
631793,0.13903838383838385
631826,-0.03690769230769231
631864,0.5036333333333333
631946,0.33536
631957,0.2899926779661016
632006,0.0
632015,0.24644166666666667
632073,0.10213846153846157
632091,0.0
632095,0.1227111111111111
632115,-0.6021666666666667
632119,0.0
632167,0.3418941176470588
632179,0.0
632195,0.38600585106382984
632200,0.08270833333333333
632207,0.4157909090909091
632229,0.10509999999999997
632268,0.12716865203761754
632321,0.44433599999999995
632330,0.23860930232558136
632406,0.12923030303030303
632410,0.49389608695652176
632473,0.30044386527666395
632520,0.001618666666666671
632552,0.384993640699523
632563,0.31189565217391313
632566,0.4190214285714286
632570,0.14364561403508772
632575,0.3279571428571429
632672,0.0
632677,0.1685846153846154
632701,0.0
632717,0.0
632811,-0.04435
632812,0.0
632818,0.37370740740740743
632823,0.0
632896,0.12108888888888888
633016,0.28049913043478264
633039,0.08262631578947366
633043,0.2002666666666667
633071,-0.12090941176470582
633107,0.0
633124,0.15495714285714285
633131,0.15505405405405406
633143,0.297008275862069
633171,0.2880141414141414
633207,0.0
633220,0.0
633243,0.5094578947368421
633247,0.09947692307692309
633277,0.0
633311,0.25626315789473686
633314,0.3807625
633325,0.050136842105263146
633339,0.23937391304347827
633358,0.0835758672699849
633395,0.14304
633398,0.28286875
633407,0.07220444444444443
633412,0.0
633467,0.22076923076923077
633472,0.15526666666666666
633478,0.0
633483,0.15671344537815124
633485,0.44600540540540534
633516,0.4137545454545455
633522,0.028430188679245294
633541,0.36861648484848486
633553,0.250075
633559,0.0
633615,-0.47562
633625,0.3877989943431803
633648,0.27402857142857145
633680,0.42963571428571434
633746,0.0017964285714285738
633770,0.09091666666666665
633777,0.1257942857142857
633787,0.37712999999999997
633806,0.34453333333333336
633895,0.19264571428571428
633935,0.2427190476190476
633948,0.0
633977,0.00176363636363637
633983,-0.06616
633988,0.43651739130434775
633990,0.4197831284153006
634022,0.0
634023,0.27915999999999996
634052,0.012920000000000043
634062,0.01405714285714288
634104,0.3574450127877238
634135,0.517976923076923
634139,0.30922083333333333
634163,0.15539234449760767
634184,0.09740273972602739
634200,0.2778047619047619
634217,0.0
634252,0.0
634254,0.26802000000000004
634256,0.0
634281,0.2755708333333333
634290,0.0
634310,0.14575000000000005
634339,0.0880333333333333
634342,0.0
634425,0.4425196556671449
634474,0.01012156862745095
634572,0.0
634637,0.17093174603174605
634652,0.3338833333333333
634725,0.27628705882352944
634736,0.0
634747,0.35187843137254904
634757,0.27251290322580646
634766,0.3270851851851852
634776,0.4169302139037433
634800,0.34731063829787234
634837,0.3321866666666667
634960,0.40851000000000004
634967,0.0
634990,0.3208493150684931
635042,0.0
635075,0.16324025974025969
635082,0.3396125
635095,0.28149433962264153
635124,0.47288135593220343
635176,0.2650818181818182
635222,0.061608510638297864
635246,0.4298545454545455
635250,0.24056571428571427
635261,0.05999354838709675
635317,0.0
635410,0.3577433962264151
635496,0.01218814814814817
635537,0.01158888888888887
635554,0.0016769230769230759
635564,0.12992767676767675
635658,0.0
635689,0.4222333333333333
635716,0.0
635728,0.17120034873583256
635793,0.41596
635821,0.04586909090909086
635956,0.013364000000000043
635973,0.0
636010,0.4063333333333333
636020,0.30759000000000003
636032,0.4529288888888888
636051,0.008614814814814853
636059,0.0
636072,-0.1551859649122807
636080,0.17866666666666664
636111,0.026033333333333353
636126,0.3799747382640999
636165,0.41336
636178,0.364445
636223,0.0
636263,0.333112
636268,0.33244040404040404
636275,0.3796260869565217
636277,-0.06035977768026912
636292,0.1766133333333334
636316,0.1993411612903226
636318,0.0
636348,0.25242105263157893
636365,0.0
636415,0.31742399999999993
636432,0.09501176470588235
636447,0.11022764227642276
636529,0.0
636535,0.41442308845577214
636539,0.013384000000000063
636584,0.420239846743295
636604,0.23857124227865478
636660,-0.020273684210526333
636712,0.16744891986062718
636723,0.0
636734,-0.6143831029185868
636757,0.35736363636363633
636803,0.0
636808,0.4362962962962963
636846,0.3610222222222222
636850,0.0
636878,0.15687368421052628
636922,0.29869545454545454
636953,0.33972380952380954
636978,0.14242999999999995
636988,0.19145714285714283
637041,0.009976470588235253
637050,0.19613333333333338
637068,0.006369230769230738
637126,0.43133648648648654
637138,0.39077358288770053
637152,0.32418518518518524
637190,0.4760313725490196
637212,0.0
637233,0.28531999999999996
637234,0.0
637254,0.1170279069767442
637261,0.0
637262,-0.040857142857142814
637265,0.1381794871794872
637289,0.07178947368421051
637351,0.28089473684210525
637354,0.5164083333333334
637359,0.43553953488372094
637434,0.1837923076923077
637444,0.0
637453,0.0
637477,0.1428805555555556
637483,0.3832851574212893
637502,0.168072
637564,0.2009
637566,0.5030444444444444
637694,0.0
637765,0.17414084507042252
637776,0.172
637781,0.0
637790,0.32170650118203314
637856,0.22321907894736842
637862,0.43140980392156864
637865,0.0
637930,0.32853333333333334
637940,0.24614285714285716
637943,0.3060541666666666
637951,0.39123076923076916
637952,0.15235384615384615
637976,0.04310232558139526
637990,0.4251636363636364
638000,0.308390990990991
638092,0.5197263157894736
638140,0.3243753968253968
638150,0.281031746031746
638153,0.0
638172,0.3795333333333333
638177,0.39590000000000003
638194,0.30281904761904765
638264,0.24269013157894737
638279,0.5384041666666667
638282,0.38223076923076926
638301,0.15534260869565214
638324,0.4381100732600733
638341,0.0
638370,0.0
638401,0.07152
638426,-0.28006896551724136
638498,0.17242335423197497
638512,0.4076775119617225
638530,0.2604086956521739
638550,0.41869756097560973
638614,0.4447257142857143
638708,-0.02746382978723405
638718,0.1801666666666667
638722,0.44562857142857143
638796,-0.010418518518518494
638818,0.18527500000000002
638852,0.02577036065573768
638877,0.0
638897,0.415408
638933,0.0
638959,0.48566666666666664
638971,0.4842222222222223
639035,0.0
639071,0.31810375
639149,0.0
639164,0.0
639165,0.44642456140350883
639184,0.3011615384615385
639195,0.1382042649727767
639246,-0.04151333333333329
639308,0.2789060606060606
639314,0.0
639322,0.22912571428571427
639363,0.19278269230769235
639387,0.0020566037735849085
639391,0.1849015873015873
639393,0.012501694915254213
639416,0.39591706740244387
639419,0.0
639503,0.013952631578947328
639514,0.0
639524,0.22972619047619047
639541,0.09775
639606,0.0
639624,0.3442
639671,0.1779185185185185
639716,0.24061875
639769,0.0
639779,0.0
639793,0.013815384615384563
639797,0.12792173913043478
639807,0.1719
639815,0.042659999999999976
639824,0.2134064516129032
639890,-0.15249166666666666
639987,0.0
640023,0.29725999999999997
640030,0.3246108108108108
640056,0.15127500000000005
640093,0.0
640097,0.20877391304347825
640103,0.0
640139,0.0
640247,0.35660090497737557
640266,0.11499999999999999
640288,0.39142619047619054
640333,0.08282560071861667
640386,0.01416666666666666
640388,0.0
640417,0.2738
640433,0.0
640472,0.0
640476,0.34818181818181815
640552,0.20474035087719294
640574,0.40127
640660,0.45245238095238094
640661,0.13994161220043566
640664,0.13475620915032682
640682,0.029359999999999997
640716,0.25604000000000005
640722,-0.04139999999999999
640727,0.2601904761904763
640739,0.0
640787,0.12328679245283017
640821,0.28983396226415087
640822,0.13168888888888888
640901,0.41837500000000005
640932,0.3184166666666667
640946,0.12000375000000002
640972,0.25960999999999995
641013,0.49366
641054,0.38516470588235296
641091,0.1728588235294118
641101,0.003374999999999989
641229,0.25379130434782604
641265,0.0
641295,0.0
641304,0.36340000000000006
641322,0.3034464285714286
641327,0.23711666666666664
641391,0.3896010256410256
641403,0.0
641408,0.18369389671361502
641420,0.15533333333333332
641455,0.508621052631579
641468,0.0
641495,0.26016981132075473
641502,0.34232714285714283
641524,0.2600825396825397
641541,0.12130737155621743
641554,0.1868808080808081
641584,0.0
641599,0.0
641633,0.15629126213592232
641634,0.28652244897959184
641705,0.046423809523809534
641708,0.41388571428571425
641761,0.3608878048780487
641767,0.23430416666666667
641784,0.49012631578947374
641878,0.0
641898,0.12104230769230767
641917,0.013745454545454616
641938,0.29790857142857147
641944,0.0
642063,0.23608137254901962
642067,0.0
642070,0.36475085714285715
642093,0.33241860465116285
642146,0.00460434782608693
642159,0.2646857142857143
642172,0.031940909090909075
642190,0.2698
642210,0.05650084848484849
642224,0.23048750000000007
642315,0.42133437500000004
642336,0.4072904761904762
642375,0.0
642410,0.013958620689655143
642441,-0.14799999999999996
642470,0.003741935483870945
642471,0.5104
642495,0.01125909090909083
642564,0.0
642565,0.1412279569892473
642573,0.13590950721752118
642593,0.16031827956989247
642619,0.3956109090909091
642620,0.5024833333333334
642625,0.009712727272727317
642628,0.1259727272727273
642663,0.2509822222222222
642683,0.14574169278996868
642699,0.0
642709,0.0
642716,0.1792888888888889
642717,0.42660689655172407
642722,0.1791841607565012
642725,0.30895909090909085
642748,0.4227619047619048
642805,0.24516666666666664
642812,0.14934329268292684
642844,0.3676406272273699
642873,-0.04764799999999997
642881,0.0
642889,0.3406
642915,0.41029
642930,0.0
642939,0.017338888888888904
642960,0.09748666666666672
642978,0.011780952380952336
642983,0.28874
642997,0.1832017094017094
643035,0.14861607142857142
643139,0.20618903625110518
643141,0.21705418326693227
643212,0.34315238095238093
643254,0.3016133333333333
643259,0.236809756097561
643287,0.3434967741935484
643328,0.04568571428571429
643330,0.12033333333333335
643357,0.3445533333333334
643379,0.4412697674418605
643398,0.3529566666666667
643422,0.38462898550724645
643481,0.12186666666666665
643493,0.1567657894736842
643513,0.013687500000000075
643559,0.2498467236467236
643596,0.4223454545454546
643597,0.27040000000000003
643657,0.0
643665,0.2883788235294118
643690,-0.37666
643703,0.223848
643709,0.0064291154791154825
643718,0.4198952380952381
643744,-0.3090731707317073
643802,0.4527887179487179
643838,0.00507719298245618
643847,0.16396774193548386
643882,0.3180464285714286
643945,0.2916574561403509
643966,0.0
644014,0.3935692307692308
644022,0.22447953964194378
644062,0.23219166666666666
644068,0.20515935828877008
644099,0.0
644119,0.029644444444444362
644132,0.0
644209,0.0
644217,0.23374117647058823
644250,0.04929259259259258
644331,0.4244
644365,0.3209314285714286
644387,0.014040000000000052
644388,0.34099574468085103
644429,0.29157647058823527
644489,0.4321125
644511,0.11823400286944047
644523,0.012369999999999992
644588,0.0
644615,-0.007033333333333336
644627,0.03833500000000001
644676,0.23628837209302328
644698,0.4176912280701754
644740,0.0
644746,0.3638534642662302
644774,0.2718102564102564
644798,0.2432559612518629
644804,0.26843429027113236
644853,-0.11180476190476185
644875,0.334816
644914,0.08845882352941176
644988,0.0
645078,0.3726225806451613
645094,0.3278196428571429
645163,0.2328479166666667
645214,0.29730000000000006
645227,-0.1675253253253253
645249,0.0
645527,0.4177333333333333
645568,0.1110071428571428
645579,0.0
645627,0.41259047619047623
645667,0.4713191489361702
645706,0.2707305263157894
645751,0.12905405405405407
645762,0.0
645784,0.2628918918918919
645807,0.48992363636363634
645842,0.11107878787878794
645910,0.0
645983,0.315235294117647
646041,0.0
646086,0.2968177033492823
646087,0.46596
646098,0.1736590344827586
646115,0.0
646120,0.49034193548387095
646139,0.28257333333333334
646180,0.36090625
646182,0.5105090909090909
646218,0.268616
646265,0.0
646299,0.16544999999999999
646356,0.23578823529411763
646406,-0.007127777777777788
646434,0.42294999999999994
646435,0.1647288888888888
646484,0.10349230769230772
646526,0.48446086956521744
646528,0.27874
646541,0.0
646586,0.3942158567774936
646588,0.05576666666666663
646642,0.012745454545454504
646716,0.0
646733,0.0
646785,0.38523999999999997
646833,0.1088909871244635
646868,0.5117999999999999
646910,0.2943457627118643
646913,0.014249999999999985
646993,0.0
647049,0.0
647061,0.25686
647085,0.4429032258064516
647160,0.2769594202898551
647184,0.3624313725490196
647187,0.28385854700854696
647192,0.2925
647193,0.0
647301,0.19078181818181822
647320,0.24380000000000007
647432,0.3247885714285714
647435,0.0
647460,0.0
647483,0.021366053639846727
647489,0.435346875
647510,0.15656499999999995
647530,0.1881666550401116
647561,0.1514357142857143
647576,0.34490287859824786
647609,0.2329430343758077
647613,0.0024799999999999822
647631,0.48601249999999996
647638,0.29274909090909096
647654,0.13505986842105266
647661,0.23805
647684,0.0
647696,0.06478348623853211
647700,0.4621404255319149
647701,0.0
647752,0.23163333333333336
647775,0.2805393939393939
647783,0.0
647784,-0.16642896825396825
647787,0.24099888888888887
647806,0.46103050847457633
647873,0.3929615384615385
647879,0.14071351351351352
647911,0.3897695187165776
647922,-0.15410322580645164
647962,0.34479967793880845
648020,0.18285795132993776
648063,0.13943333333333335
648110,-0.020855555555555516
648156,0.14677085427135678
648158,0.006584615384615411
648365,0.3784833333333334
648409,0.23786071428571431
648460,0.14671351351351353
648519,0.014035555555555579
648637,0.20296428571428565
648662,0.0
648693,0.41060833333333335
648696,0.34187599999999996
648710,0.1928166666666667
648729,0.4181269841269841
648768,0.0
648789,0.09673277310924366
648824,0.012546153846153874
648910,0.0
648948,0.0
648980,-0.09259524543253356
649003,0.5211392857142857
649043,0.3522302796528447
649053,0.15638050188763047
649115,0.18842033898305088
649144,0.0
649177,0.07715
649208,0.27305333333333337
649247,0.0
649274,0.4166666666666667
649292,0.3969846153846154
649301,0.3267714285714286
649329,0.12807295825771325
649346,-0.17843555555555557
649356,0.3083948402948403
649365,0.26564211108040897
649392,0.35941081081081083
649425,0.0
649429,0.0
649442,0.16904999999999998
649493,0.0
649522,0.11360583717357911
649543,0.18986363636363635
649545,0.25793333333333335
649566,0.208345
649567,0.42397727272727276
649571,0.19257999999999997
649613,0.30154800000000004
649652,0.22345210918114147
649754,0.34043225806451616
649775,-0.005280500000000021
649832,0.01132093023255809
649981,0.37532666666666664
649993,-0.002850000000000019
650051,0.0
650070,0.0
650074,0.272444
650137,0.32542840579710147
650145,0.01308695652173908
650158,0.0
650194,0.37725945945945943
650235,0.16645500000000002
650237,0.28144571428571424
650290,0.014050000000000007
650291,0.09997499999999998
650398,0.4243571428571428
650486,0.37629473684210524
650514,0.012728571428571533
650532,0.16504406779661018
650551,0.47086666666666666
650568,0.276
650588,0.07281800000000002
650594,0.10592307692307701
650595,0.0
650651,0.0966059829059829
650667,-0.05653962264150941
650675,0.0
650688,0.034236111111111134
650699,0.26929285714285717
650725,0.1721754385964912
650832,0.09242
650896,0.1555057971014493
650916,0.055671428571428594
650941,0.09927485380116957
650964,0.02383809523809527
650972,0.0
650975,0.16043404255319155
651050,0.19359444444444446
651056,0.35996333333333336
651067,0.029852142857142883
651087,-0.06858947368421042
651097,0.0
651130,0.0
651136,0.46640000000000004
651149,0.4008355555555556
651157,0.43399
651214,0.17156727272727273
651302,0.4249470588235294
651341,0.0
651342,0.37854
651383,0.35070943396226417
651450,0.06845701514059122
651463,0.4448
651494,0.4588965517241379
651547,0.0
651554,0.18825736704446383
651555,0.12547058823529414
651570,0.2234
651597,0.0
651647,0.3469972972972973
651669,-0.04256756756756758
651714,0.0
651735,0.09470714285714282
651744,0.0
651747,0.009964179104477666
651753,0.1595
651793,0.2646266666666667
651836,0.4309975
651864,0.0
651889,0.12181599999999998
651911,-0.058438888888888874
651912,0.4693131578947368
651973,0.0
651982,0.031099561403508724
651998,0.17321
652012,0.09825500000000004
652041,0.3060888888888889
652042,0.1411385474860335
652050,0.4194192307692307
652083,0.1317111111111111
652089,0.08408000000000002
652102,-0.8042666666666667
652136,0.31498230303030306
652146,0.0
652167,0.3242842105263158
652211,0.2221764705882353
652251,0.0
652276,-0.2877434782608696
652277,0.18103212365591398
652324,-0.05269466666666667
652355,0.3125906264945002
652380,-0.4506764705882353
652391,0.24245454545454542
652415,0.3517483146067416
652425,0.3864938775510204
652433,0.24728888888888884
652536,0.0
652573,0.31453333333333333
652596,0.23893833333333336
652601,0.11026570048309178
652634,0.41836170212765955
652643,0.0
652676,-0.04408269230769235
652763,0.2176637619047619
652778,0.1287294117647059
652810,0.0
652811,0.0
652812,0.0
652844,-0.030156666666666665
652854,0.3044117647058824
652864,0.0
652907,0.4040499999999999
652912,0.2766
652915,0.25631333333333334
652934,0.21319298245614035
653007,0.22352666666666665
653026,0.17854545454545456
653032,0.0
653038,-0.09578181818181819
653065,0.0
653080,0.30132000000000003
653084,0.001308333333333342
653112,0.3575555555555555
653140,-0.04687272727272729
653151,0.012440000000000007
653165,-0.03315000000000001
653194,0.0
653258,0.0
653265,0.07936190476190474
653267,0.3210615384615385
653333,0.0
653361,0.32560000000000006
653372,0.29186666666666666
653399,0.0
653429,0.11317419354838709
653448,0.23890416666666664
653450,0.23604625668449203
653461,0.12326666666666669
653462,-0.0936608628659476
653465,0.0
653481,0.011488888888888882
653494,0.24108000000000002
653540,0.35133658536585366
653542,0.3118470588235294
653616,0.14607142857142857
653621,0.0
653631,0.0027846153846153854
653633,0.27244583333333333
653639,0.2154102564102564
653640,0.29290000000000005
653641,0.10980689655172415
653691,0.2735276018099547
653707,0.0065787234042553044
653786,0.0
653853,0.13263859649122808
653870,0.3012863958431743
653881,0.3470547504025765
653913,0.41533615384615385
653923,0.35236417910447765
653944,0.2884196172248804
653977,0.4621111111111111
653996,0.47244615384615385
654017,0.10651875
654066,0.36796050420168064
654120,0.14349799999999996
654147,0.4493222997673646
654212,0.0
654232,0.2996166666666667
654243,0.1901113725490196
654247,0.0
654251,0.054577576711250964
654268,0.19805416666666664
654282,0.32777083333333334
654292,0.18041414141414142
654296,0.0
654321,-0.13772
654329,0.2548851368970013
654353,-0.11719069767441864
654362,0.2542444444444444
654376,0.04226545454545452
654404,0.0
654409,0.33869777777777776
654420,0.31094666666666665
654462,0.21834246575342467
654534,0.2983333333333333
654560,0.0376219094247246
654578,0.3219685714285715
654586,0.0
654615,0.0
654619,0.0
654623,0.45869166666666666
654638,0.4576782608695652
654669,0.013839999999999963
654693,0.1378803738317757
654740,0.2919857142857143
654787,0.21537272727272727
654848,0.0
654861,0.2209532879818594
654863,0.32123888888888896
654865,0.09055757575757573
654888,-0.181957639271925
654933,0.4142751407129456
654953,0.3203684210526316
654985,0.0
655032,0.08834078694318831
655158,0.06414999999999998
655185,0.3698526315789474
655201,0.06663214285714286
655219,0.3164
655298,0.0
655307,0.10009333333333334
655476,0.0076666666666667105
655505,0.39235909090909094
655540,0.23623333333333335
655593,0.0
655603,0.0962842105263158
655664,0.11958923444976077
655699,-0.2606333333333334
655724,0.41888
655736,0.2661066666666667
655750,0.21969999999999995
655791,0.012117647058823566
655831,0.261
655897,0.012025806451612886
655916,0.3241662121212121
655923,0.2137541666666667
655939,0.4542307692307692
655969,0.31793333333333335
655975,0.18288979591836735
655988,-0.41165555555555555
656002,0.0
656007,0.00814054054054053
656011,0.2268745098039216
656055,0.3125186991869919
656099,0.048874117647058825
656141,0.0
656260,0.21514761904761903
656381,0.4003573770491803
656390,0.013446153846153885
656436,0.21307407407407405
656461,0.19961052631578946
656471,0.28331111111111107
656490,0.42541333333333337
656504,0.29357777777777777
656520,-0.1330054277591109
656548,0.0
656633,0.22046829268292684
656635,0.0
656642,-0.44739999999999996
656707,0.00385945945945948
656754,0.13522857142857142
656822,0.25248421052631576
656834,0.3009863799283154
656853,0.3344133333333333
656899,0.3299612903225806
656914,0.18710619275461382
656919,0.47828205128205126
656923,-0.09579047619047626
657029,0.0
657045,0.3061230158730159
657075,0.27008871794871797
657151,0.02555114300903774
657208,0.1464814814814815
657213,0.0
657262,0.052245833333333325
657287,0.142190243902439
657315,0.3360461538461539
657388,0.006794871794871815
657404,0.0
657407,0.1263297805642633
657476,0.41759999999999997
657491,0.0
657526,0.26366249999999997
657527,0.0
657574,0.1698181818181818
657587,0.29228
657592,0.22503111111111113
657682,0.28322105263157893
657695,0.0
657821,0.0018133333333333335
657861,-0.09881666666666672
657872,-0.38897916666666665
657876,0.2862382978723404
657910,0.0
657917,0.36003999999999997
657938,0.0
657939,0.0
657964,0.0
657988,0.3484
657990,0.0
658010,0.0
658012,0.29754285714285716
658027,0.0
658036,0.0
658063,0.238944
658099,0.4040816666666667
658104,0.0
658143,0.44385714285714284
658148,-0.08816382280557833
658184,0.0
658220,0.18936774774774778
658239,0.32902941176470585
658250,0.21121199999999998
658277,0.40417222222222227
658360,0.30074117647058823
658364,0.2013822222222222
658393,0.38039999999999996
658397,0.0
658435,0.0
658493,0.2683898580121704
658548,0.39197272727272725
658631,0.3293428571428571
658657,0.46603428571428573
658659,0.04854098360655737
658710,0.2257714285714286
658784,0.32739999999999997
658805,0.18743749999999998
658900,0.29304803921568634
658920,0.0
658964,0.0
658994,0.2968363636363637
659009,0.014546666666666597
659031,0.38870000000000005
659036,0.26316806722689073
659072,0.42772
659126,0.1536
659217,0.3742434782608695
659227,0.3853745454545455
659288,0.14990635846651634
659343,0.26194545454545454
659360,0.1538526315789474
659393,0.45136493506493514
659394,0.2397219047619047
659423,-0.09982666666666665
659463,0.35830416666666665
659505,0.0
659576,0.0
659577,0.38776435643564355
659584,0.3853037037037037
659589,0.20365656565656576
659599,0.29676410256410257
659649,0.1373464285714286
659676,0.0
659689,0.18164146341463414
659745,0.0
659754,0.16230528005135614
659762,0.3521466666666667
659786,-0.1096269230769231
659806,0.0
659854,0.3271200000000001
659884,0.25678260869565217
659915,0.0
659927,0.17779333333333336
659950,0.0
660037,0.0
660042,0.27149999999999996
660072,0.16948235294117645
660080,0.5084926739926741
660082,0.1381666666666667
660122,0.4791481911074289
660125,0.2656761904761905
660138,0.43854444444444446
660146,0.07394999999999996
660164,0.0
660341,0.0
660349,0.40127500000000005
660365,0.04956378378378379
660379,0.35026785714285713
660397,0.20492307692307687
660401,0.3748297619047619
660483,0.15457323232323233
660497,-0.040376761904761915
660502,0.36896956521739127
660522,0.22383432446531037
660611,0.20284444444444438
660615,0.0
660623,0.0
660654,0.0998135593220339
660684,0.0
660712,0.0023090909090908995
660717,0.4064297619047619
660821,0.0
660834,0.0
660905,0.23710882352941182
660916,0.09554752958352543
660934,0.16992285714285715
660957,0.0
661001,0.16933884297520663
661016,0.13839344262295084
661022,0.011764828614008932
661082,0.37846274509803923
661190,0.0
661205,0.15832666666666667
661223,0.3451559183673469
661229,0.0
661236,0.3125333333333334
661264,0.06938866396761134
661311,0.0
661362,0.3590083333333334
661392,0.40690750000000003
661428,0.41850000000000004
661460,0.1410682926829268
661522,0.06742916666666665
661525,0.3762380952380952
661549,0.3975446153846154
661556,0.3101339366515837
661709,0.0
661752,0.0
661771,0.37206666666666666
661832,0.3797333333333333
661886,0.3535
661907,0.31780005767844266
661972,0.2910305084745763
661994,0.41832307692307696
662010,0.3260352941176471
662023,0.3605857142857143
662061,0.1846
662065,0.322915625
662080,0.0
662093,0.2822637762237762
662105,0.06149786535303778
662124,0.33008
662126,0.11841680672268906
662132,0.4334
662137,0.2810082851050868
662149,0.26513333333333333
662161,0.0
662217,0.2856516953316954
662253,0.2994
662258,0.0
662366,0.34777073170731704
662455,0.1855627906976744
662480,0.27396326530612247
662483,0.38507489177489174
662491,0.3291232323232323
662504,-0.08020000000000005
662508,0.3864420289855073
662509,0.25476666666666664
662554,0.2738
662572,0.34797115303983234
662654,0.24626361788617884
662664,0.4784412550481516
662670,-0.07306206896551726
662682,0.0
662758,0.16056532019704434
662773,-0.10925000000000001
662799,0.25468888888888885
662839,0.1729629842180775
662911,0.421975
662917,0.4644380952380952
662957,0.34485
662970,0.0
662979,0.37064827586206894
663022,0.3145342857142857
663033,0.43623500000000004
663061,0.45633333333333337
663082,0.16862352941176467
663134,0.24913749999999998
663144,0.46295
663145,0.013158620689655232
663154,0.29327500000000006
663191,0.013858064516129032
663349,0.13303271755725193
663445,0.0
663469,0.3786893617021277
663521,0.037382608695652186
663599,0.2838363636363636
663618,0.2194
663677,0.1803076923076923
663684,0.11744604519774011
663709,0.2651466666666667
663727,0.24141988304093565
663780,0.0
663822,0.325875
663842,-0.01865944633317143
663879,0.01128181818181817
663925,0.48383255813953485
663939,0.1809822222222222
663999,0.0
664048,0.0
664050,0.2843214285714286
664123,0.0965864406779661
664143,0.20022857142857142
664189,0.21932093023255816
664241,0.0
664269,0.288725
664339,0.3437142424242424
664365,0.09073076923076923
664403,0.012407843137254959
664412,0.1650222222222222
664425,0.3882555555555556
664441,0.2786918918918919
664496,0.20075243243243246
664498,0.035570212765957454
664511,0.44327833333333333
664584,0.0
664586,0.008263157894736861
664637,0.3513888157894737
664638,-0.04904999999999998
664666,0.23335
664706,0.13448750000000004
664713,0.30683921568627454
664783,0.15868
664784,0.48179199999999994
664804,0.33958761904761914
664816,0.44634827586206904
664849,0.5135387559808613
664859,0.39597241379310344
664879,0.0
664882,0.2114169871794872
664930,0.0
664933,0.01387555555555553
664952,0.0
664965,0.0
664987,0.0
664992,0.19424545454545455
665018,0.17353684210526316
665047,0.32248111888111886
665048,0.41910000000000003
665077,0.0
665162,0.348
665195,0.12567488173531788
665247,0.0
665336,0.37004531812725083
665355,0.0909093706293706
665364,0.12712558139534885
665467,0.0
665519,0.47340000000000004
665526,0.15436842105263157
665549,0.0
665570,0.45366666666666666
665597,0.29455510204081636
665648,0.3234
665665,0.20056901408450706
665678,0.0
665690,0.0
665726,0.3109959183673469
665729,0.3063908163265306
665734,-0.13868421052631583
665744,0.2562728205128206
665788,0.43875142857142857
665816,0.1846152380952381
665922,0.152475
665940,0.0
665958,0.25661067935500925
665992,0.013047999999999949
666006,0.13952857142857145
666042,0.1943246753246753
666055,0.08170612244897957
666094,0.33470769230769226
666121,0.41279999999999994
666143,0.04453058470764615
666219,0.0
666256,0.37304375
666325,0.30643333333333334
666343,0.34910555555555556
666345,0.0
666393,0.5323181286549707
666417,0.37574166666666675
666421,0.017973076923076925
666449,0.07984954954954959
666483,0.15871247139588102
666491,0.41463045751633987
666502,0.4373866666666667
666507,0.21275
666527,0.17000647773279354
666557,0.12069090909090908
666576,0.14445649986132575
666644,0.44872941176470593
666652,0.2222153846153846
666661,0.2760657342657343
666683,0.0
666710,0.0
666727,0.4273017135862913
666746,0.0
666759,0.3904893617021276
666775,0.0
666778,0.3944412765957447
666790,0.37861389297987236
666839,0.0
666860,0.0
666926,0.28205499999999994
666996,0.35746129032258067
667018,0.16062857142857145
667036,0.26731044776119406
667068,0.12475709310424887
667084,0.5296421052631579
667106,0.13947014492753626
667121,0.16220156626506022
667144,0.3040666666666667
667185,0.40020689655172415
667190,0.0
667228,0.17113999999999996
667229,-0.0498028213166144
667301,-0.058884615384615424
667376,0.3029420289855072
667408,0.0
667444,0.2512091452991453
667488,0.0
667554,0.4587887213114754
667594,0.0
667607,0.25010000000000004
667611,0.4356626262626262
667625,0.34095932203389834
667713,0.17467467001885606
667730,0.41530196078431375
667733,0.0
667735,0.38714666666666664
667790,0.3712794871794871
667792,0.42518167892156866
667809,0.2770533333333334
667858,0.0
667897,0.33949818181818187
667956,0.4486181818181818
667978,0.354325925925926
668001,0.4735285714285714
668018,0.10083076923076922
668019,0.0
668021,0.09594310344827586
668047,0.28655135135135135
668094,0.27775757575757576
668102,0.16315090909090907
668103,-0.051482181818181816
668110,0.3579727674624227
668151,0.4133771428571428
668172,-0.019600000000000006
668193,0.37538974358974353
668300,0.101087984496124
668348,0.2137272727272727
668365,0.14713948717948733
668372,0.0
668388,0.0
668392,0.2505739130434783
668407,-0.10592443778110938
668447,0.0
668549,0.26760000000000006
668564,0.23851923076923076
668580,0.1496315789473684
668641,0.0
668644,0.22660000000000002
668645,0.13965263157894736
668690,0.0
668709,0.097258352402746
668754,0.41503478260869564
668764,0.0
668789,0.2943097897897897
668815,0.0754468085106383
668840,0.20390588235294121
668918,0.0
668960,0.1963894736842105
668978,0.053495652173913055
668985,0.118537556561086
668998,0.44485384615384616
669034,0.3591417249417249
669101,0.25653939393939396
669128,0.3813142857142857
669162,0.0
669170,0.4342242424242424
669175,0.40374117647058816
669182,0.2003428571428571
669191,0.3260255319148936
669238,-0.16737088235294117
669311,0.4364166666666667
669343,0.0
669355,0.0
669391,0.25424444444444444
669490,0.42359642857142854
669518,0.2525913043478261
669556,0.12757870370370367
669563,0.0
669589,0.43560512820512814
669597,0.05970909090909088
669605,0.3999999999999999
669659,0.0
669662,0.18434285714285714
669670,0.35720588235294115
669741,0.0
669776,-0.026100000000000012
669792,0.11681000000000002
669883,0.1648181818181818
669887,0.24747963800904982
669931,0.12378307692307688
669933,0.31523055555555557
669974,0.37956000000000006
669987,-0.18164054054054057
670004,0.40927719298245613
670034,0.28275937500000003
670046,0.39023448275862066
670055,0.42683956296722253
670068,0.34321509433962266
670070,0.1798
670089,0.0
670091,0.19644666666666666
670109,0.0
670130,0.406064
670140,0.1092035714285714
670145,0.25993043478260874
670173,0.19116000000000002
670216,0.35183333333333333
670249,0.395845
670275,0.20986857142857143
670314,0.013266666666666649
670318,0.28417407407407413
670389,0.0
670561,0.19647151424287856
670563,0.0009352941176470342
670610,0.4909013935340022
670672,0.0
670675,0.0
670698,0.0
670742,0.42934181818181816
670755,0.07826102459016394
670776,0.3830285714285715
670808,0.0
670819,0.11248666666666665
670827,0.0
670844,0.5158200000000001
670848,0.26121111111111106
670863,0.323025
670874,0.1818894736842105
670977,0.25819999999999993
670982,0.00804444444444441
670986,0.4004
670995,0.3089818181818182
671001,0.4580404761904762
671029,0.0
671061,0.4541333333333334
671069,0.502638888888889
671079,0.24655319148936172
671143,0.0
671206,0.14693658536585363
671259,0.2085771428571429
671262,0.3221794871794872
671310,0.20505714285714288
671326,0.0
671327,0.0
671343,-0.13568092948717947
671349,-0.04934117647058825
671381,0.5312816326530612
671431,0.004615384615384632
671435,0.38967671232876716
671454,0.26823428571428576
671494,0.06487603485838778
671509,0.33030307692307687
671512,0.0
671556,-0.06480754716981135
671566,0.1502774193548387
671574,0.07067407407407406
671583,0.004269387755101994
671601,0.32034444444444443
671618,0.010077551020408082
671635,-0.15339310344827584
671729,0.15555594705486914
671810,0.2911777777777778
671827,0.1318666666666667
671830,0.22202716049382715
671839,0.08354666666666666
671850,0.0
671858,0.0
671871,0.06243165266106443
671884,-0.18156521739130432
671951,0.0177621212121212
671985,0.27835757575757575
672059,0.17762325581395347
672095,0.02538041958041959
672163,0.15346315789473683
672201,-0.40009425
672206,0.06242962962962967
672269,0.3208944444444444
672281,0.0
672301,0.19088622448979592
672325,0.00244999999999998
672391,0.28794090909090914
672397,0.051092307692307715
672418,0.16448666666666667
672438,0.3889666666666667
672463,0.3171121951219512
672483,0.3424909090909091
672508,0.12762978978978978
672519,-0.1405310344827586
672520,0.0
672547,0.27638974358974355
672552,0.2940709677419354
672558,-0.46622698412698416
672575,0.01205333333333336
672584,0.13433584905660376
672597,0.24170736842105256
672615,0.0711476753349094
672630,0.4288172413793104
672647,0.34869729729729726
672659,0.0
672733,0.1418603773584906
672738,0.1883847978436658
672817,0.47714675324675326
672824,0.4155418181818182
672830,0.1256833333333333
672836,-0.6558666666666666
672841,0.45601891891891894
672869,0.3103595238095238
672889,0.12887407407407409
672923,0.4078941176470588
672952,0.33959999999999996
672989,0.2846654545454545
673035,0.43927777777777777
673061,0.0
673066,0.19309807692307693
673123,0.4167381309345327
673161,0.0
673247,0.3489333333333333
673254,0.4749428571428571
673264,0.0544994540942928
673286,0.1089169590643275
673292,-0.02678181818181824
673349,0.01405714285714288
673361,-0.0029549350649351047
673362,0.0123428571428571
673390,0.27471111111111113
673449,0.2046433333333333
673534,-0.15281999999999996
673566,0.2804756756756757
673574,0.0
673631,0.0
673656,0.0
673709,0.46538639455782305
673735,0.4484974789915967
673759,0.11559275074478648
673792,0.28594838709677417
673800,0.11241842105263161
673806,0.0
673840,0.24833333333333335
673885,0.006987999999999994
673887,0.0
673913,0.16799999999999998
674065,0.0
674078,0.1528
674100,0.3534415384615385
674176,0.2366136363636363
674203,0.22084285714285717
674217,0.3715969868173258
674357,0.0
674396,0.20241599999999998
674410,0.385966265060241
674412,0.0
674422,0.32784242424242427
674504,0.0
674519,0.007533333333333281
674555,0.23556296296296295
674611,0.3546888888888889
674647,0.13823529411764707
674657,0.07786666666666664
674692,0.21294999999999997
674791,0.4923028571428571
674798,0.04439000000000004
674807,0.19066666666666668
674825,0.0
674865,0.12854444444444446
674879,0.27748780487804875
674924,0.22321022727272732
674955,0.2450636494252873
675005,0.5193416666666667
675067,0.0
675074,0.4046666666666666
675088,0.24101122994652402
675164,0.0
675165,0.18584000000000006
675184,0.2872
675199,0.4407463636363636
675292,0.4505555555555555
675348,0.2917
675500,0.003504000000000007
675518,0.011599999999999944
675529,0.34010000000000007
675550,0.35838461538461536
675588,0.3581166666666667
675591,0.04133485838779957
675615,0.10142711864406781
675622,0.4247987593052109
675636,0.3783806451612903
675656,0.11690341614906835
675715,0.004891428571428602
675782,0.0
675837,0.2548930931923331
675848,0.13092093023255813
675969,0.3294
676101,0.38056414376321357
676161,0.2685181818181818
676186,0.33956
676224,0.0
676236,0.3790769230769231
676243,0.34570370370370374
676303,0.307384
676321,0.28600526315789476
676346,0.31328771929824556
676347,-0.04157142857142859
676352,0.024269090909090907
676427,0.1395351351351351
676430,0.40035
676431,0.22817999999999994
676433,0.09540089596814333
676459,0.0
676468,0.0
676541,-0.002114035087719235
676548,0.10442538190364276
676554,0.23378666666666664
676580,0.385501568627451
676626,0.0
676664,0.32843703703703697
676718,0.21851707317073166
676787,0.016673333333333262
676825,0.37285333333333337
676846,0.25165263157894735
676854,0.0
676888,0.25528888888888884
676890,0.20267142857142856
676915,0.22848468864468863
676923,0.0
676930,0.2636
676941,0.0
676966,0.0
676990,0.09378260869565216
677021,0.010058823529411787
677086,0.20474152046783628
677124,0.24468571428571426
677129,0.00496000000000002
677131,0.4589641025641025
677136,0.0
677149,0.0
677155,0.41449263157894733
677159,0.34136923076923076
677167,0.012371428571428589
677231,0.3168928571428571
677264,0.3066571428571429
677280,0.18226530612244898
677325,0.42695263157894736
677326,-0.28204827586206893
677334,0.1626333333333333
677400,0.09123999999999999
677413,0.3039
677421,0.266445911840968
677439,0.15671156462585034
677445,0.1381846153846154
677492,0.26578
677512,0.28188695652173906
677523,0.16335661375661376
677533,0.026832000000000022
677535,0.22140500000000002
677561,0.1810084795321637
677594,0.109325
677634,0.06587179487179487
677674,0.0
677675,0.11437551020408165
677683,0.0
677694,0.1748547619047619
677711,0.01218928571428568
677731,0.0
677748,0.0936570048309179
677782,0.4003981803143094
677784,0.18372957746478868
677785,0.0
677890,0.34371999999999997
677899,0.0
677928,0.37838171262699566
677929,-0.032299999999999995
677960,0.0
678011,0.0
678083,0.4346836363636363
678084,0.21600816326530614
678085,0.01222033898305086
678142,0.41541470588235296
678213,0.35538222222222227
678220,0.30745925925925927
678227,0.3130207459207459
678235,0.0
678250,0.3520363636363636
678282,0.4486133333333334
678284,0.46665
678315,0.49702352941176475
678348,0.33169967105263154
678363,0.25348333333333334
678387,0.4131
678388,0.3095696428571429
678416,-0.014950000000000019
678434,0.0
678436,0.4451367579908676
678443,0.0
678458,0.0
678466,0.16473333333333334
678505,0.4675969230769231
678519,0.0
678565,0.493272
678567,0.2875956043956044
678617,0.009042857142857241
678696,0.00673725490196081
678714,-0.2756238095238095
678734,0.3737433333333333
678740,0.5114666666666667
678787,0.2440510638297872
678867,0.16856885964912283
678878,0.34302999999999995
678900,0.19392921097770155
678934,0.4245221719457014
678938,0.013071794871794884
678946,0.2806510638297873
678966,0.35655666666666663
678984,0.19090434782608698
678988,0.08002409638554217
678995,0.021712499999999968
678998,-0.5585
679023,0.14519174714661975
679024,0.2719931034482759
679189,0.35969142857142855
679200,0.247352380952381
679204,0.12989523809523806
679211,-0.20941176470588235
679247,0.22970909090909092
679248,0.0
679314,-0.29335726190476186
679415,0.36097242424242426
679431,0.21267272727272726
679477,0.2956894736842105
679507,0.09260125000000001
679542,0.30101818181818185
679570,0.0
679574,0.2068296296296296
679575,0.0
679624,0.0
679627,0.29387627118644066
679638,0.0
679702,0.24742424242424244
679717,0.29405454545454546
679721,0.25708566666666666
679801,0.23776923076923076
679834,0.2996863636363636
679836,0.2500555555555556
679841,0.0
679857,0.0
679862,0.38385925925925923
679896,0.012800000000000034
679914,0.12043253295668555
679932,0.3617030303030303
679935,0.34511836734693885
679944,0.0
679946,0.0
680073,0.26935714285714285
680083,0.4739045454545455
680090,-0.3520888888888889
680124,0.352748275862069
680130,0.0
680151,0.0
680282,-0.19411861471861472
680375,0.2653333333333333
680429,0.2214
680468,0.1256
680478,0.167875
680480,0.0
680488,0.42264675324675327
680671,0.0
680690,0.3569842261904762
680711,0.2943378378378378
680713,0.09000000000000002
680717,0.1477684210526316
680800,0.2890786057692308
680905,0.28232
681007,0.20378048780487812
681019,0.0
681046,0.26295
681075,0.33194999999999997
681079,0.244495
681085,0.1562909090909091
681098,0.48119354838709677
681141,0.3348588235294118
681148,0.27584
681163,0.0
681242,0.0
681327,0.0
681338,-0.1805
681375,0.0
681401,0.2105
681412,0.0
681468,0.0
681487,0.0
681497,0.27772492997198883
681516,0.0
681543,0.31658
681607,0.223375
681612,0.1514032085561497
681617,0.12450535714285714
681666,0.33780689655172413
681671,0.461935294117647
681761,0.0
681771,0.2558153846153846
681776,0.2150375
681819,0.020471450188267598
681861,0.24128679245283022
681872,0.0
681888,0.16692389743589744
681890,0.42602962962962965
681921,0.0
681940,0.18656
681951,-0.16095999999999994
682042,0.16891428571428568
682059,0.16683441558441556
682078,-0.12260024086712162
682107,0.33994
682154,0.0
682157,0.2912
682158,0.543036923076923
682164,0.31298333333333334
682170,0.0
682262,0.0
682273,0.0
682284,0.2909782882882883
682292,0.061836714975845364
682293,0.1019230769230769
682307,0.1458894736842105
682358,0.0
682369,0.0
682413,0.22376500000000002
682438,0.0988285714285714
682441,0.3587875
682453,-0.2193346153846154
682490,0.0
682499,0.33367
682504,0.2803
682562,0.21273959731543624
682567,0.0
682577,0.4475482352941177
682584,0.26296363636363634
682650,0.25297142857142857
682654,0.0
682712,0.0
682728,0.48444
682730,0.39104210526315797
682746,0.15872682926829262
682788,0.19846060606060606
682797,0.52037
682834,0.16096499999999997
682839,0.14897
682840,0.0
682859,0.22907317073170735
682887,0.00448813559322031
682889,0.0
682920,-0.16294705882352944
682945,0.10081999999999999
682965,0.0
682994,0.010385915492957754
683091,0.25328235294117646
683101,-0.23144390243902435
683156,0.40895476190476193
683183,-0.3646142857142857
683238,0.2426357142857143
683284,0.34513333333333335
683313,0.33618113207547173
683339,0.273984
683343,0.11994285714285718
683408,0.35973571428571427
683444,0.3261028571428572
683524,0.0
683576,0.11400410256410254
683596,0.275430985915493
683671,-0.24763523809523813
683681,0.34192222222222224
683694,0.0046750000000000125
683736,0.3697454545454545
683763,0.47948749999999996
683805,0.06529333333333326
683823,0.2974257142857143
683853,0.3875833333333333
683879,0.3033833333333334
683900,0.0
684005,0.4125809523809524
684020,0.12607857142857146
684046,0.045019378871588814
684066,0.2661333333333334
684107,0.2586311111111111
684147,0.002946341463414631
684189,0.10079555555555553
684207,0.16482000000000008
684214,0.014032432432432462
684218,0.5063571428571428
684241,0.3841833333333333
684309,0.06954626865671641
684338,0.1616850526315789
684349,0.2616428571428572
684416,0.013584615384615417
684446,0.39889714285714284
684459,0.2936472727272727
684474,0.0
684510,0.0
684524,0.0
684590,0.0
684614,0.013490000000000002
684633,0.19063333333333332
684659,0.23343999999999998
684725,0.20032605459057073
684730,0.0
684762,0.2306866666666666
684809,0.23189310344827585
684812,0.34175172413793103
684830,0.24678909090909087
684833,0.10892121212121211
684851,0.013939999999999952
684873,0.3134416666666667
684899,0.0
684913,0.0
684944,0.0
684958,0.0021818181818181737
685039,0.0
685050,0.0
685080,0.013877777777777767
685111,0.15584862745098038
685256,0.07567000000000002
685308,0.25542
685375,0.0
685400,0.13663999999999998
685410,0.003461904761904777
685489,0.0
685507,0.0
685520,0.0
685536,0.33879999999999993
685539,0.32160113636363635
685570,0.18311428571428578
685590,0.22224365079365083
685683,0.0
685742,0.0
685763,0.32300769230769233
685888,0.06542985074626867
685895,-0.3698
685918,0.4345388888888888
685982,0.11890344827586208
685999,0.3752785714285714
686039,0.057670588235294085
686045,0.3065571428571429
686046,0.01213333333333333
686047,-0.16909024918743226
686148,0.4145017543859649
686178,0.011223809523809525
686198,0.47120930232558134
686217,0.3202307692307692
686229,0.25626363636363636
686289,0.014875396825396847
686302,0.0022769230769230653
686368,0.35983561643835615
686383,0.25866384976525825
686394,0.16601176470588236
686414,0.1184533333333333
686471,0.25536469298245607
686473,0.0
686488,0.0
686493,0.3015043478260869
686559,0.0
686568,0.02119459459459455
686571,0.0
686605,0.02643943661971837
686610,0.1424619047619048
686684,0.3380512820512821
686693,0.38102299465240647
686718,0.003457142857142853
686736,0.2435288888888889
686777,0.0
686789,0.3508631578947368
686795,0.013849999999999918
686841,0.09324238410596025
686844,0.22203999999999996
686869,0.3627626666666667
686874,0.33150270270270277
686912,0.013727777777777783
687038,0.09086634615384614
687052,0.38369113924050635
687057,0.4814648648648649
687126,0.0
687144,0.03949999999999998
687153,0.012747619047619008
687186,0.4868297872340426
687196,0.45099999999999996
687292,0.31434594594594595
687303,0.0
687339,0.25176
687372,0.34720952380952386
687407,0.15137499999999998
687410,0.32921952861952863
687430,-0.01201333333333332
687459,0.012215384615384628
687462,-0.030174999999999952
687475,0.26154736842105264
687497,0.2837
687498,0.12702458100558658
687511,0.16060000000000002
687519,0.0
687521,0.3624823529411765
687584,0.0
687674,0.2197172413793103
687691,0.013700000000000045
687765,0.20273165266106447
687770,0.48537607655502396
687793,0.27505526315789475
687798,0.0
687815,0.3669507246376812
687832,0.0
687836,0.0
687838,0.013340909090909125
687839,0.26680000000000004
687853,0.0
687857,0.4640972972972973
687871,-0.051634146341463405
687947,0.0
687955,0.3863347826086956
687979,0.4063
687982,0.19874545454545456
688039,0.030441860465116266
688059,0.2508326132613261
688061,0.22990000000000002
688072,0.0
688077,0.04720280673616681
688084,0.0
688108,0.42689999999999995
688163,0.27018666666666663
688227,0.054279999999999995
688250,0.25146666666666667
688255,0.0
688257,0.3767434782608695
688294,0.2911130434782609
688307,0.0
688327,0.30666
688333,0.06719604743083002
688365,0.0
688378,0.0
688423,0.0
688446,0.4551333333333334
688457,0.2732594930226604
688458,0.18219999999999997
688487,0.19358558558558558
688623,0.0
688626,0.3918153846153846
688640,0.0
688677,0.2923416666666666
688682,0.0
688703,0.1561298148148148
688712,0.11378571428571427
688771,0.20708695652173914
688779,0.16469130434782608
688838,0.41535
688839,-0.227224358974359
688849,0.30163881932021464
688882,0.0
688962,0.0
688974,-0.21130204081632653
689104,0.001574999999999993
689117,0.27745925925925924
689123,0.14042460317460315
689127,0.25565000000000004
689151,0.42441666666666666
689169,0.20624444444444445
689172,0.0
689199,0.08269743589743583
689293,0.26439999999999997
689300,0.19208
689311,0.13765882352941178
689377,0.15706552795031048
689389,0.23220000000000002
689402,0.31207692307692314
689408,0.0
689440,0.1926361842105263
689480,0.34405882352941175
689569,-0.38087407407407414
689588,0.1872285714285714
689591,0.0
689607,0.3661894736842105
689627,0.2681695652173913
689661,0.012178947368421067
689681,0.41641249999999996
689704,0.14812592592592594
689770,0.08490399999999998
689795,0.0019309523809523665
689796,0.2921423076923077
689842,0.0
689910,0.12586050420168066
689939,0.0748
689986,0.22976000000000002
690006,0.12066560846560842
690017,0.3842057142857143
690037,0.2518945662100457
690045,0.17576666666666668
690076,0.0
690093,0.23538571428571425
690110,0.0
690112,0.009111111111111098
690131,-0.3890875
690172,0.0
690237,0.06662173913043473
690336,0.0
690411,0.0
690469,0.1828
690478,0.2156055555555556
690542,0.2535986013986014
690550,0.22805
690558,0.4509950757575757
690568,0.011975999999999987
690590,0.5092909090909091
690591,0.29981111111111114
690597,0.0
690603,0.21533333333333338
690683,0.3107142857142857
690685,0.1325857142857143
690714,0.0
690715,0.2995957446808511
690736,0.010537499999999977
690754,0.0
690804,0.285265
690806,0.18186312399355875
690808,0.34405106382978723
690830,0.24698409090909096
690862,0.23382649313603138
690876,0.23010555555555562
690907,0.1919116088092572
690939,0.0
690952,0.4441810810810811
690973,0.0
691027,0.32383076923076926
691035,0.09361702127659582
691100,0.27090185676392575
691134,0.05866545454545455
691141,0.3809094611687326
691154,0.3103479626485569
691161,0.0
691165,-0.07117170398009953
691174,0.0
691193,0.4701037037037037
691202,0.011379999999999946
691303,0.335595
691317,0.01158999999999999
691347,0.3175555555555556
691348,0.1307
691400,0.03295999999999999
691412,0.0
691422,0.4524501683501684
691434,0.08146666666666669
691449,0.0
691457,0.4334476190476191
691466,0.28718928571428576
691535,0.4625092592592593
691556,0.040676547515257205
691626,0.1289396551724138
691652,0.0
691687,0.10988571428571431
691701,-0.1927
691739,0.255525
691761,-0.06488444444444452
691795,0.0
691819,0.0
691829,0.0
691835,0.09433333333333338
691877,0.12413529411764712
691954,0.311
691975,0.1906031746031746
691990,0.0
691995,0.0
691997,0.29338424242424244
692036,0.043030687830687836
692091,0.49978524238524236
692123,0.11468749999999994
692130,0.4321619325788001
692157,0.3344166666666667
692173,0.39765833333333334
692180,-0.4271387755102041
692248,0.0
692256,0.0
692278,0.0
692313,0.12013061224489796
692330,0.4536925925925926
692335,0.3141577540106951
692341,0.0
692361,0.12227058823529413
692393,0.38315714285714286
692467,-0.2893269841269841
692483,0.06843999999999995
692503,0.19257959183673473
692526,0.0
692533,0.3067501400560224
692536,0.01233777777777778
692574,0.0
692579,0.4294311036789298
692636,-0.38426666666666665
692654,0.012704761904761885
692657,0.3885333333333333
692659,0.003433172302737514
692720,0.10103749999999995
692731,0.0
692756,0.2716162692847125
692772,0.0
692787,0.46709780604133544
692793,0.18733939393939392
692812,-0.007611111111111124
692816,0.0
692918,0.3432810585585585
692928,0.4332333333333333
692946,0.3619636363636363
692958,0.006661016949152554
692964,0.28971111111111103
692971,0.10379999999999995
692991,0.39067662337662346
693003,0.0
693015,0.19845405405405403
693035,0.05354545454545456
693054,0.0
693098,0.0
693165,-0.25471999999999995
693169,0.22257777777777776
693173,0.0
693183,0.34244222222222226
693206,0.5217692307692308
693212,0.30699999999999994
693245,0.0
693246,0.0
693250,0.0
693256,0.01402857142857139
693358,-0.32503736263736266
693506,-0.10609746543778803
693563,0.0
693572,0.009430769230769243
693639,-0.20430526315789477
693772,0.49179999999999996
693805,0.5055190476190476
693856,0.2681368421052632
693861,0.0040879999999999805
693908,0.18912433257055683
693929,-0.07960000000000006
693972,0.35524999999999995
693975,0.3368116071428572
694018,0.37184285714285714
694069,0.0
694080,0.3675666666666667
694085,0.0
694090,0.41514999999999996
694105,0.3722761904761905
694150,0.16206666666666666
694194,0.012470588235294122
694230,0.25237777777777776
694270,0.21005714285714283
694282,0.01278520213577422
694327,0.2669862068965517
694334,-0.000694444444444442
694428,0.21354173156207057
694490,0.40357435897435895
694499,0.43442352941176465
694509,0.29845000000000005
694522,0.36720685714285717
694547,0.0
694572,0.36806666666666665
694602,0.2097357142857143
694627,0.14325641025641025
694635,-0.03256756756756757
694656,-0.19035848484848483
694702,0.0
694705,0.4951
694735,0.1802778711484594
694761,0.29486046511627906
694767,0.0
694789,0.16899999999999998
694791,0.3295
694862,0.0
695078,0.07881538461538468
695139,0.14747433155080214
695149,-0.03183870967741935
695153,0.14228916408668732
695167,0.0
695194,0.0
695201,-0.36759047619047625
695219,0.3301647058823529
695232,0.0381263157894737
695243,0.42455929892891914
695251,0.10571578947368418
695281,0.5110151067323481
695306,0.0
695417,0.0
695436,0.0
695470,0.460220688172043
695478,0.183944
695481,0.025590025575447567
695490,0.26990000000000003
695506,0.24352
695526,0.0019714285714285684
695540,0.34685186813186814
695638,0.0
695709,0.2452666666666667
695776,-0.2729857142857142
695793,-0.46977931034482756
695838,0.4729
695976,0.39295813204508856
695978,0.1257428571428571
695992,0.2704629946960424
696004,0.009688888888888858
696019,0.34754166666666664
696054,0.17500798548094376
696126,0.15468780487804878
696150,0.28549032258064516
696158,0.0
696159,0.4385550344827587
696172,0.4312833333333333
696173,0.03511137724550899
696183,0.20772307692307693
696214,0.5263161290322581
696239,0.0
696260,0.36173199999999994
696271,0.013488135593220374
696272,0.4313157894736842
696291,0.08484615384615385
696294,0.3607625
696303,0.012062218890554699
696304,0.18803636363636367
696309,0.44595624999999994
696337,0.28934642857142856
696398,0.37340757575757566
696407,0.37514732394366196
696439,0.2603857142857143
696488,0.0
696539,0.35920930232558146
696548,0.25585258620689655
696614,0.2534
696625,0.0
696651,-0.06464332449160037
696685,0.3202933333333333
696699,0.21492380952380954
696784,0.0
696787,0.01281818181818184
696837,0.4073151315789473
696872,0.5225846153846154
696951,0.0
696983,0.025399999999999978
697006,0.176
697061,0.2161866666666667
697075,0.0
697111,0.28988923076923073
697146,0.0
697169,0.01490666666666668
697269,0.2467272727272728
697272,0.15812500000000002
697292,0.053978313253012056
697295,0.014248484848484844
697317,0.28665
697424,0.3571661538461538
697441,0.22950670640834575
697488,0.0
697511,0.0
697514,0.3271551724137931
697527,0.007856521739130429
697540,0.2125028571428571
697570,0.428632
697579,0.3462173913043478
697608,0.34108555555555553
697614,0.05809333333333333
697622,0.33218522727272726
697650,-0.03299999999999992
697652,0.07216666666666671
697683,0.35364999999999996
697707,0.1513
697731,-0.3249707317073171
697758,0.25033170731707316
697778,0.0
697785,0.0
697791,0.2359528693528694
697835,-0.022183333333333333
697841,0.3434108108108108
697847,0.05047902097902099
697886,0.28051724137931033
697941,0.4629428571428572
697965,0.0032666666666666677
697996,0.5259508771929825
698012,0.4673835323695789
698025,0.2504872727272727
698028,0.0
698041,-0.025966666666666638
698057,0.1533222222222222
698086,0.12626602434077072
698101,0.298075
698176,0.013261538461538436
698191,0.0
698219,0.022124137931034488
698242,0.394478125
698272,0.33838620689655174
698298,0.2772785714285714
698384,0.06566542056074767
698393,0.0
698469,0.0
698562,0.2935714285714286
698616,0.014337931034482776
698668,-0.1857208333333334
698673,0.0
698728,0.30370451612903226
698764,0.4266468085106383
698790,0.27867748724489794
698801,0.23458695652173917
698805,0.31179819471308834
698809,-0.2439709090909091
698815,0.08948385964912281
698827,0.06949903846153843
698846,0.2467018867924528
698866,0.049283333333333346
698876,0.18950000000000006
698897,0.166
698900,0.10047030651340995
698905,0.0032307692307692315
698911,0.099246783625731
698926,0.056466356011183605
698964,0.3211239309827457
698968,0.2113891891891892
698992,0.326091304347826
699035,0.0
699147,0.0
699150,0.0
699223,0.2236790697674419
699247,0.27989166666666665
699273,0.39695121951219503
699296,0.33401600000000004
699392,0.14004999999999995
699418,0.009438095238095245
699441,0.4440571428571428
699546,-0.10939499999999996
699579,0.002928000000000014
699615,0.5190979591836735
699637,0.0
699639,0.23571874999999998
699648,0.012636363636363557
699654,0.0
699662,0.3191944444444444
699674,-0.16444642857142858
699720,0.0
699756,0.2812068965517242
699873,0.37517619047619044
699875,0.41918999999999995
699948,0.0047319999999999585
699972,-0.05468571428571428
699989,0.3447555555555556
700074,0.23765490196078434
700080,0.3050289855072464
700106,0.0492590163934426
700156,-0.10255047619047619
700216,0.4237
700227,-0.02085827505827509
700314,-0.02527464788732394
700315,0.20513583662714102
700413,0.07274030303030299
700415,0.1826045751633987
700448,0.31509444444444445
700476,0.42860888888888893
700499,0.0
700517,0.3509407407407408
700519,0.0
700528,0.25639130434782614
700570,0.4494380681818182
700617,0.2919965744400527
700622,0.0
700648,0.35230000000000006
700766,0.15759025229357798
700797,0.0
700812,0.0
700874,0.42696818181818175
700881,0.0
700896,0.01985152979066021
700973,0.0
700985,0.271425641025641
701010,0.05816349541930932
701050,0.566352
701055,0.24700512820512818
701085,0.24106823529411758
701129,0.22657988795518208
701131,0.0
701157,0.43779999999999997
701158,0.34128046594982075
701159,0.3589375
701168,0.0
701173,0.0
701267,0.0
701286,-0.20183589743589747
701313,0.45999090909090906
701323,0.014000000000000012
701365,0.17618461538461538
701387,0.277540756302521
701481,0.10869047619047617
701496,0.41010480827754114
701500,0.3990697674418604
701526,0.0
701529,0.18028000000000002
701550,-0.6721136363636364
701561,0.461125
701564,0.006199999999999983
701568,0.05235864661654133
701586,0.02522727272727271
701587,0.0
701592,0.4142239999999999
701606,0.360865
701610,0.0
701617,0.16127945205479455
701650,0.16738051948051946
701656,0.29288000000000003
701671,0.16648181184668975
701672,0.0
701681,0.0
701805,0.0
701824,0.14505416666666665
701848,0.0
701868,0.0
701874,0.3451827586206897
701923,0.0
701926,0.16709999999999997
701934,0.0
701938,0.0
701944,0.043269556650246316
701964,0.40271
702010,0.3322666666666667
702017,0.0
702087,0.0
702104,-0.10555529279279277
702169,0.0
702188,0.0
702230,0.36069999999999997
702235,-0.05067843137254903
702262,0.0
702292,0.19637655502392343
702299,-0.0841294117647059
702304,0.0
702306,0.47248888888888885
702316,0.0
702354,0.13904
702392,0.11691764705882352
702414,0.2539722222222222
702473,0.3441916666666667
702542,0.13592500000000007
702613,0.14066315789473682
702654,-0.3053066666666667
702734,0.34891999999999995
702810,0.15358999999999995
702813,0.31168571428571434
702834,0.35960454545454545
702850,-0.014717647058823502
702885,0.30913898305084747
702886,0.2954181818181818
702904,0.059437499999999976
702956,0.2612176470588235
702979,0.2554491228070176
702995,0.22951999999999997
702998,0.23461212121212116
703094,0.0
703107,0.0
703120,0.0078454545454546
703136,0.3148796085106383
703147,0.12932000000000005
703148,0.2417166666666667
703153,0.28746
703217,0.0
703245,0.1439148268300742
703251,0.29687532894736846
703356,0.16161052631578943
703433,0.28075789473684204
703514,0.29659272727272723
703590,0.3607641025641025
703604,0.4429333333333334
703614,0.0026517241379310497
703656,0.3168659574468085
703685,0.28963636363636364
703794,0.25060000000000004
703796,0.28095638432364095
703828,0.0
703938,0.13562162162162167
703963,0.5278586206896552
704026,0.2603111111111111
704115,0.0
704144,0.4217666666666666
704153,0.4939866666666667
704157,0.5229662337662337
704168,0.37886363636363635
704183,0.0
704275,0.07341666666666669
704301,0.48312952380952384
704311,0.0
704372,0.2418668320926386
704377,0.1303493670886076
704413,0.17100952380952383
704431,0.0
704432,0.2746142857142857
704566,0.0
704567,0.33733333333333326
704593,0.38073204843093644
704602,0.2636285714285713
704621,0.38394000000000006
704628,-0.1073218487394958
704633,0.2335557734204793
704649,0.37642
704697,0.0
704769,0.2377470588235294
704832,0.0
704836,0.21611052631578953
704945,-0.1239834965034965
704950,0.3362263157894737
704952,0.166463197586727
704998,0.0
705016,0.013279999999999959
705032,0.0
705056,0.0
705078,0.27197777777777776
705121,0.42195000000000005
705197,0.2634033333333333
705198,0.32221428571428573
705222,0.3308
705224,0.0
705275,0.46349655172413795
705284,0.3433781818181818
705310,0.4008571428571428
705316,0.18359999999999999
705320,0.3779416666666667
705352,0.0
705392,0.0
705404,0.3311111111111111
705406,0.11304319105691055
705422,0.14038867924528303
705587,0.24001999999999998
705616,0.49670666666666674
705621,0.3506357142857143
705628,0.2412612244897959
705651,0.0
705737,0.4841371428571428
705766,0.0
705857,0.0
705878,0.0
705890,0.0
705903,0.0
705959,0.2147058823529412
705970,0.38713488372093025
705985,-0.3276518518518518
706037,0.16241071428571427
706079,0.0
706090,0.17388126315789476
706106,0.34933838051349575
706134,0.22101785714285715
706149,0.3815333333333334
706185,0.49915000000000004
706201,0.14871562500000002
706333,0.3052035087719298
706354,0.0
706364,0.3975428571428572
706387,0.2247285714285714
706539,-0.007528000000000007
706549,0.39604
706585,0.3403362318840579
706606,0.0
706660,0.3215883116883117
706673,0.29625641025641025
706748,-0.05239844961240311
706763,0.0
706780,0.0
706815,0.28166233766233767
706836,0.14794285714285715
706842,0.3783388888888889
706849,0.0
706852,0.15474883720930233
706862,0.0
706901,0.3708945454545454
706930,0.33224444444444445
706938,0.0
706958,-0.02771177944862152
706987,0.0
707016,0.0
707040,0.009240000000000026
707054,0.2056214285714285
707061,0.47856666666666664
707072,0.36867692307692307
707136,0.3558
707139,0.20699642857142864
707172,0.013000000000000012
707181,0.438144127994639
707186,0.16214999999999996
707197,0.07863452380952382
707208,0.24105070422535213
707221,0.139824025974026
707224,0.5320782608695651
707241,0.3865333333333333
707249,0.009609302325581326
707272,0.42641614035087716
707283,0.0
707291,-0.14355729166666667
707336,0.4551451219512195
707367,0.07991666666666666
707394,0.0
707395,0.0
707447,0.3085142857142857
707515,0.012878571428571406
707533,0.21872121212121215
707565,0.1959517241379311
707580,0.3664143589743589
707601,0.32866153846153845
707605,0.08807999999999999
707628,0.16136666666666666
707631,-0.032733333333333337
707645,0.23371666666666666
707653,0.20520875
707742,0.13986451612903228
707750,0.3207015873015873
707804,0.2834
707865,0.4530009615384616
707883,0.0
707929,0.0
707963,0.4487028571428572
707974,0.0
707976,0.0
708010,0.30107948717948724
708011,0.0
708023,0.0
708030,0.23665714285714284
708050,-0.16929805027014333
708073,0.0
708074,0.44297142857142857
708086,0.21233725490196081
708092,0.19084754299754297
708137,0.17523478260869566
708138,0.37359999999999993
708150,0.46974999999999995
708168,0.395580487804878
708218,-0.14792492307692306
708237,0.28719459459459457
708251,0.1056647619047619
708338,0.013874509803921575
708353,0.07705624999999999
708386,0.0
708399,0.36821285714285723
708406,0.2677652173913043
708473,0.0
708494,0.0
708526,0.21819177581480348
708532,0.03107129859387925
708555,0.22016958443854995
708670,0.41725333333333336
708677,0.1827666666666667
708685,0.310625
708715,0.06859789473684214
708770,0.3934000000000001
708801,0.41916086956521736
708845,0.34844615384615385
708876,0.15849999999999997
708878,0.07694901960784312
708894,0.0
708951,-0.011613402061855682
709005,0.2129894736842105
709009,0.39851666666666663
709010,0.32626666666666665
709015,-0.04519999999999996
709017,0.2518571428571429
709071,0.0
709094,0.44739999999999996
709111,0.09220904968826754
709131,0.22192444444444442
709136,0.04751111111111117
709153,0.42870625000000007
709224,0.0
709239,0.0
709300,0.18023636363636364
709309,0.39760000000000006
709370,0.07081000000000004
709413,0.39378
709421,0.0
709465,0.0
709467,0.007833333333333359
709477,0.3439283582089552
709490,0.023469865067466233
709494,0.15337714285714282
709498,0.38038041958041957
709501,0.23175744680851063
709509,0.046312820512820485
709517,0.0
709522,0.06661000000000006
709582,0.012163157894736876
709592,0.0
709640,0.2958428571428571
709642,0.0
709646,0.22462941176470588
709652,0.34794062500000006
709673,0.3032102269619907
709682,0.2796526315789474
709727,0.0
709730,-0.0484
709732,0.3162513103448276
709737,0.2573285714285714
709751,0.3087161904761905
709764,0.33296470588235294
709793,0.34116563934426236
709814,0.06103416666666668
709880,0.25557366946778715
709908,0.0
709925,0.21865944055944053
709961,0.24611851851851854
710057,0.0
710073,0.2600269230769231
710100,0.15353333333333335
710104,0.41740000000000005
710163,0.21306785714285714
710180,0.19259897435897438
710195,0.0
710213,0.3622916666666667
710267,0.278890909090909
710270,0.01169818181818183
710282,0.3340000000000001
710312,0.15729269841269844
710344,0.0
710350,0.0
710355,0.24588571428571432
710357,0.0
710469,-0.23030757575757577
710584,0.05308849386798953
710596,0.0
710613,0.27492941176470587
710631,0.04402727272727275
710652,0.3120625
710667,0.4095391304347827
710700,0.0
710749,0.5177999999999999
710765,0.4494322580645162
710864,0.2643416666666667
710892,-0.3543688888888889
710924,0.29931071428571426
711008,0.3744206896551724
711038,0.26372575841147267
711069,0.29025
711117,0.35115555555555555
711129,0.47169407894736837
711148,0.0
711172,0.0
711194,0.0
711258,-0.09898064516129033
711261,0.0
711291,0.3725689655172414
711294,0.41155172413793106
711334,0.0
711336,0.32080833333333336
711372,0.4153
711383,0.41669076923076925
711404,0.3367020408163265
711415,0.46385
711532,0.08633750000000001
711558,0.4445421571388341
711590,0.42035999999999996
711624,0.3937538461538461
711639,0.42539666666666665
711649,0.0
711654,0.06246498771498776
711694,0.3748003563791874
711704,0.0
711726,0.21505454545454544
711776,0.4607333333333334
711781,0.14520588235294118
711801,0.2351454545454545
711811,0.0
711816,0.42197142857142855
711903,0.29119999999999996
711909,-0.0031854108527131775
711937,0.3361363636363637
711940,0.2561793103448276
711990,0.05477000000000004
712006,0.04212499999999997
712008,-0.02895000000000003
712044,-0.07295199999999996
712086,0.3687034482758621
712144,0.10526315789473684
712145,0.17393103448275865
712147,0.2290871794871795
712252,0.0
712255,0.014226000000000072
712257,0.15842577519379847
712282,0.31279285714285715
712307,0.2479
712314,0.0
712389,0.2570917948717949
712406,0.47886440677966097
712430,0.0016844444444444884
712448,0.5198241379310345
712469,0.05106666666666668
712477,0.35032173913043474
712501,0.20356190476190478
712559,0.4228666666666667
712566,0.1622868686868687
712611,0.32394999999999996
712703,0.001685000000000006
712727,0.366472
712766,0.5369932203389831
712814,0.43020576923076925
712833,0.2508123870967742
712834,0.012622222222222312
712847,0.1897681818181818
712854,0.08243999999999999
712858,0.41239130434782606
712885,0.363977033492823
712919,0.4855057142857143
712921,0.0
712982,0.05431707317073173
713036,0.29028461538461536
713039,0.01389047619047623
713041,0.02773749999999997
713080,0.33874117647058827
713099,-0.24716362777515352
713106,0.2847469907407408
713112,0.21780799999999995
713113,0.29483809523809523
713123,0.45549142857142855
713128,0.2796
713147,0.27117288135593226
713194,0.1245513043478261
713241,0.5086
713247,0.27126666666666666
713264,0.0
713278,0.1951588235294118
713293,0.0
713300,0.1365230769230769
713302,-0.3110763636363636
713312,0.0
713332,-0.41148000000000007
713348,0.09811
713426,0.22361754385964916
713488,0.4213161290322581
713529,0.0
713543,0.013175000000000048
713597,0.023809866220735804
713698,-0.16360800000000003
713707,0.012944444444444425
713719,0.0
713720,0.1261846153846154
713722,0.01316666666666666
713747,0.3795766666666667
713764,0.27076666666666666
713796,0.22984083333333338
713801,0.337655
713836,0.20170000000000005
713871,0.013900000000000023
713879,0.08177747252747253
713906,0.33242307692307693
713930,0.15487111111111113
713933,0.11956981132075471
713948,0.0028606060606060635
713989,0.45789032258064516
713995,-0.12055999999999997
714103,0.3216906666666667
714176,0.5238197691734922
714181,0.0
714222,0.23841499999999996
714240,0.12045215311004787
714247,0.11936923076923073
714269,0.34859999999999997
714273,0.3241111111111111
714332,0.0
714362,0.26017575757575756
714385,0.3797882352941176
714414,0.0
714416,0.3455333333333333
714433,0.0
714471,0.0
714477,0.42152500000000004
714520,0.31296666666666667
714529,0.4958958333333333
714584,0.4223443609022557
714604,0.5350827777777778
714606,0.0
714609,0.0
714627,0.24458000000000002
714673,0.2542551724137931
714682,0.2863882352941176
714690,0.027110000000000023
714753,0.07101714285714288
714759,0.40115595238095236
714786,0.2751500000000001
714868,-0.16920677966101694
714968,0.10996374458874458
714980,0.12710312500000004
715034,0.33101250000000004
715121,0.347569696969697
715172,0.0
715248,0.37912833333333334
715272,0.2721470588235294
715380,0.16297575757575758
715463,0.4431512195121951
715493,0.21200000000000002
715507,0.0
715558,0.35044444444444445
715632,0.4384
715641,0.39929629629629626
715645,0.012567741935483823
715653,0.32930400000000004
715738,0.20076992481203007
715752,0.176125
715757,0.2881
715767,0.05629159663865549
715774,0.4223428571428572
715826,0.15713703703703705
715877,0.007857142857142785
715880,0.0
715944,0.0
716017,0.01441132075471696
716059,0.0
716077,0.1558133333333333
716136,0.29456324669402645
716179,0.40005405405405403
716184,0.013550000000000062
716206,0.0
716336,0.4409727910238429
716386,0.0
716396,-0.13395666666666672
716468,0.26506060606060605
716477,0.13235765957446807
716589,0.2692453947368421
716590,0.0
716616,-0.09992000000000001
716674,0.24057894736842106
716812,0.27639424242424243
716845,0.5083519999999999
716919,-0.15726517273576102
716978,0.17259999999999992
716994,0.3115266666666666
717032,0.055882894736842104
717037,0.33066666666666666
717039,0.008458620689655194
717044,0.2633461412151067
717076,0.0
717087,0.0
717153,0.013319999999999999
717174,-0.11596862745098035
717199,0.04163846153846157
717240,0.04189090909090909
717257,0.009276923076923071
717292,0.10199640804597698
717396,0.2899869565217391
717409,0.26125
717462,0.4158857142857143
717502,0.1980918918918919
717536,0.2885161290322581
717624,0.3106
717640,0.0085736842105264
717649,0.36736
717653,0.230996918767507
717702,0.07383809523809526
717712,0.19724000000000003
717715,0.1561372549019608
717737,0.0
717743,0.0
717745,0.23202222222222219
717758,0.14854777777777772
717815,0.12953333333333333
717858,0.2815411764705882
717870,0.08510000000000006
717884,-0.61605
717929,0.0
717941,0.0
717948,0.17031415384615384
717996,0.0
718012,0.0
718059,0.0
718062,0.3533657142857143
718136,-0.018220754716981147
718206,0.0
718215,0.4458916666666667
718226,0.0
718243,0.48625333333333337
718249,0.0
718304,0.45026842105263165
718308,0.3865251082251082
718318,0.012979310344827577
718346,0.05350000000000002
718382,0.26458125000000005
718424,0.048611764705882354
718561,-0.33891111111111116
718588,0.0
718589,0.39005090909090906
718592,0.18094090909090904
718601,0.0
718621,0.2387142857142857
718637,0.24807532467532467
718654,0.0
718675,0.17025
718677,0.0
718707,0.3544104444444444
718711,0.24119130434782607
718735,0.14570344827586207
718747,0.3488186046511628
718753,0.009472000000000036
718838,0.33413061224489793
718863,0.0
718924,0.0
718946,0.3556051282051282
718949,0.32393333333333335
718964,0.10771999999999998
718968,0.0
719000,0.17825651340996163
719002,-0.0726340425531915
719029,0.17770577777777774
719037,0.12436363636363634
719102,0.0
719179,0.10303125
719187,0.22751578947368423
719206,-0.016486075949367088
719245,0.25587272727272714
719254,0.0
719261,0.2514695652173913
719268,0.3784529390551749
719272,0.0
719317,0.24215199999999998
719321,-0.13910689655172415
719377,0.015102352941176456
719424,0.0
719427,0.0
719444,0.005475471698113243
719485,0.0
719523,0.013886956521739213
719526,0.37686530612244895
719552,0.4996313479623824
719585,0.0
719611,0.0
719617,0.0
719675,0.4324434782608696
719705,0.24273999999999998
719716,-0.5052513302034429
719719,0.40615151515151515
719765,0.22190000000000001
719854,-0.011660000000000004
719931,0.0
719970,0.24059310344827586
719986,0.0
720002,0.0
720031,0.27509159663865546
720135,0.014100000000000001
720169,0.4112
720202,0.20271666666666666
720234,0.11356666666666665
720269,0.20267179487179485
720282,0.26180666666666663
720283,0.0
720289,0.20129555555555567
720313,0.0
720394,0.0
720395,0.4422181818181818
720439,0.33325666666666665
720492,0.16776888888888888
720497,0.31860587977182975
720506,0.24494444444444444
720512,0.010759999999999992
720513,0.2540294117647059
720540,0.1686206896551724
720561,0.30274166666666663
720598,0.4899666666666666
720606,0.11421071428571428
720623,0.4652307692307692
720660,0.06038518518518518
720676,0.0
720687,0.12644242424242425
720691,0.26880666666666664
720710,0.26571578947368424
720718,0.16222333333333327
720746,0.33925714285714287
720799,0.0
720806,0.006542105263157905
720821,0.2107608695652174
720831,0.0
720904,0.25993333333333335
720911,0.14817391304347827
720947,0.11891627906976743
720988,0.2390710727969349
720994,0.0
721015,-0.1619809523809524
721075,0.1157
721121,0.22721999999999998
721131,0.0
721136,0.15298333333333336
721146,0.01323333333333332
721149,0.33949545454545454
721176,0.37464502164502167
721187,0.3603333333333334
721202,0.10386206896551725
721210,0.0
721231,0.0
721240,0.1260039215686274
721275,0.021143333333333403
721278,0.011279411764705816
721279,0.33736470588235296
721286,0.3348
721339,0.04662962962962963
721341,0.174925
721342,0.0
721358,0.0
721382,0.03049999999999997
721392,0.30625
721440,0.2632285714285715
721444,0.013480000000000047
721445,0.2279705882352941
721454,0.021954166666666663
721472,0.32223508771929826
721541,0.41672000000000003
721596,0.33911363636363634
721617,0.0
721627,0.32504150943396226
721647,0.01391764705882359
721686,0.33348
721694,0.26212
721699,0.0
721745,0.5310894545454545
721756,0.0
721766,0.4811333333333333
721794,0.0
721873,-0.04046666666666665
721909,0.2878553846153846
721922,0.0
722016,0.3768666666666666
722104,0.15959999999999996
722154,0.0
722162,0.38515546558704455
722167,0.0
722183,0.42121490196078426
722224,0.2021
722230,0.2867266666666667
722253,0.4249552250190694
722257,0.3714439024390244
722305,0.0
722312,0.011791666666666645
722356,0.19083777528928705
722436,0.3728722689075631
722472,0.38930243902439027
722504,0.31376666666666675
722540,0.0
722561,0.11442461538461535
722571,-0.06674402515723271
722594,-0.3992380952380953
722606,0.3879777777777778
722614,0.3578888888888889
722664,0.15312
722696,0.014524874492813422
722702,0.0
722864,0.3173125
722902,0.2996400000000001
722944,0.14939936748893107
723008,0.017400000000000027
723027,-0.012666666666666604
723037,0.01423333333333332
723054,0.0
723058,0.41127647058823524
723141,0.45048214285714283
723146,0.0
723153,0.0
723191,0.10917272727272728
723234,0.26785263157894734
723283,0.0029776135369055656
723356,0.22915652173913043
723370,0.0992456910957269
723424,0.3675866666666666
723432,0.41753243243243243
723453,0.001707692307692299
723460,0.44358333333333333
723469,-0.34326223776223774
723471,0.267996
723491,0.0
723505,0.12198400000000001
723553,0.5473826086956521
723578,0.39119999999999994
723582,0.11664948453608247
723609,0.25810566037735844
723654,0.18246666666666667
723747,0.2909578947368421
723752,0.139868085106383
723788,0.0
723829,0.0
723884,0.0
723889,0.3424177777777777
723969,0.27123125
723995,0.45316999999999996
724051,0.2877458333333333
724146,0.16149047619047618
724155,0.09103047619047622
724166,0.26403157894736845
724207,0.4918222222222222
724215,-0.09042800000000001
724254,0.01279649122807014
724263,-0.21707826086956528
724292,0.1165358510638298
724314,0.0
724317,0.11582857142857142
724326,0.21580206681086278
724335,0.19599062499999997
724336,0.48621562500000004
724349,0.0
724365,0.2225882352941177
724408,0.3225083333333333
724427,0.4520571428571428
724469,0.021690909090909094
724470,0.35421168831168837
724473,0.0
724494,0.17321000000000003
724563,0.0
724579,0.4047701188455009
724591,0.13849494949494948
724648,0.0
724659,0.012166666666666659
724662,0.2502632850241546
724694,0.0
724709,0.2682671814671815
724711,0.0
724789,0.1937346153846154
724801,0.40659999999999996
724817,0.16969874213836483
724821,0.2478483292978208
724824,0.45608125000000005
724861,0.45054396135265695
724880,0.0524552487673689
724889,0.3865130434782609
724907,-0.42990666666666666
724923,0.013916981132075512
724932,0.5172730158730159
724952,0.4788285714285715
724983,0.016825080068982506
724996,0.0
725010,0.3366
725026,0.3281666666666667
725033,0.0
725174,0.4012
725199,0.0
725216,0.0
725217,0.0
725283,0.0
725296,0.0
725301,0.05232941176470585
725311,0.14244
725330,0.1610210985178727
725338,0.26870000000000005
725351,0.48632608695652174
725358,0.06556774193548393
725359,0.012421052631579
725387,0.12593220338983052
725417,0.17770909090909093
725449,-0.32123999999999997
725515,0.4342625
725518,0.44336444444444445
725521,0.05846666666666667
725530,0.31546422413793107
725532,0.30246666666666666
725546,0.17710588235294117
725555,0.43272666666666665
725556,0.2654862745098039
725560,0.39306891803278693
725565,0.1939047619047619
725598,0.16650303030303032
725605,0.2575090909090909
725616,0.28187457627118645
725628,0.12441739130434781
725704,0.3088823529411765
725765,0.38189999999999996
725780,0.0
725803,0.42192320754716983
725824,0.434725
725831,0.24633745283018865
725858,0.2679
725905,-0.25185
725911,0.12002999999999997
725917,0.10872272727272726
725920,0.3132888888888889
725928,-0.20963571428571426
725945,0.0
725948,0.006375925925925924
725949,0.16060834473324215
725962,0.059563636363636374
725966,0.3653116279069768
725997,0.27006984126984124
726071,0.0
726080,0.0
726091,0.17186209930861096
726145,0.18129826018562215
726166,0.16044999999999998
726195,0.04698333333333335
726200,-0.11092542372881359
726281,0.4306928571428572
726299,0.2859626666666667
726334,0.14980445344129556
726409,0.41145581395348835
726419,0.35763846153846146
726433,0.2760941997851772
726467,0.23938095238095236
726505,0.0
726522,0.14772857142857143
726536,0.0
726546,0.012239999999999973
726556,0.10955384615384617
726568,0.004767567567567577
726678,0.19319166666666665
726691,-0.0342859649122807
726718,0.0
726728,0.45089060606060605
726729,0.0
726787,0.3632884615384615
726819,0.23691111111111113
726843,0.3287555555555556
726873,0.0
726875,0.129275
726903,0.31959999999999994
726922,0.4763104730653541
726979,0.0
726988,0.37884347826086956
727020,-0.24643934426229508
727052,0.18429291005291004
727063,-0.2604923076923077
727084,0.0
727099,0.17996470588235292
727111,0.32960999999999996
727186,0.4588713570127505
727188,0.0
727251,-0.005790977443609013
727262,0.0
727265,0.0
727289,0.0
727312,0.0
727333,0.2831702127659575
727341,0.2500466666666667
727348,0.34071597402597403
727387,0.40631493212669684
727435,0.24565714285714282
727438,0.0
727440,0.0
727536,0.1408225641025641
727559,0.4110571428571429
727560,0.2824222222222223
727568,0.45135238095238095
727576,0.011724137931034495
727612,0.33839803921568623
727629,0.503006896551724
727690,0.1622388888888889
727698,0.3829684210526316
727751,0.22661818181818183
727794,0.3056466666666666
727798,0.0
727814,0.0
727838,0.26061578947368425
727844,0.0
727871,0.31279999999999997
727891,0.33254805491990846
727897,0.46330517038777913
727936,-0.07853333333333334
727941,0.2659358974358974
727942,0.0
727955,-0.03091111111111111
727963,0.16876521739130435
727967,-0.019546666666666657
727981,0.2776837837837838
727983,0.16132380952380954
728044,0.4133772404900064
728053,0.21985294117647058
728090,0.27156800000000003
728131,0.19013943488943497
728143,0.0
728216,-0.014844444444444438
728220,0.32390588235294115
728237,0.0
728249,-0.23884560344827588
728253,0.28006250000000005
728315,0.01292222222222228
728326,0.2641888888888889
728335,0.3239608695652174
728344,0.0
728350,0.45903035714285717
728359,0.17197600000000002
728362,0.013000000000000012
728365,0.15237777777777778
728379,0.10051999999999998
728462,0.12218333333333331
728479,0.09453793103448276
728483,0.0
728505,0.0
728529,0.0
728636,0.25989999999999996
728648,0.40586
728655,0.0
728689,0.1459853658536585
728723,0.0
728780,0.3032769230769231
728781,0.32050638297872347
728785,0.37267384615384613
728786,0.006156521739130394
728851,0.2086
728965,0.0827342868654311
728990,0.0
729008,0.0796
729015,0.012918749999999979
729016,0.09443999999999997
729040,0.17552729559748426
729042,0.012866666666666693
729057,0.18555
729104,0.3310251231527094
729106,0.13398000000000004
729110,0.25655918367346936
729125,0.0
729177,0.4898263492063492
729194,0.24865833333333337
729243,0.3067466666666666
729250,0.0
729265,0.2112309523809524
729268,0.5123466666666667
729278,0.0
729281,0.13726415094339628
729287,0.32437250000000006
729292,0.004388888888888887
729331,0.173672
729334,0.37251999999999996
729364,0.45716666666666667
729422,0.2651352941176471
729471,0.4393690476190476
729544,-0.3501329593267882
729576,0.333861872909699
729608,0.0
729648,0.2969454545454545
729668,0.30350000000000005
729729,0.0
729784,0.21812812499999998
729799,0.27913333333333334
729880,-0.3052941176470588
729898,0.0
729921,0.13718909090909087
729924,0.2796941176470588
729926,0.13581558441558442
730014,0.0
730032,0.013447368421052652
730043,0.25534666666666667
730047,0.3636583333333333
730050,0.5156792062122519
730058,0.16492380952380953
730071,0.16749830508474578
730090,0.35692156862745095
730091,-0.24934999999999996
730101,0.005662295081967195
730124,0.2646530612244898
730135,0.2764611111111111
730216,0.0
730227,0.2979428571428571
730272,0.36382493985565356
730279,0.08428
730377,0.12281081081081086
730378,-0.04225925925925922
730430,0.23555
730435,0.366363440860215
730461,0.10216788321167883
730480,0.1647705882352941
730483,0.3419384615384615
730513,0.20796666666666663
730564,0.06577175897748022
730614,0.12980000000000003
730627,0.24782857142857143
730635,0.5411714285714286
730667,0.31227234042553187
730682,0.2664
730733,0.0
730734,0.41621459459459464
730771,0.0
730788,0.33952
730800,0.0
730832,0.38912
730833,0.0
730834,0.12003714285714284
730844,0.25797419354838713
730845,0.0040999999999999925
730948,0.3320153846153846
730965,0.0
730974,0.36719375000000004
731019,0.04964999999999997
731049,0.0
731061,0.37185
731078,0.48283714285714285
731083,0.2316394366197183
731185,0.46471764705882357
731221,0.3193111111111111
731224,0.32333906009244995
731232,0.08173749999999996
731363,0.012502222222222303
731365,0.15316888888888885
731371,0.0
731485,-0.020427848101265828
731505,0.23294864864864867
731543,0.0
731566,-0.22698260869565218
731575,0.2791018181818182
731602,0.45858888888888893
731617,0.013508474576271134
731619,0.4131
731633,0.025006666666666677
731660,0.40288571428571435
731729,0.3056477777777778
731732,0.1220148148148148
731742,0.0849629629629629
731748,0.0
731754,0.45924
731772,0.0
731780,0.060316129032258026
731813,0.37162539682539686
731840,0.1349262032085562
731866,0.4805142857142857
731919,0.313175
731922,0.21804333333333334
731942,0.0
732215,0.20375000000000004
732319,0.3722370370370371
732320,0.0
732322,0.0
732341,0.0023199999999999887
732358,0.06840250626566419
732372,0.3608025730994152
732378,0.391590243902439
732484,0.013269243156199678
732494,0.1503693094629156
732502,0.38322897664071187
732548,0.24830399999999997
732605,0.3120780487804878
732650,0.5097611396011397
732733,0.0
732776,0.0
732791,0.3526069206349206
732813,0.1378072115384615
732852,0.3537194139194139
732877,0.12368833987531747
732882,0.15239906351871974
732905,0.33508695652173914
732906,0.24998596491228076
732959,0.0
733068,0.42705000000000004
733098,0.28540740740740744
733108,0.0985125
733120,0.0
733132,0.0
733182,0.29685000000000006
733188,0.19603225806451613
733204,0.3236594594594595
733206,0.0
733210,0.0
733242,0.0
733293,0.0
733310,-0.09974772727272724
733338,0.4266568759730151
733373,0.3427428571428571
733418,0.3419333333333334
733496,0.0
733530,0.0
733580,0.0
733584,0.44042499999999996
733637,0.0
733648,0.1653855614973262
733663,-0.31364000000000003
733678,0.3379882016036655
733727,0.400393671641791
733731,0.2467266206896552
733775,0.06967222222222222
733788,0.2858577777777777
733801,0.0
733869,0.0
733888,0.21489613375130617
733906,0.0
733929,0.0
733956,0.012539534883720949
733982,0.22240810893983687
733994,0.2482736607142857
734003,-0.09558573200992554
734008,0.4536368421052631
734049,0.0
734054,0.5002000000000001
734155,0.11672727272727271
734190,0.2825660377358491
734204,0.0
734262,0.2142580392156863
734309,0.11108333333333337
734320,0.1600666666666667
734443,0.04139670329670331
734456,0.14231973995271868
734511,0.2879129504504505
734513,0.07959310344827586
734605,0.40222857142857144
734677,0.15013793103448275
734755,0.2691454545454546
734766,0.013366666666666638
734799,0.0
734822,0.1732382978723404
734839,0.2929222222222222
734840,0.30542857142857144
734849,0.20611500000000005
734898,0.0
734938,0.0
734939,0.2094994252873562
734940,0.3562201086956521
734962,0.12822857142857141
734985,0.2883529411764706
734991,0.08025185185185185
735000,-0.4223807692307692
735054,0.16392580645161292
735067,0.11944046822742471
735068,0.0033703703703703847
735219,0.11184799999999995
735220,0.3336363636363637
735228,-0.05965172413793103
735243,0.11341538461538464
735276,0.1847333333333333
735288,0.10916107382550336
735303,0.3375833333333333
735342,0.0
735355,0.46176
735362,0.25753333333333334
735394,0.20423999999999998
735405,0.0
735454,-0.20379599999999998
735482,0.2897033333333333
735506,0.030666666666666675
735557,0.0
735590,0.11602789115646261
735672,0.0
735699,0.0
735796,0.2872571428571428
735817,-0.017320000000000002
735827,0.4546454545454545
735832,0.5328854942233632
735837,0.17310000000000003
735895,0.28786666666666666
735904,0.04392499999999999
735905,0.47045260545905704
735967,0.09920000000000001
736037,0.0
736052,0.0
736093,0.17994285714285713
736113,0.22565999999999997
736193,0.3153636363636364
736220,0.1246242857142857
736247,0.22136734693877552
736306,0.0
736317,0.5221133333333333
736344,-0.03798709677419354
736391,0.34728888888888887
736417,-0.1156127659574468
736418,0.26257436281859065
736551,0.4296114285714286
736597,0.23576809210526312
736605,0.01354444444444447
736606,0.0874888888888889
736681,0.41736666666666666
736685,0.0
736691,0.1527385185185185
736751,0.2634958333333334
736827,0.37629258312020464
736890,0.0
736899,-0.05087857142857144
736932,0.1650255319148936
736944,0.2761917675544794
736949,0.0
736982,0.09784166666666666
736988,-0.17507878787878783
737045,0.29072105263157894
737049,0.0
737062,0.0
737072,0.2394747023809524
737157,0.011900000000000022
737184,0.17797190082644626
737219,0.0
737225,-0.0031529411764705806
737253,0.30603529411764707
737260,0.24419622641509436
737336,0.41389251700680274
737343,0.0
737429,0.4550666666666666
737500,0.31594090909090905
737521,0.39693333333333336
737568,0.3308
737574,0.4481086956521739
737672,0.2433217391304348
737725,0.0
737782,0.0
737800,0.4122633333333333
737806,-0.033742857142857074
737876,0.18262222222222224
737900,0.17963750000000006
737985,0.0
738004,0.008442857142857196
738012,0.036986206896551715
738016,-0.3438722222222222
738032,-0.011899999999999966
738042,0.3409803887935963
738043,0.17494999999999994
738084,-0.0929076923076923
738091,0.3712214470284238
738169,0.0
738176,-0.26481463414634143
738202,0.14759215686274507
738293,0.5043294117647058
738318,0.3507941176470588
738347,-0.29159999999999997
738360,0.5196241379310345
738393,0.5445538461538462
738481,0.344325
738482,0.1867345029239766
738531,-0.17511
738545,0.16977142857142857
738547,0.0
738570,0.1983714285714286
738601,-0.11879999999999996
738649,0.28642857142857137
738710,0.29841999999999996
738760,0.0
738777,0.5208352941176471
738834,0.2834904761904762
738864,0.30805000000000005
738871,0.0
738884,0.24232857142857142
738887,0.08255876288659793
738888,0.0
738934,0.12691818181818182
738973,0.10458620689655171
738981,0.23063846153846157
738997,0.3371
739000,0.2846571428571429
739031,0.4921167862266858
739061,0.2745560975609756
739095,0.2733939393939394
739131,0.20172121212121213
739136,0.010391304347826091
739199,0.41713802816901413
739213,0.0
739242,0.0
739250,-0.06664545454545456
739302,0.0
739365,0.013211111111111062
739417,0.0
739432,0.17929999999999996
739435,0.0
739486,0.06197673961150724
739511,0.2710796858071506
739524,0.4473620689655172
739537,0.0571638658492607
739553,0.0
739750,0.05862474226804123
739756,0.3891714285714286
739811,0.0
739826,0.26098947368421055
739889,-0.052432000000000006
739918,0.006342222222222249
739941,0.0012124999999999914
739992,0.0
740049,0.31610000000000005
740083,0.0
740091,0.23330344827586205
740134,0.09069285714285716
740153,0.48746875
740165,0.2692444444444444
740264,-0.16550728476821192
740301,0.09346388523295605
740308,0.20005
740352,0.0
740391,0.030485606060606046
740414,0.004295775535939461
740416,0.09237123719464146
740427,0.0
740434,0.2335160714285714
740505,-0.009970833333333318
740507,0.0
740623,0.519540883816213
740648,0.4599333333333333
740671,0.0
740768,0.24798571428571436
740820,0.31507333333333326
740826,0.0
740832,0.0
740852,0.2266713248011069
740861,0.23144681818181817
740950,0.5169
740977,0.06423921568627453
740994,0.11744666666666664
740998,0.27621538461538464
741001,0.0
741003,0.42266724252491694
741046,0.10297652623798967
741057,0.18984999999999996
741093,-0.29729999999999995
741112,0.45041538461538466
741126,0.0
741160,0.12275747126436787
741177,0.0
741179,0.0
741180,0.4422294117647059
741217,0.3186421052631579
741247,0.2757058823529412
741292,0.05827142857142864
741301,0.22693333333333338
741347,0.0
741350,0.0
741395,0.0
741400,0.13045511811023622
741412,0.0
741444,0.27949999999999997
741464,0.35565128205128205
741551,0.0
741588,-0.03158817204301076
741591,0.4466333333333334
741618,0.180375
741649,0.4544857142857143
741665,0.4731142857142857
741689,0.36138125
741704,0.19196250000000004
741746,0.0
741749,0.30939130434782613
741750,0.0
741785,0.3981166666666667
741862,0.32855238095238093
741904,0.30366666666666664
741909,-0.1469578947368421
741911,0.0
741930,0.42101666666666665
741964,0.4336190476190477
741999,0.08385777777777778
742038,0.516211038961039
742065,0.29910909090909094
742073,0.35239679144385033
742099,0.003030000000000005
742116,0.08243157894736841
742136,0.007922448979591823
742171,0.0
742191,0.36068181818181816
742197,0.27369999999999994
742233,0.23188749999999997
742243,-0.09230508474576268
742246,0.3736380076628353
742274,0.0
742279,0.37179999999999996
742316,0.0
742328,0.0
742330,0.1173925925925926
742336,0.33411313131313136
742350,0.33194418604651166
742355,0.12999365079365083
742441,0.46413333333333334
742490,0.48596595744680854
742511,0.2545
742570,0.17586333333333337
742624,0.3690251874062969
742628,0.44094901960784316
742657,0.0017399999999999916
742696,0.09762303030303032
742726,0.005723076923076886
742761,0.0
742767,0.3735333333333334
742806,0.21684853881278537
742813,0.0
742844,0.16765762711864407
742889,0.06867368421052633
742904,0.4538638888888889
742915,0.012230769230769267
742925,0.4176406779661017
742934,0.4131333333333333
742955,0.26639158249158246
742983,0.00742631578947367
743000,0.25137192982456136
743059,0.0
743072,-0.5971
743075,0.23269230769230767
743092,0.2629158371040724
743104,0.3999076923076923
743150,0.0
743258,0.16204242424242424
743265,0.30644499999999997
743270,0.4167692307692308
743297,0.3505916666666667
743350,0.0
743374,0.48484253968253965
743391,0.29890000000000005
743413,0.0
743464,0.26536225
743636,0.05525161290322583
743638,0.0
743639,0.0
743643,0.13840000000000002
743698,0.3495370786516854
743729,0.0
743732,0.33312307692307697
743753,0.28446470588235295
743782,-0.06644285714285714
743799,0.3237642857142857
743804,0.32606341463414634
743896,0.4797733333333333
743902,0.19649333333333335
743964,0.06491758241758244
743969,0.4579066666666667
743971,0.26364923076923075
744001,0.23879999999999998
744042,0.12957142857142856
744065,0.04383999999999999
744066,0.3914570363466915
744098,0.012666666666666604
744116,0.23536828885400313
744124,0.36799000000000004
744166,0.16338560700876095
744189,0.0
744195,0.19565454545454547
744201,0.2845777777777778
744261,0.34199999999999997
744268,0.30128
744316,0.011607547169811383
744376,0.39232307692307694
744432,0.012919999999999932
744495,0.20016
744501,0.18709999999999993
744557,0.23392929292929296
744579,0.0
744585,0.0
744611,0.4243771428571428
744649,-0.29064347826086956
744725,0.30672499999999997
744798,0.0
744806,0.25344102564102566
744810,0.45730241379310343
744835,0.3234553191489362
744848,0.2752541935483871
744854,0.0
744859,0.0
744867,0.0
744913,0.34581818181818186
744928,0.30606
744941,0.19413295932678826
744977,0.5322584390243903
744986,0.0
745033,-0.042894468085106385
745054,0.0
745096,0.3019478260869566
745147,0.45910526315789474
745166,0.2730782608695652
745178,0.3356650337837838
745352,0.3481586206896552
745365,0.12695692307692308
745376,0.3527548387096774
745394,0.0
745438,0.0
745449,0.20966666666666672
745552,0.25068181818181823
745576,0.3864666666666667
745610,0.06893793680686336
745708,0.2081
745766,0.14632173913043472
745777,0.0
745781,0.0
745855,0.0
745881,0.4171241772707328
745889,0.30125684210526316
745894,0.2896457350272232
745899,0.2615545454545454
745975,0.14349459459459457
745982,0.11296978818283165
746017,0.28055
746019,0.013114285714285745
746039,-0.025779999999999997
746052,-0.3699880000000001
746057,0.42346666666666666
746059,0.04553170731707312
746062,0.32224444444444444
746118,0.26891851851851856
746123,0.09943781512605049
746194,0.0
746223,0.1625015172413793
746283,0.4816173913043478
746345,0.4535374999999999
746352,0.01350612244897953
746357,0.0
746433,0.2751
746460,0.4268470588235294
746472,0.31753432835820894
746498,0.04779285714285714
746502,0.44597
746572,0.06872530120481929
746687,0.3088185185185185
746702,0.3174769230769231
746708,0.0
746781,0.0117176470588235
746794,-0.09004999999999996
746807,0.29718088888888894
746832,0.0
746864,-0.2385511111111111
746888,0.2912086956521739
746890,0.0
746915,0.44178214285714285
746967,0.31839999999999996
746981,0.35804
746985,0.014086486486486471
747002,0.21397499999999997
747013,0.0
747017,0.15835333333333323
747058,0.1653038267630444
747081,-0.27621454545454543
747085,0.06159999999999999
747111,0.12818666666666667
747148,0.0
747161,0.37844799999999995
747176,0.41959733087896917
747201,0.3162666666666667
747226,-0.21675849056603774
747231,0.29167450980392157
747290,0.1882053333333333
747292,0.3045538461538462
747300,0.0
747381,0.2962168421052631
747400,0.2161333333333333
747428,0.27225000000000005
747430,0.12350507300918259
747468,0.32487333333333335
747475,-0.2362678321678322
747550,0.01423333333333332
747585,-0.08258070175438598
747612,0.0
747628,0.21637101449275364
747631,0.0
747641,0.0
747655,0.0
747675,0.3735777777777778
747742,0.1670642857142857
747764,0.18830434782608696
747818,0.50163
747841,0.0
747846,0.0
747862,0.01195999999999997
747887,0.0
747919,0.04266341463414636
748001,0.0
748022,0.24017446808510645
748047,0.09179473684210526
748051,0.2708894491129785
748126,0.13339999999999996
748166,-0.1421081081081081
748180,0.37357931034482755
748193,0.3004307692307692
748240,0.15804999999999997
748264,0.181288
748377,0.0054108108108107955
748390,0.028520465116279037
748424,0.30097714285714283
748492,0.1955809523809524
748498,0.26565
748515,-0.036739682539682544
748590,0.021255042016806724
748595,0.0
748639,0.25165263157894735
748656,0.0
748694,0.0
748782,0.3148
748804,0.29554594594594596
748814,0.0
748820,0.1539363636363637
748825,0.48816363636363636
748856,0.10023921461103749
748906,0.013616216216216226
748934,0.31686666666666663
749016,0.30008883205456094
749054,0.07189587628865979
749059,-0.3417859340659341
749075,0.36075
749076,0.0775111111111112
749095,0.2829466666666667
749253,0.020814
749265,0.37616
749285,0.36191999999999996
749300,0.13880000000000003
749317,0.3610255319148936
749334,0.08950000000000002
749362,-0.09659999999999999
749451,0.0
749466,0.005571014492753601
749514,0.32996666666666663
749518,-0.22381269230769235
749540,0.25687241379310344
749553,0.3102142857142858
749562,0.06562857142857143
749579,-0.051960000000000006
749606,0.0046499999999999875
749664,0.07487111111111111
749687,0.4653142857142857
749690,0.0
749718,0.0014249999999999957
749726,0.09849818181818182
749732,0.0
749754,0.16430491803278685
749763,0.33696923076923074
749795,0.0
749815,0.007920000000000038
749912,0.2250909090909091
749960,0.0
750016,0.08981428571428574
750039,0.0
750053,0.003113475177304967
750121,0.28342500000000004
750208,0.32259622641509433
750235,0.3866221428571428
750273,0.0
750305,0.24082641509433966
750367,0.2994133333333333
750382,0.0
750447,0.0
750487,0.3806166666666667
750533,0.42728
750695,0.26021693121693124
750719,0.22003256578947367
750722,0.11465714285714279
750770,0.29754285714285716
750800,0.49707500000000004
750857,0.013759999999999994
750863,0.31612063492063497
750896,0.37505467532467535
750937,0.2712631578947369
750954,0.03638940116587175
751001,0.0
751109,0.47812994652406415
751113,0.0
751137,0.46704876190476186
751160,0.0
751244,0.04432063492063493
751273,0.009219047619047571
751292,0.23595652173913045
751331,0.2248338983050847
751364,0.0
751368,0.01405454545454543
751392,0.0
751395,0.32128979591836737
751410,0.2965817287784679
751480,0.29131739130434786
751488,-0.12832267737617137
751533,0.29336666666666666
751539,0.47765
751560,0.3789555555555556
751583,0.15273333333333328
751593,0.0
751600,0.30683809523809524
751617,0.13057631184407795
751671,0.45408732394366197
751726,0.0
751738,0.4346392156862745
751745,0.3917960526315789
751771,0.038614999999999955
751843,0.21050285714285716
751852,0.21034871794871796
751890,0.37379166666666663
751956,0.208452
751993,0.3675912068965518
752070,0.17214444444444443
752140,0.4139333333333333
752172,0.12046689342403628
752186,0.13155652173913046
752202,0.18912981859410433
752203,-0.04256666666666667
752209,0.1254421052631579
752241,0.38825882352941177
752269,0.0
752280,0.0
752281,0.4836901960784314
752283,0.36454468085106384
752289,0.0
752293,0.3315668920550592
752318,0.34349642857142854
752352,-0.09108571428571427
752365,0.40936153846153844
752384,0.07486153846153848
752415,0.41328571428571426
752420,0.16773333333333335
752481,0.26201558441558437
752504,0.33421666666666666
752517,0.2779695305164319
752523,0.47920333333333337
752597,0.0
752672,0.3474310344827586
752749,0.012542857142857078
752787,0.344378947368421
752852,0.2207
752859,-0.11622692307692306
753018,0.24760000000000001
753083,0.07103396226415093
753111,0.10689069767441861
753131,0.04060930232558141
753148,0.0
753166,0.1162193785022924
753167,0.474568
753189,0.0
753260,0.014435294117647102
753278,0.11571000000000001
753301,0.41514999999999996
753319,0.0
753349,0.0
753351,0.2196376324631688
753367,0.20512787878787878
753473,0.3450835526315789
753478,0.24787307692307686
753544,0.2738034482758621
753569,0.22048888888888885
753608,0.0
753650,0.1688444444444444
753675,0.15970967741935488
753686,0.07735862068965516
753693,0.1905943661971831
753698,0.0
753721,0.19176595744680852
753763,0.0
753801,0.45429744816586926
753807,0.44962105263157903
753902,-0.06773333333333331
753903,0.08569333333333334
753921,0.0
753952,-0.2050734129478316
754026,0.2963555555555556
754035,0.060780000000000015
754145,0.0
754205,0.15598620689655168
754233,0.0
754239,0.29596285714285714
754282,0.2312153846153846
754386,0.38573333333333326
754393,0.22865000000000002
754458,0.2875
754490,0.0
754492,0.20734761904761906
754514,0.31006
754527,0.45453333333333334
754538,0.0
754553,0.3109561904761904
754583,0.004519591836734671
754588,0.012159999999999949
754627,0.5025537142857144
754668,0.01230196078431367
754681,0.04990879120879121
754736,0.0
754739,0.15273730458221021
754748,0.0
754794,0.3118329411764706
754803,0.0
754806,0.2882
754816,0.10244649954357138
754845,0.42696923076923077
754847,0.3505904761904762
754850,0.0
754867,0.0
754883,0.08496363636363635
754884,0.3498387234042553
754893,0.4413157894736842
754914,0.07151111111111114
754941,0.37830370370370375
755012,-0.06555999999999995
755021,0.3598218181818182
755051,0.2702655172413793
755078,0.45286865671641796
755079,0.29540913780397937
755172,0.28880000000000006
755203,0.40542962962962964
755305,0.19290000000000002
755306,0.12461739130434785
755316,0.19106538461538464
755324,0.30192352941176465
755335,0.18820000000000003
755388,0.18847532467532466
755404,0.12784827586206898
755420,0.42991303135888503
755427,0.23318857142857144
755441,0.23159999999999997
755451,0.1950733333333332
755456,-0.36512203389830505
755462,0.07670629370629373
755463,0.21159589743589746
755486,0.06158181818181818
755501,0.10227076923076922
755518,0.34010714285714283
755534,0.08990673076923075
755548,0.2500666666666666
755551,0.0
755566,0.3228541666666666
755581,0.0
755618,0.00558840125391849
755664,0.3204640000000001
755667,0.390951111111111
755708,0.27890039427267066
755774,0.0
755809,0.0
755868,0.0
755899,0.13854181818181818
755912,0.3327788235294118
755947,0.2144710526315789
755949,0.18030000000000002
755957,0.2857938461538462
755962,0.0035311475409836035
755963,-0.01857894736842107
756000,0.18738555714968916
756015,0.19504615384615387
756044,0.0
756085,0.07685652173913043
756093,0.43359047619047614
756095,0.0
756180,0.4967
756198,0.14985476190476194
756204,0.2420808333333334
756207,0.012187500000000018
756244,0.0
756251,0.22473750000000003
756282,0.1877
756325,0.37927500000000003
756343,0.24286000000000002
756345,0.3254111111111111
756390,0.40384864864864867
756410,0.09105999999999997
756428,0.3755384615384615
756450,-0.009840909090909067
756472,0.010618867924528319
756475,0.4987546218487395
756496,0.29845074626865675
756509,0.06831333333333334
756536,0.17115285714285713
756545,0.0
756564,-0.009576470588235297
756571,0.044858823529411784
756578,0.4884
756590,0.0
756614,0.0
756641,0.04693478260869563
756642,0.4261117647058823
756673,0.3780893617021277
756681,0.32851555555555556
756690,0.09397692307692301
756716,-0.010344999999999993
756733,0.34816
756755,0.23073061224489796
756770,0.0
756808,0.0
756818,0.14898461538461538
756851,0.1458372881355932
756960,0.11395629370629368
756968,0.33529
756986,0.35092
757013,0.0
757018,0.18272499999999997
757024,0.39943529411764706
757032,0.2655666666666667
757073,0.2913555555555556
757132,0.2883833333333334
757180,0.012512500000000037
757189,0.2357193548387097
757200,0.37884318181818183
757225,0.040692307692307694
757233,0.297165
757256,-0.2226736842105263
757308,0.11325409836065572
757311,0.06620000000000001
757317,0.05979259259259262
757375,0.5008057142857143
757386,0.09253809523809525
757475,0.3437702127659575
757482,0.0
757496,0.0
757534,0.4405
757603,0.2264448979591837
757638,0.013933333333333242
757647,0.24574615384615378
757656,0.13784646464646466
757661,0.40673173076923075
757662,0.0
757685,-0.09540952380952378
757714,0.03420000000000001
757731,0.22055
757805,0.0
757852,-0.044346545454545416
757857,0.17403504495504496
757864,0.134345
757882,0.30343589743589744
757920,0.010118796992481194
757945,0.33346
757975,0.0616771057513914
757988,0.43925
757991,0.14683333333333334
758066,-0.08537372742200328
758102,0.0
758116,0.35529411764705876
758123,0.0
758168,0.1256846153846154
758188,0.0
758222,0.27803125
758244,-0.506257142857143
758296,0.11607777777777772
758318,0.33476666666666666
758323,0.25603921568627447
758459,0.0
758533,0.10312692307692309
758630,0.0
758633,-0.16281521739130433
758647,0.2519166666666666
758659,0.147861797752809
758665,0.31768125
758679,0.47869818181818186
758773,0.3204086538461538
758777,0.17280625000000005
758805,0.14967076923076922
758809,0.11598412698412697
758813,0.23989757688723207
758831,0.39794285714285715
758855,0.5064555831265509
758879,0.2986228287841191
758895,0.3512304347826087
758897,0.1881634644101543
759020,0.37163602484472047
759037,0.03461797101449275
759141,0.012085714285714366
759333,0.2825047619047619
759348,0.21413333333333331
759376,-0.07634594594594596
759421,0.0
759480,0.0
759497,0.31118786251342645
759498,0.011765217391304428
759518,0.05288000000000001
759529,-0.021244285714285716
759566,0.3496
759591,0.35000000000000003
759600,0.29118571428571427
759658,0.11824044943820225
759686,0.01286857142857134
759733,0.24106666666666668
759741,0.31112558139534885
759759,0.5308999999999999
759798,0.26645625000000006
759799,0.0
759822,0.11665277777777777
759865,0.39641666666666664
759877,-0.04531818181818183
759879,0.5158499999999999
759885,0.012346341463414734
759888,0.0
759912,0.0
759941,0.25910348387096777
759982,0.0
760011,-0.04746382978723404
760059,0.07323733766233764
760064,0.20273191489361697
760088,0.17673478260869563
760112,0.3131617021276596
760118,0.212125
760196,0.20565142857142854
760222,0.18799878048780488
760229,0.24577999999999997
760259,0.0
760289,-0.19759111111111108
760379,0.27532
760434,0.0
760444,0.43446707482993197
760451,0.0
760464,0.220116495806151
760465,-0.6768126532887403
760544,0.3109873015873016
760550,0.4773428571428571
760551,0.0077272727272727215
760567,0.0
760571,0.4659703768115942
760574,-0.29874285714285714
760599,-0.17745999999999998
760635,0.05499887005649717
760652,0.19249523809523816
760686,0.24218111111111112
760703,0.31692999999999993
760732,0.17990399999999998
760854,-0.07594999999999996
760873,-0.026045714285714283
760881,0.22441212121212123
760896,0.16815000000000002
760919,0.0
760925,0.3999806216610005
760944,0.0018680000000000363
760970,0.4285015384615385
760986,0.41058787878787883
760992,0.0
761012,0.4421090909090909
761046,0.006853571428571403
761050,0.44983076923076926
761093,-0.14602727272727273
761119,0.0
761188,0.08884482758620689
761208,-0.06254285714285712
761215,0.0
761269,-0.1118
761286,0.4597555555555555
761329,0.20731272727272726
761396,0.4121789473684211
761444,0.0
761457,0.5053581395348837
761469,0.0
761579,0.18693714285714286
761594,0.3538810810810811
761622,0.05445106382978722
761673,0.0
761686,-0.03999999999999998
761728,0.3372789306300934
761769,0.11097142857142855
761775,0.2550235294117647
761803,0.3763636363636364
761815,0.2569043478260869
761890,0.10986666666666664
761909,0.41410111111111103
761914,0.25239999999999996
761921,-0.007844999999999991
761940,0.2255
761942,0.0
761966,0.217506
761971,0.0
762109,0.39073333333333327
762115,0.40351578947368427
762143,0.20574333333333333
762171,0.36918000000000006
762178,0.0
762196,0.2470346153846154
762199,0.4627952380952381
762233,0.4475837837837838
762248,0.3303487179487179
762251,0.22326666666666667
762258,0.0
762272,0.12078417266187051
762283,-0.0008199999999999874
762319,0.21509032258064514
762335,0.012092307692307736
762339,0.11733333333333332
762369,0.0
762416,0.19008
762457,0.0
762479,0.25886666666666674
762505,0.0
762524,0.2419287671232877
762547,0.245248
762567,0.440348275862069
762594,0.2009185849056604
762607,0.4899529411764706
762625,0.5275780528604884
762655,0.07169094017094019
762660,0.2395578947368421
762689,0.3554492307692308
762697,0.14130571428571426
762702,0.2361658692185008
762719,0.13971515151515157
762734,0.3515818181818182
762751,0.45196744186046506
762779,0.2471878787878788
762787,0.1811790229885058
762788,0.44673823682837766
762846,0.31578666666666666
762879,0.43740540540540535
762884,0.3216821917808219
762910,0.27963870967741933
762914,0.13664626485568765
762946,0.0
762965,0.04958104347826087
763004,0.0
763026,0.36140000000000005
763070,0.5062333333333333
763099,0.2501216873706004
763103,-0.2422896551724138
763124,0.0
763131,-0.11274545454545455
763147,0.3846370370370371
763165,-0.08918666666666669
763205,0.20829600000000004
763367,0.13337894736842104
763419,0.013230769230769268
763483,0.4215056534954407
763489,-0.4430864864864865
763522,-0.6499285714285714
763534,0.15659883777239708
763539,0.3446762337662338
763659,0.32707692307692304
763696,0.0
763701,0.2720628205128205
763757,0.4309272727272727
763765,0.0
763823,0.14151351351351354
763878,-0.11755136733185523
763880,0.15935471698113207
763882,0.11580225000000001
763898,0.238792
763908,0.4222705882352942
763977,0.30795747508305654
763990,0.0
764035,0.31688152341739584
764038,0.31974883720930236
764119,-0.2762221568627451
764121,0.0
764175,0.08667368421052632
764270,0.19603076923076918
764279,0.3381333333333333
764371,0.42335357142857144
764408,0.39759999999999995
764426,0.3639638655462185
764484,0.0
764536,0.02416888888888888
764582,0.40099999999999997
764594,0.40925893719806766
764599,0.2168696832579186
764688,0.25597894736842103
764744,0.12542307692307691
764767,0.0
764794,0.11577504535375932
764828,0.40681333333333336
764874,0.27064444444444447
764949,-0.0037754112554112818
764962,0.07296666666666668
764966,0.0
764969,0.25307999999999997
765003,0.4285764705882353
765006,0.2711689751364464
765007,0.10247719509744825
765025,0.299024
765062,0.21817499999999995
765081,0.1913436933797909
765082,0.0
765100,-0.19283428571428568
765131,0.0
765194,0.14071836734693882
765225,0.3483058823529412
765241,0.27132
765248,0.0
765271,0.11199649122807018
765276,0.32934285714285716
765280,0.3516851851851852
765304,0.3394178571428571
765375,0.0
765390,0.0
765392,0.44467777777777784
765441,0.29214285714285715
765451,0.0
765461,0.3393130434782609
765512,0.039490909090909077
765514,0.03965714285714289
765516,0.17688045977011493
765605,0.11384
765648,0.0
765697,0.4597047619047619
765717,0.43364761904761906
765729,0.0
765730,0.14621458333333337
765738,0.09217971014492754
765748,0.2555578947368421
765777,0.011890909090909063
765796,0.3005724137931034
765824,0.5075428571428572
765836,0.4208266666666667
765917,0.0
765924,0.367568
765958,0.20878888888888886
765976,0.0
765990,0.41151604301075273
766016,0.4518404761904762
766059,0.0
766080,0.2792
766088,0.03730760982359044
766102,0.3344136363636364
766128,0.2090025641025641
766152,0.0
766175,0.20765454545454543
766199,0.36187666666666674
766217,0.2749214285714286
766226,0.0
766290,0.0
766324,0.27941333333333335
766355,0.28282
766357,0.009431428571428535
766388,0.2674115384615385
766442,0.0
766466,0.023585365853658558
766502,-0.3545062499999999
766513,0.16232999999999997
766523,0.00248275862068964
766624,0.1643875
766627,0.1592666666666666
766687,0.3872508695652174
766688,0.24433939393939397
766710,0.5007397260273972
766751,0.20001208791208797
766754,0.2617333333333333
766764,0.3791
766786,0.0
766841,0.009493333333333354
766852,0.22339858156028367
766900,0.2439
766981,0.30096666666666666
766991,0.33624
767073,0.0
767088,0.20283846153846155
767097,0.29566363636363635
767111,0.05879067460317462
767124,0.37008571428571424
767137,0.4273473684210526
767144,0.21363999999999994
767152,0.22084107946026987
767175,0.2830380952380952
767178,0.21878333333333339
767193,0.21068695652173908
767217,0.36004761904761906
767221,0.3190488888888889
767246,0.0
767297,0.0
767323,0.38558947368421054
767347,0.0
767364,0.013630769230769224
767445,0.3666925925925927
767448,0.5282
767476,0.017838888888888904
767599,0.07036666666666663
767612,0.2752833333333333
767614,0.26746250000000005
767651,0.0
767654,0.12479333333333331
767659,0.17578323809523805
767685,0.00385945945945948
767707,-0.09177272727272723
767751,0.13121666666666668
767821,-0.1164
767859,0.22166111111111111
767860,0.26105
767916,0.15192222222222224
767938,0.0
767953,0.36409791666666663
767982,0.22428333333333333
767987,0.25874117647058825
768010,0.36287037037037034
768022,0.45921866666666666
768034,0.284902
768061,0.5015535714285715
768079,0.37358181818181824
768101,0.25483333333333336
768208,0.0
768271,0.43271203007518794
768299,0.10483999999999999
768312,0.23637288249079347
768325,0.18204615384615386
768347,0.5360434782608695
768359,0.0
768362,0.17360727272727267
768367,0.3170689655172414
768388,0.14639999999999997
768436,0.0
768509,0.0
768530,0.16413333333333333
768549,0.0
768551,0.25745000000000007
768586,0.31127083333333333
768606,0.4596105263157895
768618,0.10745555555555553
768645,0.009725714285714337
768659,0.4084928571428572
768695,0.43011428571428567
768725,0.10060000000000002
768779,0.0
768788,0.40959333333333325
768848,0.3576923076923077
768867,-0.3337
768873,0.15457171717171714
768895,0.40449999999999997
768931,0.3816111111111111
768956,0.0
769003,0.30017142857142853
769007,0.0
769018,0.25724047619047624
769078,0.1777625
769148,0.21374545454545452
769181,0.013399999999999967
769185,0.05126691176470588
769187,0.0
769204,0.47272244897959187
769348,-0.3225371352785146
769363,0.4727684210526316
769367,0.33152
769482,0.3187333333333333
769484,0.22421770516717324
769518,-0.13245957446808515
769580,0.14019160839160838
769595,0.25252399999999997
769598,0.27583749999999996
769611,0.0
769677,0.0
769693,0.19045379746835442
769695,0.26488076923076925
769749,0.486065
769752,0.11798260869565214
769865,0.12414999999999998
769868,0.0
769876,0.2517462229481421
769885,0.21633333333333332
769912,-0.3141879120879121
769954,0.296131914893617
769956,0.20712380952380954
769960,0.0
769967,0.35024375
770020,0.0
770031,0.3263111111111111
770040,0.21060588235294114
770080,0.11608311942959001
770088,-0.20051269841269842
770090,0.0
770141,0.2876695652173913
770154,0.0
770174,0.26176774193548386
770206,0.0993090909090909
770268,0.26279166666666665
770304,0.15866315789473684
770325,0.0
770337,0.34432432432432425
770349,0.16788062104657847
770387,0.34809999999999997
770403,0.48610714285714285
770457,0.13958550724637683
770505,0.1985142857142857
770519,0.3314947368421053
770532,0.09925999999999996
770534,0.17246363636363637
770554,0.36614285714285716
770588,-0.45990909090909093
770635,0.2582798328108673
770658,0.0
770676,0.0
770689,0.14964567375886523
770693,0.25865714285714286
770742,0.058655555555555544
770757,0.0035942857142857165
770760,-0.41535460526315787
770779,0.0
770784,0.33662222222222227
770817,0.22423333333333334
770862,0.06991304347826088
770878,0.0
770925,0.45405213675213674
771029,0.3839600000000001
771058,0.013428571428571456
771092,0.0
771105,0.052235047619047625
771144,0.3826230769230769
771221,0.38249310344827586
771224,0.26329629629629625
771275,0.0
771290,0.10832365995723661
771357,0.16151428571428567
771360,0.2915277777777778
771369,0.14823392857142847
771370,0.17649749999999997
771371,0.0
771372,0.44404166666666667
771387,0.2822666666666666
771442,0.0
771454,0.0
771460,0.25197391304347827
771500,0.005849999999999966
771506,0.009368786127167628
771550,0.2833230769230769
771552,0.13752795698924736
771568,0.33907906976744184
771569,0.121732
771577,0.014379999999999948
771589,0.25094285714285713
771595,0.0
771655,0.25058
771687,0.011363636363636354
771719,0.13430370370370368
771736,0.0
771749,-0.32267111111111113
771797,0.0
771807,0.46152631578947373
771814,0.25025555555555556
771830,0.3102275
771837,0.0
771912,0.038905263157894665
771917,0.4215894736842105
771934,0.4953285714285714
771950,0.5281842105263158
771955,0.3245938461538462
771989,0.007857142857142896
772075,0.11309191919191919
772100,0.2652528180354267
772119,0.0
772136,0.2355761363636364
772137,0.014688888888888862
772140,0.18306249999999996
772151,0.011674999999999991
772156,0.15614545454545456
772209,0.38079999999999997
772230,0.39786666666666665
772279,0.0
772282,0.3240142857142857
772315,0.4316545454545454
772325,0.0
772349,0.0
772352,0.3464042735042735
772380,0.36454400000000003
772423,0.0
772432,0.497205
772442,-0.3612666666666666
772457,0.4237859649122807
772459,0.00869473684210531
772481,0.22383076923076922
772517,0.0
772552,0.0
772555,0.0
772575,-0.21384489795918366
772597,0.03286829268292679
772619,-0.03794399999999998
772622,0.24799111111111113
772634,0.2151586206896552
772662,0.07199459459459459
772705,0.06023611491108066
772753,0.0
772812,0.3032228571428571
772833,0.479334568288854
772866,0.484944
772931,0.33925000000000005
772951,0.01306428571428564
772953,0.27984309677419356
772986,0.4927441860465117
773004,0.2575857142857143
773019,0.2638095238095238
773020,0.40555313131313125
773036,0.4116523809523809
773040,0.28664999999999996
773128,0.1988314189189189
773153,0.16100138297872335
773158,-0.118425
773172,0.2676428571428572
773174,0.0
773196,-0.29014225108225106
773276,0.0023448275862068824
773284,0.3792372881355932
773299,0.1018
773301,0.2907836734693877
773305,0.09255555555555556
773345,0.4080592592592593
773392,-0.14094117647058824
773397,0.2621071428571428
773402,0.19778038277511956
773428,0.1069214285714285
773446,0.47032307692307695
773566,0.3555490275761974
773567,0.3013128205128205
773569,-0.05245333333333335
773616,0.006199999999999983
773644,0.3142
773650,-0.169391094619666
773669,0.21534013781223085
773708,-0.15966000000000002
773727,0.14170000000000005
773748,0.2620666666666667
773768,0.37839999999999996
773805,0.0
773814,0.23029260106788707
773835,-0.056525726495726514
773862,0.06285314009661835
773873,0.03694999999999998
773937,0.28700000000000003
773993,0.26928
773996,0.09212499999999996
774012,0.256423829787234
774013,0.18003589743589743
774044,0.11423
774075,0.21761207729468596
774089,0.0
774155,0.39708571428571426
774197,0.2716222222222222
774208,0.0
774241,0.3272464936247723
774260,0.3756714285714286
774272,0.0
774299,0.0007559739477860927
774306,0.20649773755656103
774319,0.13354583333333325
774321,0.166296697626419
774346,0.2454755952380952
774351,0.3405377777777778
774401,0.013549999999999951
774415,0.2863
774460,0.1468767942583732
774478,0.012619999999999965
774507,0.0947973612118282
774520,0.09234196428571428
774528,0.06028999999999998
774543,0.15350000000000003
774595,0.0
774601,0.12291769230769228
774628,0.15128888888888886
774642,0.14447
774690,0.0
774759,-0.1530530612244898
774765,0.0
774797,0.2915466666666666
774836,0.11491666666666661
774846,0.2509
774853,0.19828076923076926
774869,0.3010292682926829
774940,0.32901694915254237
774972,0.13483181818181816
774979,0.01278888888888885
775008,0.3025890909090909
775009,-0.0006897959183673474
775042,0.0
775046,0.2616857142857143
775063,0.07846666666666668
775066,0.2843789220183487
775080,0.24007411764705883
775098,0.011991666666666623
775107,0.3867145833333333
775164,0.29679999999999995
775271,0.012421621621621637
775310,0.0032271604938271803
775354,0.5025
775384,0.3197189189189189
775386,0.450875
775405,0.0
775447,0.3555583333333333
775468,0.0
775495,0.27529615384615386
775536,0.2914445590994372
775549,0.3726364912280702
775557,0.013499999999999956
775608,0.1405
775618,0.21176
775729,0.29484324324324324
775754,0.007284999999999986
775769,0.13498
775781,0.4150666666666666
775782,0.1611379310344828
775808,0.2618055555555555
775835,0.011590909090909096
775862,0.17267555555555558
775887,0.32453658536585367
775922,0.20309107551487415
775942,0.5412705882352941
775964,0.2651999999999999
775972,0.4976
775976,0.45519692307692305
776004,-0.16126666666666667
776037,0.2033408866995074
776125,0.09688095238095235
776134,0.14998333333333333
776152,0.23812499999999998
776202,0.267430303030303
776223,-0.11530000000000001
776228,0.4170703703703703
776262,0.01081935483870966
776287,0.0
776294,0.365496
776307,0.23170000000000007
776457,0.26123365384615393
776497,0.08311279461279458
776511,0.32299545454545453
776525,0.04653411764705882
776531,0.0
776572,0.24267692307692307
776618,0.17725999999999997
776620,0.0
776625,0.2927233333333333
776667,0.33772380952380954
776720,0.0
776765,0.2917190476190476
776769,0.504946256684492
776772,0.09412471655328798
776793,0.0
776832,0.12330555555555556
776867,0.29307272727272726
776882,0.2765083333333333
776891,0.2389625
776910,0.1889753589247531
776921,0.2397263157894737
776924,0.3259076923076923
776934,0.0
776945,0.38784444444444444
776953,0.2648666666666667
776957,0.28825
776984,0.33372
776995,0.1265909090909091
777009,0.0
777012,0.3486066666666667
777052,0.3087535261288686
777054,0.3345922222222222
777068,0.011328813559322026
777100,0.4793700983606557
777115,0.25336666666666663
777133,0.012004255319148949
777137,0.16705000000000003
777141,0.14212413793103446
777153,0.23870700636942677
777184,0.0
777214,0.01376571428571427
777262,0.0
777273,0.3460301661129568
777309,0.48715555555555556
777341,0.07979333333333338
777353,0.0
777401,0.36006186612576063
777409,0.24289387755102038
777424,0.25520000000000004
777446,0.0
777452,0.007896000000000014
777501,0.2447636363636363
777554,0.4057745571658615
777559,0.019830171635049687
777645,0.07438333333333336
777650,0.22703000000000007
777651,0.0
777662,0.2503416666666667
777675,0.12355000000000005
777695,0.43304
777702,0.09009363636363638
777749,0.0
777753,0.0
777813,-0.015528813559322063
777885,0.41068163265306123
777908,0.3706033333333333
777911,0.2724
777919,0.0
777954,0.019860869565217376
777965,0.47391428571428573
778056,0.2827333333333333
778061,0.2156512626262626
778071,0.0
778072,0.35900727272727273
778108,0.3075
778134,0.35329999999999995
778146,0.23190666666666665
778154,0.3864916666666667
778193,0.2152173913043478
778227,0.3151764705882353
778248,0.0
778329,0.29684335585585586
778336,0.0
778338,0.006861566296200605
778364,0.36117313432835824
778366,0.1775392857142857
778396,0.03115000000000001
778402,0.034556521739130486
778412,-0.09101428571428571
778435,0.38964999999999994
778491,0.4231911111111111
778502,0.0
778567,0.46844953058321476
778638,-0.0020244964300226292
778642,0.01661290322580644
778662,0.1616619736419158
778708,0.37122857142857146
778712,0.09245115384615388
778725,0.23782564102564105
778746,0.3367428571428571
778818,0.08155937499999999
778831,0.2542181818181818
778852,-0.0010131313131314101
778876,0.3980857142857143
778886,0.04949565217391305
778914,-0.34334444444444445
778935,0.42681481481481476
779002,-0.33668035714285716
779043,0.2427666666666667
779094,0.3321529411764706
779201,0.07225714285714285
779209,0.28991333333333336
779214,0.0121
779231,0.37615757575757575
779248,0.3966429878048781
779314,0.23144705882352945
779351,0.44549590062111805
779384,-0.19747142857142863
779387,0.349205925925926
779466,0.0
779498,0.4961306666666667
779526,0.5037659574468085
779539,0.15357551020408167
779545,0.4574571428571429
779628,0.0
779648,0.32610000000000006
779673,0.19078620689655174
779691,0.24265745614035095
779753,0.3308875
779798,0.1396
779846,0.45895438596491234
779912,0.4602845238095238
779915,0.0
780004,0.22026086956521734
780010,0.5120666666666667
780016,0.23976379585326957
780034,0.0
780060,0.3692266666666667
780117,0.5030948717948718
780157,0.26033888888888895
780162,0.514630687361419
780234,0.01313333333333333
780239,0.4178419871794872
780250,0.2920117647058823
780284,0.38183333333333336
780359,0.0
780370,0.13322468965517242
780381,0.22271090658076392
780475,0.15124725581395349
780479,0.45753968253968247
780518,0.2559666666666667
780610,0.25567500000000004
780640,0.0
780714,0.22897777777777775
780718,0.04523735294117648
780719,0.453376923076923
780768,0.2245405405405404
780816,0.0
780836,0.19724000000000003
780844,0.0
780886,0.2811
780914,0.30215384615384616
780925,0.32639999999999997
780959,0.1597941176470588
780980,0.3839384615384615
781010,0.064710407239819
781015,0.0
781029,0.29715648452929566
781082,0.1029581395348837
781091,0.3578545454545454
781092,0.36625314009661836
781152,0.0
781166,0.4658578571428571
781187,0.00430769230769229
781212,0.1522188888888889
781237,0.2532249999999999
781260,0.4897729235880398
781278,0.5171369696969697
781356,0.0
781413,0.0
781601,0.21554285714285712
781658,0.0063333333333333575
781672,0.40446000000000004
781706,0.2460914285714286
781709,0.21703333333333333
781717,0.27993897727272726
781731,0.35002962962962964
781747,0.0
781790,0.2177103448275862
781869,0.2585107142857143
781874,0.0
781940,0.013484848484848433
782029,0.44637380952380956
782047,0.07633332154644037
782080,0.0
782096,0.11311403508771933
782101,0.30201142857142854
782125,0.36353749999999996
782152,0.0
782185,0.2859844444444445
782205,0.18284
782245,0.025088888888888827
782248,0.0
782336,0.009887500000000049
782338,0.2596247982391783
782356,0.052833962264150935
782401,0.08379999999999999
782425,0.2547285714285714
782432,0.19614146341463415
782464,0.2556051282051282
782473,0.4408276315789474
782530,0.09435384615384618
782601,0.0
782619,0.31871914893617026
782682,0.23862068965517247
782701,0.0
782719,0.46466086956521735
782747,0.3701940298507463
782836,0.15981874039938557
782881,0.0
782958,0.31387924528301886
783015,-0.11582440476190481
783020,0.2939
783166,0.12176363636363635
783196,0.40437619047619044
783210,0.41944722222222225
783239,0.0
783273,0.24262222222222218
783295,0.4139148936170212
783340,0.3152212765957446
783346,0.4014571428571429
783364,0.1933037037037037
783398,0.13594137931034478
783440,0.00013333333333331865
783450,0.34353888888888895
783452,0.0
783490,0.1810466666666667
783521,0.014055172413793171
783616,0.0
783637,-0.2956285714285714
783646,0.22085088050314466
783702,0.24219999999999986
783705,0.42703157894736843
783719,0.1752
783741,0.0
783742,0.012115789473684191
783820,0.27388235294117647
783847,0.04352727272727269
783867,0.1513622641509434
783912,0.011582608695652197
783921,0.0
783925,0.2366338905775076
783929,0.21011034482758617
783939,-0.03938055555555553
783976,0.0
783998,0.4916375
784033,0.0
784038,0.30965423728813557
784047,0.28468571428571426
784060,-0.1203232142857143
784131,0.25145000000000006
784202,0.21792499999999998
784224,0.0
784228,0.3083435897435898
784261,0.34427142857142856
784266,0.5320869565217392
784280,0.5068315605928508
784309,0.3945294117647059
784363,0.20605263157894735
784394,0.0
784440,-0.08724914285714286
784455,0.2764857142857143
784468,0.4668130434782609
784483,0.0
784503,0.33365000000000006
784519,0.13066982505910166
784521,0.425453164556962
784524,0.1748666666666667
784527,0.0
784536,0.0
784571,0.3662368421052632
784612,0.3170393442622951
784652,0.3519304347826087
784669,0.35619999999999996
784689,0.25076363636363636
784800,0.22675294117647057
784818,0.4376666666666667
784902,-0.2543714285714286
784913,0.2104867096774194
784940,0.20617846153846153
784949,0.32462775510204084
784956,0.3857369458128078
784964,0.2037826758147513
784983,-0.33935000000000004
785022,0.28316956521739134
785023,0.04775714285714283
785062,0.331275
785117,0.050903225806451624
785183,0.0
785191,0.0
785274,0.41606296296296297
785291,0.0
785331,0.0
785333,0.09771372549019608
785347,0.18193510167992927
785417,0.0
785470,0.1845357142857143
785472,0.3038590909090909
785520,0.06847894736842103
785541,0.34640666666666664
785559,0.20390897435897437
785573,0.0
785735,0.47277301587301584
785742,0.33993333333333337
785750,0.20903668639053258
785753,0.23295456132693143
785781,0.41777
785795,0.20104905660377356
785807,0.0
785820,0.11585333333333336
785839,0.31454883720930227
785850,0.26740327868852465
785859,0.14039999999999997
785868,0.409625
785892,-0.13991500000000007
785902,0.0
785958,0.20257142857142857
785965,0.35390909090909095
786035,0.0
786047,-0.16492522522522524
786055,0.28006956521739135
786093,0.33018947368421053
786103,0.23108307692307692
786133,0.3833000000000001
786156,0.0
786184,0.0
786212,0.3962125
786312,0.42569999999999997
786321,0.0
786394,0.0
786411,0.16791999999999999
786446,0.030077192982456147
786497,0.0
786501,0.05400070175438598
786534,0.3221316821465428
786540,0.28078888888888887
786591,0.013910638297872313
786634,0.0026666666666666505
786636,0.46828000000000003
786650,0.48261999999999994
786678,0.0
786716,0.17268823529411764
786735,0.06038461538461537
786737,0.31101212121212124
786738,-0.15090950721752114
786745,0.2855578947368421
786773,0.32097230769230767
786795,0.0
786847,0.0
786864,0.4392625
786924,0.0
786999,-0.5523571428571429
787009,0.36256785714285716
787088,-0.06297714285714287
787214,0.0
787217,0.18114117647058825
787223,0.41822499999999996
787227,0.266
787246,0.5261485714285714
787250,-0.15342500000000003
787447,0.15141428571428567
787458,0.47381538461538464
787470,0.272847619047619
787562,0.0
787622,0.23646666666666666
787625,0.24824264705882354
787634,0.2818974828375286
787649,0.40088571428571435
787674,0.21786430361618334
787686,0.12226614035087718
787727,0.3586653921568627
787729,0.0
787776,0.02612727272727272
787808,-0.10249714285714284
787809,-0.16118307692307696
787818,0.15892280701754385
787851,0.0
787885,0.0
787901,0.0
787916,0.29048631578947365
787960,0.12056111111111112
787968,0.494972
787978,0.25372666666666666
787992,0.4052493927125506
788062,0.44392380952380955
788066,0.46214999999999995
788067,0.015276923076923077
788100,-0.12501333333333334
788131,0.2210076923076923
788132,0.48830337078651687
788174,0.32834583333333334
788180,0.0
788200,0.29701818181818185
788221,0.16806244343891397
788260,0.0
788266,0.044325207039337455
788277,0.2986305084745763
788349,0.21256363636363634
788422,0.0037461538461538713
788433,0.22463044871794868
788452,0.26556500000000005
788480,0.24476025641025642
788519,0.39202604540023894
788526,0.13311111111111112
788536,0.21321111111111113
788566,0.0
788568,0.09661333333333338
788657,-0.38671836734693876
788674,0.347749641025641
788701,0.12124583333333333
788724,0.28896499999999997
788785,0.1928769230769231
788863,0.17874814814814816
788909,0.3695897435897436
788951,0.0
788954,0.20330333333333328
788981,0.0
789026,0.43964147058823533
789053,0.047584000000000015
789055,0.0
789057,0.3677862068965517
789063,0.0
789097,0.41609019607843134
789106,0.00928571428571423
789184,0.3305136363636364
789237,0.4386666666666667
789276,0.22759999999999997
789277,0.26810370370370373
789290,0.33745
789291,0.10302352941176468
789308,0.3921142857142857
789309,0.17179225225225225
789315,0.28018950166112955
789331,-0.10470000000000002
789410,0.334092
789456,0.0
789473,0.28075
789560,0.37582608695652175
789628,0.15468571428571426
789630,0.33518
789653,0.0
789660,0.3536423076923077
789720,-0.06170000000000003
789726,0.32384
789795,0.0
789800,0.17853396825396828
789811,0.2572133333333333
789820,0.011396551724137893
789858,0.2892
789885,0.0
789898,0.12240000000000001
789921,0.26376102212051866
789943,0.39918477564102567
789948,0.3758969696969697
789958,0.33441599999999994
789965,0.0
789968,0.15277500000000002
790008,0.4801586206896552
790068,0.35706000000000004
790155,0.0
790162,0.38238666666666665
790252,0.36879166666666663
790293,-0.029921731601731602
790301,0.36318214285714284
790337,0.48190956521739126
790363,0.18502580645161293
790366,0.33757551020408166
790386,0.2587733333333333
790388,0.020322857142857143
790402,0.13894221808014912
790446,0.29440912778904665
790465,0.0
790471,0.0
790474,0.15543913043478264
790505,0.3314169014084507
790509,0.0
790519,0.31811794871794863
790536,0.06373217938630998
790585,0.22503333333333334
790632,0.1137381818181818
790664,0.0
790777,0.0
790802,-0.5179625
790814,0.36420606060606064
790816,0.08174438095238093
790863,0.11799733333333329
790866,0.17646666666666666
790881,0.39325
790902,0.0
790971,0.0025933333333333364
791001,0.1917888888888889
791017,0.4147980267794221
791020,-0.216345
791031,0.1987880701754386
791048,0.04727999999999999
791070,-0.03421935483870964
791078,0.45742727272727274
791143,0.0
791169,0.009136589861751143
791209,0.013853703703703757
791247,0.09551034482758622
791251,0.08004299065420561
791257,0.010792000000000024
791276,0.3350861538461538
791282,0.09811454545454545
791303,0.24342500000000003
791310,0.3149769230769231
791405,0.4137583333333333
791468,0.0
791485,0.39893454545454543
791496,0.2506625
791556,0.19012857142857142
791557,0.07102424242424243
791609,0.2734145454545454
791667,0.5002
791692,-0.07145625
791725,0.0
791785,0.39743043478260864
791788,0.5028516953573292
791791,0.31742941176470585
791803,0.0
791817,0.26992
791825,0.11556250000000001
791916,0.2518195804195804
791980,0.0
792004,0.4830410256410256
792012,0.24139
792024,0.3500102564102564
792056,0.0
792145,0.4935961185983828
792163,0.273237037037037
792196,0.3339615384615384
792269,0.20259655172413796
792388,0.33111578947368425
792430,0.011866666666666692
792476,0.1044954545454545
792516,0.17521905172413793
792648,0.0
792655,0.0
792701,0.0
792719,0.15757435897435898
792751,0.22319629629629628
792758,-0.12511481481481482
792837,0.2258439024390244
792842,0.29275503875968995
792870,0.0
792886,0.280835294117647
792905,0.09455574229691877
792907,0.19959181141439206
792922,0.22079999999999997
792997,0.09440000000000004
793005,-0.16909795918367349
793009,0.15506285714285717
793025,0.23134666666666664
793133,0.19454790263319044
793162,0.0131
793163,0.40193636363636365
793224,0.40002209150326795
793260,0.17693499999999998
793285,0.40326315789473677
793287,0.38354936708860765
793295,0.40833043478260866
793389,0.20578235294117644
793390,-0.10526086956521741
793424,0.0
793439,0.08012584462511294
793471,0.2765654838709678
793500,0.01305517241379317
793521,0.18873750000000003
793549,0.4846358974358975
793625,0.15481818181818185
793690,0.300925
793727,0.333594884910486
793796,0.29583929824561406
793802,0.0
793808,0.39567500000000005
793817,0.012505882352941255
793819,0.38042085245901636
793911,0.15820457142857142
793928,-0.3529833333333333
793929,0.3527904761904762
793985,0.31030932568149217
793988,-0.08950030303030304
793991,0.127110101010101
794015,-0.14031428571428572
794091,0.2597028571428571
794132,0.0
794138,0.2282
794170,0.24718630136986303
794178,0.1836182275298554
794179,0.44470333333333334
794269,0.2353854545454545
794344,0.1730814814814815
794350,0.4968571428571429
794374,0.23434571428571432
794380,0.09089629629629631
794446,0.0
794454,0.36780689655172416
794456,0.12838451178451177
794470,0.39975000000000005
794478,0.4698139534883721
794522,0.0
794526,0.2532255319148936
794538,0.46399344262295084
794556,0.28133454545454545
794605,0.22730759637188208
794614,0.5111136363636364
794634,0.09048195488721811
794676,0.37511111111111106
794726,0.0
794771,0.19699038461538465
794842,0.4394888888888888
794845,0.5324604207436399
794873,0.0
794907,0.1720666666666667
795015,0.3355809523809524
795048,0.0
795054,0.2437411764705882
795110,0.16745346534653466
795146,0.24577916666666672
795156,0.059274999999999994
795157,0.1726833099579243
795203,0.4549321428571429
795319,0.1554647058823529
795365,0.2884666666666667
795391,0.1341490196078431
795395,0.36721974025974025
795419,-0.2970357142857143
795427,0.012655555555555531
795502,0.4590715384615384
795508,0.5382923076923076
795521,0.0
795541,0.2966862068965517
795593,0.0
795608,0.068509375
795615,0.2567090909090909
795650,0.27990344827586205
795651,0.03845789473684208
795732,0.0
795750,0.4030066666666667
795762,0.17396206896551722
795834,0.17188484848484842
795840,0.10613846153846154
795847,0.491978399122807
795863,0.2182737704918033
795893,0.22236428571428574
795900,0.0
795906,0.30032499999999995
795911,0.4338857142857143
795944,0.44745084745762714
795949,0.10886923076923077
795951,0.2920935483870968
795974,0.47241818181818185
795992,0.26584150684931507
795997,0.0
796021,-0.05689268292682925
796031,0.2741090909090909
796060,0.0
796065,0.17480463192721257
796146,0.3581896772767462
796171,0.3603189189189189
796221,0.21605333333333332
796236,0.0
796258,0.191852862745098
796297,0.0
796301,0.15820408163265304
796313,0.2883928571428571
796366,0.07571764705882353
796390,0.3933
796392,0.46818666666666664
796410,0.21627042253521123
796428,-0.21378039215686276
796437,0.034109999999999974
796442,0.03384000000000009
796451,0.3047114285714286
796461,0.0
796475,0.0
796487,0.0
796565,0.23586666666666664
796572,-0.12254736842105263
796603,0.4383555555555556
796660,0.2360615384615385
796666,0.10989552238805969
796705,0.4402385542168674
796743,-0.10118171428571426
796774,0.3119418181818182
796806,-0.13371284714861142
796819,0.0
796870,0.20120000000000005
796875,0.0
796916,0.2514544850498339
796939,0.23605384615384623
796973,0.3085504487482286
796990,0.0
796998,0.2778
797029,0.4020368421052632
797051,0.14293043478260867
797075,0.22490714285714292
797137,0.43976000000000004
797140,0.0
797163,0.0
797194,0.3674
797195,0.273109891598916
797217,0.3386714646464647
797225,0.2457888888888889
797269,0.11606797385620915
797284,0.1402255319148936
797359,0.2291125
797385,0.2245913043478261
797387,0.46631764705882356
797398,0.20839565217391304
797506,0.20360666666666666
797518,0.11753151515151505
797527,0.3434829268292683
797569,0.1106
797592,0.0
797623,0.14600121687196715
797639,0.36240000000000006
797643,-0.2619100000000001
797645,0.10339999999999999
797649,0.4100416666666667
797662,0.3125555555555556
797687,0.15874736842105264
797692,0.005302127659574496
797713,0.07670789096126251
797724,0.09283999999999998
797766,0.4343964912280701
797809,0.0031923076923077165
797831,0.17326666666666668
797880,0.0
797904,0.0
797925,0.19818685913389744
797944,-0.36389721212121207
797956,0.3861428571428572
797960,0.01935789473684213
797981,0.29276727272727276
797985,0.4731698535745047
798049,0.3126182027649769
798052,0.01269019607843136
798054,0.20342
798071,0.0
798073,0.20243333333333335
798103,0.31697129629629633
798110,0.2710818181818182
798160,0.4750326923076923
798186,0.36452
798238,0.004101886792452825
798251,-0.1027437070938215
798289,0.27894626865671646
798316,0.3956333333333334
798347,0.34362564102564097
798395,0.30407457912457914
798399,0.25864871794871797
798420,0.47673846153846156
798443,0.0
798504,-0.48455999999999994
798520,-0.015500000000000014
798590,0.1532
798599,0.36883684210526313
798602,0.0
798617,0.36468421052631583
798632,-0.12324343891402711
798656,0.31495
798676,0.29737583333333334
798677,0.0
798745,0.013486486486486426
798777,0.3115
798794,0.0
798821,0.04741694915254237
798825,0.13992395517867956
798854,0.34948421052631584
798867,0.014104000000000005
798874,0.03440259740259741
798881,0.16736363636363633
798903,0.05266253101736973
798956,0.24262564102564102
799012,0.22002575757575754
799069,0.18436105263157893
799085,0.4139771428571429
799140,0.0
799144,0.0
799158,0.09560000000000002
799207,0.01209333333333329
799254,0.2695255952380953
799255,0.49026666666666674
799267,0.28610982142857144
799279,0.0
799497,-0.050738181818181904
799499,0.3438523076923077
799509,0.5323797616601602
799512,0.3228466666666667
799529,0.0
799539,0.23589999999999997
799567,0.18730303030303033
799618,-0.0926909090909091
799620,0.030579764705882362
799657,0.37593333333333334
799694,0.07136087851750171
799763,0.35158184143222504
799788,0.4701862068965517
799790,0.0
799810,0.04299999999999998
799813,0.47685306513409964
799816,0.06841694915254237
799827,0.0
799872,0.1286241643213351
799935,0.2272238095238095
799975,0.30173
799984,0.0
799988,0.0
800018,0.1363301550387597
800035,0.1920675
800116,0.2179809523809524
800122,0.10257777777777777
800157,0.19430108695652182
800168,0.3326
800196,0.17590980392156863
800223,0.12673448275862068
800232,0.376336
800233,-0.08406122448979592
800238,0.0
800249,0.0
800261,0.4176615384615384
800266,0.27208666666666664
800271,0.011917073170731762
800286,0.1909199859254046
800345,0.05380000000000007
800361,0.22217200000000004
800369,0.2211126050420168
800372,0.24001621621621622
800394,0.0
800435,0.24594074074074074
800445,0.30656774193548386
800457,0.2261948717948718
800461,0.4583379310344827
800479,0.07645000000000002
800480,-0.03988
800503,0.0
800507,0.11492727272727274
800513,0.0
800557,0.012827272727272687
800596,0.17101417989417989
800631,0.3641153846153846
800672,0.3389136904761905
800728,0.30676129032258065
800731,0.28709411764705883
800739,0.4279366634522661
800792,0.3831218045112782
800808,0.14857272727272727
800818,0.15442941176470587
800848,0.0
800896,0.0
800908,0.4206437209302325
800929,0.32502999999999993
800940,0.40576249999999997
800955,0.0
800957,0.21515499999999999
801014,0.4191867363786462
801034,0.3818615384615385
801083,0.3071052631578947
801099,0.26480000000000004
801102,0.17173142857142856
801119,-0.193348717948718
801121,0.33297692307692306
801188,0.3235166666666667
801192,0.2011659574468085
801199,0.367580350877193
801219,0.318225
801265,0.2191684210526315
801277,0.23404000000000003
801367,0.294118439716312
801371,0.0
801412,0.2629944444444445
801413,0.0
801444,0.20334285714285716
801472,0.0
801481,0.0659
801563,0.0
801642,0.2980242914979757
801662,0.0
801707,0.0
801752,0.46067272727272734
801774,0.013787500000000064
801789,0.32324
801807,0.38814666666666664
801845,0.27682066066066063
801946,0.3799214285714286
801965,-0.07040526315789475
801972,0.22304210526315793
801989,0.2675952380952381
802017,0.0
802021,0.41610555555555556
802061,-0.15088385964912282
802064,0.12776223776223772
802077,0.3901481795687522
802081,0.0
802116,0.30644
802121,0.21466112493778
802130,-0.18779999999999997
802136,0.0
802147,0.3347158968850698
802161,0.33215108695652173
802218,0.06330453885257808
802223,-0.2218102564102564
802257,-0.05500000000000005
802291,0.1011285714285714
802294,0.3281096222380613
802312,0.4650610444177672
802319,0.2540413793103448
802382,0.18544835164835166
802429,0.45153333333333334
802435,0.0
802487,0.011085714285714254
802536,0.09917985257985262
802555,0.0
802557,0.3593448275862069
802561,0.08795555555555556
802599,0.13423696219035208
802607,0.0
802618,0.28909999999999997
802647,0.39549
802657,0.018596666666666706
802744,0.0
802769,0.001556756756756747
802790,0.18829340619307833
802806,0.2225454545454545
802810,0.30055384615384617
802881,0.37940000000000007
802886,0.1582831339712919
802890,-0.20819130434782607
802905,0.4009090909090909
802922,0.2727589743589744
802925,0.40084067796610173
802995,0.38412222222222225
803012,0.32237039473684204
803062,0.40005378421900156
803075,0.011886792452830197
803103,0.5013785714285715
803109,0.0068348623853211055
803166,0.013379999999999947
803179,0.06653548387096775
803196,0.19295999999999996
803201,0.0
803348,0.32621333333333336
803349,0.25830000000000003
803428,0.0
803450,0.46535000000000004
803479,0.33137818181818185
803490,0.37141632653061224
803500,0.05880946808510634
803551,0.1610727272727273
803574,0.24178857142857146
803632,0.3098912280701754
803640,0.08373333333333333
803665,0.43473333333333336
803667,0.002551724137931033
803691,0.013882352941176457
803700,0.1640647058823529
803719,0.21056666666666662
803730,0.13013565217391304
803734,-0.04100562770562771
803856,0.0
803857,0.17801538461538463
803863,0.0
803879,0.22152321428571425
803900,-0.33222222222222225
803919,0.3051952380952381
803939,0.36332000000000003
803947,0.37503749999999997
804019,0.012299999999999978
804028,0.0
804035,0.0
804068,0.48344705882352945
804103,0.37235151515151516
804132,0.4466542728635682
804165,0.3897466666666667
804201,0.0
804251,0.2832415584415584
804302,0.31238666666666665
804362,0.2434909090909091
804384,0.17844000000000002
804405,0.49655157894736845
804428,0.3083714285714285
804472,0.14747246376811593
804521,0.0
804567,0.4311617571059432
804608,0.26981428571428573
804630,0.20366470588235291
804645,0.09376000000000007
804659,0.0
804689,0.01719365079365079
804695,0.41854117647058825
804701,0.0
804710,0.48852499999999993
804721,0.268
804730,0.011486792452830241
804740,0.0192604103343465
804825,0.5159333333333334
804846,0.10536363636363635
804883,0.12012894736842106
804949,0.48363055555555556
804984,0.3824213815789474
804995,0.3320313725490196
805004,0.4520613636363636
805020,0.22014285714285714
805064,0.24488275862068964
805067,-0.06764166666666666
805088,0.18157692307692308
805142,0.12450499999999998
805150,0.46209
805152,0.35645378636464575
805180,-0.036678260869565216
805195,0.3632348717948718
805324,-0.06632631578947368
805351,0.4128727272727272
805372,0.12700816326530612
805392,0.417444537815126
805400,0.20313116883116883
805405,-0.0829444117647059
805410,0.07399459459459456
805435,0.2818
805450,0.2494173913043478
805486,0.21905185185185183
805506,0.0
805519,-0.1615892857142857
805535,0.2914322003577817
805539,0.10606333333333334
805594,-0.14106461538461534
805611,0.013894736842105293
805657,0.44364444444444445
805666,0.0
805694,-0.02316478108021732
805792,0.10122666666666663
805799,0.3768526315789474
805824,0.5195044776119402
805834,0.29174971428571433
805857,0.24227301587301586
805918,0.07926620689655173
805924,0.03866974358974362
806035,0.21429230769230767
806055,0.406886
806060,0.009119999999999906
806070,0.14284706845238096
806078,0.10225600000000001
806135,0.04382285714285716
806138,0.16642727272727273
806148,0.0
806184,0.21564494720965308
806250,0.14214761904761902
806312,0.41266
806328,0.0
806355,0.12281714285714285
806362,0.29281052631578947
806378,0.45160119617224875
806430,0.06902044311917063
806464,0.0
806500,0.11396
806531,0.12805
806582,0.5077523378582203
806621,-0.1447240875912409
806629,0.25201256495040153
806664,0.2590344827586207
806706,0.26141875000000003
806709,0.0
806711,0.06896774193548383
806717,-0.19791249999999994
806719,0.013883018867924424
806721,0.0
806750,0.4444984126984127
806827,0.22067489160425696
806838,0.4442631578947369
806841,0.483
806864,0.503806779661017
806884,-0.05105517241379309
806908,0.006280000000000008
806914,-0.10220000000000007
806963,0.0
806966,0.22422307692307697
806987,0.0
807017,0.0
807085,0.1816457831325301
807099,0.0
807122,0.012098039215686307
807134,0.2731084745762712
807148,0.0
807171,-0.20601278195488723
807280,0.11041052631578951
807305,0.15024499999999996
807325,0.4068380952380952
807326,0.2548533333333334
807381,0.4747549999999999
807390,0.03196666666666659
807401,0.0
807428,0.0
807439,0.19235666666666662
807441,0.04389621212121214
807444,0.0
807474,0.3316559440559441
807497,0.2430166233766234
807502,0.18648333333333333
807507,0.005073684210526341
807523,0.3335372549019608
807525,-0.05176896551724136
807557,0.16192
807568,0.21617499999999995
807584,0.1400865671641791
807596,0.0
807647,0.0
807677,0.30255893416927904
807687,0.27782324043457723
807696,0.3620192307692308
807728,0.0
807751,0.27732413793103444
807788,0.1951166666666666
807839,0.0
807845,0.47789999999999994
807861,0.08767999999999998
807891,0.0
807913,0.4602
807940,0.2983238095238095
807987,0.03244516129032257
807996,0.49987200000000004
808054,0.0
808055,-0.029701818181818163
808125,0.3052
808132,0.2669652173913043
808191,0.28024375
808193,0.3362624999999999
808223,0.3002501014198783
808263,0.0
808357,0.0
808422,0.0
808519,-0.47004074074074076
808562,0.173234375
808602,0.0
808745,0.013299999999999979
808797,0.40954856439704673
808841,0.0
808886,0.5009290322580645
808930,0.0
808980,-0.025904201680672256
808986,0.0
809055,0.22415000000000002
809056,0.3523921052631579
809085,0.42936363636363634
809127,0.32114074074074067
809128,0.4612
809148,0.06218943965517243
809187,-0.5838714285714286
809230,0.25677735849056604
809232,0.4993846153846154
809246,-0.09855609756097561
809266,0.0
809310,0.0
809391,0.30434511278195486
809455,0.0
809500,0.0
809566,0.06983151515151514
809578,0.20887027027027022
809582,0.06713921568627451
809626,0.14061643835616439
809741,0.3959435897435898
809743,-0.18638500000000002
809805,0.0
809858,0.45319999999999994
809866,0.006773553719008285
809907,0.0
809927,0.0
809974,0.19482222222222223
810004,0.42996249999999997
810008,0.292435294117647
810026,0.0
810030,0.17804884210526314
810035,0.3206374999999999
810060,0.0
810073,0.11177866666666667
810158,0.3268716981132075
810181,0.4822
810188,-0.08249523809523807
810204,0.31276250000000005
810235,0.16435
810266,0.49044999999999994
810280,0.21581344537815123
810297,0.0
810331,0.23977600000000002
810369,0.0
810382,0.0
810441,0.33113846153846155
810457,0.53002
810491,0.0052416666666666445
810547,0.29581875
810548,0.014200000000000101
810554,0.19794666666666666
810604,0.2805461538461538
810627,0.1674388888888888
810633,0.13386333333333333
810699,-0.13881578947368423
810729,0.016983333333333295
810781,0.0
810783,0.0
810818,0.01397551020408161
810894,0.26318787878787875
810895,0.1979689655172414
810905,0.3578139534883721
810919,0.006965714285714297
810996,0.0
810999,0.3127658536585366
811000,0.39943863636363636
811014,0.2361428571428572
811029,0.3083181818181818
811046,0.35450370370370365
811086,-0.052759999999999974
811093,0.41907142857142854
811164,0.24928623131392608
811195,0.32509374999999996
811211,0.0
811242,0.38805386904761896
811272,0.2382363636363636
811273,0.22414666666666672
811311,0.0
811315,0.0
811374,0.3073636363636364
811384,0.25571428571428567
811396,0.5218745762711865
811420,0.17072305555555556
811454,0.09002597402597402
811506,0.24162857142857147
811535,-0.16271688311688315
811552,0.26558000000000004
811584,0.39143225806451615
811628,0.059776811594202894
811639,0.19775172413793102
811763,0.48819999999999997
811795,0.0
811857,0.36080454545454554
811907,0.0
811941,0.44784730769230774
811978,0.0
812011,0.25118775510204083
812014,0.0
812025,0.07716
812028,0.06400399999999999
812041,0.020499999999999963
812068,0.2863758620689655
812171,-0.21234166666666665
812206,0.07648409090909092
812214,0.008925925925925893
812245,0.0
812247,0.09513684210526314
812250,0.44117142857142855
812269,0.20517274436090224
812275,0.18109241924851677
812296,0.03643099850968706
812301,0.29728
812339,0.4509916666666666
812358,0.0
812375,0.0
812378,0.4495
812400,0.2647142857142857
812451,0.4428923076923077
812460,0.4642705882352941
812479,0.0
812555,0.23940444444444445
812564,0.47533333333333333
812565,-0.23646666666666669
812600,0.4003
812641,0.07787058823529412
812645,0.20222500000000002
812660,-0.2704363636363637
812681,-0.04266451612903224
812695,0.004185057471264353
812721,0.3531235294117647
812738,0.0
812745,0.09870000000000007
812766,0.44947333333333334
812778,0.25062372881355927
812779,0.0
812813,0.0
812934,0.0
812947,0.0
812957,0.4131714285714286
812962,0.3956844919786096
812967,0.1987103343465046
812992,0.48170408163265305
813006,-0.06769934210526313
813062,0.30492307692307696
813095,0.29270952380952386
813107,0.38491999999999993
813136,0.335
813166,0.0037399999999999933
813196,0.19469975520195837
813203,0.2859333333333333
813246,0.4378872563718141
813285,0.0
813325,0.241946875
813343,-0.3741333333333333
813377,0.13822666666666666
813387,0.13002790697674418
813432,0.15992857142857145
813465,0.17124324324324325
813528,0.0
813537,0.0019438596491228033
813588,0.29758833746898267
813623,0.24085555555555554
813674,0.0
813720,0.26744615384615383
813721,0.0
813761,0.3697516290726818
813833,0.3495066666666667
813898,0.3013588235294118
813928,0.2051574468085106
813982,0.18173521126760564
814091,0.274664705882353
814093,0.26916750000000006
814111,-0.16273551829268296
814142,0.16485753424657534
814149,0.0
814175,0.36341249999999997
814179,0.0
814246,0.06149090909090904
814249,0.01381016949152547
814283,0.18844324324324324
814298,0.37031111111111115
814345,0.24334736842105265
814346,0.1376081632653061
814348,0.1243259649122807
814382,0.1762888888888889
814415,0.0
814417,0.09964475362318842
814429,0.07176160990712072
814444,0.012138461538461542
814464,0.27459512195121955
814465,0.0
814479,0.012279069767441864
814564,0.23665000000000003
814582,0.4672588235294117
814584,0.19067748518762345
814615,0.0
814635,0.0023166666666666613
814736,0.013000000000000012
814774,0.0
814787,0.0
814860,0.3332307568438003
814923,0.2786881447963801
814934,0.13961796875000002
814952,0.23239183673469385
814954,0.0
814958,0.006157446808510658
815009,0.3637245238095238
815039,0.4088790697674418
815069,-0.05150714285714281
815070,0.27387000000000006
815092,0.059699999999999975
815119,0.4007612903225807
815130,0.10237142857142861
815139,0.20080986410871302
815140,0.4194393939393939
815149,0.36632280701754383
815153,0.44966035842293905
815192,0.0
815219,0.0
815282,0.0
815295,0.0
815356,0.3998035714285715
815381,0.08171666666666666
815487,0.3252391941391941
815498,0.5213215686274509
815500,0.37775304114490166
815511,0.0
815543,0.11911714285714285
815548,0.34997586206896547
815593,0.27298636363636364
815601,0.24368214285714282
815605,0.0
815633,0.0
815811,0.5097818181818182
815825,0.40843346508563894
815842,0.1397171270718232
815895,0.18640784313725492
815907,0.1172426065162907
815922,0.0
815932,0.1260133333333333
816043,0.18410961538461534
816055,0.2572761904761905
816081,-0.03339702127659577
816101,0.0
816114,0.0
816166,0.28117142857142857
816172,0.2786666666666667
816206,0.0
816224,0.29063157894736846
816231,0.472375
816243,0.1979263157894737
816244,0.12635000000000002
816247,0.2426571428571429
816266,0.0
816269,0.4646181818181818
816318,0.1402067415730337
816348,0.0
816352,0.03707058823529413
816358,0.0
816391,0.4532658653846154
816406,0.32156326530612245
816430,0.007653658536585395
816485,0.16146363636363636
816489,0.29447999999999996
816505,0.038078727084053965
816534,0.3958114285714286
816569,0.20981538461538463
816602,0.31260000000000004
816725,0.2953535840331021
816732,0.0
816765,0.0
816816,-0.12006457680250787
816882,0.18231573604060913
816900,0.19334444444444446
816904,0.3778585585585586
816905,0.04083157894736844
816932,0.0
817016,0.0
817025,0.10794333333333328
817087,0.03205833333333333
817097,0.31582105263157895
817104,0.49244902325581397
817164,0.32803785084202086
817179,0.39931818181818185
817190,-0.06116969696969696
817223,0.5178529411764706
817261,0.48119160839160835
817463,0.013348571428571487
817473,0.21430199572344982
817486,0.47812558139534883
817523,-0.029173333333333384
817546,0.5175166666666667
817597,0.2966833333333334
817602,0.003307142857142842
817610,0.10801216438356165
817654,-0.012325373134328355
817739,0.23303333333333334
817785,-0.4066779512195122
817814,0.06221481481481478
817925,0.41013103448275867
817928,0.17051212121212123
817939,-0.6152348070965925
817961,0.1791052631578947
818034,0.1865573770491803
818059,0.1529263157894737
818068,0.4286827586206897
818093,0.0
818146,0.4337877551020408
818150,0.455848
818164,0.20584155932203388
818176,0.09294800000000003
818188,0.43779999999999997
818240,0.36547741935483874
818294,-0.026666666666666672
818340,0.3056888888888889
818367,0.0
818372,0.27179999999999993
818378,0.012205714285714264
818399,-0.04396666666666668
818425,0.3435555555555556
818458,0.3446884615384615
818465,0.2574777777777778
818475,0.3760769230769231
818483,0.3390081632653061
818550,0.09988000000000002
818609,0.0
818645,0.0
818698,0.3874470588235294
818774,0.4398851851851852
818820,0.0045348837209302495
818828,0.03711483568075119
818865,0.25369375
818874,0.4431272727272727
818912,0.5447309523809524
818926,0.21475
818953,0.004718367346938812
819060,0.0
819111,0.2873806451612903
819150,0.42319672131147534
819183,-0.10973207547169817
819242,0.0
819243,0.010388888888888892
819259,0.04913663366336634
819290,0.132268
819329,-0.08560000000000001
819397,0.3383357142857143
819428,0.28939999999999994
819432,0.44206650943396225
819443,0.43357808219178084
819452,0.33458208955223884
819461,0.0
819496,0.21575833333333333
819533,0.0
819648,0.014721304347826092
819723,0.19365714285714286
819853,-0.08571111111111118
819912,0.0
819913,0.3779674418604651
819920,0.30235999999999996
819928,0.2537194444444444
819934,0.01161538461538461
819965,-0.27930789473684214
819981,-0.028168000000000026
819989,0.38771636363636364
819999,-0.04727391304347828
820014,0.03411862745098038
820063,0.06626727272727273
820085,0.06534666666666669
820157,-0.019372608695652188
820163,0.18213939393939393
820254,0.22793117117117112
820370,-0.2973266233766234
820371,0.3785905056759546
820397,0.19251111111111108
820412,0.013325925925925908
820417,0.003015384615384642
820418,0.18875714285714285
820420,0.28332063492063486
820427,0.0
820477,0.23297704918032786
820510,0.16424629629629633
820548,0.3295333333333333
820593,0.0
820606,0.0
820623,0.3188910263497329
820646,0.29799999999999993
820665,0.2919729729729729
820687,0.2092705882352941
820689,0.2467294117647059
820712,0.47823333333333334
820724,0.053319047619047655
820797,0.0
820803,0.0
820805,0.37343030303030306
820842,0.378059574468085
820886,0.0
820894,0.18272244897959183
820968,0.0
820990,0.50948275
820996,0.0
821020,0.1736691075514874
821052,0.2898375
821105,0.0
821117,0.0
821164,0.35502058823529414
821176,0.12978571428571428
821197,0.08571666666666666
821206,0.0
821209,0.21466787096774187
821225,0.011288888888888904
821273,0.34361016042780745
821275,0.49586956521739123
821340,0.4770703703703703
821362,-0.07898983050847458
821381,0.15925
821414,0.20991500000000007
821481,0.26825714285714286
821490,0.42937069243156206
821496,0.3034881118881119
821515,0.33344
821526,0.37463269230769225
821545,0.0
821568,0.06452499999999994
821580,0.24208095238095234
821663,0.25968878205128204
821718,0.3974612903225807
821855,0.0
821868,0.0926191011235955
821885,0.0
821918,0.1322153846153846
821923,0.4072307692307692
821984,0.29173103448275867
822027,0.29778051282051277
822033,0.31711076923076925
822039,0.42919999999999997
822065,0.38138260869565216
822079,0.374752
822081,0.0
822117,0.300878947368421
822120,0.032767567567567546
822123,0.3337702127659574
822153,0.34072592592592593
822155,0.5009233527131783
822157,0.08501153846153847
822169,0.3356952380952381
822256,0.4907038461538461
822263,0.0
822275,0.4229560975609756
822279,0.09873913043478261
822286,0.3735266283524904
822297,0.22970545454545452
822306,0.0070666666666666655
822328,0.23409565217391307
822360,0.1692855392156863
822381,0.4027412398921833
822431,0.40118
822445,-0.2655777777777778
822462,0.2008618925831202
822480,0.050383783783783775
822500,0.0
822514,0.27596
822524,0.0
822542,0.28425652173913046
822543,-0.07124000000000003
822550,0.0
822573,0.01595806451612905
822619,0.19196235294117642
822638,-0.07135531235750114
822642,0.1263823529411765
822648,0.0
822661,0.398296
822677,0.07338532272325377
822689,0.36816651583710414
822715,0.3687238095238095
822739,0.0
822794,0.30902727272727276
822914,0.30083571428571426
822971,-0.1131922077922078
822984,0.0
823008,0.3272596825396825
823019,0.0
823037,0.3149725490196078
823044,0.2305176470588235
823045,0.0
823095,0.3672000000000001
823096,0.27523333333333333
823233,0.3197
823245,0.1725
823261,0.24117999999999995
823269,0.29385423728813553
823278,0.3316450000000001
823359,0.1561128712871287
823399,0.273725
823412,0.0
823417,-0.13895652173913045
823547,0.45771604938271604
823568,0.31226
823576,0.39094
823579,0.4319761904761905
823603,0.0
823623,0.23830285714285715
823629,0.47758592592592586
823647,0.16181179487179498
823654,0.030128276972624796
823662,0.308105
823680,0.38886
823684,0.32355
823718,0.293475
823736,0.38459999999999994
823808,0.5182933333333333
823818,0.4878847457627119
823844,0.0116235294117647
823876,0.17850659340659342
823990,0.34335909090909095
824004,0.4384
824025,0.4312755687973998
824039,0.21000000000000002
824070,0.4690979020979021
824072,0.15848974358974366
824085,0.22153333333333336
824163,0.24381200000000003
824205,0.0
824242,0.0
824250,0.0
824254,0.09106666666666668
824321,0.0
824365,0.1797391304347826
824404,0.3314222222222223
824443,0.24976488095238092
824474,0.0
824477,0.04343967611336033
824521,0.3443166666666666
824628,0.31202499999999994
824689,0.2931631578947369
824740,0.01284090909090907
824747,0.47039999999999993
824785,0.0
824840,-0.259320826709062
824870,0.13236923076923077
824903,0.0
824939,0.29752
825041,0.2091
825049,0.39779999999999993
825055,0.4216102564102564
825062,0.0
825090,0.0
825114,0.5115142857142857
825171,0.0
825172,0.303486133960047
825173,-0.046528
825189,0.0
825211,0.1856733333333333
825227,0.011194202898550776
825240,0.3122333333333333
825289,0.19743
825320,0.2813296296296296
825333,0.0
825393,0.007449999999999957
825422,0.1921823413480489
825483,0.0
825521,-0.16413846153846157
825602,0.33956140350877195
825665,0.38763333333333333
825676,0.0
825757,0.16136623198352784
825765,0.28829
825767,0.09284872866597005
825877,-0.04688538961038963
825879,0.19539166666666666
825957,0.2047923076923077
825993,0.22973454545454547
825997,0.2771876470588235
826001,-0.073096992481203
826042,0.46904545454545454
826044,0.09919877394636012
826100,0.00756190476190477
826128,0.45472765957446815
826133,0.0
826136,0.0
826189,0.12516666666666668
826244,0.3308911978221416
826396,0.3995222222222222
826409,0.00973095238095234
826414,0.3861555555555556
826420,0.36625294117647056
826430,0.013946666666666663
826489,0.20020444444444446
826490,0.22654545454545455
826500,0.1738923076923077
826508,-0.04249999999999998
826520,0.18252631578947368
826527,0.18729854215918046
826696,0.0
826717,0.0
826747,0.0
826756,0.041441008403361346
826760,0.41224864864864863
826816,0.21412000000000003
826874,0.012371428571428589
826914,0.21230114416475965
826968,0.3161999999999999
826986,0.0
826998,-0.15814870689655175
827106,0.0
827111,0.22749375000000005
827120,0.30421044334975367
827122,0.14069333333333334
827175,0.0
827232,0.239121568627451
827268,0.0
827345,0.0
827390,0.37187995975180277
827433,0.1790521739130435
827444,0.49088636363636357
827454,0.1524552380952381
827467,0.4738217948717949
827472,0.2733104761904762
827490,0.11450632911392405
827518,0.24731384615384622
827614,0.23874999999999996
827639,0.0
827641,0.4193692307692307
827694,0.0
827723,0.3521433962264151
827751,0.14891778846153841
827758,0.26300444444444443
827787,0.0
827788,0.12006666666666665
827800,0.33143856209150324
827828,0.19197446808510638
827907,0.23789375000000001
827925,0.3415880597014926
827936,0.004707142857142854
827986,-0.02351136986301372
828055,-0.21938235294117647
828060,0.2530338942307693
828071,0.0
828104,0.15621818181818176
828167,0.0
828213,-0.08579999999999999
828316,0.4897435897435898
828320,-0.010750000000000037
828361,0.4538712328767123
828371,0.26030601503759404
828382,0.2769185185185185
828431,0.4385809523809524
828442,0.3808816326530613
828444,0.22224561403508772
828446,0.29579999999999995
828451,0.0
828466,-0.04972727272727273
828529,0.0
828560,0.0612344827586207
828572,-0.039000000000000035
828645,0.5340125
828648,0.505559090909091
828679,-0.1398451612903226
828715,0.5230599829714773
828779,0.09690909090909094
828790,0.25706124999999996
828860,0.1554769230769231
828896,0.21610769230769228
828899,0.4556109243697479
828915,0.1451294117647059
828955,0.5180222222222222
829023,0.09211717171717171
829035,0.4586
829055,0.2554905660377358
829076,0.012754545454545463
829097,0.4251434343434343
829101,-0.11038749999999997
829243,0.3840176470588236
829285,0.42276923076923073
829286,0.41580000000000006
829298,0.0
829304,0.05176108597285073
829327,0.38202
829379,0.0
829380,0.0619952380952381
829415,0.17814999999999998
829465,0.3575555555555555
829486,0.3479692307692307
829499,0.16244000000000003
829517,0.17899047619047617
829556,0.004310541871921203
829559,0.40813750000000004
829570,0.12200399999999997
829613,0.4400530612244898
829615,0.3450090909090909
829702,0.4577785714285714
829810,0.23770000000000002
829892,0.35361875
829900,0.0
829903,0.0
829919,0.0
829948,0.3109409090909091
829956,0.24925000000000003
829961,0.2790631578947369
829992,0.2682603773584906
830012,0.3115223388305847
830013,0.4101600000000001
830065,0.06312889830508472
830094,0.40894901960784313
830117,0.23074545454545453
830182,0.0
830197,0.23204
830209,0.0
830283,0.3340666666666666
830300,0.06070666666666666
830417,0.38878014888337464
830442,0.24929122807017534
830449,0.012283720930232556
830478,0.28255172413793106
830482,0.0
830489,0.0
830511,0.022877677224736048
830534,0.1372761904761905
830602,0.48033793103448275
830627,0.3725047619047619
830635,0.13983039513677809
830650,0.23806890756302518
830662,0.12215167464114834
830711,0.008066666666666666
830787,0.17922222222222225
830789,0.50805
830802,0.29035999999999995
830810,0.24035339717282267
830823,0.284535
830946,0.0
830956,0.0
830983,0.0
830987,0.415504
830988,0.20694285714285715
831018,0.17476874999999997
831038,0.0668677966101695
831042,0.11547906976744182
831104,0.23265405405405407
831179,0.03648571428571429
831243,0.44112167832167826
831259,0.0
831262,0.0
831270,0.0
831273,0.3353
831348,0.1187389903329753
831390,0.0
831392,0.0
831435,0.0
831463,0.4977428571428571
831488,-0.0378
831520,0.0
831530,0.05364444444444444
831591,0.4093252136752137
831610,0.1750065306122449
831637,0.20216842105263158
831642,0.3289304347826087
831662,0.3984952380952381
831671,0.306384705882353
831681,0.37203
831751,0.13779999999999998
831766,0.24934285714285714
831782,0.12070624999999999
831789,0.3357052631578948
831891,0.005750000000000033
831920,0.08989915966386555
831929,0.2966756756756757
831945,0.006900000000000017
831957,0.0
831981,0.3864461538461539
832024,0.49263333333333337
832052,0.15169799196787148
832071,0.47037775000000004
832177,0.0025617021276595764
832195,-0.1103333333333334
832213,0.3015653846153846
832218,0.0
832220,0.15676666666666667
832222,0.30897499999999994
832229,0.2543324324324324
832237,0.013650000000000051
832282,0.28938117647058825
832293,0.43247741935483863
832325,0.0
832327,0.0
832328,0.0
832434,0.0
832438,0.17861999999999995
832478,0.15907333333333334
832494,0.3951372549019607
832512,0.011983999999999995
832546,0.05661811965811969
832548,0.4612618618618619
832601,0.0
832602,0.2235942857142857
832622,0.14627407407407406
832686,0.315545
832707,0.5019
832720,-0.21317931034482762
832745,0.04889299363057324
832755,0.3196154385964912
832803,0.14741396825396824
832817,0.0
832877,0.20533333333333337
832878,-0.11865039548022596
832883,0.06903999999999999
832921,0.012199999999999989
832923,0.413528
832925,0.45347692307692306
832927,0.0
832968,0.21896571428571426
832974,0.21948999999999996
833011,0.0
833021,-0.21559999999999999
833040,0.22549333333333332
833050,0.23826272824919442
833066,0.30510909090909083
833095,0.08958083333333333
833151,0.33026428571428573
833155,0.15206724637681157
833204,0.0038363636363636378
833238,0.04617254901960777
833256,0.1481142857142857
833266,0.0
833279,0.0
833303,-0.14902343434343435
833316,0.0
833319,0.48918993589743587
833337,0.0
833356,0.0
833374,0.0
833438,0.434075
833440,0.47365833333333335
833505,0.036541176470588244
833562,0.0
833574,0.1622
833622,0.15666666666666662
833686,0.37772800000000006
833746,0.0
833764,0.126547371922821
833802,0.34688399999999997
833852,0.005312499999999998
833872,0.2400615384615385
833907,0.0
833931,0.15549999999999997
833963,0.011730000000000018
834028,0.3418184615384615
834052,0.24966507936507937
834058,0.08226666666666665
834061,0.4817529616724739
834120,0.0
834121,0.45411999999999997
834138,0.2407428571428571
834156,0.4814333333333334
834197,0.46543999999999996
834204,-0.13461730769230762
834225,0.30740434782608694
834227,0.007848275862068932
834283,0.21985172413793103
834300,0.4640222222222222
834307,0.02772727272727271
834354,0.4019096774193548
834368,0.4227694915254237
834379,0.013956521739130534
834418,0.007099999999999995
834466,0.2517242424242424
834477,0.13680000000000003
834510,0.0
834555,0.0
834598,0.27527609124190366
834604,0.4436785185185185
834638,0.07192500000000002
834710,0.0
834716,0.362684
834728,0.06914883720930232
834770,0.4254459039548022
834778,0.21424999999999994
834818,0.0
834845,0.002147368421052648
834847,0.2588926900584795
834848,0.26954
834856,0.0
834870,0.542847619047619
834887,0.1832166666666667
834894,0.28221999999999997
834913,0.08392222222222223
834921,0.37169387755102046
834970,0.013985714285714268
834973,0.0
835008,0.22483589743589744
835038,0.4471557500000001
835048,0.32570499999999997
835074,0.17782749999999997
835096,0.013703448275862118
835097,0.36773658536585363
835118,0.3462884210526316
835137,0.4040947368421053
835164,0.0
835184,-0.26378181818181823
835253,0.18443170731707317
835401,0.24082461538461541
835428,0.28003225806451615
835458,0.11444111519607844
835467,0.37618888888888885
835472,0.5210325581395349
835518,0.51044
835522,0.32200000000000006
835530,0.15239199999999997
835577,0.0
835587,0.0
835652,0.28080666666666665
835666,0.0
835686,0.011451612903225827
835714,0.18509032258064517
835726,0.32384
835730,0.0027333333333333376
835733,0.2142
835742,0.0
835762,0.0
835799,0.1704669435215947
835804,0.08336393442622952
835810,0.28024
835830,0.06398055555555554
835848,0.0
835872,0.48305384615384617
835887,0.24639999999999995
835896,0.0
835906,0.0
835913,-0.26206013303769404
835919,0.0
835946,0.34809999999999997
835978,0.06136991150442478
836011,0.3964952380952381
836025,0.2768375
836058,0.37115000000000004
836063,0.18727810650887572
836104,0.36048416707139386
836118,0.20703005649717515
836121,0.0
836130,0.34230535714285715
836149,0.060836977256052804
836151,0.28382666666666667
836153,0.20511428571428572
836160,0.13140000000000002
836173,0.0
836208,0.1878533333333332
836235,0.1901980066445183
836239,0.35141538461538463
836344,0.41240746054519367
836362,0.44496
836384,0.0
836396,0.013687499999999964
836414,0.0
836440,0.4193458333333333
836475,0.0
836476,0.14201016949152545
836482,0.16858113207547165
836503,0.0
836508,0.01307999999999998
836514,0.4504114285714285
836520,0.44076086956521743
836538,0.0
836576,0.50496
836590,0.15302030075187972
836623,0.23723529411764704
836627,0.09170909090909096
836692,0.0
836732,0.006450000000000011
836752,0.22479999999999994
836810,0.011349999999999999
836848,0.3846405063291139
836892,0.18428333333333335
836907,0.014229999999999965
836947,0.45067857142857143
836965,0.009080701754386022
836991,0.3117170731707317
837014,0.35742731554160123
837045,0.4763365853658536
837075,0.22712270531400963
837148,0.0
837178,-0.12243846153846155
837210,0.4086550688360451
837224,0.4370823529411765
837242,0.0
837291,0.0
837370,-0.12206349206349204
837386,0.0
837389,0.0
837390,0.1502133333333333
837403,0.002171602434077047
837435,-0.16006187997550525
837456,0.21633174603174604
837558,0.013012000000000024
837561,0.1995905723905724
837590,0.0
837593,-0.3837241379310345
837625,0.0
837626,0.3646
837628,0.3802036363636364
837676,0.1285
837689,0.13648076923076924
837712,0.22770769230769228
837720,0.30614285714285716
837739,0.2954171428571429
837756,0.4142
837779,0.29035999999999995
837793,0.5227666666666667
837838,0.013799999999999923
837844,0.22071000000000002
837861,0.0
837870,0.0
837894,0.34460384615384615
837902,0.38039097007223943
837925,0.32080882352941176
838006,0.34080000000000005
838033,0.0
838103,0.44126999999999994
838146,0.3999275862068966
838157,0.0
838227,0.16932631578947366
838255,0.3611035175879397
838274,0.1679
838301,0.5213508771929825
838391,0.009236363636363598
838477,0.07833008658008658
838498,0.29146000000000005
838511,0.10750588235294117
838519,0.26235555555555556
838533,0.2638142857142857
838539,0.0
838572,0.00956842105263167
838573,0.3148552631578947
838579,0.0
838613,-0.1496533333333333
838661,0.24880000000000002
838699,0.43895312500000006
838744,0.1274428571428572
838763,0.3014101052631579
838787,0.4590344827586207
838788,0.0
838870,0.5269511627906978
838912,0.23060000000000003
838928,0.0
838962,0.2187391304347826
838983,0.21754285714285715
838994,0.0
839022,0.46496666666666664
839095,-0.02003779448621551
839131,0.12351906354515041
839153,0.47530952380952385
839156,0.23181034482758617
839185,0.3053081081081081
839263,0.45129387755102035
839316,0.0
839385,0.15309999999999996
839397,0.30979999999999996
839409,0.18932413793103453
839410,0.41070285714285715
839462,0.10935777777777778
839477,0.4910363636363636
839491,0.30532499999999996
839555,0.4129074626865672
839564,0.3894522167487684
839587,0.3435944444444445
839602,0.43071666666666664
839690,0.11143428571428574
839703,0.371737386569873
839707,0.4078379679144385
839747,0.47210370370370375
839763,0.41497743190661474
839775,0.47248311688311695
839805,0.40552645998558046
839818,0.46080000000000004
839822,0.009540659340659396
839866,0.014022222222222158
839870,0.16044000000000003
839876,0.268930612244898
839935,0.0060813559322033806
839998,0.0
840016,0.2068551724137931
840136,0.41097446808510635
840144,0.30666
840180,0.0
840188,0.049602631578947357
840240,0.18486857142857144
840241,0.32798
840246,0.0
840286,0.22567407407407408
840323,-0.0032874999999999988
840324,0.37576999999999994
840330,0.007900000000000018
840335,0.12465999999999999
840342,0.28350987460815047
840347,0.06761185185185187
840377,0.2982311111111111
840392,-0.09840975609756097
840400,0.12361153846153847
840427,0.22649999999999998
840454,0.012177358490566004
840538,0.24443125
840572,-0.1056897959183673
840596,0.42224000000000006
840618,0.24262424242424244
840638,0.0
840666,0.14333361611876988
840672,0.046886206896551735
840733,0.11218823529411764
840738,0.27331937602627254
840794,0.20362758620689658
840804,0.22722857142857145
840882,0.0
840889,-0.25734285714285715
840914,0.21373333333333333
840973,0.242115
840975,0.12726000000000004
840977,0.0
840985,0.0774005128205128
841002,0.1830695652173913
841022,0.0
841046,0.0015399999999999997
841075,0.0
841110,0.0
841120,0.1731878095238095
841137,0.40362692307692305
841180,-0.04825101010101018
841235,0.337935294117647
841294,0.35519999999999996
841316,0.203644
841331,0.3339894736842105
841390,0.1421699746835443
841516,-0.006092682926829185
841518,0.0794218181818182
841524,0.32424137931034486
841569,0.3462772727272727
841570,0.03612499999999999
841587,0.13943571428571433
841717,0.003685714285714292
841746,0.01429999999999998
841757,0.22094545454545456
841824,0.10043571428571424
841875,-0.39843076923076925
841929,0.129225
841934,0.16714285714285715
841977,0.0
842004,0.16982641509433966
842011,0.0
842050,-0.2641794871794872
842078,0.21192121212121212
842284,0.1970807147766323
842291,0.1673584905660377
842324,0.09352132132132135
842355,0.24064166666666664
842362,0.38766181818181816
842376,0.0
842410,0.19881767955801105
842422,0.013953191489361694
842433,0.29205
842453,0.2815533333333333
842458,0.0
842468,0.2512000000000001
842470,0.33765230769230775
842498,0.3032560606060606
842501,0.4110897721250662
842556,0.41336244897959185
842621,0.2520941176470588
842629,0.0
842655,0.12895
842795,0.1858163265306122
842844,0.0
842852,0.10091428571428572
842855,0.36916182149362475
842879,0.20986999999999997
842918,0.0
842973,0.0
843023,0.3780133926365209
843029,0.0
843072,0.2774628571428572
843094,0.0
843125,0.0
843248,0.15867777777777778
843266,0.21316190476190477
843307,0.011564285714285694
843348,-0.11907163265306131
843351,0.4059870967741936
843471,0.30216000000000004
843484,0.3683462962962963
843490,-0.04282500000000003
843502,0.0
843515,0.17619261525907792
843567,0.013440000000000007
843647,0.19776363636363636
843670,0.13350714285714288
843677,0.29587307692307696
843707,0.3920730769230769
843773,0.0
843796,0.2364058823529412
843837,0.23837777777777777
843838,-0.2502429541595925
843862,0.047041153846153844
843864,0.34721403508771936
843875,0.15371764705882346
843877,0.1613666666666667
843884,0.36202857142857137
843936,0.0
843946,-0.6082484848484849
844012,0.0
844037,0.0
844044,0.35524153846153844
844066,0.0
844089,0.3349722222222222
844115,0.22324910714285717
844148,-0.18027070707070703
844149,0.3474878787878788
844187,0.28961333333333333
844274,0.0
844324,0.013933333333333353
844410,0.1856
844423,0.37199473684210527
844533,0.1829051674641149
844563,-0.015609302325581387
844696,0.15557258064516122
844700,0.0
844707,0.0
844709,0.4043448275862068
844760,0.025309090909090948
844783,0.3807933333333333
844821,0.283775
844859,0.014646153846153864
844913,0.013359322033898335
844922,0.18178235294117645
844942,0.0
844973,0.0
845016,0.42430232558139536
845024,0.30328
845046,0.2966529896359288
845048,0.37296666666666667
845177,0.2844490566037736
845243,0.2414666666666667
845281,0.0
845312,0.4995431930016403
845318,0.31995087719298243
845327,0.01372592592592592
845372,0.10882399999999999
845387,0.0
845399,0.13704999999999995
845449,0.23376326530612235
845476,0.34309333333333336
845498,0.40770000000000006
845579,0.04306315789473683
845637,0.0
845638,-0.03177222222222223
845651,-0.02879619047619042
845722,-0.18204000000000004
845755,0.2823122807017544
845762,0.0
845767,0.0128967741935484
845770,0.32075948387096775
845827,0.4369454545454545
845846,0.0
845877,0.0
845899,0.011886956521739211
845918,0.0
845956,0.226339837398374
845969,0.0
845970,0.0
846030,0.12966666666666665
846031,0.0
846139,0.0
846149,0.0
846189,0.2843
846214,0.32872676056338024
846303,0.4795391304347826
846342,-0.4116210424710424
846355,0.25312142857142855
846374,-0.038072727272727314
846452,0.167152
846490,0.0
846520,0.1276695652173913
846527,0.38048
846584,-0.45307222222222227
846588,0.28573333333333334
846664,0.011932000000000054
846667,0.0
846697,0.0
846707,0.09507727272727273
846709,0.12062580645161289
846713,0.0
846807,0.1204583333333333
846936,0.39686153846153843
846991,0.2162227272727273
847003,0.31198095238095236
847010,0.33742
847061,0.06313103448275859
847071,0.0
847080,0.33606363636363634
847085,0.3228246327683616
847104,0.0
847109,0.2821904761904762
847148,0.28378888888888887
847241,0.23030344827586208
847315,0.1661123966942149
847458,0.09236767676767677
847461,0.17911428571428573
847479,0.32335
847592,0.3304805406927626
847604,0.38025
847656,0.13257894736842107
847707,0.2675090909090909
847767,0.0
847805,-0.01739999999999997
847823,0.0
847846,0.3183304347826087
847889,0.32384594594594596
847942,0.32514736842105263
847960,0.0
847977,0.19345750000000006
848017,0.23022923809523813
848024,0.2028798424633011
848048,0.21545454545454545
848082,0.2706688888888889
848084,0.5300083333333333
848088,0.005518518518518534
848132,0.0
848171,0.07705142857142855
848177,0.2736666666666666
848182,0.37025714285714284
848217,0.0
848268,0.43836170212765957
848342,-0.026444444444444465
848349,0.3582451612903226
848409,0.40668000000000004
848418,0.255227688172043
848432,0.49598620689655176
848467,0.0
848491,0.0
848504,0.0
848520,0.33697659574468086
848524,0.0
848528,0.2042279069767442
848586,0.31274545454545455
848596,0.20929999999999999
848605,0.493995652173913
848656,0.31278855633802816
848675,0.0020888888888888624
848679,0.3543931931931932
848733,0.0
848783,0.0
848818,-0.303
848824,0.2093953488372093
848896,0.43355999999999995
848975,0.24491666666666664
848994,0.34338749999999996
849007,0.2173244755244755
849060,0.22071298701298708
849066,0.266175
849105,-0.05332468239564428
849116,0.015118181818181808
849120,0.006757236842105274
849129,0.21711999999999998
849202,0.3539988576091391
849210,0.0
849220,0.26774883720930237
849294,0.0
849416,0.326608095952024
849422,0.117224
849440,0.2063894736842105
849495,0.0
849501,0.2636038461538462
849550,0.4498000000000001
849553,0.39209999999999995
849555,0.19958235294117643
849558,0.44991249999999994
849566,0.3398
849589,0.2520121212121212
849592,0.24848749999999997
849615,-0.34986399999999995
849626,0.0
849644,0.269838303030303
849661,0.24575701754385965
849665,0.3074314285714286
849672,0.29057599999999995
849674,0.2271631430584919
849696,0.3904541666666666
849741,0.2906697674418604
849751,0.3832086956521739
849786,0.12325172872340423
849835,0.2845703703703704
849837,0.34455555555555556
849888,0.0
849896,0.14333230769230773
849940,0.011247619047619062
850064,0.32142552447552447
850088,0.44650545454545454
850093,0.27722058823529405
850099,0.34290645161290323
850191,0.0
850194,-0.1885925925925926
850204,0.18978875968992243
850208,0.31471578947368417
850211,0.011779166666666674
850228,-0.75234
850232,0.3784
850242,0.26414
850255,0.11668862745098041
850445,0.3701142857142857
850514,-0.3653833333333333
850522,0.15655714285714284
850573,0.0
850639,0.0
850680,0.4198727272727273
850721,0.2878
850728,0.06328615384615384
850776,0.3913105263157895
850800,0.0
850859,0.42541304347826087
850891,0.050817073170731725
850894,0.25251428571428575
850936,0.0
850945,0.4742068965517241
850950,0.0
851012,0.17166874999999998
851013,0.009199999999999986
851021,0.2549292207792208
851046,0.0
851079,0.0121
851085,0.25584772727272725
851107,0.36315555555555556
851250,0.0
851278,-0.15230206896551723
851336,0.20520888888888889
851391,0.0
851408,0.01370769230769231
851420,0.0
851513,0.01424000000000003
851538,0.012492307692307691
851564,0.09374666666666664
851581,0.13977444444444442
851591,0.0
851611,0.0
851649,0.3008545454545455
851751,0.0
851754,-0.21761960784313725
851757,0.18793333333333329
851786,0.040155487147914434
851829,0.08659195046439633
851840,0.29562736842105264
851842,0.27281012241054614
851997,0.2824153846153846
852033,0.0
852086,-0.36475384615384615
852153,0.0
852158,0.0
852209,0.2734727272727272
852230,0.27449642857142853
852246,0.0
852327,0.0
852351,0.4592153846153846
852361,0.0
852390,0.0
852398,0.06050729166666666
852410,0.11391818181818181
852420,0.0
852428,0.06921538461538462
852431,0.0
852447,0.32674042553191496
852478,0.0
852516,0.45063232115285645
852536,0.1973551020408163
852625,0.26112647058823524
852732,-0.42525555555555555
852733,0.004217499999999985
852775,-0.0666315421934725
852784,0.2219241379310345
852806,0.3823939838591343
852812,0.0
852820,0.1865575757575757
852829,0.20845990338164253
852844,0.19094578073089702
852883,0.0023953488372092935
852888,0.3168714285714285
852908,0.44372765957446814
852909,0.2484322580645162
852947,0.18272727272727274
852954,-0.18916216216216214
852990,0.012311111111111162
853016,0.22299469696969693
853090,0.0
853163,-0.17445
853170,0.0
853183,0.34921888111888116
853214,0.0
853225,0.3691333333333334
853239,0.27094569353165
853257,0.0
853317,0.23800000000000002
853322,0.30645684210526314
853344,0.2072
853410,0.3601
853423,0.15808
853448,0.0
853478,0.38749999999999996
853481,0.0
853508,0.5264647409733124
853594,0.0484
853599,0.0
853609,0.0
853625,0.0
853663,0.33096986301369863
853670,0.0
853684,0.0
853694,0.19637924528301887
853699,0.0
853713,0.0
853750,0.494902
853851,0.36894999999999994
853870,0.12991304347826088
853906,0.11905777777777779
853945,-0.14717254901960786
853959,0.39540419580419583
853973,0.0
854006,0.26593973063973064
854032,0.01536666666666675
854079,0.0
854081,0.0
854083,0.18728999999999996
854115,0.19299458064516134
854155,0.18286
854187,0.2548193548387097
854278,0.41485
854324,0.002690909090909077
854346,0.3716914285714286
854352,0.1777677419354839
854412,0.11603235294117648
854425,0.014359999999999984
854435,0.3952424242424243
854504,0.2760088888888889
854555,0.2206175102599179
854558,0.2735030303030303
854570,0.1953111111111111
854580,0.263736
854606,0.0
854607,0.41460769230769223
854611,0.2419221153846154
854630,0.29705000000000004
854657,0.352862
854680,0.2076
854687,0.24540344827586208
854809,0.2971854636591479
854832,0.009790243902438989
854872,0.34971538461538454
854923,0.0
854968,0.4592666666666666
855065,0.0
855118,0.30609565217391305
855135,0.08769444444444441
855137,0.3137333333333333
855141,0.0
855153,0.23121333333333333
855196,0.01275555555555552
855205,0.12344864864864863
855223,0.24481818181818182
855231,0.0
855255,0.44231830550401974
855268,0.4017052631578948
855279,0.37626976744186047
855418,0.3707
855441,0.00887222222222217
855455,0.0023428571428571465
855491,-0.1982844047619048
855493,0.22077833333333335
855525,0.15441176470588236
855535,0.0728295262704565
855536,0.35319999999999996
855554,0.26527999999999996
855572,0.19916923076923082
855575,0.3352938775510204
855581,0.29145405405405406
855673,0.11241081081081084
855700,0.33830518518518515
855811,0.27899999999999997
855830,0.35193749999999996
855839,0.4198705882352941
855901,-0.18555593220338984
855946,0.17229473684210522
855962,0.24852424242424243
855983,0.085751871657754
856078,0.0
856102,0.22402264150943402
856145,0.36116400000000004
856200,0.19759999999999994
856208,0.53374
856214,0.18099532467532464
856247,0.0
856249,0.0038692307692307915
856262,0.0
856283,0.261208
856347,0.007536842105263175
856377,0.2842612244897959
856382,0.3090857142857143
856391,0.24459999999999998
856401,0.00924210526315783
856485,0.26741074168797957
856534,-0.08779685157421291
856539,0.24564090909090908
856579,0.4176971428571428
856583,0.34087872340425535
856666,0.0
856677,0.005200000000000038
856688,0.36772499999999997
856721,0.3719086956521739
856730,-0.04195294117647058
856741,0.123024
856775,0.35035223880597016
856813,0.0
856814,0.08498461538461538
856837,0.06537446808510639
856872,0.3460882352941177
856926,0.279424
856941,0.4694002197802198
856944,-0.07578536585365853
856961,0.24658823529411766
856976,0.22752380952380952
857012,0.011933333333333351
857038,0.0
857040,0.19650625
857094,0.14510400000000007
857119,0.014133333333333331
857185,0.32578974358974355
857192,0.2915142857142858
857201,0.39600624999999995
857225,0.41026666666666667
857311,0.2895142857142857
857326,0.12138043117744611
857348,0.12891750340857447
857355,0.0
857419,0.23143291139240502
857458,0.2295375
857505,0.0
857506,0.16642133333333334
857507,0.14793870967741934
857568,-0.017627184466019408
857613,0.06025241675617615
857716,0.1172988862446454
857721,0.3521533333333334
857724,0.27523712154453706
857749,0.0
857830,0.1949419696969697
857849,0.14619999999999994
857857,0.2188
857896,0.04932000000000003
857904,0.47389333333333333
857906,0.15324272727272736
857912,0.0
857975,0.0
858066,0.3130222222222222
858090,0.3200470588235294
858096,0.34595789473684213
858098,0.4602518518518519
858151,0.3947224927536232
858153,0.46762666666666663
858188,0.32212
858207,0.48550625
858257,0.0
858268,0.2494666666666667
858287,0.18519692146933528
858288,0.045569230769230695
858297,0.2862125
858316,0.0
858320,0.3925395348837209
858340,0.29331666666666667
858371,0.012833333333333363
858389,0.14391627906976745
858502,0.3744666666666666
858575,0.0
858623,-0.24801067873303168
858683,0.05784090909090911
858686,0.3561578947368421
858709,0.19484186046511626
858726,0.3898203761755486
858734,0.22963809523809522
858738,0.14628205128205124
858793,0.09276860759493671
858794,0.27106451612903226
858808,0.0
858811,0.45006046511627906
858875,0.44928306451612904
858877,0.2630833333333333
858888,0.21960795031055902
858923,-0.3345357142857143
858927,0.4804461538461538
858935,0.0
858948,0.36679393939393934
858951,0.0
859007,0.014045833333333313
859039,0.43024333333333337
859043,0.29118750000000004
859077,0.0
859133,0.046790697674418624
859186,0.0
859272,0.0
859277,0.29588695652173913
859286,0.0
859317,0.15280727272727268
859360,0.2388
859407,0.36412108597285064
859408,0.23731200000000002
859413,0.011836734693877582
859426,0.45074285714285717
859465,-0.2564037357315808
859494,0.28115866666666667
859506,0.2595581395348837
859513,0.36946808510638296
859578,0.0
859586,-0.17667500000000003
859626,0.0
859671,0.161785
859692,0.41805824175824174
859733,0.19365185185185188
859737,0.2456363636363636
859760,-0.1568571428571428
859781,0.0
859812,0.008199999999999985
859826,0.0
859891,0.3725330769230769
859918,0.019386825885978454
859929,0.33880000000000005
859963,0.09386196078431372
859968,0.1266769230769231
859989,0.20996314285714285
859990,0.225048
859993,-0.204511243215301
860096,-0.21673207547169812
860109,0.12801538461538464
860152,0.3415474738675958
860163,0.17708235294117647
860164,0.26849732620320854
860179,0.02545575757575759
860208,0.21092771084337353
860210,0.12733777777777777
860236,0.16832478632478637
860241,0.43593333333333334
860277,0.005800000000000027
860322,-0.421085
860357,0.0
860376,0.18084166666666668
860391,0.28774
860442,0.16891929824561402
860447,0.0
860474,0.0
860478,0.0
860518,0.2654757281553398
860520,0.40517828947368423
860559,0.20055714285714282
860573,0.24331666666666663
860647,0.0
860737,0.11925806451612905
860752,0.031112605042016794
860798,0.0
860814,0.486140909090909
860845,0.0
860874,0.50115
860937,0.5104085106382978
860943,-0.7516631578947368
860977,0.34757142857142853
860981,0.0
860993,0.46733749999999996
861000,0.03322500000000006
861036,0.0
861064,0.046671428571428586
861073,0.28840000000000005
861105,0.22479467849223955
861121,0.24453703703703705
861122,0.23273271162123388
861140,0.35343529411764707
861142,0.3258
861143,0.0
861164,0.0018499999999999905
861174,0.0
861235,0.367768
861285,0.3575454545454545
861288,0.24477192982456142
861313,0.013868376068376098
861318,0.16148531228551816
861323,0.1988125
861342,0.2507333333333333
861376,0.34367630885122413
861377,0.019986666666666708
861381,0.0
861528,-0.037800000000000056
861541,0.06887168458781362
861574,0.21163137254901965
861581,0.22232380952380953
861622,0.1948188405797101
861689,0.4769933333333334
861697,0.04807692307692302
861699,0.0
861701,0.08926274509803922
861745,0.3059
861748,-0.015735483870967737
861765,0.0417909090909091
861769,0.43679999999999997
861776,0.14573333333333338
861872,0.007657142857142807
861930,0.0
861965,0.22374285714285716
861989,-0.11646923076923077
861996,0.03912085561497328
862002,0.32074
862004,0.0912037037037037
862025,0.0
862158,0.33796595744680846
862182,0.011900000000000022
862205,0.005133333333333337
862222,0.2337157894736842
862227,0.0
862311,0.01154999999999995
862316,0.0
862338,0.006850000000000023
862348,0.5345
862402,0.23030909090909094
862439,0.4124
862467,0.5397666666666666
862471,0.26141406649616367
862523,0.0
862605,0.1720778388278389
862671,0.0
862684,0.0
862719,-0.004666666666666708
862723,0.15614883720930234
862736,0.0
862744,0.28995
862781,0.041785644599303146
862830,0.4715538461538462
862846,0.002343999999999985
862911,0.4312571428571429
862919,0.21751914893617008
862965,0.35286666666666666
862967,0.23747500000000002
862968,0.34458947368421056
862976,0.031853129251700696
863058,0.0
863082,0.014024999999999954
863165,0.0
863246,0.2672146341463415
863247,0.33228604269293927
863265,0.0
863276,0.31496250000000003
863296,0.28376
863334,0.014347368421052664
863359,0.3028344086021506
863413,0.46089230769230766
863420,0.38782222222222223
863421,0.3019928571428572
863436,0.42369666666666667
863455,0.2315714285714286
863470,-0.1975139393939394
863478,0.18448139534883723
863540,0.0824
863625,0.4078678787878788
863644,0.10145833333333337
863670,0.05526236559139791
863680,0.3802357963875205
863682,0.01419999999999999
863706,0.4272
863707,0.38049047619047616
863724,0.38561666666666666
863762,0.3072434782608696
863804,0.3533333333333334
863821,0.19011515151515154
863826,0.0
863827,-0.03874693877551022
863830,0.1148993055555555
863841,0.08579677419354836
863846,0.3006106075216972
863861,0.012016666666666675
863884,0.013512500000000038
863954,0.40790000000000004
863971,0.317936
863987,0.23798333333333332
863998,0.13415454545454544
864027,0.11632074480783003
864060,0.27992000000000006
864098,0.0
864120,0.23067272727272728
864138,0.24271047619047617
864147,0.348825
864164,0.4375788461538461
864171,0.2849772727272727
864186,0.01243913043478262
864197,0.011479999999999935
864237,0.23132337662337654
864249,0.2435846153846154
864254,0.31363503534956794
864290,0.28319999999999995
864322,0.3274
864331,0.15249999999999997
864355,0.0
864414,0.32743428571428573
864435,0.37115172413793107
864464,-0.03625084745762713
864476,0.25828813559322034
864493,0.16494347826086958
864494,0.13861140849782538
864568,0.061463736263736246
864639,0.0
864652,0.06652920353982301
864674,0.02608983957219252
864685,0.25495
864700,0.14161666666666667
864701,0.18960954881833375
864720,0.37727755102040816
864722,0.49008888888888885
864813,0.38280000000000003
864877,0.47665154264972776
864884,0.4266325581395349
864885,-0.01588571428571428
864888,0.22958790584415587
864906,0.4081283018867925
864919,0.37157777777777784
864925,0.32470909090909095
864927,0.29963670995670993
864931,0.3147345759552656
865049,0.0
865055,0.44559240412294554
865151,0.36285000000000006
865165,0.43954705882352946
865168,0.14837333333333336
865186,0.09706657534246571
865202,-0.020893641114982597
865271,0.0
865324,-0.1687265306122449
865325,0.2582
865413,0.39609989823609226
865418,0.0
865428,0.008020000000000027
865471,0.3625428571428571
865513,0.26103496503496504
865524,0.15275294117647056
865563,0.0
865571,0.3815852941176471
865603,0.0
865626,0.19727999999999996
865659,0.011726829268292716
865685,0.3948727272727273
865688,0.33255555555555555
865689,0.42183928571428575
865810,0.0
865813,0.23331076923076924
865822,0.34315
865835,0.5336328358208955
865889,-0.3574338672768879
865891,0.42803846153846153
865892,0.2926909090909091
865907,0.36506904761904757
865916,0.2892972972972973
865968,0.2920622222222222
865971,0.3560595744680851
866021,0.0
866055,0.3380245614035088
866058,0.0
866062,0.23722451612903228
866065,0.5025583157894736
866108,0.3430344827586207
866145,0.0
866151,0.10000571428571428
866166,0.2871818181818182
866181,0.3834458333333334
866218,0.0
866225,0.38350625
866237,0.17315000000000003
866271,0.3361142857142857
866275,0.418
866346,0.00984666666666667
866358,0.0
866359,-0.2534125
866401,0.22111333333333333
866446,0.32945263157894733
866482,0.3293263157894737
866484,0.005814285714285716
866504,0.43316666666666664
866544,0.0
866545,0.0
866567,0.23290810810810814
866607,0.35766111111111115
866616,0.25049142857142864
866640,0.3526203389830508
866641,0.32236
866675,0.0
866683,-0.013286363636363596
866698,0.16055384615384616
866722,0.0
866733,0.34335000000000004
866757,0.0
866786,0.3750620689655173
866893,0.4173480519480519
866905,0.12944499999999998
866921,0.29812244897959184
866932,0.0
866987,0.29926285714285716
867010,0.11176226415094342
867060,0.008010101010101023
867070,0.013940740740740809
867197,0.22759902020820574
867207,0.1059
867210,0.0
867234,0.0
867243,0.27926086956521745
867302,0.37621939941536003
867303,0.33864000000000005
867317,0.1919642857142857
867388,0.3645128205128205
867409,-0.10572727272727275
867419,0.0
867424,0.0
867458,0.35613
867459,0.011611111111111128
867477,0.40453870967741934
867479,0.381139534883721
867494,0.25553333333333333
867496,0.3106664246823956
867548,0.013618181818181752
867550,0.0
867556,0.0
867558,0.4384555555555555
867563,0.05512307692307694
867601,0.0
867603,0.3281166790214974
867622,0.3421789841269841
867624,0.346848275862069
867631,0.16660756013745703
867656,0.2637483870967742
867729,0.0
867767,0.0
867787,0.12854339622641509
867791,0.07548080808080809
867827,0.14086666666666664
867845,0.3175111111111111
867848,0.10399999999999998
867864,0.0
867894,0.262664
867916,0.12200000000000001
867919,0.4828140350877193
867931,0.1074
867939,0.42719999999999997
867943,0.0
867998,0.012546666666666706
868014,0.2476336507936508
868054,0.26414000000000004
868065,0.34971428571428576
868136,0.24006320705760248
868213,0.2778855225988701
868234,0.2946181818181818
868322,0.2985598837209303
868353,0.0
868356,-0.20444999999999997
868357,0.07511887096774192
868361,0.18276110856619332
868364,0.0
868397,0.15123600000000004
868424,0.09813084112149532
868437,0.3023
868463,0.011309090909090935
868486,0.23171935683364253
868503,0.0
868507,0.4313347826086956
868526,0.24729383783783784
868528,0.33556615384615385
868549,0.21843
868573,0.0
868575,0.368853925165077
868641,0.006730769230769207
868693,0.4103041666666667
868720,0.274736
868721,0.0
868757,0.0
868798,0.17384608187134504
868803,0.14924545454545451
868807,0.0
868910,0.0
868939,0.43492972972972976
868942,0.32572093023255816
868952,0.4704636363636364
868955,0.011715384615384572
868956,0.09001463414634148
869023,0.008664406779661071
869066,0.029858769230769244
869127,0.009019544846050942
869153,0.42134316770186336
869160,0.0
869166,0.3154
869182,0.4998416666666667
869192,0.0038533333333333752
869221,0.36514
869251,0.27259999999999995
869253,0.37113333333333337
869261,0.0
869293,0.26265625
869351,0.25416666666666665
869369,0.346568
869385,0.3083058823529412
869397,0.0
869463,0.0
869475,0.34129642857142856
869493,0.0
869505,0.3356864864864865
869553,0.2087010101010101
869597,0.0
869608,0.0008037499999999989
869621,0.007927272727272672
869638,0.0
869654,0.0
869669,0.013476923076923053
869747,-0.03326249999999997
869751,0.5098093023255814
869757,0.0
869762,0.19329999999999997
869773,0.36431428571428576
869782,0.3742945945945946
869846,0.011760714285714235
869848,0.0
869878,0.0
869912,0.17031408163265305
869916,0.08769206349206352
869965,0.2979997518610422
869973,0.13685102575294633
869996,0.4757058823529412
870016,0.24048181818181819
870032,0.01630000000000001
870060,0.28164500000000003
870088,0.4409799999999999
870098,0.3967573333333333
870110,0.2557166666666667
870148,0.11414054054054057
870248,0.0835909090909091
870263,0.335225
870357,0.024466666666666692
870414,0.5105703703703703
870430,0.24627692307692312
870447,0.13565999999999995
870607,0.49463500000000005
870632,0.0
870659,0.0
870674,0.2743829787234043
870702,0.4509142857142857
870747,0.3857739382239382
870772,0.36734863387978145
870797,0.1659666666666667
870818,0.3628816326530613
870858,0.47309999999999997
870919,0.33502
871122,0.03651818181818184
871148,0.0
871163,0.0
871179,0.3594487804878048
871197,0.10451428571428573
871211,0.24917499999999998
871216,0.20888424242424242
871244,0.31826909090909095
871374,0.09364736842105262
871390,0.231784
871415,0.0
871472,0.04774909090909096
871537,0.0
871540,0.0
871592,-0.013468571428571427
871620,0.0
871624,-0.2245166666666666
871642,0.12228691489361704
871656,0.3278978107344633
871667,0.18833636363636364
871725,-0.04852352941176474
871776,0.3448828070175439
871837,0.0
871859,0.22013128342245997
871880,0.00906923076923083
871882,0.0
871889,0.056933436055469966
871897,0.0
871899,0.21812824858757063
871915,0.07214545454545457
871930,0.19481428571428572
871933,0.27915999999999996
871976,0.25085999999999997
872027,0.012849999999999917
872058,0.24103999999999998
872059,0.0
872069,0.3123333333333333
872075,0.33978
872101,0.012535135135135156
872114,0.4445714285714286
872120,0.0
872129,0.2723111111111111
872133,0.3115066666666667
872227,0.3589086419753087
872238,0.1370818181818182
872266,0.011587510766580489
872293,0.17881333333333332
872294,0.48864615384615384
872335,0.47834838709677424
872427,0.013112727272727276
872446,0.06595000000000006
872478,0.31323703703703704
872507,0.31875466666666663
872525,0.0
872527,0.41730136054421774
872532,0.23988409090909085
872533,-0.13779926090169986
872537,0.16179622641509436
872571,0.4283894736842105
872599,0.3716988095238095
872609,0.34409999999999996
872699,0.3193555780933063
872711,0.21713136200716843
872714,-0.23655294117647052
872737,0.3905971014492753
872872,0.09182499999999999
872877,-0.3786588235294117
872879,0.48537142857142856
872924,0.0
872944,0.007349999999999968
873029,0.0
873099,0.03642533333333334
873102,0.35772410714285713
873103,0.19651851851851854
873106,0.0
873152,0.19651000000000002
873227,0.1259937106918239
873295,0.0
873356,0.22523333333333334
873364,-0.40986904761904763
873367,0.14665
873376,0.012723076923076948
873379,0.0
873450,0.25320888888888893
873453,0.12363484848484851
873463,0.33846666666666664
873471,0.0
873477,0.4052683870967742
873529,0.009626923076923144
873552,0.12735186335403725
873630,0.004805405405405361
873646,0.11968000000000006
873671,0.30232000000000003
873692,0.013061744966442967
873696,0.28
873742,0.33336888888888894
873750,0.15587030303030303
873779,0.3016520547945205
873861,0.19484
873889,0.0
873900,0.1459433962264151
873904,0.17943749999999997
873920,0.0
873930,0.1985608695652174
873961,0.3300153846153846
874000,0.25658068181818183
874009,0.24790555555555557
874011,0.20568266666666668
874122,0.0
874124,0.4011
874126,0.20336571428571415
874136,0.24486346280447663
874197,0.0
874261,0.31660769230769226
874289,0.04152857142857147
874306,0.0
874316,0.40772571428571425
874347,0.17499117647058826
874350,0.013117948717948691
874445,0.0
874467,0.08611219512195123
874488,0.5052814814814816
874513,0.030252173913043523
874527,0.0
874549,0.27901481481481477
874621,0.09933737373737372
874663,0.19982307692307694
874718,0.0
874739,0.32935238095238095
874771,0.3668913043478261
874817,0.01435238095238095
874852,0.4125384615384615
874866,-0.10536981132075474
874870,0.3011607619047619
874879,0.18476233766233763
874885,0.20882592592592586
874900,0.3135783783783784
874905,0.0
874933,-0.02258823529411766
874948,0.22964117647058813
874960,0.29081375
874970,0.0
874995,0.28479999999999994
875107,0.20865833333333333
875149,0.013228571428571478
875182,0.43203478260869566
875203,0.30945789473684215
875206,0.30193198962753415
875234,0.0
875241,-0.09724931677018633
875271,0.12357128205128198
875290,0.005936585365853675
875308,0.40560739130434786
875310,0.49282222222222216
875396,0.30716
875411,0.0851916666666667
875424,0.3427434782608696
875430,0.4451448275862069
875467,0.0
875489,0.0
875547,0.40051578947368427
875554,0.2968011050527081
875624,-0.19211333333333336
875662,0.0
875680,0.0
875703,0.25452307692307685
875716,0.0
875750,0.0
875793,0.18230256410256412
875817,-0.5344758620689656
875866,0.012576923076923041
875892,-0.030286363636363667
875921,0.10711590434176926
875929,0.0
875992,0.2878166427546628
875993,0.27745263157894734
876001,0.4362083333333333
876004,0.31736
876025,0.2242421052631579
876152,0.3715857142857143
876183,0.3496666666666667
876197,0.3817141614906832
876243,0.013017647058823578
876250,0.3740282828282828
876261,0.08585405405405411
876307,0.3412590163934427
876309,0.37953120593692025
876337,0.20833636363636365
876390,0.44460000000000005
876572,0.0
876606,0.35152624920936115
876620,0.0843261904761905
876667,0.426875
876678,0.44598496240601504
876690,-0.015
876694,0.2858197802197802
876721,0.23590738916256157
876722,0.2776846153846154
876725,0.2068181818181818
876731,0.33915
876779,0.0
876849,0.39775151515151513
876957,0.08551570247933885
876959,0.4777606557377049
877016,0.0
877047,0.0
877059,0.18258823529411766
877205,0.14260366972477062
877207,0.38192222222222216
877270,0.3625478260869565
877296,0.074748275862069
877300,0.4585358490566038
877306,0.11466744707347445
877370,0.31763809523809516
877432,0.24333617021276593
877478,0.0
877538,0.0
877541,0.00258235294117648
877554,-0.2003176470588235
877600,0.03453015873015873
877627,0.06540714285714289
877642,0.247125
877651,0.19269598725480433
877677,0.2995689655172414
877685,0.4424260869565217
877742,0.33816799999999997
877795,0.023831999999999964
877837,0.17398807017543858
877838,0.15949999999999998
877861,0.0
877882,0.18270399999999987
877914,0.24150999999999997
877932,0.47999642857142855
877942,0.13184965034965035
878016,0.012093877551020427
878019,0.0
878061,0.41656161616161613
878089,0.1902470588235294
878105,0.4684
878157,0.17919359011210118
878172,0.48180833333333334
878175,0.013066666666666671
878262,0.3664655609756098
878334,0.0
878365,-0.02533128968253967
878410,0.0
878420,0.27787509433962265
878423,0.0
878443,0.14809444444444442
878456,0.2306538461538461
878457,0.0
878464,0.3742533333333333
878475,0.3720181818181818
878495,0.4118823529411765
878498,0.009619999999999962
878558,0.322672
878587,0.0
878596,0.2554909090909091
878643,0.0
878661,0.0
878679,0.5092000000000001
878696,0.3660727272727273
878753,0.0
878774,0.15009065040650404
878800,0.124071186440678
878836,0.49650000000000005
878858,0.2893452380952381
878903,0.2179
878919,0.23190999999999998
878922,0.16057333333333335
878937,0.4211333333333333
878962,0.4387657142857143
878963,0.26626030030030035
879028,0.12353641025641027
879044,0.2179469387755102
879071,0.0
879081,0.34403931623931616
879083,0.0
879109,0.0
879118,0.2849700487804878
879162,0.2844
879183,0.17359422043010753
879190,0.0
879194,0.3248148148148148
879204,0.014454545454545387
879226,0.2953140271493213
879233,0.26337647058823527
879260,0.3533091503267974
879319,0.0
879341,0.0
879375,0.39522131147540984
879411,0.10165795454545455
879428,0.08411249999999998
879440,0.3417444444444444
879442,0.32195102040816326
879448,0.518888888888889
879482,0.09159479166666662
879496,0.2156952380952381
879556,0.14287739938080496
879622,0.0
879654,0.23761764705882352
879671,0.0
879678,0.0
879684,0.12551666666666667
879734,0.38684799999999997
879756,0.3315766666666667
879777,0.24080977564102563
879789,0.0
879844,0.17254166666666668
879850,0.3253888888888889
879860,0.43374594594594595
879894,0.21956571428571425
879915,0.3230666666666666
879933,0.4087103448275862
879941,0.0
879998,0.0
880014,0.0
880072,0.26643544303797473
880101,0.44806181818181817
880157,0.0
880308,0.0
880320,0.3042488709677419
880369,0.09184615384615386
880407,0.43021428571428577
880433,0.3475853658536585
880465,0.0
880544,0.05386315789473678
880569,0.23124999999999998
880577,0.22003809523809525
880616,0.3382518018018018
880625,0.3740166666666667
880652,0.13251044776119406
880760,0.2902992555831266
880810,0.3877116834639791
880817,0.06277064220183487
880921,0.2754204081632653
880988,0.2106333333333334
880999,0.22974467432950196
881017,0.12619999999999998
881026,0.21437747747747748
881039,0.34400000000000003
881063,0.0
881076,0.0
881170,0.0119719298245613
881183,0.5394192307692308
881187,0.1266
881219,0.0
881247,0.28615238095238094
881278,0.34016
881283,0.24372432432432428
881294,0.0
881312,0.4371499999999999
881325,0.02149192546583853
881331,0.0
881364,0.0
881365,0.0
881376,0.004666666666666652
881436,0.43591250000000004
881441,0.20708
881448,-0.00021639236339698886
881472,0.015513725490196084
881503,0.0
881523,0.3787774193548388
881527,0.42837142857142857
881528,0.33310000000000006
881538,0.03798222222222222
881548,0.07033684210526314
881572,0.0
881579,0.15564090909090908
881596,0.2927702564102564
881622,0.28855333333333333
881696,0.15587916666666668
881726,0.35024999999999995
881749,0.18418629032258066
881753,0.24090847457627118
881793,0.276051724137931
881852,0.3770769230769231
881898,0.13036727272727272
881919,0.11315921658986172
881976,0.0
881977,0.006850000000000023
881996,0.0
882026,0.22462272727272728
882028,0.0
882047,0.011266666666666758
882115,0.17812941176470592
882132,0.049082352941176466
882156,0.22669002557544757
882173,0.20746666666666666
882225,0.3336115384615384
882242,0.03872403846153846
882313,0.14998961447678993
882356,0.0
882393,0.08140833333333333
882398,0.43140526315789474
882545,0.0
882581,0.37361999999999995
882680,-0.19303333333333328
882708,0.05762666666666666
882711,0.42019999999999996
882745,0.03395714285714285
882805,-0.0007945663531870872
882895,0.0
882916,0.0
882949,0.3179617021276595
882952,0.4408972972972973
882959,-0.060434482758620685
882962,0.0
882980,0.2138666666666667
882998,-0.019800000000000012
883022,0.17149655172413786
883024,0.3854238095238095
883047,0.16246666666666665
883055,0.172326125
883056,0.31887
883110,0.4433555555555556
883124,0.257
883148,-0.07403328495403966
883167,0.3025
883197,0.0148718446601942
883235,0.11673276315789473
883265,0.19805594489368072
883271,0.3363222222222222
883278,0.0
883354,0.29083414634146343
883374,0.0
883423,0.0
883465,0.32122669172932333
883471,0.0
883516,-0.004452631578947375
883520,0.0
883526,0.21037199999999995
883527,0.5068837209302326
883545,0.0
883546,0.0
883550,0.2566916666666667
883562,0.0
883563,0.3820941176470588
883596,0.007400000000000018
883604,0.39572575757575756
883608,0.1885
883727,-0.04732000000000003
883737,0.24687678571428562
883776,0.013485714285714323
883843,0.0
883845,0.22045062656641612
883865,0.2274204081632653
883881,-0.000348148148148153
883901,0.0
883958,0.2954657142857143
884017,0.33337637564196626
884040,-0.1205507575757575
884047,0.4289666666666666
884048,0.30034530154277705
884070,0.18235
884128,-0.16069545454545459
884134,-0.07226153846153849
884159,0.0
884202,0.012347368421052662
884215,0.012538983050847441
884246,0.3118444444444444
884277,0.0
884310,0.002484210526315783
884311,0.28091666666666665
884324,0.3144733333333334
884356,0.0
884382,-0.056799230769230796
884417,0.21852592592592596
884419,0.3434826086956521
884429,0.40442500000000003
884430,0.0
884467,0.39409374999999996
884474,0.3288111111111111
884480,0.27371
884494,0.040223529411764714
884529,0.058640275862068936
884546,0.4980764705882353
884559,0.5020984126984127
884565,0.0
884578,0.23176931216931215
884592,0.3215037313432835
884622,0.0
884625,0.28882345454545455
884642,0.0
884688,0.2531629984051037
884689,0.38142222222222216
884709,0.24882608695652172
884754,0.38383999999999996
884755,0.42579999999999996
884773,0.37683333333333335
884803,0.0
884852,0.012020376175548575
884857,0.3166
884865,0.0
884873,0.34153043478260864
884885,0.001744680851063829
884889,0.0
884899,0.0
884905,0.32966666666666666
884910,0.365531914893617
884914,0.0
884915,0.00492999999999999
884916,0.45933714285714283
884930,0.26874166666666666
884931,0.46172
884955,-0.5136470588235293
884959,0.46931304347826086
884982,0.26652165242165243
885033,0.4514652173913044
885055,0.014100000000000001
885134,0.16262734475769303
885159,0.5276375
885181,0.3412790697674418
885203,0.24867499999999998
885229,0.05551428571428574
885285,0.0
885286,0.26466802325581396
885317,0.3317507692307693
885327,0.46476000000000006
885402,0.338205
885432,0.330536
885437,0.0
885442,0.09026666666666666
885458,0.15611999999999998
885461,0.01042727272727273
885493,0.18329132569558104
885524,0.23830666666666667
885583,0.27235961538461534
885601,0.22257599999999994
885643,0.3629428571428571
885692,0.0
885699,0.19930833333333337
885701,0.2116785714285715
885722,0.34620999999999996
885729,0.0
885797,-0.1488840816326531
885813,0.0
885841,0.3661324675324676
885857,0.35105
885870,0.10984444444444447
885922,0.4841310344827586
885923,0.29446052631578945
885932,0.4869111111111111
886000,0.0
886082,0.05726666666666658
886085,0.46814736842105265
886124,0.11826666666666669
886148,0.030959999999999988
886165,0.3846333333333333
886193,0.31123389830508474
886196,-0.4368628571428571
886227,0.4526297872340425
886251,0.2746516129032258
886257,0.44750909090909097
886362,0.2536666666666666
886399,0.21770909090909088
886424,0.12129095169775228
886449,0.3512388059701492
886541,0.3311666666666666
886577,0.06473333333333332
886591,0.21352916666666666
886611,0.41114782608695655
886621,0.0
886660,0.33191534225019664
886674,0.012635294117647078
886685,0.20966466165413533
886725,0.39837333333333336
886739,0.27351048387096777
886777,0.36120956848030017
886843,0.0
886955,0.25675733333333334
886966,0.29617297297297296
886973,-0.08337473170731707
886982,0.11293840742403832
886997,0.4290529411764705
887004,0.10952959183673469
887038,0.12232111111111116
887076,0.22526993097497844
887091,0.2083487179487179
887139,0.2341333333333333
887205,0.0
887212,0.0
887271,0.42581666666666673
887279,0.2157272727272727
887291,0.2325888888888889
887299,0.3325006944444444
887356,0.33655789473684206
887359,-0.07243383399209485
887391,0.5069785714285714
887422,0.4440057971014493
887424,0.26654999999999995
887441,0.38689999999999997
887481,0.0
887500,-0.18860799999999997
887512,0.1855230769230769
887515,0.38330214932126705
887517,0.10172253393665157
887532,0.46207367066895366
887550,0.23387
887564,0.12497641337386017
887569,0.41946363636363637
887570,-0.17226
887606,0.0
887643,0.1213944627554383
887644,0.06218884012539186
887645,0.2341884615384615
887768,0.3073176470588236
887770,0.271245
887833,0.0
887853,0.15831266233766234
887926,0.0
887946,0.24097000000000002
888116,0.43795555555555554
888119,0.0
888126,0.1974537313432836
888184,0.27275189873417716
888194,0.14166666666666666
888196,0.31310000000000004
888216,0.0
888238,0.3262268656716418
888269,0.18284350877192984
888280,0.23710041925205433
888287,0.0
888288,0.0
888385,0.0536203389830508
888401,0.25534761904761905
888442,0.2228523809523809
888479,0.0
888480,0.333938775510204
888483,0.0
888493,0.32820000000000005
888505,-0.04492435897435898
888532,0.4363463414634146
888534,0.05193793103448277
888544,0.16158857142857141
888556,0.408634693877551
888565,0.019277472527472528
888594,0.04597142857142855
888596,0.28536702470461867
888608,0.4091904761904762
888611,0.4032950122078828
888710,0.19487178241864983
888731,0.2682875
888885,0.26284153846153846
888893,0.13202714546561173
888904,0.14343098591549297
888923,0.05581063829787225
888942,0.4193942857142857
888944,-0.004392727272727326
888949,0.24006111111111111
888988,0.0
889021,0.008717647058823497
889030,0.2301692307692308
889085,0.4003
889138,0.14315172413793098
889139,0.3429972789115646
889176,-0.031200000000000006
889231,-0.30983793103448276
889423,0.012415789473684158
889451,0.29807457627118644
889468,0.012714285714285678
889474,0.4784707191316147
889508,0.12237435897435897
889525,0.0
889532,0.46325199999999994
889585,0.38161951219512197
889607,0.3429518796992481
889684,0.010461666666666647
889699,0.4507444444444445
889781,0.2843704545454545
889843,0.10076983240223462
889851,0.0
889930,0.0
889931,0.3005649122807017
889942,0.0
889957,0.0
889967,0.23093548387096774
889993,0.28783429027113233
890004,0.15551451131852806
890006,0.0
890035,0.3781741935483871
890064,0.2314166666666667
890122,0.011357575757575677
890152,-0.13853333333333334
890230,0.0
890243,-0.2585570391872279
890251,0.0
890276,0.08182727272727275
890285,0.22628928571428572
890377,0.2913742857142857
890409,0.0
890413,0.0
890416,0.27545
890462,-0.11987730263157892
890511,0.013234999999999997
890535,-0.3679266457680251
890541,0.0
890544,0.010180392156862728
890559,0.37994000000000006
890561,0.04830000000000001
890576,0.335137899543379
890580,0.29806829268292684
890617,0.0
890730,0.17014179894179893
890733,0.3156472727272727
890756,0.21439999999999998
890766,0.13284999999999997
890771,0.4003333333333334
890786,0.3629733333333333
890811,0.23145652173913045
890827,0.36296981132075473
890868,0.0
890897,-0.10607115021998748
890951,0.07416984126984133
890980,-0.12735555555555556
891007,0.0
891046,0.17882380952380955
891075,0.31951428571428564
891083,0.32099692307692307
891096,0.07931864406779661
891159,0.2092
891171,0.014162499999999967
891179,0.28755000000000003
891200,0.1753307692307693
891217,0.47767741935483876
891326,0.3180617054263566
891340,0.019058333333333344
891341,0.3280187643020595
891383,0.16725652173913044
891385,0.0
891409,0.1594977847769029
891425,0.09091636363636364
891452,0.03941052631578951
891460,0.0
891466,0.0
891493,0.013899999999999912
891541,0.20296825396825402
891567,0.3815624999999999
891582,0.42172333333333334
891601,0.41737894736842107
891604,0.07266249999999999
891641,0.43269743589743587
891658,0.275540594059406
891699,0.41380666666666666
891704,0.0
891720,0.4210750000000001
891727,0.17717333333333335
891740,-0.10036
891744,0.2264857142857143
891800,0.014066666666666672
891833,0.3324879807692307
891865,0.4413011764705883
891882,0.17691612903225806
891884,0.12232374999999995
891897,0.09025378787878788
891899,0.1571730769230769
891925,0.24975294117647062
891943,0.21298888888888895
891961,0.42483728813559324
891978,0.11973333333333336
891980,0.4074347826086956
892002,-0.10007179487179485
892028,0.2513529411764706
892127,0.23513454545454543
892252,0.0
892262,0.15137777777777778
892266,0.0
892295,-0.3879686274509804
892321,0.08584440559440559
892330,0.269184
892331,0.48461951219512195
892332,0.0
892356,0.0
892381,0.3734741199478488
892440,-0.021037500000000015
892451,0.18118709677419353
892485,0.2320208333333333
892520,0.309675
892545,0.0032346153846153913
892551,0.38688
892642,0.20799999999999996
892771,0.4155029126213593
892775,0.301578410311493
892796,-0.11959999999999993
892840,0.14900625
892863,0.16465045045045046
892880,0.0
892908,0.0
892919,0.014599999999999946
892924,0.27193361976369496
892950,0.2608731707317073
892967,0.187575
892993,0.16782173913043477
893029,0.047747372279672795
893066,0.0
893094,0.0
893106,0.0
893142,0.23538076923076928
893144,0.0
893259,0.04533455284552845
893282,0.397168
893300,0.0
893316,0.3579333333333334
893337,0.4940487804878049
893412,0.0
893419,0.30532941176470585
893447,0.3767368421052632
893463,0.0
893469,0.22127058823529414
893502,0.2347639344262295
893523,0.0
893557,0.08495918367346939
893575,0.42511304347826095
893585,0.0
893646,0.4107495215311005
893717,0.0
893747,0.18424090909090912
893748,0.0
893772,0.2304444444444444
893773,0.0
893816,0.0
893858,0.3953285714285715
893870,0.17719999999999997
893872,0.3774266666666667
893985,0.0
893998,0.012466666666666626
894004,0.0
894034,0.346576
894038,0.0
894048,0.1756349514563107
894068,-0.28285862068965517
894091,0.0
894130,0.4193129824561404
894157,0.4196146341463415
894161,0.11561511627906973
894178,0.38316242424242425
894238,-0.3167411764705883
894256,0.3718666666666667
894289,0.26269087809036656
894291,0.12990649350649347
894305,0.011737777777777736
894377,0.0
894442,0.14607499999999998
894491,0.17141443228454173
894520,0.2974862745098039
894562,0.0669305389221557
894639,0.19900512820512817
894657,0.0
894658,0.47229860139860147
894702,0.2233478260869565
894750,0.06936666666666669
894752,0.4711
894753,0.0
894767,0.2015823221300742
894771,0.0
894773,0.25371499999999997
894777,0.0
894899,0.4569384615384615
894915,0.0
894951,0.5041
895026,0.07736438356164382
895033,0.10003823529411765
895050,0.22612352941176472
895071,0.4456
895127,0.0
895131,0.0
895181,-0.6306769230769231
895193,0.005876363636363624
895212,0.13218084291187743
895238,-0.3062906060606061
895261,0.0
895406,0.48394000000000004
895438,0.0
895511,0.401787294117647
895577,0.25063030303030304
895607,0.3619539682539683
895611,0.4333285714285715
895617,0.0
895618,0.3267424242424242
895647,-0.15236981132075472
895653,0.16461745454545457
895717,0.44710689655172414
895749,0.12265080808080808
895770,0.10632727272727271
895779,0.44279234063995976
895787,0.0022800000000000042
895798,0.25025000000000003
895802,0.16436551724137932
895838,0.0
895842,0.15605000000000002
895845,0.36458500000000005
895856,0.3931888888888889
895876,0.4586818181818182
895967,0.2862476190476191
895971,0.0
896053,0.25268223938223944
896078,0.332627027027027
896124,0.024293333333333333
896142,0.15394117647058825
896145,0.0
896206,0.26177272727272727
896211,0.0
896215,0.35749278350515457
896260,0.013956756756756783
896316,0.3771478260869565
896394,0.15915714285714289
896403,0.26375000000000004
896413,0.012686363636363551
896435,0.28933333333333333
896493,0.23165454545454547
896528,0.15370384615384614
896576,0.30578181818181815
896614,0.12718111076732674
896621,0.3424499999999999
896634,0.3546444444444445
896667,0.4166779661016949
896668,0.3696666666666667
896671,0.08962500000000001
896672,0.20501000000000003
896676,0.2418595238095238
896707,0.07416666666666666
896728,0.026442424242424267
896752,0.25317460317460316
896775,0.0
896791,0.0
896806,0.009700000000000042
896826,0.27713333333333334
896913,0.3437148148148148
896951,0.15412483631601925
896953,0.21721739130434786
897011,0.3543238095238095
897118,0.28462857142857145
897144,0.29114936061381075
897149,-0.014044554455445557
897169,0.1506
897172,0.18119555555555555
897224,0.2858
897250,0.0
897272,0.06286031746031748
897305,0.38815
897314,0.5268
897346,0.0
897380,0.25201023063276173
897384,0.09790000000000001
897415,0.012399999999999967
897441,0.013618181818181863
897443,0.4310777777777777
897469,0.0
897479,0.0
897482,-0.17927058823529418
897530,0.15937199999999996
897566,0.2324
897609,0.20225128205128204
897610,0.058328571428571396
897661,0.0
897681,0.014381818181818162
897688,0.26864750000000004
897717,0.495475
897789,0.42375233785822025
897790,0.41923333333333335
897796,0.2451111111111111
897848,0.04795744680851066
897918,0.27349999999999997
897926,0.29646956521739126
897948,0.3104166666666667
898012,0.01257297297297294
898014,0.3968666666666666
898109,0.42046042857142857
898128,-0.0962279069767441
898136,0.0
898140,0.3787879541734861
898146,0.0
898185,0.4204848484848485
898206,0.4580571428571429
898216,0.012159183673469354
898237,-0.10631874999999996
898251,0.0
898269,0.31722
898281,0.0
898384,0.30737894736842103
898528,0.22098571428571429
898530,0.36302105263157897
898552,0.2595890909090909
898594,0.3219365614035088
898662,0.0
898669,0.2597866666666666
898673,0.0
898689,0.0
898693,0.0
898725,0.0
898749,0.05715471698113206
898750,0.33628085106382977
898763,0.0
898808,0.2261375
898820,0.0
898904,0.16609583005507475
898910,0.2065794359576968
898934,0.19145714285714285
898935,0.0
898965,0.431716
898988,0.4393307692307692
899019,0.24846341463414628
899029,0.3055333333333333
899039,0.33882077922077924
899056,0.046021428571428546
899063,0.0
899068,0.3679272727272727
899096,0.4286857026343691
899119,0.344960975609756
899124,0.18912413793103447
899175,0.0
899176,0.39485357142857147
899182,-0.028238596491228077
899184,0.3705090909090909
899195,0.02200314960629922
899237,0.01389230769230776
899238,0.0
899247,0.32022526315789474
899276,0.21509999999999999
899324,0.0
899370,-0.04847996422182471
899374,0.3466633333333333
899419,-0.18899444444444446
899430,0.23542372881355933
899468,0.43533928571428576
899509,0.32979375000000005
899588,0.047330000000000094
899622,0.011567567567567605
899640,0.20419230769230756
899670,0.0
899674,0.31479999999999997
899684,0.03418604651162793
899686,0.0
899758,0.0
899803,0.14717241379310347
899841,0.0
899873,0.27951304347826084
899972,0.2808986559139785
899984,0.007304347826086965
900039,0.0
900051,-0.22365714285714286
900058,0.0
900073,0.5020848484848485
900084,0.26799655172413794
900087,0.009624999999999995
900093,0.3488920634920635
900131,0.0
900133,0.0
900233,0.38924000000000003
900348,0.2904524716929025
900361,0.3232769230769231
900364,0.12792380952380952
900398,0.22971333333333332
900403,0.0
900416,0.29494426229508197
900460,0.052923670668953704
900560,0.490214900822448
900594,0.4195749019607844
900622,0.3535555555555556
900666,0.3524666666666667
900675,0.1625333333333333
900684,0.2005030303030303
900702,0.3121
900739,-0.13410232558139534
900764,0.43511746031746035
900798,0.2212727272727273
900840,0.17830573109243697
900910,0.3855735849056604
900929,0.24043076923076923
900987,-0.06198750000000003
900994,0.48943304883831196
900995,0.32089999999999996
901041,0.15257499999999996
901054,0.26040702341137123
901056,0.0
901200,0.3529019607843137
901211,0.194
901423,-0.07579555555555556
901429,0.2700444444444444
901476,0.2790666666666667
901571,0.32501111111111114
901578,0.0
901597,0.2121838461538461
901600,0.22703228758169935
901610,0.3110503783102143
901621,0.1341782608695652
901632,0.0
901638,0.3163378514780101
901654,0.16075
901677,0.21018148148148147
901716,0.0
901755,0.3227
901802,0.44949600000000006
901837,0.3371358974358974
901915,0.2380142857142857
901957,0.13590526315789475
902007,0.09966666666666668
902031,0.0019827586206896397
902043,0.40739583333333335
902162,0.040319999999999995
902178,0.0
902185,0.43964705882352945
902231,0.1809170731707317
902263,0.31195
902278,0.29946666666666666
902281,0.40458371040723984
902291,0.1557764705882353
902327,-0.01725263157894738
902333,0.4223407407407407
902345,-0.03649999999999998
902379,0.10441538461538463
902380,0.2828602739726027
902400,0.299968253968254
902423,0.3131080610021787
902445,0.0
902450,0.37712777777777773
902459,0.0
902477,0.26154166666666673
902520,0.11208000000000001
902526,0.09189302325581394
902528,0.0
902584,0.31343499999999996
902628,0.46142380952380957
902642,0.4401939045428407
902645,0.0
902654,0.39384583333333334
902658,0.3954470588235294
902691,0.4583893557422969
902700,0.09113389830508474
902753,0.09728393939393937
902762,0.0
902770,0.0
902776,0.47073750000000003
902799,0.3302682033096927
902826,0.21541925675675672
902840,0.4443027027027027
902842,0.23542499999999994
902857,0.39949510489510487
902872,0.20756000000000002
902893,0.0
902904,0.0035578947368420932
902976,0.09307599999999994
902988,0.17087894736842105
902990,0.38811249999999997
902995,0.3376513157894737
902999,0.46888319327731093
903122,0.4347469387755102
903143,0.4727945882352941
903194,0.09749554540262706
903248,0.4904430976430976
903271,0.4744222222222223
903277,0.034636
903295,0.23956338028169014
903313,0.2762065573770492
903348,0.0
903375,0.4003066630552546
903396,0.432947311827957
903407,0.28204032183908045
903412,0.0038962962962962866
903429,0.49625147849462364
903504,-0.5075998480243162
903540,0.0
903614,0.0
903662,0.0
903664,0.2599518518518518
903674,0.12076888888888887
903675,0.0
903695,0.0
903696,0.0
903706,0.3750787878787879
903761,0.0
903822,0.0
903837,0.32395882352941174
903865,0.0
903873,0.19014233128834357
903882,0.4811500000000001
903884,0.06691020408163267
903984,0.3973684210526316
904040,0.2500045454545454
904049,0.0
904064,0.09357777777777776
904073,0.44513617021276597
904098,0.005457142857142883
904112,0.3993167391304348
904143,0.341276
904219,0.0
904223,0.435168
904251,0.40170588235294113
904271,0.0
904284,0.0
904304,0.0
904364,0.0
904377,0.4683571428571428
904388,0.10976744186046505
904404,0.0
904432,0.0
904453,0.0
904480,0.0
904535,0.3136472727272728
904551,0.3120588235294118
904552,0.0
904573,0.37981196172248805
904696,0.42018888888888883
904699,0.0
904721,0.10573571428571427
904724,0.12909999999999994
904726,0.0
904735,0.38255000000000006
904776,0.4052
904865,0.3218090425531915
904873,0.2787787878787879
904874,0.35978823529411763
904941,0.0
904953,0.24805714285714284
904960,-0.05333
904966,-0.3135272727272727
904970,0.0
904978,0.0
904988,0.04219292517006801
905005,0.01301860465116278
905033,0.0
905049,0.2531777777777778
905144,0.10298076923076921
905146,0.19437551020408167
905210,-0.17214999999999997
905408,0.1152546511627907
905411,0.3650727272727272
905412,0.070075
905439,0.014100000000000001
905473,0.13643999999999998
905501,0.0
905502,-0.1603130434782609
905512,0.15521111111111113
905528,0.17628570009930486
905535,0.42155438596491235
905546,0.24128
905567,0.24649787234042553
905583,0.20313000000000003
905594,0.4547766666666666
905606,0.1619404255319149
905671,0.2656186046511628
905688,0.14459473684210528
905717,0.26218504504504503
905727,0.31099999999999994
905736,0.01392380952380945
905780,0.3822133333333333
905793,0.3903066666666667
905826,0.0
905850,0.0
905853,0.19878549707602336
905857,0.22753011494252876
905897,0.40043255813953493
905938,0.3965191703331238
906021,0.30580816326530613
906024,0.0
906032,0.0
906042,0.0
906049,0.39683389830508475
906057,0.0
906058,0.2653066666666667
906065,0.4713141528239203
906079,0.0
906142,0.0
906154,0.37281875
906231,0.30305396825396824
906245,0.33492307692307693
906358,0.0025000000000000022
906366,0.46679200000000004
906378,0.38552
906458,0.34461785714285714
906459,0.3734105263157895
906502,0.42544000000000004
906511,0.1787088888888889
906519,0.29297142857142855
906547,0.3890983606557378
906556,0.060346016260162616
906636,0.16595348837209306
906655,0.22436140350877193
906686,0.507945641025641
906698,0.0
906708,0.0
906794,0.0
906888,-0.09090270270270268
906898,0.0
906901,0.0
906932,-0.10919999999999999
906937,0.0003287925696594425
906959,0.4252363636363637
906979,0.2584879120879121
906981,0.3968933333333333
907040,0.0
907051,0.14308571428571426
907077,0.0
907094,0.3024
907103,0.19800084459459458
907116,0.10102999999999995
907154,0.0
907164,0.19592499999999996
907169,0.36444814814814813
907175,0.19702303523035228
907176,0.12953351016799297
907179,0.0
907189,0.21814934210526316
907227,0.005963636363636338
907309,0.4361125
907320,0.41804489795918365
907364,0.3262125
907416,0.005511111111111078
907426,0.32132727272727274
907455,0.012183999999999973
907466,0.07006909090909089
907494,0.0
907496,0.044830303030303026
907518,0.22392500000000004
907538,0.2899489361702128
907546,0.3495953488372093
907558,0.0
907564,0.0
907603,0.3455796068796069
907646,0.0
907650,0.06896666666666666
907697,0.14552093023255816
907784,0.004342857142857148
907831,0.0
907835,0.09006896551724142
907954,0.029546666666666666
908051,0.26166153846153845
908114,0.3487981087470449
908116,0.2700436707152497
908120,0.4135615384615384
908230,0.5205176132061184
908232,0.04602790697674419
908260,0.1119466666666667
908293,0.2601555555555555
908317,-0.1334495238095238
908335,0.12166511627906978
908358,0.22639999999999996
908373,0.1576275862068966
908461,0.45365714285714287
908479,0.43241153846153846
908487,0.0
908493,0.2853205882352941
908496,-0.2987513227513228
908534,0.01200000000000001
908543,0.0
908567,0.18838636363636363
908595,0.27765294117647055
908602,0.430586588764045
908619,0.2703933333333333
908647,0.3725642857142857
908660,0.0
908669,0.0
908726,0.17574788273615635
908728,0.011421052631578998
908729,0.37139322033898303
908745,0.0
908760,0.41803999999999997
908764,0.29305
908794,0.52744
908795,0.005004166666666643
908820,0.0
908827,0.28742499999999993
908849,0.009568181818181865
908869,0.0
908887,0.4053882352941176
908943,0.17360909090909088
908961,0.48848518518518524
909032,0.3121448275862069
909066,0.05393066666666668
909076,0.43918235294117647
909099,0.25730909090909093
909111,0.40110419580419576
909208,0.0
909217,0.20380512820512822
909221,0.0401857142857143
909259,0.0
909268,-0.02809879518072289
909289,0.016023404255319146
909327,0.0
909335,0.26726139359698686
909430,0.12176
909479,0.25977966101694916
909483,0.182904347826087
909501,0.43635
909505,0.11519642857142859
909536,0.476140625
909546,0.48744999999999994
909551,0.294241581027668
909571,0.41251428571428567
909637,0.44613333333333327
909655,0.2645833333333334
909672,-0.047099999999999975
909680,0.0
909729,0.4729820675105485
909774,0.41868353140916814
909785,0.011713043478260965
909816,0.0579720930232559
909822,0.18573085714285714
909848,0.0
909863,0.50608
909885,0.09142005681818183
909961,0.48526111111111114
909962,0.20749999999999996
910007,0.0
910016,0.0
910022,0.09379090909090909
910063,0.0
910079,0.2954888888888889
910140,0.35190571428571427
910172,0.15041
910179,0.1716569736842105
910238,0.0
910249,0.02488611658687695
910273,0.40674
910296,0.09975918367346936
910315,0.2647842490842491
910316,0.4399796296296296
910330,0.3784194202898551
910414,0.3406888888888889
910454,0.0
910492,0.0
910532,0.0
910548,0.3332122448979592
910713,0.16186666666666666
910740,0.0
910746,-0.15895000000000004
910773,0.0
910783,0.1707593220338983
910815,0.34232666666666667
910828,0.09481687403505584
910861,0.11117209302325581
910978,0.26442580645161295
910979,0.009283018867924597
910994,0.1615333333333333
911049,0.2124838709677419
911130,0.06985979268957992
911145,0.0
911159,0.26698309409888354
911179,0.1700571428571429
911182,0.3138863636363637
911260,0.46684137931034486
911279,-0.008257777777777753
911349,0.49707619047619045
911412,0.3223
911420,0.3973333333333333
911482,0.26727
911537,-0.042315384615384644
911549,0.12140000000000001
911592,0.0
911598,0.013085714285714256
911611,0.3782460038986355
911684,0.2649285714285714
911694,0.26002063492063493
911735,0.12671743119266055
911740,0.0
911793,0.4702570135746606
911798,0.007014814814814807
911799,0.05686675277706019
911870,0.43026181818181813
911896,0.2087019607843137
911942,0.35192012121212124
911967,0.3204380952380952
911987,0.09869508050089443
912048,0.46787586206896553
912056,0.15027185628742515
912072,0.14047
912093,0.26175294117647063
912118,0.08561115303983236
912126,0.0
912159,0.19114634146341464
912165,0.17578695652173915
912169,0.0
912259,0.180336
912266,0.21890384615384617
912274,-0.20544999999999997
912277,0.3649057338622431
912291,0.0
912343,-0.009866428571428554
912370,0.23114814814814816
912371,0.159844523326572
912425,0.0
912449,0.0
912493,-0.22038888888888886
912496,0.24076410256410258
912523,0.31674285714285716
912524,0.46267515190278224
912527,0.1469692307692308
912529,0.37258305084745763
912541,0.06028429496200394
912558,0.0
912570,0.011551020408163248
912606,0.41898039215686267
912664,-0.42591999999999997
912675,0.0
912709,0.1982758620689655
912783,0.43215000000000003
912820,0.3618863636363637
912825,0.2723154761904762
912827,0.0
912847,0.35521860465116284
912926,0.3538765068818225
912940,0.4006857142857143
913007,0.28515999999999997
913052,0.29625365853658536
913075,0.3709566666666667
913136,0.014086206896551712
913166,0.1518
913169,0.4473441860465117
913209,-0.0458533333333333
913241,0.0
913243,0.39764444444444436
913244,0.3589322222222222
913336,0.5084298507462687
913339,0.22029999999999994
913345,0.406104
913435,0.20845517241379313
913437,0.0
913454,0.3197055555555556
913518,0.37268333333333326
913519,0.0033611111111111203
913521,0.48900306306306307
913525,-0.22050000000000003
913536,0.4672086956521739
913545,0.31094285714285713
913546,0.3374786885245902
913554,0.2821828571428571
913555,0.0
913581,0.023288888888888803
913620,0.0
913631,0.1949
913681,0.0
913685,0.3291923076923077
913720,0.2202658461538461
913757,0.0
913785,0.0
913851,0.3329428571428572
913857,-0.16305696969696964
913858,-0.15687000000000006
913889,0.37856666666666666
913890,0.0
913892,0.2264047619047619
913927,0.21907190275829824
913932,0.058835897435897455
913967,0.0
913990,0.38507204968944103
914046,0.0
914056,0.43772352941176473
914057,0.14477957446808515
914064,0.29318484848484844
914067,0.2837
914122,0.42450909090909095
914173,0.0
914181,0.343155
914198,0.40654736842105266
914253,0.2544789473684211
914255,0.18355999999999997
914275,0.40304276076803325
914298,0.0
914300,0.0
914312,0.3210813559322034
914329,0.013364285714285717
914385,0.0
914406,0.012518181818181762
914410,0.43726046511627903
914423,0.46890909090909094
914456,0.24630438775510202
914521,0.2706415094339623
914566,0.3384814449917898
914573,0.0
914580,0.20908666666666664
914597,0.36753777777777774
914598,0.15502727272727276
914599,0.25092
914628,0.011833333333333362
914635,0.08238461538461539
914642,0.0
914649,0.3076856497175141
914663,0.46497931034482753
914698,0.012407407407407423
914753,0.28755384615384616
914787,0.0
914837,0.23307499999999998
914839,0.16658500000000004
914896,0.3549
914995,0.13795057072733646
915058,0.4470072727272727
915084,0.24369230769230765
915096,0.0
915123,0.1643212121212121
915138,0.24520000000000003
915168,0.14389917057338622
915189,0.0
915196,0.33154468085106387
915209,0.40128571428571436
915220,0.2872
915234,-0.14745853658536584
915236,0.2454307692307692
915248,0.13897499999999996
915293,0.3042977777777777
915294,0.21090764227642278
915302,0.0030363636363636426
915349,0.034158411472697214
915357,0.46729189189189185
915361,0.24342857142857144
915420,0.47422047930283223
915422,0.0
915433,0.4308076923076923
915458,0.3538039949270767
915483,0.17915862068965516
915484,0.3587413461538462
915547,0.013809523809523772
915617,0.0
915644,0.07648205128205127
915648,0.0
915712,0.0040000000000000036
915719,0.3453806451612903
915762,0.023837359339834996
915788,0.4164
915883,0.2874526315789474
915893,0.19981176470588236
915899,-0.21408928833455615
915925,0.13328
915929,0.0
915981,0.2851692307692308
915984,0.0
916013,0.09329629629629627
916060,0.0
916089,0.0
916093,0.01348181818181815
916102,0.41981071428571426
916103,0.21780357142857149
916144,0.46678829545454537
916208,0.0869602721088435
916218,0.37522352941176473
916230,-0.12680666666666668
916231,0.20838823529411765
916250,0.11515294117647062
916279,0.08073043478260872
916303,0.3381769230769231
916304,0.2781
916305,0.31631384255194617
916310,0.3259473684210526
916339,0.0
916374,0.27373488372093024
916381,0.0
916391,0.0
916396,0.5109428571428571
916419,0.44999999999999996
916463,0.012020689655172445
916485,0.0
916535,0.17917142857142854
916589,0.20035882352941176
916609,0.15753834586466164
916631,0.3200693333333334
916659,0.0
916663,0.511759724137931
916680,0.21011517027863774
916685,0.28948
916690,0.01419999999999999
916713,0.0
916714,0.0
916735,0.21142777777777777
916804,0.3081923076923077
916812,0.013266666666666649
916826,0.36862553191489367
916834,0.4247725490196079
916842,0.2589366515837105
916851,0.3929438596491228
916863,0.08948781362007174
916865,0.1292016806722689
916943,0.3390536231884058
916956,0.3101553571428572
916982,0.0
917005,0.41887186406796595
917032,0.1005032258064516
917046,-0.16014
917085,0.5182740740740741
917143,0.0
917228,0.43311176470588236
917245,0.007261224489795937
917274,0.013070967741935502
917284,0.40589032258064517
917292,0.17219712488769096
917368,-0.5394214285714286
917389,0.3905080288214101
917395,0.46255599999999997
917404,0.24525999999999998
917405,0.31330909090909087
917462,0.0
917476,0.22881538461538461
917511,0.24727810606060613
917524,0.31139111111111106
917532,0.36857704918032785
917563,0.0
917579,0.27875384615384613
917590,0.22067142857142857
917603,0.4461846153846154
917606,0.3866862068965517
917642,0.47390238574302956
917677,0.11346285714285709
917702,0.37624
917706,0.0
917733,0.26150444444444443
917789,0.21482173913043479
917813,0.0
917865,0.0
917879,0.40625
917893,0.0
917902,0.15548582202111605
917920,-0.4129833333333333
917924,0.0
917947,0.17898039215686273
917974,0.19971363636363637
918025,0.2288142857142857
918037,0.5301499999999999
918038,0.25708333333333333
918048,-0.24991111111111108
918152,0.2218926829268293
918301,0.17637070707070707
918310,0.3092868085106383
918318,0.24873777777777772
918407,-0.14320740740740745
918415,0.44800465116279065
918422,0.14772962962962963
918477,0.013018181818181818
918503,0.2975896551724138
918528,0.09279999999999994
918549,0.3506
918575,0.304535294117647
918659,0.0
918696,0.35475
918727,0.0
918740,0.3319927272727273
918742,0.15951346621293144
918745,0.22343636363636363
918760,0.2088673076923077
918773,0.0
918844,0.2978209770114942
918849,0.4001251153039832
918894,0.4835506849315069
918901,-0.3871210795454545
919002,0.16551764705882355
919045,0.2656413793103448
919197,0.3529333333333333
919215,0.39473134328358206
919240,0.016023880597014914
919259,0.12981846153846155
919263,-0.06336470588235293
919274,-0.05650605326876512
919303,0.0
919316,0.3031076923076923
919336,0.46143333333333336
919374,0.20088095238095238
919396,-0.14672134433962264
919404,0.4226519999999999
919409,0.0
919516,0.21237333333333336
919573,0.31834181818181817
919641,0.1068816091954023
919690,0.0
919694,0.006765714285714319
919724,0.410072
919754,0.23432631578947366
919803,0.2259911421911422
919808,0.0
919809,0.04609404761904762
919877,0.21370728987993137
919918,0.19610588235294119
919949,0.24896869322152337
919959,0.0
919993,0.0
920026,0.24361666666666665
920064,0.0
920075,0.36621538461538455
920089,0.16671304347826088
920126,0.5176645161290322
920132,0.33666666666666667
920157,0.29986
920172,0.16133333333333333
920205,0.18110000000000004
920279,0.4359333333333334
920320,0.33252500000000007
920323,0.454152380952381
920332,0.25555000000000005
920426,0.4603285714285715
920494,0.4020470588235294
920507,0.3601294117647059
920592,0.2047666666666667
920679,0.012006666666666721
920693,0.02648571428571428
920738,0.176085
920757,0.0
920765,0.0
920775,0.15530422360248447
920808,0.47688333333333327
920812,0.0
920826,0.2646806596701649
920860,0.3352508474576271
920861,0.0
920969,0.003899999999999959
921000,0.0
921027,0.35644235294117643
921040,0.0
921042,0.15635
921053,0.20482142857142854
921085,0.09029892473118278
921090,0.47784000000000004
921133,0.18327450980392154
921135,0.10486666666666666
921178,0.12285666666666667
921229,0.0
921231,0.0016666666666666635
921307,-0.3341988416988417
921310,0.18691162790697674
921387,0.3714456389452333
921414,0.07732999999999998
921418,0.0
921447,0.20419671052631583
921475,0.27796538461538456
921479,0.3227142857142858
921483,0.0
921494,0.40456000000000003
921541,0.3256636363636363
921560,0.11640357142857144
921566,0.013883870967742018
921589,0.011716770186335435
921603,0.5075093749999999
921628,0.13336666666666663
921699,0.4615217391304348
921744,0.22203529411764705
921867,0.11153266331658292
921909,0.0
921915,0.11430000000000001
921916,0.0
921918,0.4799142857142857
921939,0.13547064305684994
921946,0.26880000000000004
922035,0.3374833333333333
922050,0.17777040169133196
922145,0.11753406593406594
922190,-0.16509999999999997
922196,0.34755
922199,0.0
922233,0.10181666666666667
922244,0.19367272727272722
922265,0.34721638655462184
922284,0.0
922322,0.31647499999999995
922355,0.0
922414,0.23793793103448269
922471,0.13736500000000001
922570,0.06485714285714289
922575,0.17822978723404248
922596,0.4158857142857143
922613,0.4588525900900901
922686,0.37995
922729,0.009618867924528263
922735,0.038702608695652174
922811,0.2926428571428572
922847,0.0
922873,0.0
922898,0.0
922951,0.0
922957,0.11694666666666667
922994,0.42375384615384615
923021,0.08959999999999999
923070,0.057458823529411784
923091,0.0
923093,0.012955555555555498
923099,0.0028117647058823747
923102,0.0
923117,0.23361098039215683
923209,0.008944444444444422
923232,0.24770080515297907
923249,-0.024717241379310362
923315,0.02409259259259261
923365,0.4385454545454545
923368,0.0
923369,-0.04727209876543215
923383,0.29492131147540984
923395,0.3505625
923444,0.310547619047619
923505,0.19707987804878047
923511,0.31157142857142855
923518,0.0
923522,0.15936949152542373
923523,0.3507695652173913
923545,0.2951267432950192
923571,0.2978393442622951
923599,0.47907999999999995
923602,0.2423624406779661
923629,0.34698552036199093
923641,0.14071958041958044
923692,0.410764705882353
923733,0.0
923802,0.4038827586206897
923830,0.08110857142857145
923927,0.2506625
923955,0.20246236335242063
923969,0.27608571428571427
924001,0.006844444444444431
924149,0.06983829787234042
924171,0.009924999999999962
924206,0.30506153846153844
924223,0.19848888888888888
924262,0.15723265306122447
924271,0.27893
924278,0.2949230769230769
924285,0.29579955257270696
924403,0.5011151515151515
924417,0.11202380952380953
924460,0.37732000000000004
924466,0.3263741935483871
924476,0.0
924514,0.3118178571428572
924548,-0.008996363636363691
924559,0.21751428571428577
924581,0.25100754716981133
924627,0.0
924663,0.024001398601398605
924681,0.19161575757575758
924695,0.20074993169398905
924739,0.0
924769,0.19015187969924813
924772,0.36446577974870653
924793,0.4381538461538461
924830,0.0
924869,0.23877499999999996
924870,-0.1837820305480683
924872,-0.32284912280701755
924895,0.05009999999999998
924919,0.23629999999999998
924975,0.07520238095238091
925082,0.20063255813953484
925106,-0.0945581818181818
925200,0.4306896551724138
925213,0.0
925220,0.07107260273972602
925226,0.0
925232,0.28372380952380954
925245,0.14606106804478897
925253,0.4684
925254,-0.44261249999999996
925256,0.005970370370370348
925327,0.26207058823529417
925339,0.49335294117647066
925386,0.2573466165413534
925455,0.283725
925458,0.2579
925488,0.04515555555555556
925555,0.31315897435897433
925629,0.008000000000000007
925669,0.0
925674,0.0
925699,0.0
925738,0.009090000000000042
925742,0.28026842105263156
925748,0.012649999999999939
925753,0.526032258064516
925754,0.45551355498721224
925755,0.15410000000000001
925770,0.5080153846153846
925802,0.01336875000000004
925806,0.26065
925818,0.3709414634146341
925862,0.10989405405405406
925889,0.09929999999999994
925893,0.27483148148148145
925937,0.3471311246730601
925940,0.21437105882352941
925993,0.03900799999999999
926045,0.33304545454545453
926064,0.07226153846153846
926211,0.0
926250,0.16698836631202146
926279,0.0
926288,0.4133585365853659
926359,0.1563714285714286
926456,0.2493333333333333
926469,0.3092923076923077
926562,0.40779047619047626
926580,0.2564047619047619
926583,0.010220000000000007
926589,0.0
926628,0.24746666666666667
926642,-0.14595649303008063
926703,-0.3006692307692308
926725,0.0
926738,0.1695455337690632
926811,0.0
926866,0.0
926884,0.02431500000000003
926964,-0.12352149157979153
926982,0.0
926994,-0.23561428571428572
927012,0.0
927059,0.43611304347826085
927061,0.44248571428571426
927070,0.22781904761904764
927126,0.1370305084745763
927148,0.18648571428571425
927169,0.0
927171,-0.04794117647058824
927227,0.34976000000000007
927236,0.39259166666666667
927249,0.20587500000000003
927260,0.26376124549665464
927278,0.049463299663299654
927282,0.3246424528301887
927289,0.2155673469387755
927317,0.0
927328,0.0
927346,0.4818925729442971
927385,0.0
927392,0.22100588235294116
927410,0.13518333333333332
927429,0.0
927551,0.25951173913043474
927566,0.3254511278195488
927584,0.011995555555555648
927597,0.2586727272727273
927601,0.10208571428571428
927636,0.54285
927645,0.12562727272727273
927646,0.29773000000000005
927675,0.0
927678,0.1724222222222222
927679,0.2788090909090909
927700,0.4768486486486486
927706,0.3680857142857143
927716,0.36372727272727273
927827,0.5222285714285714
927876,0.193878
927901,0.10247999999999996
927953,0.011700000000000044
927957,0.0
927962,0.0
928014,0.4213591397849462
928030,0.24755000000000005
928051,0.42665333333333333
928088,0.09897307692307689
928103,0.5251
928312,0.4870333333333333
928391,0.0
928404,-0.12409444444444445
928441,0.006990697674418567
928463,0.473075
928476,0.07938333333333336
928529,0.32442857142857146
928593,0.0
928622,0.0
928632,0.13319322033898306
928702,0.3393115384615385
928736,0.0
928754,0.4202285714285714
928761,0.19792
928766,0.31381714285714285
928910,0.21878823529411767
928939,0.38813703703703706
928944,-0.33738636363636365
928953,0.25021093865484106
928955,0.13731372549019605
928957,0.32607043407043407
928964,0.3775857142857143
928980,0.0
928994,0.2678242424242424
929030,0.0
929032,0.0
929054,0.0
929076,0.30915
929100,0.016622988505747116
929117,0.0
929144,0.10662755102040815
929154,0.0
929192,0.28467999999999993
929195,0.2688384615384615
929269,0.15901538461538464
929290,0.0
929301,0.0
929339,0.35594800000000004
929342,0.44273333333333337
929343,0.0
929397,0.012854545454545452
929439,0.14047586206896553
929470,0.46901462585034015
929481,0.23267468438538208
929482,0.0
929569,0.09745405405405408
929598,0.0
929599,0.3830095238095238
929613,0.23375769230769228
929638,0.0
929673,0.0
929682,0.3073454545454546
929698,0.00771304347826085
929701,0.06855
929735,0.12689777777777778
929778,0.0
929819,0.25106511627906974
929832,-0.13810952380952382
929883,0.41605416666666667
929889,0.07419999999999999
929920,0.4415636363636363
929930,0.36777309451219514
929931,-0.17800655052264808
929972,0.267304
929974,0.24458000000000002
930043,-0.07353000000000001
930065,-0.47407058823529413
930077,0.4125428571428572
930088,0.21423387022549467
930104,-0.38029
930154,0.0
930180,0.0
930316,0.0
930322,0.28884615384615386
930340,0.33548
930415,-0.17179999999999998
930429,0.19778139534883724
930444,0.22711264367816092
930465,0.20699999999999996
930487,-0.08504799999999998
930491,0.0
930540,0.012213333333333298
930543,0.16727272727272724
930550,0.0650955789473684
930571,0.0
930598,0.32554999999999995
930599,0.0
930630,0.1721323076923077
930635,0.013962499999999989
930645,0.09205263157894736
930653,0.33898181818181816
930691,0.0
930716,0.024646086956521734
930726,0.02184000000000008
930734,0.07553953488372095
930752,0.05888831018518517
930815,0.47821538461538465
930832,0.0
930911,0.3438297297297297
930933,0.35846857142857147
930984,0.02372611464968155
930992,0.3273846153846154
931053,0.41104302935010484
931091,0.45153863636363634
931132,0.0
931163,0.24156000000000002
931226,0.2071024291497976
931257,0.006594871794871782
931298,0.34928655913978496
931316,0.16423125
931356,0.13032307692307699
931366,0.0
931373,0.40932615384615384
931375,0.15200952380952387
931390,0.0
931391,0.507925
931418,0.26189999999999997
931521,0.07689277389277382
931559,0.048215384615384604
931569,0.46744912280701756
931605,0.2818631578947368
931611,0.15888620689655175
931651,0.43721879699248123
931659,0.0
931690,0.3962214915797915
931703,0.2215584202682563
931717,0.11616495669553628
931754,0.3098428571428572
931786,0.01295714285714289
931862,0.0
931867,0.13091891891891888
931878,0.0
931881,0.3427837837837838
931928,0.31455999999999995
932061,0.27220000000000005
932068,0.0
932145,0.2891297297297297
932184,0.13026666666666667
932218,0.3303900000000001
932233,0.253288
932249,0.4895515548281506
932252,0.09666666666666662
932256,0.37308
932261,0.3388059379217274
932362,0.46514901960784316
932374,0.10127083333333337
932396,0.14437600000000006
932401,0.0
932405,0.29939919028340084
932435,0.0
932513,0.16666884848484848
932556,0.42549090909090914
932572,0.17975384615384615
932581,0.1683095785440613
932607,0.42363
932630,0.0
932673,0.1934153846153846
932691,0.012568421052631673
932704,0.0
932754,0.3404634146341463
932761,0.01277551020408163
932777,0.4084933333333334
932800,0.2936487804878049
932801,0.04512764705882355
932827,0.28973000000000004
932833,0.30466666666666675
932846,0.44620441860465115
932865,0.0
932889,0.4047714285714286
932927,0.1345269841269841
932952,0.15857538461538462
932955,0.4142117647058823
932967,0.28687666666666667
933067,0.4422079120879121
933074,0.20677454545454543
933097,-0.05682222222222222
933104,0.012855319148936228
933115,0.012617647058823511
933147,0.0
933282,0.3575173913043478
933326,0.0
933390,0.0
933516,0.04560499999999995
933529,0.2474
933549,0.20729999999999998
933564,0.15861428571428574
933632,0.0
933638,0.11814117647058825
933662,0.0
933707,0.34331111111111107
933760,0.02031658291457286
933809,0.013988888888888829
933847,0.38043167420814483
933875,0.20807272727272724
933883,-0.7493369696969697
933903,0.0
933979,0.43078903508771926
933993,0.21018571428571425
934006,0.18041224489795918
934030,0.3481333333333333
934049,0.35395348837209306
934076,0.39261250000000003
934078,0.37784848484848477
934115,0.12139047619047622
934136,0.0
934156,0.35333333333333333
934203,0.2870750000000001
934269,0.0
934286,0.35691428571428563
934307,0.5296000000000001
934324,0.3110578969774372
934328,0.367228
934331,0.24120540540540542
934358,-0.02795333333333333
934360,0.21358468899521532
934391,0.0
934424,0.3492577777777778
934473,0.36867096774193553
934481,0.4479388888888889
934500,0.13785854406130266
934509,0.0
934513,0.5062349206349206
934550,-0.23598543882978718
934552,0.08986541353383456
934569,0.3641705882352941
934619,-0.049009336609336596
934625,-0.1146888888888889
934653,0.3205217391304348
934661,-0.288268085106383
934664,0.0
934667,0.2335462686567164
934690,0.057134171122994626
934699,0.2549720930232558
934795,0.006249230769230785
934833,0.33518817204301077
934851,0.14283135011441644
934853,0.08665609756097559
934886,0.012686486486486404
934890,0.10699473684210525
934933,0.26720769230769226
934950,0.056546666666666634
934955,0.4871602870813397
934967,0.0
934997,0.0
935097,0.0
935115,0.3876650348079945
935131,0.0
935245,0.14028695652173911
935267,-0.02866666666666673
935336,0.0
935415,-0.07706857142857143
935421,0.01304375000000002
935438,-0.20057627118644072
935453,0.0
935506,0.13411724137931036
935532,0.23595
935556,0.0
935558,-0.023340495291245197
935592,0.0
935691,0.07027333333333333
935723,0.013992307692307637
935742,-0.5225515151515152
935746,0.005666666666666653
935749,0.0
935780,0.0
935826,0.4403734848484849
935896,0.07378181818181828
935950,0.4479518518518518
935962,-0.25353846153846155
935983,0.24073777777777772
935985,0.0
936027,0.21463636363636363
936033,-0.012086679136545181
936045,0.3265085714285714
936050,0.27850945054945053
936076,0.24510222222222228
936085,0.0
936098,0.31481959957850375
936152,0.39998173913043483
936172,0.0
936182,0.003978947368421082
936186,0.0
936187,0.1185450980392157
936212,0.0
936225,0.4802833333333334
936267,0.43657168831168824
936269,-0.0447775
936311,0.2632533333333334
936337,0.34206521739130435
936347,0.0
936365,0.17923255813953481
936383,0.0
936417,0.13870078465562335
936420,0.417992
936456,0.3960555555555556
936562,0.012800000000000034
936584,0.0
936601,0.11844761904761908
936627,0.007399999999999962
936648,0.0274600501253133
936658,0.24452857142857143
936701,-0.012596363636363628
936710,0.3748615384615384
936744,0.0
936793,0.19073333333333337
936804,0.0
936812,0.0
936843,0.4924918472652219
936896,0.0
936917,0.00599999999999995
936997,0.33904444444444437
937005,0.19610169491525425
937011,0.3937723809523809
937026,0.19242539682539672
937038,0.20528117106773822
937062,0.0
937125,0.0
937281,0.0
937296,0.2380375939849624
937301,0.3871695238095238
937316,0.0
937330,0.19914434782608698
937332,0.362006733801241
937352,0.09816999999999998
937373,0.01344531126871551
937416,0.3491009316770186
937473,0.16376666666666667
937514,0.0
937582,0.21751692307692305
937583,0.23898846153846154
937587,0.24632195121951217
937600,0.40735999999999994
937607,0.33965
937648,0.19037647058823529
937666,0.24403333333333332
937668,0.07567777777777776
937741,0.10262962962962957
937783,0.0
937822,-0.3217429816913688
937837,0.08905714285714289
937861,0.1728675324675325
937887,0.2586610389610389
937908,0.0
937993,0.3381743157894737
937998,0.32230000000000003
938006,0.0
938029,0.4747490196078431
938037,0.3433777777777778
938058,-0.11726666666666669
938070,0.0
938097,0.31126104821802936
938098,0.3071151515151515
938113,0.0
938129,0.0
938159,0.254256
938214,0.004448275862068973
938225,0.408420253164557
938231,0.17601578947368435
938255,0.23370997849462363
938256,0.0
938264,0.238
938339,0.18926111405835544
938346,0.4326083333333334
938365,0.39193333333333336
938378,0.202388679245283
938418,0.36031538461538465
938419,0.0
938433,0.37259999999999993
938441,0.0
938461,0.2568235294117647
938523,0.41997241379310346
938546,0.0532752808988764
938564,0.2711683333333333
938565,0.29194237288135594
938567,0.27686037735849056
938577,0.0
938590,0.0
938594,0.18038181818181817
938610,0.24354883720930234
938700,0.0
938723,0.49349538461538467
938739,-0.050881587757054036
938779,0.10897586206896553
938788,0.11826666666666663
938792,0.0
938838,0.39871538461538464
938857,0.4180779661016949
938891,0.5258461538461539
938953,0.3941630434782609
938987,0.0
939052,0.0
939073,0.20933999999999997
939104,0.0
939111,0.2373782608695652
939121,0.23505818181818183
939150,-0.06480166666666667
939239,-0.02958181818181818
939266,0.285550135501355
939303,0.3932981132075472
939359,0.28752727272727274
939392,0.4270307692307692
939428,0.0
939473,0.2739909090909091
939505,0.24914430379746833
939527,0.4250324324324324
939567,0.0
939580,0.24423529411764705
939596,0.0
939644,0.010242857142857109
939670,0.3996166666666666
939714,0.15247000000000002
939782,0.0
939808,0.0
939837,0.19531818181818178
939877,0.27252
939878,0.0
939893,0.32376744186046513
939956,0.2951666666666667
940015,0.009475409836065651
940077,0.4463939393939394
940171,0.2238173913043478
940207,0.16302708481824663
940234,0.03277333333333332
940274,0.10843921568627451
940323,0.26893333333333336
940415,0.0
940456,0.18385000000000004
940466,0.22747222222222224
940504,0.47864
940562,0.00757674418604648
940578,0.0025826771653543468
940580,0.30789564516129037
940642,0.0
940644,-0.14109074074074074
940651,0.11916653061224486
940677,0.303418458781362
940682,0.2655416666666667
940702,0.1730380122057541
940705,0.45025
940713,0.39359999999999995
940723,0.2945809523809524
940733,0.0760936170212766
940778,0.21383448275862071
940801,0.21841654135338345
940856,0.12760804347826094
940886,0.30845
940890,0.4080666666666667
940908,0.0
940935,0.4456424242424243
940958,0.2496166666666667
941032,0.0
941061,0.21168070175438594
941074,0.29705660377358495
941079,0.2336083333333333
941121,0.0
941122,0.31748979591836735
941197,0.2802792144026186
941211,0.0
941226,0.27320000000000005
941286,0.24756666666666666
941324,0.3376133333333333
941343,0.0
941519,0.1178671826625387
941529,0.37520000000000003
941588,0.011856603773584884
941604,0.3319285714285714
941659,0.24347272727272723
941663,0.012466666666666626
941715,0.3633100313479624
941746,0.2881102564102564
941819,0.19052857142857144
941871,0.40143529411764706
941872,0.2630984126984127
941881,0.0
941912,0.013868571428571341
941964,0.0
942036,0.13722468553459122
942054,0.2478392307692307
942076,-0.13368800000000003
942079,0.49359523809523814
942113,0.0979345454545455
942119,0.3103
942276,0.08819591478696742
942330,0.3152961352657005
942359,0.18124220093343157
942360,0.0
942393,0.002934615384615369
942420,0.19793931996512637
942425,0.0
942453,0.0
942454,0.0
942505,-0.3796869963369963
942543,0.0
942564,0.02839999999999998
942572,0.14759424280350436
942605,0.257285
942660,0.10991712418300659
942665,0.010823188405797102
942669,0.36596949152542374
942677,0.11177396721311475
942689,0.39987046332046333
942699,0.2563344537815126
942703,0.43420677966101695
942715,0.4191157894736842
942754,0.29621132075471696
942777,0.0
942820,0.21113888888888888
942827,0.23406153846153843
942837,0.4475825396825397
942900,0.0
942902,0.18337575757575758
942921,0.14407479879275653
942950,0.27379047619047625
942954,0.021494117647058775
942956,0.38267777777777773
942990,0.384375
943022,0.3114853146853147
943048,0.0
943075,0.05475199999999998
943079,0.11905263157894735
943086,0.19792228571428572
943153,0.1523411764705882
943195,0.44205000000000005
943240,0.09042432432432432
943268,0.1916875
943288,-0.3427565217391304
943329,0.4662228571428571
943330,0.0
943337,0.10417333333333337
943345,0.2122666666666667
943394,0.4413344262295082
943407,0.46836999999999995
943409,0.22586140988372091
943426,0.10427287287287287
943473,0.27326774193548387
943545,0.24808999999999998
943546,0.13643333333333335
943563,0.20965666666666666
943592,0.3825534246575343
943668,-0.06524333333333332
943714,0.0868962962962963
943720,0.0
943755,0.23679599999999998
943766,0.34192
943791,0.0
943825,0.47970625
943875,0.0
943877,0.008424999999999905
943931,0.4825386759581881
943934,0.20655238095238096
943947,0.0014093023255813963
943977,0.2786625
943982,0.18018867924528298
944043,0.0
944050,0.0
944055,0.4946594594594595
944057,0.0
944074,0.15790849963045084
944096,0.2443142857142857
944097,0.2018
944111,0.24434666666666668
944114,0.3558795169946332
944118,0.11751325831702542
944175,0.3208625525946704
944181,0.2119333333333333
944189,-0.17442857142857138
944201,0.24875
944203,0.39148341346153837
944210,0.011596363636363738
944228,-0.2398531194295901
944233,0.3330413968253968
944356,0.22047999999999995
944357,0.30612203389830506
944358,0.1552806451612903
944384,-0.07534848484848489
944393,0.013200000000000003
944508,0.021691428571428528
944515,0.4940140350877193
944574,0.5256401360544217
944636,0.059
944640,0.0
944674,0.21914375
944684,0.41999024390243905
944693,0.0
944696,0.012771428571428545
944702,0.0
944824,0.1864952380952381
944828,0.0028533333333333466
944841,0.07652666666666669
944856,0.0
944893,0.35128
944916,0.4044473684210526
944937,0.1064820999367489
944953,0.05507894736842106
944965,0.4555076923076923
944979,0.2708844444444444
945030,0.27293333333333336
945038,0.3523272727272727
945044,0.3932285714285715
945067,0.08051885714285717
945071,0.2667703703703704
945080,0.04581414141414142
945092,0.03193777777777779
945108,0.473525
945151,0.19155500000000003
945174,0.3757714285714286
945201,0.269592
945229,0.014142857142857124
945367,0.0
945421,0.29161000000000004
945437,0.31839615384615383
945446,0.36831988416988415
945503,0.14770303030303034
945570,0.14075903866248696
945579,0.15493846153846152
945627,0.3277
945662,0.3354695652173913
945683,0.01438461538461544
945739,0.0
945744,0.0
945762,0.11565685367264314
945867,0.23856969696969693
945907,0.349528813559322
945916,0.0
945920,0.21244999999999992
945965,0.0
946035,0.0
946098,0.1767437070938215
946108,0.045975862068965534
946130,0.12251499999999999
946293,0.09513333333333335
946312,0.12094229593569568
946352,-0.889697057805469
946355,0.4234684210526316
946392,0.4714923076923077
946445,0.36681678321678324
946452,0.40869999999999995
946471,0.02629999999999999
946579,0.04809401709401709
946624,0.14136923076923075
946646,-0.0779939393939394
946660,0.17332676056338026
946666,0.45655909090909086
946721,0.3514333333333333
946768,0.23891111111111119
946806,0.3344
946865,0.24052352583586628
946894,0.0
946911,0.0
946917,0.0
946920,0.0
946926,0.0
946961,0.3703066666666667
946986,0.0
946990,0.41691950000000005
947030,0.0
947035,0.3742
947050,0.24737777777777775
947060,0.36200851063829786
947075,0.0
947152,0.22605
947175,0.3836857142857143
947176,0.03680784313725491
947194,0.07798666666666665
947303,0.2611422222222223
947313,0.3378823529411765
947359,0.3287085714285714
947399,0.33098961038961033
947407,-0.45327719298245617
947526,0.22333999999999998
947544,0.0
947546,0.31773877551020413
947566,0.2572285714285715
947585,0.16725263157894732
947597,0.23587226830147856
947604,0.2943111111111111
947612,0.224192
947631,0.0
947651,0.4820749999999999
947706,0.0
947730,0.3427933333333333
947731,0.0031058823529411805
947748,0.0
947759,0.3015666666666666
947781,0.30286
947815,0.0
947818,0.0
947832,0.3204140350877193
947839,0.0
947868,0.08684482758620693
947922,0.09387240990990994
948028,0.0
948069,0.2506145574855252
948093,0.5050250000000001
948098,0.3396551724137931
948175,0.3892947331212443
948200,0.041234146341463385
948201,0.27282399999999996
948215,0.42383000000000004
948262,0.0
948268,0.0858761904761905
948276,0.0
948417,0.0
948427,0.3091777777777778
948435,0.17832786436970194
948463,-0.0476322580645161
948468,0.012947826086956549
948544,0.39166666666666666
948561,0.4468075471698113
948584,0.29822222222222217
948608,0.15088797953964195
948612,0.2703925925925925
948623,0.0
948628,0.0
948653,0.29239999999999994
948655,0.0
948661,0.4027826086956522
948727,0.11258173076923078
948747,0.13433333333333336
948797,0.3446199999999999
948799,0.01319999999999999
948834,0.35803247654018766
948871,0.0
948889,0.19105185185185186
948897,0.2680645887445887
949080,0.23517999999999994
949084,0.0
949095,0.24415978835978824
949122,0.34653333333333336
949155,0.0
949159,-0.003942857142857192
949169,0.01430526315789471
949173,0.12490999999999997
949227,0.14183333333333337
949234,-0.5607473684210525
949266,0.11629523809523806
949289,0.43992258064516127
949292,0.04531282051282054
949318,0.0
949332,0.1715181481481482
949391,0.19169524697110907
949449,0.38801876310272543
949502,-0.20148235294117645
949521,0.38495629629629635
949583,0.0
949621,0.45706192714453586
949629,0.16479111111111117
949638,0.057974545454545445
949671,0.4969733333333333
949689,0.0
949697,0.198
949720,0.1665428571428571
949732,0.0
949742,-0.17887301587301585
949767,0.41531034482758616
949775,0.3143631578947368
949806,0.30899999999999994
949869,0.0
949919,0.2667999999999999
949961,0.32734633998790075
950104,0.16843750000000002
950147,0.0
950161,0.1881114285714286
950181,0.08216734693877548
950190,0.0
950224,0.33892999999999995
950245,0.012228571428571366
950270,0.35990545454545453
950278,0.20133103448275863
950283,0.24490714285714285
950290,0.5127
950293,0.0
950324,0.40607000000000004
950349,0.21571272485009996
950353,0.38388333333333335
950360,0.38287407407407403
950368,0.2483918367346939
950384,0.3731649122807018
950396,0.27315599999999995
950398,0.0
950463,0.30348571428571425
950471,0.16457600000000006
950520,0.3742500000000001
950547,0.15764615384615385
950569,0.0
950577,0.21278610834164174
950684,0.4043444444444445
950686,0.013464000000000031
950692,0.32078461538461545
950734,0.3529333333333333
950766,0.0
950774,0.0
950810,0.2734534108527132
950893,0.013748717948717903
950923,0.0
950969,0.2281402597402598
950989,0.26211794871794875
951012,0.4489640350877193
951035,0.41984999999999995
951044,0.34311578947368426
951047,0.33236455696202527
951059,0.32256
951075,0.21885000000000004
951077,0.23978750000000004
951128,0.420340285204991
951174,0.0
951205,0.3031447368421053
951238,0.13599999999999995
951248,0.17444927536231883
951322,0.39934117647058825
951338,0.1733409552845529
951388,0.011700000000000044
951416,0.3270206896551724
951432,0.012093023255813962
951462,0.0
951500,0.18439354838709676
951555,0.0
951563,0.0
951686,0.42016443850267376
951714,0.2228
951737,0.22449189189189186
951750,0.014041025641025606
951769,0.11626488479262664
951787,0.43979999999999997
951814,-0.03282432219005002
951835,-0.026913043478260873
951911,0.2732357142857143
952014,0.0
952031,0.005846511627907003
952037,0.003164885496183212
952127,0.48613333333333336
952132,0.37932999999999995
952171,0.3279433962264151
952183,0.20887368421052632
952270,0.20956363636363634
952380,0.0
952404,0.008938983050847504
952423,0.18624799999999997
952461,0.01184363636363639
952490,0.2841555555555555
952519,0.11670000000000003
952615,-0.4252458333333334
952639,0.0
952657,0.4054027777777778
952677,0.42568260869565216
952712,0.38314259634888437
952720,0.3639969899665552
952760,0.3202931034482759
952776,0.0
952786,0.09684117647058821
952878,0.0
952908,0.28000769230769235
952909,0.3725647058823529
952966,-0.009479999999999988
952985,0.0
953034,0.17222500000000007
953046,-0.20990242424242422
953052,0.48814285714285716
953060,0.0
953072,0.13131875000000004
953129,0.3152181818181818
953248,0.0
953292,0.0
953304,0.039507234042553296
953331,0.2189290322580645
953337,0.131168
953469,0.0
953545,0.0
953560,0.24188845985081175
953596,0.4431587878787878
953615,0.4223854545454545
953635,0.10925000000000007
953689,0.44449729729729726
953690,0.0
953749,0.3466358543417367
953817,0.2616037735849057
953836,0.0
953843,0.3668909090909091
953848,0.3967428571428572
953868,0.14785500000000001
953878,0.27402711748633884
953892,0.0
953933,0.012533333333333285
953966,0.5041491525423729
953984,0.4243435073627845
953988,0.0
954011,0.35479521466146274
954052,0.0
954109,0.2378714285714285
954218,0.37110454545454546
954265,0.0
954327,0.2810780487804878
954358,0.32336129032258065
954401,0.3406511111111111
954402,0.0
954404,0.29842500000000005
954525,0.23762222222222223
954543,0.0
954579,0.16641925669835783
954587,0.46130000000000004
954620,0.0
954653,0.0
954655,0.36755714285714286
954684,0.1863268292682927
954735,0.35926
954785,0.15548842244807776
954993,0.0
955025,0.3658806451612903
955058,0.0
955116,0.47404999999999997
955126,0.3226907522429262
955204,0.3085
955223,0.09260784313725484
955230,0.19032166666666667
955231,0.39712613636363636
955239,0.3954875
955298,0.32749285714285714
955304,0.48368541666666676
955327,0.34840975609756103
955340,0.1639266666666667
955345,0.2566864864864865
955484,0.08328571428571427
955509,0.23181600000000002
955514,0.0
955562,0.24759411764705885
955587,0.27636000000000005
955610,0.21987837837837837
955634,-0.6064240316205534
955654,0.36984000000000006
955720,0.22424285714285713
955725,0.0
955753,0.45670238095238097
955791,0.2022
955800,0.4413515151515151
955814,0.0
955878,0.0
955915,0.3197830508474577
955916,0.44379
955940,0.0
955944,0.0
955975,0.0
956028,0.4061444444444445
956034,0.0
956063,0.2957592592592592
956075,0.2356809756097561
956110,0.21293333333333336
956150,0.39888421052631584
956213,0.34269743589743595
956248,0.29598125
956255,0.0
956264,0.0
956305,0.15644117647058825
956336,0.409416
956441,0.22586808510638295
956499,0.0010727272727272807
956583,0.1921392857142857
956594,-0.12372307692307694
956629,0.0
956693,0.35721212121212126
956714,-0.04459157155399471
956764,0.1528031746031746
956792,0.35601558974358977
956842,0.0
956886,0.0029312499999999964
956894,0.1109904761904762
956918,0.0
956942,0.18484550264550265
956959,0.28693846153846153
957014,0.22967142857142858
957031,0.19937777777777782
957036,0.22902666666666666
957082,0.33914769571095
957084,0.290875
957139,0.30674932126696836
957147,0.0
957205,0.0
957244,0.3333183098591549
957395,0.07331599999999999
957457,0.13232666666666665
957555,0.04641025641025641
957560,0.37366829268292684
957598,0.2609205128205129
957606,0.25577872340425534
957626,0.0
957661,0.0741363184079602
957695,-0.27393333333333336
957738,0.22907199999999994
957764,0.18074400000000002
957824,-0.1333829192546584
957854,0.34514999999999996
957885,0.0
957893,0.3001690476190476
957921,0.1795333333333333
957940,0.2690631578947369
957998,0.0
958005,0.3014379310344828
958016,-0.08521509433962263
958087,0.0
958100,0.2421904761904762
958112,0.0
958113,0.14231999999999997
958120,0.40950277777777777
958168,0.0095878787878787
958172,0.15534400000000004
958219,0.26374411764705885
958254,0.0
958264,0.24541614035087717
958297,0.26339999999999997
958324,0.40505704584040747
958332,0.2519269841269841
958415,0.4292666666666667
958437,0.2460499108734403
958442,0.44899473684210534
958446,0.3089857142857143
958460,0.4065228877005347
958469,0.17089
958515,-0.6794965517241379
958518,0.18761428571428568
958553,-0.005199999999999982
958567,0.013400000000000079
958583,0.0
958624,0.0
958646,0.0
958688,0.3020521739130435
958741,0.21913043478260869
958759,0.22323584699453553
958777,0.0
958778,0.284
958788,0.17152914046121603
958795,0.0
958823,0.0
958848,0.05545
958864,0.06923529411764706
958866,0.0
958905,0.19266666666666668
958911,0.3909555555555555
958936,0.0
958983,-0.5025653846153847
958988,0.0
958999,0.0
959009,0.006035999999999986
959011,0.07515714285714287
959045,0.0
959047,-0.024846666666666656
959112,0.3534538461538461
959159,0.012239024390243824
959191,0.3635165711165711
959216,0.1999872463768116
959230,0.23353333333333332
959302,0.36763333333333337
959312,0.0
959336,0.0
959363,0.12702666666666668
959389,0.0
959415,0.0
959482,0.27139183673469386
959514,0.03928
959517,0.17793061749571182
959544,-0.06158750000000002
959600,0.008576000000000028
959627,0.4206000000000001
959637,0.18233265306122448
959727,0.3256
959737,0.20298666666666665
959775,0.33812972972972977
959790,0.0
959811,0.3014636363636364
959841,0.3478210526315789
959844,0.3274205128205128
959850,0.4709074074074074
959885,0.21653939393939395
959901,-0.025399999999999978
959911,0.4228928571428571
959938,0.3910545454545455
959940,0.14520000000000002
959943,0.0
959950,0.0
959968,0.47264000000000006
959995,0.5382091763405197
959999,0.21918712121212125
960046,0.17102000000000003
960076,0.013515789473684148
960113,0.32831111111111116
960145,0.4399099547511312
960165,0.0
960260,0.3945195804195804
960275,0.013757692307692304
960283,0.24412340425531917
960299,0.2519287549844927
960334,0.39021111111111106
960358,0.0
960373,0.0
960382,0.41350943396226414
960408,0.23453333333333337
960461,0.3931666666666667
960491,0.09922176470588237
960535,0.2619090909090909
960611,0.0992125
960619,0.08146274007682461
960629,0.281016
960659,0.033660714285714266
960682,0.41627476190476187
960692,0.2091235294117647
960698,0.21906666666666663
960701,0.48002909090909085
960708,0.04677240704500979
960733,0.005879999999999996
960773,0.0
960781,0.4023508598076363
960869,0.21974117647058825
960887,0.4759171428571429
960976,0.2443483870967742
960988,0.32183618421052634
960996,0.13673304272013953
961012,0.0
961016,0.20929999999999999
961018,0.0
961096,0.0
961103,0.4459125
961132,0.3039444444444444
961139,0.00923750000000001
961141,0.2844687243191591
961176,0.013149999999999995
961191,0.3000076923076923
961199,0.3474060606060606
961216,0.0
961222,0.06403999999999999
961246,0.24649473684210532
961249,0.006286956521739162
961252,0.3784736842105263
961276,0.3080142857142857
961283,0.20682499999999993
961370,0.3843142857142857
961402,0.20798048780487804
961421,0.0
961445,0.011177375565610853
961446,0.26203417366946774
961467,0.14182222222222218
961488,0.2064
961497,0.0
961522,0.06734418604651161
961542,0.3214
961578,0.0
961607,0.01161666666666672
961612,0.3549551724137931
961648,0.0
961680,0.15186666666666665
961687,0.1579894736842105
961721,0.08831
961727,0.01148333333333329
961731,0.0
961774,0.15171173913043468
961829,0.33133333333333337
961903,0.0
961914,0.3327952380952381
961915,0.23819999999999997
961949,0.07077551020408165
961953,0.3552283813747228
961959,0.20852000000000004
961987,0.14615586206896553
961990,0.4160769230769231
962001,0.442
962028,-0.030188110622899944
962036,0.17841792452830185
962056,0.38173787878787874
962071,0.12564999999999998
962075,0.3369190476190477
962083,0.343656
962102,0.39651764705882353
962116,0.41302666666666665
962120,0.4550888888888889
962145,0.0
962166,0.40842613636363634
962183,0.27425
962187,0.28732399999999997
962232,0.0
962249,0.33167272727272723
962285,0.17589473684210524
962319,-0.11042000000000002
962347,0.0
962391,0.43168275862068967
962410,0.53472
962420,0.05182121212121213
962444,0.45049387755102044
962477,0.43430869565217395
962482,0.28458181818181816
962530,0.1782464039408867
962542,0.0
962578,0.0
962667,0.10789000000000004
962699,0.0983859208045254
962708,0.3197633333333333
962714,0.00698125000000005
962760,-0.014333333333333309
962782,0.19597222222222221
962799,0.38534147368421046
962813,0.45289
962874,0.13523394190350713
962897,0.12624812554489984
962998,0.2940068965517241
963000,0.17234142980189493
963019,0.0
963047,0.0031542857142857206
963048,0.2322555555555556
963056,0.0
963125,0.26188235294117646
963145,-0.10455914634146335
963148,0.2874962962962963
963202,0.32968
963230,0.2557
963232,0.0
963289,0.43227142857142853
963329,0.10265000000000002
963330,0.0
963331,0.0
963344,0.373895652173913
963438,0.43770769230769235
963459,0.26
963522,0.46951851851851845
963595,0.2502590762620838
963613,0.0
963672,0.19988000000000006
963710,0.0
963740,0.004190476190476189
963757,0.0
963778,0.3118666666666666
963841,0.0
963967,0.0
963968,0.3173624175824176
964051,0.0
964058,0.009000000000000008
964069,0.054184868421052634
964077,0.29443333333333327
964141,0.4094689655172414
964318,0.4577024390243903
964321,0.0
964453,0.14061870286576167
964480,0.3191333333333334
964514,0.20336688524590174
964534,0.16390106651339528
964536,0.013399999999999967
964596,0.4844887619047619
964600,0.012916666666666576
964605,0.058681355932203416
964633,0.19254285714285715
964638,0.4481220779220779
964660,0.20831636363636363
964694,0.11746000000000004
964701,0.06941923076923073
964707,0.3813500000000001
964710,0.0
964790,0.0
964838,0.0
964890,0.4920481481481482
964901,-0.673488
964957,0.020333333333333314
964978,0.3820193277310925
964984,0.42398421052631574
964986,0.2434521739130435
964995,0.26734761904761906
964997,0.42421363636363635
965016,0.31373191489361707
965053,0.30544000000000004
965101,0.30435428571428574
965130,0.01419999999999999
965177,0.061242105263157987
965191,0.38584166666666664
965207,0.16153384615384614
965217,0.04411999999999999
965249,0.056400000000000006
965285,0.4384205405405406
965291,0.38049999999999995
965306,0.41385238095238097
965307,0.0
965351,0.18195555555555554
965365,-0.02143999999999996
965396,0.10618924731182794
965403,0.25139517543859646
965409,0.344783908045977
965435,0.4347513513513513
965449,0.3617212121212121
965515,0.0
965537,0.22650000000000003
965592,0.30729090909090917
965593,0.10958181818181822
965610,0.20983076923076927
965709,0.012903333333333267
965733,0.012933720930232595
965770,0.0030999999999999917
965785,0.35656666666666664
965791,0.23229473684210522
965793,0.0
965867,0.5196444444444445
965909,0.2810277777777778
965944,0.13152420714572466
965976,0.3416755555555555
965983,0.31779999999999997
965997,0.30301149425287355
966036,0.16344428904428904
966069,0.0
966081,0.3391090909090909
966120,0.3409920745920746
966122,0.40440775757575753
966171,0.3187813953488372
966194,0.35919199999999996
966201,0.24853942350332597
966232,0.3828222222222222
966241,0.1306698412698412
966309,0.3426190476190476
966330,0.002658064516129016
966449,0.27618524970964
966450,-0.016651163954943676
966455,0.3982470588235294
966459,0.32228333333333337
966464,0.3861637037037037
966525,0.12936405529953915
966572,-0.13587111111111116
966714,0.028107317073170712
966749,0.0
966760,0.41293333333333326
966795,0.20886
966826,0.014126315789473654
966904,0.0
966906,0.2878213333333333
966920,0.20594814814814813
966948,0.3816823529411765
966970,0.0
967023,0.16349999999999987
967061,-0.04503333333333334
967068,0.19574545454545456
967077,0.27048004694835676
967108,0.3947102040816327
967119,0.08787575757575755
967207,0.49467999999999995
967248,0.51208
967265,0.0
967276,0.0
967334,0.3215519150125804
967366,0.23888272058823523
967375,-0.39715
967376,0.37393000000000004
967436,0.16559400406504066
967467,0.0
967504,0.4546288235294118
967507,0.0
967538,-0.39510000000000006
967539,0.0
967562,0.0
967579,0.36086183574879227
967587,0.11256565656565654
967626,0.06021880341880341
967630,0.354748717948718
967686,-0.14971047619047612
967700,0.2833407407407408
967734,0.08405052631578946
967741,0.0
967820,0.2841666666666667
967856,0.42750923076923075
967885,0.0
967905,0.0
967910,0.3509333333333333
967979,0.16013207547169817
968054,0.16940540540540544
968182,0.173612
968217,0.10439692307692305
968253,0.47854168498168503
968276,0.0
968299,0.0
968305,0.014455555555555555
968315,0.01316666666666666
968344,0.490403125
968394,-0.16507741935483877
968411,0.19783333333333336
968415,0.17051111111111117
968432,0.14116363636363638
968474,0.4141789473684211
968486,0.3318701550387597
968553,0.05886129032258064
968611,0.014155555555555532
968633,0.3174535211267605
968653,0.32799999999999996
968664,0.0
968683,-0.01124878408253499
968703,0.3238245614035088
968707,0.2722666666666666
968755,0.23822500000000002
968821,0.4385423809523809
968842,0.3048564102564103
968859,0.21171374999999992
968929,0.0
968987,0.34410666666666667
968988,0.42775
969006,0.4216829556650247
969008,0.2947878787878787
969014,0.0
969077,-0.2715727272727272
969098,0.17261111111111113
969119,0.4452598100407056
969167,0.0
969185,0.11643404255319148
969186,0.2561272727272727
969226,0.0
969241,0.4338666666666667
969335,0.2800666666666667
969345,0.2448352941176471
969346,0.012811538461538485
969375,0.0
969387,0.0
969389,0.2182
969473,0.35640000000000005
969475,0.17515428571428576
969504,0.43018333333333325
969514,0.0
969523,0.27991999999999995
969532,-0.15948
969542,0.0
969562,0.24227555555555552
969583,0.4349756097560975
969595,0.013500000000000068
969614,0.4208038461538462
969635,0.5114650602409638
969665,0.4586620689655172
969671,0.39428799999999997
969674,0.42788571428571426
969681,-0.15866249999999998
969737,0.4681877398720682
969758,0.3813185185185185
969762,0.13045454545454543
969793,0.4035
969864,0.22959411764705878
969901,0.21726666666666666
969908,0.19451999999999997
969968,0.06931142857142858
969984,0.0
969995,0.0
970004,0.013111538461538452
970021,0.45736923076923075
970025,0.0
970074,0.30620833333333336
970075,0.40064736842105264
970094,0.2116
970110,0.22930833333333334
970131,0.26880000000000004
970133,0.011466666666666625
970149,0.15124000000000004
970175,0.0
970185,0.23924210526315792
970230,0.18136761363636367
970233,0.0
970303,0.3168133333333333
970368,0.24596799999999996
970397,0.0012823529411764567
970426,0.3410322580645161
970429,0.24885614035087716
970434,0.38309375
970503,0.005702325581395384
970609,0.1935708333333333
970660,0.2613767441860465
970661,0.2768999999999999
970667,0.0
970675,0.2669692506459948
970698,-0.16405660377358489
970700,0.056036363636363606
970727,0.36773636363636364
970786,0.18980000000000002
970791,0.33589467787114846
970793,0.0
970796,0.20177826086956524
970819,0.0
970821,0.3277155145929339
970848,0.0
970858,0.0
970866,0.24066153846153848
970893,0.21977857142857146
970910,0.41946666666666665
970918,0.012351219512195089
970933,0.2575503496503496
970935,0.3489972602739726
970945,0.1686965517241379
970950,0.26887999999999995
970968,0.3765856910569106
970969,0.36751851851851847
971018,0.012852631578947338
971021,0.044777765843179385
971046,0.012199999999999989
971065,0.0
971095,0.0
971102,0.4156931818181818
971117,0.1588
971124,0.2441767441860465
971161,0.36397916666666674
971165,0.17520800000000003
971289,0.24637714285714288
971292,0.0
971371,0.18423636363636361
971376,0.0
971399,0.22549330199764978
971417,0.08063265306122447
971432,0.0
971448,-0.028184615384615475
971476,0.2824666666666667
971488,-0.02821481481481483
971561,0.0
971619,0.0
971692,0.0
971695,0.013749019607843138
971732,0.09524122605363988
971766,0.2852313131313131
971795,0.45980000000000004
971805,0.2881592592592592
971812,0.3820736799239853
971899,0.3631715384615385
971931,0.13324727272727271
971934,0.39989787234042556
971966,0.46709999999999996
971982,0.0
972009,0.18116
972012,0.28890769230769225
972075,0.19422857142857142
972087,0.4203190476190476
972088,0.17730608375778162
972108,0.059079807692307695
972145,0.0
972169,0.26402000000000003
972270,0.42190924137931035
972305,0.27382181904989256
972362,0.18627843137254904
972402,0.11537142857142857
972426,0.22097647058823533
972515,0.4373116279069768
972544,0.27576103896103893
972592,0.2484952380952381
972632,0.0
972641,0.434627868852459
972689,0.011766666666666703
972707,0.3927045454545455
972726,0.3300920413182489
972806,0.0
972816,0.45184597701149426
972823,0.3630972972972973
972858,0.32532432432432434
972866,0.49520000000000003
972870,0.12564017857142856
972882,0.09894298642533939
972938,0.15313739130434784
972939,0.35701142857142854
972945,0.15672833333333333
972965,0.0
972998,0.22672
973020,-0.05905172413793103
973124,0.0
973167,0.25639999999999996
973240,0.3148725876274263
973271,0.0
973317,0.17816632996632997
973320,0.0
973344,0.06876226415094339
973370,0.013960000000000083
973429,0.12893750000000004
973465,0.0
973510,0.38722105263157897
973574,0.0
973597,0.2896
973605,-0.36232000000000003
973666,0.36582553191489364
973672,0.0
973767,-0.0019722222222222086
973817,0.28232333333333337
973819,0.014349999999999974
973929,0.4378008547008547
973937,0.19320000000000004
973947,0.20766363636363638
973969,0.1202302729528536
974005,0.0
974021,0.06591071428571432
974143,0.07523793103448279
974210,0.04535
974216,0.27127636363636365
974218,0.3440558166862515
974248,0.0
974258,0.028200000000000003
974319,0.16247647058823528
974324,0.23374594594594597
974332,0.18369090909090907
974338,-0.06357142857142861
974354,0.0
974362,0.0
974365,0.20707058823529412
974375,0.08056666666666665
974376,0.4734923076923077
974406,0.0
974450,0.12405945945945945
974513,0.20149696969696973
974576,0.05095893416927899
974579,0.31679999999999997
974581,0.0
974598,0.18770689655172412
974615,0.3523381818181818
974626,0.22228719535783367
974641,0.0
974658,0.19909269256089535
974689,0.23870000000000002
974722,0.24514237288135593
974730,-0.09026905923344941
974775,0.020100000000000007
974777,0.3141
974821,0.010237837837837827
974917,-0.13496000000000008
974919,0.3009310344827586
974941,0.4474181818181818
974953,0.0
974958,0.29164126984126987
974995,0.0
975028,0.0
975045,0.36473725490196085
975112,0.3806981818181818
975218,-0.1653142857142857
975226,0.3539333333333333
975260,0.28708
975355,0.0
975367,0.049762264150943425
975428,0.0
975509,0.419375
975519,0.296039375
975521,0.16856428571428572
975581,0.11942222222222224
975610,0.188004347826087
975661,0.4440461538461538
975676,0.31689
975719,0.0
975729,0.35880370370370374
975756,0.3374666666666667
975794,0.011670370370370331
975798,0.4105333333333333
975808,0.2180210526315789
975853,0.2714541158059468
975904,0.29629230769230774
975922,0.0
975988,0.0
976019,0.1661611111111111
976046,0.14629023879346464
976083,-0.013483333333333347
976108,0.16314556149732623
976123,0.2053148148148148
976131,0.0
976139,0.0
976192,-0.15685263157894738
976194,0.0
976233,0.47754117647058825
976237,0.01288749999999994
976238,0.17691639676113363
976269,0.3560965517241379
976278,-0.005714285714285672
976286,-0.06448230490018148
976361,0.3189344827586207
976366,0.0
976390,0.45057499999999995
976439,0.36308571428571434
976452,0.38659517345399697
976505,0.20806666666666668
976538,0.2002266666666666
976542,0.05129557109557109
976560,0.18030833333333335
976604,0.331434008097166
976625,0.0
976629,-0.03789629629629632
976636,0.31921111111111117
976641,0.0
976656,0.0
976685,0.24254285714285712
976703,0.30522539682539684
976713,-0.2129875
976749,0.0
976808,0.059250000000000025
976821,0.09511356807511734
976823,0.17159569892473117
976915,0.14308888888888893
976920,0.0
976971,0.01247857142857145
976975,0.2960424242424242
976976,0.003890566037735854
976991,0.0
977058,0.2111468652037618
977073,0.12471428571428572
977266,0.22206829268292688
977302,0.30315384615384616
977391,0.002533333333333332
977494,0.3386108108108108
977521,0.1420077380952381
977526,0.0
977529,0.17051612903225805
977539,-0.08335356037151703
977543,0.34653733974358975
977596,0.2162047619047619
977626,0.32233636363636364
977645,0.0
977730,0.3223530330330331
977757,0.3656724637681159
977770,0.5093558974358974
977787,0.3715466666666667
977807,0.0
977861,0.012896296296296295
977898,0.3754923076923077
977904,0.38042499999999996
977906,0.3277076923076923
977979,0.3689538461538462
977999,0.25116666666666665
978012,0.3059534552845529
978016,0.16338461538461538
978064,0.10033188405797101
978073,0.0
978124,0.24878666666666666
978144,0.26102702702702707
978163,0.0
978173,0.0
978203,0.43118209523809525
978206,0.0
978223,0.3000909090909091
978227,0.2994245614035088
978248,0.10147142857142857
978258,0.1276144927536232
978314,0.4740410256410256
978318,0.23131612903225804
978319,0.06459473684210526
978407,0.25782741176470586
978470,0.3693
978482,0.0
978531,0.0
978559,0.0
978567,0.011547222222222153
978571,0.16785925925925926
978580,0.0
978602,0.0
978605,0.08756805555555558
978661,-0.12479166666666669
978676,0.0
978693,0.07803999999999994
978772,0.0
978818,0.2687230392156863
978875,0.0656357142857143
978895,0.3921298105682951
978918,0.41586486486486485
978919,0.0
978927,0.26790769230769224
978975,0.33704999999999996
979003,0.4859198350893266
979049,0.011533333333333395
979106,0.0
979170,0.10014
979178,0.4138141414141414
979188,0.43538
979189,0.13649
979224,0.08461248835041937
979232,0.0
979273,0.2781506578947368
979372,0.49697222222222226
979376,0.21429555555555554
979439,0.36877142857142853
979449,0.0
979473,0.30253333333333327
979483,0.0
979487,0.09905238095238095
979489,-0.16944736842105265
979540,0.19648727272727273
979559,0.30942400000000003
979563,0.009322368421052607
979567,0.27484615384615385
979591,0.2870173913043478
979599,0.3605241379310345
979638,0.3386368627450981
979702,0.3933046861184792
979731,0.42475
979738,0.30173181818181816
979765,0.39416086956521734
979778,-0.09224166666666664
979848,0.484004696969697
979914,-0.03108333333333335
979942,0.4993619841269842
979965,0.009695238095238104
979974,0.0
979984,0.0
980087,0.1889828125
980095,0.0
980132,0.0
980147,0.06052941176470589
980151,0.2897836734693877
980178,0.18362985074626864
980216,0.52756
980254,0.2799272727272727
980262,0.056157656086501584
980333,-0.07014666666666658
980335,0.031094736842105286
980343,0.013477551020408152
980349,0.0
980381,0.22223500000000002
980402,0.20284999999999997
980426,0.39332432432432435
980433,0.012571929824561345
980443,0.14588830227743269
980465,0.06391790849673204
980476,0.0
980520,0.43141
980527,0.0
980621,0.05765098039215688
980623,0.08387692307692307
980710,0.41680748663101597
980717,0.1774222222222222
980834,0.0
980882,0.0
980889,0.3766588235294117
980904,0.12633478260869566
980908,0.21177254901960785
980993,0.15375353535353534
981053,0.013475000000000015
981063,0.0
981064,-0.3563209302325582
981069,0.18130000000000002
981081,-0.11512500000000003
981087,0.2572046511627906
981113,0.12301052631578946
981152,0.1540915254237288
981167,0.0
981212,0.3135133971291866
981215,0.010923636363636358
981226,0.27183569230769244
981236,0.0
981269,0.09671584158415841
981276,0.3542370370370371
981279,0.16944814814814818
981287,0.40168333333333334
981290,0.0
981302,0.0
981358,0.4782375
981391,0.42534285714285713
981409,0.38109230769230773
981440,0.0017866666666666586
981478,0.007050000000000001
981517,0.08545862068965518
981533,-0.06548396739130435
981663,-0.7847914893617021
981666,0.0
981681,0.3453322033898305
981769,0.18794285714285713
981816,0.0
981838,0.16135882352941178
981848,-0.748
981860,0.07955593220338975
981868,0.1621733333333334
981871,0.31864590163934425
981923,0.409744
981954,0.35058399999999995
981996,0.21404534127843985
982025,0.0
982063,0.19169056603773588
982093,0.0
982121,0.3825850877192982
982145,0.0
982154,-0.4956285714285714
982242,0.09189999999999998
982249,0.12374285714285715
982260,-0.5985
982290,0.30858095238095246
982298,0.164
982313,0.27952463700234187
982361,0.03194285714285716
982428,0.3244576271186441
982474,0.2036444444444444
982494,-0.008774999999999977
982533,0.18957446808510636
982546,0.0
982553,0.28426153846153845
982659,0.12350714285714282
982694,-0.027250000000000024
982736,0.0
982747,0.0
982760,0.0
982776,0.41971666666666674
982806,0.0
982813,0.0094749999999999
982830,-0.16309999999999997
982845,0.4068821860947769
982846,0.48568181818181816
982914,0.20279999999999998
982927,0.0
982937,0.28067999999999993
982980,0.1184792452830189
982991,0.2800363636363637
983030,0.28644000000000003
983099,0.1595916666666667
983100,0.0
983132,0.27048
983134,0.20848571428571427
983135,0.19485882352941178
983139,0.002104761904761915
983192,0.25881875
983205,0.04769188596491236
983248,0.0
983252,0.4708684210526316
983295,0.0
983308,0.22343333333333332
983310,0.2925461579226285
983327,-0.1388772727272727
983349,0.014362500000000056
983370,0.5098366666666667
983395,0.24136364532019702
983435,0.28626206896551726
983437,0.0
983452,0.0
983456,0.24217199999999997
983536,0.0
983547,0.0
983551,0.4786151898734178
983569,0.4291533333333333
983598,0.0
983608,0.0
983609,0.0
983720,0.013061538461538458
983726,0.0
983783,0.30627
983856,0.3432126984126984
983889,0.21185882352941177
983945,0.399625
983992,0.0
984026,0.26584761904761905
984033,0.00714999999999999
984044,0.07151999999999992
984060,0.0
984072,0.0
984088,0.43368205128205134
984135,0.0
984148,0.42242500000000005
984149,0.33815
984182,0.22082499999999994
984205,0.19061176470588234
984247,0.16510798548094374
984257,0.44800571428571434
984285,0.2533692307692308
984294,0.4310888888888889
984337,0.4632078062678062
984377,-0.032522388059701424
984421,0.013899999999999912
984436,0.352
984454,0.2065392033542977
984551,0.317749345892203
984568,0.3279298245614035
984591,0.34561333333333333
984628,0.39043757575757576
984684,0.26434
984701,0.0
984710,-0.1423714285714286
984719,0.15809433962264152
984737,0.4259384615384615
984764,0.014234782608695595
984863,0.4160666666666666
984874,0.0
984911,0.005430303030303063
984917,0.0
984921,-0.14262293233082712
984977,0.17689769230769226
984994,0.30934169653524496
984995,0.013707853403141401
985044,0.0
985087,0.18968391608391605
985114,0.005300000000000027
985150,0.06833043478260868
985157,0.17928584474885845
985169,0.24446399999999996
985232,0.49012500000000003
985238,-0.3140631578947368
985247,-0.1184952380952381
985310,0.0
985311,0.0
985362,0.0
985364,0.10401347150259066
985377,0.22583376399655464
985416,0.0
985452,-0.102055
985482,-0.04792280701754387
985544,0.2777857142857143
985558,0.22827099664053757
985586,0.06073481481481485
985595,0.37947586206896555
985597,0.005456097560975592
985661,0.0
985670,0.0
985679,0.23462809523809522
985681,0.19438250591016554
985689,-0.3701894736842105
985707,0.31132800000000005
985726,0.0
985749,0.23138666666666666
985789,0.0
985838,0.3551838709677419
985859,0.0
985910,0.25367407407407405
986007,0.26553913043478256
986012,-0.12766466666666676
986014,0.0
986017,0.18055838509316774
986030,0.26108333333333333
986076,0.0
986212,0.0
986244,0.08704867724867725
986250,0.29814999999999997
986268,0.15055737704918035
986353,0.015174999999999994
986382,0.33230000000000004
986391,-0.14807058823529412
986413,0.0
986428,0.24883333333333335
986461,0.17713295454545452
986512,0.27608571428571427
986520,0.30210434782608697
986538,0.0
986600,0.26635000000000003
986607,0.38949056603773585
986609,0.0
986657,0.0
986698,0.3682875
986711,0.2600810810810811
986728,0.17708000000000002
986736,0.2944941176470588
986794,0.15911333333333338
986834,0.011835294117647055
986850,0.0
986872,0.1808068965517241
986992,-0.09380000000000002
987037,0.3788366666666667
987059,0.0555846153846154
987070,0.12614374999999994
987085,0.23842105263157892
987116,0.3570969312169312
987120,0.0
987121,0.20177417190775682
987151,0.2761701996927804
987154,0.011971428571428633
987174,-0.010575418994413402
987205,0.23812380952380957
987230,0.0
987232,0.0
987240,0.1864253164556962
987262,0.3115764705882353
987276,0.0
987278,0.0
987295,0.0
987305,0.187352
987333,0.2072214285714286
987368,0.0
987422,0.31838125000000006
987430,0.0
987474,-0.16828
987475,0.0
987476,0.3231707317073171
987504,0.43894999999999995
987508,0.4465542857142857
987563,0.061625531914893616
987578,0.0
987650,0.3258631436314363
987656,0.30564571428571424
987668,0.05576249999999999
987680,0.26710575000000003
987764,0.007910638297872308
987848,0.17309411764705881
987892,-0.08253008641005494
987893,0.4294588235294118
987908,0.011706666666666643
987913,0.41608125000000007
987934,0.48812727272727274
988018,0.23664615384615378
988036,0.3349310344827586
988127,0.013141176470588323
988222,0.48014133333333336
988235,0.22595000000000004
988284,0.02268041474654378
988357,0.0
988374,0.00860295055821371
988411,0.24586591865357646
988462,0.06663773584905658
988523,0.11743636363636364
988620,0.006677272727272698
988634,0.1986433862433863
988700,0.0
988715,0.13677242105263157
988735,0.0
988744,0.31948
988795,0.1264392857142857
988800,0.2712727272727272
988812,0.42936363636363634
988813,0.32794285714285715
988816,0.12196666666666667
988896,0.0
988912,0.01915
988922,0.013933333333333353
988950,0.3741428571428571
988973,0.27777499999999994
988991,0.3761673611111111
989013,0.3114
989041,0.24117387883556252
989070,0.4081384615384615
989101,0.0
989106,0.003758333333333308
989131,0.421225
989202,0.0117404255319149
989217,0.2742
989270,0.2531366666666667
989272,0.0
989278,0.3809178571428572
989329,0.32281276881720433
989338,0.153308
989339,0.0
989343,-0.02235609756097562
989369,0.01305454545454543
989372,0.23725191489361702
989398,0.0
989534,0.3006133333333333
989564,0.3166457142857143
989596,0.16068947368421055
989598,0.4315785714285715
989610,0.40354570135746604
989692,0.5088666666666667
989708,0.4278521739130435
989736,0.18139999999999995
989822,0.07120943722943723
989856,0.0
989861,0.2458533333333333
989881,0.1268571428571429
989889,0.0
989945,0.22191666666666668
989971,0.0
989988,0.0
989992,0.0
990068,0.4093333333333333
990076,0.0
990150,0.0
990222,0.061503225806451595
990224,0.34073333333333333
990275,0.3201904306220096
990311,0.45890888888888887
990325,0.01244444444444448
990443,-0.024441709401709394
990493,0.0
990503,0.0
990508,0.18415546218487389
990522,0.0897
990529,0.012333333333333307
990540,0.0
990560,0.4563028571428572
990562,-0.0300896551724138
990676,0.34771538461538465
990702,0.2777
990738,0.17457115384615385
990765,0.0
990777,0.45586799999999994
990835,0.30448000000000003
990861,0.2779272727272727
990886,0.23245217391304346
990889,0.24055000000000004
990892,0.0
990897,0.0116436363636363
990903,0.0
990937,-0.15451153846153848
990968,0.0
990999,0.28875428571428574
991034,-0.052043749999999944
991072,0.1677723828514457
991105,0.38738000000000006
991155,0.3631166666666667
991162,0.0
991173,0.0
991178,0.12269609514179788
991215,0.36305280960174574
991218,0.34143151515151515
991257,0.11933913043478261
991299,0.3827275624461671
991325,-0.0769874125874126
991385,0.20032
991397,0.34841935483870967
991420,0.01319999999999999
991421,0.12876037181996086
991430,-0.048881481481481526
991495,0.0
991531,0.2308
991581,0.26532335907335913
991607,0.17149999999999999
991609,0.45577499999999993
991614,0.1933304105090312
991621,0.4559
991625,-0.026125714285714308
991635,0.44493571428571427
991637,0.08171176470588232
991638,-0.0717566030048383
991669,0.1433022955523673
991696,0.0
991743,0.0
991748,0.1412
991771,0.22832631578947368
991789,0.31423809523809526
991812,0.0
991814,-0.5238680851063829
991824,0.0975971830985915
991826,0.32132380952380957
991867,0.17579183673469384
991894,0.0
991922,0.2356454545454545
991930,0.0
991946,0.06731230769230767
991978,0.3121466666666667
991998,0.21767169811320752
992000,0.0
992063,0.0
992115,0.23441753246753247
992120,0.0
992148,0.12363870967741936
992153,0.24706666666666668
992202,0.29574285714285714
992212,0.0
992238,0.31997916666666665
992263,0.28476875
992269,0.20365714285714293
992331,0.20479179487179489
992336,-0.09006808510638298
992368,0.2996681818181818
992372,0.0
992396,0.36808376623376615
992409,-0.04771428571428571
992426,0.4018153846153846
992448,0.0
992485,0.15410044444444443
992501,0.0797444444444444
992532,0.17263537414965988
992551,0.0
992561,0.275630303030303
992580,0.16110476190476192
992581,0.360081685689201
992588,0.0
992617,0.4538714285714286
992649,0.213096
992682,0.0
992717,-0.010990909090909107
992724,0.275
992745,0.2992814814814815
992751,0.1823945945945946
992793,0.0
992816,0.0
992818,0.19368275862068968
992869,0.38091986618630985
993006,0.0
993020,0.012249999999999983
993079,0.38466
993119,0.3207488372093023
993122,0.509014197985753
993201,0.437952380952381
993229,0.25696393442622956
993326,0.0
993380,0.3634583333333333
993399,0.0
993400,0.19383846153846154
993445,0.0
993541,0.052310344827586175
993567,0.3637954545454546
993599,0.0
993603,0.0
993616,0.27692
993617,0.01381025641025635
993651,0.25367999999999996
993663,0.1327478260869565
993698,0.3840416666666666
993721,0.0
993723,0.47524
993725,0.0
993750,0.1734
993753,0.0
993894,0.0
993929,0.0
993948,0.14567466063348417
993953,0.09916762843068266
994025,0.19619999999999999
994046,0.07357025641025641
994063,0.46795
994087,-0.0383222222222222
994114,0.4003142857142857
994132,0.2616322580645161
994148,0.0041235294117646926
994163,0.25511200000000006
994188,0.2868434782608696
994304,0.13660000000000005
994320,0.3173317073170732
994327,-0.07168823529411764
994367,0.0
994384,0.19007407407407406
994409,0.40275555555555553
994422,0.20626000000000005
994483,0.09434444444444445
994506,0.1660074829931973
994509,0.14910769230769233
994510,0.11420769230769229
994545,-0.08613076923076923
994548,0.0
994588,0.22307733333333332
994610,0.38920799999999994
994615,0.0
994616,0.22632196610169492
994642,0.014882864450127903
994660,0.007574999999999998
994698,0.2601
994702,0.06326808510638299
994755,0.009047999999999945
994850,0.3496733333333334
994858,0.0
994879,0.3373890909090909
994898,0.0
994911,0.14081519674355494
994937,0.09306060606060604
994956,0.269264837738374
994965,0.23610869565217396
994984,0.3737333333333333
995000,0.24326399999999998
995089,0.12667170918943327
995093,0.22017499999999995
995168,0.1325961538461538
995198,0.47620000000000007
995226,-0.26616153846153845
995250,-0.1993942857142857
995265,0.25185217391304354
995267,0.17090204081632654
995274,0.1609550724637681
995307,0.0
995400,0.1524471052631579
995442,0.10289156327543425
995447,0.0
995493,0.3518454545454546
995520,0.3593361842105264
995547,0.301025
995550,0.3106726098191215
995565,0.32920677966101697
995573,0.00827692307692307
995654,0.027644444444444416
995697,0.19857499999999997
995701,0.009072834274952923
995707,0.21032128654970755
995721,0.4496714285714286
995750,0.012605128205128158
995773,-0.15860000000000002
995784,0.0
995853,0.28910476190476186
995873,0.0
995886,0.0
995915,0.18644444444444444
996030,0.29934285714285713
996059,0.4223641509433962
996122,0.40280917748917744
996125,-0.0827890909090909
996137,-0.0725794871794872
996229,0.24053043478260872
996277,0.3835731895223421
996304,0.0
996307,0.0
996315,-0.025499999999999967
996327,0.01138235294117651
996380,0.0
996411,0.0
996527,0.08743333333333334
996529,-0.22310000000000002
996530,0.0
996625,0.2759083333333333
996628,0.33542258064516123
996634,0.005230000000000012
996717,0.45988152173913044
996719,0.0754671820243249
996802,0.45811578947368425
996811,0.4283178571428571
996832,-0.06522702702702701
996846,0.0
996867,0.34145132275132273
996876,0.01138181818181827
996886,0.023694736842105255
996904,0.0
996949,0.18918235294117647
996967,0.05087777777777777
997073,0.14653760683760686
997100,0.29930752351097173
997103,0.211275
997118,0.0
997140,0.32332500000000003
997147,0.2572679487179487
997206,0.29466933333333334
997210,0.0
997222,0.4056198054818745
997324,0.040666666666666684
997326,0.26451435897435904
997332,0.012782608695652176
997338,-0.20210943396226416
997347,0.23276969696969696
997383,0.15746530612244897
997390,0.4370722222222223
997396,0.0
997407,0.4533872340425532
997453,0.37072307692307693
997468,0.013151020408163294
997490,0.373675
997495,0.0
997536,0.25598139534883724
997576,0.33744
997584,-0.40988750000000007
997587,0.20841666666666664
997590,0.1548956521739131
997604,0.4345
997609,0.13167058823529415
997614,-0.4655880434782609
997641,0.19340000000000002
997642,0.4228265056972328
997653,0.0
997688,0.26074
997712,0.4802933333333333
997722,0.2066769230769231
997754,0.17870689655172417
997758,0.3316571428571429
997768,0.0
997793,0.4637768595041322
997800,0.3089333333333334
997835,0.41796363636363637
997852,0.4580192771084337
997882,0.0
997885,0.3627072595281307
997938,0.30151052631578945
997941,0.25965372294372296
997955,0.0
998021,0.0041358490566037465
998027,0.35866071428571433
998033,-0.20098125
998059,0.0
998150,0.0
998180,0.3189217391304348
998197,0.24482499999999996
998258,0.3134785714285714
998278,0.2892529411764706
998279,0.0
998291,0.41867619047619054
998338,0.0
998355,0.0
998385,0.22370666666666666
998402,-0.05367346938775508
998411,0.06354666666666664
998414,0.0
998447,0.05588771929824561
998574,0.30647142857142856
998616,0.05581111111111112
998619,0.086424
998624,0.0
998684,-0.10052504743833013
998693,0.2722053333333333
998694,0.352704347826087
998695,0.23495843137254901
998754,0.30856111111111106
998769,0.008812765957446733
998870,0.4891506571087216
998889,0.013079310344827566
998907,0.2860344827586207
998968,0.2081052631578947
998971,0.25955862068965524
998992,0.052888505747126446
999028,0.47026
999029,0.12542767295597484
999047,0.1906421052631579
999061,0.0
999071,0.0
999131,0.19470810810810812
999154,0.2950620320855615
999181,0.0
999202,0.11630000000000007
999203,0.19732400000000005
999223,-0.1690111111111111
999250,0.24362
999266,0.26503750000000004
999298,0.23533333333333328
999314,0.41884827586206896
999357,0.24569456410256413
999364,0.2473733333333333
999373,-0.7359176470588236
999382,0.45840000000000003
999389,0.06223043478260869
999432,0.0015811320754716973
999434,0.0399911111111112
999458,0.17470277777777776
999565,0.07953333333333329
999634,0.5336615384615384
999646,0.0
999656,0.02041818181818178
999700,0.4266461538461538
999724,0.36801739130434774
999726,0.0066130434782608605
999734,0.009324999999999917
999735,0.15115272727272727
999768,0.0
999792,0.0
999851,-0.11443333333333333
999883,0.27336888888888883
999895,0.28675555555555554
999982,0.33844705882352943
