CUSTOMER_NUMBER,TRANS_DATE,TRANS_HOUR,TRANS_AMOUNT,Device_ID_Hash,Beneficiary_CUSTOMER_NUMBER,ts_dt,tx_id,DEVICE_TOTAL_DISTINCT_CUSTOMERS,DEVICE_TOTAL_TRANS_COUNT,BENEFICIARY_TOTAL_DISTINCT_SENDERS,BENEFICIARY_TOTAL_TRANS_COUNT,BENEFICIARY_TOTAL_AMOUNT,IS_SHARED_DEVICE_ALERT,IS_COMMON_RECEIVER_ALERT,risk_score
701619,2019-01-03,17,189771864.0,3a5e174d88b546ba,498844,2019-01-03 17:00:00,0,1,3,8,8,232971864.0,0,1,2.0
701619,2019-07-01,13,30224900.0,3a5e174d88b546ba,689577,2019-07-01 13:00:00,1,1,3,6,6,92219900.0,0,1,2.0
701619,2019-01-02,15,100000.0,3a5e174d88b546ba,591503,2019-01-02 15:00:00,2,1,3,5,5,69806200.0,0,1,2.0
262123,2019-02-21,17,530000.0,d0792dd0041a08b7,893473,2019-02-21 17:00:00,12,1,46,659,688,7247087398.0,0,1,2.0
262123,2019-07-06,11,50000000.0,d0792dd0041a08b7,612055,2019-07-06 11:00:00,39,1,46,3,3,53500000.0,0,1,2.0
90697,2019-01-03,15,600000000.0,2cb8675e0848092c,928137,2019-01-03 15:00:00,49,1,6,612,637,5604863778.0,0,1,2.0
90697,2019-03-09,16,400000.0,2cb8675e0848092c,688161,2019-03-09 16:00:00,50,1,6,5,5,10052000.0,0,1,2.0
90697,2019-03-16,21,400000.0,2cb8675e0848092c,493717,2019-03-16 21:00:00,51,1,6,664,689,6614263966.0,0,1,2.0
90697,2019-03-26,15,1000000.0,2cb8675e0848092c,433633,2019-03-26 15:00:00,52,1,6,647,671,7616982661.0,0,1,2.0
90697,2019-06-21,13,50000000.0,2cb8675e0848092c,879329,2019-06-21 13:00:00,53,1,6,603,621,7585767620.0,0,1,2.0
90697,2019-01-25,10,395000000.0,2cb8675e0848092c,575069,2019-01-25 10:00:00,54,1,6,631,665,9588147201.0,0,1,2.0
575283,2019-01-09,12,100000.0,63a5a2828147779a,155495,2019-01-09 12:00:00,55,1,265,648,677,7649367462.0,0,1,2.0
575283,2019-01-17,12,4900000.0,63a5a2828147779a,360954,2019-01-17 12:00:00,58,1,265,656,676,4713051348.0,0,1,2.0
575283,2019-02-14,13,4000000.0,63a5a2828147779a,759077,2019-02-14 13:00:00,60,1,265,636,669,8535035289.0,0,1,2.0
575283,2019-02-18,16,36000.0,63a5a2828147779a,925502,2019-02-18 16:00:00,62,1,265,646,669,7413455991.0,0,1,2.0
575283,2019-03-09,17,140000.0,63a5a2828147779a,381872,2019-03-09 17:00:00,64,1,265,683,708,8795028421.0,0,1,2.0
575283,2019-04-19,10,500000.0,63a5a2828147779a,206109,2019-04-19 10:00:00,69,1,265,670,689,7080034582.0,0,1,2.0
575283,2019-05-22,17,4000000.0,63a5a2828147779a,118758,2019-05-22 17:00:00,72,1,265,672,703,7492230752.0,0,1,2.0
575283,2019-06-15,16,10930000.0,63a5a2828147779a,285006,2019-06-15 16:00:00,76,1,265,9,9,72249000.0,0,1,2.0
575283,2019-06-22,15,1000000.0,63a5a2828147779a,675591,2019-06-22 15:00:00,78,1,265,641,662,7683179353.0,0,1,2.0
575283,2019-06-26,19,612841.0,63a5a2828147779a,262821,2019-06-26 19:00:00,79,1,265,7,7,220142841.0,0,1,2.0
575283,2019-07-08,6,2000000.0,63a5a2828147779a,16930,2019-07-08 06:00:00,80,1,265,5,5,39319000.0,0,1,2.0
575283,2019-08-15,17,10990000.0,63a5a2828147779a,882643,2019-08-15 17:00:00,81,1,265,622,648,6312548365.0,0,1,2.0
575283,2019-09-20,11,4500000.0,63a5a2828147779a,741211,2019-09-20 11:00:00,83,1,265,650,671,6299298856.0,0,1,2.0
575283,2019-10-14,9,7800000.0,63a5a2828147779a,766035,2019-10-14 09:00:00,84,1,265,658,686,7186024875.0,0,1,2.0
575283,2019-10-25,9,2000000.0,63a5a2828147779a,538932,2019-10-25 09:00:00,85,1,265,642,677,7582845878.0,0,1,2.0
575283,2019-12-17,20,3500000.0,63a5a2828147779a,405482,2019-12-17 20:00:00,88,1,265,677,700,7916674819.0,0,1,2.0
575283,2019-12-21,17,1500000.0,63a5a2828147779a,151934,2019-12-21 17:00:00,89,1,265,633,657,5100181859.0,0,1,2.0
575283,2019-12-21,9,300000.0,63a5a2828147779a,793468,2019-12-21 09:00:00,90,1,265,8,8,64483000.0,0,1,2.0
575283,2019-02-01,12,8000000.0,63a5a2828147779a,237245,2019-02-01 12:00:00,91,1,265,5,5,38900000.0,0,1,2.0
575283,2019-02-25,10,1470000.0,63a5a2828147779a,661389,2019-02-25 10:00:00,92,1,265,682,714,8269327068.0,0,1,2.0
575283,2019-02-28,22,1000000.0,63a5a2828147779a,31375,2019-02-28 22:00:00,93,1,265,667,694,6139916218.0,0,1,2.0
575283,2019-03-12,18,600000.0,63a5a2828147779a,321137,2019-03-12 18:00:00,94,1,265,636,657,6809658075.0,0,1,2.0
575283,2019-03-22,21,3000000.0,63a5a2828147779a,796181,2019-03-22 21:00:00,95,1,265,6,6,21892000.0,0,1,2.0
575283,2019-03-25,20,3500000.0,63a5a2828147779a,197818,2019-03-25 20:00:00,96,1,265,646,667,8136130430.0,0,1,2.0
575283,2019-03-26,9,200000.0,63a5a2828147779a,342613,2019-03-26 09:00:00,97,1,265,10,10,49776000.0,0,1,2.0
575283,2019-03-30,17,1000000.0,63a5a2828147779a,151934,2019-03-30 17:00:00,99,1,265,633,657,5100181859.0,0,1,2.0
575283,2019-04-10,19,6000000.0,63a5a2828147779a,48592,2019-04-10 19:00:00,101,1,265,641,660,7327277322.0,0,1,2.0
575283,2019-05-06,18,2000000.0,63a5a2828147779a,416553,2019-05-06 18:00:00,102,1,265,6,6,7248000.0,0,1,2.0
575283,2019-06-16,21,415000.0,63a5a2828147779a,19918,2019-06-16 21:00:00,103,1,265,5,5,50558070.0,0,1,2.0
575283,2019-06-24,18,1000000.0,63a5a2828147779a,676198,2019-06-24 18:00:00,104,1,265,9,9,36759000.0,0,1,2.0
575283,2019-06-28,15,1000000.0,63a5a2828147779a,321137,2019-06-28 15:00:00,105,1,265,636,657,6809658075.0,0,1,2.0
575283,2019-07-22,17,160000.0,63a5a2828147779a,817483,2019-07-22 17:00:00,106,1,265,648,667,8580146273.0,0,1,2.0
575283,2019-09-01,17,1000000.0,63a5a2828147779a,609523,2019-09-01 17:00:00,108,1,265,644,684,7306301816.0,0,1,2.0
575283,2019-09-14,8,100000.0,63a5a2828147779a,670639,2019-09-14 08:00:00,110,1,265,678,711,6946614503.0,0,1,2.0
575283,2019-09-21,19,600000.0,63a5a2828147779a,433534,2019-09-21 19:00:00,111,1,265,653,680,10341179501.0,0,1,2.0
575283,2019-10-23,8,1000000.0,63a5a2828147779a,754816,2019-10-23 08:00:00,112,1,265,651,670,6383646302.0,0,1,2.0
575283,2019-10-24,7,1000000.0,63a5a2828147779a,170615,2019-10-24 07:00:00,113,1,265,7,7,23450000.0,0,1,2.0
575283,2019-10-23,11,500000.0,63a5a2828147779a,999042,2019-10-23 11:00:00,114,1,265,10,10,90951000.0,0,1,2.0
575283,2019-10-31,16,1000000.0,63a5a2828147779a,896701,2019-10-31 16:00:00,116,1,265,700,723,8117010639.0,0,1,2.0
575283,2019-11-22,11,500000.0,63a5a2828147779a,882939,2019-11-22 11:00:00,117,1,265,622,645,9171363346.0,0,1,2.0
575283,2019-11-23,11,1000000.0,63a5a2828147779a,126134,2019-11-23 11:00:00,118,1,265,6,6,9630000.0,0,1,2.0
575283,2019-12-26,19,3600000.0,63a5a2828147779a,142211,2019-12-26 19:00:00,119,1,265,5,5,8321978.0,0,1,2.0
575283,2019-01-12,9,1500000.0,63a5a2828147779a,672296,2019-01-12 09:00:00,120,1,265,692,716,7399628881.0,0,1,2.0
575283,2019-01-11,9,400000.0,63a5a2828147779a,501391,2019-01-11 09:00:00,121,1,265,7,7,29190000.0,0,1,2.0
575283,2019-03-05,14,15000000.0,63a5a2828147779a,929290,2019-03-05 14:00:00,124,1,265,3,3,53300000.0,0,1,2.0
575283,2019-03-19,8,7500000.0,63a5a2828147779a,849837,2019-03-19 08:00:00,125,1,265,585,611,6284496054.0,0,1,2.0
575283,2019-03-20,14,42000000.0,63a5a2828147779a,234658,2019-03-20 14:00:00,126,1,265,8,8,149800000.0,0,1,2.0
575283,2019-04-02,19,3500000.0,63a5a2828147779a,672296,2019-04-02 19:00:00,127,1,265,692,716,7399628881.0,0,1,2.0
575283,2019-04-10,21,200000.0,63a5a2828147779a,924029,2019-04-10 21:00:00,128,1,265,679,703,7392657522.0,0,1,2.0
575283,2019-04-27,6,1400000.0,63a5a2828147779a,364218,2019-04-27 06:00:00,129,1,265,629,656,9283174669.0,0,1,2.0
575283,2019-05-30,15,1822000.0,63a5a2828147779a,98641,2019-05-30 15:00:00,130,1,265,10,10,44229500.0,0,1,2.0
575283,2019-07-11,14,3400000.0,a04b1a08d67bdc1a,680287,2019-07-11 14:00:00,133,1,1,629,656,5538051955.0,0,1,2.0
575283,2019-07-24,14,500000.0,63a5a2828147779a,893299,2019-07-24 14:00:00,135,1,265,661,692,8584601028.0,0,1,2.0
575283,2019-07-24,10,5300000.0,63a5a2828147779a,896142,2019-07-24 10:00:00,136,1,265,644,671,6517636776.0,0,1,2.0
575283,2019-08-29,10,2000000.0,63a5a2828147779a,976074,2019-08-29 10:00:00,139,1,265,682,706,9162939032.0,0,1,2.0
575283,2019-09-04,10,2233000.0,63a5a2828147779a,771320,2019-09-04 10:00:00,141,1,265,659,682,8318307721.0,0,1,2.0
575283,2019-09-12,11,3000000.0,63a5a2828147779a,365022,2019-09-12 11:00:00,143,1,265,634,660,6399600520.0,0,1,2.0
575283,2019-09-13,10,4500000.0,63a5a2828147779a,798727,2019-09-13 10:00:00,144,1,265,641,670,8980267485.0,0,1,2.0
575283,2019-10-04,7,100000.0,63a5a2828147779a,988349,2019-10-04 07:00:00,147,1,265,617,639,7691137026.0,0,1,2.0
575283,2019-12-25,7,1100000.0,63a5a2828147779a,297594,2019-12-25 07:00:00,152,1,265,624,643,7077668478.0,0,1,2.0
575283,2019-02-15,9,2000000.0,63a5a2828147779a,111664,2019-02-15 09:00:00,153,1,265,656,685,6178866238.0,0,1,2.0
575283,2019-03-02,15,1500000.0,63a5a2828147779a,338400,2019-03-02 15:00:00,156,1,265,5,5,5449000.0,0,1,2.0
575283,2019-04-02,16,4500000.0,63a5a2828147779a,229974,2019-04-02 16:00:00,159,1,265,677,703,5722560353.0,0,1,2.0
575283,2019-04-09,6,5000000.0,63a5a2828147779a,797163,2019-04-09 06:00:00,161,1,265,625,651,5321926207.0,0,1,2.0
575283,2019-04-15,16,1050000.0,63a5a2828147779a,105955,2019-04-15 16:00:00,162,1,265,673,700,7489801847.0,0,1,2.0
575283,2019-05-25,15,10000000.0,63a5a2828147779a,622757,2019-05-25 15:00:00,163,1,265,652,680,9255587042.0,0,1,2.0
575283,2019-05-31,8,200000.0,63a5a2828147779a,847942,2019-05-31 08:00:00,164,1,265,651,682,6226831836.0,0,1,2.0
575283,2019-06-18,15,1800000.0,63a5a2828147779a,396430,2019-06-18 15:00:00,165,1,265,678,701,7974398731.0,0,1,2.0
575283,2019-06-17,9,400000.0,63a5a2828147779a,142651,2019-06-17 09:00:00,167,1,265,619,648,7132353070.0,0,1,2.0
575283,2019-06-29,8,1000000.0,63a5a2828147779a,84250,2019-06-29 08:00:00,168,1,265,10,10,207850000.0,0,1,2.0
575283,2019-07-14,11,7000000.0,63a5a2828147779a,353353,2019-07-14 11:00:00,170,1,265,614,636,6495083869.0,0,1,2.0
575283,2019-07-24,19,2500000.0,63a5a2828147779a,290679,2019-07-24 19:00:00,174,1,265,5,5,5640000.0,0,1,2.0
575283,2019-07-28,11,750000.0,63a5a2828147779a,43187,2019-07-28 11:00:00,176,1,265,663,685,7156617521.0,0,1,2.0
575283,2019-09-03,20,700000.0,63a5a2828147779a,43634,2019-09-03 20:00:00,177,1,265,664,686,9105507805.0,0,1,2.0
575283,2019-10-01,16,500000.0,63a5a2828147779a,572971,2019-10-01 16:00:00,178,1,265,640,662,6598405362.0,0,1,2.0
575283,2019-10-22,18,600000.0,63a5a2828147779a,120393,2019-10-22 18:00:00,179,1,265,650,684,7085938854.0,0,1,2.0
575283,2019-10-22,14,500000.0,63a5a2828147779a,230849,2019-10-22 14:00:00,180,1,265,624,639,10971679805.0,0,1,2.0
575283,2019-10-26,22,100000.0,63a5a2828147779a,400257,2019-10-26 22:00:00,183,1,265,626,648,6680963139.0,0,1,2.0
575283,2019-10-30,17,1200000.0,63a5a2828147779a,845387,2019-10-30 17:00:00,184,1,265,620,643,7435556470.0,0,1,2.0
575283,2019-11-23,18,4500000.0,63a5a2828147779a,729719,2019-11-23 18:00:00,185,1,265,623,649,5927547144.0,0,1,2.0
575283,2019-11-23,17,5000000.0,63a5a2828147779a,682767,2019-11-23 17:00:00,186,1,265,625,644,7270754387.0,0,1,2.0
575283,2019-12-24,15,5000000.0,63a5a2828147779a,890971,2019-12-24 15:00:00,187,1,265,643,663,6925168822.0,0,1,2.0
575283,2019-12-25,19,100000.0,63a5a2828147779a,245438,2019-12-25 19:00:00,188,1,265,645,670,9139783190.0,0,1,2.0
575283,2019-01-17,13,1700000.0,63a5a2828147779a,863680,2019-01-17 13:00:00,189,1,265,656,687,8795415561.0,0,1,2.0
575283,2019-03-25,20,1700000.0,63a5a2828147779a,134741,2019-03-25 20:00:00,193,1,265,8,8,178359025.0,0,1,2.0
575283,2019-04-15,17,1408000.0,63a5a2828147779a,457371,2019-04-15 17:00:00,194,1,265,8,8,63018000.0,0,1,2.0
575283,2019-04-11,11,9500000.0,63a5a2828147779a,789184,2019-04-11 11:00:00,195,1,265,651,664,8666655690.0,0,1,2.0
575283,2019-05-12,19,1000000.0,63a5a2828147779a,308392,2019-05-12 19:00:00,198,1,265,618,643,5636670697.0,0,1,2.0
575283,2019-05-10,12,3408000.0,63a5a2828147779a,38762,2019-05-10 12:00:00,199,1,265,5,5,5748000.0,0,1,2.0
575283,2019-06-10,20,1000000.0,63a5a2828147779a,327787,2019-06-10 20:00:00,200,1,265,590,612,6029317423.0,0,1,2.0
575283,2019-06-11,11,10000000.0,63a5a2828147779a,364745,2019-06-11 11:00:00,201,1,265,656,680,8587735345.0,0,1,2.0
575283,2019-06-21,21,2000000.0,63a5a2828147779a,327375,2019-06-21 21:00:00,202,1,265,11,11,261121000.0,0,1,2.0
575283,2019-06-30,17,500000.0,63a5a2828147779a,410441,2019-06-30 17:00:00,203,1,265,631,656,9115338002.0,0,1,2.0
575283,2019-07-10,19,12800000.0,63a5a2828147779a,849754,2019-07-10 19:00:00,204,1,265,9,9,59165000.0,0,1,2.0
575283,2019-08-06,17,5000000.0,63a5a2828147779a,681163,2019-08-06 17:00:00,207,1,265,677,694,7216111747.0,0,1,2.0
575283,2019-10-31,9,1000000.0,63a5a2828147779a,774523,2019-10-31 09:00:00,214,1,265,645,666,7393558290.0,0,1,2.0
575283,2019-11-11,9,500000.0,63a5a2828147779a,151245,2019-11-11 09:00:00,215,1,265,7,7,206170786.0,0,1,2.0
575283,2019-11-15,20,280000.0,63a5a2828147779a,50243,2019-11-15 20:00:00,216,1,265,5,5,56310000.0,0,1,2.0
575283,2019-11-25,11,600000.0,63a5a2828147779a,547653,2019-11-25 11:00:00,217,1,265,641,670,6786077743.0,0,1,2.0
575283,2019-12-20,16,700000.0,63a5a2828147779a,895071,2019-12-20 16:00:00,220,1,265,618,634,5594112496.0,0,1,2.0
575283,2019-12-25,11,700000.0,63a5a2828147779a,607366,2019-12-25 11:00:00,221,1,265,629,658,6647571894.0,0,1,2.0
575283,2019-02-28,11,1000000.0,63a5a2828147779a,337376,2019-02-28 11:00:00,224,1,265,604,629,5864462279.0,0,1,2.0
575283,2019-03-30,20,1400000.0,63a5a2828147779a,823563,2019-03-30 20:00:00,226,1,265,669,690,7626625305.0,0,1,2.0
575283,2019-04-15,11,400000.0,63a5a2828147779a,382835,2019-04-15 11:00:00,228,1,265,650,670,6798662774.0,0,1,2.0
575283,2019-04-16,13,2350000.0,63a5a2828147779a,88983,2019-04-16 13:00:00,231,1,265,655,679,7428474347.0,0,1,2.0
575283,2019-04-26,16,1500000.0,63a5a2828147779a,250977,2019-04-26 16:00:00,232,1,265,9,9,28436745.0,0,1,2.0
575283,2019-06-10,12,10000000.0,63a5a2828147779a,162570,2019-06-10 12:00:00,237,1,265,629,659,7196553819.0,0,1,2.0
575283,2019-06-11,16,5500000.0,63a5a2828147779a,430075,2019-06-11 16:00:00,238,1,265,642,674,6381101032.0,0,1,2.0
575283,2019-06-16,6,5000000.0,63a5a2828147779a,726750,2019-06-16 06:00:00,239,1,265,6,6,21300000.0,0,1,2.0
575283,2019-06-19,17,1000000.0,63a5a2828147779a,282261,2019-06-19 17:00:00,240,1,265,665,682,5762887054.0,0,1,2.0
575283,2019-06-27,10,800000.0,63a5a2828147779a,927580,2019-06-27 10:00:00,241,1,265,3,3,35303000.0,0,1,2.0
575283,2019-07-14,8,9500000.0,63a5a2828147779a,573694,2019-07-14 08:00:00,243,1,265,663,683,8150446521.0,0,1,2.0
575283,2019-07-28,18,210000.0,63a5a2828147779a,170419,2019-07-28 18:00:00,244,1,265,16,16,319282500.0,0,1,2.0
575283,2019-08-05,11,250000.0,63a5a2828147779a,220152,2019-08-05 11:00:00,245,1,265,602,629,9425675269.0,0,1,2.0
575283,2019-08-17,10,100000.0,63a5a2828147779a,993526,2019-08-17 10:00:00,246,1,265,638,665,8068483433.0,0,1,2.0
575283,2019-08-24,7,1500000.0,63a5a2828147779a,214694,2019-08-24 07:00:00,248,1,265,618,642,6000579211.0,0,1,2.0
575283,2019-09-22,7,500000.0,63a5a2828147779a,561451,2019-09-22 07:00:00,250,1,265,670,695,6008010083.0,0,1,2.0
575283,2019-10-22,15,200000.0,63a5a2828147779a,619464,2019-10-22 15:00:00,254,1,265,662,694,6646860467.0,0,1,2.0
575283,2019-03-07,21,2000000.0,63a5a2828147779a,36572,2019-03-07 21:00:00,259,1,265,604,629,8493144809.0,0,1,2.0
575283,2019-03-12,20,12000000.0,63a5a2828147779a,16884,2019-03-12 20:00:00,261,1,265,10,10,39840000.0,0,1,2.0
575283,2019-03-19,17,10000000.0,63a5a2828147779a,661389,2019-03-19 17:00:00,263,1,265,682,714,8269327068.0,0,1,2.0
575283,2019-03-18,19,10000000.0,63a5a2828147779a,483117,2019-03-18 19:00:00,264,1,265,650,668,8259645094.0,0,1,2.0
575283,2019-03-25,13,2500000.0,63a5a2828147779a,530392,2019-03-25 13:00:00,265,1,265,630,660,6877208061.0,0,1,2.0
575283,2019-04-03,13,2000000.0,63a5a2828147779a,937908,2019-04-03 13:00:00,268,1,265,654,679,7313734026.0,0,1,2.0
575283,2019-05-07,9,1000000.0,63a5a2828147779a,619464,2019-05-07 09:00:00,270,1,265,662,694,6646860467.0,0,1,2.0
575283,2019-05-07,16,1000000.0,63a5a2828147779a,486015,2019-05-07 16:00:00,271,1,265,641,666,4730260882.0,0,1,2.0
575283,2019-05-30,17,5000000.0,63a5a2828147779a,681417,2019-05-30 17:00:00,273,1,265,648,682,6851821272.0,0,1,2.0
575283,2019-05-31,18,349868.0,63a5a2828147779a,130369,2019-05-31 18:00:00,274,1,265,4,4,10579868.0,0,1,2.0
575283,2019-06-20,20,2000000.0,63a5a2828147779a,496228,2019-06-20 20:00:00,275,1,265,651,675,8215671341.0,0,1,2.0
575283,2019-06-25,9,19500000.0,63a5a2828147779a,592218,2019-06-25 09:00:00,276,1,265,626,656,6750598484.0,0,1,2.0
575283,2019-07-06,7,5000000.0,63a5a2828147779a,966760,2019-07-06 07:00:00,277,1,265,8,8,88993000.0,0,1,2.0
575283,2019-07-14,7,500000.0,63a5a2828147779a,966370,2019-07-14 07:00:00,278,1,265,621,641,5314385970.0,0,1,2.0
575283,2019-07-25,5,4000000.0,63a5a2828147779a,532427,2019-07-25 05:00:00,279,1,265,651,669,7970533826.0,0,1,2.0
575283,2019-08-19,18,1000000.0,63a5a2828147779a,753063,2019-08-19 18:00:00,280,1,265,682,715,9004944871.0,0,1,2.0
575283,2019-08-19,19,23500000.0,63a5a2828147779a,486051,2019-08-19 19:00:00,281,1,265,634,654,6027020724.0,0,1,2.0
575283,2019-09-06,18,4000000.0,63a5a2828147779a,465169,2019-09-06 18:00:00,282,1,265,669,698,10253544428.0,0,1,2.0
575283,2019-09-20,14,1000000.0,63a5a2828147779a,720914,2019-09-20 14:00:00,284,1,265,611,639,6786029782.0,0,1,2.0
575283,2019-10-29,16,500000.0,63a5a2828147779a,294019,2019-10-29 16:00:00,288,1,265,4,4,2510000.0,0,1,2.0
575283,2019-12-11,9,660000.0,63a5a2828147779a,363217,2019-12-11 09:00:00,290,1,265,623,644,7083261075.0,0,1,2.0
575283,2019-02-01,12,8000000.0,63a5a2828147779a,988349,2019-02-01 12:00:00,292,1,265,617,639,7691137026.0,0,1,2.0
575283,2019-02-18,12,8200000.0,63a5a2828147779a,247254,2019-02-18 12:00:00,293,1,265,612,631,7272264665.0,0,1,2.0
575283,2019-03-08,14,2900000.0,63a5a2828147779a,271493,2019-03-08 14:00:00,297,1,265,9,9,9660000.0,0,1,2.0
575283,2019-03-13,19,100000.0,63a5a2828147779a,63398,2019-03-13 19:00:00,298,1,265,650,670,7815644787.0,0,1,2.0
575283,2019-03-25,16,8000000.0,63a5a2828147779a,475010,2019-03-25 16:00:00,299,1,265,3,3,9550000.0,0,1,2.0
575283,2019-03-29,15,2000000.0,63a5a2828147779a,906017,2019-03-29 15:00:00,300,1,265,612,631,4652804407.0,0,1,2.0
575283,2019-04-03,8,300000.0,63a5a2828147779a,374669,2019-04-03 08:00:00,301,1,265,621,655,6946788409.0,0,1,2.0
575283,2019-04-04,12,1000000.0,63a5a2828147779a,824222,2019-04-04 12:00:00,302,1,265,8,8,20650001.0,0,1,2.0
575283,2019-04-10,16,8000000.0,63a5a2828147779a,145064,2019-04-10 16:00:00,303,1,265,671,689,8066173814.0,0,1,2.0
575283,2019-05-06,16,1500000.0,63a5a2828147779a,775141,2019-05-06 16:00:00,304,1,265,648,680,7608466781.0,0,1,2.0
575283,2019-05-31,21,2900000.0,63a5a2828147779a,374669,2019-05-31 21:00:00,306,1,265,621,655,6946788409.0,0,1,2.0
575283,2019-06-10,15,2800000.0,63a5a2828147779a,165087,2019-06-10 15:00:00,307,1,265,645,663,7068812816.0,0,1,2.0
575283,2019-06-15,15,1700000.0,63a5a2828147779a,510799,2019-06-15 15:00:00,308,1,265,642,673,6039888769.0,0,1,2.0
575283,2019-06-20,15,3000000.0,63a5a2828147779a,349774,2019-06-20 15:00:00,310,1,265,700,719,9954739086.0,0,1,2.0
575283,2019-08-26,18,100000.0,63a5a2828147779a,798727,2019-08-26 18:00:00,311,1,265,641,670,8980267485.0,0,1,2.0
575283,2019-09-01,11,400000.0,63a5a2828147779a,332977,2019-09-01 11:00:00,312,1,265,12,12,30745000.0,0,1,2.0
575283,2019-09-10,14,1200000.0,63a5a2828147779a,810147,2019-09-10 14:00:00,314,1,265,607,621,6286364046.0,0,1,2.0
575283,2019-09-24,17,1000000.0,63a5a2828147779a,776913,2019-09-24 17:00:00,316,1,265,8,8,26525000.0,0,1,2.0
575283,2019-09-29,20,1000000.0,63a5a2828147779a,858951,2019-09-29 20:00:00,318,1,265,11,11,26012000.0,0,1,2.0
575283,2019-09-30,19,90000.0,63a5a2828147779a,262928,2019-09-30 19:00:00,320,1,265,8,8,84474756.0,0,1,2.0
39593,2019-01-09,0,50000000.0,ba8e79584dd723d6,619290,2019-01-09 00:00:00,323,1,2,5,5,60746087.0,0,1,2.0
39593,2019-01-08,19,50000000.0,ba8e79584dd723d6,33614,2019-01-08 19:00:00,324,1,2,618,641,8967172500.0,0,1,2.0
104158,2019-01-09,15,10000000.0,4181497d85bb5078,185385,2019-01-09 15:00:00,325,1,165,652,684,7885851004.0,0,1,2.0
104158,2019-03-05,10,20000000.0,4181497d85bb5078,626969,2019-03-05 10:00:00,326,1,165,8,8,47550753.0,0,1,2.0
104158,2019-03-14,10,20000000.0,4181497d85bb5078,69129,2019-03-14 10:00:00,327,1,165,633,655,7312711568.0,0,1,2.0
104158,2019-05-10,9,8000000.0,4181497d85bb5078,52695,2019-05-10 09:00:00,328,1,165,645,669,10411122466.0,0,1,2.0
104158,2019-05-20,10,7000000.0,4181497d85bb5078,889194,2019-05-20 10:00:00,329,1,165,649,674,9295343350.0,0,1,2.0
104158,2019-08-23,13,500000.0,4181497d85bb5078,794790,2019-08-23 13:00:00,332,1,165,665,683,10297760949.0,0,1,2.0
104158,2019-08-30,15,7100000.0,4181497d85bb5078,629333,2019-08-30 15:00:00,333,1,165,3,3,9600000.0,0,1,2.0
104158,2019-09-06,9,1000000.0,4181497d85bb5078,649291,2019-09-06 09:00:00,334,1,165,662,688,7986956721.0,0,1,2.0
104158,2019-09-12,23,27785000.0,4181497d85bb5078,605247,2019-09-12 23:00:00,335,1,165,640,669,6163196027.0,0,1,2.0
104158,2019-10-01,12,30500000.0,4181497d85bb5078,78956,2019-10-01 12:00:00,336,1,165,634,657,6166654843.0,0,1,2.0
104158,2019-10-09,12,22000000.0,4181497d85bb5078,547653,2019-10-09 12:00:00,338,1,165,641,670,6786077743.0,0,1,2.0
104158,2019-10-14,22,250000.0,4181497d85bb5078,518916,2019-10-14 22:00:00,339,1,165,675,699,8410629054.0,0,1,2.0
104158,2019-10-24,18,200000.0,4181497d85bb5078,806129,2019-10-24 18:00:00,340,1,165,646,671,7293033678.0,0,1,2.0
104158,2019-11-05,9,1000000.0,4181497d85bb5078,374492,2019-11-05 09:00:00,341,1,165,5,5,8700000.0,0,1,2.0
104158,2019-12-19,8,300000.0,4181497d85bb5078,367923,2019-12-19 08:00:00,347,1,165,7,7,26830000.0,0,1,2.0
104158,2019-06-03,12,20000000.0,4181497d85bb5078,84502,2019-06-03 12:00:00,348,1,165,649,670,5884547468.0,0,1,2.0
104158,2019-06-21,16,10000000.0,4181497d85bb5078,258194,2019-06-21 16:00:00,349,1,165,8,8,267500000.0,0,1,2.0
104158,2019-06-25,11,20000000.0,4181497d85bb5078,60938,2019-06-25 11:00:00,350,1,165,639,669,9255057152.0,0,1,2.0
104158,2019-07-04,11,7200000.0,4181497d85bb5078,412175,2019-07-04 11:00:00,351,1,165,630,654,6638447826.0,0,1,2.0
104158,2019-11-11,13,20000000.0,4181497d85bb5078,624210,2019-11-11 13:00:00,355,1,165,645,665,6507721423.0,0,1,2.0
104158,2019-12-03,18,8800000.0,4181497d85bb5078,978381,2019-12-03 18:00:00,358,1,165,9,9,17550000.0,0,1,2.0
104158,2019-12-05,15,7000000.0,4181497d85bb5078,722770,2019-12-05 15:00:00,360,1,165,10,10,30790000.0,0,1,2.0
104158,2019-12-31,12,100000.0,4181497d85bb5078,195549,2019-12-31 12:00:00,361,1,165,669,694,6593078536.0,0,1,2.0
104158,2019-02-12,14,20000000.0,4181497d85bb5078,325450,2019-02-12 14:00:00,362,1,165,657,687,7580940297.0,0,1,2.0
104158,2019-02-19,13,30050000.0,4181497d85bb5078,39876,2019-02-19 13:00:00,363,1,165,678,705,8062378857.0,0,1,2.0
104158,2019-03-05,8,2000000.0,4181497d85bb5078,502658,2019-03-05 08:00:00,364,1,165,632,658,9156140164.0,0,1,2.0
104158,2019-05-21,14,8000000.0,4181497d85bb5078,169676,2019-05-21 14:00:00,365,1,165,610,645,6093840742.0,0,1,2.0
104158,2019-05-29,10,20000000.0,4181497d85bb5078,889843,2019-05-29 10:00:00,366,1,165,642,666,6983403671.0,0,1,2.0
104158,2019-06-17,15,10000000.0,4181497d85bb5078,815560,2019-06-17 15:00:00,367,1,165,648,674,8953177245.0,0,1,2.0
104158,2019-07-08,9,25000000.0,4181497d85bb5078,233647,2019-07-08 09:00:00,368,1,165,9,9,50408000.0,0,1,2.0
104158,2019-07-22,9,14930000.0,4181497d85bb5078,31182,2019-07-22 09:00:00,369,1,165,11,11,62830000.0,0,1,2.0
104158,2019-08-03,8,7200000.0,4181497d85bb5078,24584,2019-08-03 08:00:00,370,1,165,637,669,7120985548.0,0,1,2.0
104158,2019-08-14,21,35960000.0,4181497d85bb5078,374357,2019-08-14 21:00:00,371,1,165,630,655,4316565770.0,0,1,2.0
104158,2019-08-23,15,2000000.0,4181497d85bb5078,639075,2019-08-23 15:00:00,372,1,165,659,682,6921266772.0,0,1,2.0
104158,2019-09-18,11,20000000.0,4181497d85bb5078,553160,2019-09-18 11:00:00,373,1,165,625,655,6839737238.0,0,1,2.0
104158,2019-10-15,17,700000.0,4181497d85bb5078,503180,2019-10-15 17:00:00,374,1,165,655,681,5126078144.0,0,1,2.0
104158,2019-10-28,9,100000.0,4181497d85bb5078,935525,2019-10-28 09:00:00,375,1,165,6,6,29792000.0,0,1,2.0
104158,2019-11-16,11,1500000.0,4181497d85bb5078,822581,2019-11-16 11:00:00,376,1,165,643,669,7428357045.0,0,1,2.0
104158,2019-12-06,15,7000000.0,4181497d85bb5078,895338,2019-12-06 15:00:00,379,1,165,8,8,27620000.0,0,1,2.0
104158,2019-02-14,13,20000000.0,4181497d85bb5078,182115,2019-02-14 13:00:00,383,1,165,11,11,90310001.0,0,1,2.0
104158,2019-05-17,12,10000000.0,4181497d85bb5078,470504,2019-05-17 12:00:00,384,1,165,6,6,42820000.0,0,1,2.0
104158,2019-05-31,14,7200000.0,4181497d85bb5078,758279,2019-05-31 14:00:00,385,1,165,662,693,9064454590.0,0,1,2.0
104158,2019-07-26,10,2000000.0,4181497d85bb5078,338205,2019-07-26 10:00:00,386,1,165,6,6,14213000.0,0,1,2.0
104158,2019-08-21,12,10000000.0,4181497d85bb5078,669543,2019-08-21 12:00:00,387,1,165,667,700,8179911266.0,0,1,2.0
104158,2019-09-03,12,1000000.0,4181497d85bb5078,833288,2019-09-03 12:00:00,388,1,165,6,6,4327000.0,0,1,2.0
104158,2019-09-11,9,20000000.0,4181497d85bb5078,971410,2019-09-11 09:00:00,389,1,165,6,6,124766000.0,0,1,2.0
104158,2019-10-21,8,34970000.0,4181497d85bb5078,243843,2019-10-21 08:00:00,391,1,165,596,617,8518121106.0,0,1,2.0
104158,2019-11-18,11,25000000.0,4181497d85bb5078,864278,2019-11-18 11:00:00,393,1,165,608,629,8174215467.0,0,1,2.0
104158,2019-12-16,9,2300000.0,4181497d85bb5078,672242,2019-12-16 09:00:00,398,1,165,678,705,10083876106.0,0,1,2.0
104158,2019-12-21,6,50000000.0,4181497d85bb5078,453040,2019-12-21 06:00:00,399,1,165,611,630,8234843042.0,0,1,2.0
104158,2019-01-29,15,7500000.0,4181497d85bb5078,543148,2019-01-29 15:00:00,402,1,165,666,690,8453517907.0,0,1,2.0
104158,2019-03-05,7,7000000.0,4181497d85bb5078,640968,2019-03-05 07:00:00,403,1,165,657,676,8091388822.0,0,1,2.0
104158,2019-03-19,12,20000000.0,4181497d85bb5078,377538,2019-03-19 12:00:00,404,1,165,14,14,37371000.0,0,1,2.0
104158,2019-05-22,10,5000000.0,4181497d85bb5078,766624,2019-05-22 10:00:00,405,1,165,8,8,55960000.0,0,1,2.0
104158,2019-05-28,14,20000000.0,4181497d85bb5078,255776,2019-05-28 14:00:00,406,1,165,4,4,41730000.0,0,1,2.0
104158,2019-06-14,13,15000000.0,4181497d85bb5078,371962,2019-06-14 13:00:00,407,1,165,669,692,6645514371.0,0,1,2.0
104158,2019-06-13,14,20000000.0,4181497d85bb5078,339266,2019-06-13 14:00:00,408,1,165,7,7,73350000.0,0,1,2.0
104158,2019-09-05,11,20000000.0,4181497d85bb5078,231033,2019-09-05 11:00:00,411,1,165,623,649,7461934676.0,0,1,2.0
104158,2019-09-20,11,21000000.0,4181497d85bb5078,29433,2019-09-20 11:00:00,413,1,165,669,691,8414142964.0,0,1,2.0
104158,2019-10-03,16,1000000.0,4181497d85bb5078,118894,2019-10-03 16:00:00,415,1,165,626,648,5304323849.0,0,1,2.0
104158,2019-10-03,16,7200000.0,4181497d85bb5078,956837,2019-10-03 16:00:00,416,1,165,4,4,16000000.0,0,1,2.0
104158,2019-12-24,8,100000.0,4181497d85bb5078,524360,2019-12-24 08:00:00,422,1,165,9,9,158217000.0,0,1,2.0
104158,2019-05-08,10,3000000.0,4181497d85bb5078,380274,2019-05-08 10:00:00,424,1,165,652,675,8108918205.0,0,1,2.0
104158,2019-05-13,14,7000000.0,4181497d85bb5078,226196,2019-05-13 14:00:00,425,1,165,6,6,24042000.0,0,1,2.0
104158,2019-06-11,14,16000000.0,4181497d85bb5078,24626,2019-06-11 14:00:00,426,1,165,7,7,60250000.0,0,1,2.0
104158,2019-07-01,12,30000000.0,4181497d85bb5078,234658,2019-07-01 12:00:00,427,1,165,8,8,149800000.0,0,1,2.0
104158,2019-07-04,11,2000000.0,4181497d85bb5078,236643,2019-07-04 11:00:00,428,1,165,626,644,7814691794.0,0,1,2.0
104158,2019-07-20,11,20000000.0,4181497d85bb5078,128229,2019-07-20 11:00:00,429,1,165,6,6,68131000.0,0,1,2.0
104158,2019-08-07,22,14000000.0,4181497d85bb5078,893473,2019-08-07 22:00:00,430,1,165,659,688,7247087398.0,0,1,2.0
104158,2019-08-06,10,500000.0,4181497d85bb5078,996955,2019-08-06 10:00:00,431,1,165,653,680,6609742203.0,0,1,2.0
104158,2019-10-11,20,1000000.0,a7b65a3991df83a6,682901,2019-10-11 20:00:00,434,1,1,631,655,5056619199.0,0,1,2.0
104158,2019-11-04,10,7000000.0,4181497d85bb5078,849124,2019-11-04 10:00:00,436,1,165,645,670,8813279806.0,0,1,2.0
104158,2019-12-01,19,200000.0,4181497d85bb5078,1212,2019-12-01 19:00:00,437,1,165,652,677,6662349309.0,0,1,2.0
104158,2019-12-05,8,1860000.0,4181497d85bb5078,424694,2019-12-05 08:00:00,439,1,165,7,7,17460000.0,0,1,2.0
104158,2019-12-18,12,30000000.0,4181497d85bb5078,907100,2019-12-18 12:00:00,440,1,165,9,9,111450000.0,0,1,2.0
104158,2019-12-25,13,100000.0,4181497d85bb5078,178488,2019-12-25 13:00:00,441,1,165,635,652,7377306397.0,0,1,2.0
104158,2019-01-21,11,30000000.0,4181497d85bb5078,102862,2019-01-21 11:00:00,442,1,165,590,610,7621340723.0,0,1,2.0
104158,2019-04-26,9,11000000.0,4181497d85bb5078,154744,2019-04-26 09:00:00,443,1,165,592,613,7425120323.0,0,1,2.0
104158,2019-04-26,9,10000000.0,4181497d85bb5078,479799,2019-04-26 09:00:00,444,1,165,6,6,31232000.0,0,1,2.0
104158,2019-05-03,15,7500000.0,4181497d85bb5078,425305,2019-05-03 15:00:00,445,1,165,655,677,6374997955.0,0,1,2.0
104158,2019-05-22,15,7000000.0,4181497d85bb5078,863680,2019-05-22 15:00:00,446,1,165,656,687,8795415561.0,0,1,2.0
104158,2019-05-24,15,10000000.0,4181497d85bb5078,915270,2019-05-24 15:00:00,447,1,165,5,5,22490000.0,0,1,2.0
104158,2019-05-29,12,20000000.0,4181497d85bb5078,186431,2019-05-29 12:00:00,448,1,165,628,643,8315999299.0,0,1,2.0
104158,2019-07-30,11,20000000.0,4181497d85bb5078,151579,2019-07-30 11:00:00,450,1,165,9,9,76355000.0,0,1,2.0
104158,2019-08-05,13,25000000.0,642ad83c46fc346c,465871,2019-08-05 13:00:00,451,1,1,696,727,6984509187.0,0,1,2.0
104158,2019-08-30,16,17000000.0,4181497d85bb5078,433655,2019-08-30 16:00:00,452,1,165,4,4,21500000.0,0,1,2.0
104158,2019-10-14,11,29000000.0,4181497d85bb5078,152996,2019-10-14 11:00:00,454,1,165,6,6,32747000.0,0,1,2.0
104158,2019-10-15,17,1500000.0,4181497d85bb5078,806679,2019-10-15 17:00:00,455,1,165,8,8,40010000.0,0,1,2.0
104158,2019-10-14,18,200000.0,4181497d85bb5078,973708,2019-10-14 18:00:00,456,1,165,689,718,6792796934.0,0,1,2.0
104158,2019-11-03,8,1873000.0,4181497d85bb5078,565732,2019-11-03 08:00:00,458,1,165,690,716,8657413847.0,0,1,2.0
104158,2019-11-07,10,40000000.0,4181497d85bb5078,207357,2019-11-07 10:00:00,463,1,165,666,708,10255336603.0,0,1,2.0
104158,2019-02-19,8,7400000.0,4181497d85bb5078,591693,2019-02-19 08:00:00,471,1,165,665,688,5961279722.0,0,1,2.0
104158,2019-04-23,12,15000000.0,4181497d85bb5078,199278,2019-04-23 12:00:00,472,1,165,620,642,7020351880.0,0,1,2.0
104158,2019-05-10,12,10000000.0,4181497d85bb5078,37771,2019-05-10 12:00:00,473,1,165,611,627,5945885686.0,0,1,2.0
104158,2019-05-17,18,10000000.0,4181497d85bb5078,364218,2019-05-17 18:00:00,474,1,165,629,656,9283174669.0,0,1,2.0
104158,2019-05-23,16,25000000.0,4181497d85bb5078,937837,2019-05-23 16:00:00,475,1,165,634,659,5236299415.0,0,1,2.0
104158,2019-07-17,13,22000000.0,4181497d85bb5078,486015,2019-07-17 13:00:00,478,1,165,641,666,4730260882.0,0,1,2.0
104158,2019-08-24,20,30000000.0,4181497d85bb5078,488904,2019-08-24 20:00:00,480,1,165,659,689,7089808154.0,0,1,2.0
104158,2019-09-26,22,350000.0,4181497d85bb5078,381872,2019-09-26 22:00:00,483,1,165,683,708,8795028421.0,0,1,2.0
104158,2019-10-29,12,20000000.0,4181497d85bb5078,478290,2019-10-29 12:00:00,484,1,165,661,686,9541931099.0,0,1,2.0
104158,2019-11-24,9,300000.0,4181497d85bb5078,24542,2019-11-24 09:00:00,488,1,165,601,624,5752415445.0,0,1,2.0
104158,2019-12-09,10,20000000.0,4181497d85bb5078,234192,2019-12-09 10:00:00,489,1,165,6,6,37770000.0,0,1,2.0
104158,2019-12-20,10,50000000.0,4181497d85bb5078,273957,2019-12-20 10:00:00,490,1,165,613,640,6678698409.0,0,1,2.0
104158,2019-12-27,11,3080000.0,4181497d85bb5078,155495,2019-12-27 11:00:00,491,1,165,648,677,7649367462.0,0,1,2.0
717599,2019-01-09,11,10000000.0,13f94a6386be19ee,710571,2019-01-09 11:00:00,492,1,106,5,5,74726000.0,0,1,2.0
717599,2019-03-16,9,19990000.0,13f94a6386be19ee,596262,2019-03-16 09:00:00,493,1,106,633,660,6961124978.0,0,1,2.0
717599,2019-04-27,21,5000000.0,13f94a6386be19ee,165109,2019-04-27 21:00:00,494,1,106,614,631,8133007473.0,0,1,2.0
717599,2019-05-13,14,9000000.0,13f94a6386be19ee,464307,2019-05-13 14:00:00,495,1,106,630,652,6206242605.0,0,1,2.0
717599,2019-07-30,16,500000.0,13f94a6386be19ee,162570,2019-07-30 16:00:00,496,1,106,629,659,7196553819.0,0,1,2.0
717599,2019-08-12,22,2000000.0,13f94a6386be19ee,918809,2019-08-12 22:00:00,497,1,106,623,644,8385659771.0,0,1,2.0
717599,2019-08-13,9,3500000.0,13f94a6386be19ee,236643,2019-08-13 09:00:00,498,1,106,626,644,7814691794.0,0,1,2.0
717599,2019-08-24,16,1000000.0,13f94a6386be19ee,26695,2019-08-24 16:00:00,499,1,106,5,5,32050000.0,0,1,2.0
717599,2019-10-10,9,2000000.0,13f94a6386be19ee,532346,2019-10-10 09:00:00,500,1,106,8,8,29713000.0,0,1,2.0
717599,2019-10-28,7,4100000.0,13f94a6386be19ee,155495,2019-10-28 07:00:00,501,1,106,648,677,7649367462.0,0,1,2.0
717599,2019-11-04,10,8252000.0,13f94a6386be19ee,43147,2019-11-04 10:00:00,502,1,106,643,672,6572035121.0,0,1,2.0
717599,2019-11-02,14,6300000.0,13f94a6386be19ee,137763,2019-11-02 14:00:00,503,1,106,5,5,54142000.0,0,1,2.0
717599,2019-11-28,18,2000000.0,13f94a6386be19ee,160936,2019-11-28 18:00:00,504,1,106,9,9,23185000.0,0,1,2.0
717599,2019-12-04,23,1200000.0,13f94a6386be19ee,526137,2019-12-04 23:00:00,505,1,106,617,637,7401458104.0,0,1,2.0
717599,2019-12-25,11,8728000.0,13f94a6386be19ee,827612,2019-12-25 11:00:00,506,1,106,8,8,30864007.0,0,1,2.0
717599,2019-01-02,21,9980000.0,13f94a6386be19ee,349300,2019-01-02 21:00:00,507,1,106,643,659,5910421488.0,0,1,2.0
717599,2019-06-02,20,5000000.0,13f94a6386be19ee,805723,2019-06-02 20:00:00,508,1,106,661,690,5519395684.0,0,1,2.0
717599,2019-08-12,23,580000.0,13f94a6386be19ee,104895,2019-08-12 23:00:00,509,1,106,626,659,5894712202.0,0,1,2.0
717599,2019-08-14,10,2000000.0,13f94a6386be19ee,377431,2019-08-14 10:00:00,510,1,106,627,669,5307986642.0,0,1,2.0
717599,2019-09-23,15,1000000.0,13f94a6386be19ee,660156,2019-09-23 15:00:00,511,1,106,6,6,10865000.0,0,1,2.0
717599,2019-10-17,16,2820000.0,13f94a6386be19ee,465169,2019-10-17 16:00:00,512,1,106,669,698,10253544428.0,0,1,2.0
717599,2019-10-28,14,300000.0,13f94a6386be19ee,456799,2019-10-28 14:00:00,513,1,106,645,673,8114021089.0,0,1,2.0
717599,2019-10-25,12,3900000.0,13f94a6386be19ee,376681,2019-10-25 12:00:00,514,1,106,658,690,8595612434.0,0,1,2.0
717599,2019-11-05,8,5300000.0,13f94a6386be19ee,512807,2019-11-05 08:00:00,515,1,106,643,664,6315517541.0,0,1,2.0
717599,2019-11-09,16,10719000.0,13f94a6386be19ee,980087,2019-11-09 16:00:00,516,1,106,683,709,7286265574.0,0,1,2.0
717599,2019-11-12,23,3000000.0,13f94a6386be19ee,161187,2019-11-12 23:00:00,517,1,106,4,4,116509000.0,0,1,2.0
717599,2019-11-09,23,8750000.0,13f94a6386be19ee,305904,2019-11-09 23:00:00,518,1,106,7,7,228616000.0,0,1,2.0
717599,2019-11-27,18,1200000.0,13f94a6386be19ee,37068,2019-11-27 18:00:00,519,1,106,8,8,219100000.0,0,1,2.0
717599,2019-02-17,17,8253000.0,13f94a6386be19ee,454754,2019-02-17 17:00:00,520,1,106,648,669,8541632297.0,0,1,2.0
717599,2019-04-08,20,1000000.0,13f94a6386be19ee,666409,2019-04-08 20:00:00,521,1,106,677,704,7023755844.0,0,1,2.0
717599,2019-04-08,19,50000.0,13f94a6386be19ee,758279,2019-04-08 19:00:00,522,1,106,662,693,9064454590.0,0,1,2.0
717599,2019-06-29,18,1800000.0,13f94a6386be19ee,826101,2019-06-29 18:00:00,523,1,106,643,670,5918988034.0,0,1,2.0
717599,2019-08-13,10,1000000.0,13f94a6386be19ee,736724,2019-08-13 10:00:00,524,1,106,588,623,6555834513.0,0,1,2.0
717599,2019-11-28,23,2000000.0,13f94a6386be19ee,641411,2019-11-28 23:00:00,525,1,106,657,687,6625327338.0,0,1,2.0
717599,2019-12-16,9,3700000.0,13f94a6386be19ee,310052,2019-12-16 09:00:00,526,1,106,5,5,18476000.0,0,1,2.0
717599,2019-12-17,13,34028000.0,13f94a6386be19ee,324350,2019-12-17 13:00:00,527,1,106,660,674,9452297830.0,0,1,2.0
717599,2019-12-27,23,1500000.0,13f94a6386be19ee,657626,2019-12-27 23:00:00,528,1,106,604,636,7430001398.0,0,1,2.0
717599,2019-01-19,20,9990000.0,13f94a6386be19ee,889194,2019-01-19 20:00:00,529,1,106,649,674,9295343350.0,0,1,2.0
717599,2019-04-11,16,1360000.0,13f94a6386be19ee,449790,2019-04-11 16:00:00,530,1,106,6,6,22720000.0,0,1,2.0
717599,2019-06-04,10,2500000.0,13f94a6386be19ee,265039,2019-06-04 10:00:00,531,1,106,13,13,67521560.0,0,1,2.0
717599,2019-06-11,13,3900000.0,13f94a6386be19ee,326400,2019-06-11 13:00:00,532,1,106,629,654,5890750062.0,0,1,2.0
717599,2019-08-18,11,1700000.0,13f94a6386be19ee,717811,2019-08-18 11:00:00,533,1,106,604,629,7733972852.0,0,1,2.0
717599,2019-10-23,17,5444000.0,13f94a6386be19ee,456834,2019-10-23 17:00:00,534,1,106,646,664,6701850749.0,0,1,2.0
717599,2019-11-17,23,9050000.0,13f94a6386be19ee,254953,2019-11-17 23:00:00,535,1,106,646,668,7209295896.0,0,1,2.0
717599,2019-02-10,8,10000000.0,13f94a6386be19ee,631443,2019-02-10 08:00:00,536,1,106,622,647,7199692255.0,0,1,2.0
717599,2019-02-22,10,20000000.0,13f94a6386be19ee,396430,2019-02-22 10:00:00,537,1,106,678,701,7974398731.0,0,1,2.0
717599,2019-05-21,12,500000.0,13f94a6386be19ee,470208,2019-05-21 12:00:00,538,1,106,10,10,68178000.0,0,1,2.0
717599,2019-06-01,16,3774000.0,13f94a6386be19ee,802903,2019-06-01 16:00:00,539,1,106,633,654,8159692404.0,0,1,2.0
717599,2019-08-13,9,500000.0,13f94a6386be19ee,416379,2019-08-13 09:00:00,540,1,106,628,656,6669302853.0,0,1,2.0
717599,2019-08-24,9,1500000.0,13f94a6386be19ee,950927,2019-08-24 09:00:00,541,1,106,8,8,23405000.0,0,1,2.0
717599,2019-08-31,10,3269000.0,13f94a6386be19ee,522145,2019-08-31 10:00:00,542,1,106,3,3,19669000.0,0,1,2.0
717599,2019-09-06,19,500000.0,13f94a6386be19ee,514232,2019-09-06 19:00:00,543,1,106,644,673,7631220833.0,0,1,2.0
717599,2019-10-03,9,3000000.0,13f94a6386be19ee,547653,2019-10-03 09:00:00,544,1,106,641,670,6786077743.0,0,1,2.0
717599,2019-10-07,22,500000.0,13f94a6386be19ee,252552,2019-10-07 22:00:00,545,1,106,4,4,3695000.0,0,1,2.0
717599,2019-10-07,18,4863000.0,13f94a6386be19ee,880143,2019-10-07 18:00:00,546,1,106,594,616,4308270039.0,0,1,2.0
717599,2019-10-24,14,1000000.0,13f94a6386be19ee,810043,2019-10-24 14:00:00,547,1,106,4,4,205000000.0,0,1,2.0
717599,2019-10-31,22,3950000.0,13f94a6386be19ee,502852,2019-10-31 22:00:00,548,1,106,663,682,7286793307.0,0,1,2.0
717599,2019-11-18,15,2500000.0,13f94a6386be19ee,643141,2019-11-18 15:00:00,549,1,106,616,646,6345381827.0,0,1,2.0
717599,2019-12-01,19,22080000.0,13f94a6386be19ee,437340,2019-12-01 19:00:00,550,1,106,9,9,125290000.0,0,1,2.0
717599,2019-11-30,9,4000000.0,13f94a6386be19ee,2577,2019-11-30 09:00:00,551,1,106,622,649,7164479976.0,0,1,2.0
717599,2019-02-28,0,9990000.0,13f94a6386be19ee,354821,2019-02-28 00:00:00,552,1,106,626,651,6853649358.0,0,1,2.0
717599,2019-03-11,18,8020000.0,13f94a6386be19ee,552363,2019-03-11 18:00:00,553,1,106,619,642,6941549413.0,0,1,2.0
717599,2019-03-30,11,3000000.0,13f94a6386be19ee,759077,2019-03-30 11:00:00,554,1,106,636,669,8535035289.0,0,1,2.0
717599,2019-04-03,11,7556000.0,13f94a6386be19ee,182742,2019-04-03 11:00:00,555,1,106,643,673,7627922045.0,0,1,2.0
717599,2019-05-07,12,600000.0,13f94a6386be19ee,324277,2019-05-07 12:00:00,556,1,106,6,6,24640000.0,0,1,2.0
717599,2019-05-21,10,12250000.0,13f94a6386be19ee,74463,2019-05-21 10:00:00,557,1,106,7,7,29950000.0,0,1,2.0
717599,2019-08-22,12,2800000.0,13f94a6386be19ee,767826,2019-08-22 12:00:00,558,1,106,629,655,9977261624.0,0,1,2.0
717599,2019-08-26,22,4856000.0,13f94a6386be19ee,411038,2019-08-26 22:00:00,559,1,106,5,5,12016000.0,0,1,2.0
717599,2019-09-30,10,2100000.0,13f94a6386be19ee,640832,2019-09-30 10:00:00,560,1,106,629,654,7483835545.0,0,1,2.0
717599,2019-10-14,22,2100000.0,13f94a6386be19ee,861382,2019-10-14 22:00:00,561,1,106,634,659,9483086537.0,0,1,2.0
717599,2019-10-18,9,1000000.0,13f94a6386be19ee,705945,2019-10-18 09:00:00,562,1,106,653,674,7249306676.0,0,1,2.0
717599,2019-10-30,20,5500000.0,13f94a6386be19ee,447157,2019-10-30 20:00:00,563,1,106,623,643,7161088118.0,0,1,2.0
717599,2019-10-29,13,4905000.0,13f94a6386be19ee,250625,2019-10-29 13:00:00,564,1,106,6,6,11835000.0,0,1,2.0
717599,2019-03-04,0,10000000.0,13f94a6386be19ee,58102,2019-03-04 00:00:00,565,1,106,635,656,8525752747.0,0,1,2.0
717599,2019-04-24,11,5000000.0,13f94a6386be19ee,90633,2019-04-24 11:00:00,566,1,106,621,644,5434412891.0,0,1,2.0
717599,2019-04-21,19,1000000.0,13f94a6386be19ee,173685,2019-04-21 19:00:00,567,1,106,628,661,5787376713.0,0,1,2.0
717599,2019-04-26,10,2000000.0,13f94a6386be19ee,120393,2019-04-26 10:00:00,568,1,106,650,684,7085938854.0,0,1,2.0
717599,2019-04-27,10,5500000.0,13f94a6386be19ee,486015,2019-04-27 10:00:00,569,1,106,641,666,4730260882.0,0,1,2.0
717599,2019-05-02,12,33838000.0,13f94a6386be19ee,169925,2019-05-02 12:00:00,570,1,106,642,667,7346475977.0,0,1,2.0
717599,2019-05-04,12,5000000.0,13f94a6386be19ee,195359,2019-05-04 12:00:00,571,1,106,682,712,7507226931.0,0,1,2.0
717599,2019-08-26,16,2500000.0,13f94a6386be19ee,182182,2019-08-26 16:00:00,572,1,106,9,9,11790000.0,0,1,2.0
717599,2019-09-14,15,950000.0,13f94a6386be19ee,422241,2019-09-14 15:00:00,574,1,106,6,6,14576000.0,0,1,2.0
717599,2019-09-25,18,2000000.0,13f94a6386be19ee,69409,2019-09-25 18:00:00,575,1,106,638,655,6612817156.0,0,1,2.0
717599,2019-09-28,19,1000000.0,13f94a6386be19ee,619464,2019-09-28 19:00:00,576,1,106,662,694,6646860467.0,0,1,2.0
717599,2019-10-01,11,1000000.0,13f94a6386be19ee,380333,2019-10-01 11:00:00,577,1,106,668,697,7614665423.0,0,1,2.0
717599,2019-10-14,20,2000000.0,13f94a6386be19ee,273957,2019-10-14 20:00:00,578,1,106,613,640,6678698409.0,0,1,2.0
717599,2019-10-23,10,2500000.0,13f94a6386be19ee,120253,2019-10-23 10:00:00,579,1,106,8,8,121424000.0,0,1,2.0
717599,2019-11-08,0,5500000.0,13f94a6386be19ee,177734,2019-11-08 00:00:00,580,1,106,625,647,5231254014.0,0,1,2.0
717599,2019-11-16,20,1000000.0,13f94a6386be19ee,828301,2019-11-16 20:00:00,581,1,106,646,666,8511487821.0,0,1,2.0
717599,2019-11-25,22,8000000.0,13f94a6386be19ee,738044,2019-11-25 22:00:00,582,1,106,8,8,32180000.0,0,1,2.0
717599,2019-12-01,23,4000000.0,13f94a6386be19ee,803372,2019-12-01 23:00:00,583,1,106,623,640,9035527943.0,0,1,2.0
717599,2019-12-20,9,100000.0,13f94a6386be19ee,637815,2019-12-20 09:00:00,584,1,106,653,678,7722542844.0,0,1,2.0
717599,2019-12-25,18,9000000.0,13f94a6386be19ee,277626,2019-12-25 18:00:00,585,1,106,653,685,6278407463.0,0,1,2.0
717599,2019-01-11,12,2965000.0,13f94a6386be19ee,421958,2019-01-11 12:00:00,586,1,106,3,3,3545000.0,0,1,2.0
717599,2019-02-18,22,10000000.0,13f94a6386be19ee,108349,2019-02-18 22:00:00,587,1,106,608,627,9619286803.0,0,1,2.0
717599,2019-03-05,16,10000000.0,13f94a6386be19ee,167279,2019-03-05 16:00:00,588,1,106,9,9,96860238.0,0,1,2.0
717599,2019-05-12,12,9000000.0,13f94a6386be19ee,275806,2019-05-12 12:00:00,589,1,106,653,675,6451156007.0,0,1,2.0
717599,2019-08-06,20,30000000.0,13f94a6386be19ee,416861,2019-08-06 20:00:00,590,1,106,650,682,8922854984.0,0,1,2.0
717599,2019-09-09,12,500000.0,13f94a6386be19ee,657626,2019-09-09 12:00:00,591,1,106,604,636,7430001398.0,0,1,2.0
717599,2019-09-19,17,2000000.0,13f94a6386be19ee,382139,2019-09-19 17:00:00,592,1,106,623,643,9556407487.0,0,1,2.0
717599,2019-10-13,0,1900000.0,13f94a6386be19ee,771837,2019-10-13 00:00:00,593,1,106,628,657,6596513666.0,0,1,2.0
717599,2019-10-18,10,500000.0,13f94a6386be19ee,145254,2019-10-18 10:00:00,594,1,106,615,632,9457156781.0,0,1,2.0
717599,2019-10-16,18,2000000.0,13f94a6386be19ee,845041,2019-10-16 18:00:00,595,1,106,638,669,8083557781.0,0,1,2.0
717599,2019-11-18,9,29855000.0,13f94a6386be19ee,453040,2019-11-18 09:00:00,596,1,106,611,630,8234843042.0,0,1,2.0
717599,2019-12-26,23,9000000.0,13f94a6386be19ee,644001,2019-12-26 23:00:00,597,1,106,613,628,5817660691.0,0,1,2.0
434988,2019-02-14,10,1000000.0,543973bc82a413b4,991653,2019-02-14 10:00:00,600,1,172,4,4,6670000.0,0,1,2.0
434988,2019-03-01,16,35000.0,543973bc82a413b4,246610,2019-03-01 16:00:00,602,1,172,5,5,2145000.0,0,1,2.0
434988,2019-03-19,15,143000.0,543973bc82a413b4,867631,2019-03-19 15:00:00,604,1,172,9,9,56603000.0,0,1,2.0
434988,2019-04-19,0,90000.0,543973bc82a413b4,273957,2019-04-19 00:00:00,605,1,172,613,640,6678698409.0,0,1,2.0
434988,2019-05-06,15,557000.0,543973bc82a413b4,973708,2019-05-06 15:00:00,606,1,172,689,718,6792796934.0,0,1,2.0
434988,2019-05-16,15,412000.0,543973bc82a413b4,516725,2019-05-16 15:00:00,607,1,172,5,5,16362000.0,0,1,2.0
434988,2019-06-18,9,40000.0,543973bc82a413b4,752201,2019-06-18 09:00:00,608,1,172,648,674,7578250116.0,0,1,2.0
434988,2019-06-24,15,865500.0,543973bc82a413b4,562332,2019-06-24 15:00:00,609,1,172,690,717,9605274147.0,0,1,2.0
434988,2019-07-30,8,4000000.0,543973bc82a413b4,152251,2019-07-30 08:00:00,611,1,172,622,651,7351563895.0,0,1,2.0
434988,2019-08-28,14,134000.0,543973bc82a413b4,145308,2019-08-28 14:00:00,613,1,172,637,661,6932841623.0,0,1,2.0
434988,2019-09-07,9,1200000.0,543973bc82a413b4,832548,2019-09-07 09:00:00,614,1,172,629,657,7876208823.0,0,1,2.0
434988,2019-09-26,10,53000.0,543973bc82a413b4,363712,2019-09-26 10:00:00,616,1,172,8,8,14888000.0,0,1,2.0
434988,2019-09-27,15,120000.0,543973bc82a413b4,859780,2019-09-27 15:00:00,617,1,172,634,658,6562383346.0,0,1,2.0
434988,2019-10-07,11,4000000.0,543973bc82a413b4,505529,2019-10-07 11:00:00,618,1,172,5,5,8750000.0,0,1,2.0
434988,2019-10-07,13,55000.0,543973bc82a413b4,758279,2019-10-07 13:00:00,619,1,172,662,693,9064454590.0,0,1,2.0
434988,2019-10-10,8,5000000.0,543973bc82a413b4,758279,2019-10-10 08:00:00,620,1,172,662,693,9064454590.0,0,1,2.0
434988,2019-11-01,12,35000.0,543973bc82a413b4,365022,2019-11-01 12:00:00,621,1,172,634,660,6399600520.0,0,1,2.0
434988,2019-11-05,13,100000.0,543973bc82a413b4,944525,2019-11-05 13:00:00,622,1,172,624,644,5572610296.0,0,1,2.0
434988,2019-11-17,23,100000.0,543973bc82a413b4,59630,2019-11-17 23:00:00,624,1,172,8,8,51396920.0,0,1,2.0
434988,2019-11-27,12,70000.0,543973bc82a413b4,671660,2019-11-27 12:00:00,626,1,172,661,684,7042926342.0,0,1,2.0
434988,2019-12-02,15,15000000.0,543973bc82a413b4,694973,2019-12-02 15:00:00,627,1,172,13,13,134483960.0,0,1,2.0
434988,2019-12-03,9,120000.0,3e069e96f35aecdb,46784,2019-12-03 09:00:00,628,1,1,617,641,5449630314.0,0,1,2.0
434988,2019-12-12,16,200000.0,543973bc82a413b4,544752,2019-12-12 16:00:00,629,1,172,646,670,6681043761.0,0,1,2.0
434988,2019-12-23,13,70000.0,543973bc82a413b4,286459,2019-12-23 13:00:00,630,1,172,619,637,9013417271.0,0,1,2.0
434988,2019-12-25,13,50000.0,543973bc82a413b4,989778,2019-12-25 13:00:00,631,1,172,7,7,12210000.0,0,1,2.0
434988,2019-12-30,12,30000.0,543973bc82a413b4,940473,2019-12-30 12:00:00,633,1,172,600,622,5628460571.0,0,1,2.0
434988,2019-04-26,7,24000000.0,543973bc82a413b4,433352,2019-04-26 07:00:00,636,1,172,629,650,6887168540.0,0,1,2.0
434988,2019-05-31,14,1154000.0,543973bc82a413b4,35058,2019-05-31 14:00:00,638,1,172,8,8,87454000.0,0,1,2.0
434988,2019-06-26,6,25000000.0,543973bc82a413b4,739225,2019-06-26 06:00:00,639,1,172,617,633,7504680302.0,0,1,2.0
434988,2019-07-23,10,50000000.0,543973bc82a413b4,824813,2019-07-23 10:00:00,640,1,172,7,7,79200000.0,0,1,2.0
434988,2019-09-06,15,851000.0,543973bc82a413b4,25744,2019-09-06 15:00:00,642,1,172,643,675,6718022425.0,0,1,2.0
434988,2019-09-14,10,500000.0,543973bc82a413b4,416379,2019-09-14 10:00:00,643,1,172,628,656,6669302853.0,0,1,2.0
434988,2019-10-03,8,2500000.0,543973bc82a413b4,796810,2019-10-03 08:00:00,644,1,172,622,639,7115937501.0,0,1,2.0
434988,2019-10-31,12,45000.0,543973bc82a413b4,440524,2019-10-31 12:00:00,646,1,172,9,9,55083000.0,0,1,2.0
434988,2019-11-23,21,650000.0,543973bc82a413b4,820862,2019-11-23 21:00:00,647,1,172,708,741,7977338084.0,0,1,2.0
434988,2019-11-29,20,30000.0,543973bc82a413b4,806479,2019-11-29 20:00:00,648,1,172,7,7,155380000.0,0,1,2.0
434988,2019-12-09,17,41214.0,543973bc82a413b4,433473,2019-12-09 17:00:00,649,1,172,6,6,5351214.0,0,1,2.0
434988,2019-12-09,17,55000.0,543973bc82a413b4,543041,2019-12-09 17:00:00,650,1,172,642,664,6084381274.0,0,1,2.0
434988,2019-12-31,17,125000.0,543973bc82a413b4,78182,2019-12-31 17:00:00,651,1,172,4,4,4270000.0,0,1,2.0
434988,2019-12-31,8,550000.0,543973bc82a413b4,623896,2019-12-31 08:00:00,652,1,172,606,625,5486424694.0,0,1,2.0
434988,2019-12-31,9,69000.0,543973bc82a413b4,326400,2019-12-31 09:00:00,653,1,172,629,654,5890750062.0,0,1,2.0
434988,2019-03-20,16,63000.0,543973bc82a413b4,197818,2019-03-20 16:00:00,654,1,172,646,667,8136130430.0,0,1,2.0
434988,2019-04-03,14,42500.0,543973bc82a413b4,939211,2019-04-03 14:00:00,655,1,172,657,686,7272581397.0,0,1,2.0
434988,2019-04-03,13,93000.0,543973bc82a413b4,708086,2019-04-03 13:00:00,656,1,172,629,657,7038769038.0,0,1,2.0
434988,2019-05-25,6,9000000.0,543973bc82a413b4,193362,2019-05-25 06:00:00,657,1,172,664,692,6007886686.0,0,1,2.0
434988,2019-07-04,11,147000.0,543973bc82a413b4,281748,2019-07-04 11:00:00,659,1,172,8,8,25467000.0,0,1,2.0
434988,2019-09-03,13,200000.0,543973bc82a413b4,42545,2019-09-03 13:00:00,661,1,172,665,686,7848831501.0,0,1,2.0
434988,2019-09-26,10,3500000.0,543973bc82a413b4,297594,2019-09-26 10:00:00,662,1,172,624,643,7077668478.0,0,1,2.0
434988,2019-10-13,22,1100000.0,cdf0ba0f49f5a081,716659,2019-10-13 22:00:00,663,1,1,689,715,6102119040.0,0,1,2.0
434988,2019-10-18,7,800000.0,543973bc82a413b4,188357,2019-10-18 07:00:00,664,1,172,634,665,6565972764.0,0,1,2.0
434988,2019-10-23,12,40000.0,543973bc82a413b4,120843,2019-10-23 12:00:00,665,1,172,7,7,166068000.0,0,1,2.0
434988,2019-10-24,13,130000.0,543973bc82a413b4,237174,2019-10-24 13:00:00,666,1,172,6,6,6195000.0,0,1,2.0
434988,2019-10-30,16,1050000.0,543973bc82a413b4,727038,2019-10-30 16:00:00,667,1,172,635,660,6720031665.0,0,1,2.0
434988,2019-10-29,12,45000.0,543973bc82a413b4,59710,2019-10-29 12:00:00,668,1,172,6,6,85549000.0,0,1,2.0
434988,2019-11-04,10,90000.0,543973bc82a413b4,433633,2019-11-04 10:00:00,669,1,172,647,671,7616982661.0,0,1,2.0
434988,2019-11-09,13,1000000.0,543973bc82a413b4,667733,2019-11-09 13:00:00,670,1,172,11,11,10401000.0,0,1,2.0
434988,2019-11-22,13,152000.0,543973bc82a413b4,423633,2019-11-22 13:00:00,671,1,172,672,704,8225220196.0,0,1,2.0
434988,2019-12-10,15,23000.0,543973bc82a413b4,539650,2019-12-10 15:00:00,672,1,172,692,720,7561103624.0,0,1,2.0
434988,2019-12-11,11,400000.0,543973bc82a413b4,443694,2019-12-11 11:00:00,673,1,172,628,651,6392183653.0,0,1,2.0
434988,2019-12-16,9,200000.0,543973bc82a413b4,822177,2019-12-16 09:00:00,675,1,172,624,654,7741313111.0,0,1,2.0
434988,2019-12-24,12,75000.0,543973bc82a413b4,229974,2019-12-24 12:00:00,677,1,172,677,703,5722560353.0,0,1,2.0
434988,2019-01-28,8,226000.0,543973bc82a413b4,513133,2019-01-28 08:00:00,680,1,172,584,599,7458884539.0,0,1,2.0
434988,2019-03-08,19,10000000.0,543973bc82a413b4,849124,2019-03-08 19:00:00,682,1,172,645,670,8813279806.0,0,1,2.0
434988,2019-04-20,0,138000.0,736f520731616a4d,706685,2019-04-20 00:00:00,683,1,1,618,641,5616196787.0,0,1,2.0
434988,2019-05-04,8,50000.0,543973bc82a413b4,224924,2019-05-04 08:00:00,684,1,172,4,4,5690000.0,0,1,2.0
434988,2019-07-01,14,2250000.0,543973bc82a413b4,640832,2019-07-01 14:00:00,685,1,172,629,654,7483835545.0,0,1,2.0
434988,2019-07-24,12,40000.0,543973bc82a413b4,535383,2019-07-24 12:00:00,686,1,172,6,6,48880000.0,0,1,2.0
434988,2019-08-26,7,105000000.0,543973bc82a413b4,412350,2019-08-26 07:00:00,687,1,172,10,10,270757000.0,0,1,2.0
434988,2019-10-29,9,2300000.0,543973bc82a413b4,603331,2019-10-29 09:00:00,689,1,172,660,690,7668382734.0,0,1,2.0
434988,2019-11-26,8,2000000.0,543973bc82a413b4,152251,2019-11-26 08:00:00,691,1,172,622,651,7351563895.0,0,1,2.0
434988,2019-12-17,17,243000.0,543973bc82a413b4,661388,2019-12-17 17:00:00,692,1,172,664,690,6954406510.0,0,1,2.0
434988,2019-01-17,16,80000.0,543973bc82a413b4,655950,2019-01-17 16:00:00,694,1,172,4,4,3280000.0,0,1,2.0
434988,2019-01-23,12,40000.0,543973bc82a413b4,389344,2019-01-23 12:00:00,695,1,172,634,655,8560804340.0,0,1,2.0
434988,2019-03-07,16,195000.0,543973bc82a413b4,678694,2019-03-07 16:00:00,696,1,172,678,718,8034037458.0,0,1,2.0
434988,2019-03-25,20,25000000.0,543973bc82a413b4,243544,2019-03-25 20:00:00,697,1,172,596,620,5850692764.0,0,1,2.0
434988,2019-03-26,14,40000000.0,543973bc82a413b4,502658,2019-03-26 14:00:00,698,1,172,632,658,9156140164.0,0,1,2.0
434988,2019-06-05,11,295000.0,543973bc82a413b4,442743,2019-06-05 11:00:00,699,1,172,10,10,11026000.0,0,1,2.0
434988,2019-07-30,13,70000.0,543973bc82a413b4,799547,2019-07-30 13:00:00,700,1,172,619,651,6352705624.0,0,1,2.0
434988,2019-10-02,14,170000.0,543973bc82a413b4,933892,2019-10-02 14:00:00,701,1,172,650,667,7250602497.0,0,1,2.0
434988,2019-10-08,12,80000.0,543973bc82a413b4,36572,2019-10-08 12:00:00,702,1,172,604,629,8493144809.0,0,1,2.0
434988,2019-10-13,8,1400000.0,4767057ff4911bd8,469616,2019-10-13 08:00:00,703,1,1,637,665,7878252631.0,0,1,2.0
434988,2019-10-14,13,70000.0,543973bc82a413b4,841912,2019-10-14 13:00:00,704,1,172,650,673,9758320335.0,0,1,2.0
434988,2019-11-05,10,5533000.0,543973bc82a413b4,757012,2019-11-05 10:00:00,706,1,172,653,677,8264148878.0,0,1,2.0
434988,2019-11-13,11,93000.0,543973bc82a413b4,494394,2019-11-13 11:00:00,707,1,172,670,700,7656564102.0,0,1,2.0
434988,2019-11-14,17,2000000.0,543973bc82a413b4,933892,2019-11-14 17:00:00,708,1,172,650,667,7250602497.0,0,1,2.0
434988,2019-02-22,15,106000.0,543973bc82a413b4,383408,2019-02-22 15:00:00,709,1,172,662,679,6339283370.0,0,1,2.0
434988,2019-05-27,20,2000000.0,543973bc82a413b4,814606,2019-05-27 20:00:00,712,1,172,656,682,6277392682.0,0,1,2.0
434988,2019-07-23,8,50000000.0,543973bc82a413b4,937908,2019-07-23 08:00:00,714,1,172,654,679,7313734026.0,0,1,2.0
434988,2019-07-26,8,20000000.0,57efc7e9e4301f11,837301,2019-07-26 08:00:00,715,1,1,614,634,6001829574.0,0,1,2.0
434988,2019-07-29,14,488000.0,543973bc82a413b4,712611,2019-07-29 14:00:00,716,1,172,680,706,7812026942.0,0,1,2.0
434988,2019-08-12,19,445000.0,543973bc82a413b4,586234,2019-08-12 19:00:00,717,1,172,642,659,6287576360.0,0,1,2.0
434988,2019-08-28,13,134.0,543973bc82a413b4,260138,2019-08-28 13:00:00,718,1,172,642,663,8132121226.0,0,1,2.0
434988,2019-08-28,8,293000.0,543973bc82a413b4,63571,2019-08-28 08:00:00,719,1,172,633,651,8090827458.0,0,1,2.0
434988,2019-08-28,9,6400000.0,543973bc82a413b4,169630,2019-08-28 09:00:00,720,1,172,628,657,7008535979.0,0,1,2.0
434988,2019-09-09,11,291000.0,543973bc82a413b4,22638,2019-09-09 11:00:00,721,1,172,654,675,7462550857.0,0,1,2.0
434988,2019-09-17,16,700000.0,543973bc82a413b4,502658,2019-09-17 16:00:00,722,1,172,632,658,9156140164.0,0,1,2.0
434988,2019-09-19,11,148000.0,543973bc82a413b4,968963,2019-09-19 11:00:00,723,1,172,649,671,6520958873.0,0,1,2.0
434988,2019-10-09,12,600000.0,543973bc82a413b4,231033,2019-10-09 12:00:00,725,1,172,623,649,7461934676.0,0,1,2.0
434988,2019-10-11,16,95000.0,543973bc82a413b4,622860,2019-10-11 16:00:00,726,1,172,608,625,7555997837.0,0,1,2.0
434988,2019-10-21,8,715000.0,543973bc82a413b4,886796,2019-10-21 08:00:00,727,1,172,4,4,2515000.0,0,1,2.0
434988,2019-10-22,13,116000.0,543973bc82a413b4,915483,2019-10-22 13:00:00,728,1,172,636,652,5959123623.0,0,1,2.0
434988,2019-10-29,11,61000.0,543973bc82a413b4,9513,2019-10-29 11:00:00,729,1,172,12,12,131018000.0,0,1,2.0
434988,2019-11-06,17,145000.0,543973bc82a413b4,687405,2019-11-06 17:00:00,730,1,172,582,601,6169816844.0,0,1,2.0
434988,2019-11-19,7,1000000.0,543973bc82a413b4,286459,2019-11-19 07:00:00,731,1,172,619,637,9013417271.0,0,1,2.0
434988,2019-12-13,17,167000.0,543973bc82a413b4,616641,2019-12-13 17:00:00,732,1,172,628,646,6089029292.0,0,1,2.0
434988,2019-01-21,10,29000.0,543973bc82a413b4,528415,2019-01-21 10:00:00,734,1,172,5,5,7009000.0,0,1,2.0
434988,2019-01-25,17,125000.0,543973bc82a413b4,543461,2019-01-25 17:00:00,735,1,172,638,666,7378799990.0,0,1,2.0
434988,2019-01-26,13,25000000.0,543973bc82a413b4,145308,2019-01-26 13:00:00,737,1,172,637,661,6932841623.0,0,1,2.0
434988,2019-02-18,15,69000.0,543973bc82a413b4,465169,2019-02-18 15:00:00,739,1,172,669,698,10253544428.0,0,1,2.0
434988,2019-03-11,18,500000.0,543973bc82a413b4,780006,2019-03-11 18:00:00,740,1,172,676,699,7860634998.0,0,1,2.0
434988,2019-04-01,11,160000.0,543973bc82a413b4,169602,2019-04-01 11:00:00,741,1,172,5,5,58010000.0,0,1,2.0
434988,2019-04-12,18,136000.0,543973bc82a413b4,58485,2019-04-12 18:00:00,742,1,172,611,621,6924013253.0,0,1,2.0
434988,2019-05-10,13,1062000.0,543973bc82a413b4,490916,2019-05-10 13:00:00,743,1,172,642,655,8204828906.0,0,1,2.0
434988,2019-05-29,8,182000.0,543973bc82a413b4,833071,2019-05-29 08:00:00,744,1,172,641,666,6518503337.0,0,1,2.0
434988,2019-06-02,9,15000000.0,543973bc82a413b4,591693,2019-06-02 09:00:00,745,1,172,665,688,5961279722.0,0,1,2.0
434988,2019-09-10,17,500000.0,543973bc82a413b4,774523,2019-09-10 17:00:00,746,1,172,645,666,7393558290.0,0,1,2.0
434988,2019-10-09,16,1455000.0,543973bc82a413b4,159107,2019-10-09 16:00:00,747,1,172,653,670,6078034107.0,0,1,2.0
434988,2019-10-08,11,93000.0,543973bc82a413b4,951914,2019-10-08 11:00:00,748,1,172,623,637,6413961616.0,0,1,2.0
434988,2019-10-10,17,10000.0,543973bc82a413b4,69325,2019-10-10 17:00:00,749,1,172,668,692,7458118485.0,0,1,2.0
434988,2019-10-17,16,1000000.0,543973bc82a413b4,187691,2019-10-17 16:00:00,750,1,172,7,7,47105000.0,0,1,2.0
434988,2019-11-13,12,40000.0,543973bc82a413b4,19743,2019-11-13 12:00:00,751,1,172,606,636,7330753547.0,0,1,2.0
434988,2019-11-19,11,306000.0,543973bc82a413b4,669880,2019-11-19 11:00:00,752,1,172,703,731,9903116188.0,0,1,2.0
434988,2019-12-05,10,113000.0,543973bc82a413b4,487177,2019-12-05 10:00:00,753,1,172,675,703,7688765722.0,0,1,2.0
434988,2019-12-20,11,5740000.0,543973bc82a413b4,39876,2019-12-20 11:00:00,754,1,172,678,705,8062378857.0,0,1,2.0
434988,2019-01-11,15,63000.0,543973bc82a413b4,539650,2019-01-11 15:00:00,755,1,172,692,720,7561103624.0,0,1,2.0
434988,2019-02-01,15,157000.0,543973bc82a413b4,908479,2019-02-01 15:00:00,757,1,172,663,683,7682965914.0,0,1,2.0
434988,2019-02-21,16,800000.0,543973bc82a413b4,469443,2019-02-21 16:00:00,760,1,172,637,658,7262298250.0,0,1,2.0
434988,2019-02-27,16,129000.0,4e5568c1ca1fb5e6,185385,2019-02-27 16:00:00,761,1,1,652,684,7885851004.0,0,1,2.0
434988,2019-05-23,15,1100000.0,9ab504d8fb734db0,311061,2019-05-23 15:00:00,762,1,1,635,669,7057293366.0,0,1,2.0
434988,2019-05-27,21,47800000.0,543973bc82a413b4,347505,2019-05-27 21:00:00,763,1,172,661,683,7367186998.0,0,1,2.0
434988,2019-06-05,18,2000000.0,543973bc82a413b4,745889,2019-06-05 18:00:00,764,1,172,666,695,7013066758.0,0,1,2.0
434988,2019-06-26,17,142500.0,543973bc82a413b4,729312,2019-06-26 17:00:00,765,1,172,658,678,8320400027.0,0,1,2.0
434988,2019-07-01,8,500000.0,543973bc82a413b4,288609,2019-07-01 08:00:00,766,1,172,5,5,20186000.0,0,1,2.0
434988,2019-07-11,9,1800000.0,543973bc82a413b4,680234,2019-07-11 09:00:00,767,1,172,11,11,45838491.0,0,1,2.0
434988,2019-07-25,12,40000.0,543973bc82a413b4,494394,2019-07-25 12:00:00,768,1,172,670,700,7656564102.0,0,1,2.0
434988,2019-10-15,14,45000.0,543973bc82a413b4,874445,2019-10-15 14:00:00,770,1,172,643,667,7582370094.0,0,1,2.0
434988,2019-10-17,6,500000.0,543973bc82a413b4,375005,2019-10-17 06:00:00,771,1,172,636,655,8620555253.0,0,1,2.0
434988,2019-11-04,19,2500000.0,543973bc82a413b4,141567,2019-11-04 19:00:00,772,1,172,671,695,7719838681.0,0,1,2.0
434988,2019-11-07,14,144000.0,543973bc82a413b4,954662,2019-11-07 14:00:00,773,1,172,635,659,10533159451.0,0,1,2.0
434988,2019-11-15,11,2500000.0,543973bc82a413b4,983293,2019-11-15 11:00:00,774,1,172,596,614,6113266418.0,0,1,2.0
434988,2019-12-10,20,200000.0,543973bc82a413b4,31440,2019-12-10 20:00:00,775,1,172,11,11,16369000.0,0,1,2.0
434988,2019-12-27,13,87000.0,543973bc82a413b4,67141,2019-12-27 13:00:00,776,1,172,7,7,153289000.0,0,1,2.0
998148,2019-01-08,10,500000.0,4cfcd50d2a7789b4,354821,2019-01-08 10:00:00,778,1,172,626,651,6853649358.0,0,1,2.0
998148,2019-01-04,16,500000.0,4cfcd50d2a7789b4,450535,2019-01-04 16:00:00,779,1,172,605,627,7528866178.0,0,1,2.0
998148,2019-07-03,0,3310000.0,4cfcd50d2a7789b4,548358,2019-07-03 00:00:00,789,1,172,644,663,7192320375.0,0,1,2.0
998148,2019-11-05,14,220000.0,4cfcd50d2a7789b4,738188,2019-11-05 14:00:00,795,1,172,7,7,8480000.0,0,1,2.0
998148,2019-11-08,11,20000.0,4cfcd50d2a7789b4,54295,2019-11-08 11:00:00,797,1,172,6,6,3968000.0,0,1,2.0
998148,2019-11-17,21,560000.0,4cfcd50d2a7789b4,46812,2019-11-17 21:00:00,799,1,172,665,699,8771220956.0,0,1,2.0
998148,2019-12-20,16,300000.0,4cfcd50d2a7789b4,628373,2019-12-20 16:00:00,801,1,172,610,637,6856777438.0,0,1,2.0
998148,2019-03-24,12,280000.0,4cfcd50d2a7789b4,105357,2019-03-24 12:00:00,803,1,172,569,595,6754033450.0,0,1,2.0
998148,2019-04-03,9,720000.0,4cfcd50d2a7789b4,140202,2019-04-03 09:00:00,805,1,172,637,661,8730559851.0,0,1,2.0
998148,2019-04-16,20,80000.0,4cfcd50d2a7789b4,939551,2019-04-16 20:00:00,806,1,172,676,698,8841616675.0,0,1,2.0
998148,2019-08-06,14,5000000.0,4cfcd50d2a7789b4,669880,2019-08-06 14:00:00,812,1,172,703,731,9903116188.0,0,1,2.0
998148,2019-01-10,23,2000000.0,4cfcd50d2a7789b4,712620,2019-01-10 23:00:00,824,1,172,611,630,6290590400.0,0,1,2.0
998148,2019-01-23,23,15000000.0,4cfcd50d2a7789b4,762956,2019-01-23 23:00:00,825,1,172,646,662,9701707226.0,0,1,2.0
998148,2019-03-02,12,1200000.0,4cfcd50d2a7789b4,236643,2019-03-02 12:00:00,827,1,172,626,644,7814691794.0,0,1,2.0
998148,2019-05-03,20,1200000.0,4cfcd50d2a7789b4,781612,2019-05-03 20:00:00,830,1,172,6,6,16700000.0,0,1,2.0
998148,2019-05-26,10,666000.0,4cfcd50d2a7789b4,85511,2019-05-26 10:00:00,831,1,172,676,710,6692801093.0,0,1,2.0
998148,2019-09-17,20,120000.0,4cfcd50d2a7789b4,483817,2019-09-17 20:00:00,838,1,172,638,661,8345206971.0,0,1,2.0
998148,2019-12-25,18,750000.0,4cfcd50d2a7789b4,427069,2019-12-25 18:00:00,847,1,172,12,12,30080000.0,0,1,2.0
998148,2019-08-17,23,350000.0,4cfcd50d2a7789b4,368388,2019-08-17 23:00:00,861,1,172,632,659,7793946480.0,0,1,2.0
998148,2019-09-04,19,520000.0,4cfcd50d2a7789b4,770452,2019-09-04 19:00:00,863,1,172,632,656,8071060772.0,0,1,2.0
998148,2019-09-18,20,600000.0,4cfcd50d2a7789b4,908025,2019-09-18 20:00:00,865,1,172,672,692,7708543191.0,0,1,2.0
998148,2019-11-28,17,500000.0,4cfcd50d2a7789b4,881187,2019-11-28 17:00:00,874,1,172,617,645,6528157418.0,0,1,2.0
998148,2019-12-23,10,1230000.0,4cfcd50d2a7789b4,735255,2019-12-23 10:00:00,875,1,172,682,710,7285305206.0,0,1,2.0
998148,2019-10-30,12,1200000.0,4cfcd50d2a7789b4,424315,2019-10-30 12:00:00,887,1,172,626,653,7417376685.0,0,1,2.0
998148,2019-12-23,15,1300000.0,4cfcd50d2a7789b4,885037,2019-12-23 15:00:00,891,1,172,667,689,9826788650.0,0,1,2.0
998148,2019-01-06,14,1000000.0,4cfcd50d2a7789b4,581381,2019-01-06 14:00:00,893,1,172,617,646,8720615062.0,0,1,2.0
998148,2019-01-21,11,2000000.0,4cfcd50d2a7789b4,395804,2019-01-21 11:00:00,894,1,172,609,644,9750752649.0,0,1,2.0
998148,2019-05-05,20,200000.0,4cfcd50d2a7789b4,489881,2019-05-05 20:00:00,898,1,172,4,4,66500000.0,0,1,2.0
998148,2019-06-21,17,2650000.0,4cfcd50d2a7789b4,595668,2019-06-21 17:00:00,902,1,172,707,738,7872376097.0,0,1,2.0
998148,2019-08-20,13,2000000.0,4cfcd50d2a7789b4,547573,2019-08-20 13:00:00,904,1,172,636,663,7182305476.0,0,1,2.0
998148,2019-11-12,19,1000000.0,4cfcd50d2a7789b4,744075,2019-11-12 19:00:00,909,1,172,667,696,6649979168.0,0,1,2.0
998148,2019-03-07,16,500000.0,4cfcd50d2a7789b4,609523,2019-03-07 16:00:00,913,1,172,644,684,7306301816.0,0,1,2.0
998148,2019-04-27,10,252000.0,4cfcd50d2a7789b4,15561,2019-04-27 10:00:00,916,1,172,4,4,702000.0,0,1,2.0
998148,2019-07-04,8,500000.0,4cfcd50d2a7789b4,58623,2019-07-04 08:00:00,921,1,172,7,7,8450000.0,0,1,2.0
998148,2019-04-25,13,335000.0,4cfcd50d2a7789b4,840479,2019-04-25 13:00:00,933,1,172,7,7,5145000.0,0,1,2.0
998148,2019-10-21,19,5000000.0,4cfcd50d2a7789b4,374192,2019-10-21 19:00:00,947,1,172,6,6,27659000.0,0,1,2.0
105797,2019-01-08,14,12488.0,ec305979cfec3242,350535,2019-01-08 14:00:00,952,1,753,623,645,6686625497.0,0,1,2.0
105797,2019-01-11,8,2000.0,ec305979cfec3242,751734,2019-01-11 08:00:00,953,1,753,7,7,900062000.0,0,1,2.0
105797,2019-01-30,9,2500.0,ec305979cfec3242,607191,2019-01-30 09:00:00,954,1,753,640,654,7080586597.0,0,1,2.0
105797,2019-02-01,8,3000.0,ec305979cfec3242,494394,2019-02-01 08:00:00,955,1,753,670,700,7656564102.0,0,1,2.0
105797,2019-02-12,13,11000.0,ec305979cfec3242,730965,2019-02-12 13:00:00,956,1,753,636,669,5908633849.0,0,1,2.0
105797,2019-02-26,8,5000.0,ec305979cfec3242,534485,2019-02-26 08:00:00,957,1,753,9,9,36079400.0,0,1,2.0
105797,2019-03-01,13,5000.0,ec305979cfec3242,741476,2019-03-01 13:00:00,958,1,753,7,8,15699049.0,0,1,2.0
105797,2019-03-01,15,170.0,ec305979cfec3242,616904,2019-03-01 15:00:00,959,1,753,6,6,14110170.0,0,1,2.0
105797,2019-03-04,14,3505.0,ec305979cfec3242,631517,2019-03-04 14:00:00,960,1,753,650,669,7485108259.0,0,1,2.0
105797,2019-03-19,10,5000.0,ec305979cfec3242,311818,2019-03-19 10:00:00,961,1,753,691,715,8627800044.0,0,1,2.0
105797,2019-03-27,15,1750.0,ec305979cfec3242,975853,2019-03-27 15:00:00,962,1,753,637,666,10574082712.0,0,1,2.0
105797,2019-03-28,9,997.0,ec305979cfec3242,592218,2019-03-28 09:00:00,963,1,753,626,656,6750598484.0,0,1,2.0
105797,2019-04-01,14,5951.0,ec305979cfec3242,553000,2019-04-01 14:00:00,964,1,753,5,5,2495951.0,0,1,2.0
105797,2019-04-19,8,7503.0,ec305979cfec3242,504955,2019-04-19 08:00:00,965,1,753,653,674,9913582648.0,0,1,2.0
105797,2019-04-25,13,1383.0,ec305979cfec3242,416379,2019-04-25 13:00:00,966,1,753,628,656,6669302853.0,0,1,2.0
105797,2019-04-22,13,7780.0,ec305979cfec3242,923970,2019-04-22 13:00:00,968,1,753,618,632,7755687515.0,0,1,2.0
105797,2019-04-22,15,2927.0,ec305979cfec3242,837301,2019-04-22 15:00:00,969,1,753,614,634,6001829574.0,0,1,2.0
105797,2019-04-29,10,825.0,ec305979cfec3242,114375,2019-04-29 10:00:00,970,1,753,626,654,7730660077.0,0,1,2.0
105797,2019-05-06,8,772.0,ec305979cfec3242,383696,2019-05-06 08:00:00,972,1,753,636,658,7494104975.0,0,1,2.0
105797,2019-05-07,15,17693.0,ec305979cfec3242,104895,2019-05-07 15:00:00,973,1,753,626,659,5894712202.0,0,1,2.0
105797,2019-05-08,7,10200.0,ec305979cfec3242,986670,2019-05-08 07:00:00,974,1,753,8,8,67026200.0,0,1,2.0
105797,2019-05-13,11,14049.0,ec305979cfec3242,741476,2019-05-13 11:00:00,975,1,753,7,8,15699049.0,0,1,2.0
105797,2019-05-17,10,4295.0,ec305979cfec3242,301135,2019-05-17 10:00:00,976,1,753,12,12,21486295.0,0,1,2.0
105797,2019-05-17,11,20000.0,ec305979cfec3242,360954,2019-05-17 11:00:00,977,1,753,656,676,4713051348.0,0,1,2.0
105797,2019-05-20,14,11955.0,ec305979cfec3242,504955,2019-05-20 14:00:00,978,1,753,653,674,9913582648.0,0,1,2.0
105797,2019-05-30,10,3435.0,ec305979cfec3242,816292,2019-05-30 10:00:00,979,1,753,627,649,8590050788.0,0,1,2.0
105797,2019-06-06,7,12000.0,ec305979cfec3242,425947,2019-06-06 07:00:00,980,1,753,4,4,33012000.0,0,1,2.0
105797,2019-06-12,10,228.0,ec305979cfec3242,926282,2019-06-12 10:00:00,981,1,753,7,7,18269228.0,0,1,2.0
105797,2019-06-18,9,9453.0,ec305979cfec3242,189173,2019-06-18 09:00:00,982,1,753,631,644,9286360809.0,0,1,2.0
105797,2019-06-25,9,5501.0,ec305979cfec3242,565054,2019-06-25 09:00:00,984,1,753,631,666,6502414963.0,0,1,2.0
105797,2019-06-25,20,200000.0,ec305979cfec3242,898466,2019-06-25 20:00:00,985,1,753,659,672,6940178277.0,0,1,2.0
105797,2019-07-01,14,444.0,ec305979cfec3242,164083,2019-07-01 14:00:00,986,1,753,645,674,8533509861.0,0,1,2.0
105797,2019-07-10,16,13000.0,ec305979cfec3242,516377,2019-07-10 16:00:00,987,1,753,679,705,7208979634.0,0,1,2.0
105797,2019-07-11,16,16000.0,ec305979cfec3242,775080,2019-07-11 16:00:00,989,1,753,6,6,4070000.0,0,1,2.0
105797,2019-07-15,14,7862.0,ec305979cfec3242,820862,2019-07-15 14:00:00,990,1,753,708,741,7977338084.0,0,1,2.0
105797,2019-07-23,8,889.0,ec305979cfec3242,962644,2019-07-23 08:00:00,991,1,753,10,10,5866889.0,0,1,2.0
105797,2019-07-25,19,8000000.0,ec305979cfec3242,43634,2019-07-25 19:00:00,992,1,753,664,686,9105507805.0,0,1,2.0
105797,2019-07-25,8,2334.0,ec305979cfec3242,108930,2019-07-25 08:00:00,994,1,753,632,658,8205896370.0,0,1,2.0
105797,2019-07-30,10,1800.0,ec305979cfec3242,368388,2019-07-30 10:00:00,995,1,753,632,659,7793946480.0,0,1,2.0
105797,2019-07-30,14,9927.0,ec305979cfec3242,705376,2019-07-30 14:00:00,997,1,753,7,7,49209927.0,0,1,2.0
105797,2019-08-14,16,11000.0,ec305979cfec3242,108271,2019-08-14 16:00:00,999,1,753,7,7,62571000.0,0,1,2.0
105797,2019-08-19,13,18599.0,ec305979cfec3242,198052,2019-08-19 13:00:00,1000,1,753,11,11,231118599.0,0,1,2.0
105797,2019-08-21,8,32000.0,ec305979cfec3242,145354,2019-08-21 08:00:00,1001,1,753,679,703,6867160679.0,0,1,2.0
105797,2019-08-23,21,2900000.0,ec305979cfec3242,651673,2019-08-23 21:00:00,1002,1,753,635,656,6459023193.0,0,1,2.0
105797,2019-08-26,15,100.0,ec305979cfec3242,238041,2019-08-26 15:00:00,1003,1,753,652,686,7647540789.0,0,1,2.0
105797,2019-09-03,9,334.0,ec305979cfec3242,990892,2019-09-03 09:00:00,1004,1,753,656,683,8432005331.0,0,1,2.0
105797,2019-09-06,11,2290.0,ec305979cfec3242,852817,2019-09-06 11:00:00,1005,1,753,9,10,52568356.0,0,1,2.0
105797,2019-09-11,8,3000.0,ec305979cfec3242,542100,2019-09-11 08:00:00,1006,1,753,632,663,5922340967.8,0,1,2.0
105797,2019-09-16,13,201.0,ec305979cfec3242,685055,2019-09-16 13:00:00,1007,1,753,7,7,1007084201.0,0,1,2.0
105797,2019-09-19,11,760.0,ec305979cfec3242,366173,2019-09-19 11:00:00,1008,1,753,5,5,1921760.0,0,1,2.0
105797,2019-09-23,7,1719.0,ec305979cfec3242,42545,2019-09-23 07:00:00,1009,1,753,665,686,7848831501.0,0,1,2.0
105797,2019-10-07,10,23500.0,ec305979cfec3242,591601,2019-10-07 10:00:00,1011,1,753,630,654,4241940306.0,0,1,2.0
105797,2019-10-08,16,2720.0,ec305979cfec3242,822581,2019-10-08 16:00:00,1013,1,753,643,669,7428357045.0,0,1,2.0
105797,2019-10-15,10,51226.0,ec305979cfec3242,543461,2019-10-15 10:00:00,1016,1,753,638,666,7378799990.0,0,1,2.0
105797,2019-10-18,16,1000000.0,ec305979cfec3242,320223,2019-10-18 16:00:00,1018,1,753,633,654,6768424367.0,0,1,2.0
105797,2019-10-22,13,12200.0,ec305979cfec3242,24304,2019-10-22 13:00:00,1019,1,753,625,670,8983296318.0,0,1,2.0
105797,2019-10-25,11,3040000.0,ec305979cfec3242,387559,2019-10-25 11:00:00,1020,1,753,632,654,6280425772.0,0,1,2.0
105797,2019-11-14,19,7300000.0,ec305979cfec3242,126436,2019-11-14 19:00:00,1022,1,753,656,674,8202553082.0,0,1,2.0
105797,2019-11-14,17,1287.0,ec305979cfec3242,942161,2019-11-14 17:00:00,1023,1,753,695,724,10812200552.0,0,1,2.0
105797,2019-11-21,9,23559.0,ec305979cfec3242,112090,2019-11-21 09:00:00,1024,1,753,651,679,9229485294.0,0,1,2.0
105797,2019-11-19,17,5792.0,ec305979cfec3242,718660,2019-11-19 17:00:00,1025,1,753,12,12,43114892.0,0,1,2.0
105797,2019-11-20,9,18000.0,ec305979cfec3242,805551,2019-11-20 09:00:00,1026,1,753,636,660,9296297346.0,0,1,2.0
105797,2019-11-26,10,222.0,c47d8d5e9c579257,62416,2019-11-26 10:00:00,1027,1,3,7,7,9530222.0,0,1,2.0
105797,2019-12-04,7,614.0,ec305979cfec3242,188357,2019-12-04 07:00:00,1028,1,753,634,665,6565972764.0,0,1,2.0
105797,2019-12-03,9,5004.0,ec305979cfec3242,855118,2019-12-03 09:00:00,1029,1,753,4,4,27233004.0,0,1,2.0
105797,2019-12-06,11,3700.0,ec305979cfec3242,109189,2019-12-06 11:00:00,1030,1,753,664,687,8090307691.0,0,1,2.0
105797,2019-12-11,16,14298.0,ec305979cfec3242,555112,2019-12-11 16:00:00,1031,1,753,617,633,6077352312.0,0,1,2.0
105797,2019-12-17,15,3336.0,ec305979cfec3242,81173,2019-12-17 15:00:00,1033,1,753,642,662,6728176039.0,0,1,2.0
105797,2019-12-17,13,69.0,ec305979cfec3242,379032,2019-12-17 13:00:00,1034,1,753,10,10,46795069.0,0,1,2.0
105797,2019-12-24,14,200.0,ec305979cfec3242,422106,2019-12-24 14:00:00,1035,1,753,692,713,9295619561.0,0,1,2.0
105797,2019-12-26,9,1359.0,ec305979cfec3242,104817,2019-12-26 09:00:00,1036,1,753,5,5,97451359.0,0,1,2.0
105797,2019-12-30,8,1000000.0,ec305979cfec3242,401580,2019-12-30 08:00:00,1037,1,753,647,676,6358385150.0,0,1,2.0
105797,2019-01-17,21,300000.0,ec305979cfec3242,873019,2019-01-17 21:00:00,1038,1,753,5,5,25390000.0,0,1,2.0
105797,2019-01-21,15,500.0,ec305979cfec3242,465828,2019-01-21 15:00:00,1039,1,753,6,6,17154500.0,0,1,2.0
105797,2019-02-19,8,2000.0,ec305979cfec3242,368388,2019-02-19 08:00:00,1040,1,753,632,659,7793946480.0,0,1,2.0
105797,2019-02-20,9,3000.0,ec305979cfec3242,57928,2019-02-20 09:00:00,1041,1,753,679,709,7361414834.0,0,1,2.0
105797,2019-02-18,8,1000.0,ec305979cfec3242,47455,2019-02-18 08:00:00,1042,1,753,643,667,6978489914.0,0,1,2.0
105797,2019-02-18,14,6000.0,ec305979cfec3242,185385,2019-02-18 14:00:00,1043,1,753,652,684,7885851004.0,0,1,2.0
105797,2019-02-21,15,3500.0,ec305979cfec3242,591693,2019-02-21 15:00:00,1044,1,753,665,688,5961279722.0,0,1,2.0
105797,2019-02-25,18,200000.0,ec305979cfec3242,758123,2019-02-25 18:00:00,1045,1,753,611,633,8097143858.0,0,1,2.0
105797,2019-03-08,16,17000.0,ec305979cfec3242,88983,2019-03-08 16:00:00,1046,1,753,655,679,7428474347.0,0,1,2.0
105797,2019-03-08,13,250000.0,ec305979cfec3242,894740,2019-03-08 13:00:00,1047,1,753,4,4,280332000.0,0,1,2.0
105797,2019-03-06,11,11407.0,ec305979cfec3242,143310,2019-03-06 11:00:00,1048,1,753,634,659,7021563011.0,0,1,2.0
105797,2019-03-12,9,9538.0,ec305979cfec3242,517661,2019-03-12 09:00:00,1049,1,753,8,8,31531538.0,0,1,2.0
105797,2019-03-12,10,793.0,ec305979cfec3242,521950,2019-03-12 10:00:00,1050,1,753,10,10,121861104.0,0,1,2.0
105797,2019-03-18,9,12163.0,ec305979cfec3242,249994,2019-03-18 09:00:00,1051,1,753,4,4,26203163.0,0,1,2.0
105797,2019-03-19,17,3239.0,ec305979cfec3242,423647,2019-03-19 17:00:00,1052,1,753,4,4,39461239.0,0,1,2.0
105797,2019-03-21,9,1001.0,ec305979cfec3242,443958,2019-03-21 09:00:00,1053,1,753,9,9,15486001.0,0,1,2.0
105797,2019-03-21,8,2258.0,ec305979cfec3242,311061,2019-03-21 08:00:00,1054,1,753,635,669,7057293366.0,0,1,2.0
105797,2019-03-28,8,4622.0,ec305979cfec3242,400938,2019-03-28 08:00:00,1055,1,753,644,671,8233786990.0,0,1,2.0
105797,2019-04-02,10,4043.0,ec305979cfec3242,758533,2019-04-02 10:00:00,1056,1,753,7,7,21579043.0,0,1,2.0
105797,2019-04-05,9,1756.0,ec305979cfec3242,43109,2019-04-05 09:00:00,1057,1,753,648,662,7272246264.0,0,1,2.0
105797,2019-04-02,17,6186.0,ec305979cfec3242,513582,2019-04-02 17:00:00,1058,1,753,587,605,6954478314.0,0,1,2.0
105797,2019-04-17,15,1000.0,ec305979cfec3242,880143,2019-04-17 15:00:00,1059,1,753,594,616,4308270039.0,0,1,2.0
105797,2019-04-19,13,8124.0,ec305979cfec3242,705945,2019-04-19 13:00:00,1060,1,753,653,674,7249306676.0,0,1,2.0
105797,2019-04-17,14,1966.0,ec305979cfec3242,81173,2019-04-17 14:00:00,1062,1,753,642,662,6728176039.0,0,1,2.0
105797,2019-04-29,13,4000.0,ec305979cfec3242,709874,2019-04-29 13:00:00,1063,1,753,631,650,4986675843.0,0,1,2.0
105797,2019-04-26,14,2300.0,ec305979cfec3242,724232,2019-04-26 14:00:00,1064,1,753,5,5,14922300.0,0,1,2.0
105797,2019-05-06,11,6569.0,ec305979cfec3242,170821,2019-05-06 11:00:00,1065,1,753,638,652,5834947326.0,0,1,2.0
105797,2019-05-07,16,1700.0,ec305979cfec3242,335993,2019-05-07 16:00:00,1066,1,753,617,643,7455551444.0,0,1,2.0
105797,2019-05-15,16,20000.0,ec305979cfec3242,239451,2019-05-15 16:00:00,1067,1,753,631,657,7021579281.0,0,1,2.0
105797,2019-05-24,19,7000000.0,ec305979cfec3242,505368,2019-05-24 19:00:00,1068,1,753,636,658,5176297212.0,0,1,2.0
105797,2019-05-28,8,428.0,ec305979cfec3242,256590,2019-05-28 08:00:00,1069,1,753,10,10,13920429.0,0,1,2.0
105797,2019-05-27,6,200000.0,ec305979cfec3242,603882,2019-05-27 06:00:00,1070,1,753,12,12,32065000.0,0,1,2.0
105797,2019-05-31,7,2201.0,ec305979cfec3242,145354,2019-05-31 07:00:00,1071,1,753,679,703,6867160679.0,0,1,2.0
105797,2019-05-31,8,3945.0,ec305979cfec3242,881062,2019-05-31 08:00:00,1072,1,753,12,12,58824945.0,0,1,2.0
105797,2019-06-03,16,7430.0,ec305979cfec3242,768419,2019-06-03 16:00:00,1073,1,753,667,703,7184909855.0,0,1,2.0
105797,2019-06-14,10,339.0,ec305979cfec3242,583083,2019-06-14 10:00:00,1075,1,753,7,7,9760339.0,0,1,2.0
105797,2019-06-11,10,1577.0,ec305979cfec3242,867685,2019-06-11 10:00:00,1076,1,753,4,4,1794077.0,0,1,2.0
105797,2019-06-11,13,7707.0,ec305979cfec3242,930209,2019-06-11 13:00:00,1077,1,753,596,612,7480706361.0,0,1,2.0
105797,2019-06-18,10,13764.0,ec305979cfec3242,988141,2019-06-18 10:00:00,1078,1,753,644,664,5700906767.0,0,1,2.0
105797,2019-06-16,19,600000.0,ec305979cfec3242,766035,2019-06-16 19:00:00,1079,1,753,658,686,7186024875.0,0,1,2.0
105797,2019-06-24,14,4200.0,ec305979cfec3242,120610,2019-06-24 14:00:00,1080,1,753,639,667,6514011791.0,0,1,2.0
105797,2019-06-24,10,3602.0,ec305979cfec3242,127082,2019-06-24 10:00:00,1081,1,753,628,647,6629895550.0,0,1,2.0
105797,2019-06-27,8,311.0,ec305979cfec3242,206154,2019-06-27 08:00:00,1082,1,753,645,665,6705924200.0,0,1,2.0
105797,2019-07-02,14,7000.0,ec305979cfec3242,123911,2019-07-02 14:00:00,1084,1,753,617,644,5323030957.0,0,1,2.0
105797,2019-07-08,16,400.0,ec305979cfec3242,20903,2019-07-08 16:00:00,1085,1,753,672,703,6208900614.0,0,1,2.0
105797,2019-07-08,10,5097.0,ec305979cfec3242,586234,2019-07-08 10:00:00,1086,1,753,642,659,6287576360.0,0,1,2.0
105797,2019-07-12,9,4338.0,ec305979cfec3242,676098,2019-07-12 09:00:00,1087,1,753,10,10,48429338.0,0,1,2.0
105797,2019-07-22,10,1523.0,ec305979cfec3242,439691,2019-07-22 10:00:00,1089,1,753,658,686,8487587940.0,0,1,2.0
105797,2019-07-26,14,1000.0,ec305979cfec3242,359990,2019-07-26 14:00:00,1090,1,753,611,632,4709419859.0,0,1,2.0
105797,2019-07-29,14,427.0,ec305979cfec3242,828301,2019-07-29 14:00:00,1092,1,753,646,666,8511487821.0,0,1,2.0
105797,2019-08-05,15,1000.0,ec305979cfec3242,984615,2019-08-05 15:00:00,1093,1,753,8,8,47926000.0,0,1,2.0
105797,2019-08-09,15,12000.0,ec305979cfec3242,109130,2019-08-09 15:00:00,1094,1,753,5,5,203012000.0,0,1,2.0
105797,2019-08-15,10,7808.0,ec305979cfec3242,387559,2019-08-15 10:00:00,1095,1,753,632,654,6280425772.0,0,1,2.0
105797,2019-08-13,21,5950000.0,ec305979cfec3242,48684,2019-08-13 21:00:00,1097,1,753,653,676,7552163223.0,0,1,2.0
105797,2019-08-22,9,42.0,ec305979cfec3242,108930,2019-08-22 09:00:00,1098,1,753,632,658,8205896370.0,0,1,2.0
105797,2019-08-26,10,13000.0,ec305979cfec3242,441366,2019-08-26 10:00:00,1099,1,753,7,7,179893000.0,0,1,2.0
105797,2019-09-06,15,1000.0,ec305979cfec3242,125415,2019-09-06 15:00:00,1100,1,753,644,668,6377082398.0,0,1,2.0
105797,2019-09-06,9,3318.0,ec305979cfec3242,689408,2019-09-06 09:00:00,1101,1,753,672,703,9740402700.0,0,1,2.0
105797,2019-09-12,19,7300000.0,ec305979cfec3242,412663,2019-09-12 19:00:00,1104,1,753,663,689,6495758171.0,0,1,2.0
105797,2019-09-25,14,200.0,ec305979cfec3242,136510,2019-09-25 14:00:00,1108,1,753,633,656,6230073471.0,0,1,2.0
105797,2019-09-26,14,16478.0,ec305979cfec3242,714102,2019-09-26 14:00:00,1109,1,753,610,630,6820175465.0,0,1,2.0
105797,2019-09-28,17,500000.0,ec305979cfec3242,853537,2019-09-28 17:00:00,1110,1,753,666,687,7198870760.0,0,1,2.0
105797,2019-10-01,11,333.0,ec305979cfec3242,422456,2019-10-01 11:00:00,1112,1,753,640,680,5660086893.0,0,1,2.0
105797,2019-10-02,10,1700.0,ec305979cfec3242,24441,2019-10-02 10:00:00,1113,1,753,11,11,619459700.0,0,1,2.0
105797,2019-10-16,15,51752.0,ec305979cfec3242,554579,2019-10-16 15:00:00,1114,1,753,619,648,6736979578.0,0,1,2.0
105797,2019-10-18,14,3047.0,ec305979cfec3242,142138,2019-10-18 14:00:00,1115,1,753,643,669,5560693096.0,0,1,2.0
105797,2019-10-21,9,5293.0,ec305979cfec3242,394225,2019-10-21 09:00:00,1116,1,753,4,4,166805293.0,0,1,2.0
105797,2019-10-29,13,22066.0,ec305979cfec3242,897509,2019-10-29 13:00:00,1117,1,753,9,9,24002066.0,0,1,2.0
105797,2019-11-03,13,1500000.0,ec305979cfec3242,215056,2019-11-03 13:00:00,1118,1,753,7,7,159752000.0,0,1,2.0
105797,2019-11-05,9,220000.0,ec305979cfec3242,129835,2019-11-05 09:00:00,1119,1,753,609,632,7366687630.0,0,1,2.0
105797,2019-11-08,9,8597.0,ec305979cfec3242,114375,2019-11-08 09:00:00,1121,1,753,626,654,7730660077.0,0,1,2.0
105797,2019-11-11,17,2500000.0,ec305979cfec3242,188357,2019-11-11 17:00:00,1122,1,753,634,665,6565972764.0,0,1,2.0
105797,2019-11-15,10,7583.0,ec305979cfec3242,351324,2019-11-15 10:00:00,1123,1,753,691,713,7690140613.0,0,1,2.0
105797,2019-11-18,9,30950.0,ec305979cfec3242,41820,2019-11-18 09:00:00,1124,1,753,9,9,21802106.0,0,1,2.0
105797,2019-11-24,7,300000.0,ec305979cfec3242,666409,2019-11-24 07:00:00,1125,1,753,677,704,7023755844.0,0,1,2.0
105797,2019-11-25,9,12438.0,ec305979cfec3242,354821,2019-11-25 09:00:00,1126,1,753,626,651,6853649358.0,0,1,2.0
105797,2019-11-27,16,4806.0,ec305979cfec3242,57928,2019-11-27 16:00:00,1127,1,753,679,709,7361414834.0,0,1,2.0
105797,2019-11-27,23,700000.0,ec305979cfec3242,354821,2019-11-27 23:00:00,1128,1,753,626,651,6853649358.0,0,1,2.0
105797,2019-12-02,16,17320.0,ec305979cfec3242,155353,2019-12-02 16:00:00,1129,1,753,6,6,5964320.0,0,1,2.0
105797,2019-12-10,15,17591.0,ec305979cfec3242,640832,2019-12-10 15:00:00,1130,1,753,629,654,7483835545.0,0,1,2.0
105797,2019-12-11,11,19314.0,ec305979cfec3242,542100,2019-12-11 11:00:00,1131,1,753,632,663,5922340967.8,0,1,2.0
105797,2019-12-12,18,4500000.0,ec305979cfec3242,899609,2019-12-12 18:00:00,1132,1,753,647,673,6828439688.0,0,1,2.0
105797,2019-12-12,11,2000.0,ec305979cfec3242,805551,2019-12-12 11:00:00,1133,1,753,636,660,9296297346.0,0,1,2.0
105797,2019-12-16,13,1000.0,ec305979cfec3242,204138,2019-12-16 13:00:00,1134,1,753,679,711,7439646051.0,0,1,2.0
105797,2019-12-18,13,22100.0,ec305979cfec3242,941639,2019-12-18 13:00:00,1135,1,753,6,6,28062600.0,0,1,2.0
105797,2019-12-18,8,513.0,ec305979cfec3242,767826,2019-12-18 08:00:00,1137,1,753,629,655,9977261624.0,0,1,2.0
105797,2019-01-28,17,1000.0,ec305979cfec3242,532427,2019-01-28 17:00:00,1139,1,753,651,669,7970533826.0,0,1,2.0
105797,2019-02-11,10,4000.0,ec305979cfec3242,853625,2019-02-11 10:00:00,1141,1,753,9,9,120404000.0,0,1,2.0
105797,2019-02-19,9,2500.0,ec305979cfec3242,648773,2019-02-19 09:00:00,1142,1,753,633,651,6586881340.0,0,1,2.0
105797,2019-02-20,13,6000.0,ec305979cfec3242,71714,2019-02-20 13:00:00,1143,1,753,6,6,82241000.0,0,1,2.0
105797,2019-03-06,10,6251.0,ec305979cfec3242,549898,2019-03-06 10:00:00,1144,1,753,4,4,4251251.0,0,1,2.0
105797,2019-03-05,11,506.0,ec305979cfec3242,353985,2019-03-05 11:00:00,1145,1,753,5,5,12400506.0,0,1,2.0
105797,2019-03-06,14,1485.0,ec305979cfec3242,422456,2019-03-06 14:00:00,1146,1,753,640,680,5660086893.0,0,1,2.0
105797,2019-03-06,16,17515.0,ec305979cfec3242,514429,2019-03-06 16:00:00,1147,1,753,633,656,7926449776.0,0,1,2.0
105797,2019-03-14,11,5220.0,ec305979cfec3242,396876,2019-03-14 11:00:00,1148,1,753,9,9,24570220.0,0,1,2.0
105797,2019-03-13,11,8300.0,ec305979cfec3242,253921,2019-03-13 11:00:00,1149,1,753,654,685,7101577681.0,0,1,2.0
105797,2019-03-12,13,3894.0,ec305979cfec3242,153466,2019-03-12 13:00:00,1150,1,753,619,642,5551124922.0,0,1,2.0
105797,2019-03-19,11,8030.0,ec305979cfec3242,628373,2019-03-19 11:00:00,1151,1,753,610,637,6856777438.0,0,1,2.0
105797,2019-03-27,8,3087.0,ec305979cfec3242,554579,2019-03-27 08:00:00,1152,1,753,619,648,6736979578.0,0,1,2.0
105797,2019-03-29,11,1000.0,ec305979cfec3242,986858,2019-03-29 11:00:00,1153,1,753,630,661,7152121139.0,0,1,2.0
105797,2019-04-16,11,1798.0,ec305979cfec3242,206349,2019-04-16 11:00:00,1155,1,753,648,672,6704213079.0,0,1,2.0
105797,2019-04-18,14,12970.0,ec305979cfec3242,687410,2019-04-18 14:00:00,1156,1,753,622,655,9413787105.0,0,1,2.0
105797,2019-04-18,10,2300.0,ec305979cfec3242,633339,2019-04-18 10:00:00,1157,1,753,637,665,6447817560.0,0,1,2.0
105797,2019-04-23,15,13319.0,ec305979cfec3242,485785,2019-04-23 15:00:00,1158,1,753,678,702,8332336563.0,0,1,2.0
105797,2019-05-02,11,2081.0,ec305979cfec3242,570518,2019-05-02 11:00:00,1159,1,753,661,682,8563348692.0,0,1,2.0
105797,2019-05-03,16,30000.0,ec305979cfec3242,198064,2019-05-03 16:00:00,1160,1,753,9,9,41780000.0,0,1,2.0
105797,2019-05-06,10,500.0,ec305979cfec3242,210345,2019-05-06 10:00:00,1161,1,753,606,637,5917207959.0,0,1,2.0
105797,2019-05-08,8,1200.0,ec305979cfec3242,603331,2019-05-08 08:00:00,1162,1,753,660,690,7668382734.0,0,1,2.0
105797,2019-05-15,15,6165.0,ec305979cfec3242,712620,2019-05-15 15:00:00,1163,1,753,611,630,6290590400.0,0,1,2.0
105797,2019-05-15,9,459.0,ec305979cfec3242,914293,2019-05-15 09:00:00,1164,1,753,10,10,22040459.0,0,1,2.0
105797,2019-05-20,23,385000.0,ec305979cfec3242,747963,2019-05-20 23:00:00,1165,1,753,3,3,60505000.0,0,1,2.0
105797,2019-05-20,16,32700.0,ec305979cfec3242,997553,2019-05-20 16:00:00,1166,1,753,5,5,7032700.0,0,1,2.0
105797,2019-05-27,15,5782.0,ec305979cfec3242,656628,2019-05-27 15:00:00,1168,1,753,4,4,17155782.0,0,1,2.0
105797,2019-05-31,14,20000.0,ec305979cfec3242,313365,2019-05-31 14:00:00,1169,1,753,611,633,6725131504.0,0,1,2.0
105797,2019-06-03,10,2410.0,ec305979cfec3242,516513,2019-06-03 10:00:00,1170,1,753,8,8,45152410.0,0,1,2.0
105797,2019-06-06,13,8243.0,ec305979cfec3242,628373,2019-06-06 13:00:00,1171,1,753,610,637,6856777438.0,0,1,2.0
105797,2019-06-06,9,3756.0,ec305979cfec3242,925893,2019-06-06 09:00:00,1172,1,753,3,3,2853756.0,0,1,2.0
105797,2019-06-10,13,6339.0,ec305979cfec3242,342321,2019-06-10 13:00:00,1173,1,753,613,632,6432464740.0,0,1,2.0
105797,2019-06-10,11,19582.0,ec305979cfec3242,20903,2019-06-10 11:00:00,1174,1,753,672,703,6208900614.0,0,1,2.0
105797,2019-06-17,14,6850.0,ec305979cfec3242,24542,2019-06-17 14:00:00,1175,1,753,601,624,5752415445.0,0,1,2.0
105797,2019-06-18,17,7846.0,ec305979cfec3242,661388,2019-06-18 17:00:00,1176,1,753,664,690,6954406510.0,0,1,2.0
105797,2019-06-24,11,196.0,ec305979cfec3242,211420,2019-06-24 11:00:00,1177,1,753,654,680,7244484132.0,0,1,2.0
105797,2019-07-04,14,10000.0,ec305979cfec3242,109189,2019-07-04 14:00:00,1178,1,753,664,687,8090307691.0,0,1,2.0
105797,2019-07-11,11,5490.0,ec305979cfec3242,995400,2019-07-11 11:00:00,1180,1,753,647,678,8662642832.0,0,1,2.0
105797,2019-07-16,13,5020.0,ec305979cfec3242,909312,2019-07-16 13:00:00,1181,1,753,9,9,32870020.0,0,1,2.0
105797,2019-07-26,10,4485.0,ec305979cfec3242,632790,2019-07-26 10:00:00,1183,1,753,6,6,332811715.0,0,1,2.0
105797,2019-08-02,16,5000.0,ec305979cfec3242,58485,2019-08-02 16:00:00,1184,1,753,611,621,6924013253.0,0,1,2.0
105797,2019-08-03,7,49300000.0,ec305979cfec3242,863061,2019-08-03 07:00:00,1185,1,753,7,7,57250000.0,0,1,2.0
105797,2019-08-05,8,2800000.0,ec305979cfec3242,744075,2019-08-05 08:00:00,1186,1,753,667,696,6649979168.0,0,1,2.0
105797,2019-08-01,10,2000.0,ec305979cfec3242,687410,2019-08-01 10:00:00,1187,1,753,622,655,9413787105.0,0,1,2.0
105797,2019-08-07,16,9409.0,ec305979cfec3242,231033,2019-08-07 16:00:00,1188,1,753,623,649,7461934676.0,0,1,2.0
105797,2019-08-15,8,450000.0,ec305979cfec3242,785510,2019-08-15 08:00:00,1189,1,753,644,665,6647492511.0,0,1,2.0
105797,2019-08-15,8,3500.0,ec305979cfec3242,982260,2019-08-15 08:00:00,1190,1,753,584,598,7771910972.0,0,1,2.0
105797,2019-08-13,15,16480.0,ec305979cfec3242,631981,2019-08-13 15:00:00,1191,1,753,627,652,8463103218.0,0,1,2.0
105797,2019-08-19,8,1394.0,ec305979cfec3242,885758,2019-08-19 08:00:00,1192,1,753,5,5,10301394.0,0,1,2.0
105797,2019-08-27,10,1232.0,ec305979cfec3242,871366,2019-08-27 10:00:00,1194,1,753,5,5,8426232.0,0,1,2.0
105797,2019-08-27,9,14500.0,ec305979cfec3242,951734,2019-08-27 09:00:00,1195,1,753,626,648,7727039227.0,0,1,2.0
105797,2019-09-09,15,15908.0,ec305979cfec3242,429547,2019-09-09 15:00:00,1197,1,753,11,11,246313908.0,0,1,2.0
105797,2019-09-10,14,9310.0,ec305979cfec3242,528930,2019-09-10 14:00:00,1198,1,753,669,694,7328928544.0,0,1,2.0
105797,2019-09-12,6,200000.0,ec305979cfec3242,739104,2019-09-12 06:00:00,1199,1,753,681,718,7966898263.0,0,1,2.0
105797,2019-09-17,7,1512.0,ec305979cfec3242,135974,2019-09-17 07:00:00,1200,1,753,591,615,6594676828.0,0,1,2.0
105797,2019-09-24,9,5733.0,ec305979cfec3242,145308,2019-09-24 09:00:00,1202,1,753,637,661,6932841623.0,0,1,2.0
105797,2019-09-26,10,40.0,ec305979cfec3242,258187,2019-09-26 10:00:00,1203,1,753,8,8,24418150.0,0,1,2.0
105797,2019-09-28,7,500000.0,ec305979cfec3242,166937,2019-09-28 07:00:00,1204,1,753,677,712,8575001100.0,0,1,2.0
105797,2019-10-08,11,4000.0,ec305979cfec3242,89066,2019-10-08 11:00:00,1205,1,753,624,658,7487953537.0,0,1,2.0
105797,2019-10-22,9,7017.0,ec305979cfec3242,59532,2019-10-22 09:00:00,1206,1,753,13,13,161104017.0,0,1,2.0
105797,2019-10-22,14,1300.0,ec305979cfec3242,994393,2019-10-22 14:00:00,1207,1,753,646,669,5703397004.0,0,1,2.0
105797,2019-10-23,17,500000.0,ec305979cfec3242,84502,2019-10-23 17:00:00,1208,1,753,649,670,5884547468.0,0,1,2.0
105797,2019-11-05,11,4500.0,ec305979cfec3242,917988,2019-11-05 11:00:00,1209,1,753,7,7,4043175.0,0,1,2.0
105797,2019-11-06,10,36466.0,ec305979cfec3242,759835,2019-11-06 10:00:00,1210,1,753,662,689,7159220461.0,0,1,2.0
105797,2019-11-12,7,5300.0,ec305979cfec3242,952083,2019-11-12 07:00:00,1211,1,753,5,5,8561717.0,0,1,2.0
105797,2019-11-21,17,173000.0,ec305979cfec3242,483817,2019-11-21 17:00:00,1212,1,753,638,661,8345206971.0,0,1,2.0
105797,2019-11-29,8,456.0,ec305979cfec3242,802923,2019-11-29 08:00:00,1213,1,753,5,5,24559956.0,0,1,2.0
105797,2019-12-02,11,2157.0,ec305979cfec3242,688978,2019-12-02 11:00:00,1214,1,753,654,676,7048212669.0,0,1,2.0
105797,2019-11-29,13,500.0,ec305979cfec3242,708604,2019-11-29 13:00:00,1215,1,753,4,4,9300500.0,0,1,2.0
105797,2019-12-04,10,14700.0,ec305979cfec3242,200990,2019-12-04 10:00:00,1216,1,753,622,640,7845766421.0,0,1,2.0
105797,2019-12-05,15,50000.0,ec305979cfec3242,206080,2019-12-05 15:00:00,1217,1,753,643,665,5030656191.0,0,1,2.0
105797,2019-12-09,10,2688.0,ec305979cfec3242,69472,2019-12-09 10:00:00,1219,1,753,654,675,7994257910.0,0,1,2.0
105797,2019-12-12,9,4078.0,ec305979cfec3242,488904,2019-12-12 09:00:00,1220,1,753,659,689,7089808154.0,0,1,2.0
105797,2019-12-16,16,22042.0,ec305979cfec3242,761429,2019-12-16 16:00:00,1221,1,753,665,691,7504967976.0,0,1,2.0
105797,2019-12-24,13,14203.0,ec305979cfec3242,502852,2019-12-24 13:00:00,1222,1,753,663,682,7286793307.0,0,1,2.0
105797,2019-01-04,11,20113.0,ec305979cfec3242,275121,2019-01-04 11:00:00,1223,1,753,8,8,22595113.0,0,1,2.0
105797,2019-02-25,18,8000000.0,ec305979cfec3242,58485,2019-02-25 18:00:00,1225,1,753,611,621,6924013253.0,0,1,2.0
105797,2019-03-04,15,20000.0,ec305979cfec3242,451223,2019-03-04 15:00:00,1226,1,753,7,7,49167000.0,0,1,2.0
105797,2019-03-04,10,770.0,ec305979cfec3242,253921,2019-03-04 10:00:00,1227,1,753,654,685,7101577681.0,0,1,2.0
105797,2019-03-05,14,3289.0,ec305979cfec3242,326962,2019-03-05 14:00:00,1228,1,753,607,648,7143805911.0,0,1,2.0
105797,2019-03-05,10,8109.0,ec305979cfec3242,228007,2019-03-05 10:00:00,1229,1,753,641,665,5740561135.0,0,1,2.0
105797,2019-03-08,10,8254.0,ec305979cfec3242,365566,2019-03-08 10:00:00,1230,1,753,6,6,71808254.0,0,1,2.0
105797,2019-03-12,11,1070.0,ec305979cfec3242,729422,2019-03-12 11:00:00,1231,1,753,6,6,23263437.0,0,1,2.0
105797,2019-03-18,11,653.0,ec305979cfec3242,949904,2019-03-18 11:00:00,1232,1,753,7,7,16025653.0,0,1,2.0
105797,2019-03-25,17,1746.0,ec305979cfec3242,419796,2019-03-25 17:00:00,1233,1,753,599,627,9785276487.0,0,1,2.0
105797,2019-03-25,13,3159.0,ec305979cfec3242,818231,2019-03-25 13:00:00,1234,1,753,647,670,5934916754.0,0,1,2.0
105797,2019-03-27,10,7004.0,ec305979cfec3242,672242,2019-03-27 10:00:00,1236,1,753,678,705,10083876106.0,0,1,2.0
105797,2019-03-26,15,15246.0,ec305979cfec3242,199278,2019-03-26 15:00:00,1237,1,753,620,642,7020351880.0,0,1,2.0
105797,2019-04-01,8,6280.0,ec305979cfec3242,582656,2019-04-01 08:00:00,1238,1,753,3,3,2393780.0,0,1,2.0
105797,2019-04-01,16,1741.0,ec305979cfec3242,342321,2019-04-01 16:00:00,1239,1,753,613,632,6432464740.0,0,1,2.0
105797,2019-04-02,11,10560.0,ec305979cfec3242,307994,2019-04-02 11:00:00,1240,1,753,8,8,103148560.0,0,1,2.0
105797,2019-04-05,16,2701.0,ec305979cfec3242,474804,2019-04-05 16:00:00,1241,1,753,630,651,7312920055.0,0,1,2.0
105797,2019-04-09,8,14160.0,ec305979cfec3242,486531,2019-04-09 08:00:00,1242,1,753,5,5,17539160.0,0,1,2.0
105797,2019-04-17,11,1887.0,ec305979cfec3242,452549,2019-04-17 11:00:00,1244,1,753,608,629,4739966113.0,0,1,2.0
105797,2019-04-23,14,1398.0,ec305979cfec3242,877875,2019-04-23 14:00:00,1245,1,753,4,4,20501398.0,0,1,2.0
105797,2019-04-19,10,1286.0,ec305979cfec3242,80452,2019-04-19 10:00:00,1246,1,753,13,13,57166286.0,0,1,2.0
105797,2019-05-03,14,17268.0,ec305979cfec3242,307083,2019-05-03 14:00:00,1247,1,753,661,684,7948011898.0,0,1,2.0
105797,2019-05-03,8,6140.0,ec305979cfec3242,472874,2019-05-03 08:00:00,1248,1,753,618,638,7692089958.0,0,1,2.0
105797,2019-05-07,13,6285.0,ec305979cfec3242,949495,2019-05-07 13:00:00,1250,1,753,640,673,8129455172.0,0,1,2.0
105797,2019-05-09,9,1000.0,ec305979cfec3242,187047,2019-05-09 09:00:00,1251,1,753,654,673,6870157069.0,0,1,2.0
105797,2019-05-14,15,16997.0,ec305979cfec3242,770452,2019-05-14 15:00:00,1252,1,753,632,656,8071060772.0,0,1,2.0
105797,2019-05-16,9,7089.0,ec305979cfec3242,825878,2019-05-16 09:00:00,1253,1,753,642,665,7349308175.0,0,1,2.0
105797,2019-05-16,14,4000.0,ec305979cfec3242,706287,2019-05-16 14:00:00,1254,1,753,9,9,19432000.0,0,1,2.0
105797,2019-05-16,11,7589.0,ec305979cfec3242,526810,2019-05-16 11:00:00,1255,1,753,5,5,5157589.0,0,1,2.0
105797,2019-05-23,10,2559.0,ec305979cfec3242,418003,2019-05-23 10:00:00,1256,1,753,11,11,19667559.0,0,1,2.0
105797,2019-05-23,7,1321.0,ec305979cfec3242,605255,2019-05-23 07:00:00,1257,1,753,604,632,7277133338.0,0,1,2.0
105797,2019-05-30,15,5656.0,ec305979cfec3242,915483,2019-05-30 15:00:00,1258,1,753,636,652,5959123623.0,0,1,2.0
105797,2019-05-29,15,3748.0,ec305979cfec3242,347505,2019-05-29 15:00:00,1259,1,753,661,683,7367186998.0,0,1,2.0
105797,2019-06-04,13,8600.0,ec305979cfec3242,223847,2019-06-04 13:00:00,1260,1,753,713,748,9333210985.0,0,1,2.0
105797,2019-05-31,16,8393.0,ec305979cfec3242,643153,2019-05-31 16:00:00,1261,1,753,611,636,7168366389.0,0,1,2.0
105797,2019-06-04,15,11000.0,ec305979cfec3242,882042,2019-06-04 15:00:00,1262,1,753,651,679,6278682924.0,0,1,2.0
105797,2019-06-05,15,16000.0,ec305979cfec3242,52375,2019-06-05 15:00:00,1265,1,753,7,7,17496000.0,0,1,2.0
105797,2019-06-11,12,2867.0,ec305979cfec3242,903559,2019-06-11 12:00:00,1266,1,753,595,621,6607581403.0,0,1,2.0
105797,2019-06-18,11,997.0,ec305979cfec3242,752058,2019-06-18 11:00:00,1267,1,753,612,631,5304563028.0,0,1,2.0
105797,2019-06-21,10,1628.0,ec305979cfec3242,121820,2019-06-21 10:00:00,1268,1,753,637,655,7119818338.0,0,1,2.0
105797,2019-06-26,11,33000.0,ec305979cfec3242,612818,2019-06-26 11:00:00,1269,1,753,4,4,6423000.0,0,1,2.0
105797,2019-07-05,9,677.0,ec305979cfec3242,757012,2019-07-05 09:00:00,1270,1,753,653,677,8264148878.0,0,1,2.0
105797,2019-07-08,13,10345.0,ec305979cfec3242,862558,2019-07-08 13:00:00,1271,1,753,3,3,3010345.0,0,1,2.0
105797,2019-07-10,14,9924.0,ec305979cfec3242,76983,2019-07-10 14:00:00,1272,1,753,647,665,6017507677.0,0,1,2.0
105797,2019-07-09,10,7423.0,ec305979cfec3242,975853,2019-07-09 10:00:00,1273,1,753,637,666,10574082712.0,0,1,2.0
105797,2019-07-25,9,222.0,ec305979cfec3242,927113,2019-07-25 09:00:00,1274,1,753,615,634,6975142379.0,0,1,2.0
105797,2019-08-02,10,13720.0,ec305979cfec3242,185059,2019-08-02 10:00:00,1275,1,753,5,5,7907420.0,0,1,2.0
105797,2019-08-04,20,49050000.0,ec305979cfec3242,752090,2019-08-04 20:00:00,1276,1,753,5,5,69650000.0,0,1,2.0
105797,2019-07-31,15,1200.0,ec305979cfec3242,833071,2019-07-31 15:00:00,1277,1,753,641,666,6518503337.0,0,1,2.0
105797,2019-08-06,17,28999.0,ec305979cfec3242,697039,2019-08-06 17:00:00,1278,1,753,680,706,6382428989.0,0,1,2.0
105797,2019-08-14,13,5980.0,ec305979cfec3242,376424,2019-08-14 13:00:00,1279,1,753,10,10,90855980.0,0,1,2.0
105797,2019-08-13,10,5590.0,ec305979cfec3242,431377,2019-08-13 10:00:00,1280,1,753,691,714,5998399639.0,0,1,2.0
105797,2019-08-13,14,16546.0,ec305979cfec3242,324350,2019-08-13 14:00:00,1281,1,753,660,674,9452297830.0,0,1,2.0
105797,2019-08-15,14,123.0,ec305979cfec3242,403776,2019-08-15 14:00:00,1283,1,753,626,649,6660836128.0,0,1,2.0
105797,2019-08-23,13,559.0,ec305979cfec3242,39152,2019-08-23 13:00:00,1284,1,753,7,7,42787559.0,0,1,2.0
105797,2019-08-27,20,500000.0,ec305979cfec3242,547653,2019-08-27 20:00:00,1285,1,753,641,670,6786077743.0,0,1,2.0
105797,2019-08-28,8,526.0,ec305979cfec3242,867556,2019-08-28 08:00:00,1287,1,753,6,6,19838028.0,0,1,2.0
105797,2019-08-28,10,1500000.0,ec305979cfec3242,533227,2019-08-28 10:00:00,1288,1,753,7,7,14390400.0,0,1,2.0
105797,2019-08-30,8,1347.0,ec305979cfec3242,235853,2019-08-30 08:00:00,1289,1,753,9,9,32630347.0,0,1,2.0
105797,2019-09-03,13,6521.0,ec305979cfec3242,498573,2019-09-03 13:00:00,1291,1,753,7,7,33541521.0,0,1,2.0
105797,2019-09-06,14,2139.0,ec305979cfec3242,509459,2019-09-06 14:00:00,1292,1,753,7,7,11612139.0,0,1,2.0
105797,2019-09-09,13,12677.0,ec305979cfec3242,231290,2019-09-09 13:00:00,1293,1,753,7,7,118406090.0,0,1,2.0
105797,2019-09-11,9,942.0,ec305979cfec3242,867541,2019-09-11 09:00:00,1294,1,753,9,9,117070942.0,0,1,2.0
105797,2019-09-20,9,9299.0,ec305979cfec3242,238849,2019-09-20 09:00:00,1296,1,753,6,6,71132499.0,0,1,2.0
105797,2019-09-24,14,16600.0,ec305979cfec3242,821508,2019-09-24 14:00:00,1297,1,753,10,10,150866600.0,0,1,2.0
105797,2019-09-24,15,6000.0,ec305979cfec3242,766035,2019-09-24 15:00:00,1298,1,753,658,686,7186024875.0,0,1,2.0
105797,2019-10-09,9,3718.0,ec305979cfec3242,727038,2019-10-09 09:00:00,1299,1,753,635,660,6720031665.0,0,1,2.0
105797,2019-10-10,19,7300000.0,ec305979cfec3242,943624,2019-10-10 19:00:00,1301,1,753,592,612,5683159952.0,0,1,2.0
105797,2019-10-12,18,1200000.0,220bdb6231263016,572921,2019-10-12 18:00:00,1302,1,1,687,715,9030779141.0,0,1,2.0
105797,2019-10-18,9,5491.0,ec305979cfec3242,503295,2019-10-18 09:00:00,1303,1,753,639,660,7751635149.0,0,1,2.0
105797,2019-10-23,9,14668.0,ec305979cfec3242,963672,2019-10-23 09:00:00,1304,1,753,662,683,6732784204.0,0,1,2.0
105797,2019-10-24,9,9026.0,ec305979cfec3242,379014,2019-10-24 09:00:00,1305,1,753,641,669,8253767474.0,0,1,2.0
105797,2019-10-30,8,6007.0,ec305979cfec3242,822955,2019-10-30 08:00:00,1306,1,753,661,678,6309071774.0,0,1,2.0
105797,2019-11-06,8,2181.0,ec305979cfec3242,518858,2019-11-06 08:00:00,1307,1,753,641,664,7058827814.0,0,1,2.0
105797,2019-11-18,14,3400.0,ec305979cfec3242,684907,2019-11-18 14:00:00,1308,1,753,11,11,37103400.0,0,1,2.0
105797,2019-11-25,19,100000.0,ec305979cfec3242,820862,2019-11-25 19:00:00,1311,1,753,708,741,7977338084.0,0,1,2.0
105797,2019-12-06,13,28082.0,ec305979cfec3242,757012,2019-12-06 13:00:00,1312,1,753,653,677,8264148878.0,0,1,2.0
105797,2019-12-17,11,14999.0,ec305979cfec3242,365022,2019-12-17 11:00:00,1314,1,753,634,660,6399600520.0,0,1,2.0
105797,2019-12-26,10,1205.0,ec305979cfec3242,379014,2019-12-26 10:00:00,1316,1,753,641,669,8253767474.0,0,1,2.0
105797,2019-12-25,18,100000.0,ec305979cfec3242,46784,2019-12-25 18:00:00,1317,1,753,617,641,5449630314.0,0,1,2.0
105797,2019-12-30,13,21477.0,ec305979cfec3242,791874,2019-12-30 13:00:00,1318,1,753,652,679,8875389122.0,0,1,2.0
105797,2019-12-27,23,700000.0,ec305979cfec3242,24304,2019-12-27 23:00:00,1319,1,753,625,670,8983296318.0,0,1,2.0
105797,2019-12-30,11,140000.0,ec305979cfec3242,166937,2019-12-30 11:00:00,1320,1,753,677,712,8575001100.0,0,1,2.0
105797,2019-12-29,10,500000.0,ec305979cfec3242,759077,2019-12-29 10:00:00,1321,1,753,636,669,8535035289.0,0,1,2.0
105797,2019-01-25,19,13000000.0,ec305979cfec3242,236643,2019-01-25 19:00:00,1322,1,753,626,644,7814691794.0,0,1,2.0
105797,2019-02-12,17,9000.0,ec305979cfec3242,727844,2019-02-12 17:00:00,1323,1,753,639,661,7094588439.0,0,1,2.0
105797,2019-02-18,9,2000.0,ec305979cfec3242,859948,2019-02-18 09:00:00,1324,1,753,8,8,20862000.0,0,1,2.0
105797,2019-02-25,8,5000.0,ec305979cfec3242,182996,2019-02-25 08:00:00,1325,1,753,618,641,8111119161.0,0,1,2.0
105797,2019-02-22,9,9000.0,ec305979cfec3242,200007,2019-02-22 09:00:00,1327,1,753,8,8,34459158.0,0,1,2.0
105797,2019-03-04,8,1536.0,ec305979cfec3242,745847,2019-03-04 08:00:00,1330,1,753,637,661,8171776727.0,0,1,2.0
105797,2019-02-28,16,313.0,ec305979cfec3242,797744,2019-02-28 16:00:00,1331,1,753,633,651,4893045244.0,0,1,2.0
105797,2019-03-06,13,2000.0,ec305979cfec3242,784033,2019-03-06 13:00:00,1332,1,753,651,675,8140768132.0,0,1,2.0
105797,2019-03-07,10,3365.0,ec305979cfec3242,681326,2019-03-07 10:00:00,1333,1,753,634,663,7705195442.0,0,1,2.0
105797,2019-03-18,10,3965.0,ec305979cfec3242,483181,2019-03-18 10:00:00,1334,1,753,571,606,9008305609.0,0,1,2.0
105797,2019-03-18,14,288.0,ec305979cfec3242,906017,2019-03-18 14:00:00,1335,1,753,612,631,4652804407.0,0,1,2.0
105797,2019-03-25,10,7840.0,ec305979cfec3242,833071,2019-03-25 10:00:00,1336,1,753,641,666,6518503337.0,0,1,2.0
105797,2019-03-26,9,5503.0,ec305979cfec3242,375005,2019-03-26 09:00:00,1337,1,753,636,655,8620555253.0,0,1,2.0
105797,2019-03-28,15,16767.0,ec305979cfec3242,709874,2019-03-28 15:00:00,1338,1,753,631,650,4986675843.0,0,1,2.0
105797,2019-04-04,14,1000.0,ec305979cfec3242,740549,2019-04-04 14:00:00,1339,1,753,638,666,9499933577.0,0,1,2.0
105797,2019-04-08,10,1273.0,ec305979cfec3242,595713,2019-04-08 10:00:00,1340,1,753,638,667,7021169482.0,0,1,2.0
105797,2019-04-25,15,12712.0,ec305979cfec3242,757439,2019-04-25 15:00:00,1341,1,753,3,3,5612712.0,0,1,2.0
105797,2019-04-25,20,200000.0,ec305979cfec3242,422433,2019-04-25 20:00:00,1342,1,753,648,685,6595085464.0,0,1,2.0
105797,2019-04-26,8,3879.0,ec305979cfec3242,937837,2019-04-26 08:00:00,1343,1,753,634,659,5236299415.0,0,1,2.0
105797,2019-05-06,16,20762.0,ec305979cfec3242,921589,2019-05-06 16:00:00,1344,1,753,9,9,29420762.0,0,1,2.0
105797,2019-05-09,11,3429.0,ec305979cfec3242,320447,2019-05-09 11:00:00,1345,1,753,695,725,8931884633.0,0,1,2.0
105797,2019-05-13,10,6976.0,ec305979cfec3242,77431,2019-05-13 10:00:00,1346,1,753,8,8,22251977.0,0,1,2.0
105797,2019-05-16,10,30000.0,ec305979cfec3242,789605,2019-05-16 10:00:00,1347,1,753,10,10,41743000.0,0,1,2.0
105797,2019-05-15,11,7286.0,ec305979cfec3242,179920,2019-05-15 11:00:00,1348,1,753,14,14,88217286.0,0,1,2.0
105797,2019-06-04,11,12275.0,ec305979cfec3242,570518,2019-06-04 11:00:00,1349,1,753,661,682,8563348692.0,0,1,2.0
105797,2019-06-07,8,5955.0,ec305979cfec3242,326400,2019-06-07 08:00:00,1350,1,753,629,654,5890750062.0,0,1,2.0
105797,2019-06-11,14,10200.0,ec305979cfec3242,559923,2019-06-11 14:00:00,1351,1,753,608,635,4483690467.0,0,1,2.0
105797,2019-06-13,15,6146.0,ec305979cfec3242,85968,2019-06-13 15:00:00,1352,1,753,680,704,10764778569.0,0,1,2.0
105797,2019-06-17,10,7396.0,ec305979cfec3242,292785,2019-06-17 10:00:00,1353,1,753,4,4,105197396.0,0,1,2.0
105797,2019-06-17,15,15760.0,ec305979cfec3242,867770,2019-06-17 15:00:00,1354,1,753,8,8,52606760.0,0,1,2.0
105797,2019-06-25,16,5118.0,ec305979cfec3242,52695,2019-06-25 16:00:00,1355,1,753,645,669,10411122466.0,0,1,2.0
105797,2019-07-01,8,1885.0,ec305979cfec3242,600047,2019-07-01 08:00:00,1356,1,753,9,9,84066885.0,0,1,2.0
105797,2019-07-02,11,1071.0,ec305979cfec3242,789505,2019-07-02 11:00:00,1357,1,753,651,676,5508452555.0,0,1,2.0
105797,2019-07-03,14,12640.0,ec305979cfec3242,169630,2019-07-03 14:00:00,1358,1,753,628,657,7008535979.0,0,1,2.0
105797,2019-07-04,8,1658.0,ec305979cfec3242,14539,2019-07-04 08:00:00,1359,1,753,662,692,7578049221.0,0,1,2.0
105797,2019-07-15,16,8402.0,ec305979cfec3242,397732,2019-07-15 16:00:00,1362,1,753,702,726,6216214292.0,0,1,2.0
105797,2019-07-17,15,841.0,ec305979cfec3242,768353,2019-07-17 15:00:00,1363,1,753,654,679,7996684900.0,0,1,2.0
105797,2019-07-17,14,9000.0,ec305979cfec3242,503295,2019-07-17 14:00:00,1364,1,753,639,660,7751635149.0,0,1,2.0
105797,2019-07-16,11,5261.0,ec305979cfec3242,641411,2019-07-16 11:00:00,1365,1,753,657,687,6625327338.0,0,1,2.0
105797,2019-07-17,10,400.0,ec305979cfec3242,273957,2019-07-17 10:00:00,1366,1,753,613,640,6678698409.0,0,1,2.0
105797,2019-07-23,10,20018.0,ec305979cfec3242,456724,2019-07-23 10:00:00,1367,1,753,646,674,8422051030.0,0,1,2.0
105797,2019-07-23,13,3000.0,ec305979cfec3242,605979,2019-07-23 13:00:00,1368,1,753,4,4,27805000.0,0,1,2.0
105797,2019-07-29,8,660.0,ec305979cfec3242,326962,2019-07-29 08:00:00,1369,1,753,607,648,7143805911.0,0,1,2.0
105797,2019-07-29,10,1167.0,ec305979cfec3242,973708,2019-07-29 10:00:00,1370,1,753,689,718,6792796934.0,0,1,2.0
105797,2019-08-12,13,11820.0,ec305979cfec3242,650886,2019-08-12 13:00:00,1372,1,753,630,661,8717460233.0,0,1,2.0
105797,2019-08-16,13,7641.0,ec305979cfec3242,940456,2019-08-16 13:00:00,1374,1,753,673,710,8440753740.0,0,1,2.0
105797,2019-08-22,10,20000.0,ec305979cfec3242,970582,2019-08-22 10:00:00,1375,1,753,11,11,39930000.0,0,1,2.0
105797,2019-08-20,11,5211.0,ec305979cfec3242,206349,2019-08-20 11:00:00,1376,1,753,648,672,6704213079.0,0,1,2.0
105797,2019-08-21,11,6048.0,ec305979cfec3242,849403,2019-08-21 11:00:00,1377,1,753,5,5,62106048.0,0,1,2.0
105797,2019-08-26,7,100000.0,ec305979cfec3242,822581,2019-08-26 07:00:00,1379,1,753,643,669,7428357045.0,0,1,2.0
105797,2019-08-27,16,2000.0,ec305979cfec3242,472874,2019-08-27 16:00:00,1380,1,753,618,638,7692089958.0,0,1,2.0
105797,2019-08-28,16,2723.0,ec305979cfec3242,100497,2019-08-28 16:00:00,1381,1,753,5,5,20502723.0,0,1,2.0
105797,2019-09-09,8,5933.0,ec305979cfec3242,782130,2019-09-09 08:00:00,1383,1,753,3,3,54505933.0,0,1,2.0
105797,2019-09-13,9,10113.0,ec305979cfec3242,2577,2019-09-13 09:00:00,1384,1,753,622,649,7164479976.0,0,1,2.0
105797,2019-09-13,11,1200000.0,ec305979cfec3242,109189,2019-09-13 11:00:00,1385,1,753,664,687,8090307691.0,0,1,2.0
105797,2019-09-16,14,13628.0,ec305979cfec3242,846385,2019-09-16 14:00:00,1386,1,753,5,5,15173628.0,0,1,2.0
105797,2019-10-01,8,3908.0,ec305979cfec3242,774523,2019-10-01 08:00:00,1389,1,753,645,666,7393558290.0,0,1,2.0
105797,2019-10-04,13,13903.0,ec305979cfec3242,898502,2019-10-04 13:00:00,1390,1,753,660,689,7059334798.0,0,1,2.0
105797,2019-10-11,13,11635.0,ec305979cfec3242,896142,2019-10-11 13:00:00,1392,1,753,644,671,6517636776.0,0,1,2.0
105797,2019-10-11,8,13838.0,ec305979cfec3242,785507,2019-10-11 08:00:00,1393,1,753,3,3,32013838.0,0,1,2.0
105797,2019-10-11,14,11008.0,ec305979cfec3242,95674,2019-10-11 14:00:00,1394,1,753,604,628,8139083997.0,0,1,2.0
105797,2019-10-17,10,1051.0,ec305979cfec3242,239985,2019-10-17 10:00:00,1395,1,753,3,3,3201051.0,0,1,2.0
105797,2019-10-16,16,2050.0,ec305979cfec3242,918528,2019-10-16 16:00:00,1396,1,753,620,642,6490397411.0,0,1,2.0
105797,2019-10-25,9,3786.0,ec305979cfec3242,744098,2019-10-25 09:00:00,1398,1,753,8,8,148253786.0,0,1,2.0
105797,2019-10-24,18,7300000.0,ec305979cfec3242,57928,2019-10-24 18:00:00,1399,1,753,679,709,7361414834.0,0,1,2.0
105797,2019-10-25,15,756.0,ec305979cfec3242,69325,2019-10-25 15:00:00,1400,1,753,668,692,7458118485.0,0,1,2.0
105797,2019-10-28,22,300000.0,ec305979cfec3242,591601,2019-10-28 22:00:00,1401,1,753,630,654,4241940306.0,0,1,2.0
105797,2019-11-05,7,7086.0,ec305979cfec3242,369045,2019-11-05 07:00:00,1403,1,753,3,3,13047086.0,0,1,2.0
105797,2019-11-04,13,15894.0,ec305979cfec3242,72817,2019-11-04 13:00:00,1404,1,753,7,7,540766894.0,0,1,2.0
105797,2019-11-12,13,17000.0,ec305979cfec3242,893299,2019-11-12 13:00:00,1405,1,753,661,692,8584601028.0,0,1,2.0
105797,2019-11-12,16,50000.0,ec305979cfec3242,689684,2019-11-12 16:00:00,1406,1,753,7,7,60799000.0,0,1,2.0
105797,2019-11-12,10,20330.0,ec305979cfec3242,106652,2019-11-12 10:00:00,1407,1,753,12,12,132326330.0,0,1,2.0
105797,2019-11-29,9,275.0,ec305979cfec3242,483117,2019-11-29 09:00:00,1408,1,753,650,668,8259645094.0,0,1,2.0
105797,2019-12-06,17,1000000.0,ec305979cfec3242,882939,2019-12-06 17:00:00,1410,1,753,622,645,9171363346.0,0,1,2.0
105797,2019-12-17,14,41192.0,ec305979cfec3242,430586,2019-12-17 14:00:00,1412,1,753,666,690,8064752084.0,0,1,2.0
105797,2019-12-20,13,16812.0,ec305979cfec3242,784387,2019-12-20 13:00:00,1413,1,753,625,651,6345377509.0,0,1,2.0
105797,2019-12-20,8,4651.0,ec305979cfec3242,587027,2019-12-20 08:00:00,1414,1,753,8,8,62504651.0,0,1,2.0
105797,2019-12-23,11,1000000.0,ec305979cfec3242,376044,2019-12-23 11:00:00,1415,1,753,601,625,6350019555.0,0,1,2.0
105797,2019-12-25,19,4500000.0,ec305979cfec3242,917659,2019-12-25 19:00:00,1416,1,753,5,5,27000000.0,0,1,2.0
105797,2019-12-27,14,5179.0,ec305979cfec3242,649100,2019-12-27 14:00:00,1417,1,753,631,660,9590192206.0,0,1,2.0
105797,2019-01-08,16,1850.0,ec305979cfec3242,639651,2019-01-08 16:00:00,1418,1,753,647,671,8973363456.0,0,1,2.0
105797,2019-01-10,13,140000.0,ec305979cfec3242,364218,2019-01-10 13:00:00,1419,1,753,629,656,9283174669.0,0,1,2.0
105797,2019-01-11,16,5500.0,ec305979cfec3242,634388,2019-01-11 16:00:00,1420,1,753,8,8,32680500.0,0,1,2.0
105797,2019-01-14,15,2000.0,ec305979cfec3242,155495,2019-01-14 15:00:00,1421,1,753,648,677,7649367462.0,0,1,2.0
105797,2019-01-14,17,1100000.0,ec305979cfec3242,277626,2019-01-14 17:00:00,1422,1,753,653,685,6278407463.0,0,1,2.0
105797,2019-01-23,11,1000.0,ec305979cfec3242,131844,2019-01-23 11:00:00,1424,1,753,6,6,618641000.0,0,1,2.0
105797,2019-01-25,19,100000.0,ec305979cfec3242,705945,2019-01-25 19:00:00,1425,1,753,653,674,7249306676.0,0,1,2.0
105797,2019-02-01,11,3000.0,ec305979cfec3242,246464,2019-02-01 11:00:00,1426,1,753,5,5,9443000.0,0,1,2.0
105797,2019-02-12,9,2000.0,ec305979cfec3242,821033,2019-02-12 09:00:00,1427,1,753,639,655,4702569909.0,0,1,2.0
105797,2019-03-01,11,2460.0,ec305979cfec3242,771320,2019-03-01 11:00:00,1428,1,753,659,682,8318307721.0,0,1,2.0
105797,2019-03-04,13,18444.0,ec305979cfec3242,810441,2019-03-04 13:00:00,1429,1,753,9,9,39390944.0,0,1,2.0
105797,2019-03-05,9,1080.0,ec305979cfec3242,385065,2019-03-05 09:00:00,1430,1,753,631,655,4571611134.0,0,1,2.0
105797,2019-03-07,9,290.0,ec305979cfec3242,631517,2019-03-07 09:00:00,1431,1,753,650,669,7485108259.0,0,1,2.0
105797,2019-03-12,14,3797.0,ec305979cfec3242,132367,2019-03-12 14:00:00,1432,1,753,8,8,13456797.0,0,1,2.0
105797,2019-03-21,14,2209.0,ec305979cfec3242,383408,2019-03-21 14:00:00,1433,1,753,662,679,6339283370.0,0,1,2.0
105797,2019-03-28,11,1060.0,ec305979cfec3242,829720,2019-03-28 11:00:00,1435,1,753,8,8,19317056.0,0,1,2.0
105797,2019-03-29,8,2485.0,ec305979cfec3242,307383,2019-03-29 08:00:00,1436,1,753,6,6,6015485.0,0,1,2.0
105797,2019-04-03,16,13710.0,ec305979cfec3242,900567,2019-04-03 16:00:00,1437,1,753,699,729,8471994275.0,0,1,2.0
105797,2019-04-03,11,1533.0,ec305979cfec3242,538932,2019-04-03 11:00:00,1438,1,753,642,677,7582845878.0,0,1,2.0
105797,2019-04-11,8,696.0,ec305979cfec3242,181593,2019-04-11 08:00:00,1440,1,753,642,663,5448468436.0,0,1,2.0
105797,2019-04-11,13,10674.0,ec305979cfec3242,631443,2019-04-11 13:00:00,1441,1,753,622,647,7199692255.0,0,1,2.0
105797,2019-04-11,9,307.0,ec305979cfec3242,486067,2019-04-11 09:00:00,1442,1,753,554,573,4960726064.0,0,1,2.0
105797,2019-04-12,11,495.0,ec305979cfec3242,392475,2019-04-12 11:00:00,1443,1,753,6,6,11700495.0,0,1,2.0
105797,2019-04-12,15,3000.0,ec305979cfec3242,927113,2019-04-12 15:00:00,1444,1,753,615,634,6975142379.0,0,1,2.0
105797,2019-04-16,15,236.0,ec305979cfec3242,770862,2019-04-16 15:00:00,1445,1,753,648,666,7961044348.0,0,1,2.0
105797,2019-04-16,9,417.0,ec305979cfec3242,911819,2019-04-16 09:00:00,1446,1,753,640,673,8296415714.0,0,1,2.0
105797,2019-04-25,11,1000.0,ec305979cfec3242,231648,2019-04-25 11:00:00,1447,1,753,631,654,9172490034.0,0,1,2.0
105797,2019-04-17,12,2622.0,ec305979cfec3242,412663,2019-04-17 12:00:00,1448,1,753,663,689,6495758171.0,0,1,2.0
105797,2019-04-26,16,6428.0,ec305979cfec3242,99216,2019-04-26 16:00:00,1450,1,753,7,7,99177466.0,0,1,2.0
105797,2019-04-25,20,7600000.0,ec305979cfec3242,822955,2019-04-25 20:00:00,1451,1,753,661,678,6309071774.0,0,1,2.0
105797,2019-05-03,10,801.0,ec305979cfec3242,390084,2019-05-03 10:00:00,1452,1,753,3,3,770801.0,0,1,2.0
105797,2019-05-03,15,2313.0,ec305979cfec3242,534985,2019-05-03 15:00:00,1453,1,753,651,679,7074771155.0,0,1,2.0
105797,2019-05-13,13,20265.0,ec305979cfec3242,187427,2019-05-13 13:00:00,1454,1,753,11,11,32080265.0,0,1,2.0
105797,2019-05-14,11,12828.0,ec305979cfec3242,687405,2019-05-14 11:00:00,1455,1,753,582,601,6169816844.0,0,1,2.0
105797,2019-05-15,13,30000.0,ec305979cfec3242,722404,2019-05-15 13:00:00,1456,1,753,5,5,342735000.0,0,1,2.0
105797,2019-05-17,8,2741.0,ec305979cfec3242,538259,2019-05-17 08:00:00,1457,1,753,602,625,5643126092.0,0,1,2.0
105797,2019-05-27,11,7162.0,ec305979cfec3242,209087,2019-05-27 11:00:00,1459,1,753,681,707,8866399791.0,0,1,2.0
105797,2019-06-03,15,113.0,ec305979cfec3242,327846,2019-06-03 15:00:00,1460,1,753,644,669,7890514221.0,0,1,2.0
105797,2019-06-03,14,5300.0,ec305979cfec3242,326748,2019-06-03 14:00:00,1461,1,753,6,6,26005300.0,0,1,2.0
105797,2019-05-31,15,449.0,ec305979cfec3242,805551,2019-05-31 15:00:00,1462,1,753,636,660,9296297346.0,0,1,2.0
105797,2019-06-06,11,10300.0,ec305979cfec3242,598881,2019-06-06 11:00:00,1463,1,753,597,617,7287536031.0,0,1,2.0
105797,2019-06-10,8,1621.0,ec305979cfec3242,326962,2019-06-10 08:00:00,1464,1,753,607,648,7143805911.0,0,1,2.0
105797,2019-06-10,15,2000.0,ec305979cfec3242,869442,2019-06-10 15:00:00,1465,1,753,10,10,19342000.0,0,1,2.0
105797,2019-06-12,11,20000.0,ec305979cfec3242,472874,2019-06-12 11:00:00,1466,1,753,618,638,7692089958.0,0,1,2.0
