CUSTOMER_NUMBER,anomaly_score_sample,TRANS_LV1,TRANS_LV2,TRANS_DATE,DAY_OF_WEEK,TRANS_HOUR,TRANS_NO,TRANS_AMOUNT,Beneficiary_CUSTOMER_NUMBER,Device_OS,IP_Address_Proxy,CLIENT_SEX,CLIENT_CREATE_DATE,DATE_OF_BIRTH,STAFF,IB_REGISTER_DATE,EB_REGISTER_CHANNEL,SMS,VERIFY_METHOD,Occupation_Group,SUM_AMOUNT_1H,COUNT_1H,SUM_AMOUNT_3H,COUNT_3H,SUM_AMOUNT_24H,COUNT_24H,SUM_AMOUNT_48H,COUNT_48H,SUM_AMOUNT_7D,COUNT_7D,SUM_AMOUNT_30D,COUNT_30D,HIST_AVG_CA_BALANCE,HIST_AVG_TRANS_AMOUNT,HIST_TRANS_COUNT,DAYS_SINCE_LAST_TRANS,UNIQUE_BENEFICIARIES_24H,HOURS_SINCE_SEC_EVENT,LAST_LOGIN_METHOD,HIST_BIOMETRIC_RATIO,HIST_LOGIN_COUNT,BENFORD_DEV,ACTIVITY_SEQ_RARITY
44,-0.6194606260753057,Transfer,Within_bank,2019-12-12,Thu,20,1,23900000.0,479765,Android,30.213.xx.xx (NA),M,2019-04-04,1990-08-08,0,2019-04-04,BRANCH,1,SMART_OTP,Working,23900000.0,1,23900000.0,1,23900000.0,1,23900000.0,1,23900000.0,1,23900000.0,1,956799.0944444444,8333333.333333333,3,182.33333333333334,1,0.0,LOGIN_FACEID,0.47619036281181837,42.0,0.0,-1.509743283632709
88,-0.5693566226531088,Transfer,Outside_bank,2019-10-02,Wed,8,1,50000000.0,578168,iOS,14.182.xx.xx (CT),F,2019-07-15,1997-07-05,0,2019-09-03,BRANCH,1,SMART_OTP,Commercial associate,50000000.0,1,50000000.0,1,77545000.0,7,80773000.0,9,125973222.0,23,485665129.0,132,8844481.102,4369996.853994491,363,0.4583333333333333,7,165.0,LOGIN_FINGER,0.44549760921812276,211.0,0.03889746598194539,-1.441169318574772
88,-0.5673311880939341,Transfer,Outside_bank,2019-11-01,Fri,7,1,37439000.0,711016,iOS,50.208.xx.xx (CT),F,2019-07-15,1997-07-05,0,2019-09-03,BRANCH,1,SMART_OTP,Commercial associate,37439000.0,1,37439000.0,1,107223580.0,14,114711580.0,18,136814840.0,26,630521972.0,149,8844481.102,4369996.853994491,363,0.375,14,19.0,LOGIN_FINGER,0.4711934059425225,486.0,0.03889746598194539,-1.441169318574772
88,-0.5654241206307703,Transfer,Outside_bank,2019-12-03,Tue,8,1,40000000.0,578140,iOS,238.125.xx.xx (CT),F,2019-07-15,1997-07-05,0,2019-09-03,BRANCH,1,SMART_OTP,Commercial associate,40000000.0,1,40000000.0,1,40000000.0,1,40000000.0,1,86216000.0,7,289763377.0,47,8844481.102,4369996.853994491,363,5.041666666666667,1,788.0,LOGIN,0.47846153110059186,650.0,0.03889746598194539,-1.441169318574772
135,-0.5727896801537078,Transfer,Within_bank,2019-11-06,Wed,12,1,15000000.0,198496,Android,252.92.xx.xx (HN),M,2019-07-24,1986-10-20,0,2019-07-25,BRANCH,1,SMART_OTP,Working,15000000.0,1,15000000.0,1,15000000.0,1,15000000.0,1,15000000.0,1,15000000.0,1,561351.0333333333,10230000.0,10,32.666666666666664,1,2470.0,LOGIN_FINGER,0.4571427265306495,35.0,0.5917514130515289,-1.3626830247620028
135,-0.5917185747440397,Transfer,Within_bank,2019-12-16,Mon,9,2,10000000.0,832548,Android,101.166.xx.xx (HCM),M,2019-07-24,1986-10-20,0,2019-07-25,BRANCH,1,SMART_OTP,Working,10000000.0,1,10000000.0,1,10000000.0,1,10000000.0,1,10000000.0,1,10000000.0,1,561351.0333333333,10230000.0,10,39.833333333333336,1,1.0,LOGIN,0.4705881430219327,51.0,0.5917514130515289,-1.3626830247620028
143,-0.5699851492879584,Topup,eWallet,2019-11-28,Thu,17,1,10000.0,NaN,iOS,163.244.xx.xx (HP),F,2019-09-10,1982-12-24,0,2019-09-10,BRANCH,1,SMART_OTP,Working,10000.0,1,10000.0,1,10000.0,1,10000.0,1,10000.0,1,10000.0,1,103723.49,5556666.666666667,6,75.0,0,3.0,LOGIN,0.0,10.0,0.7048483079474323,-1.5102239753915914
230,-0.5823445133711058,Topup,eWallet,2019-12-22,Sun,15,1,100000.0,NaN,iOS,136.71.xx.xx (HN),M,2019-06-14,1988-10-26,0,2019-06-14,BRANCH,0,SMART_OTP,State servant,100000.0,1,100000.0,1,100000.0,1,100000.0,1,100000.0,1,100000.0,1,104270.35428571429,283333.3333333333,3,185.20833333333334,0,4589.0,LOGIN,0.0,9.0,0.0,-1.051830784273636
317,-0.6022248607614539,Payment,Credit_card_repayment,2019-06-26,Wed,11,2,600000.0,NaN,Android,202.161.xx.xx (HN),F,2019-04-22,1982-09-03,0,2019-04-23,BRANCH,0,SMART_OTP,Working,600000.0,1,600000.0,1,600000.0,1,600000.0,1,600000.0,1,600000.0,1,37697.706666666665,2105881.5714285714,7,64.45833333333333,0,1537.0,LOGIN,0.09090900826453795,11.0,1.001997935597524,-1.0845402446682986
317,-0.6120721635085216,Payment,Credit_card_repayment,2019-07-25,Thu,7,1,2600000.0,NaN,Android,125.42.xx.xx (HN),F,2019-04-22,1982-09-03,0,2019-04-23,BRANCH,0,SMART_OTP,Working,2600000.0,1,2600000.0,1,2600000.0,1,2600000.0,1,2600000.0,1,3200000.0,2,37697.706666666665,2105881.5714285714,7,28.833333333333332,0,2229.0,LOGIN,0.1333332444445037,15.0,1.001997935597524,-1.0845402446682986
317,-0.6099381474039183,Payment,Credit_card_repayment,2019-08-24,Sat,12,1,1800000.0,NaN,Android,58.10.xx.xx (HN),F,2019-04-22,1982-09-03,0,2019-04-23,BRANCH,0,SMART_OTP,Working,1800000.0,1,1800000.0,1,1800000.0,1,1800000.0,1,1800000.0,1,1800000.0,1,37697.706666666665,2105881.5714285714,7,30.208333333333332,0,2954.0,LOGIN,0.12499992187504883,16.0,1.001997935597524,-1.0845402446682986
317,-0.6293286139073089,Payment,Credit_card_repayment,2019-09-25,Wed,19,1,2000000.0,NaN,Android,79.143.xx.xx (HN),F,2019-04-22,1982-09-03,0,2019-04-23,BRANCH,0,SMART_OTP,Working,2000000.0,1,2000000.0,1,2000000.0,1,2000000.0,1,2000000.0,1,2000000.0,1,37697.706666666665,2105881.5714285714,7,32.291666666666664,0,3729.0,LOGIN,0.11111104938275035,18.0,1.001997935597524,-1.0845402446682986
317,-0.6153446785666392,Payment,Credit_card_repayment,2019-10-24,Thu,11,1,2191171.0,NaN,Android,149.180.xx.xx (HN),F,2019-04-22,1982-09-03,0,2019-04-23,BRANCH,0,SMART_OTP,Working,2191171.0,1,2191171.0,1,2191171.0,1,2191171.0,1,2191171.0,1,4191171.0,2,37697.706666666665,2105881.5714285714,7,28.666666666666668,0,4417.0,LOGIN,0.08695648393196351,23.0,1.001997935597524,-1.0845402446682986
317,-0.6362477516200896,Payment,Credit_card_repayment,2019-11-24,Sun,8,1,2950000.0,NaN,Android,95.234.xx.xx (HN),F,2019-04-22,1982-09-03,0,2019-04-23,BRANCH,0,SMART_OTP,Working,2950000.0,1,2950000.0,1,2950000.0,1,2950000.0,1,2950000.0,1,2950000.0,1,37697.706666666665,2105881.5714285714,7,30.875,0,5158.0,LOGIN,0.06451610822061025,31.0,1.001997935597524,-1.0845402446682986
317,-0.635051173081536,Payment,Credit_card_repayment,2019-12-25,Wed,17,1,2600000.0,NaN,Android,10.104.xx.xx (HP),F,2019-04-22,1982-09-03,0,2019-04-23,BRANCH,0,SMART_OTP,Working,2600000.0,1,2600000.0,1,2600000.0,1,2600000.0,1,2600000.0,1,2600000.0,1,37697.706666666665,2105881.5714285714,7,31.375,0,5911.0,LOGIN,0.05263156509695655,38.0,1.001997935597524,-1.0845402446682986
331,-0.5799038547329132,Transfer,Outside_bank,2019-03-06,Wed,9,2,12000000.0,63398,iOS,196.198.xx.xx (HCM),M,2019-01-16,1992-01-07,0,2019-01-25,BRANCH,1,SMS,Unemployed,12000000.0,1,12000000.0,1,12000000.0,1,12000000.0,1,12000000.0,1,12000000.0,1,3490298.725,6480000.0,3,40.375,1,0.0,LOGIN,0.0,0.0,0.0,-2.5092054678419475
386,-0.5708502555519854,Transfer,Within_bank,2019-10-21,Mon,9,1,380000000.0,456015,Android,40.87.xx.xx (HCM),F,2019-08-12,1989-04-24,0,2019-08-12,BRANCH,1,SMART_OTP,Working,380000000.0,1,380000000.0,1,380550000.0,2,380550000.0,2,383615000.0,5,416432414.0,15,114440623.53400001,16809085.8,70,0.6666666666666666,2,1670.0,LOGIN,0.0,41.0,0.061351446143111873,-1.0341287827195147
470,-0.5731617641401942,Transfer,Outside_bank,2019-05-08,Wed,14,1,50000000.0,69129,Android,204.70.xx.xx (HN),M,2019-02-14,1985-08-23,0,2019-03-02,BRANCH,0,SMS,State servant,50000000.0,1,50000000.0,1,50000000.0,1,50000000.0,1,50000000.0,1,50000000.0,1,3666343.766363636,12919000.0,18,67.58333333333333,1,1612.0,LOGIN,0.4891304081994343,184.0,0.4989169656755756,-0.795191579133574
470,-0.5871617100993823,Transfer,Outside_bank,2019-10-05,Sat,10,1,5000000.0,379135,Android,127.130.xx.xx (HN),M,2019-02-14,1985-08-23,0,2019-03-02,BRANCH,0,SMS,State servant,5000000.0,1,5000000.0,1,5000000.0,1,5000000.0,1,5000000.0,1,5000000.0,1,3666343.766363636,12919000.0,18,81.95833333333333,1,5208.0,LOGIN_FINGER,0.4830339224943329,501.0,0.4989169656755756,-0.795191579133574
640,-0.568836600060118,Transfer,Outside_bank,2019-11-12,Tue,10,1,20150000.0,687495,iOS,226.6.xx.xx (HCM),M,2019-04-26,1990-07-09,0,2019-06-03,BRANCH,1,SMS,Working,20150000.0,1,20150000.0,1,20150000.0,1,20150000.0,1,24205000.0,7,24725000.0,10,1329118.49875,1356661.0169491526,59,2.9583333333333335,1,3888.0,LOGIN_FINGER,0.4425287101994994,174.0,0.36760838353631675,-1.1317807288531814
666,-0.5893614180680429,Transfer,Within_bank,2019-06-06,Thu,14,1,200000.0,49277,iOS,29.174.xx.xx (HN),M,2019-02-13,1983-04-30,0,2019-02-13,BRANCH,1,SMS,Working,200000.0,1,200000.0,1,200000.0,1,200000.0,1,200000.0,1,200000.0,1,1797996.9054545455,509956.52173913043,23,113.58333333333333,1,0.0,LOGIN,0.0,0.0,0.34459753724249786,-1.3732064553881047
755,-0.6073351307087633,Transfer,Outside_bank,2019-11-15,Fri,10,1,2400000.0,299894,iOS,51.234.xx.xx (DN),M,2019-01-29,1964-04-13,0,2019-08-15,BRANCH,0,SMART_OTP,Pensioner,2400000.0,1,2400000.0,1,2400000.0,1,2400000.0,1,2400000.0,1,2400000.0,1,228209.50416666665,2450000.0,2,91.79166666666667,1,0.0,LOGIN,0.0,1.0,0.0,-2.172453964726062
777,-0.5847712726230543,Transfer,Outside_bank,2019-10-22,Tue,9,1,12000000.0,452974,iOS,219.200.xx.xx (BD),F,2019-06-05,1984-05-16,0,2019-06-05,BRANCH,0,SMART_OTP,Working,12000000.0,1,12000000.0,1,12000000.0,1,12000000.0,1,12000000.0,1,12000000.0,1,107206.71666666667,8500000.0,2,72.70833333333333,1,3323.0,LOGIN,0.0,13.0,0.0,-0.9581408352170221
783,-0.5676208764548486,Transfer,Outside_bank,2019-05-23,Thu,8,1,20000000.0,794790,iOS,210.205.xx.xx (BD),M,2019-04-20,1989-10-10,0,2019-04-20,BRANCH,0,SMART_OTP,Working,20000000.0,1,20000000.0,1,20000000.0,1,20000000.0,1,20000000.0,1,20000000.0,1,15836873.884444445,2068666.6666666667,30,33.333333333333336,1,788.0,LOGIN,0.0,23.0,0.5453117183044826,-0.9288869291626345
806,-0.6465378279474269,Payment,Credit_card_repayment,2019-11-26,Tue,16,1,2379665.0,NaN,iOS,141.125.xx.xx (DN),M,2019-01-10,1993-01-15,0,2019-09-26,AUTO-JOB,0,SMART_OTP,Businessman,2379665.0,1,2379665.0,1,2379665.0,1,2379665.0,1,2379665.0,1,2379665.0,1,125165.795,4261332.5,2,61.666666666666664,0,0.0,LOGIN,0.4499997750001125,20.0,0.0,-1.303704609216112
806,-0.6141837372351895,Payment,Credit_card_repayment,2019-12-25,Wed,11,1,6143000.0,NaN,iOS,108.156.xx.xx (TH),M,2019-01-10,1993-01-15,0,2019-09-26,AUTO-JOB,0,SMART_OTP,Businessman,6143000.0,1,6143000.0,1,6143000.0,1,6143000.0,1,6143000.0,1,8522665.0,2,125165.795,4261332.5,2,28.791666666666668,0,691.0,LOGIN,0.4399998240000704,25.0,0.0,-1.303704609216112
850,-0.6154264046688188,Transfer,Outside_bank,2019-12-13,Fri,15,1,30000000.0,893473,Android,240.65.xx.xx (HCM),F,2019-09-30,1991-10-20,0,2019-09-30,BRANCH,1,SMART_OTP,State servant,30000000.0,1,30000000.0,1,30000000.0,1,30000000.0,1,30000000.0,1,30000000.0,1,43437.9875,30000000.0,1,74.625,1,0.0,LOGIN,0.0,0.0,0.0,-2.054342783442995
921,-0.5909510075503674,Transfer,Outside_bank,2019-08-31,Sat,10,1,18840000.0,1212,Android,190.233.xx.xx (HN),M,2019-03-29,2000-02-26,0,2019-04-25,BRANCH,1,SMART_OTP,Commercial associate,18840000.0,1,18840000.0,1,18840000.0,1,18840000.0,1,18840000.0,1,20655000.0,8,953659.868888889,1383250.0,32,8.541666666666666,1,999.0,LOGIN_FINGER,0.3333331111112593,15.0,0.402341092616018,-1.2757411228936448
993,-0.6546618676970346,Payment,Credit_card_repayment,2019-09-10,Tue,14,1,40000000.0,NaN,Android,251.71.xx.xx (HCM),M,2019-03-15,1994-12-03,0,2019-06-10,BRANCH,0,SMART_OTP,Working,40100000.0,2,40100000.0,2,40100000.0,2,40100000.0,2,40100000.0,2,45226747.0,9,693916.224,1736383.142857143,42,0.0,0,311.0,LOGIN,0.4609928751068883,141.0,0.347124829462778,-1.2768835070351365
993,-0.5716389674674676,Payment,Credit_card_repayment,2019-10-11,Fri,22,1,2911095.0,NaN,Android,145.125.xx.xx (HCM),M,2019-03-15,1994-12-03,0,2019-06-10,BRANCH,0,SMART_OTP,Working,2911095.0,1,2911095.0,1,2911095.0,1,2911095.0,1,2911095.0,1,6791095.0,13,693916.224,1736383.142857143,42,7.416666666666667,0,1063.0,LOGIN,0.36312847133360493,179.0,0.347124829462778,-1.2768835070351365
993,-0.5730050934068396,Payment,Credit_card_repayment,2019-11-28,Thu,15,2,3227620.0,NaN,Android,54.137.xx.xx (HCM),M,2019-03-15,1994-12-03,0,2019-06-10,BRANCH,0,SMART_OTP,Working,3227620.0,1,3227620.0,1,3227620.0,1,3227620.0,1,3227620.0,1,3323620.0,2,693916.224,1736383.142857143,42,27.0,0,2208.0,LOGIN,0.3333333162393171,195.0,0.347124829462778,-1.2768835070351365
1055,-0.5783874617627073,Transfer,Outside_bank,2019-10-02,Wed,1,1,300000.0,756624,iOS,26.114.xx.xx (HN),M,2019-07-26,1994-08-18,0,2019-07-26,BRANCH,1,SMART_OTP,Unemployed,300000.0,1,300000.0,1,300000.0,1,300000.0,1,300000.0,1,8385000.0,32,234295.43000000002,241206.76691729322,266,16.958333333333332,1,25.0,LOGIN,0.07766989537185481,103.0,0.12533806997742247,-1.1207954554043411
1101,-0.584871355008626,Transfer,Within_bank,2019-10-28,Mon,15,2,135340000.0,85511,Android,28.61.xx.xx (DN),F,2019-03-05,1990-06-19,0,2019-03-12,BRANCH,1,SMART_OTP,Working,135340000.0,1,135340000.0,1,135340000.0,1,135340000.0,1,143340000.0,2,203640000.0,19,7364031.087777778,13236356.585798817,169,3.0833333333333335,1,5431.0,LOGIN_FINGER,0.47435895915516163,312.0,0.03316413390985802,-1.2861392070344557
1121,-0.5720310766528162,Transfer,Within_bank,2019-12-06,Fri,17,1,7500000.0,73935,Android,76.31.xx.xx (HP),M,2019-07-16,1994-12-14,0,2019-07-17,BRANCH,1,SMART_OTP,Working,7500000.0,1,7500000.0,1,7500000.0,1,7500000.0,1,7500000.0,1,7500000.0,1,760925.486,1532105.2631578948,19,30.041666666666668,1,2931.0,LOGIN,0.4752474776982695,101.0,0.6866173924238652,-1.3229935092058962
1149,-0.5914857640711149,Payment,Credit_card_repayment,2019-06-12,Wed,21,1,37000000.0,NaN,Android,214.153.xx.xx (HN),M,2019-05-29,1987-06-18,0,2019-05-30,BRANCH,1,SMART_OTP,Businessman,37000000.0,1,37000000.0,1,37000000.0,1,37000000.0,1,37000000.0,1,37000000.0,1,1492431.96125,70275347.51773049,141,13.875,0,320.0,LOGIN,0.0,3.0,0.043763912950767064,-0.8376228017000888
1149,-0.5714272390693131,Payment,Credit_card_repayment,2019-06-24,Mon,15,1,84400000.0,NaN,Android,249.239.xx.xx (HN),M,2019-05-29,1987-06-18,0,2019-05-30,BRANCH,1,SMART_OTP,Businessman,84400000.0,1,105400000.0,2,105400000.0,2,154900000.0,4,154900000.0,4,191900000.0,5,1492431.96125,70275347.51773049,141,0.08333333333333333,0,602.0,LOGIN,0.0,7.0,0.043763912950767064,-0.8376228017000888
1149,-0.5680920057864479,Payment,Credit_card_repayment,2019-06-24,Mon,16,3,95000000.0,NaN,Android,205.48.xx.xx (HN),M,2019-05-29,1987-06-18,0,2019-05-30,BRANCH,1,SMART_OTP,Businessman,179400000.0,2,200400000.0,3,200400000.0,3,249900000.0,5,249900000.0,5,286900000.0,6,1492431.96125,70275347.51773049,141,0.041666666666666664,0,603.0,LOGIN,0.0,7.0,0.043763912950767064,-0.8376228017000888
1149,-0.5787320914423218,Payment,Credit_card_repayment,2019-06-25,Tue,14,5,176800000.0,NaN,Android,34.96.xx.xx (HN),M,2019-05-29,1987-06-18,0,2019-05-30,BRANCH,1,SMART_OTP,Businessman,176800000.0,1,176800000.0,1,473200000.0,6,494200000.0,7,543700000.0,9,580700000.0,10,1492431.96125,70275347.51773049,141,0.6666666666666666,0,625.0,LOGIN,0.0,7.0,0.043763912950767064,-0.8376228017000888
1149,-0.5697818339900502,Payment,Credit_card_repayment,2019-06-25,Tue,15,1,100000000.0,NaN,Android,113.188.xx.xx (HN),M,2019-05-29,1987-06-18,0,2019-05-30,BRANCH,1,SMART_OTP,Businessman,276800000.0,2,276800000.0,2,573200000.0,7,594200000.0,8,643700000.0,10,680700000.0,11,1492431.96125,70275347.51773049,141,0.041666666666666664,0,626.0,LOGIN,0.0,7.0,0.043763912950767064,-0.8376228017000888
1149,-0.5677527011418524,Payment,Credit_card_repayment,2019-07-02,Tue,13,1,65500000.0,NaN,Android,201.121.xx.xx (HN),M,2019-05-29,1987-06-18,0,2019-05-30,BRANCH,1,SMART_OTP,Businessman,65500000.0,1,65500000.0,1,65500000.0,1,65500000.0,1,342300000.0,3,746200000.0,12,1492431.96125,70275347.51773049,141,6.916666666666667,0,792.0,LOGIN,0.0,7.0,0.043763912950767064,-0.8376228017000888
1149,-0.5965466225373709,Payment,Credit_card_repayment,2019-07-03,Wed,13,2,196442000.0,NaN,Android,241.89.xx.xx (HN),M,2019-05-29,1987-06-18,0,2019-05-30,BRANCH,1,SMART_OTP,Businessman,196442000.0,1,196442000.0,1,288942000.0,3,288942000.0,3,288942000.0,3,969642000.0,14,1492431.96125,70275347.51773049,141,0.875,0,816.0,LOGIN,0.0,7.0,0.043763912950767064,-0.8376228017000888
1149,-0.5806121263839352,Payment,Credit_card_repayment,2019-07-04,Thu,19,1,150000000.0,NaN,Android,182.188.xx.xx (HN),M,2019-05-29,1987-06-18,0,2019-05-30,BRANCH,1,SMART_OTP,Businessman,150000000.0,1,150000000.0,1,150000000.0,1,392542000.0,3,485042000.0,5,1165742000.0,16,1492431.96125,70275347.51773049,141,1.2083333333333333,0,846.0,LOGIN,0.0,7.0,0.043763912950767064,-0.8376228017000888
1149,-0.5824478779961538,Payment,Credit_card_repayment,2019-07-16,Tue,16,1,59000000.0,NaN,Android,147.108.xx.xx (HN),M,2019-05-29,1987-06-18,0,2019-05-30,BRANCH,1,SMART_OTP,Businessman,59000000.0,1,59000000.0,1,59000000.0,1,59000000.0,1,59000000.0,1,1408842000.0,19,1492431.96125,70275347.51773049,141,10.958333333333334,0,1131.0,LOGIN,0.0,7.0,0.043763912950767064,-0.8376228017000888
1149,-0.6093987079435497,Payment,Credit_card_repayment,2019-08-01,Thu,19,1,163000000.0,NaN,Android,72.253.xx.xx (HN),M,2019-05-29,1987-06-18,0,2019-05-30,BRANCH,1,SMART_OTP,Businessman,163000000.0,1,163000000.0,1,163000000.0,1,163000000.0,1,163000000.0,1,1321594000.0,23,1492431.96125,70275347.51773049,141,7.041666666666667,0,1518.0,LOGIN,0.0,21.0,0.043763912950767064,-0.8376228017000888
1149,-0.5664401292845535,Payment,Credit_card_repayment,2019-08-03,Sat,7,1,72700000.0,NaN,Android,144.154.xx.xx (HN),M,2019-05-29,1987-06-18,0,2019-05-30,BRANCH,1,SMART_OTP,Businessman,72700000.0,1,72700000.0,1,102700000.0,2,265700000.0,3,265700000.0,3,1181752000.0,23,1492431.96125,70275347.51773049,141,0.9583333333333334,0,1554.0,LOGIN,0.0,23.0,0.043763912950767064,-0.8376228017000888
1149,-0.6009536662187057,Payment,Credit_card_repayment,2019-08-03,Sat,15,2,278560000.0,NaN,Android,214.207.xx.xx (HN),M,2019-05-29,1987-06-18,0,2019-05-30,BRANCH,1,SMART_OTP,Businessman,278560000.0,1,278560000.0,1,403360000.0,3,596360000.0,5,596360000.0,5,1512412000.0,25,1492431.96125,70275347.51773049,141,0.20833333333333334,0,1562.0,LOGIN,0.0,25.0,0.043763912950767064,-0.8376228017000888
1149,-0.6021172792523334,Payment,Credit_card_repayment,2019-08-14,Wed,15,2,124700000.0,NaN,Android,190.35.xx.xx (HN),M,2019-05-29,1987-06-18,0,2019-05-30,BRANCH,1,SMART_OTP,Businessman,124700000.0,1,124700000.0,1,124700000.0,1,124700000.0,1,124700000.0,1,1373512000.0,24,1492431.96125,70275347.51773049,141,9.166666666666666,0,1826.0,LOGIN,0.0,28.0,0.043763912950767064,-0.8376228017000888
1149,-0.5648506420722429,Payment,Credit_card_repayment,2019-08-16,Fri,8,1,70000000.0,NaN,Android,8.221.xx.xx (HN),M,2019-05-29,1987-06-18,0,2019-05-30,BRANCH,1,SMART_OTP,Businessman,70000000.0,1,70000000.0,1,70000000.0,1,194700000.0,2,194700000.0,2,1384512000.0,24,1492431.96125,70275347.51773049,141,1.7083333333333333,0,1867.0,LOGIN,0.0,29.0,0.043763912950767064,-0.8376228017000888
1149,-0.5704212383755967,Payment,Credit_card_repayment,2019-08-26,Mon,11,3,93590000.0,NaN,Android,62.113.xx.xx (HN),M,2019-05-29,1987-06-18,0,2019-05-30,BRANCH,1,SMART_OTP,Businessman,93590000.0,1,93590000.0,1,93590000.0,1,93590000.0,1,538990000.0,12,1437550000.0,21,1492431.96125,70275347.51773049,141,2.7916666666666665,0,2110.0,LOGIN,0.0,41.0,0.043763912950767064,-0.8376228017000888
1149,-0.5711301266827211,Payment,Credit_card_repayment,2019-08-26,Mon,13,3,110800000.0,NaN,Android,35.244.xx.xx (HN),M,2019-05-29,1987-06-18,0,2019-05-30,BRANCH,1,SMART_OTP,Businessman,134300000.0,2,227890000.0,3,227890000.0,3,227890000.0,3,673290000.0,14,1571850000.0,23,1492431.96125,70275347.51773049,141,0.041666666666666664,0,2112.0,LOGIN,0.0,43.0,0.043763912950767064,-0.8376228017000888
1149,-0.5724662751592219,Payment,Credit_card_repayment,2019-08-29,Thu,15,1,77500000.0,NaN,Android,31.34.xx.xx (HN),M,2019-05-29,1987-06-18,0,2019-05-30,BRANCH,1,SMART_OTP,Businessman,77500000.0,1,77500000.0,1,96300000.0,2,151800000.0,3,624447000.0,13,1868407000.0,30,1492431.96125,70275347.51773049,141,0.16666666666666666,0,2186.0,LOGIN,0.0,51.0,0.043763912950767064,-0.8376228017000888
1149,-0.6032646979811964,Payment,Credit_card_repayment,2019-09-03,Tue,14,1,184100000.0,NaN,Web,21.100.xx.xx (DN),M,2019-05-29,1987-06-18,0,2019-05-30,BRANCH,1,SMART_OTP,Businessman,184100000.0,1,184100000.0,1,184100000.0,1,184100000.0,1,451800000.0,6,1514547000.0,27,1492431.96125,70275347.51773049,141,3.875,0,2305.0,LOGIN,0.0,56.0,0.043763912950767064,-0.8376228017000888
1149,-0.6167371084816057,Payment,Credit_card_repayment,2019-09-03,Tue,22,2,282680000.0,NaN,iOS,51.162.xx.xx (DN),M,2019-05-29,1987-06-18,0,2019-05-30,BRANCH,1,SMART_OTP,Businessman,282680000.0,1,282680000.0,1,466780000.0,2,466780000.0,2,678980000.0,6,1797227000.0,28,1492431.96125,70275347.51773049,141,0.3333333333333333,0,2313.0,LOGIN,0.0,58.0,0.043763912950767064,-0.8376228017000888
1149,-0.5741677945464166,Payment,Credit_card_repayment,2019-09-04,Wed,20,2,108900000.0,NaN,Android,228.101.xx.xx (HN),M,2019-05-29,1987-06-18,0,2019-05-30,BRANCH,1,SMART_OTP,Businessman,108900000.0,1,108900000.0,1,507580000.0,4,691680000.0,5,903880000.0,9,1972127000.0,30,1492431.96125,70275347.51773049,141,0.25,0,2335.0,LOGIN,0.0,61.0,0.043763912950767064,-0.8376228017000888
1149,-0.592603751372082,Payment,Credit_card_repayment,2019-09-05,Thu,8,3,206100000.0,NaN,Android,101.69.xx.xx (HN),M,2019-05-29,1987-06-18,0,2019-05-30,BRANCH,1,SMART_OTP,Businessman,206100000.0,1,206100000.0,1,506000000.0,5,972780000.0,7,1184980000.0,11,2253227000.0,32,1492431.96125,70275347.51773049,141,0.4166666666666667,0,2347.0,LOGIN,0.0,63.0,0.043763912950767064,-0.8376228017000888
1149,-0.5754634200786479,Payment,Credit_card_repayment,2019-09-11,Wed,18,1,99800000.0,NaN,Android,65.50.xx.xx (HN),M,2019-05-29,1987-06-18,0,2019-05-30,BRANCH,1,SMART_OTP,Businessman,99800000.0,1,99800000.0,1,99800000.0,1,106800000.0,2,496800000.0,5,2360027000.0,34,1492431.96125,70275347.51773049,141,1.2916666666666667,0,2501.0,LOGIN,0.0,66.0,0.043763912950767064,-0.8376228017000888
1149,-0.5869125496462726,Payment,Credit_card_repayment,2019-10-03,Thu,20,1,100300000.0,NaN,Android,77.28.xx.xx (HN),M,2019-05-29,1987-06-18,0,2019-05-30,BRANCH,1,SMART_OTP,Businessman,100300000.0,1,100300000.0,1,100300000.0,1,100300000.0,1,102300000.0,2,1032280000.0,12,1492431.96125,70275347.51773049,141,3.0833333333333335,0,3031.0,LOGIN,0.0,70.0,0.043763912950767064,-0.8376228017000888
1149,-0.5911544166143056,Payment,Credit_card_repayment,2019-10-05,Sat,13,2,176250000.0,NaN,Android,189.99.xx.xx (HN),M,2019-05-29,1987-06-18,0,2019-05-30,BRANCH,1,SMART_OTP,Businessman,176250000.0,1,176250000.0,1,176250000.0,1,276550000.0,2,278550000.0,3,419850000.0,7,1492431.96125,70275347.51773049,141,1.7083333333333333,0,3072.0,LOGIN,0.0,71.0,0.043763912950767064,-0.8376228017000888
1149,-0.5677768106702811,Payment,Credit_card_repayment,2019-10-05,Sat,14,1,66100000.0,NaN,Android,93.94.xx.xx (HN),M,2019-05-29,1987-06-18,0,2019-05-30,BRANCH,1,SMART_OTP,Businessman,66100000.0,1,242350000.0,2,242350000.0,2,342650000.0,3,344650000.0,4,485950000.0,8,1492431.96125,70275347.51773049,141,0.041666666666666664,0,3073.0,LOGIN,0.0,72.0,0.043763912950767064,-0.8376228017000888
1149,-0.56609429118468,Payment,Credit_card_repayment,2019-10-05,Sat,17,1,50000000.0,NaN,Android,19.103.xx.xx (HN),M,2019-05-29,1987-06-18,0,2019-05-30,BRANCH,1,SMART_OTP,Businessman,50000000.0,1,220100000.0,4,396350000.0,5,496650000.0,6,498650000.0,7,639950000.0,11,1492431.96125,70275347.51773049,141,0.041666666666666664,0,3076.0,LOGIN,0.0,75.0,0.043763912950767064,-0.8376228017000888
1149,-0.5828646554425807,Payment,Credit_card_repayment,2019-10-12,Sat,21,1,48000000.0,NaN,Android,147.188.xx.xx (HN),M,2019-05-29,1987-06-18,0,2019-05-30,BRANCH,1,SMART_OTP,Businessman,48000000.0,1,48000000.0,1,48000000.0,1,48000000.0,1,48000000.0,1,581150000.0,10,1492431.96125,70275347.51773049,141,7.166666666666667,0,3248.0,LOGIN,0.0,78.0,0.043763912950767064,-0.8376228017000888
1149,-0.5959320101452259,Payment,Credit_card_repayment,2019-10-16,Wed,21,4,119500000.0,NaN,Android,205.197.xx.xx (HN),M,2019-05-29,1987-06-18,0,2019-05-30,BRANCH,1,SMART_OTP,Businessman,119500000.0,1,119500000.0,1,119500000.0,1,149500000.0,2,197500000.0,3,719150000.0,11,1492431.96125,70275347.51773049,141,1.3333333333333333,0,3344.0,LOGIN,0.0,80.0,0.043763912950767064,-0.8376228017000888
1149,-0.5974718661476147,Payment,Credit_card_repayment,2019-10-17,Thu,21,2,130000000.0,NaN,Android,40.33.xx.xx (HN),M,2019-05-29,1987-06-18,0,2019-05-30,BRANCH,1,SMART_OTP,Businessman,130000000.0,1,130000000.0,1,249500000.0,2,249500000.0,2,327500000.0,4,849150000.0,12,1492431.96125,70275347.51773049,141,1.0,0,3368.0,LOGIN,0.0,81.0,0.043763912950767064,-0.8376228017000888
1149,-0.5737366246509098,Payment,Credit_card_repayment,2019-10-21,Mon,10,2,85000000.0,NaN,Android,46.11.xx.xx (HN),M,2019-05-29,1987-06-18,0,2019-05-30,BRANCH,1,SMART_OTP,Businessman,85000000.0,1,85000000.0,1,85000000.0,1,85000000.0,1,364500000.0,4,934150000.0,13,1492431.96125,70275347.51773049,141,3.5416666666666665,0,3453.0,LOGIN,0.0,82.0,0.043763912950767064,-0.8376228017000888
1149,-0.6108609826633842,Payment,Credit_card_repayment,2019-10-28,Mon,22,2,169000000.0,NaN,Android,94.185.xx.xx (HN),M,2019-05-29,1987-06-18,0,2019-05-30,BRANCH,1,SMART_OTP,Businessman,169000000.0,1,169000000.0,1,169000000.0,1,169000000.0,1,392700000.0,7,1303850000.0,19,1492431.96125,70275347.51773049,141,3.25,0,3633.0,LOGIN,0.0,89.0,0.043763912950767064,-0.8376228017000888
1149,-0.5830624796073054,Payment,Credit_card_repayment,2019-10-29,Tue,20,2,94540000.0,NaN,Android,34.118.xx.xx (HN),M,2019-05-29,1987-06-18,0,2019-05-30,BRANCH,1,SMART_OTP,Businessman,94540000.0,1,94540000.0,1,263540000.0,2,263540000.0,2,464240000.0,7,1398390000.0,20,1492431.96125,70275347.51773049,141,0.9166666666666666,0,3655.0,LOGIN,0.0,90.0,0.043763912950767064,-0.8376228017000888
1149,-0.5842378598035494,Payment,Credit_card_repayment,2019-10-31,Thu,19,1,85100000.0,NaN,Android,20.136.xx.xx (HN),M,2019-05-29,1987-06-18,0,2019-05-30,BRANCH,1,SMART_OTP,Businessman,85100000.0,1,85100000.0,1,85100000.0,1,272490000.0,4,581190000.0,9,1574340000.0,22,1492431.96125,70275347.51773049,141,1.0416666666666667,0,3702.0,LOGIN,0.0,94.0,0.043763912950767064,-0.8376228017000888
1149,-0.5734201079552481,Payment,Credit_card_repayment,2019-11-01,Fri,16,1,75900000.0,NaN,Android,156.82.xx.xx (HN),M,2019-05-29,1987-06-18,0,2019-05-30,BRANCH,1,SMART_OTP,Businessman,75900000.0,1,75900000.0,1,161000000.0,2,211050000.0,3,549590000.0,7,1650240000.0,23,1492431.96125,70275347.51773049,141,0.875,0,3723.0,LOGIN,0.0,95.0,0.043763912950767064,-0.8376228017000888
1149,-0.593784709122759,Payment,Credit_card_repayment,2019-11-01,Fri,19,1,131250000.0,NaN,Android,114.40.xx.xx (HN),M,2019-05-29,1987-06-18,0,2019-05-30,BRANCH,1,SMART_OTP,Businessman,131250000.0,1,207150000.0,2,292250000.0,3,292250000.0,3,648640000.0,7,1781490000.0,24,1492431.96125,70275347.51773049,141,0.125,0,3726.0,LOGIN,0.0,96.0,0.043763912950767064,-0.8376228017000888
1149,-0.6000086295809093,Payment,Credit_card_repayment,2019-11-03,Sun,16,3,217700000.0,NaN,Android,11.40.xx.xx (HN),M,2019-05-29,1987-06-18,0,2019-05-30,BRANCH,1,SMART_OTP,Businessman,217700000.0,1,217700000.0,1,265600000.0,2,472750000.0,4,914240000.0,9,1946790000.0,25,1492431.96125,70275347.51773049,141,0.9583333333333334,0,3771.0,LOGIN,0.0,98.0,0.043763912950767064,-0.8376228017000888
1149,-0.5995506047859768,Payment,Credit_card_repayment,2019-11-04,Mon,14,3,194700000.0,NaN,Android,141.55.xx.xx (HN),M,2019-05-29,1987-06-18,0,2019-05-30,BRANCH,1,SMART_OTP,Businessman,194700000.0,1,194700000.0,1,412400000.0,2,460300000.0,3,1108940000.0,10,1965240000.0,25,1492431.96125,70275347.51773049,141,0.9166666666666666,0,3793.0,LOGIN,0.0,99.0,0.043763912950767064,-0.8376228017000888
1149,-0.6025592023710014,Payment,Credit_card_repayment,2019-11-04,Mon,15,1,183600000.0,NaN,Android,19.141.xx.xx (HN),M,2019-05-29,1987-06-18,0,2019-05-30,BRANCH,1,SMART_OTP,Businessman,378300000.0,2,378300000.0,2,596000000.0,3,643900000.0,4,1292540000.0,11,2082740000.0,25,1492431.96125,70275347.51773049,141,0.041666666666666664,0,3794.0,LOGIN,0.0,100.0,0.043763912950767064,-0.8376228017000888
1149,-0.5749406331282495,Payment,Credit_card_repayment,2019-11-04,Mon,16,3,63750000.0,NaN,Android,191.107.xx.xx (HN),M,2019-05-29,1987-06-18,0,2019-05-30,BRANCH,1,SMART_OTP,Businessman,247350000.0,2,442050000.0,3,659750000.0,4,707650000.0,5,1356290000.0,12,2091490000.0,25,1492431.96125,70275347.51773049,141,0.041666666666666664,0,3795.0,LOGIN,0.0,101.0,0.043763912950767064,-0.8376228017000888
1149,-0.6083539157757791,Payment,Credit_card_repayment,2019-11-20,Wed,15,1,60000000.0,NaN,Android,49.130.xx.xx (HN),M,2019-05-29,1987-06-18,0,2019-05-30,BRANCH,1,SMART_OTP,Businessman,60000000.0,1,60000000.0,1,60000000.0,1,60000000.0,1,60000000.0,1,1694990000.0,21,1492431.96125,70275347.51773049,141,15.875,0,4178.0,LOGIN,0.0,106.0,0.043763912950767064,-0.8376228017000888
1149,-0.5816580042522423,Payment,Credit_card_repayment,2019-11-21,Thu,20,3,78132000.0,NaN,Android,149.138.xx.xx (HN),M,2019-05-29,1987-06-18,0,2019-05-30,BRANCH,1,SMART_OTP,Businessman,78132000.0,1,78132000.0,1,98132000.0,2,158132000.0,3,158132000.0,3,1770122000.0,22,1492431.96125,70275347.51773049,141,0.20833333333333334,0,4207.0,LOGIN,0.0,108.0,0.043763912950767064,-0.8376228017000888
1149,-0.5735680770218609,Payment,Credit_card_repayment,2019-11-22,Fri,11,1,79200000.0,NaN,Android,154.194.xx.xx (HN),M,2019-05-29,1987-06-18,0,2019-05-30,BRANCH,1,SMART_OTP,Businessman,79200000.0,1,79200000.0,1,177332000.0,3,237332000.0,4,237332000.0,4,1849322000.0,23,1492431.96125,70275347.51773049,141,0.625,0,4222.0,LOGIN,0.0,109.0,0.043763912950767064,-0.8376228017000888
1149,-0.5814700917007966,Payment,Credit_card_repayment,2019-11-25,Mon,10,2,60011000.0,NaN,Android,46.193.xx.xx (HN),M,2019-05-29,1987-06-18,0,2019-05-30,BRANCH,1,SMART_OTP,Businessman,60011000.0,1,60011000.0,1,60011000.0,1,84911000.0,2,380243000.0,8,1791533000.0,22,1492431.96125,70275347.51773049,141,1.8333333333333333,0,4293.0,LOGIN,0.0,113.0,0.043763912950767064,-0.8376228017000888
1149,-0.5872208175958455,Payment,Credit_card_repayment,2019-11-25,Mon,14,3,98000000.0,NaN,Android,109.145.xx.xx (HN),M,2019-05-29,1987-06-18,0,2019-05-30,BRANCH,1,SMART_OTP,Businessman,98000000.0,1,98000000.0,1,158011000.0,2,182911000.0,3,478243000.0,9,1889533000.0,23,1492431.96125,70275347.51773049,141,0.16666666666666666,0,4297.0,LOGIN,0.0,114.0,0.043763912950767064,-0.8376228017000888
1149,-0.5717638875107135,Payment,Credit_card_repayment,2019-11-28,Thu,21,1,24700000.0,NaN,Android,238.37.xx.xx (HN),M,2019-05-29,1987-06-18,0,2019-05-30,BRANCH,1,SMART_OTP,Businessman,24700000.0,1,24700000.0,1,24700000.0,1,24700000.0,1,354811000.0,8,1660693000.0,23,1492431.96125,70275347.51773049,141,2.3333333333333335,0,4376.0,LOGIN,0.0,116.0,0.043763912950767064,-0.8376228017000888
1149,-0.575494956748643,Payment,Credit_card_repayment,2019-11-30,Sat,10,1,50100000.0,NaN,Android,224.238.xx.xx (HN),M,2019-05-29,1987-06-18,0,2019-05-30,BRANCH,1,SMART_OTP,Businessman,50100000.0,1,50100000.0,1,50100000.0,1,74800000.0,2,267711000.0,6,1617943000.0,22,1492431.96125,70275347.51773049,141,1.5416666666666667,0,4413.0,LOGIN,0.0,117.0,0.043763912950767064,-0.8376228017000888
1149,-0.5848270359256609,Payment,Credit_card_repayment,2019-11-30,Sat,14,2,105000000.0,NaN,Android,133.21.xx.xx (HN),M,2019-05-29,1987-06-18,0,2019-05-30,BRANCH,1,SMART_OTP,Businessman,105000000.0,1,105000000.0,1,155100000.0,2,179800000.0,3,372711000.0,7,1722943000.0,23,1492431.96125,70275347.51773049,141,0.16666666666666666,0,4417.0,LOGIN,0.0,118.0,0.043763912950767064,-0.8376228017000888
1149,-0.590399363362073,Payment,Credit_card_repayment,2019-12-03,Tue,10,1,75800000.0,NaN,Android,26.56.xx.xx (HN),M,2019-05-29,1987-06-18,0,2019-05-30,BRANCH,1,SMART_OTP,Businessman,75800000.0,1,75800000.0,1,75800000.0,1,75800000.0,1,317300000.0,7,1510293000.0,22,1492431.96125,70275347.51773049,141,2.7083333333333335,0,4485.0,LOGIN,0.0,121.0,0.043763912950767064,-0.8376228017000888
1149,-0.6030585420920302,Payment,Credit_card_repayment,2019-12-03,Tue,13,2,156700000.0,NaN,Android,187.248.xx.xx (HN),M,2019-05-29,1987-06-18,0,2019-05-30,BRANCH,1,SMART_OTP,Businessman,156700000.0,1,232500000.0,2,232500000.0,2,232500000.0,2,474000000.0,8,1666993000.0,23,1492431.96125,70275347.51773049,141,0.125,0,4488.0,LOGIN,0.0,122.0,0.043763912950767064,-0.8376228017000888
1149,-0.5962818688319543,Payment,Credit_card_repayment,2019-12-04,Wed,13,2,183000000.0,NaN,Android,84.173.xx.xx (HN),M,2019-05-29,1987-06-18,0,2019-05-30,BRANCH,1,SMART_OTP,Businessman,183000000.0,1,183000000.0,1,361700000.0,3,437500000.0,4,669000000.0,9,1654293000.0,24,1492431.96125,70275347.51773049,141,0.9166666666666666,0,4512.0,LOGIN,0.0,124.0,0.043763912950767064,-0.8376228017000888
1149,-0.6177435666127551,Payment,Credit_card_repayment,2019-12-04,Wed,21,3,188210000.0,NaN,Android,67.165.xx.xx (HN),M,2019-05-29,1987-06-18,0,2019-05-30,BRANCH,1,SMART_OTP,Businessman,188210000.0,1,188210000.0,1,421210000.0,3,675710000.0,6,907210000.0,11,1395453000.0,21,1492431.96125,70275347.51773049,141,0.25,0,4520.0,LOGIN,0.0,126.0,0.043763912950767064,-0.8376228017000888
1149,-0.5919003667649578,Payment,Credit_card_repayment,2019-12-04,Wed,22,1,69300000.0,NaN,Android,71.88.xx.xx (HN),M,2019-05-29,1987-06-18,0,2019-05-30,BRANCH,1,SMART_OTP,Businessman,257510000.0,2,257510000.0,2,490510000.0,4,745010000.0,7,976510000.0,12,1464753000.0,22,1492431.96125,70275347.51773049,141,0.041666666666666664,0,4521.0,LOGIN,0.0,127.0,0.043763912950767064,-0.8376228017000888
1149,-0.6172021680983598,Payment,Credit_card_repayment,2019-12-05,Thu,10,2,295100000.0,NaN,Android,218.243.xx.xx (HN),M,2019-05-29,1987-06-18,0,2019-05-30,BRANCH,1,SMART_OTP,Businessman,295100000.0,1,295100000.0,1,785610000.0,5,1040110000.0,8,1271610000.0,13,1759853000.0,23,1492431.96125,70275347.51773049,141,0.5,0,4533.0,LOGIN,0.0,128.0,0.043763912950767064,-0.8376228017000888
1149,-0.5862166121311092,Payment,Credit_card_repayment,2019-12-05,Thu,12,3,120000000.0,NaN,Android,229.232.xx.xx (HN),M,2019-05-29,1987-06-18,0,2019-05-30,BRANCH,1,SMART_OTP,Businessman,120000000.0,1,415100000.0,2,905610000.0,6,1084310000.0,8,1391610000.0,14,1879853000.0,24,1492431.96125,70275347.51773049,141,0.08333333333333333,0,4535.0,LOGIN,0.0,129.0,0.043763912950767064,-0.8376228017000888
1149,-0.5667562852010405,Payment,Credit_card_repayment,2019-12-05,Thu,14,1,44900000.0,NaN,Android,107.219.xx.xx (HN),M,2019-05-29,1987-06-18,0,2019-05-30,BRANCH,1,SMART_OTP,Businessman,44900000.0,1,164900000.0,2,767510000.0,6,972510000.0,8,1436510000.0,15,1924753000.0,25,1492431.96125,70275347.51773049,141,0.08333333333333333,0,4537.0,LOGIN,0.0,130.0,0.043763912950767064,-0.8376228017000888
1149,-0.5930256756215556,Payment,Credit_card_repayment,2019-12-11,Wed,20,1,50000000.0,NaN,Android,89.49.xx.xx (HN),M,2019-05-29,1987-06-18,0,2019-05-30,BRANCH,1,SMART_OTP,Businessman,50000000.0,1,50000000.0,1,50000000.0,1,50000000.0,1,867010000.0,7,2074253000.0,27,1492431.96125,70275347.51773049,141,5.458333333333333,0,4687.0,LOGIN_FACEID,0.0,134.0,0.043763912950767064,-0.8376228017000888
1149,-0.6081017127117662,Payment,Credit_card_repayment,2019-12-16,Mon,14,1,120000000.0,NaN,Android,117.227.xx.xx (HN),M,2019-05-29,1987-06-18,0,2019-05-30,BRANCH,1,SMART_OTP,Businessman,120000000.0,1,120000000.0,1,120000000.0,1,120000000.0,1,170000000.0,2,2194253000.0,28,1492431.96125,70275347.51773049,141,4.75,0,4801.0,LOGIN,0.028368792314270048,141.0,0.043763912950767064,-0.8376228017000888
1149,-0.5945121991739251,Payment,Credit_card_repayment,2019-12-23,Mon,15,1,60000000.0,NaN,Android,149.210.xx.xx (HN),M,2019-05-29,1987-06-18,0,2019-05-30,BRANCH,1,SMART_OTP,Businessman,60000000.0,1,60000000.0,1,60000000.0,1,60000000.0,1,60000000.0,1,1934021000.0,22,1492431.96125,70275347.51773049,141,7.041666666666667,0,4970.0,LOGIN_FACEID,0.04109588759617208,146.0,0.043763912950767064,-0.8376228017000888
1149,-0.5806814229229663,Payment,Credit_card_repayment,2019-12-23,Mon,16,1,40000000.0,NaN,Android,16.252.xx.xx (HN),M,2019-05-29,1987-06-18,0,2019-05-30,BRANCH,1,SMART_OTP,Businessman,100000000.0,2,100000000.0,2,100000000.0,2,100000000.0,2,100000000.0,2,1974021000.0,23,1492431.96125,70275347.51773049,141,0.041666666666666664,0,4971.0,LOGIN_FACEID,0.04729729410153418,148.0,0.043763912950767064,-0.8376228017000888
1149,-0.5888070551024109,Payment,Credit_card_repayment,2019-12-29,Sun,21,1,38250000.0,NaN,Android,187.202.xx.xx (HN),M,2019-05-29,1987-06-18,0,2019-05-30,BRANCH,1,SMART_OTP,Businessman,38250000.0,1,38250000.0,1,38250000.0,1,38250000.0,1,138250000.0,3,1819560000.0,20,1492431.96125,70275347.51773049,141,6.208333333333333,0,5120.0,LOGIN_FACEID,0.053333329777778014,150.0,0.043763912950767064,-0.8376228017000888
1193,-0.5654288273258364,Transfer,Within_bank,2019-09-16,Mon,8,1,210000000.0,16043,Android,172.97.xx.xx (DN),M,2019-08-06,1991-06-15,1,2019-08-06,BRANCH,1,SMART_OTP,State servant,210000000.0,1,210000000.0,1,210000000.0,1,210000000.0,1,210000000.0,1,214000000.0,2,8188872.114,33164307.317460317,63,20.916666666666668,1,977.0,LOGIN,0.0,18.0,0.11603138968675326,-1.1999667435086945
1193,-0.5672087132546065,Transfer,Outside_bank,2019-10-01,Tue,17,3,420000000.0,940909,Android,129.210.xx.xx (HCM),M,2019-08-06,1991-06-15,1,2019-08-06,BRANCH,1,SMART_OTP,State servant,420000000.0,1,420000000.0,1,420000000.0,1,420000000.0,1,432000000.0,4,1124348090.0,14,8188872.114,33164307.317460317,63,5.083333333333333,1,342.0,LOGIN,0.0,41.0,0.11603138968675326,-1.1999667435086945
1212,-0.5675152812512806,Transfer,Outside_bank,2019-08-03,Sat,21,1,2000000.0,890971,iOS,2.170.xx.xx (DN),M,2019-04-23,1974-07-10,0,2019-04-23,BRANCH,1,SMS,Commercial associate,2000000.0,1,2000000.0,1,2000000.0,1,2000000.0,1,2000000.0,1,2000000.0,1,1088404.4542857143,866666.6666666666,3,102.875,1,1783.0,LOGIN_FINGER,0.4285712244898931,21.0,0.0,-1.1130249627770905
1215,-0.5787164415440308,Topup,eWallet,2019-06-14,Fri,0,1,100000.0,NaN,Android,18.109.xx.xx (HN),F,2019-02-25,1997-04-10,0,2019-03-12,BRANCH,1,SMART_OTP,Commercial associate,100000.0,1,100000.0,1,100000.0,1,100000.0,1,100000.0,1,200000.0,2,7727014.606999999,611423.7142857143,63,12.583333333333334,0,826.0,LOGIN,0.0,15.0,0.259432732347952,-1.5957931982536713
1217,-0.5687527945948974,Transfer,Outside_bank,2019-11-24,Sun,12,1,10000000.0,482871,iOS,128.93.xx.xx (BD),M,2019-03-04,1989-09-12,0,2019-04-03,BRANCH,1,SMART_OTP,Commercial associate,10000000.0,1,10000000.0,1,10000000.0,1,10000000.0,1,10000000.0,1,10000000.0,1,14917065.887,5994444.444444444,9,102.08333333333333,1,5593.0,LOGIN,0.0,15.0,0.4664176299862077,-1.0479868494408155
1285,-0.618888024473016,Transfer,Within_bank,2019-11-04,Mon,19,1,21000000.0,666409,iOS,142.25.xx.xx (DN),M,2019-07-31,1996-09-04,0,2019-09-07,BRANCH,1,SMS,Commercial associate,21000000.0,1,21000000.0,1,21000000.0,1,21000000.0,1,21000000.0,1,21050000.0,2,541539.8525,2169230.769230769,13,24.5,1,742.0,LOGIN,0.0,27.0,1.018176851611001,-1.503696587781348
1368,-0.5715302084999829,Transfer,Outside_bank,2019-12-27,Fri,14,2,10000000.0,768353,iOS,152.125.xx.xx (HN),F,2019-10-18,1989-08-20,0,2019-10-18,BRANCH,0,SMART_OTP,Businessman,10000000.0,1,15000000.0,2,15000000.0,2,15000000.0,2,15000000.0,2,15196612.0,6,72040.14,1756905.4444444445,9,0.041666666666666664,2,1584.0,LOGIN,0.0,25.0,0.9020675910181324,-0.9857276406644706
1449,-0.5710662972823861,Topup,eWallet,2019-11-08,Fri,0,1,100000.0,NaN,iOS,178.72.xx.xx (TH),F,2019-09-17,2000-07-16,0,2019-09-17,BRANCH,0,SMART_OTP,Working,100000.0,1,100000.0,1,100000.0,1,100000.0,1,100000.0,1,1658630.0,13,285216.0675,128754.6511627907,43,7.5,0,1231.0,LOGIN,0.3799999240000152,50.0,0.19830668899564952,-1.1324422910068972
1546,-0.6018614351725607,Payment,Credit_card_repayment,2019-06-22,Sat,8,1,254894.0,NaN,Android,142.21.xx.xx (HN),M,2019-02-27,1991-02-28,0,2019-03-11,BRANCH,0,SMART_OTP,Working,254894.0,1,254894.0,1,254894.0,1,254894.0,1,254894.0,1,254894.0,1,93487.00181818182,768031.2857142857,7,103.33333333333333,0,2460.0,LOGIN,0.0,10.0,0.5962833139603892,-1.6158175110812043
1546,-0.580063950654226,Payment,Credit_card_repayment,2019-07-24,Wed,8,1,390000.0,NaN,Android,17.1.xx.xx (HN),M,2019-02-27,1991-02-28,0,2019-03-11,BRANCH,0,SMART_OTP,Working,390000.0,1,390000.0,1,390000.0,1,390000.0,1,390000.0,1,390000.0,1,93487.00181818182,768031.2857142857,7,32.0,0,3228.0,LOGIN,0.0,11.0,0.5962833139603892,-1.6158175110812043
1546,-0.5892542845643033,Payment,Credit_card_repayment,2019-08-23,Fri,11,1,760000.0,NaN,Android,251.128.xx.xx (HN),M,2019-02-27,1991-02-28,0,2019-03-11,BRANCH,0,SMART_OTP,Working,760000.0,1,760000.0,1,760000.0,1,760000.0,1,760000.0,1,760000.0,1,93487.00181818182,768031.2857142857,7,30.125,0,3951.0,LOGIN,0.0,14.0,0.5962833139603892,-1.6158175110812043
1546,-0.5954740122106807,Payment,Credit_card_repayment,2019-09-24,Tue,7,1,709917.0,NaN,Android,34.134.xx.xx (HN),M,2019-02-27,1991-02-28,0,2019-03-11,BRANCH,0,SMART_OTP,Working,709917.0,1,709917.0,1,709917.0,1,709917.0,1,709917.0,1,709917.0,1,93487.00181818182,768031.2857142857,7,31.833333333333332,0,4715.0,LOGIN,0.0,18.0,0.5962833139603892,-1.6158175110812043
1546,-0.5889103905713374,Payment,Credit_card_repayment,2019-10-23,Wed,21,1,1018559.0,NaN,Android,57.196.xx.xx (HN),M,2019-02-27,1991-02-28,0,2019-03-11,BRANCH,0,SMART_OTP,Working,1018559.0,1,1018559.0,1,1018559.0,1,1018559.0,1,1018559.0,1,1728476.0,2,93487.00181818182,768031.2857142857,7,29.583333333333332,0,0.0,LOGIN_FINGER,0.0,21.0,0.5962833139603892,-1.6158175110812043
1546,-0.6092659389501717,Payment,Credit_card_repayment,2019-11-25,Mon,11,1,1180948.0,NaN,Android,190.71.xx.xx (HN),M,2019-02-27,1991-02-28,0,2019-03-11,BRANCH,0,SMART_OTP,Working,1180948.0,1,1180948.0,1,1180948.0,1,1180948.0,1,1180948.0,1,1180948.0,1,93487.00181818182,768031.2857142857,7,32.583333333333336,0,0.0,LOGIN_FINGER,0.18181812672177977,33.0,0.5962833139603892,-1.6158175110812043
1546,-0.6407398150977062,Payment,Credit_card_repayment,2019-12-25,Wed,0,1,1061901.0,NaN,Android,164.179.xx.xx (HN),M,2019-02-27,1991-02-28,0,2019-03-11,BRANCH,0,SMART_OTP,Working,1061901.0,1,1061901.0,1,1061901.0,1,1061901.0,1,1061901.0,1,2242849.0,2,93487.00181818182,768031.2857142857,7,29.541666666666668,0,709.0,LOGIN,0.1891891380569897,37.0,0.5962833139603892,-1.6158175110812043
1576,-0.6347981015047779,Topup,eWallet,2019-12-23,Mon,10,2,1500000.0,NaN,iOS,170.171.xx.xx (HN),M,2019-02-26,1995-08-28,0,2019-02-26,BRANCH,1,SMS,Working,1500000.0,1,1500000.0,1,1500000.0,1,1500000.0,1,1500000.0,1,1500000.0,1,426035.72181818174,1078166.6666666667,6,255.83333333333334,0,7197.0,LOGIN,0.47368408587260896,38.0,0.519394379045794,-1.0564511194805355
1598,-0.579366735633097,Topup,eWallet,2019-10-27,Sun,10,1,20000.0,NaN,iOS,163.49.xx.xx (CT),F,2019-04-22,1999-03-11,0,2019-04-23,BRANCH,1,SMS,Working,20000.0,1,20000.0,1,20000.0,1,20000.0,1,20000.0,1,20000.0,1,490631.52625,20000.0,6,187.41666666666666,0,999.0,UNKNOWN,0.0,0.0,0.8370182279598983,0.0
1649,-0.5832397164058816,Payment,Credit_card_repayment,2019-10-14,Mon,21,1,50000.0,NaN,Web,3.190.xx.xx (HN),M,2019-01-15,1991-10-25,0,2019-09-13,AUTO-JOB,0,SMART_OTP,Commercial associate,50000.0,1,50000.0,1,50000.0,1,50000.0,1,50000.0,1,50000.0,1,1218257.0591666668,3718414.1,10,31.875,0,0.0,LOGIN,0.0,0.0,0.39921897710986737,-1.146478698109947
1649,-0.5673201563449152,Payment,Credit_card_repayment,2019-11-07,Thu,7,1,849000.0,NaN,Web,75.94.xx.xx (HN),M,2019-01-15,1991-10-25,0,2019-09-13,AUTO-JOB,0,SMART_OTP,Commercial associate,849000.0,1,849000.0,1,849000.0,1,849000.0,1,849000.0,1,1688000.0,5,1218257.0591666668,3718414.1,10,11.541666666666666,0,562.0,LOGIN,0.44999988750002806,40.0,0.39921897710986737,-1.146478698109947
1649,-0.6306210511792131,Payment,Credit_card_repayment,2019-12-05,Thu,15,1,30546141.0,NaN,Web,250.22.xx.xx (HN),M,2019-01-15,1991-10-25,0,2019-09-13,AUTO-JOB,0,SMART_OTP,Commercial associate,30546141.0,1,30546141.0,1,30546141.0,1,30546141.0,1,30546141.0,1,31595141.0,3,1218257.0591666668,3718414.1,10,14.041666666666666,0,1242.0,LOGIN_FACEID,0.4533332728888969,75.0,0.39921897710986737,-1.146478698109947
1649,-0.5835472018667515,Payment,QR_payment,2019-12-23,Mon,2,1,50000.0,NaN,Web,99.114.xx.xx (HN),M,2019-01-15,1991-10-25,0,2019-09-13,AUTO-JOB,0,SMART_OTP,Commercial associate,50000.0,1,50000.0,1,50000.0,1,50000.0,1,50000.0,1,35296141.0,4,1218257.0591666668,3718414.1,10,14.625,0,1661.0,LOGIN,0.46341457763236854,82.0,0.39921897710986737,-1.146478698109947
1750,-0.5900934745480801,Topup,Mobile,2019-07-31,Wed,5,1,100000.0,NaN,Android,213.169.xx.xx (HN),M,2019-04-24,1987-03-27,0,2019-04-24,BRANCH,1,SMS,State servant,100000.0,1,100000.0,1,100000.0,1,100000.0,1,100000.0,1,100000.0,1,975950.3944444443,110000.0,11,52.666666666666664,0,2346.0,LOGIN,0.0,16.0,0.7325569202216555,-0.8870160849598235
1750,-0.5846505984713016,Topup,Mobile,2019-12-13,Fri,5,1,100000.0,NaN,Android,135.166.xx.xx (HN),M,2019-04-24,1987-03-27,0,2019-04-24,BRANCH,1,SMS,State servant,100000.0,1,100000.0,1,100000.0,1,100000.0,1,100000.0,1,100000.0,1,975950.3944444443,110000.0,11,37.875,0,5586.0,LOGIN,0.0,22.0,0.7325569202216555,-0.8870160849598235
1799,-0.5754530170006613,Transfer,Outside_bank,2019-10-14,Mon,20,1,300000.0,457621,iOS,44.225.xx.xx (HP),F,2019-04-12,1979-11-20,0,2019-06-19,BRANCH,1,SMS,Working,300000.0,1,300000.0,1,300000.0,1,300000.0,1,300000.0,1,300000.0,1,7779250.096666668,2125000.0,8,117.83333333333333,1,5.0,LOGIN,0.0,3.0,1.0305742709662895,-1.1721594198475627
1817,-0.6116834124405673,Transfer,Within_bank,2019-06-18,Tue,0,1,200000.0,657109,Android,90.208.xx.xx (HN),F,2019-06-10,1979-05-04,0,2019-06-10,BRANCH,1,SMART_OTP,State servant,200000.0,1,200000.0,1,200000.0,1,200000.0,1,200000.0,1,200000.0,1,180687.62000000002,587033.6538461539,26,8.0,1,0.0,LOGIN,0.0,5.0,0.08886545995338264,-1.269462739961817
1817,-0.5647560343240707,Transfer,Within_bank,2019-06-22,Sat,3,1,1000000.0,272258,Android,55.6.xx.xx (HN),F,2019-06-10,1979-05-04,0,2019-06-10,BRANCH,1,SMART_OTP,State servant,1000000.0,1,1000000.0,1,1000000.0,1,1000000.0,1,1200000.0,2,1200000.0,2,180687.62000000002,587033.6538461539,26,4.125,1,99.0,LOGIN,0.0,7.0,0.08886545995338264,-1.269462739961817
1817,-0.5647279240349854,Topup,eWallet,2019-11-30,Sat,3,1,690000.0,NaN,Android,168.169.xx.xx (HN),F,2019-06-10,1979-05-04,0,2019-06-10,BRANCH,1,SMART_OTP,State servant,690000.0,1,690000.0,1,1990000.0,2,2690000.0,3,2690000.0,3,4398000.0,7,180687.62000000002,587033.6538461539,26,0.20833333333333334,1,3963.0,LOGIN,0.0,70.0,0.08886545995338264,-1.269462739961817
1832,-0.5785294976091109,Payment,Credit_card_repayment,2019-07-17,Wed,7,1,1355000.0,NaN,Android,100.98.xx.xx (HN),M,2019-04-03,1989-08-22,0,2019-05-04,MYbank,1,SMART_OTP,Working,1455000.0,2,1455000.0,2,1455000.0,2,1455000.0,2,1455000.0,2,1455000.0,2,187170.29499999998,486705.8823529412,17,0.0,0,689.0,LOGIN_FINGER,0.3333331944445023,24.0,0.4879552695513791,-1.5501346876343916
1832,-0.5692041921180135,Payment,Credit_card_repayment,2019-08-16,Fri,23,1,1356000.0,NaN,Android,169.231.xx.xx (HN),M,2019-04-03,1989-08-22,0,2019-05-04,MYbank,1,SMART_OTP,Working,1356000.0,1,1356000.0,1,1356000.0,1,1956000.0,2,1986000.0,3,1986000.0,3,187170.29499999998,486705.8823529412,17,1.125,0,1425.0,LOGIN,0.3870966493236615,31.0,0.4879552695513791,-1.5501346876343916
1928,-0.5739768465035566,Topup,Mobile,2019-12-21,Sat,4,1,100000.0,NaN,iOS,187.121.xx.xx (CT),M,2019-11-28,1980-01-09,0,2019-12-20,BRANCH,1,SMS,Working,100000.0,1,100000.0,1,100000.0,1,100000.0,1,100000.0,1,100000.0,1,7190322.58,100000.0,1,1.1666666666666667,0,12.0,LOGIN,0.0,3.0,0.0,-0.9336296301023916
1936,-0.6106815750361978,Transfer,Outside_bank,2019-11-06,Wed,2,1,50000000.0,266305,Android,132.200.xx.xx (CT),M,2019-10-11,1996-03-04,0,2019-10-11,BRANCH,1,SMART_OTP,State servant,50000000.0,1,50000000.0,1,60000000.0,2,60000000.0,2,65087000.0,7,68127000.0,16,52256272.38666666,4890741.379310345,58,0.4583333333333333,2,615.0,LOGIN,0.47058816608997556,68.0,0.23505893845611014,-1.3069872441872068
2020,-0.5671549722030854,Transfer,Outside_bank,2019-09-21,Sat,16,1,49500000.0,677595,iOS,55.5.xx.xx (HN),M,2019-06-17,1995-10-05,0,2019-06-17,BRANCH,0,SMS,Commercial associate,50000000.0,2,50000000.0,2,50000000.0,2,52000000.0,3,57100000.0,7,103072000.0,22,1194494.1728571428,3290769.789473684,133,1.875,1,1545.0,LOGIN_FACEID,0.496710509976628,304.0,0.10090772052024406,-1.344779470573237
2020,-0.5655349586081267,Transfer,Outside_bank,2019-11-27,Wed,17,1,37400000.0,883684,iOS,141.73.xx.xx (HN),M,2019-06-17,1995-10-05,0,2019-06-17,BRANCH,0,SMS,Commercial associate,37400000.0,1,39244000.0,4,39244000.0,4,39294000.0,5,64431000.0,13,144100455.0,31,1194494.1728571428,3290769.789473684,133,0.041666666666666664,3,3154.0,LOGIN,0.49961508468348664,1299.0,0.10090772052024406,-1.344779470573237
2021,-0.5858632952662198,Transfer,Within_bank,2019-07-13,Sat,7,1,40003000.0,526686,iOS,35.176.xx.xx (HCM),M,2019-06-03,1993-07-27,1,2019-06-04,BRANCH,1,SMART_OTP,Working,40003000.0,1,40003000.0,1,40003000.0,1,40223000.0,3,40788000.0,6,41960600.0,16,8400146.7,3397966.7976190476,252,1.7916666666666667,1,840.0,LOGIN,0.39999920000160005,5.0,0.059203318089263005,-1.3259916181717284
2021,-0.6345699624578915,Payment,Credit_card_repayment,2019-10-24,Thu,22,1,50000000.0,NaN,iOS,68.30.xx.xx (HCM),M,2019-06-03,1993-07-27,1,2019-06-04,BRANCH,1,SMART_OTP,Working,52434000.0,2,52434000.0,2,52434000.0,2,55258000.0,5,106578000.0,10,164270001.0,39,8400146.7,3397966.7976190476,252,0.041666666666666664,0,3327.0,LOGIN,0.4872611309789449,314.0,0.059203318089263005,-1.3259916181717284
2021,-0.5772942612077451,Payment,Credit_card_repayment,2019-11-12,Tue,15,1,24100000.0,NaN,iOS,53.72.xx.xx (HCM),M,2019-06-03,1993-07-27,1,2019-06-04,BRANCH,1,SMART_OTP,Working,42100000.0,2,42100000.0,2,48260000.0,4,48640000.0,6,81913000.0,11,233630002.0,49,8400146.7,3397966.7976190476,252,0.16666666666666666,2,3776.0,LOGIN,0.487119426531161,427.0,0.059203318089263005,-1.3259916181717284
2021,-0.5795968589272057,Payment,Credit_card_repayment,2019-12-12,Thu,17,1,20000000.0,NaN,iOS,161.68.xx.xx (HCM),M,2019-06-03,1993-07-27,1,2019-06-04,BRANCH,1,SMART_OTP,Working,20000000.0,1,20000000.0,1,23335000.0,3,23835000.0,4,41842000.0,12,256454527.0,61,8400146.7,3397966.7976190476,252,0.16666666666666666,2,4498.0,LOGIN_FACEID,0.4871382558337901,622.0,0.059203318089263005,-1.3259916181717284
2021,-0.5799888279912014,Payment,Credit_card_repayment,2019-12-16,Mon,14,1,25000000.0,NaN,iOS,8.62.xx.xx (HCM),M,2019-06-03,1993-07-27,1,2019-06-04,BRANCH,1,SMART_OTP,Working,25000000.0,1,25000000.0,1,25780000.0,3,25780000.0,3,59267000.0,12,287771527.0,63,8400146.7,3397966.7976190476,252,0.7083333333333334,2,4591.0,LOGIN_FACEID,0.4876543134621248,648.0,0.059203318089263005,-1.3259916181717284
2174,-0.5713798483501119,Transfer,Outside_bank,2019-12-02,Mon,10,1,230000000.0,712611,iOS,167.107.xx.xx (BD),F,2019-02-13,1996-08-27,0,2019-08-13,BRANCH,0,SMART_OTP,Unemployed,230000000.0,1,230000000.0,1,230000000.0,1,233000000.0,2,233460000.0,3,235454000.0,7,12640694.629999999,3896242.4242424243,66,1.5,1,2665.0,LOGIN_FINGER,0.4772727001549602,176.0,0.1572682921701853,-1.2404960505148033
2188,-0.5959794266756117,Transfer,Outside_bank,2019-07-24,Wed,13,1,14600000.0,26995,Android,31.114.xx.xx (NA),F,2019-02-19,1995-01-26,0,2019-02-19,BRANCH,0,SMART_OTP,State servant,14600000.0,1,14600000.0,1,14600000.0,1,14600000.0,1,14600000.0,1,14600000.0,1,1841409.1318181818,2426923.076923077,13,79.625,1,3723.0,LOGIN_FACEID,0.4615383431952966,39.0,0.7205894014008791,-1.532777755151182
2188,-0.5883575818626573,Transfer,Outside_bank,2019-12-23,Mon,18,1,250000.0,206154,Android,225.215.xx.xx (NA),F,2019-02-19,1995-01-26,0,2019-02-19,BRANCH,0,SMART_OTP,State servant,250000.0,1,250000.0,1,250000.0,1,250000.0,1,250000.0,1,250000.0,1,1841409.1318181818,2426923.076923077,13,109.41666666666667,1,7376.0,LOGIN_FACEID,0.46551716111773084,58.0,0.7205894014008791,-1.532777755151182
2216,-0.6465142452842143,Topup,Mobile,2019-07-09,Tue,0,1,100000.0,NaN,Android,228.182.xx.xx (HCM),M,2019-03-13,1981-08-19,0,2019-03-13,BRANCH,0,SMART_OTP,State servant,100000.0,1,100000.0,1,100000.0,1,100000.0,1,100000.0,1,100000.0,1,13500608.809999999,147736.84210526315,19,114.5,0,2822.0,LOGIN_FINGER,0.4387096491155065,155.0,1.0046254434776658,-1.0294426637052132
2216,-0.5864066346755071,Transfer,Outside_bank,2019-12-18,Wed,10,1,1087000.0,181593,Android,63.5.xx.xx (HCM),M,2019-03-13,1981-08-19,0,2019-03-13,BRANCH,0,SMART_OTP,State servant,1087000.0,1,1087000.0,1,1087000.0,1,1087000.0,1,1087000.0,1,1737000.0,8,13500608.809999999,147736.84210526315,19,8.75,1,6720.0,LOGIN,0.4356435535731794,404.0,1.0046254434776658,-1.0294426637052132
2537,-0.5788818359994404,Transfer,Within_bank,2019-10-12,Sat,0,1,750000.0,43147,Android,98.238.xx.xx (NA),M,2019-09-25,1999-07-11,0,2019-10-11,BRANCH,1,SMART_OTP,Working,750000.0,1,750000.0,1,750000.0,1,750000.0,1,750000.0,1,750000.0,1,1812402.6566666665,882500.0,6,1.0,1,8.0,LOGIN_FINGER,0.0,2.0,0.7874929588693371,-1.1569025344810797
2537,-0.5872361452914484,Transfer,Within_bank,2019-11-05,Tue,0,1,1500000.0,120610,iOS,17.27.xx.xx (BD),M,2019-09-25,1999-07-11,0,2019-10-11,BRANCH,1,SMART_OTP,Working,1500000.0,1,1500000.0,1,1500000.0,1,1500000.0,1,1500000.0,1,2250000.0,2,1812402.6566666665,882500.0,6,24.0,1,584.0,LOGIN,0.45454504132268975,11.0,0.7874929588693371,-1.1569025344810797
2577,-0.5705613929549507,Transfer,Within_bank,2019-11-04,Mon,19,1,6400000.0,620320,iOS,32.157.xx.xx (DN),M,2019-07-31,2000-02-08,0,2019-09-03,MYbank,0,SMART_OTP,State servant,6400000.0,1,6400000.0,1,6400000.0,1,6400000.0,1,6400000.0,1,6400000.0,1,8421.385,1680588.2352941176,17,31.041666666666668,1,1183.0,LOGIN,0.0434782545683689,69.0,0.3755902823990702,-1.1201182450943366
2577,-0.5714104386982087,Topup,eWallet,2019-12-31,Tue,0,1,10000.0,NaN,iOS,40.115.xx.xx (DN),M,2019-07-31,2000-02-08,0,2019-09-03,MYbank,0,SMART_OTP,State servant,10000.0,1,10000.0,1,10000.0,1,10000.0,1,10000.0,1,6970000.0,5,8421.385,1680588.2352941176,17,20.833333333333332,0,2532.0,LOGIN,0.03370786138113917,89.0,0.3755902823990702,-1.1201182450943366
2658,-0.6227168815272934,Payment,Credit_card_repayment,2019-11-28,Thu,12,1,499000.0,NaN,Android,240.216.xx.xx (HN),F,2019-02-18,1985-02-04,0,2019-02-19,BRANCH,1,SMART_OTP,Working,499000.0,1,499000.0,1,499000.0,1,499000.0,1,499000.0,1,499000.0,1,1738743.348181818,254750.0,4,282.5,0,6431.0,LOGIN,0.0,49.0,0.0,-1.094041765790795
2726,-0.5669451056505506,Payment,Credit_card_repayment,2019-04-03,Wed,8,1,10000000.0,NaN,iOS,44.175.xx.xx (HN),F,2019-02-22,1988-01-17,0,2019-03-01,BRANCH,0,SMART_OTP,Commercial associate,10000000.0,1,10000000.0,1,10000000.0,1,10000000.0,1,10000000.0,1,10899000.0,2,247937.652,12070898.115384616,26,14.916666666666666,0,669.0,LOGIN,0.0,11.0,0.24098334436117985,-0.8686920959468655
2726,-0.5836489727237262,Payment,Credit_card_repayment,2019-04-18,Thu,8,1,18554523.0,NaN,iOS,222.112.xx.xx (HN),F,2019-02-22,1988-01-17,0,2019-03-01,BRANCH,0,SMART_OTP,Commercial associate,18554523.0,1,18554523.0,1,18554523.0,1,18554523.0,1,18554523.0,1,29453523.0,3,247937.652,12070898.115384616,26,15.0,0,1029.0,LOGIN,0.0,17.0,0.24098334436117985,-0.8686920959468655
2726,-0.5770600219254383,Payment,Credit_card_repayment,2019-05-03,Fri,10,1,18951560.0,NaN,iOS,210.68.xx.xx (HN),F,2019-02-22,1988-01-17,0,2019-03-01,BRANCH,0,SMART_OTP,Commercial associate,18951560.0,1,18951560.0,1,18951560.0,1,18951560.0,1,18951560.0,1,37506083.0,2,247937.652,12070898.115384616,26,15.083333333333334,0,1391.0,LOGIN,0.0,25.0,0.24098334436117985,-0.8686920959468655
2726,-0.5937395757910041,Payment,Credit_card_repayment,2019-05-22,Wed,9,1,23214580.0,NaN,iOS,136.101.xx.xx (HN),F,2019-02-22,1988-01-17,0,2019-03-01,BRANCH,0,SMART_OTP,Commercial associate,23214580.0,1,23214580.0,1,23214580.0,1,23214580.0,1,23214580.0,1,42166140.0,2,247937.652,12070898.115384616,26,18.958333333333332,0,1846.0,LOGIN,0.0,39.0,0.24098334436117985,-0.8686920959468655
2726,-0.5830048310005839,Payment,Credit_card_repayment,2019-06-07,Fri,16,1,20000000.0,NaN,iOS,117.79.xx.xx (HN),F,2019-02-22,1988-01-17,0,2019-03-01,BRANCH,0,SMART_OTP,Commercial associate,20000000.0,1,20000000.0,1,20000000.0,1,20000000.0,1,20000000.0,1,43214580.0,2,247937.652,12070898.115384616,26,16.291666666666668,0,2237.0,LOGIN,0.0,50.0,0.24098334436117985,-0.8686920959468655
2726,-0.567641723620372,Payment,Credit_card_repayment,2019-06-12,Wed,15,2,21941860.0,NaN,iOS,164.60.xx.xx (HN),F,2019-02-22,1988-01-17,0,2019-03-01,BRANCH,0,SMART_OTP,Commercial associate,21941860.0,1,21941860.0,1,21941860.0,1,21941860.0,1,41941860.0,2,65156440.0,3,247937.652,12070898.115384616,26,4.958333333333333,0,2356.0,LOGIN,0.0,63.0,0.24098334436117985,-0.8686920959468655
2726,-0.580418530001362,Payment,Credit_card_repayment,2019-07-18,Thu,10,1,20000000.0,NaN,iOS,153.154.xx.xx (HN),F,2019-02-22,1988-01-17,0,2019-03-01,BRANCH,0,SMART_OTP,Commercial associate,20000000.0,1,20000000.0,1,20000000.0,1,20000000.0,1,38168577.0,2,39177450.0,3,247937.652,12070898.115384616,26,5.958333333333333,0,3215.0,LOGIN,0.0,69.0,0.24098334436117985,-0.8686920959468655
2726,-0.5964038469824254,Payment,Credit_card_repayment,2019-08-12,Mon,9,1,9511000.0,NaN,iOS,19.38.xx.xx (HN),F,2019-02-22,1988-01-17,0,2019-03-01,BRANCH,0,SMART_OTP,Commercial associate,9511000.0,1,9511000.0,1,9511000.0,1,9511000.0,1,9511000.0,1,29511000.0,2,247937.652,12070898.115384616,26,24.958333333333332,0,3814.0,LOGIN,0.0,81.0,0.24098334436117985,-0.8686920959468655
2726,-0.5791703181491004,Payment,Credit_card_repayment,2019-08-17,Sat,10,1,21000001.0,NaN,iOS,230.102.xx.xx (HN),F,2019-02-22,1988-01-17,0,2019-03-01,BRANCH,0,SMART_OTP,Commercial associate,21000001.0,1,21000001.0,1,23345251.0,2,23345251.0,2,37717451.0,5,57717451.0,6,247937.652,12070898.115384616,26,0.9583333333333334,0,3935.0,LOGIN,0.0,100.0,0.24098334436117985,-0.8686920959468655
2726,-0.576819480573189,Payment,Credit_card_repayment,2019-09-18,Wed,10,1,10571000.0,NaN,iOS,96.220.xx.xx (HN),F,2019-02-22,1988-01-17,0,2019-03-01,BRANCH,0,SMART_OTP,Commercial associate,10571000.0,1,10571000.0,1,10571000.0,1,10571000.0,1,10571000.0,1,22321000.0,4,247937.652,12070898.115384616,26,7.083333333333333,0,4703.0,LOGIN,0.0,118.0,0.24098334436117985,-0.8686920959468655
2726,-0.5656735541400237,Payment,Credit_card_repayment,2019-10-11,Fri,9,1,7000000.0,NaN,Android,16.93.xx.xx (HP),F,2019-02-22,1988-01-17,0,2019-03-01,BRANCH,0,SMART_OTP,Commercial associate,7000000.0,1,7000000.0,1,7000000.0,1,7000000.0,1,7000000.0,1,27571000.0,3,247937.652,12070898.115384616,26,14.083333333333334,0,5254.0,LOGIN,0.0,126.0,0.24098334436117985,-0.8686920959468655
2726,-0.6209322849413638,Payment,Credit_card_repayment,2019-11-19,Tue,10,1,15000000.0,NaN,iOS,4.225.xx.xx (HN),F,2019-02-22,1988-01-17,0,2019-03-01,BRANCH,0,SMART_OTP,Commercial associate,15000000.0,1,15000000.0,1,15000000.0,1,15000000.0,1,15000000.0,1,65590000.0,3,247937.652,12070898.115384616,26,28.708333333333332,0,6191.0,LOGIN,0.0,145.0,0.24098334436117985,-0.8686920959468655
2726,-0.5792502764558067,Payment,Credit_card_repayment,2019-11-22,Fri,14,1,10000000.0,NaN,iOS,123.243.xx.xx (HN),F,2019-02-22,1988-01-17,0,2019-03-01,BRANCH,0,SMART_OTP,Commercial associate,10000000.0,1,10000000.0,1,10000000.0,1,10000000.0,1,25000000.0,2,25000000.0,2,247937.652,12070898.115384616,26,3.1666666666666665,0,6267.0,LOGIN,0.0,149.0,0.24098334436117985,-0.8686920959468655
2726,-0.5886379688526229,Payment,Credit_card_repayment,2019-12-11,Wed,15,1,8475927.0,NaN,iOS,158.226.xx.xx (HN),F,2019-02-22,1988-01-17,0,2019-03-01,BRANCH,0,SMART_OTP,Commercial associate,8475927.0,1,8475927.0,1,8475927.0,1,8475927.0,1,8475927.0,1,33475927.0,3,247937.652,12070898.115384616,26,19.041666666666668,0,6724.0,LOGIN,0.0,153.0,0.24098334436117985,-0.8686920959468655
2746,-0.5679707762642385,Transfer,Outside_bank,2019-10-31,Thu,20,2,37000000.0,47455,iOS,98.222.xx.xx (HCM),M,2019-03-14,1994-09-14,0,2019-03-19,BRANCH,1,SMART_OTP,Businessman,37000000.0,1,37000000.0,1,40000000.0,2,40000000.0,2,40250000.0,3,50600000.0,8,2326980.4777777777,3754920.4545454546,88,0.16666666666666666,2,5431.0,LOGIN_FINGER,0.21794869000657818,78.0,0.22971848721655996,-1.3284168158127188
2764,-0.5655934235648449,Transfer,Outside_bank,2019-10-07,Mon,20,1,1200000.0,327590,Android,195.167.xx.xx (HCM),F,2019-07-24,1989-07-23,0,2019-09-01,MYbank,1,SMART_OTP,Working,1200000.0,1,1200000.0,1,1200000.0,1,1200000.0,1,1200000.0,1,1250000.0,2,1115770.556,178181.81818181818,11,28.208333333333332,1,871.0,LOGIN,0.058823494809708936,17.0,1.4609953391488388,-1.033110766356911
2869,-0.5874774449408982,Topup,eWallet,2019-12-04,Wed,0,1,200000.0,NaN,Android,86.243.xx.xx (HN),M,2019-04-18,1995-12-16,0,2019-04-22,BRANCH,0,SMS,Commercial associate,381996.0,2,381996.0,2,381996.0,2,381996.0,2,2958996.0,3,3625527.0,6,316049.05875,599976.4827586206,29,0.041666666666666664,0,5410.0,LOGIN,0.0,45.0,0.25258633929025315,-1.592502003899846
2938,-0.6552014067403723,Payment,Credit_card_repayment,2019-09-30,Mon,17,2,49923848.0,NaN,Web,54.200.xx.xx (HCM),M,2019-05-07,1985-08-27,0,2019-05-09,BRANCH,0,SMART_OTP,Working,49923848.0,1,49923848.0,1,49923848.0,1,49923848.0,1,49923848.0,1,49923848.0,1,1821906.185,66041405.55263158,38,144.70833333333334,0,3462.0,LOGIN_FINGER,0.4823528844290724,85.0,0.08365070648727299,-1.1955768128438724
2938,-0.566473405648023,Payment,Credit_card_repayment,2019-10-04,Fri,9,1,5870300.0,NaN,Web,105.214.xx.xx (HCM),M,2019-05-07,1985-08-27,0,2019-05-09,BRANCH,0,SMART_OTP,Working,5870300.0,1,5870300.0,1,5870300.0,1,5870300.0,1,55794148.0,2,55794148.0,2,1821906.185,66041405.55263158,38,3.6666666666666665,0,3550.0,LOGIN,0.4886363081095104,88.0,0.08365070648727299,-1.1955768128438724
2938,-0.5734933356999715,Payment,Credit_card_repayment,2019-10-17,Thu,17,1,45000000.0,NaN,Web,25.154.xx.xx (HCM),M,2019-05-07,1985-08-27,0,2019-05-09,BRANCH,0,SMART_OTP,Working,45000000.0,1,45000000.0,1,45000000.0,1,45000000.0,1,45000000.0,1,100794148.0,3,1821906.185,66041405.55263158,38,13.333333333333334,0,3870.0,LOGIN_FINGER,0.47368416066482516,95.0,0.08365070648727299,-1.1955768128438724
2938,-0.5712171954378997,Payment,Credit_card_repayment,2019-10-21,Mon,17,1,103870367.0,NaN,Web,209.12.xx.xx (HCM),M,2019-05-07,1985-08-27,0,2019-05-09,BRANCH,0,SMART_OTP,Working,103870367.0,1,103870367.0,1,121046363.0,2,121046363.0,2,179046363.0,4,234840511.0,6,1821906.185,66041405.55263158,38,0.2916666666666667,0,3966.0,LOGIN,0.4747474267931892,99.0,0.08365070648727299,-1.1955768128438724
2938,-0.5696587345302958,Payment,Credit_card_repayment,2019-10-26,Sat,19,1,95689000.0,NaN,Web,178.41.xx.xx (HCM),M,2019-05-07,1985-08-27,0,2019-05-09,BRANCH,0,SMART_OTP,Working,95689000.0,1,95689000.0,1,95689000.0,1,95689000.0,1,216735363.0,3,330529511.0,7,1821906.185,66041405.55263158,38,5.083333333333333,0,4088.0,LOGIN,0.4774774344614924,111.0,0.08365070648727299,-1.1955768128438724
2938,-0.5810697486926818,Payment,Credit_card_repayment,2019-10-28,Mon,17,1,200000000.0,NaN,Web,178.178.xx.xx (HCM),M,2019-05-07,1985-08-27,0,2019-05-09,BRANCH,0,SMART_OTP,Working,200000000.0,1,200000000.0,1,200000000.0,1,295689000.0,2,399559367.0,3,530529511.0,8,1821906.185,66041405.55263158,38,1.9166666666666667,0,4134.0,LOGIN,0.4778760639047731,113.0,0.08365070648727299,-1.1955768128438724
2938,-0.5679010201148084,Payment,Credit_card_repayment,2019-10-31,Thu,13,1,150000000.0,NaN,Web,54.116.xx.xx (HCM),M,2019-05-07,1985-08-27,0,2019-05-09,BRANCH,0,SMART_OTP,Working,150000000.0,1,150000000.0,1,150000000.0,1,150000000.0,1,445689000.0,3,630605663.0,8,1821906.185,66041405.55263158,38,2.8333333333333335,0,4202.0,LOGIN,0.47863243772372327,117.0,0.08365070648727299,-1.1955768128438724
2938,-0.5694865653770487,Payment,Credit_card_repayment,2019-11-05,Tue,8,2,115000000.0,NaN,Web,49.148.xx.xx (HCM),M,2019-05-07,1985-08-27,0,2019-05-09,BRANCH,0,SMART_OTP,Working,115000000.0,1,115000000.0,1,115000000.0,1,115000000.0,1,465000000.0,6,939735363.0,12,1821906.185,66041405.55263158,38,2.7916666666666665,0,4317.0,LOGIN,0.4814814458161892,135.0,0.08365070648727299,-1.1955768128438724
2938,-0.6055989500327559,Payment,Credit_card_repayment,2019-11-15,Fri,18,1,109000000.0,NaN,Web,169.9.xx.xx (HCM),M,2019-05-07,1985-08-27,0,2019-05-09,BRANCH,0,SMART_OTP,Working,109000000.0,1,109000000.0,1,109000000.0,1,109000000.0,1,109000000.0,1,1048735363.0,13,1821906.185,66041405.55263158,38,10.416666666666666,0,4567.0,LOGIN,0.476744158328828,172.0,0.08365070648727299,-1.1955768128438724
2938,-0.5779734857981252,Payment,Credit_card_repayment,2019-11-21,Thu,10,1,174000000.0,NaN,Web,85.5.xx.xx (HCM),M,2019-05-07,1985-08-27,0,2019-05-09,BRANCH,0,SMART_OTP,Working,174000000.0,1,174000000.0,1,174000000.0,1,174000000.0,1,294150000.0,3,1054839000.0,11,1821906.185,66041405.55263158,38,2.7916666666666665,0,4703.0,LOGIN,0.4793814185885867,194.0,0.08365070648727299,-1.1955768128438724
2938,-0.5678088785858634,Payment,Credit_card_repayment,2019-12-02,Mon,16,1,42932000.0,NaN,Web,126.40.xx.xx (HCM),M,2019-05-07,1985-08-27,0,2019-05-09,BRANCH,0,SMART_OTP,Working,42932000.0,1,42932000.0,1,42932000.0,1,42932000.0,1,730732000.0,13,1287732000.0,20,1821906.185,66041405.55263158,38,3.0,0,4973.0,LOGIN,0.47499998020833417,240.0,0.08365070648727299,-1.1955768128438724
2938,-0.6034838729613621,Payment,Credit_card_repayment,2019-12-02,Mon,18,1,181634000.0,NaN,Web,193.233.xx.xx (HCM),M,2019-05-07,1985-08-27,0,2019-05-09,BRANCH,0,SMART_OTP,Working,181634000.0,1,224566000.0,2,224566000.0,2,224566000.0,2,912366000.0,14,1469366000.0,21,1821906.185,66041405.55263158,38,0.08333333333333333,0,4975.0,LOGIN,0.4752065919336119,242.0,0.08365070648727299,-1.1955768128438724
2938,-0.5920007769992369,Payment,Credit_card_repayment,2019-12-12,Thu,18,2,45392000.0,NaN,Web,178.27.xx.xx (HCM),M,2019-05-07,1985-08-27,0,2019-05-09,BRANCH,0,SMART_OTP,Working,45392000.0,1,45392000.0,1,45392000.0,1,45392000.0,1,45392000.0,1,1399758000.0,21,1821906.185,66041405.55263158,38,10.0,0,5215.0,LOGIN,0.47528515303098284,263.0,0.08365070648727299,-1.1955768128438724
2938,-0.5860527861286751,Payment,Credit_card_repayment,2019-12-13,Fri,15,1,81790000.0,NaN,Web,109.126.xx.xx (HCM),M,2019-05-07,1985-08-27,0,2019-05-09,BRANCH,0,SMART_OTP,Working,81790000.0,1,81790000.0,1,127182000.0,2,127182000.0,2,127182000.0,2,1481548000.0,22,1821906.185,66041405.55263158,38,0.875,0,5236.0,LOGIN,0.47583641353767986,269.0,0.08365070648727299,-1.1955768128438724
2938,-0.5842349511699289,Payment,Credit_card_repayment,2019-12-24,Tue,15,1,31497600.0,NaN,Web,132.78.xx.xx (HCM),M,2019-05-07,1985-08-27,0,2019-05-09,BRANCH,0,SMART_OTP,Working,31497600.0,1,31497600.0,1,31497600.0,1,31497600.0,1,31497600.0,1,1072043900.0,18,1821906.185,66041405.55263158,38,10.916666666666666,0,5500.0,LOGIN,0.46511626361739994,301.0,0.08365070648727299,-1.1955768128438724
3011,-0.6161170452617162,Transfer,Outside_bank,2019-05-21,Tue,10,1,3000000.0,940473,Android,169.35.xx.xx (BD),M,2019-03-06,1987-01-23,0,2019-03-11,BRANCH,1,SMS,Working,3000000.0,1,3000000.0,1,3000000.0,1,3000000.0,1,3000000.0,1,3000000.0,1,1227095.1377777779,530909.0909090909,11,71.41666666666667,1,0.0,LOGIN,0.0,0.0,0.5590092569874612,-1.7719835809961062
3178,-0.5687890891283146,Topup,eWallet,2019-09-02,Mon,0,1,41000.0,NaN,iOS,103.183.xx.xx (HCM),M,2019-06-19,1990-07-08,0,2019-06-19,BRANCH,1,SMART_OTP,Businessman,191000.0,2,191000.0,2,191000.0,2,191000.0,2,12191000.0,24,34741003.0,74,1096806.4828571428,973331.45703125,256,0.041666666666666664,1,266.0,LOGIN,0.0,141.0,0.1422682484385527,-1.04530941223167
3178,-0.5825286879222187,Transfer,Outside_bank,2019-09-10,Tue,4,1,4000000.0,691916,iOS,180.67.xx.xx (HCM),M,2019-06-19,1990-07-08,0,2019-06-19,BRANCH,1,SMART_OTP,Businessman,4000000.0,1,4000000.0,1,4000000.0,1,4000000.0,1,14100000.0,11,48291003.0,81,1096806.4828571428,973331.45703125,256,2.5,1,462.0,LOGIN,0.0,161.0,0.1422682484385527,-1.04530941223167
3178,-0.5686730007727364,Transfer,Outside_bank,2019-10-20,Sun,10,1,45000000.0,995400,iOS,112.185.xx.xx (HCM),M,2019-06-19,1990-07-08,0,2019-06-19,BRANCH,1,SMART_OTP,Businessman,45000000.0,1,45000000.0,1,46000000.0,2,46000000.0,2,54609400.0,22,60528400.0,37,1096806.4828571428,973331.45703125,256,0.3333333333333333,2,1428.0,LOGIN,0.0,239.0,0.1422682484385527,-1.04530941223167
3178,-0.6589589301948031,Transfer,Outside_bank,2019-10-21,Mon,0,1,50000000.0,553912,iOS,190.228.xx.xx (HCM),M,2019-06-19,1990-07-08,0,2019-06-19,BRANCH,1,SMART_OTP,Businessman,50000000.0,1,50000000.0,1,96100000.0,4,96100000.0,4,102209400.0,23,110578400.0,38,1096806.4828571428,973331.45703125,256,0.20833333333333334,4,9.0,LOGIN,0.004048582832041181,247.0,0.1422682484385527,-1.04530941223167
3178,-0.6522010953414283,Transfer,Outside_bank,2019-10-22,Tue,0,2,39890000.0,400938,iOS,134.198.xx.xx (HCM),M,2019-06-19,1990-07-08,0,2019-06-19,BRANCH,1,SMART_OTP,Businessman,39890000.0,1,39890000.0,1,89890000.0,2,135990000.0,5,138390300.0,17,150468400.0,39,1096806.4828571428,973331.45703125,256,1.0,2,33.0,LOGIN_FINGER,0.007999999680000012,250.0,0.1422682484385527,-1.04530941223167
3178,-0.5908275727370201,Transfer,Outside_bank,2019-11-21,Thu,23,1,12000000.0,911819,iOS,148.213.xx.xx (HCM),M,2019-06-19,1990-07-08,0,2019-06-19,BRANCH,1,SMART_OTP,Businessman,12000000.0,1,12000000.0,1,12000000.0,1,12000000.0,1,12805000.0,9,19494000.0,38,1096806.4828571428,973331.45703125,256,2.25,1,24.0,LOGIN,0.11027568645925599,399.0,0.1422682484385527,-1.04530941223167
3178,-0.5801383635236831,Topup,eWallet,2019-11-22,Fri,1,1,200000.0,NaN,iOS,40.24.xx.xx (HCM),M,2019-06-19,1990-07-08,0,2019-06-19,BRANCH,1,SMART_OTP,Businessman,400000.0,2,12400000.0,3,12400000.0,3,12400000.0,3,13205000.0,11,19894000.0,40,1096806.4828571428,973331.45703125,256,0.041666666666666664,2,26.0,LOGIN,0.10972568304923484,401.0,0.1422682484385527,-1.04530941223167
3178,-0.5774334009957922,Topup,eWallet,2019-11-22,Fri,2,1,190000.0,NaN,iOS,59.145.xx.xx (HCM),M,2019-06-19,1990-07-08,0,2019-06-19,BRANCH,1,SMART_OTP,Businessman,190000.0,1,12590000.0,4,12590000.0,4,12590000.0,4,13395000.0,12,20084000.0,41,1096806.4828571428,973331.45703125,256,0.041666666666666664,2,27.0,LOGIN,0.10945273359570315,402.0,0.1422682484385527,-1.04530941223167
3178,-0.5768457368747086,Topup,eWallet,2019-12-08,Sun,1,1,80000.0,NaN,iOS,237.196.xx.xx (NA),M,2019-06-19,1990-07-08,0,2019-06-19,BRANCH,1,SMART_OTP,Businessman,80000.0,1,80000.0,1,180000.0,2,180000.0,2,180000.0,2,17835000.0,30,1096806.4828571428,973331.45703125,256,0.25,1,410.0,LOGIN,0.10672853580676252,431.0,0.1422682484385527,-1.04530941223167
3178,-0.5740922201540962,Topup,eWallet,2019-12-08,Sun,2,1,700000.0,NaN,iOS,109.77.xx.xx (HCM),M,2019-06-19,1990-07-08,0,2019-06-19,BRANCH,1,SMART_OTP,Businessman,1400000.0,2,1480000.0,3,1580000.0,4,1580000.0,4,1580000.0,4,19235000.0,32,1096806.4828571428,973331.45703125,256,0.0,2,411.0,LOGIN,0.10648147901663244,432.0,0.1422682484385527,-1.04530941223167
3234,-0.5770568549765225,Transfer,Outside_bank,2019-11-18,Mon,16,1,1850000.0,716449,Android,244.200.xx.xx (NA),M,2019-09-04,1989-02-23,0,2019-09-04,BRANCH,1,SMART_OTP,Businessman,1850000.0,1,1850000.0,1,1850000.0,1,1850000.0,1,1850000.0,1,1850000.0,1,361566.08,940000.0,2,75.66666666666667,1,0.0,LOGIN,0.0,0.0,0.0,-0.9870526528142054
3311,-0.5752820244348589,Payment,Credit_card_repayment,2019-11-23,Sat,17,1,925000.0,NaN,iOS,89.143.xx.xx (DN),F,2019-10-08,1994-05-03,0,2019-10-15,BRANCH,0,SMART_OTP,State servant,925000.0,1,925000.0,1,925000.0,1,925000.0,1,925000.0,1,925000.0,1,1587875.61,7493305.0,5,35.083333333333336,0,800.0,LOGIN,0.0,31.0,1.6027999825944055,-1.3320988438641825
3311,-0.5891593504476496,Payment,Credit_card_repayment,2019-12-11,Wed,13,1,9141525.0,NaN,iOS,146.117.xx.xx (DN),F,2019-10-08,1994-05-03,0,2019-10-15,BRANCH,0,SMART_OTP,State servant,9141525.0,1,9141525.0,1,9141525.0,1,9141525.0,1,9141525.0,1,10066525.0,2,1587875.61,7493305.0,5,17.833333333333332,0,1228.0,LOGIN,0.0,42.0,1.6027999825944055,-1.3320988438641825
3372,-0.5699750789707014,Topup,Mobile,2019-11-01,Fri,16,1,50000.0,NaN,Android,234.247.xx.xx (NA),F,2019-07-25,2001-01-05,0,2019-07-25,BRANCH,1,SMART_OTP,Businessman,50000.0,1,50000.0,1,50000.0,1,50000.0,1,50000.0,1,50000.0,1,129668.09833333333,50000.0,1,99.66666666666667,0,2376.0,LOGIN_FACEID,0.39999973333351113,15.0,0.0,-1.5981088841182116
3431,-0.5659470667118307,Transfer,Outside_bank,2019-09-08,Sun,8,1,4900000.0,433081,iOS,226.115.xx.xx (HCM),M,2019-05-23,1992-12-09,0,2019-06-05,MYbank,1,SMART_OTP,State servant,4900000.0,1,4900000.0,1,4900000.0,1,4900000.0,1,4900000.0,1,4900000.0,1,536239.3085714285,4900000.0,1,95.33333333333333,1,2274.0,LOGIN_FINGER,0.19047609977328583,21.0,0.0,-1.0947574135603437
3446,-0.6782341946799232,Payment,Credit_card_repayment,2019-08-26,Mon,5,1,17110748.0,NaN,Android,114.168.xx.xx (NA),M,2019-02-12,1985-08-21,0,2019-02-25,MYbank,0,SMART_OTP,Working,17110748.0,1,17110748.0,1,17110748.0,1,17110748.0,1,17110748.0,1,17110748.0,1,3124408.148,11761394.5,8,182.20833333333334,0,4356.0,LOGIN_FINGER,0.4152542020971015,118.0,0.2930560784789135,-1.34829184563514
3446,-0.6059911342853063,Payment,Credit_card_repayment,2019-09-21,Sat,13,2,32006453.0,NaN,Android,49.213.xx.xx (NA),M,2019-02-12,1985-08-21,0,2019-02-25,MYbank,0,SMART_OTP,Working,32006453.0,1,32006453.0,1,32006453.0,1,32006453.0,1,32006453.0,1,49117201.0,2,3124408.148,11761394.5,8,26.333333333333332,0,4988.0,LOGIN_FINGER,0.4108526813292495,129.0,0.2930560784789135,-1.34829184563514
3446,-0.5834364930563583,Payment,Credit_card_repayment,2019-10-18,Fri,14,1,9886706.0,NaN,Android,41.11.xx.xx (NA),M,2019-02-12,1985-08-21,0,2019-02-25,MYbank,0,SMART_OTP,Working,9886706.0,1,9886706.0,1,9886706.0,1,9886706.0,1,9886706.0,1,43393159.0,3,3124408.148,11761394.5,8,24.708333333333332,0,5637.0,LOGIN_FINGER,0.41807907242491116,177.0,0.2930560784789135,-1.34829184563514
3446,-0.5957666959761522,Payment,Credit_card_repayment,2019-12-17,Tue,15,1,20927649.0,NaN,Android,17.51.xx.xx (NA),M,2019-02-12,1985-08-21,0,2019-02-25,MYbank,0,SMART_OTP,Working,20927649.0,1,20927649.0,1,20927649.0,1,20927649.0,1,20927649.0,1,20927649.0,1,3124408.148,11761394.5,8,32.041666666666664,0,918.0,LOGIN,0.41255603531138857,223.0,0.2930560784789135,-1.34829184563514
3468,-0.6395874939353848,Topup,eWallet,2019-11-29,Fri,2,1,59000.0,NaN,iOS,201.38.xx.xx (CT),M,2019-06-28,2001-02-03,0,2019-06-28,BRANCH,1,SMART_OTP,Businessman,59000.0,1,59000.0,1,59000.0,1,59000.0,1,59000.0,1,59000.0,1,67406.88399999999,59000.0,1,154.08333333333334,0,999.0,LOGIN_FINGER,0.4482757074911354,29.0,0.0,-1.2242303048446987
3472,-0.5832785563579586,Transfer,Outside_bank,2019-09-04,Wed,10,1,150000000.0,336881,Android,2.183.xx.xx (CT),F,2019-08-02,1978-02-16,0,2019-08-02,BRANCH,1,SMART_OTP,Working,150000000.0,1,150000000.0,1,150000000.0,1,150000000.0,1,150000000.0,1,150000000.0,1,10191335.534,20370843.555555556,36,33.416666666666664,1,162.0,LOGIN,0.4736839612189678,19.0,0.050326406579202704,-1.1182184022701853
3472,-0.6157217385600431,Transfer,Outside_bank,2019-11-21,Thu,15,2,500000000.0,363472,Android,2.125.xx.xx (CT),F,2019-08-02,1978-02-16,0,2019-08-02,BRANCH,1,SMART_OTP,Working,500000000.0,1,500000000.0,1,500000000.0,1,500000000.0,1,500000000.0,1,530274000.0,8,10191335.534,20370843.555555556,36,10.25,1,2039.0,LOGIN,0.42990650187789703,107.0,0.050326406579202704,-1.1182184022701853
3532,-0.5726249779235263,Topup,Mobile,2019-08-18,Sun,11,1,200000.0,NaN,Android,216.70.xx.xx (HCM),F,2019-04-24,1980-06-18,0,2019-04-24,BRANCH,1,SMART_OTP,Commercial associate,200000.0,1,200000.0,1,200000.0,1,200000.0,1,200000.0,1,200000.0,1,669606.6422222223,174000.0,10,116.45833333333333,0,2564.0,LOGIN_FINGER,0.4444441975310014,18.0,0.518146436322727,-1.305367081181836
3532,-0.5816501068645054,Topup,Mobile,2019-10-21,Mon,1,2,150000.0,NaN,Android,71.209.xx.xx (HCM),F,2019-04-24,1980-06-18,0,2019-04-24,BRANCH,1,SMART_OTP,Commercial associate,150000.0,1,150000.0,1,150000.0,1,150000.0,1,150000.0,1,1180000.0,3,669606.6422222223,174000.0,10,13.416666666666666,0,4090.0,LOGIN,0.4857141469388151,35.0,0.518146436322727,-1.305367081181836
3603,-0.6048343958942142,Transfer,Within_bank,2019-10-07,Mon,11,1,24000000.0,645762,Android,118.118.xx.xx (CT),F,2019-05-06,1987-10-20,0,2019-06-29,BRANCH,0,SMART_OTP,Commercial associate,24000000.0,1,24000000.0,1,24000000.0,1,24000000.0,1,24000000.0,1,24000000.0,1,1074566.4828571428,12450000.0,4,100.45833333333333,1,1.0,LOGIN,0.0,1.0,0.0,-1.1102280145021912
3666,-0.6389425496836868,Payment,Credit_card_repayment,2019-11-06,Wed,9,1,9482239.0,NaN,Web,23.223.xx.xx (HCM),M,2019-01-16,1984-08-24,0,2019-01-20,MYbank,0,SMART_OTP,State servant,9482239.0,1,9482239.0,1,9482239.0,1,9482239.0,1,9482239.0,1,9482239.0,1,4863128.475,8404690.6,5,290.375,0,2114.0,LOGIN,0.08333329861112558,24.0,1.1246475096493858,-1.203837820292025
3666,-0.6054139584859409,Payment,Credit_card_repayment,2019-12-04,Wed,11,1,25478161.0,NaN,Web,38.54.xx.xx (HCM),M,2019-01-16,1984-08-24,0,2019-01-20,MYbank,0,SMART_OTP,State servant,25478161.0,1,25478161.0,1,25478161.0,1,25478161.0,1,25478161.0,1,34960400.0,2,4863128.475,8404690.6,5,28.083333333333332,0,2788.0,LOGIN,0.15384611439843218,39.0,1.1246475096493858,-1.203837820292025
3666,-0.5660531364539908,Payment,Credit_card_repayment,2019-12-30,Mon,16,1,2994700.0,NaN,Web,1.35.xx.xx (HCM),M,2019-01-16,1984-08-24,0,2019-01-20,MYbank,0,SMART_OTP,State servant,2994700.0,1,2994700.0,1,2994700.0,1,2994700.0,1,2994700.0,1,32541214.0,4,4863128.475,8404690.6,5,14.458333333333334,0,3417.0,LOGIN,0.24193544484912177,62.0,1.1246475096493858,-1.203837820292025
3728,-0.6356627065775415,Payment,Credit_card_repayment,2019-10-19,Sat,7,1,1399000.0,NaN,Android,159.69.xx.xx (HN),M,2019-09-04,1998-10-27,0,2019-09-10,AUTO-JOB,0,SMART_OTP,Working,1399000.0,1,1399000.0,1,1399000.0,1,1399000.0,1,1579000.0,5,1579000.0,5,1801500.1933333334,207294.11764705883,17,3.5833333333333335,0,687.0,LOGIN,0.0,19.0,1.2879449558785212,-1.3630294113418033
3728,-0.5988170753558576,Payment,Credit_card_repayment,2019-12-18,Wed,10,1,1345000.0,NaN,Android,60.233.xx.xx (HN),M,2019-09-04,1998-10-27,0,2019-09-10,AUTO-JOB,0,SMART_OTP,Working,1345000.0,1,1345000.0,1,1345000.0,1,1345000.0,1,1345000.0,1,1545000.0,5,1801500.1933333334,207294.11764705883,17,9.583333333333334,0,2130.0,LOGIN,0.0,43.0,1.2879449558785212,-1.3630294113418033
3799,-0.5895872622218862,Payment,Credit_card_repayment,2019-09-03,Tue,13,1,13246191.0,NaN,iOS,143.152.xx.xx (HCM),M,2019-04-01,1990-12-07,0,2019-08-03,BRANCH,1,SMART_OTP,Working,13246191.0,1,13246191.0,1,13246191.0,1,13246191.0,1,13246191.0,1,13246191.0,1,1180183.984,24182825.4,5,31.541666666666668,0,213.0,LOGIN,0.37499953125058594,8.0,0.6048559397429962,-1.2372448705918573
3799,-0.5699343156841921,Payment,Credit_card_repayment,2019-09-13,Fri,19,1,40661235.0,NaN,iOS,139.150.xx.xx (HCM),M,2019-04-01,1990-12-07,0,2019-08-03,BRANCH,1,SMART_OTP,Working,40661235.0,1,40661235.0,1,40661235.0,1,40661235.0,1,40661235.0,1,53907426.0,2,1180183.984,24182825.4,5,10.25,0,459.0,LOGIN_FINGER,0.4285712244898931,21.0,0.6048559397429962,-1.2372448705918573
3799,-0.6211797986963351,Payment,Credit_card_repayment,2019-11-04,Mon,16,1,42872965.0,NaN,iOS,183.125.xx.xx (HCM),M,2019-04-01,1990-12-07,0,2019-08-03,BRANCH,1,SMART_OTP,Working,42872965.0,1,42872965.0,1,42872965.0,1,42872965.0,1,42872965.0,1,42872965.0,1,1180183.984,24182825.4,5,51.875,0,1704.0,LOGIN,0.4722220910494191,36.0,0.6048559397429962,-1.2372448705918573
3799,-0.5647711686853151,Payment,Credit_card_repayment,2019-12-02,Mon,17,1,3243665.0,NaN,iOS,14.136.xx.xx (HCM),M,2019-04-01,1990-12-07,0,2019-08-03,BRANCH,1,SMART_OTP,Working,3243665.0,1,3243665.0,1,3243665.0,1,3243665.0,1,3243665.0,1,46116630.0,2,1180183.984,24182825.4,5,28.041666666666668,0,2377.0,LOGIN,0.4782607655954857,46.0,0.6048559397429962,-1.2372448705918573
3799,-0.5927173899500836,Payment,Credit_card_repayment,2019-12-28,Sat,15,1,20890071.0,NaN,iOS,161.206.xx.xx (HCM),M,2019-04-01,1990-12-07,0,2019-08-03,BRANCH,1,SMART_OTP,Working,20890071.0,1,20890071.0,1,20890071.0,1,20890071.0,1,20890071.0,1,24133736.0,2,1180183.984,24182825.4,5,25.916666666666668,0,62.0,LOGIN,0.47368412742383725,57.0,0.6048559397429962,-1.2372448705918573
3812,-0.5818281399459897,Transfer,Within_bank,2019-08-29,Thu,12,1,850000.0,931565,Web,121.100.xx.xx (DN),F,2019-05-03,1991-08-12,0,2019-05-15,BRANCH,1,SMART_OTP,Commercial associate,850000.0,1,850000.0,1,850000.0,1,850000.0,1,850000.0,1,850000.0,1,594802.01,213666.66666666666,9,106.5,1,92.0,LOGIN,0.0,2.0,0.35431891962338924,-1.564572443981563
3816,-0.5963292583912133,Topup,Mobile,2019-11-04,Mon,0,1,20000.0,NaN,iOS,212.89.xx.xx (HP),F,2019-09-23,2001-09-12,0,2019-09-23,BRANCH,1,SMART_OTP,State servant,20000.0,1,30000.0,2,30000.0,2,30000.0,2,50500.0,4,70500.0,5,483590.86,245025.0,20,0.08333333333333333,0,421.0,LOGIN,0.4399998240000704,25.0,0.9122566747382528,-1.5884745321551332
3816,-0.5913831344956002,Transfer,Outside_bank,2019-12-02,Mon,17,1,2500000.0,22638,iOS,45.82.xx.xx (HP),F,2019-09-23,2001-09-12,0,2019-09-23,BRANCH,1,SMART_OTP,State servant,2500000.0,1,2500000.0,1,2500000.0,1,2500000.0,1,2520000.0,2,2680000.0,7,483590.86,245025.0,20,3.8333333333333335,1,1110.0,LOGIN,0.4594593352812607,37.0,0.9122566747382528,-1.5884745321551332
3816,-0.6299169399937387,Transfer,Outside_bank,2019-12-27,Fri,0,1,2000000.0,849124,iOS,88.22.xx.xx (HP),F,2019-09-23,2001-09-12,0,2019-09-23,BRANCH,1,SMART_OTP,State servant,2000000.0,1,2000000.0,1,2020000.0,2,2020000.0,2,2040000.0,3,4680000.0,11,483590.86,245025.0,20,0.16666666666666666,1,1693.0,LOGIN,0.4406778914105269,59.0,0.9122566747382528,-1.5884745321551332
3821,-0.5810326143998081,Topup,eWallet,2019-12-08,Sun,0,1,40000.0,NaN,Web,224.33.xx.xx (HN),F,2019-10-22,1997-08-17,0,2019-10-22,BRANCH,1,SMART_OTP,Working,40000.0,1,40000.0,1,40000.0,1,40000.0,1,60000.0,2,70000.0,3,1773850.345,447142.85714285716,7,4.25,0,1013.0,LOGIN,0.0,21.0,0.4294129022420694,-1.0051227464399541
3850,-0.5777786930221791,Payment,Credit_card_repayment,2019-07-13,Sat,10,4,36200000.0,NaN,iOS,87.54.xx.xx (HN),M,2019-07-08,1999-12-29,0,2019-07-08,BRANCH,1,SMART_OTP,Commercial associate,36200000.0,1,36200000.0,1,36200000.0,1,36200000.0,1,36200000.0,1,36200000.0,1,930089.2483333334,48102848.8372093,172,5.416666666666667,0,999.0,UNKNOWN,0.0,0.0,0.09925610726790499,-0.817113710427979
3850,-0.5910682244007222,Payment,Credit_card_repayment,2019-07-18,Thu,15,5,88000000.0,NaN,iOS,51.111.xx.xx (HN),M,2019-07-08,1999-12-29,0,2019-07-08,BRANCH,1,SMART_OTP,Commercial associate,88000000.0,1,88000000.0,1,88000000.0,1,88000000.0,1,197900000.0,5,197900000.0,5,930089.2483333334,48102848.8372093,172,2.2083333333333335,0,999.0,UNKNOWN,0.0,0.0,0.09925610726790499,-0.817113710427979
3850,-0.5753745302140769,Payment,Credit_card_repayment,2019-07-20,Sat,10,2,47000000.0,NaN,iOS,46.224.xx.xx (HN),M,2019-07-08,1999-12-29,0,2019-07-08,BRANCH,1,SMART_OTP,Commercial associate,50000000.0,2,50000000.0,2,50000000.0,2,138000000.0,3,247900000.0,7,247900000.0,7,930089.2483333334,48102848.8372093,172,0.041666666666666664,0,999.0,LOGIN,0.0,0.0,0.09925610726790499,-0.817113710427979
3850,-0.5702581249197891,Payment,Credit_card_repayment,2019-07-22,Mon,15,2,73000000.0,NaN,iOS,203.105.xx.xx (HN),M,2019-07-08,1999-12-29,0,2019-07-08,BRANCH,1,SMART_OTP,Commercial associate,91100000.0,2,91100000.0,2,91100000.0,2,91100000.0,2,284900000.0,7,369000000.0,10,930089.2483333334,48102848.8372093,172,0.041666666666666664,0,999.0,LOGIN,0.0,3.0,0.09925610726790499,-0.817113710427979
3850,-0.5647341494452895,Payment,Credit_card_repayment,2019-07-25,Thu,11,2,55000000.0,NaN,iOS,250.27.xx.xx (HN),M,2019-07-08,1999-12-29,0,2019-07-08,BRANCH,1,SMART_OTP,Commercial associate,55000000.0,1,105500000.0,3,169000000.0,5,208320000.0,7,517420000.0,14,627320000.0,18,930089.2483333334,48102848.8372093,172,0.08333333333333333,0,999.0,LOGIN,0.0,11.0,0.09925610726790499,-0.817113710427979
3850,-0.5672206280512669,Payment,Credit_card_repayment,2019-07-25,Thu,15,4,58500000.0,NaN,iOS,187.94.xx.xx (HN),M,2019-07-08,1999-12-29,0,2019-07-08,BRANCH,1,SMART_OTP,Commercial associate,58500000.0,1,83500000.0,2,239000000.0,6,291820000.0,9,600920000.0,16,710820000.0,20,930089.2483333334,48102848.8372093,172,0.125,0,999.0,LOGIN,0.0,13.0,0.09925610726790499,-0.817113710427979
3850,-0.5707260268907839,Payment,Credit_card_repayment,2019-07-27,Sat,11,3,63500000.0,NaN,iOS,175.245.xx.xx (HN),M,2019-07-08,1999-12-29,0,2019-07-08,BRANCH,1,SMART_OTP,Commercial associate,63500000.0,1,63500000.0,1,63500000.0,1,216500000.0,5,540920000.0,15,788820000.0,22,930089.2483333334,48102848.8372093,172,1.6666666666666667,0,999.0,LOGIN,0.0,15.0,0.09925610726790499,-0.817113710427979
3850,-0.58043925615948,Payment,Credit_card_repayment,2019-07-29,Mon,9,1,70000000.0,NaN,iOS,12.249.xx.xx (HN),M,2019-07-08,1999-12-29,0,2019-07-08,BRANCH,1,SMART_OTP,Commercial associate,70000000.0,1,70000000.0,1,70000000.0,1,133500000.0,2,580920000.0,15,858820000.0,23,930089.2483333334,48102848.8372093,172,1.9166666666666667,0,999.0,LOGIN,0.0,16.0,0.09925610726790499,-0.817113710427979
3850,-0.6036045672877904,Payment,Credit_card_repayment,2019-08-02,Fri,19,6,180000000.0,NaN,Android,156.218.xx.xx (HCM),M,2019-07-08,1999-12-29,0,2019-07-08,BRANCH,1,SMART_OTP,Commercial associate,180000000.0,1,180000000.0,1,180000000.0,1,290000000.0,3,515500000.0,7,1240820000.0,28,930089.2483333334,48102848.8372093,172,1.125,0,999.0,LOGIN,0.0,21.0,0.09925610726790499,-0.817113710427979
3850,-0.5705904958276141,Payment,Credit_card_repayment,2019-08-05,Mon,11,3,70000000.0,NaN,iOS,5.22.xx.xx (HN),M,2019-07-08,1999-12-29,0,2019-07-08,BRANCH,1,SMART_OTP,Commercial associate,70000000.0,1,70000000.0,1,70000000.0,1,127000000.0,2,509000000.0,7,1367820000.0,30,930089.2483333334,48102848.8372093,172,1.875,0,999.0,LOGIN,0.0,23.0,0.09925610726790499,-0.817113710427979
3850,-0.5736097095208245,Payment,Credit_card_repayment,2019-08-05,Mon,14,4,108600000.0,NaN,iOS,36.222.xx.xx (HN),M,2019-07-08,1999-12-29,0,2019-07-08,BRANCH,1,SMART_OTP,Commercial associate,108600000.0,1,178600000.0,2,178600000.0,2,235600000.0,3,617600000.0,8,1476420000.0,31,930089.2483333334,48102848.8372093,172,0.125,0,999.0,LOGIN,0.0,25.0,0.09925610726790499,-0.817113710427979
3850,-0.602396695877494,Payment,Credit_card_repayment,2019-08-12,Mon,13,4,131300000.0,NaN,Web,130.102.xx.xx (CT),M,2019-07-08,1999-12-29,0,2019-07-08,BRANCH,1,SMART_OTP,Commercial associate,131300000.0,1,131300000.0,1,131300000.0,1,131300000.0,1,336400000.0,4,1668020000.0,33,930089.2483333334,48102848.8372093,172,5.041666666666667,0,999.0,LOGIN,0.0,28.0,0.09925610726790499,-0.817113710427979
3850,-0.5782862822169329,Payment,Credit_card_repayment,2019-08-20,Tue,14,8,109000000.0,NaN,iOS,219.143.xx.xx (HN),M,2019-07-08,1999-12-29,0,2019-07-08,BRANCH,1,SMART_OTP,Commercial associate,109000000.0,1,109000000.0,1,140030000.0,3,140030000.0,3,169130000.0,4,1595450000.0,30,930089.2483333334,48102848.8372093,172,0.9166666666666666,0,999.0,LOGIN,0.0,32.0,0.09925610726790499,-0.817113710427979
3850,-0.567964664877442,Payment,Credit_card_repayment,2019-08-20,Tue,15,3,84000000.0,NaN,iOS,121.71.xx.xx (HN),M,2019-07-08,1999-12-29,0,2019-07-08,BRANCH,1,SMART_OTP,Commercial associate,193000000.0,2,193000000.0,2,223000000.0,3,224030000.0,4,253130000.0,5,1679450000.0,31,930089.2483333334,48102848.8372093,172,0.041666666666666664,0,999.0,LOGIN,0.0,33.0,0.09925610726790499,-0.817113710427979
3850,-0.5755244932150777,Payment,Credit_card_repayment,2019-08-27,Tue,10,3,137000000.0,NaN,iOS,78.43.xx.xx (HN),M,2019-07-08,1999-12-29,0,2019-07-08,BRANCH,1,SMART_OTP,Commercial associate,137000000.0,1,137000000.0,1,209250000.0,4,272450000.0,7,868350000.0,20,1843880000.0,35,930089.2483333334,48102848.8372093,172,0.7916666666666666,0,999.0,LOGIN,0.0,51.0,0.09925610726790499,-0.817113710427979
3850,-0.5998461142469879,Payment,Credit_card_repayment,2019-09-03,Tue,8,5,137100000.0,NaN,iOS,251.48.xx.xx (HN),M,2019-07-08,1999-12-29,0,2019-07-08,BRANCH,1,SMART_OTP,Commercial associate,137100000.0,1,137100000.0,1,137100000.0,1,137100000.0,1,603770000.0,9,1801650000.0,36,930089.2483333334,48102848.8372093,172,3.625,0,999.0,LOGIN,0.0,58.0,0.09925610726790499,-0.817113710427979
3850,-0.5765682360568737,Payment,Credit_card_repayment,2019-09-03,Tue,9,3,100000000.0,NaN,iOS,176.155.xx.xx (HN),M,2019-07-08,1999-12-29,0,2019-07-08,BRANCH,1,SMART_OTP,Commercial associate,237100000.0,2,237100000.0,2,237100000.0,2,237100000.0,2,703770000.0,10,1901650000.0,37,930089.2483333334,48102848.8372093,172,0.041666666666666664,0,999.0,LOGIN,0.0,59.0,0.09925610726790499,-0.817113710427979
3850,-0.5690766090167088,Payment,Credit_card_repayment,2019-09-04,Wed,18,3,70000000.0,NaN,iOS,106.173.xx.xx (HN),M,2019-07-08,1999-12-29,0,2019-07-08,BRANCH,1,SMART_OTP,Commercial associate,70000000.0,1,70000000.0,1,70000000.0,1,307100000.0,3,455100000.0,6,1793050000.0,36,930089.2483333334,48102848.8372093,172,1.375,0,999.0,LOGIN,0.0,60.0,0.09925610726790499,-0.817113710427979
3850,-0.5787627268753976,Payment,Credit_card_repayment,2019-09-07,Sat,9,3,77500000.0,NaN,iOS,91.57.xx.xx (HN),M,2019-07-08,1999-12-29,0,2019-07-08,BRANCH,1,SMART_OTP,Commercial associate,77500000.0,1,77500000.0,1,77500000.0,1,77500000.0,1,384600000.0,4,1774050000.0,35,930089.2483333334,48102848.8372093,172,2.625,0,999.0,LOGIN,0.0,61.0,0.09925610726790499,-0.817113710427979
3850,-0.5710410108788716,Payment,Credit_card_repayment,2019-09-17,Tue,16,2,20000000.0,NaN,iOS,176.246.xx.xx (HN),M,2019-07-08,1999-12-29,0,2019-07-08,BRANCH,1,SMART_OTP,Commercial associate,20000000.0,1,20000000.0,1,20000000.0,1,20000000.0,1,20000000.0,1,1703650000.0,35,930089.2483333334,48102848.8372093,172,9.958333333333334,0,999.0,LOGIN,0.0,63.0,0.09925610726790499,-0.817113710427979
3850,-0.5775797886406189,Payment,Credit_card_repayment,2019-09-19,Thu,16,5,103500000.0,NaN,iOS,11.179.xx.xx (HN),M,2019-07-08,1999-12-29,0,2019-07-08,BRANCH,1,SMART_OTP,Commercial associate,103500000.0,1,103500000.0,1,103500000.0,1,123500000.0,2,123500000.0,2,1583120000.0,32,930089.2483333334,48102848.8372093,172,2.0,0,999.0,LOGIN,0.0,64.0,0.09925610726790499,-0.817113710427979
3850,-0.5650185515984967,Payment,Credit_card_repayment,2019-09-24,Tue,10,6,122500000.0,NaN,iOS,135.20.xx.xx (HN),M,2019-07-08,1999-12-29,0,2019-07-08,BRANCH,1,SMART_OTP,Commercial associate,122500000.0,1,122500000.0,1,199600000.0,5,256600000.0,7,637300000.0,16,1694020000.0,35,930089.2483333334,48102848.8372093,172,0.5833333333333334,1,999.0,LOGIN,0.0,77.0,0.09925610726790499,-0.817113710427979
3850,-0.5761879382795553,Payment,Credit_card_repayment,2019-09-30,Mon,9,7,66100000.0,NaN,iOS,164.137.xx.xx (HN),M,2019-07-08,1999-12-29,0,2019-07-08,BRANCH,1,SMART_OTP,Commercial associate,66100000.0,1,66100000.0,1,66100000.0,1,66100000.0,1,471700000.0,10,1364000000.0,26,930089.2483333334,48102848.8372093,172,4.0,0,999.0,LOGIN,0.0,82.0,0.09925610726790499,-0.817113710427979
3850,-0.5715026383565311,Payment,Credit_card_repayment,2019-10-01,Tue,10,4,74000000.0,NaN,iOS,32.216.xx.xx (HN),M,2019-07-08,1999-12-29,0,2019-07-08,BRANCH,1,SMART_OTP,Commercial associate,74000000.0,1,75500000.0,2,75500000.0,2,141600000.0,3,470100000.0,8,1439500000.0,28,930089.2483333334,48102848.8372093,172,0.08333333333333333,0,999.0,LOGIN,0.0,84.0,0.09925610726790499,-0.817113710427979
3850,-0.5684241094724355,Payment,Credit_card_repayment,2019-10-02,Wed,8,4,77200000.0,NaN,iOS,133.163.xx.xx (HN),M,2019-07-08,1999-12-29,0,2019-07-08,BRANCH,1,SMART_OTP,Commercial associate,77200000.0,1,124200000.0,2,199700000.0,4,265800000.0,5,409800000.0,8,1563700000.0,30,930089.2483333334,48102848.8372093,172,0.041666666666666664,0,999.0,LOGIN,0.0,86.0,0.09925610726790499,-0.817113710427979
3850,-0.5694991702424163,Payment,Credit_card_repayment,2019-10-02,Wed,9,3,84000000.0,NaN,iOS,230.149.xx.xx (TH),M,2019-07-08,1999-12-29,0,2019-07-08,BRANCH,1,SMART_OTP,Commercial associate,161200000.0,2,208200000.0,3,282200000.0,4,349800000.0,6,493800000.0,9,1647700000.0,31,930089.2483333334,48102848.8372093,172,0.041666666666666664,0,999.0,LOGIN,0.0,87.0,0.09925610726790499,-0.817113710427979
3850,-0.5741298545257673,Payment,Credit_card_repayment,2019-10-04,Fri,10,5,115000000.0,NaN,iOS,97.108.xx.xx (HN),M,2019-07-08,1999-12-29,0,2019-07-08,BRANCH,1,SMART_OTP,Commercial associate,115000000.0,1,115000000.0,1,180000000.0,2,181500000.0,3,531300000.0,9,1592100000.0,32,930089.2483333334,48102848.8372093,172,0.9583333333333334,0,999.0,LOGIN,0.0,90.0,0.09925610726790499,-0.817113710427979
3850,-0.6031020263667112,Payment,Credit_card_repayment,2019-10-30,Wed,9,6,218500000.0,NaN,iOS,229.139.xx.xx (HN),M,2019-07-08,1999-12-29,0,2019-07-08,BRANCH,1,SMART_OTP,Commercial associate,220900000.0,3,221900000.0,4,221900000.0,4,411900000.0,8,548900000.0,13,1166700000.0,25,930089.2483333334,48102848.8372093,172,0.0,1,999.0,LOGIN,0.0,102.0,0.09925610726790499,-0.817113710427979
3850,-0.5814886595014351,Payment,Credit_card_repayment,2019-11-02,Sat,12,4,100000000.0,NaN,iOS,125.126.xx.xx (HN),M,2019-07-08,1999-12-29,0,2019-07-08,BRANCH,1,SMART_OTP,Commercial associate,100000000.0,1,100000000.0,1,147000000.0,2,233000000.0,3,788000000.0,15,1085500000.0,22,930089.2483333334,48102848.8372093,172,0.25,0,999.0,LOGIN,0.0,107.0,0.09925610726790499,-0.817113710427979
3850,-0.5728850574840841,Payment,Credit_card_repayment,2019-11-04,Mon,9,3,58100000.0,NaN,iOS,161.164.xx.xx (HN),M,2019-07-08,1999-12-29,0,2019-07-08,BRANCH,1,SMART_OTP,Commercial associate,58100000.0,1,58100000.0,1,58100000.0,1,262100000.0,4,909100000.0,16,1132600000.0,24,930089.2483333334,48102848.8372093,172,1.0416666666666667,0,999.0,LOGIN,0.0,109.0,0.09925610726790499,-0.817113710427979
3850,-0.5790857787842871,Payment,Credit_card_repayment,2019-11-04,Mon,10,2,61000000.0,NaN,iOS,83.108.xx.xx (HN),M,2019-07-08,1999-12-29,0,2019-07-08,BRANCH,1,SMART_OTP,Commercial associate,119100000.0,2,119100000.0,2,119100000.0,2,323100000.0,5,932100000.0,16,1193600000.0,25,930089.2483333334,48102848.8372093,172,0.041666666666666664,0,999.0,LOGIN,0.0,110.0,0.09925610726790499,-0.817113710427979
3850,-0.6049400150393744,Payment,Credit_card_repayment,2019-11-18,Mon,11,2,58000000.0,NaN,iOS,119.112.xx.xx (HN),M,2019-07-08,1999-12-29,0,2019-07-08,BRANCH,1,SMART_OTP,Commercial associate,58000000.0,1,58000000.0,1,58000000.0,1,58000000.0,1,58000000.0,1,1251600000.0,26,930089.2483333334,48102848.8372093,172,13.916666666666666,0,999.0,LOGIN,0.0,112.0,0.09925610726790499,-0.817113710427979
3850,-0.5656599599029222,Payment,Credit_card_repayment,2019-11-18,Mon,12,1,30000000.0,NaN,iOS,213.120.xx.xx (HN),M,2019-07-08,1999-12-29,0,2019-07-08,BRANCH,1,SMART_OTP,Commercial associate,88000000.0,2,88000000.0,2,88000000.0,2,88000000.0,2,88000000.0,2,1281600000.0,27,930089.2483333334,48102848.8372093,172,0.041666666666666664,0,999.0,LOGIN,0.0,113.0,0.09925610726790499,-0.817113710427979
3850,-0.5653716453072954,Payment,Credit_card_repayment,2019-11-21,Thu,10,3,89500000.0,NaN,iOS,163.248.xx.xx (HN),M,2019-07-08,1999-12-29,0,2019-07-08,BRANCH,1,SMART_OTP,Commercial associate,89750000.0,2,89750000.0,2,119250000.0,3,166250000.0,4,254250000.0,6,1418350000.0,29,930089.2483333334,48102848.8372093,172,0.0,1,999.0,LOGIN,0.0,116.0,0.09925610726790499,-0.817113710427979
3850,-0.5774812066095907,Payment,Credit_card_repayment,2019-11-28,Thu,20,4,100000000.0,NaN,iOS,7.214.xx.xx (HN),M,2019-07-08,1999-12-29,0,2019-07-08,BRANCH,1,SMART_OTP,Commercial associate,100000000.0,1,100000000.0,1,169500000.0,2,215500000.0,3,460800000.0,11,1552150000.0,31,930089.2483333334,48102848.8372093,172,0.16666666666666666,1,999.0,LOGIN,0.0,127.0,0.09925610726790499,-0.817113710427979
3850,-0.573982767276556,Payment,Credit_card_repayment,2019-11-30,Sat,7,6,113020000.0,NaN,iOS,99.87.xx.xx (HN),M,2019-07-08,1999-12-29,0,2019-07-08,BRANCH,1,SMART_OTP,Commercial associate,113020000.0,1,113020000.0,1,239220000.0,4,408720000.0,6,633020000.0,13,1569470000.0,31,930089.2483333334,48102848.8372093,172,0.6666666666666666,0,999.0,LOGIN,0.0,131.0,0.09925610726790499,-0.817113710427979
3850,-0.5942488346294393,Payment,Credit_card_repayment,2019-12-17,Tue,15,1,40450000.0,NaN,iOS,156.105.xx.xx (HN),M,2019-07-08,1999-12-29,0,2019-07-08,BRANCH,1,SMART_OTP,Commercial associate,40450000.0,1,40450000.0,1,40450000.0,1,40450000.0,1,40450000.0,1,1343220000.0,30,930089.2483333334,48102848.8372093,172,12.083333333333334,0,999.0,LOGIN,0.0,139.0,0.09925610726790499,-0.817113710427979
3850,-0.5758635080465716,Payment,Credit_card_repayment,2019-12-18,Wed,20,4,88000000.0,NaN,iOS,121.8.xx.xx (HN),M,2019-07-08,1999-12-29,0,2019-07-08,BRANCH,1,SMART_OTP,Commercial associate,88000000.0,1,88000000.0,1,88000000.0,1,128450000.0,2,128450000.0,2,1343220000.0,29,930089.2483333334,48102848.8372093,172,1.2083333333333333,0,999.0,LOGIN,0.0,140.0,0.09925610726790499,-0.817113710427979
3850,-0.5646961843519719,Payment,Credit_card_repayment,2019-12-20,Fri,14,4,87500000.0,NaN,iOS,67.241.xx.xx (HN),M,2019-07-08,1999-12-29,0,2019-07-08,BRANCH,1,SMART_OTP,Commercial associate,87500000.0,1,96500000.0,2,96500000.0,2,184500000.0,3,224950000.0,4,1392720000.0,30,930089.2483333334,48102848.8372093,172,0.041666666666666664,0,999.0,LOGIN,0.0,142.0,0.09925610726790499,-0.817113710427979
3918,-0.5890141052471356,Topup,Mobile,2019-12-31,Tue,11,1,200000.0,NaN,Android,186.169.xx.xx (NA),M,2019-08-13,1985-02-09,0,2019-08-30,AUTO-JOB,1,SMART_OTP,Working,200000.0,1,200000.0,1,200000.0,1,200000.0,1,200000.0,1,200000.0,1,3450163.018,200000.0,1,123.45833333333333,0,187.0,LOGIN_FACEID,0.44117634083048796,34.0,0.0,-1.2466173963211127
3976,-0.5912336303182996,Transfer,Within_bank,2019-12-02,Mon,8,2,43500000.0,924982,Android,189.186.xx.xx (DN),M,2019-09-05,1995-09-19,1,2019-09-05,BRANCH,1,SMART_OTP,State servant,43500000.0,1,43500000.0,1,43500000.0,1,43500000.0,1,52817000.0,8,55614000.0,20,1901087.4324999999,1193378.5714285714,70,2.875,1,2084.0,LOGIN,0.4150943135160809,159.0,0.1482989468700892,-1.2556418953645259
4100,-0.5826605706455341,Topup,eWallet,2019-04-27,Sat,5,1,20000.0,NaN,iOS,242.61.xx.xx (HCM),M,2019-04-24,1981-01-21,0,2019-04-24,BRANCH,1,SMART_OTP,Working,20000.0,1,20000.0,1,1420000.0,3,1420000.0,3,3560260.0,9,3560260.0,9,277667.8644444444,1254546.844919786,187,0.5416666666666666,0,17.0,LOGIN,0.0,19.0,0.11403500190305525,-1.0299337471630408
4100,-0.6041822979545467,Payment,QR_payment,2019-04-28,Sun,1,1,700000.0,NaN,iOS,147.235.xx.xx (HCM),M,2019-04-24,1981-01-21,0,2019-04-24,BRANCH,1,SMART_OTP,Working,700000.0,1,700000.0,1,720000.0,2,2120000.0,4,4260260.0,10,4260260.0,10,277667.8644444444,1254546.844919786,187,0.8333333333333334,0,37.0,LOGIN,0.0,24.0,0.11403500190305525,-1.0299337471630408
4100,-0.6555543840333501,Topup,eWallet,2019-07-11,Thu,0,1,20000000.0,NaN,iOS,23.79.xx.xx (HCM),M,2019-04-24,1981-01-21,0,2019-04-24,BRANCH,1,SMART_OTP,Working,25000000.0,2,25000000.0,2,25000000.0,2,25000000.0,2,25000000.0,2,40480000.0,7,277667.8644444444,1254546.844919786,187,8.833333333333334,0,1812.0,LOGIN,0.0,72.0,0.11403500190305525,-1.0299337471630408
4100,-0.6317638884633016,Transfer,Outside_bank,2019-08-26,Mon,1,3,16500000.0,229056,iOS,71.250.xx.xx (HCM),M,2019-04-24,1981-01-21,0,2019-04-24,BRANCH,1,SMART_OTP,Working,16500000.0,1,24500000.0,2,27250000.0,7,28110000.0,9,36910000.0,22,59950000.0,43,277667.8644444444,1254546.844919786,187,0.125,7,565.0,LOGIN,0.005813953150351561,172.0,0.11403500190305525,-1.0299337471630408
4194,-0.5653860813005518,Transfer,Outside_bank,2019-11-05,Tue,9,1,5000000.0,937330,Android,134.81.xx.xx (HN),M,2019-10-29,1995-02-16,0,2019-11-05,BRANCH,1,SMART_OTP,State servant,5000000.0,1,5000000.0,1,5000000.0,1,5000000.0,1,5000000.0,1,5000000.0,1,1095333.675,1012857.1428571428,7,0.375,1,0.0,LOGIN,0.0,0.0,2.0607446205875815,-1.3064763225646052
4207,-0.5758320042951023,Transfer,Outside_bank,2019-12-17,Tue,15,1,800000.0,208610,iOS,239.68.xx.xx (HN),F,2019-04-03,1985-01-21,0,2019-05-13,BRANCH,0,SMART_OTP,Commercial associate,800000.0,1,800000.0,1,800000.0,1,800000.0,1,800000.0,1,800000.0,1,5748428.876666666,800000.0,1,218.625,1,5238.0,LOGIN,0.0,94.0,0.0,-0.7950746539079367
4217,-0.586042113242687,Transfer,Outside_bank,2019-12-25,Wed,16,1,40000000.0,391340,iOS,183.191.xx.xx (DN),M,2019-12-18,1993-10-02,0,2019-12-19,BRANCH,1,SMART_OTP,State servant,40000000.0,1,45000000.0,2,67000000.0,3,103000000.0,8,203650000.0,25,203650000.0,25,128677.42,6777380.952380952,42,0.125,3,143.0,LOGIN,0.49999992857143877,70.0,0.3280058336643076,-1.5861772075424574
4245,-0.5674083057313293,Transfer,Outside_bank,2019-05-18,Sat,15,1,4100000.0,126436,Android,228.18.xx.xx (CT),F,2019-01-11,1994-01-19,0,2019-01-30,BRANCH,1,SMS,Working,4100000.0,1,4100000.0,1,4100000.0,1,4100000.0,1,4100000.0,1,4100000.0,1,384250.7525,3216666.6666666665,3,108.625,1,999.0,LOGIN,0.0,4.0,0.0,-1.8798676088485247
4288,-0.5690245721172089,Topup,eWallet,2019-10-07,Mon,1,1,100000.0,NaN,iOS,180.224.xx.xx (DN),F,2019-03-22,1972-10-01,0,2019-03-22,BRANCH,0,SMART_OTP,Working,100000.0,1,100000.0,1,100000.0,1,100000.0,1,100000.0,1,1960000.0,7,2058487.9514285715,683541.6666666666,24,9.166666666666666,0,4767.0,LOGIN_FINGER,0.4459458856829884,74.0,0.12157107904957963,-1.1536972210763603
4391,-0.5701459319019402,Transfer,Outside_bank,2019-12-18,Wed,15,4,99870000.0,161690,Web,121.162.xx.xx (HN),F,2019-07-16,1997-10-03,0,2019-07-16,BRANCH,0,SMART_OTP,State servant,99870000.0,1,99870000.0,1,99870000.0,1,99870000.0,1,99870000.0,1,99870000.0,1,136220.43166666667,26401545.454545453,11,32.166666666666664,1,999.0,LOGIN,0.0,10.0,0.19527256593594938,-1.5155450166052156
4401,-0.6013205095237116,Payment,Credit_card_repayment,2019-08-12,Mon,13,1,1000000.0,NaN,Android,218.208.xx.xx (DN),F,2019-07-18,1992-01-02,0,2019-07-18,AUTO-JOB,0,SMART_OTP,Businessman,1000000.0,1,1000000.0,1,1000000.0,1,1000000.0,1,1000000.0,1,1000000.0,1,90322.58,1460000.0,5,25.541666666666668,0,999.0,LOGIN_FINGER,0.45161275754427177,31.0,1.2005453658296201,-1.0334682204422148
4401,-0.6063801277194817,Payment,Credit_card_repayment,2019-09-13,Fri,11,1,1200000.0,NaN,Android,112.236.xx.xx (DN),F,2019-07-18,1992-01-02,0,2019-07-18,AUTO-JOB,0,SMART_OTP,Businessman,1200000.0,1,1200000.0,1,1200000.0,1,1200000.0,1,1200000.0,1,1200000.0,1,90322.58,1460000.0,5,31.916666666666668,0,999.0,LOGIN,0.47368412742383725,57.0,1.2005453658296201,-1.0334682204422148
4401,-0.618272038735251,Payment,Credit_card_repayment,2019-10-22,Tue,9,1,1500000.0,NaN,Android,107.207.xx.xx (DN),F,2019-07-18,1992-01-02,0,2019-07-18,AUTO-JOB,0,SMART_OTP,Businessman,1500000.0,1,1500000.0,1,1500000.0,1,1500000.0,1,1500000.0,1,1500000.0,1,90322.58,1460000.0,5,38.916666666666664,0,999.0,LOGIN,0.48351643038280984,91.0,1.2005453658296201,-1.0334682204422148
4401,-0.6160076983877494,Payment,Credit_card_repayment,2019-11-21,Thu,12,1,1800000.0,NaN,Android,189.41.xx.xx (DN),F,2019-07-18,1992-01-02,0,2019-07-18,AUTO-JOB,0,SMART_OTP,Businessman,1800000.0,1,1800000.0,1,1800000.0,1,1800000.0,1,1800000.0,1,1800000.0,1,90322.58,1460000.0,5,30.125,0,999.0,LOGIN,0.4845360325220585,97.0,1.2005453658296201,-1.0334682204422148
4401,-0.6383137237403439,Payment,Credit_card_repayment,2019-12-20,Fri,12,1,1800000.0,NaN,Android,201.210.xx.xx (DN),F,2019-07-18,1992-01-02,0,2019-07-18,AUTO-JOB,0,SMART_OTP,Businessman,1800000.0,1,1800000.0,1,1800000.0,1,1800000.0,1,1800000.0,1,3600000.0,2,90322.58,1460000.0,5,29.0,0,0.0,LOGIN,0.4857142394557867,105.0,1.2005453658296201,-1.0334682204422148
4494,-0.5836109864623071,Payment,Credit_card_repayment,2019-10-03,Thu,14,1,3000000.0,NaN,Android,170.183.xx.xx (HCM),M,2019-08-20,1981-03-01,0,2019-08-20,AUTO-JOB,0,SMART_OTP,State servant,3000000.0,1,3000000.0,1,3000000.0,1,3000000.0,1,3000000.0,1,3000000.0,1,186407.09666666668,11504020.4,5,44.583333333333336,0,1059.0,LOGIN,0.0,7.0,0.7644738460336729,-1.115713477872039
4494,-0.6248585818344264,Payment,Credit_card_repayment,2019-11-18,Mon,21,1,50747113.0,NaN,Android,186.227.xx.xx (HCM),M,2019-08-20,1981-03-01,0,2019-08-20,AUTO-JOB,0,SMART_OTP,State servant,50747113.0,1,50747113.0,1,50747113.0,1,50747113.0,1,50747113.0,1,54247113.0,2,186407.09666666668,11504020.4,5,21.166666666666668,0,2170.0,LOGIN,0.0,24.0,0.7644738460336729,-1.115713477872039
4569,-0.6490572124687545,Payment,Credit_card_repayment,2019-12-24,Tue,14,1,5000000.0,NaN,Android,35.220.xx.xx (HCM),F,2019-05-30,1984-12-25,0,2019-11-15,AUTO-JOB,0,SMART_OTP,State servant,5000000.0,1,5000000.0,1,5000000.0,1,5000000.0,1,5000000.0,1,5000000.0,1,45800.83125,5000000.0,1,39.583333333333336,0,0.0,LOGIN,0.0,0.0,0.0,-1.1292716077234677
4596,-0.6101535794060035,Transfer,Outside_bank,2019-05-24,Fri,0,1,15500000.0,534364,iOS,220.145.xx.xx (HN),F,2019-03-14,1999-06-08,0,2019-03-14,BRANCH,1,SMART_OTP,Commercial associate,15500000.0,1,15500000.0,1,15500000.0,1,15500000.0,1,16500000.0,2,17085185.0,5,9064685.079,1687281.4772727273,44,3.0416666666666665,1,1688.0,LOGIN,0.0,38.0,0.08700805299831009,-1.6070681023131128
4596,-0.57741227555798,Topup,eWallet,2019-11-06,Wed,0,1,75000.0,NaN,iOS,69.108.xx.xx (HN),F,2019-03-14,1999-06-08,0,2019-03-14,BRANCH,1,SMART_OTP,Commercial associate,544000.0,2,544000.0,2,544000.0,2,544000.0,2,544000.0,2,1919000.0,7,9064685.079,1687281.4772727273,44,0.041666666666666664,0,5672.0,LOGIN,0.2566371454303411,113.0,0.08700805299831009,-1.6070681023131128
4596,-0.6009435524719062,Transfer,Outside_bank,2019-11-24,Sun,16,1,20000000.0,898502,iOS,45.133.xx.xx (HN),F,2019-03-14,1999-06-08,0,2019-03-14,BRANCH,1,SMART_OTP,Commercial associate,20000000.0,1,20000000.0,1,20000000.0,1,20000000.0,1,20000000.0,1,24808100.0,8,9064685.079,1687281.4772727273,44,11.041666666666666,1,6120.0,LOGIN,0.3034482549346031,145.0,0.08700805299831009,-1.6070681023131128
4836,-0.604014632642567,Payment,Credit_card_repayment,2019-12-16,Mon,14,1,2785135.0,NaN,iOS,42.240.xx.xx (HN),M,2019-11-01,1988-09-30,0,2019-11-05,BRANCH,0,SMART_OTP,Commercial associate,2785135.0,1,2785135.0,1,2785135.0,1,2785135.0,1,2785135.0,1,2785135.0,1,1314797.285,2785135.0,1,41.583333333333336,0,982.0,LOGIN_FINGER,0.47368408587260896,38.0,0.0,-1.0612139034619055
4841,-0.597065211950123,Transfer,Outside_bank,2019-09-09,Mon,12,4,6242000.0,832548,iOS,225.168.xx.xx (HCM),F,2019-03-19,1989-08-18,0,2019-03-19,BRANCH,1,SMART_OTP,Working,6242000.0,1,6242000.0,1,6242000.0,1,6242000.0,1,6242000.0,1,6242000.0,1,1825134.882,1348818.1818181819,22,84.125,1,0.0,LOGIN,0.0,9.0,0.17178017731225542,-1.3806230100609571
4918,-0.568759584675707,Payment,Credit_card_repayment,2019-10-04,Fri,10,1,7000000.0,NaN,iOS,4.188.xx.xx (HCM),F,2019-01-10,1992-05-12,0,2019-02-14,MYbank,1,SMART_OTP,Working,7000000.0,1,7000000.0,1,7000000.0,1,7000000.0,1,7000000.0,1,17949120.0,9,1795805.216,2369542.4210526315,38,9.0,0,5565.0,LOGIN_FACEID,0.2857142729591842,224.0,0.30757224841571046,-1.1108817505214055
4918,-0.6090970973942661,Payment,Credit_card_repayment,2019-12-24,Tue,8,1,3000000.0,NaN,iOS,2.153.xx.xx (HCM),F,2019-01-10,1992-05-12,0,2019-02-14,MYbank,1,SMART_OTP,Working,3000000.0,1,3000000.0,1,3000000.0,1,3000000.0,1,3000000.0,1,3000000.0,1,1795805.216,2369542.4210526315,38,31.875,0,7507.0,LOGIN,0.3303303204105009,333.0,0.30757224841571046,-1.1108817505214055
4944,-0.5814715802579885,Transfer,Outside_bank,2019-12-26,Thu,16,1,50000000.0,621413,Android,202.115.xx.xx (HN),M,2019-08-05,1976-08-10,0,2019-08-05,BRANCH,0,SMART_OTP,Businessman,50000000.0,1,50000000.0,1,50000000.0,1,50000000.0,1,50000000.0,1,50000000.0,1,3679594.118,50000000.0,1,143.66666666666666,1,126.0,LOGIN,0.0,5.0,0.0,-0.9079951329056203
5082,-0.5697033667333024,Transfer,Outside_bank,2019-11-04,Mon,18,1,14300000.0,135406,iOS,250.117.xx.xx (HN),M,2019-05-23,1991-05-03,0,2019-06-13,BRANCH,1,SMS,Commercial associate,19300000.0,2,19300000.0,2,19300000.0,2,19300000.0,2,19300000.0,2,19350000.0,3,275601.6185714285,7308333.333333333,12,21.208333333333332,1,3459.0,LOGIN,0.1428570408163994,14.0,0.49499316024701456,-1.7337719423836029
5084,-0.5711358759453046,Transfer,Within_bank,2019-06-21,Fri,2,1,12000000.0,861541,Android,83.124.xx.xx (NA),M,2019-03-11,1992-11-25,1,2019-03-15,BRANCH,1,SMART_OTP,Working,12000000.0,1,18960000.0,2,18960000.0,2,18960000.0,2,20670000.0,6,54041000.0,25,6461368.34,2486647.0516129034,310,0.08333333333333333,2,2118.0,LOGIN,0.0,41.0,0.10633918011729279,-1.2340979527024143
5134,-0.6036137934741317,Payment,Credit_card_repayment,2019-07-02,Tue,16,3,12967126.0,NaN,iOS,60.166.xx.xx (DN),F,2019-05-31,1988-01-14,0,2019-05-31,AUTO-JOB,0,SMART_OTP,Working,12967126.0,1,12967126.0,1,12967126.0,1,12967126.0,1,12967126.0,1,12967126.0,1,1824454.4683333335,30985946.0,7,32.666666666666664,0,999.0,UNKNOWN,0.0,0.0,1.2611711670114918,-1.1728070042696883
5134,-0.6391437898669244,Payment,Credit_card_repayment,2019-09-03,Tue,9,1,50000000.0,NaN,iOS,196.192.xx.xx (DN),F,2019-05-31,1988-01-14,0,2019-05-31,AUTO-JOB,0,SMART_OTP,Working,50000000.0,1,50000000.0,1,50000000.0,1,50000000.0,1,50000000.0,1,50000000.0,1,1824454.4683333335,30985946.0,7,62.708333333333336,0,999.0,LOGIN_FACEID,0.45454504132268975,11.0,1.2611711670114918,-1.1728070042696883
5134,-0.5647149481214534,Transfer,Outside_bank,2019-10-21,Mon,8,1,800000.0,522773,iOS,152.198.xx.xx (DN),F,2019-05-31,1988-01-14,0,2019-05-31,AUTO-JOB,0,SMART_OTP,Working,800000.0,1,800000.0,1,800000.0,1,800000.0,1,800000.0,1,800000.0,1,1824454.4683333335,30985946.0,7,47.958333333333336,1,999.0,LOGIN_FACEID,0.4761902494332146,21.0,1.2611711670114918,-1.1728070042696883
5134,-0.6094411009478872,Payment,Credit_card_repayment,2019-11-04,Mon,16,1,50000000.0,NaN,iOS,71.4.xx.xx (DN),F,2019-05-31,1988-01-14,0,2019-05-31,AUTO-JOB,0,SMART_OTP,Working,50000000.0,1,50000000.0,1,50000000.0,1,50000000.0,1,50000000.0,1,50800000.0,2,1824454.4683333335,30985946.0,7,14.333333333333334,0,999.0,LOGIN,0.49999979166675346,24.0,1.2611711670114918,-1.1728070042696883
5134,-0.6382692833967089,Payment,Credit_card_repayment,2019-12-10,Tue,11,2,51819435.0,NaN,iOS,43.171.xx.xx (DN),F,2019-05-31,1988-01-14,0,2019-05-31,AUTO-JOB,0,SMART_OTP,Working,51819435.0,1,51819435.0,1,51819435.0,1,51819435.0,1,51819435.0,1,51819435.0,1,1824454.4683333335,30985946.0,7,35.791666666666664,0,999.0,LOGIN_FACEID,0.4864863550036878,37.0,1.2611711670114918,-1.1728070042696883
5134,-0.5771586649836253,Payment,Credit_card_repayment,2019-12-30,Mon,9,1,1315061.0,NaN,iOS,111.232.xx.xx (DN),F,2019-05-31,1988-01-14,0,2019-05-31,AUTO-JOB,0,SMART_OTP,Working,1315061.0,1,1315061.0,1,1315061.0,1,1315061.0,1,1315061.0,1,53134496.0,2,1824454.4683333335,30985946.0,7,19.916666666666668,0,999.0,LOGIN,0.4888887802469377,45.0,1.2611711670114918,-1.1728070042696883
5148,-0.6139179833613607,Payment,Lifestyle_payment,2019-07-23,Tue,13,1,2160000.0,NaN,iOS,49.50.xx.xx (HCM),M,2019-04-22,1986-08-26,0,2019-04-22,BRANCH,1,SMS,Working,2160000.0,1,2160000.0,1,2160000.0,1,2160000.0,1,2160000.0,1,2160000.0,1,43110752.72666667,27983869.56521739,23,92.54166666666667,0,0.0,LOGIN_FINGER,0.0,1.0,0.18031895443835438,-1.2492672453126163
5171,-0.5888936092860297,Transfer,Outside_bank,2019-10-25,Fri,15,1,200000000.0,316858,iOS,178.146.xx.xx (HP),M,2019-02-02,1986-01-01,0,2019-03-25,MYbank,1,SMS,Working,200000000.0,1,200000000.0,1,200000000.0,1,200000000.0,1,245456370.0,6,324412170.0,14,7728287.171818182,11736062.849673202,153,2.0833333333333335,1,5129.0,LOGIN,0.0,163.0,0.10483496937537547,-1.206239429499153
5185,-0.6531803895346716,Payment,Credit_card_repayment,2019-09-23,Mon,9,1,1251000.0,NaN,iOS,229.188.xx.xx (HN),M,2019-01-05,1988-01-10,0,2019-01-19,BRANCH,0,SMART_OTP,Working,1251000.0,1,1251000.0,1,1251000.0,1,1251000.0,1,1251000.0,1,1251000.0,1,1608201.441,3843416.6666666665,6,247.375,0,5926.0,LOGIN,0.32098761469288706,81.0,1.2005453658296201,-1.112925814609523
5185,-0.5778023128932631,Transfer,Outside_bank,2019-10-08,Tue,9,2,16255000.0,685146,iOS,200.72.xx.xx (HN),M,2019-01-05,1988-01-10,0,2019-01-19,BRANCH,0,SMART_OTP,Working,16255000.0,1,16255000.0,1,16255000.0,1,16255000.0,1,16255000.0,1,17506000.0,2,1608201.441,3843416.6666666665,6,15.0,1,6286.0,LOGIN,0.34065930322425236,91.0,1.2005453658296201,-1.112925814609523
5185,-0.5782060327258375,Payment,Credit_card_repayment,2019-10-17,Thu,9,1,1351500.0,NaN,iOS,88.205.xx.xx (HN),M,2019-01-05,1988-01-10,0,2019-01-19,BRANCH,0,SMART_OTP,Working,1351500.0,1,1351500.0,1,1351500.0,1,1351500.0,1,2851500.0,2,20357500.0,4,1608201.441,3843416.6666666665,6,5.041666666666667,0,6502.0,LOGIN,0.35643560827370213,101.0,1.2005453658296201,-1.112925814609523
5185,-0.6219422699524808,Payment,Credit_card_repayment,2019-11-18,Mon,14,1,1351500.0,NaN,iOS,230.108.xx.xx (HN),M,2019-01-05,1988-01-10,0,2019-01-19,BRANCH,0,SMART_OTP,Working,1351500.0,1,1351500.0,1,1351500.0,1,1351500.0,1,1351500.0,1,1351500.0,1,1608201.441,3843416.6666666665,6,32.208333333333336,0,7275.0,LOGIN_FACEID,0.3809523507180674,126.0,1.2005453658296201,-1.112925814609523
5185,-0.618665080522581,Payment,Credit_card_repayment,2019-12-17,Tue,11,1,1351500.0,NaN,iOS,155.115.xx.xx (HN),M,2019-01-05,1988-01-10,0,2019-01-19,BRANCH,0,SMART_OTP,Working,1351500.0,1,1351500.0,1,1351500.0,1,1351500.0,1,1351500.0,1,2703000.0,2,1608201.441,3843416.6666666665,6,28.875,0,7968.0,LOGIN_FACEID,0.3972602467629968,146.0,1.2005453658296201,-1.112925814609523
5234,-0.5756603279649369,Topup,eWallet,2019-05-09,Thu,3,1,30000.0,NaN,iOS,104.119.xx.xx (BD),M,2019-04-19,1993-09-28,0,2019-04-19,BRANCH,1,SMS,Commercial associate,30000.0,1,30000.0,1,30000.0,1,30000.0,1,30000.0,1,280000.0,2,175854.63555555555,1067866.6666666667,15,15.0,0,411.0,LOGIN,0.12499984375019532,8.0,0.2632716941463554,-1.0915337855799196
5251,-0.5918350444287749,Transfer,Outside_bank,2019-09-04,Wed,12,1,250000000.0,96211,iOS,198.22.xx.xx (DN),M,2019-06-05,1989-01-02,0,2019-06-05,BRANCH,1,SMART_OTP,Commercial associate,250000000.0,1,250000000.0,1,250000000.0,1,250000000.0,1,250000000.0,1,256000000.0,2,7538915.1528571425,91325954.57142857,7,26.75,1,2181.0,LOGIN,0.46666635555576297,15.0,0.8000520500083859,-1.4801463322016157
5251,-0.5939206914991003,Transfer,Outside_bank,2019-12-13,Fri,15,1,2500000.0,821832,iOS,253.23.xx.xx (DN),M,2019-06-05,1989-01-02,0,2019-06-05,BRANCH,1,SMART_OTP,Commercial associate,2500000.0,1,2500000.0,1,2500000.0,1,2500000.0,1,2500000.0,1,2500000.0,1,7538915.1528571425,91325954.57142857,7,100.125,1,4584.0,LOGIN,0.4761902494332146,21.0,0.8000520500083859,-1.4801463322016157
5310,-0.5693796475676759,Topup,eWallet,2019-10-15,Tue,0,1,10000.0,NaN,iOS,163.181.xx.xx (DN),M,2019-02-11,1993-02-01,0,2019-07-01,BRANCH,0,SMART_OTP,State servant,10000.0,1,10000.0,1,30000.0,2,72000.0,3,16772000.0,4,17322000.0,7,541604.4466666667,1923231.0444444444,45,0.16666666666666666,1,999.0,LOGIN,0.34146333135040696,41.0,0.2228222700365675,-1.1244490331869728
5310,-0.5832714452305219,Payment,Credit_card_repayment,2019-11-07,Thu,11,1,10000000.0,NaN,iOS,71.72.xx.xx (DN),M,2019-02-11,1993-02-01,0,2019-07-01,BRANCH,0,SMART_OTP,State servant,10000000.0,1,10000000.0,1,10028000.0,2,10028000.0,2,10028000.0,2,10100000.0,5,541604.4466666667,1923231.0444444444,45,0.5,0,999.0,LOGIN,0.32558131963225123,43.0,0.2228222700365675,-1.1244490331869728
5350,-0.580853360334092,Payment,Utilities_payment,2019-05-14,Tue,0,1,60490.0,NaN,iOS,246.203.xx.xx (BD),M,2019-05-03,1985-05-12,0,2019-05-03,BRANCH,1,SMS,State servant,60490.0,1,60490.0,1,60490.0,1,60490.0,1,60490.0,1,810328.0,3,23882291.18625,3511898.7027027025,37,7.083333333333333,0,254.0,LOGIN,0.0,22.0,0.33422335283342747,-0.98275352111169
5350,-0.5761165484401825,Transfer,Outside_bank,2019-08-12,Mon,0,1,16100000.0,825743,iOS,225.38.xx.xx (BD),M,2019-05-03,1985-05-12,0,2019-05-03,BRANCH,1,SMS,State servant,16100000.0,1,16100000.0,1,16100000.0,1,16100000.0,1,17815482.0,4,29875972.0,7,23882291.18625,3511898.7027027025,37,2.0416666666666665,1,2414.0,LOGIN,0.0,69.0,0.33422335283342747,-0.98275352111169
5350,-0.6047029352368462,Payment,Credit_card_repayment,2019-11-10,Sun,10,1,25680000.0,NaN,iOS,232.133.xx.xx (BD),M,2019-05-03,1985-05-12,0,2019-05-03,BRANCH,1,SMS,State servant,25680000.0,1,25680000.0,1,25680000.0,1,25680000.0,1,27265908.0,3,27338128.0,4,23882291.18625,3511898.7027027025,37,2.9166666666666665,0,4584.0,LOGIN,0.0,109.0,0.33422335283342747,-0.98275352111169
5445,-0.5657677604984894,Transfer,Outside_bank,2019-10-07,Mon,14,4,950000000.0,908113,Android,87.122.xx.xx (CT),M,2019-01-24,1986-10-03,0,2019-03-25,BRANCH,1,SMART_OTP,State servant,950000000.0,1,950000000.0,1,950000000.0,1,952000000.0,2,1726240746.0,10,1826240746.0,11,89432292.83,55269170.1547619,84,1.875,1,289.0,LOGIN,0.17333331022222528,75.0,0.0815363535680938,-1.3106871911255442
5550,-0.6117207161496059,Payment,Credit_card_repayment,2019-11-28,Thu,19,1,1307029.0,NaN,iOS,251.224.xx.xx (HCM),F,2019-09-18,1992-07-25,0,2019-10-04,BRANCH,0,SMART_OTP,Working,1307029.0,1,1307029.0,1,1307029.0,1,1307029.0,1,1307029.0,1,1307029.0,1,130420.875,3160884.0,2,55.791666666666664,0,1331.0,LOGIN_FINGER,0.4444441975310014,18.0,0.0,-1.1482705308766747
5550,-0.6174092755729389,Payment,Credit_card_repayment,2019-12-29,Sun,16,1,5014739.0,NaN,iOS,36.17.xx.xx (HCM),F,2019-09-18,1992-07-25,0,2019-10-04,BRANCH,0,SMART_OTP,Working,5014739.0,1,5014739.0,1,5014739.0,1,5014739.0,1,5014739.0,1,5014739.0,1,130420.875,3160884.0,2,30.875,0,2072.0,LOGIN,0.4838708116545769,31.0,0.0,-1.1482705308766747
5629,-0.5839309546825666,Topup,eWallet,2019-12-03,Tue,1,1,89330.0,NaN,iOS,43.244.xx.xx (NA),M,2019-10-23,1999-09-27,0,2019-12-01,MYbank,1,SMART_OTP,State servant,89330.0,1,89330.0,1,89330.0,1,278330.0,2,278330.0,2,278330.0,2,2872549.255,308541.25,8,1.375,0,33.0,LOGIN,0.0,0.0,0.5100732513789368,-1.4732198055046684
5757,-0.5893716806066196,Payment,Credit_card_repayment,2019-10-23,Wed,22,1,499000.0,NaN,iOS,47.248.xx.xx (TH),M,2019-08-20,1992-07-17,0,2019-08-20,BRANCH,1,SMART_OTP,State servant,499000.0,1,499000.0,1,499000.0,1,499000.0,1,499000.0,1,499000.0,1,9015587.132,67527611.0,6,64.91666666666667,0,1330.0,LOGIN,0.0,31.0,0.83024558513745,-0.8305512516605924
5822,-0.5661765585144461,Transfer,Outside_bank,2019-09-09,Mon,10,1,40000000.0,447414,Android,235.176.xx.xx (HN),M,2019-06-07,1991-05-05,0,2019-08-14,AUTO-JOB,1,SMART_OTP,Commercial associate,40000000.0,1,40000000.0,1,40000000.0,1,40000000.0,1,40000000.0,1,40000000.0,1,75948.63,40000000.0,1,26.416666666666668,1,1.0,LOGIN,0.0,1.0,0.0,-1.1262975272547209
5965,-0.5695127439582572,Transfer,Outside_bank,2019-07-17,Wed,14,1,50000000.0,343415,Android,58.59.xx.xx (DN),F,2019-02-26,1986-03-20,0,2019-02-26,BRANCH,1,SMART_OTP,Unemployed,50000000.0,1,50000000.0,1,50000000.0,1,50000000.0,1,50000000.0,1,50000000.0,1,13410765.73090909,30187500.0,4,141.58333333333334,1,3360.0,LOGIN,0.0,14.0,0.0,-0.9610724493315724
5965,-0.5835722463343294,Transfer,Outside_bank,2019-12-18,Wed,15,1,20000000.0,365022,Android,79.138.xx.xx (DN),F,2019-02-26,1986-03-20,0,2019-02-26,BRANCH,1,SMART_OTP,Unemployed,20000000.0,1,20000000.0,1,20000000.0,1,20000000.0,1,20000000.0,1,20000000.0,1,13410765.73090909,30187500.0,4,144.25,1,7057.0,LOGIN,0.0,26.0,0.0,-0.9610724493315724
5972,-0.5722848106408364,Payment,Credit_card_repayment,2019-04-23,Tue,18,2,45000000.0,NaN,Android,234.135.xx.xx (BD),M,2019-04-23,1991-10-15,0,2019-04-23,BRANCH,0,SMART_OTP,Working,45000000.0,1,45000000.0,1,45000000.0,1,45000000.0,1,45000000.0,1,45000000.0,1,998204.5166666667,91619114.28571428,70,0.75,0,6.0,LOGIN,0.0,1.0,0.07809551432749505,-0.9688116412167626
5972,-0.598855906168939,Payment,Credit_card_repayment,2019-04-23,Tue,21,4,160400000.0,NaN,Android,4.195.xx.xx (BD),M,2019-04-23,1991-10-15,0,2019-04-23,BRANCH,0,SMART_OTP,Working,160400000.0,1,205400000.0,2,205400000.0,2,205400000.0,2,205400000.0,2,205400000.0,2,998204.5166666667,91619114.28571428,70,0.125,0,9.0,LOGIN,0.0,2.0,0.07809551432749505,-0.9688116412167626
5972,-0.6061198082655302,Payment,Credit_card_repayment,2019-04-24,Wed,19,14,449250000.0,NaN,Android,113.148.xx.xx (BD),M,2019-04-23,1991-10-15,0,2019-04-23,BRANCH,0,SMART_OTP,Working,449250000.0,1,449250000.0,1,609650000.0,2,654650000.0,3,654650000.0,3,654650000.0,3,998204.5166666667,91619114.28571428,70,0.9166666666666666,0,31.0,LOGIN_FINGER,0.22222197530891633,9.0,0.07809551432749505,-0.9688116412167626
5972,-0.5865531785972561,Payment,Credit_card_repayment,2019-04-25,Thu,12,1,300000000.0,NaN,Android,85.238.xx.xx (BD),M,2019-04-23,1991-10-15,0,2019-04-23,BRANCH,0,SMART_OTP,Working,300000000.0,1,300000000.0,1,749250000.0,2,954650000.0,4,954650000.0,4,954650000.0,4,998204.5166666667,91619114.28571428,70,0.7083333333333334,0,48.0,LOGIN,0.33333305555578707,12.0,0.07809551432749505,-0.9688116412167626
5972,-0.5865566518399945,Payment,Credit_card_repayment,2019-04-25,Thu,17,9,191251000.0,NaN,Android,95.60.xx.xx (BD),M,2019-04-23,1991-10-15,0,2019-04-23,BRANCH,0,SMART_OTP,Working,191251000.0,1,191251000.0,1,940501000.0,3,1145901000.0,5,1145901000.0,5,1145901000.0,5,998204.5166666667,91619114.28571428,70,0.20833333333333334,0,53.0,LOGIN,0.30769207100609924,13.0,0.07809551432749505,-0.9688116412167626
5972,-0.5700152836423542,Payment,Credit_card_repayment,2019-05-14,Tue,11,2,46350000.0,NaN,Android,195.24.xx.xx (BD),M,2019-04-23,1991-10-15,0,2019-04-23,BRANCH,0,SMART_OTP,Working,46350000.0,1,46350000.0,1,46350000.0,1,46350000.0,1,46350000.0,1,1386722000.0,10,998204.5166666667,91619114.28571428,70,7.75,0,503.0,LOGIN_FINGER,0.32142845663269404,28.0,0.07809551432749505,-0.9688116412167626
5972,-0.5871348025378818,Payment,Credit_card_repayment,2019-05-29,Wed,11,4,308000000.0,NaN,Android,104.118.xx.xx (BD),M,2019-04-23,1991-10-15,0,2019-04-23,BRANCH,0,SMART_OTP,Working,308000000.0,1,308000000.0,1,308000000.0,1,308000000.0,1,492300000.0,6,922011000.0,14,998204.5166666667,91619114.28571428,70,5.0,0,863.0,LOGIN_FINGER,0.40384607618344687,52.0,0.07809551432749505,-0.9688116412167626
5972,-0.5664551863500162,Payment,Credit_card_repayment,2019-06-03,Mon,21,3,110100000.0,NaN,Android,163.183.xx.xx (BD),M,2019-04-23,1991-10-15,0,2019-04-23,BRANCH,0,SMART_OTP,Working,110100000.0,1,110100000.0,1,110100000.0,1,110100000.0,1,418100000.0,2,974371000.0,13,998204.5166666667,91619114.28571428,70,5.416666666666667,0,993.0,LOGIN_FINGER,0.4137930321046496,58.0,0.07809551432749505,-0.9688116412167626
5972,-0.5823206114388847,Payment,Credit_card_repayment,2019-06-12,Wed,9,1,79000000.0,NaN,Android,80.22.xx.xx (BD),M,2019-04-23,1991-10-15,0,2019-04-23,BRANCH,0,SMART_OTP,Working,79000000.0,1,79000000.0,1,79000000.0,1,79000000.0,1,79000000.0,1,1086630000.0,15,998204.5166666667,91619114.28571428,70,7.416666666666667,0,1197.0,LOGIN,0.43999994133334114,75.0,0.07809551432749505,-0.9688116412167626
5972,-0.5821129479531786,Payment,Credit_card_repayment,2019-07-01,Mon,12,2,200000000.0,NaN,Android,30.198.xx.xx (BD),M,2019-04-23,1991-10-15,0,2019-04-23,BRANCH,0,SMART_OTP,Working,200000000.0,1,200000000.0,1,200000000.0,1,200000000.0,1,203000000.0,2,744090000.0,10,998204.5166666667,91619114.28571428,70,5.958333333333333,0,1656.0,LOGIN,0.44444438957476673,81.0,0.07809551432749505,-0.9688116412167626
5972,-0.610652656494132,Payment,Credit_card_repayment,2019-07-17,Wed,20,3,152000000.0,NaN,Android,87.195.xx.xx (BD),M,2019-04-23,1991-10-15,0,2019-04-23,BRANCH,0,SMART_OTP,Working,152000000.0,1,152000000.0,1,152000000.0,1,152000000.0,1,152000000.0,1,537000000.0,6,998204.5166666667,91619114.28571428,70,16.333333333333332,0,2048.0,LOGIN,0.44444438957476673,81.0,0.07809551432749505,-0.9688116412167626
5972,-0.5773056871948381,Payment,Credit_card_repayment,2019-07-24,Wed,20,4,202000000.0,NaN,Android,199.95.xx.xx (BD),M,2019-04-23,1991-10-15,0,2019-04-23,BRANCH,0,SMART_OTP,Working,202000000.0,1,202000000.0,1,202000000.0,1,202000000.0,1,354000000.0,2,557000000.0,4,998204.5166666667,91619114.28571428,70,7.0,0,2216.0,LOGIN_FINGER,0.44047613803855495,84.0,0.07809551432749505,-0.9688116412167626
5972,-0.5677405914718995,Payment,Credit_card_repayment,2019-08-02,Fri,20,2,102000000.0,NaN,Android,168.53.xx.xx (BD),M,2019-04-23,1991-10-15,0,2019-04-23,BRANCH,0,SMART_OTP,Working,102000000.0,1,202000000.0,2,202000000.0,2,202000000.0,2,252000000.0,3,606000000.0,5,998204.5166666667,91619114.28571428,70,0.041666666666666664,0,2432.0,LOGIN_FINGER,0.4444443950617339,90.0,0.07809551432749505,-0.9688116412167626
5972,-0.5830034082228905,Payment,Credit_card_repayment,2019-08-05,Mon,11,6,354000000.0,NaN,Android,81.14.xx.xx (BD),M,2019-04-23,1991-10-15,0,2019-04-23,BRANCH,0,SMART_OTP,Working,354000000.0,1,354000000.0,1,354000000.0,1,354000000.0,1,606000000.0,4,960000000.0,6,998204.5166666667,91619114.28571428,70,2.625,0,2495.0,LOGIN_FINGER,0.44565212547259503,92.0,0.07809551432749505,-0.9688116412167626
5972,-0.609854208131143,Payment,Credit_card_repayment,2019-08-20,Tue,11,3,127000000.0,NaN,Android,224.154.xx.xx (BD),M,2019-04-23,1991-10-15,0,2019-04-23,BRANCH,0,SMART_OTP,Working,127000000.0,1,127000000.0,1,127000000.0,1,127000000.0,1,127000000.0,1,995000000.0,7,998204.5166666667,91619114.28571428,70,14.958333333333334,0,2855.0,LOGIN_FINGER,0.443298923371245,97.0,0.07809551432749505,-0.9688116412167626
5972,-0.5685016123801918,Payment,Credit_card_repayment,2019-08-20,Tue,12,2,55000000.0,NaN,Android,70.178.xx.xx (BD),M,2019-04-23,1991-10-15,0,2019-04-23,BRANCH,0,SMART_OTP,Working,182000000.0,2,182000000.0,2,182000000.0,2,182000000.0,2,182000000.0,2,1050000000.0,8,998204.5166666667,91619114.28571428,70,0.041666666666666664,0,2856.0,LOGIN,0.4489795460224953,98.0,0.07809551432749505,-0.9688116412167626
5972,-0.5726898544513954,Payment,Credit_card_repayment,2019-08-28,Wed,20,5,263800000.0,NaN,Android,120.84.xx.xx (BD),M,2019-04-23,1991-10-15,0,2019-04-23,BRANCH,0,SMART_OTP,Working,320000000.0,2,320000000.0,2,344000000.0,3,429000000.0,4,489000000.0,5,1337000000.0,12,998204.5166666667,91619114.28571428,70,0.3333333333333333,0,3056.0,LOGIN_FINGER,0.4495412431613538,109.0,0.07809551432749505,-0.9688116412167626
5972,-0.6272552470056517,Payment,Credit_card_repayment,2019-09-16,Mon,19,9,280000000.0,NaN,Android,92.10.xx.xx (BD),M,2019-04-23,1991-10-15,0,2019-04-23,BRANCH,0,SMART_OTP,Working,280000000.0,1,280000000.0,1,280000000.0,1,280000000.0,1,280000000.0,1,1242500000.0,11,998204.5166666667,91619114.28571428,70,13.291666666666666,0,3511.0,LOGIN_FINGER,0.453781474472145,119.0,0.07809551432749505,-0.9688116412167626
5972,-0.5816782610505704,Payment,Credit_card_repayment,2019-09-16,Mon,21,1,32000000.0,NaN,Android,60.191.xx.xx (BD),M,2019-04-23,1991-10-15,0,2019-04-23,BRANCH,0,SMART_OTP,Working,32000000.0,1,312000000.0,2,312000000.0,2,312000000.0,2,312000000.0,2,1274500000.0,12,998204.5166666667,91619114.28571428,70,0.08333333333333333,0,3513.0,LOGIN,0.45833329513889204,120.0,0.07809551432749505,-0.9688116412167626
5972,-0.5987497971763728,Payment,Credit_card_repayment,2019-09-25,Wed,11,2,65000000.0,NaN,Android,21.113.xx.xx (BD),M,2019-04-23,1991-10-15,0,2019-04-23,BRANCH,0,SMART_OTP,Working,65000000.0,1,65000000.0,1,65000000.0,1,65000000.0,1,65000000.0,1,1097500000.0,10,998204.5166666667,91619114.28571428,70,8.583333333333334,0,3719.0,LOGIN_FINGER,0.45528451583052715,123.0,0.07809551432749505,-0.9688116412167626
5972,-0.5947005549324694,Payment,Credit_card_repayment,2019-10-10,Thu,9,2,52500000.0,NaN,Android,247.163.xx.xx (BD),M,2019-04-23,1991-10-15,0,2019-04-23,BRANCH,0,SMART_OTP,Working,52500000.0,1,52500000.0,1,52500000.0,1,52500000.0,1,52500000.0,1,483050000.0,7,998204.5166666667,91619114.28571428,70,11.791666666666666,0,4077.0,LOGIN_FINGER,0.457364305630674,129.0,0.07809551432749505,-0.9688116412167626
5972,-0.6149036058033559,Payment,Credit_card_repayment,2019-10-25,Fri,8,2,72000000.0,NaN,Android,239.58.xx.xx (BD),M,2019-04-23,1991-10-15,0,2019-04-23,BRANCH,0,SMART_OTP,Working,72000000.0,1,72000000.0,1,72000000.0,1,72000000.0,1,72000000.0,1,243050000.0,6,998204.5166666667,91619114.28571428,70,14.958333333333334,0,4436.0,LOGIN_FINGER,0.45801523221257767,131.0,0.07809551432749505,-0.9688116412167626
5972,-0.5720296803114342,Payment,Credit_card_repayment,2019-10-25,Fri,9,1,45150000.0,NaN,Android,9.202.xx.xx (BD),M,2019-04-23,1991-10-15,0,2019-04-23,BRANCH,0,SMART_OTP,Working,151150000.0,3,151150000.0,3,151150000.0,3,151150000.0,3,151150000.0,3,322200000.0,8,998204.5166666667,91619114.28571428,70,0.0,1,4437.0,LOGIN_FINGER,0.45801523221257767,131.0,0.07809551432749505,-0.9688116412167626
5972,-0.5960708893065763,Payment,Credit_card_repayment,2019-10-27,Sun,11,6,317300000.0,NaN,Android,72.136.xx.xx (BD),M,2019-04-23,1991-10-15,0,2019-04-23,BRANCH,0,SMART_OTP,Working,317300000.0,1,317300000.0,1,381300000.0,2,381300000.0,2,532450000.0,5,585950000.0,7,998204.5166666667,91619114.28571428,70,0.875,0,4487.0,LOGIN_FINGER,0.45925922524005736,135.0,0.07809551432749505,-0.9688116412167626
5972,-0.5711253425761557,Payment,Credit_card_repayment,2019-11-01,Fri,14,2,91300000.0,NaN,Android,154.87.xx.xx (BD),M,2019-04-23,1991-10-15,0,2019-04-23,BRANCH,0,SMART_OTP,Working,91300000.0,1,91300000.0,1,91300000.0,1,91300000.0,1,503600000.0,4,707250000.0,8,998204.5166666667,91619114.28571428,70,5.0,0,4610.0,LOGIN,0.4637680823356462,138.0,0.07809551432749505,-0.9688116412167626
5972,-0.5926546771457444,Payment,Credit_card_repayment,2019-11-21,Thu,14,2,30000000.0,NaN,Android,116.95.xx.xx (BD),M,2019-04-23,1991-10-15,0,2019-04-23,BRANCH,0,SMART_OTP,Working,30000000.0,1,30000000.0,1,30000000.0,1,30000000.0,1,30000000.0,1,769286000.0,12,998204.5166666667,91619114.28571428,70,12.041666666666666,0,5090.0,LOGIN,0.46621618471512266,148.0,0.07809551432749505,-0.9688116412167626
5972,-0.5819970962378928,Payment,Credit_card_repayment,2019-12-05,Thu,10,1,39000000.0,NaN,Android,197.65.xx.xx (BD),M,2019-04-23,1991-10-15,0,2019-04-23,BRANCH,0,SMART_OTP,Working,39000000.0,1,39000000.0,1,39000000.0,1,39000000.0,1,39000000.0,1,152700000.0,5,998204.5166666667,91619114.28571428,70,13.833333333333334,0,5422.0,LOGIN,0.4666666355555576,150.0,0.07809551432749505,-0.9688116412167626
5972,-0.6016874955276127,Payment,Credit_card_repayment,2019-12-23,Mon,11,4,62000000.0,NaN,Android,26.102.xx.xx (BD),M,2019-04-23,1991-10-15,0,2019-04-23,BRANCH,0,SMART_OTP,Working,62000000.0,1,62000000.0,1,62000000.0,1,62000000.0,1,62000000.0,1,101000000.0,2,998204.5166666667,91619114.28571428,70,18.041666666666668,0,5855.0,LOGIN,0.46710523242728735,152.0,0.07809551432749505,-0.9688116412167626
5972,-0.580511916532226,Payment,Credit_card_repayment,2019-12-26,Thu,15,3,95200000.0,NaN,Android,71.182.xx.xx (BD),M,2019-04-23,1991-10-15,0,2019-04-23,BRANCH,0,SMART_OTP,Working,95200000.0,1,95200000.0,1,95200000.0,1,140200000.0,2,202200000.0,3,241200000.0,4,998204.5166666667,91619114.28571428,70,1.125,0,5931.0,LOGIN_FINGER,0.464968123250438,157.0,0.07809551432749505,-0.9688116412167626
5972,-0.5764685598266723,Payment,Credit_card_repayment,2019-12-30,Mon,13,4,125300000.0,NaN,Android,91.178.xx.xx (BD),M,2019-04-23,1991-10-15,0,2019-04-23,BRANCH,0,SMART_OTP,Working,125300000.0,1,125300000.0,1,125300000.0,1,125300000.0,1,265500000.0,3,366500000.0,5,998204.5166666667,91619114.28571428,70,3.9166666666666665,0,6025.0,LOGIN_FINGER,0.46540877576045436,159.0,0.07809551432749505,-0.9688116412167626
6029,-0.5679138799653717,Payment,Credit_card_repayment,2019-08-01,Thu,12,1,1186230.0,NaN,iOS,105.140.xx.xx (NA),M,2019-05-10,1986-07-14,0,2019-07-04,BRANCH,0,SMART_OTP,Commercial associate,1186230.0,1,1186230.0,1,1186230.0,1,1186230.0,1,1186230.0,1,2284230.0,2,416537.49500000005,3094111.0,8,27.625,0,999.0,LOGIN,0.37499953125058594,8.0,0.5423575138314531,-0.9778756847666201
6029,-0.5928105415729342,Payment,Credit_card_repayment,2019-09-04,Wed,14,1,1700000.0,NaN,iOS,243.189.xx.xx (NA),M,2019-05-10,1986-07-14,0,2019-07-04,BRANCH,0,SMART_OTP,Commercial associate,1700000.0,1,1700000.0,1,1700000.0,1,1700000.0,1,1700000.0,1,1700000.0,1,416537.49500000005,3094111.0,8,34.083333333333336,0,481.0,LOGIN,0.3055554706790359,36.0,0.5423575138314531,-0.9778756847666201
6029,-0.5908284042780418,Payment,Credit_card_repayment,2019-11-02,Sat,10,1,3132533.0,NaN,iOS,9.10.xx.xx (NA),M,2019-05-10,1986-07-14,0,2019-07-04,BRANCH,0,SMART_OTP,Commercial associate,3132533.0,1,3132533.0,1,3132533.0,1,3132533.0,1,3132533.0,1,3132533.0,1,416537.49500000005,3094111.0,8,32.0,0,1893.0,LOGIN,0.22058820285467604,68.0,0.5423575138314531,-0.9778756847666201
6029,-0.6025686900867392,Payment,Credit_card_repayment,2019-11-25,Mon,17,1,6000000.0,NaN,iOS,120.127.xx.xx (NA),M,2019-05-10,1986-07-14,0,2019-07-04,BRANCH,0,SMART_OTP,Commercial associate,6000000.0,1,6000000.0,1,6000000.0,1,6000000.0,1,6000000.0,1,9132533.0,2,416537.49500000005,3094111.0,8,23.291666666666668,0,103.0,LOGIN,0.2708333051215307,96.0,0.5423575138314531,-0.9778756847666201
6076,-0.6134146717364507,Transfer,Within_bank,2019-09-14,Sat,9,2,210000000.0,837301,Android,123.7.xx.xx (TH),F,2019-08-30,2001-08-30,0,2019-08-30,BRANCH,0,SMART_OTP,Commercial associate,210000000.0,1,210000000.0,1,210000000.0,1,210000000.0,1,210000000.0,1,210000000.0,1,870053.2975,7272733.783783784,37,15.375,1,46.0,LOGIN,0.19999960000080003,5.0,0.14514474297114893,-1.386093301675598
6076,-0.5733973488695542,Transfer,Within_bank,2019-11-03,Sun,14,1,50000000.0,697039,Android,104.205.xx.xx (TH),F,2019-08-30,2001-08-30,0,2019-08-30,BRANCH,0,SMART_OTP,Commercial associate,50000000.0,1,50000000.0,1,50000000.0,1,50150000.0,2,50740000.0,6,52005000.0,12,870053.2975,7272733.783783784,37,1.125,1,1251.0,LOGIN_FINGER,0.4599999080000184,50.0,0.14514474297114893,-1.386093301675598
6316,-0.6028379986647013,Payment,Credit_card_repayment,2019-06-03,Mon,23,1,141306653.0,NaN,iOS,127.132.xx.xx (HN),M,2019-04-03,1988-09-04,0,2019-04-04,BRANCH,0,SMART_OTP,Commercial associate,141306653.0,1,141306653.0,1,141306653.0,1,141306653.0,1,141306653.0,1,141306653.0,1,13049500.718888888,162344673.5,12,60.583333333333336,0,1454.0,LOGIN,0.0,1.0,0.616826590034932,-1.1652131634503893
6316,-0.6242845587319127,Payment,Credit_card_repayment,2019-09-27,Fri,17,1,50491651.0,NaN,iOS,145.142.xx.xx (HN),M,2019-04-03,1988-09-04,0,2019-04-04,BRANCH,0,SMART_OTP,Commercial associate,300491651.0,2,300491651.0,2,300491651.0,2,300491651.0,2,300491651.0,2,300491651.0,2,13049500.718888888,162344673.5,12,115.75,0,4232.0,LOGIN,0.0,3.0,0.616826590034932,-1.1652131634503893
6316,-0.5671522485307231,Payment,Credit_card_repayment,2019-11-02,Sat,8,1,24387778.0,NaN,iOS,128.151.xx.xx (HN),M,2019-04-03,1988-09-04,0,2019-04-04,BRANCH,0,SMART_OTP,Commercial associate,24387778.0,1,24387778.0,1,24387778.0,1,24387778.0,1,24387778.0,1,1097387778.0,6,13049500.718888888,162344673.5,12,9.916666666666666,0,5087.0,LOGIN,0.0,24.0,0.616826590034932,-1.1652131634503893
6316,-0.592147932968382,Payment,Credit_card_repayment,2019-12-04,Wed,17,1,10050000.0,NaN,iOS,220.246.xx.xx (HN),M,2019-04-03,1988-09-04,0,2019-04-04,BRANCH,0,SMART_OTP,Commercial associate,10050000.0,1,10050000.0,1,10050000.0,1,10050000.0,1,10050000.0,1,10050000.0,1,13049500.718888888,162344673.5,12,32.375,0,5864.0,LOGIN,0.0,27.0,0.616826590034932,-1.1652131634503893
6341,-0.5936996050057707,Transfer,Outside_bank,2019-02-08,Fri,0,1,30000000.0,758123,iOS,132.60.xx.xx (HN),M,2019-01-16,1989-11-10,0,2019-01-16,BRANCH,1,SMART_OTP,Working,30000000.0,1,30000000.0,1,30000000.0,1,31500000.0,2,41500000.0,3,42080000.0,5,7991694.751666666,5263241.693548387,186,2.0,1,535.0,LOGIN,0.4745761907497982,59.0,0.07391413572974838,-1.200342061301133
6341,-0.5884966807235626,Transfer,Outside_bank,2019-02-09,Sat,0,1,35000000.0,595587,iOS,86.24.xx.xx (HN),M,2019-01-16,1989-11-10,0,2019-01-16,BRANCH,1,SMART_OTP,Working,35000000.0,1,35000000.0,1,75000000.0,3,75000000.0,3,86500000.0,5,87080000.0,7,7991694.751666666,5263241.693548387,186,0.9583333333333334,3,559.0,LOGIN,0.47692300355030715,65.0,0.07391413572974838,-1.200342061301133
6341,-0.6095291503499113,Transfer,Outside_bank,2019-08-17,Sat,0,1,40000000.0,801116,iOS,3.196.xx.xx (HN),M,2019-01-16,1989-11-10,0,2019-01-16,BRANCH,1,SMART_OTP,Working,40000000.0,1,40000000.0,1,90000000.0,3,90000000.0,3,131240000.0,11,196354000.0,27,7991694.751666666,5263241.693548387,186,0.4583333333333333,3,5095.0,LOGIN_FACEID,0.382978711763565,329.0,0.07391413572974838,-1.200342061301133
6341,-0.5725148470177718,Transfer,Outside_bank,2019-08-25,Sun,0,2,25100000.0,245438,iOS,169.8.xx.xx (HN),M,2019-01-16,1989-11-10,0,2019-01-16,BRANCH,1,SMART_OTP,Working,25100000.0,1,25100000.0,1,70716000.0,4,70716000.0,4,70896000.0,6,262540000.0,27,7991694.751666666,5263241.693548387,186,0.375,4,5287.0,LOGIN,0.38736262672080696,364.0,0.07391413572974838,-1.200342061301133
6341,-0.5947300033159422,Transfer,Outside_bank,2019-10-09,Wed,0,1,16000000.0,18633,iOS,204.114.xx.xx (HN),M,2019-01-16,1989-11-10,0,2019-01-16,BRANCH,1,SMART_OTP,Working,16000000.0,1,36000000.0,2,37250000.0,4,37250000.0,4,37745955.0,6,87530955.0,28,7991694.751666666,5263241.693548387,186,0.08333333333333333,4,6367.0,LOGIN_FACEID,0.39961389189934576,518.0,0.07391413572974838,-1.200342061301133
6350,-0.5657947683561586,Topup,eWallet,2019-12-14,Sat,0,1,100000.0,NaN,iOS,99.41.xx.xx (BD),M,2019-08-19,1996-05-20,0,2019-08-19,BRANCH,1,SMART_OTP,Working,150000.0,2,250000.0,3,1150000.0,11,1970000.0,18,6939994.0,31,8944994.0,36,263592.976,186883.97101449277,69,0.0,2,2791.0,LOGIN,0.0,103.0,0.19020183371554766,-1.2132799286820288
6350,-0.5694261495123486,Topup,eWallet,2019-12-15,Sun,0,2,50000.0,NaN,iOS,185.21.xx.xx (BD),M,2019-08-19,1996-05-20,0,2019-08-19,BRANCH,1,SMART_OTP,Working,50000.0,1,50000.0,1,600000.0,6,1600000.0,15,7389994.0,35,9394994.0,40,263592.976,186883.97101449277,69,0.4166666666666667,2,2815.0,LOGIN,0.0,107.0,0.19020183371554766,-1.2132799286820288
6350,-0.5705501728141503,Topup,eWallet,2019-12-15,Sun,1,1,100000.0,NaN,iOS,180.115.xx.xx (BD),M,2019-08-19,1996-05-20,0,2019-08-19,BRANCH,1,SMART_OTP,Working,150000.0,2,150000.0,2,550000.0,5,1600000.0,15,7489994.0,36,9494994.0,41,263592.976,186883.97101449277,69,0.041666666666666664,1,2816.0,LOGIN,0.0,108.0,0.19020183371554766,-1.2132799286820288
6350,-0.5742955471018238,Topup,eWallet,2019-12-16,Mon,0,1,70000.0,NaN,iOS,135.126.xx.xx (BD),M,2019-08-19,1996-05-20,0,2019-08-19,BRANCH,1,SMART_OTP,Working,70000.0,1,90000.0,2,250000.0,5,800000.0,10,7589994.0,39,9594994.0,44,263592.976,186883.97101449277,69,0.08333333333333333,0,2839.0,LOGIN,0.0,112.0,0.19020183371554766,-1.2132799286820288
6350,-0.5689921450921741,Topup,eWallet,2019-12-17,Tue,0,1,100000.0,NaN,iOS,96.58.xx.xx (BD),M,2019-08-19,1996-05-20,0,2019-08-19,BRANCH,1,SMART_OTP,Working,240000.0,2,300000.0,3,570000.0,7,750000.0,11,4100000.0,41,10094994.0,50,263592.976,186883.97101449277,69,0.041666666666666664,0,2863.0,LOGIN,0.0,118.0,0.19020183371554766,-1.2132799286820288
6350,-0.5689428281760202,Topup,eWallet,2019-12-19,Thu,0,3,150000.0,NaN,iOS,75.125.xx.xx (BD),M,2019-08-19,1996-05-20,0,2019-08-19,BRANCH,1,SMART_OTP,Working,290000.0,2,290000.0,2,550000.0,6,950000.0,10,3970000.0,41,9944994.0,56,263592.976,186883.97101449277,69,0.041666666666666664,1,2911.0,LOGIN,0.0,128.0,0.19020183371554766,-1.2132799286820288
6356,-0.5675775990965226,Topup,eWallet,2019-08-23,Fri,0,1,250000.0,NaN,Android,80.182.xx.xx (HN),F,2019-07-06,1986-03-26,0,2019-07-06,BRANCH,0,SMART_OTP,Working,250000.0,1,450000.0,2,1450000.0,3,1900000.0,7,4150000.0,20,9700000.0,48,721394.57,194931.97424892703,233,0.125,2,999.0,LOGIN,0.0,102.0,0.1974610542853178,-1.1996165227670248
6356,-0.5657817703217736,Topup,eWallet,2019-08-24,Sat,5,1,500000.0,NaN,Android,99.115.xx.xx (HN),F,2019-07-06,1986-03-26,0,2019-07-06,BRANCH,0,SMART_OTP,Working,500000.0,1,500000.0,1,500000.0,1,1950000.0,4,4650000.0,21,8930000.0,43,721394.57,194931.97424892703,233,1.2083333333333333,0,999.0,LOGIN,0.0,106.0,0.1974610542853178,-1.1996165227670248
6356,-0.6042054300453586,Topup,eWallet,2019-10-26,Sat,0,2,300000.0,NaN,Android,4.142.xx.xx (HN),F,2019-07-06,1986-03-26,0,2019-07-06,BRANCH,0,SMART_OTP,Working,300000.0,1,300000.0,1,1400000.0,3,1400000.0,3,4990150.0,33,10540150.0,68,721394.57,194931.97424892703,233,0.16666666666666666,2,33.0,LOGIN_FINGER,0.36276390858418606,521.0,0.1974610542853178,-1.1996165227670248
6395,-0.5725658021494193,Transfer,Within_bank,2019-07-21,Sun,18,1,1000000.0,774523,iOS,45.193.xx.xx (HCM),F,2019-01-22,1980-11-02,0,2019-01-22,BRANCH,1,SMS,Working,1000000.0,1,1000000.0,1,1000000.0,1,1000000.0,1,1000000.0,1,1000000.0,1,264383.5941666667,1000000.0,1,180.75,1,4113.0,LOGIN,0.0,22.0,0.0,-0.8808339722742436
6398,-0.5683485845433175,Topup,eWallet,2019-07-16,Tue,10,1,1000000.0,NaN,Android,78.217.xx.xx (BD),F,2019-02-25,1993-10-26,0,2019-02-26,BRANCH,1,SMART_OTP,Working,1000000.0,1,1000000.0,1,1000000.0,1,1000000.0,1,1000000.0,1,1000000.0,1,1877623.6460000002,3351595.1666666665,24,100.0,0,3050.0,LOGIN,0.0,35.0,0.17941760777553972,-0.9983543989988525
6458,-0.63034553425883,Payment,Credit_card_repayment,2019-08-06,Tue,14,1,8193225.0,NaN,Android,158.181.xx.xx (HN),F,2019-05-03,1992-12-10,0,2019-05-29,BRANCH,0,SMS,Working,8193225.0,1,8193225.0,1,8193225.0,1,8193225.0,1,8193225.0,1,15380138.0,10,273106.94625,708610.1525423729,59,8.916666666666666,0,1656.0,LOGIN_FACEID,0.41176458477512207,34.0,0.13965601287877855,-1.1675208688567527
6458,-0.574628057290679,Payment,Credit_card_repayment,2019-12-16,Mon,17,1,2619804.0,NaN,Android,244.62.xx.xx (HN),F,2019-05-03,1992-12-10,0,2019-05-29,BRANCH,0,SMS,Working,2619804.0,1,2619804.0,1,2619804.0,1,2619804.0,1,2669804.0,2,2669804.0,2,273106.94625,708610.1525423729,59,3.75,0,4827.0,LOGIN_FACEID,0.46399996288000295,125.0,0.13965601287877855,-1.1675208688567527
6487,-0.6502249647639307,Payment,Utilities_payment,2019-12-30,Mon,2,3,375206.0,NaN,iOS,72.26.xx.xx (HN),M,2019-03-28,1982-12-16,0,2019-03-28,BRANCH,1,SMS,Working,375206.0,1,375206.0,1,375206.0,1,375206.0,1,375206.0,1,375206.0,1,895748.0009999999,375206.0,1,277.0833333333333,0,828.0,LOGIN,0.0,10.0,0.0,-1.0541753212991016
6645,-0.6243350833414928,Transfer,Outside_bank,2019-12-25,Wed,11,1,300000000.0,110882,Android,97.96.xx.xx (HN),M,2019-05-14,1981-07-24,0,2019-06-19,MYbank,1,SMART_OTP,Unemployed,300000000.0,1,300000000.0,1,300000000.0,1,300000000.0,1,300000000.0,1,410350000.0,9,6037993.118571429,14581923.076923076,52,7.208333333333333,1,4532.0,LOGIN,0.0,50.0,0.556998808495546,-1.2049895452120603
6645,-0.584311108931066,Transfer,Outside_bank,2019-12-26,Thu,13,1,299900000.0,640968,Android,140.253.xx.xx (HN),M,2019-05-14,1981-07-24,0,2019-06-19,MYbank,1,SMART_OTP,Unemployed,299900000.0,1,300000000.0,2,300000000.0,2,600000000.0,3,600000000.0,3,710300000.0,10,6037993.118571429,14581923.076923076,52,0.125,1,4558.0,LOGIN,0.0,55.0,0.556998808495546,-1.2049895452120603
6701,-0.5815070002194003,Topup,eWallet,2019-12-30,Mon,20,10,49850000.0,NaN,iOS,222.87.xx.xx (DN),M,2019-09-06,1987-11-09,0,2019-09-06,BRANCH,1,SMART_OTP,Working,49850000.0,1,49850000.0,1,49850000.0,1,49850000.0,1,82050000.0,8,259950000.0,41,4099461.275,5390255.102040816,98,2.125,0,2770.0,LOGIN,0.0,286.0,0.14447824946824803,-1.4039241784366927
6837,-0.5844707148700317,Topup,Mobile,2019-11-06,Wed,0,1,100000.0,NaN,Android,83.40.xx.xx (HCM),F,2019-04-25,1999-09-23,0,2019-09-07,BRANCH,1,SMART_OTP,Working,100000.0,1,100000.0,1,100000.0,1,100000.0,1,100000.0,1,100000.0,1,354454.7483333333,147692.3076923077,13,31.166666666666668,0,1404.0,LOGIN,0.0,28.0,0.37211640847197774,-1.0525328909931921
6968,-0.5868541015066245,Topup,eWallet,2019-12-06,Fri,14,1,100000.0,NaN,Android,87.107.xx.xx (HN),F,2019-05-14,1992-01-21,0,2019-05-14,BRANCH,0,SMART_OTP,Working,100000.0,1,100000.0,1,100000.0,1,100000.0,1,100000.0,1,100000.0,1,14700721.43,169574.27272727274,11,206.58333333333334,0,4943.0,LOGIN,0.0,56.0,0.47022777730470644,-0.8974851728183423
7005,-0.6197625336146835,Transfer,Within_bank,2019-11-10,Sun,0,1,10350000.0,340042,Android,34.65.xx.xx (HCM),F,2019-03-27,2001-01-03,0,2019-03-27,BRANCH,1,SMART_OTP,Commercial associate,10350000.0,1,10350000.0,1,11150000.0,2,12200000.0,4,17810000.0,11,25210000.0,19,3547040.4409999996,1424494.5054945054,91,0.20833333333333334,2,4983.0,LOGIN_FINGER,0.4663676920911349,223.0,0.13636271579226197,-1.1741302459494891
7012,-0.5753466689182863,Transfer,Outside_bank,2019-08-02,Fri,0,5,22134100.0,337376,Android,100.76.xx.xx (BD),M,2019-06-13,1951-01-01,0,2019-06-13,BRANCH,1,SMS,Businessman,28737500.0,2,28737500.0,2,128267350.0,3,128267350.0,3,228267350.0,4,228267350.0,4,50567922.51142857,63079717.14928425,489,0.041666666666666664,3,59.0,LOGIN,0.0,21.0,0.01865648244998762,-1.4400593303374727
7012,-0.5738018741591365,Transfer,Within_bank,2019-08-09,Fri,1,1,5000000.0,162059,Android,195.202.xx.xx (BD),M,2019-06-13,1951-01-01,0,2019-06-13,BRANCH,1,SMS,Businessman,46681000.0,2,46681000.0,2,501213680.0,11,683690921.0,16,1755331490.0,31,1983598840.0,35,50567922.51142857,63079717.14928425,489,0.0,11,228.0,LOGIN,0.0,69.0,0.01865648244998762,-1.4400593303374727
7082,-0.5784016413889301,Topup,eWallet,2019-04-11,Thu,2,1,50000.0,NaN,iOS,128.116.xx.xx (DN),F,2019-03-05,1989-10-02,0,2019-03-05,BRANCH,0,SMS,Commercial associate,50000.0,1,50000.0,1,50000.0,1,50000.0,1,150000.0,2,400000.0,6,268979.978,70000.0,14,3.6666666666666665,0,875.0,LOGIN,0.12499984375019532,8.0,0.9923206236724202,-1.0357731716101215
7103,-0.5911317908362849,Topup,eWallet,2019-09-28,Sat,23,3,50000.0,NaN,iOS,236.191.xx.xx (HCM),M,2019-05-28,1993-02-22,0,2019-05-28,BRANCH,1,SMS,Working,50000.0,1,50000.0,1,50000.0,1,50000.0,1,50000.0,1,50000.0,1,153941.37,90000.0,2,123.95833333333333,0,20.0,LOGIN,0.30769218934915793,26.0,0.0,-1.3669028518382045
7103,-0.5702304162812423,Transfer,Outside_bank,2019-09-29,Sun,0,1,130000.0,24304,iOS,158.72.xx.xx (HCM),M,2019-05-28,1993-02-22,0,2019-05-28,BRANCH,1,SMS,Working,180000.0,2,180000.0,2,180000.0,2,180000.0,2,180000.0,2,180000.0,2,153941.37,90000.0,2,0.041666666666666664,1,21.0,LOGIN,0.29629618655696793,27.0,0.0,-1.3669028518382045
7109,-0.5914302497507,Topup,eWallet,2019-09-03,Tue,0,1,100000.0,NaN,iOS,19.211.xx.xx (HN),M,2019-06-01,1996-10-18,0,2019-06-01,BRANCH,1,SMS,Working,100000.0,1,100000.0,1,100000.0,1,100000.0,1,110000.0,2,110000.0,2,2758584.1985714287,732006.7857142857,28,4.416666666666667,0,2244.0,LOGIN,0.0,10.0,0.40032119345642286,-1.1756960255077442
7181,-0.5649737844614513,Payment,Utilities_payment,2019-12-25,Wed,11,2,488249.0,NaN,iOS,71.253.xx.xx (DN),F,2019-09-23,1980-09-19,0,2019-09-24,BRANCH,0,SMART_OTP,Working,488249.0,1,488249.0,1,488249.0,1,488249.0,1,488249.0,1,488249.0,1,970812.65,7422416.333333333,3,65.0,0,2209.0,LOGIN,0.0,13.0,0.0,-1.006683982371726
7261,-0.5927393193215138,Payment,Credit_card_repayment,2019-03-31,Sun,20,1,6000000.0,NaN,iOS,26.118.xx.xx (BD),M,2019-03-06,1971-12-06,0,2019-03-06,BRANCH,1,SMART_OTP,Working,6000000.0,1,6000000.0,1,6000000.0,1,6000000.0,1,6000000.0,1,6000000.0,1,358316.721,3299571.2,5,25.833333333333332,0,268.0,LOGIN,0.0,5.0,0.750193719089556,-1.5222771463322868
7261,-0.5857882641799218,Payment,Credit_card_repayment,2019-06-19,Wed,11,1,1100000.0,NaN,iOS,28.99.xx.xx (BD),M,2019-03-06,1971-12-06,0,2019-03-06,BRANCH,1,SMART_OTP,Working,1100000.0,1,1100000.0,1,1100000.0,1,1100000.0,1,1100000.0,1,1100000.0,1,358316.721,3299571.2,5,79.625,0,2179.0,LOGIN,0.0,10.0,0.750193719089556,-1.5222771463322868
7261,-0.5650399809608792,Payment,Credit_card_repayment,2019-07-30,Tue,13,1,400000.0,NaN,iOS,127.13.xx.xx (BD),M,2019-03-06,1971-12-06,0,2019-03-06,BRANCH,1,SMART_OTP,Working,400000.0,1,400000.0,1,400000.0,1,400000.0,1,400000.0,1,400000.0,1,358316.721,3299571.2,5,41.083333333333336,0,3165.0,LOGIN,0.0,11.0,0.750193719089556,-1.5222771463322868
7261,-0.5796616137103148,Payment,Credit_card_repayment,2019-08-14,Wed,14,1,8987831.0,NaN,iOS,104.155.xx.xx (BD),M,2019-03-06,1971-12-06,0,2019-03-06,BRANCH,1,SMART_OTP,Working,8987831.0,1,8987831.0,1,8987831.0,1,8987831.0,1,8987831.0,1,9387831.0,2,358316.721,3299571.2,5,15.041666666666666,0,3526.0,LOGIN,0.0,12.0,0.750193719089556,-1.5222771463322868
7261,-0.6063982848356446,Payment,Credit_card_repayment,2019-12-31,Tue,15,1,10025.0,NaN,iOS,38.27.xx.xx (BD),M,2019-03-06,1971-12-06,0,2019-03-06,BRANCH,1,SMART_OTP,Working,10025.0,1,10025.0,1,10025.0,1,10025.0,1,10025.0,1,10025.0,1,358316.721,3299571.2,5,139.04166666666666,0,6863.0,LOGIN,0.0,18.0,0.750193719089556,-1.5222771463322868
7266,-0.5936835760154975,Payment,Utilities_payment,2019-07-24,Wed,17,1,815973.0,NaN,Android,68.153.xx.xx (HP),F,2019-01-21,2000-05-06,0,2019-01-23,BRANCH,0,SMART_OTP,Working,815973.0,1,815973.0,1,815973.0,1,815973.0,1,815973.0,1,815973.0,1,1221109.355,1442223.0555555555,36,96.875,0,3772.0,LOGIN,0.4629628772290968,54.0,0.17359139394837092,-1.3021084681178878
7424,-0.5888770728698497,Topup,Mobile,2019-12-08,Sun,2,1,50000.0,NaN,iOS,38.145.xx.xx (HCM),M,2019-11-12,1996-09-02,0,2019-11-25,MYbank,1,SMART_OTP,Commercial associate,50000.0,1,50000.0,1,50000.0,1,150000.0,2,1110000.0,4,1110000.0,4,198226.32,302857.14285714284,7,1.3333333333333333,0,161.0,LOGIN,0.0,14.0,1.1698895897138277,-1.4122868536432611
7496,-0.586664598509151,Transfer,Outside_bank,2019-12-20,Fri,1,1,1000000.0,78002,Android,215.177.xx.xx (HCM),F,2019-12-10,1998-01-16,0,2019-12-10,BRANCH,1,SMART_OTP,State servant,1000000.0,1,1000000.0,1,1000000.0,1,1000000.0,1,1000000.0,1,1000000.0,1,863980.65,765000.0,8,10.041666666666666,1,11.0,LOGIN,0.0,1.0,0.7505798854430257,-1.6708336425259829
7516,-0.5788207514117202,Transfer,Within_bank,2019-12-28,Sat,8,1,40000000.0,27961,iOS,76.141.xx.xx (HN),F,2019-03-18,1987-05-15,0,2019-03-18,BRANCH,0,SMS,Businessman,40000000.0,1,40000000.0,1,40000000.0,1,40000000.0,1,40000000.0,1,58889000.0,6,10212865.018,9067633.333333334,30,15.458333333333334,1,6816.0,LOGIN,0.0,159.0,0.19992622207427918,-1.0266112694661118
7523,-0.567275428379501,Payment,Utilities_payment,2019-10-17,Thu,22,1,120000.0,NaN,iOS,253.43.xx.xx (HN),F,2019-07-02,1994-01-01,0,2019-07-15,BRANCH,0,SMART_OTP,State servant,120000.0,1,120000.0,1,120000.0,1,120000.0,1,120000.0,1,120000.0,1,1386766.6516666666,6432000.0,5,94.45833333333333,0,999.0,LOGIN,0.0,14.0,0.8760202229165471,-0.953748657435633
7579,-0.5831035567104019,Payment,Credit_card_repayment,2019-11-27,Wed,11,1,155435.0,NaN,iOS,139.8.xx.xx (HCM),F,2019-07-23,1994-11-01,0,2019-07-23,BRANCH,0,SMART_OTP,Working,155435.0,1,155435.0,1,155435.0,1,155435.0,1,155435.0,1,155435.0,1,663925.9216666666,449837.5,8,127.45833333333333,0,979.0,LOGIN,0.0,8.0,0.6244336198674871,-0.9193441956261549
7579,-0.5969318793904221,Payment,Credit_card_repayment,2019-12-31,Tue,20,1,3153265.0,NaN,iOS,211.13.xx.xx (HCM),F,2019-07-23,1994-11-01,0,2019-07-23,BRANCH,0,SMART_OTP,Working,3153265.0,1,3153265.0,1,3203265.0,2,3203265.0,2,3273265.0,4,3443265.0,7,663925.9216666666,449837.5,8,0.9166666666666666,0,1804.0,LOGIN,0.0,24.0,0.6244336198674871,-0.9193441956261549
7643,-0.6072566615904251,Transfer,Outside_bank,2019-10-04,Fri,0,1,1000.0,797163,Android,31.3.xx.xx (BD),M,2019-06-28,1984-08-19,0,2019-07-01,MYbank,0,SMART_OTP,State servant,1000.0,1,1000.0,1,1000.0,1,1000.0,1,1000.0,1,1000.0,1,1740979.68,1110181.8181818181,11,55.666666666666664,1,999.0,LOGIN,0.0,22.0,0.375751425250291,-0.7870907884282147
7653,-0.5715254028710549,Topup,Mobile,2019-09-17,Tue,15,1,100000.0,NaN,iOS,198.244.xx.xx (HN),M,2019-02-15,1992-04-28,0,2019-02-15,BRANCH,1,SMS,Working,100000.0,1,100000.0,1,100000.0,1,100000.0,1,100000.0,1,100000.0,1,371385.8818181818,312664.28571428574,14,200.25,0,5137.0,LOGIN,0.27777773919753623,72.0,0.5298363825428424,-1.239358267503418
7671,-0.5839005273939247,Payment,Credit_card_repayment,2019-02-25,Mon,9,1,3000000.0,NaN,iOS,56.107.xx.xx (HN),M,2019-01-29,1993-11-25,0,2019-02-25,BRANCH,0,SMART_OTP,State servant,3000000.0,1,3000000.0,1,3000000.0,1,3000000.0,1,3000000.0,1,3000000.0,1,103181.5609090909,5428960.416666667,12,0.375,0,0.0,LOGIN,0.0,0.0,0.36887706432521794,-1.0452275466343237
7671,-0.594913369513596,Payment,Credit_card_repayment,2019-03-19,Tue,10,1,5143500.0,NaN,iOS,81.231.xx.xx (HN),M,2019-01-29,1993-11-25,0,2019-02-25,BRANCH,0,SMART_OTP,State servant,5143500.0,1,5143500.0,1,5143500.0,1,5143500.0,1,5143500.0,1,8143500.0,2,103181.5609090909,5428960.416666667,12,22.041666666666668,0,529.0,LOGIN,0.31818167355378474,22.0,0.36887706432521794,-1.0452275466343237
7671,-0.5793299482922231,Payment,Credit_card_repayment,2019-04-18,Thu,13,1,1163926.0,NaN,iOS,143.78.xx.xx (HN),M,2019-01-29,1993-11-25,0,2019-02-25,BRANCH,0,SMART_OTP,State servant,1163926.0,1,1163926.0,1,1163926.0,1,1163926.0,1,1163926.0,1,1163926.0,1,103181.5609090909,5428960.416666667,12,30.125,0,1252.0,LOGIN,0.40816318200751384,49.0,0.36887706432521794,-1.0452275466343237
7671,-0.5821759489873684,Payment,Credit_card_repayment,2019-05-15,Wed,9,1,2206646.0,NaN,iOS,83.168.xx.xx (HN),M,2019-01-29,1993-11-25,0,2019-02-25,BRANCH,0,SMART_OTP,State servant,2206646.0,1,2206646.0,1,2206646.0,1,2206646.0,1,2206646.0,1,3370572.0,2,103181.5609090909,5428960.416666667,12,26.833333333333332,0,1896.0,LOGIN,0.41071421237246203,56.0,0.36887706432521794,-1.0452275466343237
7671,-0.6266930559443987,Payment,Credit_card_repayment,2019-06-18,Tue,16,1,6408926.0,NaN,iOS,13.89.xx.xx (HN),M,2019-01-29,1993-11-25,0,2019-02-25,BRANCH,0,SMART_OTP,State servant,6408926.0,1,6408926.0,1,6408926.0,1,6408926.0,1,6408926.0,1,6408926.0,1,103181.5609090909,5428960.416666667,12,34.291666666666664,0,2719.0,LOGIN_FINGER,0.4098359983875412,61.0,0.36887706432521794,-1.0452275466343237
7671,-0.630506349813159,Payment,Credit_card_repayment,2019-07-25,Thu,10,1,5489126.0,NaN,iOS,45.220.xx.xx (HN),M,2019-01-29,1993-11-25,0,2019-02-25,BRANCH,0,SMART_OTP,State servant,5489126.0,1,5489126.0,1,5489126.0,1,5489126.0,1,5489126.0,1,5489126.0,1,103181.5609090909,5428960.416666667,12,36.75,0,3601.0,LOGIN,0.42424235996327875,66.0,0.36887706432521794,-1.0452275466343237
7671,-0.6072121636473773,Payment,Credit_card_repayment,2019-08-13,Tue,17,1,7925578.0,NaN,iOS,61.127.xx.xx (HN),M,2019-01-29,1993-11-25,0,2019-02-25,BRANCH,0,SMART_OTP,State servant,7925578.0,1,7925578.0,1,7925578.0,1,7925578.0,1,7925578.0,1,13414704.0,2,103181.5609090909,5428960.416666667,12,19.291666666666668,0,4064.0,LOGIN_FINGER,0.42666660977778537,75.0,0.36887706432521794,-1.0452275466343237
7671,-0.6162886596654245,Payment,Credit_card_repayment,2019-09-23,Mon,10,1,5614422.0,NaN,iOS,198.140.xx.xx (HN),M,2019-01-29,1993-11-25,0,2019-02-25,BRANCH,0,SMART_OTP,State servant,5614422.0,1,5614422.0,1,5614422.0,1,5614422.0,1,5614422.0,1,5614422.0,1,103181.5609090909,5428960.416666667,12,40.708333333333336,0,888.0,LOGIN_FACEID,0.4347825614366781,92.0,0.36887706432521794,-1.0452275466343237
7671,-0.6266957275080148,Payment,Credit_card_repayment,2019-10-28,Mon,16,1,8889571.0,NaN,iOS,207.183.xx.xx (HN),M,2019-01-29,1993-11-25,0,2019-02-25,BRANCH,0,SMART_OTP,State servant,8889571.0,1,8889571.0,1,8889571.0,1,8889571.0,1,8889571.0,1,8889571.0,1,103181.5609090909,5428960.416666667,12,35.25,0,1734.0,LOGIN_FACEID,0.4444444032921849,108.0,0.36887706432521794,-1.0452275466343237
7671,-0.6055524994442824,Payment,Credit_card_repayment,2019-11-25,Mon,10,1,6573371.0,NaN,iOS,69.72.xx.xx (HN),M,2019-01-29,1993-11-25,0,2019-02-25,BRANCH,0,SMART_OTP,State servant,6573371.0,1,6573371.0,1,6573371.0,1,6573371.0,1,6573371.0,1,15462942.0,2,103181.5609090909,5428960.416666667,12,27.75,0,2400.0,LOGIN_FACEID,0.4491525043091098,118.0,0.36887706432521794,-1.0452275466343237
7671,-0.5856397743928498,Payment,Credit_card_repayment,2019-12-02,Mon,15,1,10000000.0,NaN,iOS,75.243.xx.xx (HN),M,2019-01-29,1993-11-25,0,2019-02-25,BRANCH,0,SMART_OTP,State servant,10000000.0,1,10000000.0,1,10000000.0,1,10000000.0,1,10000000.0,1,16573371.0,2,103181.5609090909,5428960.416666667,12,7.208333333333333,0,2573.0,LOGIN,0.4559999635200029,125.0,0.36887706432521794,-1.0452275466343237
7671,-0.5703991360854275,Payment,Credit_card_repayment,2019-12-16,Mon,10,1,2732459.0,NaN,iOS,174.42.xx.xx (HN),M,2019-01-29,1993-11-25,0,2019-02-25,BRANCH,0,SMART_OTP,State servant,2732459.0,1,2732459.0,1,2732459.0,1,2732459.0,1,2732459.0,1,19305830.0,3,103181.5609090909,5428960.416666667,12,13.791666666666666,0,2904.0,LOGIN,0.45801523221257767,131.0,0.36887706432521794,-1.0452275466343237
7683,-0.5650900227813043,Transfer,Within_bank,2019-11-07,Thu,16,1,5000000.0,228101,Android,163.155.xx.xx (HN),M,2019-10-07,1991-02-08,0,2019-10-16,MYbank,1,SMART_OTP,Businessman,5400000.0,3,5400000.0,3,5900000.0,5,6300000.0,7,6300000.0,7,6300000.0,7,1184771.825,718285.7142857143,35,0.041666666666666664,4,30.0,LOGIN_FINGER,0.33333314814825105,18.0,0.30721728845632673,-1.4328802959677116
7852,-0.5713821315269983,Payment,Utilities_payment,2019-12-05,Thu,20,1,1506000.0,NaN,iOS,198.42.xx.xx (DN),M,2019-10-01,1985-10-09,0,2019-10-01,BRANCH,1,SMART_OTP,Commercial associate,1506000.0,1,1506000.0,1,1506000.0,1,1506000.0,1,1506000.0,1,1506000.0,1,2344605.3766666665,602000.0,3,65.83333333333333,0,1571.0,LOGIN,0.0,24.0,0.0,-1.026980410065959
7876,-0.6202325459367205,Payment,Credit_card_repayment,2019-07-27,Sat,11,1,2000000.0,NaN,Android,170.45.xx.xx (HN),F,2019-01-14,1989-03-20,0,2019-05-20,AUTO-JOB,0,SMART_OTP,Working,2000000.0,1,2000000.0,1,2000000.0,1,2000000.0,1,2000000.0,1,2000000.0,1,2284953.370833333,1881283.0,14,68.45833333333333,0,0.0,LOGIN,0.0,0.0,0.4792295739727895,-1.015033485796037
7913,-0.6464627735551998,Transfer,Outside_bank,2019-10-23,Wed,14,2,400000000.0,389344,Android,221.81.xx.xx (HCM),M,2019-01-15,1991-08-17,0,2019-01-15,BRANCH,0,SMART_OTP,State servant,400000000.0,1,400000000.0,1,400000000.0,1,400000000.0,1,400000000.0,1,400000000.0,1,3781078.266666667,39340576.384615384,13,158.04166666666666,1,6742.0,LOGIN,0.0,49.0,0.4175581980873135,-0.9441105159009507
8048,-0.6005095873734156,Transfer,Outside_bank,2019-12-09,Mon,9,1,104000000.0,988349,iOS,103.184.xx.xx (HCM),M,2019-06-03,1983-03-23,0,2019-06-14,BRANCH,0,SMART_OTP,Commercial associate,104000000.0,1,104000000.0,1,104000000.0,1,104000000.0,1,104000000.0,1,104000000.0,1,12961280.858571429,552000000.0,2,178.375,1,3090.0,LOGIN,0.42424235996327875,66.0,0.0,-1.1810246305104077
8048,-0.5751995774984674,Transfer,Outside_bank,2019-12-14,Sat,7,4,1000000000.0,456457,iOS,78.233.xx.xx (HCM),M,2019-06-03,1983-03-23,0,2019-06-14,BRANCH,0,SMART_OTP,Commercial associate,1000000000.0,1,1000000000.0,1,1000000000.0,1,1000000000.0,1,1104000000.0,2,1104000000.0,2,12961280.858571429,552000000.0,2,4.916666666666667,1,3208.0,LOGIN,0.4285713673469475,70.0,0.0,-1.1810246305104077
8058,-0.5673287937044434,Transfer,Outside_bank,2019-12-27,Fri,19,1,100000.0,400938,Android,114.185.xx.xx (HN),M,2019-05-28,1986-12-18,0,2019-05-28,BRANCH,1,SMS,Working,100000.0,1,100000.0,1,100000.0,1,100000.0,1,100000.0,1,100000.0,1,381257.52875,100000.0,1,213.79166666666666,1,5068.0,LOGIN_FINGER,0.3214285140306225,56.0,0.0,-0.9110592362286701
8059,-0.5822710970976018,Topup,eWallet,2019-06-07,Fri,0,1,30000.0,NaN,iOS,101.251.xx.xx (TH),M,2019-01-18,1993-01-03,0,2019-01-18,BRANCH,1,SMS,Working,30000.0,1,30000.0,1,30000.0,1,30000.0,1,30000.0,1,50000.0,2,315482.4116666667,1095714.2857142857,14,21.291666666666668,0,1661.0,LOGIN,0.4628098791066215,121.0,0.4300946567595957,-1.1350036103843586
8059,-0.6318652828578127,Transfer,Outside_bank,2019-11-28,Thu,15,1,13000000.0,864219,iOS,249.191.xx.xx (TH),M,2019-01-18,1993-01-03,0,2019-01-18,BRANCH,1,SMS,Working,13000000.0,1,13000000.0,1,13000000.0,1,13000000.0,1,13000000.0,1,13000000.0,1,315482.4116666667,1095714.2857142857,14,146.91666666666666,1,5852.0,LOGIN_FINGER,0.4685714017959199,175.0,0.4300946567595957,-1.1350036103843586
8144,-0.572161238515934,Transfer,Within_bank,2019-12-23,Mon,10,1,100000.0,542054,iOS,90.135.xx.xx (DN),M,2019-05-23,1973-01-01,0,2019-05-23,BRANCH,1,SMART_OTP,Working,100000.0,1,100000.0,1,100000.0,1,100000.0,1,100000.0,1,100000.0,1,1379450.147142857,100000.0,1,214.41666666666666,1,473.0,LOGIN,0.0,4.0,0.0,-1.143650532095055
8169,-0.6327025626157647,Payment,Credit_card_repayment,2019-08-26,Mon,8,1,2252750.0,NaN,iOS,219.106.xx.xx (HN),F,2019-03-27,1981-12-01,0,2019-05-22,BRANCH,1,SMART_OTP,State servant,2252750.0,1,2252750.0,1,2252750.0,1,2252750.0,1,2252750.0,1,2252750.0,1,1148685.2449999999,2792875.0,2,96.33333333333333,0,2289.0,LOGIN,0.3499998250000875,20.0,0.0,-0.951959027339419
8169,-0.5904089005891454,Payment,Credit_card_repayment,2019-09-23,Mon,11,1,3333000.0,NaN,iOS,27.229.xx.xx (HN),F,2019-03-27,1981-12-01,0,2019-05-22,BRANCH,1,SMART_OTP,State servant,3333000.0,1,3333000.0,1,3333000.0,1,3333000.0,1,3333000.0,1,5585750.0,2,1148685.2449999999,2792875.0,2,28.125,0,2964.0,LOGIN,0.3333331944445023,24.0,0.0,-0.951959027339419
8256,-0.5725238488838924,Transfer,Outside_bank,2019-08-12,Mon,12,1,21000000.0,924736,iOS,87.83.xx.xx (HN),F,2019-02-21,1997-07-02,0,2019-02-21,BRANCH,0,SMART_OTP,Commercial associate,21000000.0,1,21000000.0,1,21000000.0,1,21000000.0,1,30841750.0,7,39300000.0,21,558869.9345454546,1176770.2352941176,102,3.0416666666666665,1,3985.0,LOGIN_FINGER,0.0799999920000008,100.0,0.07878831482410163,-1.1118602660640573
8266,-0.5975457262496059,Payment,Credit_card_repayment,2019-11-04,Mon,11,1,18899000.0,NaN,Android,221.250.xx.xx (HP),F,2019-05-10,1995-12-23,0,2019-05-10,BRANCH,1,SMS,Working,18899000.0,1,18899000.0,1,18899000.0,1,18899000.0,1,18949000.0,2,20349000.0,3,117336.2775,3194202.1739130435,23,3.8333333333333335,0,4005.0,LOGIN,0.032258059313216236,62.0,0.1990883723892725,-1.1225187964190957
8319,-0.5662338971134389,Topup,Mobile,2019-09-27,Fri,0,1,300000.0,NaN,iOS,189.4.xx.xx (CT),M,2019-07-25,1985-11-06,0,2019-08-02,BRANCH,1,SMART_OTP,Businessman,300000.0,1,300000.0,1,300000.0,1,300000.0,1,300000.0,1,400000.0,2,2265942.5116666667,1175000.0,4,7.708333333333333,0,1327.0,LOGIN,0.0,13.0,0.0,-1.1077207428341778
8369,-0.5751512672132387,Transfer,Outside_bank,2019-12-27,Fri,10,1,550000.0,432475,Android,186.228.xx.xx (HCM),F,2019-04-09,2000-03-04,0,2019-04-09,BRANCH,0,SMART_OTP,Commercial associate,550000.0,1,550000.0,1,550000.0,1,550000.0,1,550000.0,1,550000.0,1,902124.2533333334,383333.3333333333,3,181.45833333333334,1,4609.0,LOGIN_FINGER,0.35365849345628125,82.0,0.0,-1.362390421485239
8517,-0.5688172452569131,Transfer,Outside_bank,2019-12-10,Tue,11,1,12650000.0,326400,iOS,83.248.xx.xx (HN),M,2019-02-22,1997-05-05,0,2019-02-23,BRANCH,1,SMART_OTP,State servant,12650000.0,1,12650000.0,1,12650000.0,1,12850000.0,2,13424000.0,6,13837568.0,9,3607797.464,647785.64,50,1.4583333333333333,1,4738.0,LOGIN,0.4607508375170363,293.0,0.19970309302545644,-1.2016053376517115
8549,-0.6142478654161164,Transfer,Outside_bank,2019-08-31,Sat,16,1,50000000.0,924029,Android,196.188.xx.xx (HN),F,2019-05-24,1990-05-04,0,2019-05-28,BRANCH,1,SMS,Working,50000000.0,1,50000000.0,1,50000000.0,1,50000000.0,1,50000000.0,1,50000000.0,1,8397614.29625,42166666.666666664,6,95.66666666666667,1,6.0,LOGIN,0.49999750001249993,2.0,2.0094405864007743,-1.5851904490776023
8602,-0.6126368914610199,Topup,eWallet,2019-10-17,Thu,10,1,300000.0,NaN,iOS,173.184.xx.xx (DN),M,2019-03-25,1998-01-29,0,2019-03-25,BRANCH,0,SMART_OTP,Working,300000.0,1,300000.0,1,300000.0,1,300000.0,1,300000.0,1,300000.0,1,198928.669,619777.7777777778,9,206.41666666666666,0,4932.0,LOGIN,0.0,43.0,0.9129327184740065,-0.8552097953554801
8602,-0.5876049975806004,Topup,eWallet,2019-10-22,Tue,19,3,3000000.0,NaN,iOS,167.121.xx.xx (HCM),M,2019-03-25,1998-01-29,0,2019-03-25,BRANCH,0,SMART_OTP,Working,3000000.0,1,3000000.0,1,3000000.0,1,3000000.0,1,3835000.0,4,3835000.0,4,198928.669,619777.7777777778,9,4.458333333333333,0,5061.0,LOGIN,0.0,47.0,0.9129327184740065,-0.8552097953554801
8622,-0.6423882088263403,Payment,Credit_card_repayment,2019-11-04,Mon,8,2,4930163.0,NaN,Android,228.24.xx.xx (BD),F,2019-06-14,1982-04-10,0,2019-06-14,AUTO-JOB,0,SMART_OTP,Commercial associate,4930163.0,1,4930163.0,1,4930163.0,1,4930163.0,1,4930163.0,1,4930163.0,1,214258.5975,3399581.5,2,143.33333333333334,0,1340.0,LOGIN,0.48333325277779116,60.0,0.0,-1.3904952023355854
8622,-0.6023063826816697,Payment,Credit_card_repayment,2019-12-04,Wed,17,1,1869000.0,NaN,Android,122.72.xx.xx (BD),F,2019-06-14,1982-04-10,0,2019-06-14,AUTO-JOB,0,SMART_OTP,Commercial associate,1869000.0,1,1869000.0,1,1869000.0,1,1869000.0,1,1869000.0,1,1869000.0,1,214258.5975,3399581.5,2,30.375,0,2069.0,LOGIN_FACEID,0.4788731719896941,71.0,0.0,-1.3904952023355854
8633,-0.5806254340731848,Transfer,Outside_bank,2019-12-01,Sun,1,1,1500000.0,725225,iOS,212.2.xx.xx (BD),F,2019-11-27,1996-08-09,0,2019-11-29,BRANCH,1,SMART_OTP,State servant,1500000.0,1,1500000.0,1,1500000.0,1,1500000.0,1,1500000.0,1,1500000.0,1,29525.645,995000.0,2,2.0416666666666665,1,33.0,LOGIN,0.0,7.0,0.0,-1.0095434011289637
8648,-0.6068353125116096,Topup,eWallet,2019-11-29,Fri,0,2,60000.0,NaN,Android,133.246.xx.xx (BD),F,2019-10-22,1994-08-06,0,2019-10-22,BRANCH,1,SMART_OTP,Working,60000.0,1,60000.0,1,60000.0,1,60000.0,1,60000.0,1,60000.0,1,53458.115,60000.0,1,38.0,0,797.0,LOGIN,0.0,6.0,0.0,-1.1207909051235745
8680,-0.5802396649860859,Payment,Utilities_payment,2019-04-10,Wed,0,1,120000.0,NaN,iOS,232.125.xx.xx (HN),M,2019-01-28,1978-01-16,0,2019-10-03,BRANCH,0,SMART_OTP,Working,120000.0,1,120000.0,1,120000.0,1,120000.0,1,19286200.0,2,20691700.0,4,10899098.587272726,16567356.47368421,19,5.666666666666667,0,999.0,UNKNOWN,0.0,0.0,0.46282331377134184,-1.0490077328676095
8680,-0.5785271374236376,Payment,Credit_card_repayment,2019-10-16,Wed,8,1,20000000.0,NaN,iOS,20.226.xx.xx (HN),M,2019-01-28,1978-01-16,0,2019-10-03,BRANCH,0,SMART_OTP,Working,20000000.0,1,20000000.0,1,20000000.0,1,20000000.0,1,20000000.0,1,94777319.0,3,10899098.587272726,16567356.47368421,19,24.875,0,301.0,LOGIN,0.0,3.0,0.46282331377134184,-1.0490077328676095
8680,-0.5901350305155978,Payment,Credit_card_repayment,2019-12-26,Thu,18,1,54401000.0,NaN,iOS,125.163.xx.xx (HN),M,2019-01-28,1978-01-16,0,2019-10-03,BRANCH,0,SMART_OTP,Working,54401000.0,1,54401000.0,1,54401000.0,1,54401000.0,1,54401000.0,1,54401000.0,1,10899098.587272726,16567356.47368421,19,38.208333333333336,0,2015.0,LOGIN,0.0,25.0,0.46282331377134184,-1.0490077328676095
8716,-0.6160433172031397,Transfer,Within_bank,2019-10-30,Wed,19,1,300000.0,325360,iOS,207.31.xx.xx (HCM),F,2019-03-29,1971-04-03,0,2019-03-29,BRANCH,1,SMART_OTP,Working,300000.0,1,300000.0,1,300000.0,1,300000.0,1,300000.0,1,300000.0,1,1141473.316,300000.0,1,215.79166666666666,1,0.0,LOGIN,0.0,3.0,0.0,-1.5523641640847636
8794,-0.5706795121810906,Transfer,Within_bank,2019-12-26,Thu,0,1,1900000.0,159107,Android,96.41.xx.xx (HN),M,2019-04-04,1993-07-19,0,2019-05-25,BRANCH,1,SMART_OTP,Commercial associate,1900000.0,1,1900000.0,1,1900000.0,1,1900000.0,1,2010000.0,2,5100000.0,6,1159545.348888889,355222.22222222225,72,3.3333333333333335,1,217.0,LOGIN,0.0,86.0,0.15404248429782394,-1.4616108415392404
8828,-0.565765404816984,Transfer,Outside_bank,2019-06-02,Sun,4,1,200000.0,785510,iOS,38.56.xx.xx (HCM),F,2019-04-22,1995-09-20,0,2019-04-22,BRANCH,1,SMART_OTP,Working,200000.0,1,200000.0,1,200000.0,1,200000.0,1,200000.0,1,200000.0,1,41726642.83,5768712.328767124,73,41.166666666666664,1,136.0,LOGIN,0.2857140816327988,14.0,0.04036026711788295,-1.3899326681211361
8863,-0.5809835570206945,Transfer,Outside_bank,2019-06-13,Thu,2,1,240000.0,669993,iOS,208.104.xx.xx (HCM),M,2019-04-05,1991-12-31,0,2019-04-05,BRANCH,1,SMART_OTP,Commercial associate,240000.0,1,240000.0,1,240000.0,1,240000.0,1,240000.0,1,240000.0,1,903858.2077777777,3965906.111111111,9,69.08333333333333,1,1563.0,LOGIN,0.0,22.0,0.3247404408267336,-0.9890814013559753
8910,-0.5742208680180685,Transfer,Outside_bank,2019-08-21,Wed,14,1,10000000.0,81173,iOS,154.233.xx.xx (DN),M,2019-04-22,1988-08-09,0,2019-04-22,BRANCH,1,SMS,Working,10000000.0,1,10000000.0,1,10000000.0,1,10000000.0,1,10000000.0,1,10000000.0,1,665924614.5744444,40911111.11111111,36,115.75,1,2907.0,LOGIN,0.0,90.0,1.604019971785781,-1.000131059442
8970,-0.5686697548916896,Transfer,Outside_bank,2019-10-04,Fri,15,1,50000000.0,109189,Android,191.234.xx.xx (HCM),F,2019-04-17,1982-06-23,0,2019-04-18,BRANCH,0,SMART_OTP,State servant,50000000.0,1,50000000.0,1,50000000.0,1,50000000.0,1,50000000.0,1,50000000.0,1,24993554.47777778,50000000.0,4,169.625,1,4057.0,LOGIN,0.0,11.0,0.0,-0.9914645438633297
9024,-0.574397106453955,Transfer,Outside_bank,2019-11-25,Mon,15,1,3600000.0,329480,iOS,93.200.xx.xx (NA),F,2019-05-14,1986-12-12,0,2019-05-14,BRANCH,1,SMS,Commercial associate,3600000.0,1,3600000.0,1,3600000.0,1,3600000.0,1,3600000.0,1,3600000.0,1,6641423.815,22740000.0,5,131.20833333333334,1,960.0,LOGIN_FINGER,0.0,8.0,0.8556906523485254,-1.8568268108458466
9221,-0.6112122155826537,Payment,Utilities_payment,2019-08-22,Thu,0,1,1289673.0,NaN,iOS,235.196.xx.xx (CT),M,2019-07-02,1986-02-11,0,2019-07-02,BRANCH,1,SMART_OTP,Working,1289673.0,1,1289673.0,1,1289673.0,1,1289673.0,1,1289673.0,1,3289673.0,2,2427358.6733333333,24237622.055555556,18,22.625,0,999.0,LOGIN,0.47169802420791995,53.0,0.2751615034619139,-1.231920178793226
9303,-0.5727866492202836,Transfer,Within_bank,2019-08-02,Fri,19,2,38400000.0,48684,Android,245.53.xx.xx (HCM),F,2019-03-06,1996-10-31,1,2019-03-06,BRANCH,1,SMART_OTP,State servant,38400000.0,1,38400000.0,1,39555000.0,5,39575000.0,6,114720998.0,16,179789873.0,60,4055269.4310000003,2332974.7611548556,381,0.16666666666666666,3,3130.0,LOGIN,0.4818941369945923,359.0,0.09729195063331705,-1.497188462603841
9303,-0.5949184278288785,Transfer,Outside_bank,2019-09-10,Tue,11,1,200000000.0,800214,Android,80.23.xx.xx (HCM),F,2019-03-06,1996-10-31,1,2019-03-06,BRANCH,1,SMART_OTP,State servant,200000000.0,1,200340000.0,2,200820000.0,4,200820000.0,4,201960000.0,8,232598230.0,42,4055269.4310000003,2332974.7611548556,381,0.08333333333333333,3,4058.0,LOGIN,0.4818355548406204,523.0,0.09729195063331705,-1.497188462603841
9303,-0.5817640875774586,Payment,Credit_card_repayment,2019-09-11,Wed,13,1,14788735.0,NaN,Android,118.127.xx.xx (HCM),F,2019-03-06,1996-10-31,1,2019-03-06,BRANCH,1,SMART_OTP,State servant,14788735.0,1,14788735.0,1,15370435.0,5,216190435.0,9,216930435.0,12,247968665.0,47,4055269.4310000003,2332974.7611548556,381,0.875,3,4084.0,LOGIN_FINGER,0.480373822796751,535.0,0.09729195063331705,-1.497188462603841
9303,-0.6060796472338095,Payment,Credit_card_repayment,2019-10-25,Fri,18,1,14239151.0,NaN,Android,234.73.xx.xx (HCM),F,2019-03-06,1996-10-31,1,2019-03-06,BRANCH,1,SMART_OTP,State servant,37365676.0,4,37365676.0,4,43158806.0,5,43177886.0,6,46145230.0,15,88179710.0,46,4055269.4310000003,2332974.7611548556,381,0.0,3,417.0,LOGIN_FINGER,0.4780141776168202,705.0,0.09729195063331705,-1.497188462603841
9513,-0.5850660382853681,Topup,eWallet,2019-07-06,Sat,6,1,400000.0,NaN,iOS,116.104.xx.xx (CT),M,2019-03-11,1983-01-24,0,2019-03-12,BRANCH,1,SMS,Working,400000.0,1,400000.0,1,400000.0,1,400000.0,1,400000.0,1,400000.0,1,9644246.273333333,200187.85714285713,42,60.416666666666664,0,2767.0,LOGIN,0.3888886728396262,18.0,0.1798877575333139,-1.168688456138396
9513,-0.56643421268185,Topup,eWallet,2019-09-25,Wed,0,1,160000.0,NaN,iOS,192.161.xx.xx (CT),M,2019-03-11,1983-01-24,0,2019-03-12,BRANCH,1,SMS,Working,160000.0,1,160000.0,1,314000.0,2,314000.0,2,369200.0,3,1081200.0,10,9644246.273333333,200187.85714285713,42,0.875,0,4705.0,LOGIN_FINGER,0.40740725651583093,27.0,0.1798877575333139,-1.168688456138396
9513,-0.5732816892582537,Topup,eWallet,2019-10-04,Fri,0,1,160000.0,NaN,iOS,88.128.xx.xx (CT),M,2019-03-11,1983-01-24,0,2019-03-12,BRANCH,1,SMS,Working,160000.0,1,160000.0,1,160000.0,1,160000.0,1,615920.0,4,2237120.0,14,9644246.273333333,200187.85714285713,42,5.291666666666667,0,4921.0,LOGIN_FINGER,0.41935470343396664,31.0,0.1798877575333139,-1.168688456138396
9528,-0.5887613606537954,Transfer,Outside_bank,2019-09-23,Mon,8,1,200000000.0,340042,iOS,24.97.xx.xx (NA),F,2019-05-26,1978-11-03,0,2019-06-06,BRANCH,1,SMART_OTP,Working,200000000.0,1,200000000.0,1,200000000.0,1,200000000.0,1,200000000.0,1,200000000.0,1,838733301.7628572,324552215.1666667,6,108.625,1,2608.0,LOGIN,0.2727270247936138,11.0,0.8909711967592571,-1.1187961888432545
9542,-0.6001452077625803,Payment,Credit_card_repayment,2019-07-04,Thu,8,1,1556238.0,NaN,Android,174.160.xx.xx (HCM),M,2019-04-25,1993-12-15,0,2019-05-02,BRANCH,1,SMART_OTP,Working,1556238.0,1,1556238.0,1,1556238.0,1,1556238.0,1,1556238.0,1,1556238.0,1,865994.3611111111,33059900.285714287,7,63.333333333333336,0,1366.0,LOGIN,0.4583331423611907,24.0,0.48910008905551544,-1.2360676517291174
9542,-0.6203853956535348,Payment,Credit_card_repayment,2019-09-23,Mon,16,1,20000000.0,NaN,Android,211.85.xx.xx (HCM),M,2019-04-25,1993-12-15,0,2019-05-02,BRANCH,1,SMART_OTP,Working,20000000.0,1,20000000.0,1,20000000.0,1,20000000.0,1,20000000.0,1,20000000.0,1,865994.3611111111,33059900.285714287,7,46.75,0,3318.0,LOGIN_FACEID,0.46511617090321605,43.0,0.48910008905551544,-1.2360676517291174
9542,-0.6610686924818348,Payment,Credit_card_repayment,2019-11-26,Tue,8,1,90000000.0,NaN,Android,172.110.xx.xx (HCM),M,2019-04-25,1993-12-15,0,2019-05-02,BRANCH,1,SMART_OTP,Working,90000000.0,1,90000000.0,1,90000000.0,1,90000000.0,1,90000000.0,1,90000000.0,1,865994.3611111111,33059900.285714287,7,63.666666666666664,0,4846.0,LOGIN_FACEID,0.4745761907497982,59.0,0.48910008905551544,-1.2360676517291174
9542,-0.6129479754202568,Payment,Credit_card_repayment,2019-12-17,Tue,10,1,89900000.0,NaN,Android,2.183.xx.xx (HCM),M,2019-04-25,1993-12-15,0,2019-05-02,BRANCH,1,SMART_OTP,Working,89900000.0,1,89900000.0,1,89900000.0,1,89900000.0,1,89900000.0,1,179900000.0,2,865994.3611111111,33059900.285714287,7,21.083333333333332,0,5352.0,LOGIN,0.4782608002520579,69.0,0.48910008905551544,-1.2360676517291174
9578,-0.5684937738625954,Topup,eWallet,2019-11-09,Sat,1,1,1900000.0,NaN,iOS,34.224.xx.xx (HP),F,2019-08-27,1996-03-23,0,2019-08-27,BRANCH,1,SMART_OTP,Working,1900000.0,1,1900000.0,1,2000000.0,2,2000000.0,2,9030000.0,8,11866519.0,16,447628.374,854033.1111111111,63,0.625,1,850.0,LOGIN,0.3972602195533946,73.0,0.06262048776904687,-1.3122184233446779
9580,-0.574077685079122,Transfer,Outside_bank,2019-11-27,Wed,14,1,6400000.0,231648,iOS,201.65.xx.xx (DN),M,2019-05-06,1991-09-18,0,2019-05-06,BRANCH,1,SMS,Working,6400000.0,1,6400000.0,1,6400000.0,1,6400000.0,1,6400000.0,1,6400000.0,1,298761.6825,3493285.714285714,7,102.125,1,4918.0,LOGIN,0.023809518140590916,42.0,0.4131449351843271,-1.0670753132819297
9711,-0.5655010303689797,Payment,Credit_card_repayment,2019-11-15,Fri,14,1,1650833.0,NaN,Android,160.208.xx.xx (HN),M,2019-07-30,1992-11-24,0,2019-07-30,AUTO-JOB,0,SMART_OTP,Working,1650833.0,1,1650833.0,1,1650833.0,1,1650833.0,1,1650833.0,1,1650833.0,1,5915647.812,4839066.571428572,14,34.75,0,2541.0,LOGIN_FINGER,0.2985074181332212,67.0,0.3014768506131081,-1.180409654339747
9760,-0.5692912100060434,Payment,Utilities_payment,2019-09-09,Mon,20,1,169728.0,NaN,Android,203.140.xx.xx (HN),M,2019-07-10,1988-03-09,0,2019-07-10,BRANCH,0,SMART_OTP,State servant,169728.0,1,169728.0,1,169728.0,1,169728.0,1,169728.0,1,169728.0,1,18385538.365,90196930.1,10,61.833333333333336,0,999.0,LOGIN,0.4705880968858538,34.0,0.8138067051238782,-1.042408148168662
9846,-0.6136590042465088,Payment,Credit_card_repayment,2019-11-28,Thu,13,1,3226336.0,NaN,iOS,125.37.xx.xx (HN),F,2019-10-16,1986-05-17,0,2019-10-16,BRANCH,1,SMART_OTP,State servant,3226336.0,1,3226336.0,1,3226336.0,1,3226336.0,1,3226336.0,1,3226336.0,1,326755.56,3226336.0,1,43.541666666666664,0,666.0,LOGIN_FACEID,0.3999996000004,10.0,0.0,-1.36053084911388
9977,-0.5720635977878361,Transfer,Outside_bank,2019-10-05,Sat,0,1,200000.0,968963,iOS,177.228.xx.xx (HP),M,2019-01-15,1995-12-01,0,2019-09-05,BRANCH,1,SMART_OTP,Commercial associate,200200.0,2,200200.0,2,200200.0,2,200200.0,2,200200.0,2,200200.0,2,344199.20916666667,150033.33333333334,12,0.041666666666666664,2,709.0,LOGIN,0.0,7.0,0.8073400396798127,-1.1065604056987484
9989,-0.6475478698377967,Topup,eWallet,2019-12-31,Tue,0,5,19420300.0,NaN,iOS,135.89.xx.xx (HP),M,2019-10-04,1996-03-21,0,2019-10-08,BRANCH,1,SMART_OTP,Businessman,19420300.0,1,19420300.0,1,41906700.0,5,46057920.0,7,87515720.0,15,118033720.0,32,2919042.98,3213518.947368421,38,0.25,0,999.0,LOGIN,0.0,0.0,0.24085797701963468,0.0
10044,-0.6327897712950951,Payment,Credit_card_repayment,2019-10-25,Fri,17,1,10000000.0,NaN,iOS,13.69.xx.xx (HCM),F,2019-05-03,1984-10-20,0,2019-05-17,AUTO-JOB,1,SMART_OTP,Working,10000000.0,1,10000000.0,1,10000000.0,1,10000000.0,1,10000000.0,1,10000000.0,1,569586.55375,5019065.5,2,161.70833333333334,0,3657.0,LOGIN,0.0,22.0,0.0,-0.807260350569212
10044,-0.5821633045968115,Payment,Credit_card_repayment,2019-12-27,Fri,12,1,38131.0,NaN,iOS,199.224.xx.xx (HCM),F,2019-05-03,1984-10-20,0,2019-05-17,AUTO-JOB,1,SMART_OTP,Working,38131.0,1,38131.0,1,38131.0,1,38131.0,1,38131.0,1,38131.0,1,569586.55375,5019065.5,2,62.791666666666664,0,5164.0,LOGIN,0.0,33.0,0.0,-0.807260350569212
10276,-0.5900538526658894,Transfer,Within_bank,2019-10-23,Wed,15,2,60000000.0,108271,iOS,128.48.xx.xx (HN),M,2019-01-04,1987-05-16,0,2019-01-05,BRANCH,1,SMS,Commercial associate,60000000.0,1,60000000.0,1,60000000.0,1,60000000.0,1,61116000.0,4,68258000.0,14,34154575.964999996,7371434.6329113925,158,3.8333333333333335,1,6722.0,LOGIN,0.1555555497942389,270.0,0.07387168748548188,-1.1457088299393976
10276,-0.5946224451364622,Transfer,Within_bank,2019-11-12,Tue,10,1,200000000.0,834352,iOS,90.43.xx.xx (HN),M,2019-01-04,1987-05-16,0,2019-01-05,BRANCH,1,SMS,Commercial associate,200100000.0,2,200200000.0,3,200200000.0,3,200200000.0,3,232466000.0,6,303514500.0,18,34154575.964999996,7371434.6329113925,158,0.041666666666666664,2,7197.0,LOGIN,0.1643835560142618,292.0,0.07387168748548188,-1.1457088299393976
10321,-0.6148796980318567,Transfer,Within_bank,2019-05-10,Fri,1,1,50000.0,986425,iOS,153.36.xx.xx (HP),F,2019-03-26,1990-05-12,0,2019-03-27,BRANCH,1,SMART_OTP,State servant,50000.0,1,50000.0,1,50000.0,1,50000.0,1,50000.0,1,150000.0,2,1174549.226,75000.0,2,28.25,1,0.0,LOGIN,0.0,3.0,0.0,-1.173976202785822
10346,-0.601809377861042,Payment,QR_payment,2019-10-10,Thu,13,1,9180000.0,NaN,iOS,180.218.xx.xx (HCM),M,2019-04-12,1991-05-13,0,2019-04-12,BRANCH,1,SMS,Commercial associate,9180000.0,1,9180000.0,1,9210000.0,2,9210000.0,2,10980000.0,5,12030000.0,8,263557.28777777776,868354.8387096775,31,0.20833333333333334,0,4273.0,LOGIN,0.2891565916678805,83.0,0.16985762050141542,-1.0679076843594488
10346,-0.5733956226944831,Transfer,Outside_bank,2019-11-23,Sat,12,1,10590000.0,988349,iOS,218.155.xx.xx (HCM),M,2019-04-12,1991-05-13,0,2019-04-12,BRANCH,1,SMS,Commercial associate,10590000.0,1,10590000.0,1,10590000.0,1,10590000.0,1,10590000.0,1,11369000.0,5,263557.28777777776,868354.8387096775,31,8.625,1,5328.0,LOGIN_FINGER,0.37142854489796107,140.0,0.16985762050141542,-1.0679076843594488
10352,-0.5822627952734613,Transfer,Outside_bank,2019-12-12,Thu,0,1,3500000.0,350535,iOS,12.182.xx.xx (HN),M,2019-09-11,1983-04-05,0,2019-09-11,BRANCH,1,SMART_OTP,Working,3500000.0,1,3500000.0,1,3500000.0,1,3500000.0,1,3500000.0,1,3500000.0,1,94221887.4425,1600000.0,10,30.25,1,2199.0,LOGIN,0.0,53.0,0.5717671898363487,-1.011426109731365
10356,-0.5754340360828736,Transfer,Outside_bank,2019-12-23,Mon,14,2,2892000.0,831341,Android,76.38.xx.xx (BD),M,2019-10-05,1995-11-05,0,2019-12-17,BRANCH,1,SMART_OTP,Working,2892000.0,1,2892000.0,1,2892000.0,1,2892000.0,1,3032000.0,6,3032000.0,6,38129.03,353555.55555555556,9,3.3333333333333335,1,146.0,LOGIN,0.0,11.0,0.6931835484847846,-1.4447947746906733
10399,-0.5685495341209138,Transfer,Outside_bank,2019-08-04,Sun,0,1,100000.0,512807,iOS,70.249.xx.xx (DN),F,2019-07-30,1994-08-21,0,2019-07-30,BRANCH,1,SMART_OTP,Unemployed,100000.0,1,100000.0,1,100000.0,1,1450000.0,3,3780000.0,7,3780000.0,7,173281.32166666666,411871.8131868132,182,1.4583333333333333,1,108.0,LOGIN,0.0,27.0,0.11786874079318647,-1.0046421496935791
10399,-0.5834778696758658,Topup,eWallet,2019-09-19,Thu,0,2,1400000.0,NaN,iOS,196.25.xx.xx (DN),F,2019-07-30,1994-08-21,0,2019-07-30,BRANCH,1,SMART_OTP,Unemployed,1400000.0,1,1400000.0,1,1400000.0,1,1400000.0,1,3461920.0,5,19254050.0,38,173281.32166666666,411871.8131868132,182,4.541666666666667,0,159.0,LOGIN,0.0,207.0,0.11786874079318647,-1.0046421496935791
10399,-0.5744910695239769,Topup,eWallet,2019-09-21,Sat,22,1,4063500.0,NaN,iOS,47.33.xx.xx (DN),F,2019-07-30,1994-08-21,0,2019-07-30,BRANCH,1,SMART_OTP,Unemployed,4063500.0,1,4063500.0,1,4063500.0,1,4063500.0,1,5923500.0,4,19687550.0,26,173281.32166666666,411871.8131868132,182,2.25,0,229.0,LOGIN,0.0,215.0,0.11786874079318647,-1.0046421496935791
10399,-0.5672012605147022,Topup,eWallet,2019-10-18,Fri,19,1,3600000.0,NaN,iOS,198.132.xx.xx (DN),F,2019-07-30,1994-08-21,0,2019-07-30,BRANCH,1,SMART_OTP,Unemployed,3600000.0,1,3600000.0,1,3600000.0,1,3600000.0,1,3717760.0,3,23560760.0,39,173281.32166666666,411871.8131868132,182,3.875,0,874.0,LOGIN,0.0,271.0,0.11786874079318647,-1.0046421496935791
10399,-0.5647469529218397,Topup,eWallet,2019-10-21,Mon,0,1,125000.0,NaN,iOS,22.42.xx.xx (DN),F,2019-07-30,1994-08-21,0,2019-07-30,BRANCH,1,SMART_OTP,Unemployed,125000.0,1,190000.0,2,464000.0,3,1054000.0,4,4771760.0,7,22754760.0,40,173281.32166666666,411871.8131868132,182,0.125,1,927.0,LOGIN,0.0,275.0,0.11786874079318647,-1.0046421496935791
10448,-0.5653088494332926,Transfer,Outside_bank,2019-10-21,Mon,9,1,50000000.0,199772,iOS,102.247.xx.xx (HCM),M,2019-02-19,1996-12-25,0,2019-02-19,BRANCH,0,SMART_OTP,Working,50000000.0,1,50000000.0,1,50000000.0,1,51700000.0,3,63270000.0,12,147555000.0,37,2075084.1181818182,6283910.994764398,191,1.8333333333333333,1,5833.0,LOGIN,0.49093654847527873,662.0,0.20184174634067029,-1.4359981449690027
10448,-0.5986997163827872,Transfer,Within_bank,2019-11-08,Fri,10,1,200000000.0,159107,iOS,208.63.xx.xx (HCM),M,2019-02-19,1996-12-25,0,2019-02-19,BRANCH,0,SMART_OTP,Working,422000000.0,3,422000000.0,3,422000000.0,3,422000000.0,3,484100000.0,7,632980000.0,33,2075084.1181818182,6283910.994764398,191,0.041666666666666664,2,6266.0,LOGIN_FACEID,0.4907161738631807,754.0,0.20184174634067029,-1.4359981449690027
10448,-0.5925338556974578,Transfer,Outside_bank,2019-11-08,Fri,10,1,200000000.0,313737,iOS,84.182.xx.xx (HCM),M,2019-02-19,1996-12-25,0,2019-02-19,BRANCH,0,SMART_OTP,Working,422000000.0,3,422000000.0,3,422000000.0,3,422000000.0,3,484100000.0,7,632980000.0,33,2075084.1181818182,6283910.994764398,191,0.0,3,6266.0,LOGIN_FACEID,0.4907161738631807,754.0,0.20184174634067029,-1.4359981449690027
10496,-0.5979677160098024,Payment,Utilities_payment,2019-11-12,Tue,0,1,264000.0,NaN,iOS,208.207.xx.xx (DN),M,2019-04-20,1993-12-08,0,2019-06-27,BRANCH,1,SMART_OTP,Working,264000.0,1,264000.0,1,314000.0,2,314000.0,2,334000.0,3,1854000.0,6,3836401.34875,245323.85294117648,34,1.0,0,2674.0,LOGIN,0.0,50.0,0.7890427424644764,-1.09497402316627
10517,-0.612955122613401,Payment,Credit_card_repayment,2019-09-12,Thu,11,1,10000000.0,NaN,Android,71.57.xx.xx (HN),F,2019-07-10,1983-03-24,0,2019-08-07,BRANCH,0,SMART_OTP,Working,10000000.0,1,10000000.0,1,10000000.0,1,10000000.0,1,10000000.0,1,10000000.0,1,215560.92200000002,12735569.0,4,36.458333333333336,0,792.0,LOGIN,0.0,9.0,0.0,-0.7426489971561998
10517,-0.5796913018600555,Payment,Credit_card_repayment,2019-09-13,Fri,11,1,16400000.0,NaN,Android,238.16.xx.xx (HN),F,2019-07-10,1983-03-24,0,2019-08-07,BRANCH,0,SMART_OTP,Working,16400000.0,1,16400000.0,1,26400000.0,2,26400000.0,2,26400000.0,2,26400000.0,2,215560.92200000002,12735569.0,4,1.0,0,816.0,LOGIN,0.0,10.0,0.0,-0.7426489971561998
10517,-0.6319367442681835,Payment,Credit_card_repayment,2019-10-23,Wed,9,1,17042276.0,NaN,Android,232.199.xx.xx (HN),F,2019-07-10,1983-03-24,0,2019-08-07,BRANCH,0,SMART_OTP,Working,17042276.0,1,17042276.0,1,17042276.0,1,17042276.0,1,17042276.0,1,17042276.0,1,215560.92200000002,12735569.0,4,39.875,0,1774.0,LOGIN,0.0,24.0,0.0,-0.7426489971561998
10518,-0.6297181920720153,Payment,Credit_card_repayment,2019-09-13,Fri,9,1,29219000.0,NaN,iOS,90.144.xx.xx (HN),F,2019-08-07,1989-06-06,0,2019-08-07,BRANCH,1,SMART_OTP,Working,29219000.0,1,29219000.0,1,29219000.0,1,29219000.0,1,29219000.0,1,29219000.0,1,93024.664,14222105.333333334,3,37.375,0,592.0,LOGIN,0.0,20.0,0.0,-0.9257132132247263
10518,-0.6293555346127494,Payment,Credit_card_repayment,2019-10-21,Mon,8,2,12379800.0,NaN,iOS,14.119.xx.xx (HN),F,2019-08-07,1989-06-06,0,2019-08-07,BRANCH,1,SMART_OTP,Working,12379800.0,1,12379800.0,1,12379800.0,1,12379800.0,1,12379800.0,1,12379800.0,1,93024.664,14222105.333333334,3,37.958333333333336,0,1503.0,LOGIN,0.0,38.0,0.0,-0.9257132132247263
10560,-0.5839436687380719,Topup,eWallet,2019-12-02,Mon,0,1,60000.0,NaN,Android,42.109.xx.xx (DN),M,2019-09-19,1999-09-16,0,2019-09-19,BRANCH,0,SMART_OTP,Working,60000.0,1,60000.0,1,60000.0,1,260000.0,3,260000.0,3,260000.0,3,1009396.7749999999,296826.0869565217,23,1.0416666666666667,0,1763.0,LOGIN,0.0,16.0,0.6762285994946491,-1.0117815013626816
10560,-0.5654424319528856,Topup,eWallet,2019-12-12,Thu,0,1,200000.0,NaN,Android,214.46.xx.xx (DN),M,2019-09-19,1999-09-16,0,2019-09-19,BRANCH,0,SMART_OTP,Working,200000.0,1,200000.0,1,200000.0,1,200000.0,1,300000.0,2,2200000.0,7,1009396.7749999999,296826.0869565217,23,2.625,0,2003.0,LOGIN,0.0,21.0,0.6762285994946491,-1.0117815013626816
10560,-0.5813726470279839,Topup,eWallet,2019-12-23,Mon,0,1,500000.0,NaN,Android,197.228.xx.xx (DN),M,2019-09-19,1999-09-16,0,2019-09-19,BRANCH,0,SMART_OTP,Working,500000.0,1,500000.0,1,500000.0,1,500000.0,1,700000.0,3,3600000.0,13,1009396.7749999999,296826.0869565217,23,4.583333333333333,0,2267.0,LOGIN,0.0,23.0,0.6762285994946491,-1.0117815013626816
10627,-0.5741342716527139,Topup,eWallet,2019-12-27,Fri,0,1,100000.0,NaN,iOS,112.55.xx.xx (NA),M,2019-12-03,1996-12-09,0,2019-12-03,BRANCH,1,SMART_OTP,Working,100000.0,1,100000.0,1,100000.0,1,100000.0,1,100000.0,1,990000.0,9,177387.1,110000.0,9,8.375,0,558.0,LOGIN,0.0,8.0,0.6296373407794914,-1.109044253289659
10823,-0.569620644001366,Transfer,Within_bank,2019-10-28,Mon,1,1,200000.0,342321,Android,94.98.xx.xx (HN),F,2019-07-08,2001-01-03,0,2019-07-08,BRANCH,1,SMART_OTP,Working,200000.0,1,200000.0,1,450000.0,2,450000.0,2,450000.0,2,1450000.0,3,608443.585,585570.0,30,0.25,2,3.0,LOGIN,0.0,37.0,0.2173379402564623,-1.2317464197962198
10843,-0.5930903585344596,Topup,eWallet,2019-12-23,Mon,10,2,2781217.0,NaN,iOS,3.105.xx.xx (HCM),M,2019-12-09,2000-04-23,0,2019-12-23,BRANCH,0,SMART_OTP,Working,2781217.0,1,2781217.0,1,2781217.0,1,2781217.0,1,2781217.0,1,2781217.0,1,151702.68,501333.3333333333,6,0.4166666666666667,0,0.0,LOGIN,0.0,0.0,1.3126636830040854,-1.0493956950994432
10843,-0.6315294444798217,Topup,eWallet,2019-12-24,Tue,0,1,18783.0,NaN,iOS,176.239.xx.xx (HCM),M,2019-12-09,2000-04-23,0,2019-12-23,BRANCH,0,SMART_OTP,Working,18783.0,1,18783.0,1,2800000.0,2,2800000.0,2,2800000.0,2,2800000.0,2,151702.68,501333.3333333333,6,0.5833333333333334,0,13.0,LOGIN_FINGER,0.3636360330581518,11.0,1.3126636830040854,-1.0493956950994432
10843,-0.622170385272707,Topup,eWallet,2019-12-30,Mon,0,1,50000.0,NaN,iOS,178.78.xx.xx (HCM),M,2019-12-09,2000-04-23,0,2019-12-23,BRANCH,0,SMART_OTP,Working,50000.0,1,50000.0,1,50000.0,1,50000.0,1,2908000.0,4,2908000.0,4,151702.68,501333.3333333333,6,3.5416666666666665,0,157.0,LOGIN_FINGER,0.45161275754427177,31.0,1.3126636830040854,-1.0493956950994432
10859,-0.5772964692104295,Transfer,Within_bank,2019-07-25,Thu,16,1,5000000.0,1212,iOS,230.194.xx.xx (HCM),F,2019-02-26,1998-03-28,0,2019-02-27,BRANCH,1,SMART_OTP,Unemployed,5000000.0,1,5000000.0,1,5000000.0,1,5000000.0,1,5000000.0,1,5000000.0,1,2181121.829,1193125.0,16,148.66666666666666,1,3552.0,LOGIN,0.0,5.0,0.39952554355889747,-0.947283074749078
10945,-0.5985902960576045,Transfer,Outside_bank,2019-10-30,Wed,15,1,5500000.0,321648,iOS,194.20.xx.xx (HN),M,2019-01-11,1983-04-09,0,2019-05-07,BRANCH,1,SMART_OTP,Working,5500000.0,1,5500000.0,1,5500000.0,1,5500000.0,1,5500000.0,1,5500000.0,1,1209952.415,2900000.0,2,176.625,1,4219.0,LOGIN_FACEID,0.47540975812954783,61.0,0.0,-1.4488958151496476
10960,-0.5868049407527335,Transfer,Outside_bank,2019-12-17,Tue,11,1,10000000.0,33614,Web,86.186.xx.xx (HCM),F,2019-07-24,1991-05-09,0,2019-07-24,BRANCH,1,SMART_OTP,Businessman,10000000.0,1,10000000.0,1,10000000.0,1,10000000.0,1,10000000.0,1,10000000.0,1,44680926.86666667,4370441.6,5,95.79166666666667,1,3495.0,LOGIN,0.0,9.0,1.4060367088685872,-1.2518148104956022
11035,-0.5944951030370718,Transfer,Outside_bank,2019-11-17,Sun,17,2,1500000.0,632091,iOS,145.21.xx.xx (HP),F,2019-03-25,1995-09-14,0,2019-03-25,BRANCH,0,SMS,Working,1500000.0,1,1500000.0,1,1500000.0,1,1500000.0,1,1500000.0,1,1500000.0,1,253227.29100000003,1500000.0,1,237.70833333333334,1,5693.0,LOGIN_FINGER,0.3499998250000875,20.0,0.0,-1.0742645870735181
11053,-0.5867563826599068,Topup,Mobile,2019-10-22,Tue,0,1,100000.0,NaN,Android,110.40.xx.xx (HN),F,2019-04-02,1994-02-03,0,2019-06-06,BRANCH,1,SMS,State servant,100000.0,1,100000.0,1,100000.0,1,100000.0,1,100000.0,1,100000.0,1,722820.9244444445,988400.0,55,40.041666666666664,0,3301.0,LOGIN,0.0,32.0,0.21741235118316873,-1.5423454870982072
11075,-0.602457011476156,Payment,Credit_card_repayment,2019-11-13,Wed,6,1,102450.0,NaN,iOS,52.182.xx.xx (HN),M,2019-09-14,1984-11-04,0,2019-09-17,BRANCH,0,SMART_OTP,Working,102450.0,1,102450.0,1,102450.0,1,102450.0,1,102450.0,1,102450.0,1,134175.64500000002,549500.0,2,57.25,0,9.0,LOGIN,0.0,2.0,0.0,-0.8483541416732031
11075,-0.5882802416060643,Payment,Credit_card_repayment,2019-12-31,Tue,11,1,996550.0,NaN,iOS,62.170.xx.xx (HN),M,2019-09-14,1984-11-04,0,2019-09-17,BRANCH,0,SMART_OTP,Working,996550.0,1,996550.0,1,996550.0,1,996550.0,1,996550.0,1,996550.0,1,134175.64500000002,549500.0,2,48.208333333333336,0,1166.0,LOGIN,0.0,4.0,0.0,-0.8483541416732031
11119,-0.5860236010403631,Payment,Credit_card_repayment,2019-08-14,Wed,14,1,60000.0,NaN,Android,63.155.xx.xx (HN),M,2019-07-02,1986-10-30,0,2019-07-16,AUTO-JOB,1,SMART_OTP,Working,60000.0,1,60000.0,1,60000.0,1,60000.0,1,60000.0,1,60000.0,1,2880737.8000000003,9955718.55,20,29.583333333333332,0,0.0,LOGIN,0.0,0.0,0.3340024689561788,-0.9467875958592149
11119,-0.6028037764121922,Payment,Credit_card_repayment,2019-09-04,Wed,8,1,63839000.0,NaN,Android,140.125.xx.xx (HN),M,2019-07-02,1986-10-30,0,2019-07-16,AUTO-JOB,1,SMART_OTP,Working,63839000.0,1,63839000.0,1,63839000.0,1,63839000.0,1,63839000.0,1,63899000.0,2,2880737.8000000003,9955718.55,20,20.75,0,498.0,LOGIN,0.0,14.0,0.3340024689561788,-0.9467875958592149
11119,-0.5687717490837698,Payment,Credit_card_repayment,2019-10-02,Wed,19,1,12307370.0,NaN,Android,8.212.xx.xx (HN),M,2019-07-02,1986-10-30,0,2019-07-16,AUTO-JOB,1,SMART_OTP,Working,12307370.0,1,12307370.0,1,12307370.0,1,12307370.0,1,12307370.0,1,76146370.0,2,2880737.8000000003,9955718.55,20,28.458333333333332,0,1181.0,LOGIN,0.0,28.0,0.3340024689561788,-0.9467875958592149
11119,-0.6330831585100193,Payment,Credit_card_repayment,2019-11-04,Mon,11,1,107458000.0,NaN,Android,158.242.xx.xx (HN),M,2019-07-02,1986-10-30,0,2019-07-16,AUTO-JOB,1,SMART_OTP,Working,107458000.0,1,107458000.0,1,107458000.0,1,107458000.0,1,107458000.0,1,109668000.0,6,2880737.8000000003,9955718.55,20,9.583333333333334,0,1965.0,LOGIN,0.0,40.0,0.3340024689561788,-0.9467875958592149
11132,-0.5987323800239934,Topup,Mobile,2019-12-16,Mon,0,1,30000.0,NaN,iOS,38.75.xx.xx (HCM),F,2019-11-20,1995-09-28,0,2019-11-20,BRANCH,1,SMART_OTP,Commercial associate,30000.0,1,30000.0,1,30000.0,1,30000.0,1,30000.0,1,30000.0,1,1013580.63,307888.8888888889,9,26.0,0,563.0,LOGIN,0.4634145211184095,41.0,0.5447795693425029,-1.13786767490712
11159,-0.5909525044306637,Payment,Credit_card_repayment,2019-10-06,Sun,10,1,3800000.0,NaN,iOS,224.174.xx.xx (HN),M,2019-07-30,1989-10-15,0,2019-07-30,AUTO-JOB,0,SMART_OTP,Businessman,3800000.0,1,3800000.0,1,3800000.0,1,3800000.0,1,3800000.0,1,14190000.0,9,543182.655,2282468.5,26,18.5,0,15.0,LOGIN,0.0,68.0,0.14353570066573698,-1.074536529343713
11159,-0.6104973640841889,Payment,Credit_card_repayment,2019-11-11,Mon,15,1,18606356.0,NaN,iOS,140.168.xx.xx (HN),M,2019-07-30,1989-10-15,0,2019-07-30,AUTO-JOB,0,SMART_OTP,Businessman,18606356.0,1,18606356.0,1,18606356.0,1,18606356.0,1,22330000.0,2,27095000.0,6,543182.655,2282468.5,26,3.9583333333333335,0,884.0,LOGIN,0.0,98.0,0.14353570066573698,-1.074536529343713
11159,-0.5750014064293968,Payment,Credit_card_repayment,2019-12-25,Wed,13,1,4876181.0,NaN,iOS,93.140.xx.xx (NA),M,2019-07-30,1989-10-15,0,2019-07-30,AUTO-JOB,0,SMART_OTP,Businessman,4876181.0,1,4876181.0,1,4876181.0,1,4876181.0,1,4876181.0,1,5376181.0,2,543182.655,2282468.5,26,9.625,0,0.0,LOGIN,0.0,119.0,0.14353570066573698,-1.074536529343713
11169,-0.5730333257516683,Transfer,Outside_bank,2019-11-18,Mon,15,1,108290000.0,949025,Android,150.137.xx.xx (TH),F,2019-04-19,1984-12-12,0,2019-11-18,BRANCH,0,SMART_OTP,Working,108290000.0,1,108290000.0,1,108290000.0,1,108290000.0,1,108290000.0,1,108290000.0,1,2462750.1344444444,9264214.285714285,14,0.625,1,0.0,LOGIN,0.0,0.0,0.4617924929691972,-1.0462330523061933
11272,-0.6843879529002227,Payment,Credit_card_repayment,2019-11-04,Mon,8,1,50300000.0,NaN,Android,105.50.xx.xx (HP),M,2019-03-22,1979-01-06,0,2019-04-22,MYbank,0,SMART_OTP,Working,50300000.0,1,50300000.0,1,50300000.0,1,50300000.0,1,50300000.0,1,50300000.0,1,402377.51999999996,17858599.0,6,196.33333333333334,0,4462.0,LOGIN,0.45833328559028275,96.0,1.0725584335226876,-1.3458215479610445
11272,-0.5796410188545976,Payment,Credit_card_repayment,2019-12-03,Tue,9,1,7066861.0,NaN,Android,175.2.xx.xx (HP),M,2019-03-22,1979-01-06,0,2019-04-22,MYbank,0,SMART_OTP,Working,7066861.0,1,7066861.0,1,7066861.0,1,7066861.0,1,7066861.0,1,58016861.0,4,402377.51999999996,17858599.0,6,17.791666666666668,0,568.0,LOGIN_FINGER,0.4590163558183315,122.0,1.0725584335226876,-1.3458215479610445
11272,-0.6145590952150518,Payment,Credit_card_repayment,2019-12-26,Thu,13,1,49079377.0,NaN,Android,206.118.xx.xx (HP),M,2019-03-22,1979-01-06,0,2019-04-22,MYbank,0,SMART_OTP,Working,49079377.0,1,49079377.0,1,49079377.0,1,49079377.0,1,49079377.0,1,56201594.0,3,402377.51999999996,17858599.0,6,10.125,0,1124.0,LOGIN,0.45384611893491394,130.0,1.0725584335226876,-1.3458215479610445
11396,-0.5911725079934184,Transfer,Outside_bank,2019-07-08,Mon,6,1,23178597.0,31280,Android,176.120.xx.xx (HCM),M,2019-03-20,1981-01-05,0,2019-03-20,BRANCH,0,SMART_OTP,Unemployed,23178597.0,1,23178597.0,1,23178597.0,1,23178597.0,1,23178597.0,1,23178597.0,1,28024433.836000003,47398897.7,10,107.91666666666667,1,2590.0,LOGIN,0.4814814458161892,135.0,0.5988486992458786,-1.2501414650492049
11396,-0.5793984674417431,Transfer,Outside_bank,2019-08-18,Sun,5,1,150000000.0,1212,Android,95.154.xx.xx (HCM),M,2019-03-20,1981-01-05,0,2019-03-20,BRANCH,0,SMART_OTP,Unemployed,150000000.0,1,150000000.0,1,400000000.0,3,400000000.0,3,450000000.0,4,450000000.0,4,28024433.836000003,47398897.7,10,0.75,3,3573.0,LOGIN_FINGER,0.4827585929449084,174.0,0.5988486992458786,-1.2501414650492049
11396,-0.5689814246084267,Payment,Utilities_payment,2019-11-11,Mon,12,1,222870.0,NaN,Android,78.59.xx.xx (HCM),M,2019-03-20,1981-01-05,0,2019-03-20,BRANCH,0,SMART_OTP,Unemployed,222870.0,1,222870.0,1,222870.0,1,222870.0,1,222870.0,1,222870.0,1,28024433.836000003,47398897.7,10,33.833333333333336,0,5620.0,LOGIN,0.4746543560067117,217.0,0.5988486992458786,-1.2501414650492049
11491,-0.5691485947730526,Transfer,Outside_bank,2019-09-11,Wed,7,1,690000.0,368489,Android,57.34.xx.xx (HN),F,2019-03-01,1992-10-25,0,2019-03-05,BRANCH,1,SMS,Unemployed,690000.0,1,690000.0,1,690000.0,1,690000.0,1,690000.0,1,690000.0,1,2023850.254,690000.0,1,190.29166666666666,1,4388.0,LOGIN,0.0,9.0,0.0,-0.9191604265933322
11515,-0.5669687002749388,Topup,Mobile,2019-12-26,Thu,16,1,30000.0,NaN,iOS,19.85.xx.xx (HP),F,2019-02-12,2001-09-17,0,2019-02-13,MYbank,0,SMS,Working,30000.0,1,30000.0,1,30000.0,1,30000.0,1,30000.0,1,30000.0,1,174497.50363636363,3430666.6666666665,3,245.125,0,7579.0,LOGIN,0.0,14.0,0.0,-1.1940412250466925
11554,-0.5692925542924537,Transfer,Within_bank,2019-12-31,Tue,1,1,800000.0,33219,iOS,92.29.xx.xx (HP),M,2019-09-03,1983-11-19,0,2019-09-03,BRANCH,1,SMART_OTP,Unemployed,800000.0,1,800000.0,1,800000.0,1,800000.0,1,800000.0,1,10230000.0,7,1156572.02,945625.0,16,7.416666666666667,1,2832.0,LOGIN,0.0,37.0,0.3862004158197323,-0.8388234538341974
11568,-0.6135211298541533,Payment,Credit_card_repayment,2019-12-30,Mon,12,1,1200000.0,NaN,Android,147.202.xx.xx (DN),M,2019-09-03,1994-08-13,0,2019-09-03,BRANCH,0,SMART_OTP,Working,1200000.0,1,1200000.0,1,1200000.0,1,1200000.0,1,1200000.0,1,1200000.0,1,134206.45,24600000.0,2,118.5,0,2783.0,LOGIN,0.0,3.0,0.0,-0.8207330937707412
11568,-0.6058943018189482,Payment,Credit_card_repayment,2019-12-30,Mon,15,1,48000000.0,NaN,Android,37.167.xx.xx (DN),M,2019-09-03,1994-08-13,0,2019-09-03,BRANCH,0,SMART_OTP,Working,48000000.0,1,49200000.0,2,49200000.0,2,49200000.0,2,49200000.0,2,49200000.0,2,134206.45,24600000.0,2,0.125,0,2786.0,LOGIN,0.0,4.0,0.0,-0.8207330937707412
11660,-0.5954321845347457,Topup,eWallet,2019-01-28,Mon,0,1,10000.0,NaN,Android,206.54.xx.xx (DN),M,2019-01-22,1988-05-01,0,2019-01-22,BRANCH,1,SMART_OTP,Working,10000.0,1,10000.0,1,10000.0,1,960000.0,4,2010000.0,7,2010000.0,7,61057.46916666667,361250.0,8,1.2916666666666667,0,133.0,LOGIN,0.0,14.0,0.48325412432581016,-1.2075989187842269
11701,-0.576374546685751,Transfer,Outside_bank,2019-12-06,Fri,11,1,200000000.0,877454,iOS,213.185.xx.xx (HCM),F,2019-07-26,1992-09-01,1,2019-07-26,BRANCH,1,SMART_OTP,State servant,200000000.0,1,200000000.0,1,200000000.0,1,215015000.0,2,280778800.0,11,446942536.0,41,14581219.413333334,12052925.40397351,151,1.7916666666666667,1,2043.0,LOGIN,0.4918367246563934,490.0,0.18189620660694744,-1.2976776145538311
11720,-0.5918347163838948,Transfer,Outside_bank,2019-11-21,Thu,15,1,46000000.0,925502,Android,77.240.xx.xx (DN),F,2019-06-27,1989-02-21,0,2019-06-27,BRANCH,1,SMART_OTP,Working,46000000.0,1,46000000.0,1,46000000.0,1,46000000.0,1,46000000.0,1,46000000.0,1,13235744.35142857,46000000.0,1,147.625,1,1.0,LOGIN,0.0,4.0,0.0,-1.233424573412998
11830,-0.6908245197710291,Payment,Credit_card_repayment,2019-06-01,Sat,0,1,79886000.0,NaN,Android,245.55.xx.xx (CT),M,2019-01-23,1982-04-06,0,2019-01-25,BRANCH,1,SMART_OTP,Working,79886000.0,1,79886000.0,1,79886000.0,1,79886000.0,1,79886000.0,1,79886000.0,1,1352865.4141666668,19985332.333333332,9,127.0,0,3027.0,LOGIN,0.0,1.0,0.7062731074351416,-0.9310825753212426
11830,-0.6428243122636084,Payment,Credit_card_repayment,2019-08-06,Tue,11,1,79800894.0,NaN,Android,215.111.xx.xx (CT),M,2019-01-23,1982-04-06,0,2019-01-25,BRANCH,1,SMART_OTP,Working,79800894.0,1,79800894.0,1,79800894.0,1,79800894.0,1,79800894.0,1,79800894.0,1,1352865.4141666668,19985332.333333332,9,66.45833333333333,0,4622.0,LOGIN,0.0,6.0,0.7062731074351416,-0.9310825753212426
11830,-0.5770310369056953,Payment,Credit_card_repayment,2019-08-12,Mon,14,2,7105320.0,NaN,Android,248.75.xx.xx (CT),M,2019-01-23,1982-04-06,0,2019-01-25,BRANCH,1,SMART_OTP,Working,7105320.0,1,7105320.0,1,7105320.0,1,7105320.0,1,86906214.0,2,86906214.0,2,1352865.4141666668,19985332.333333332,9,6.125,0,4769.0,LOGIN,0.0,7.0,0.7062731074351416,-0.9310825753212426
11830,-0.6112698104325088,Payment,Credit_card_repayment,2019-09-02,Mon,0,1,1500000.0,NaN,Android,66.126.xx.xx (CT),M,2019-01-23,1982-04-06,0,2019-01-25,BRANCH,1,SMART_OTP,Working,1500000.0,1,1500000.0,1,1500000.0,1,1500000.0,1,1500000.0,1,88406214.0,3,1352865.4141666668,19985332.333333332,9,20.416666666666668,0,5259.0,LOGIN,0.0,9.0,0.7062731074351416,-0.9310825753212426
11830,-0.6059332661403443,Payment,Credit_card_repayment,2019-10-12,Sat,18,1,5000000.0,NaN,Android,46.185.xx.xx (CT),M,2019-01-23,1982-04-06,0,2019-01-25,BRANCH,1,SMART_OTP,Working,5000000.0,1,5000000.0,1,5000000.0,1,5000000.0,1,5000000.0,1,5000000.0,1,1352865.4141666668,19985332.333333332,9,40.75,0,6237.0,LOGIN,0.0,11.0,0.7062731074351416,-0.9310825753212426
11830,-0.6096542246217873,Payment,Credit_card_repayment,2019-11-25,Mon,18,1,2369775.0,NaN,Android,112.233.xx.xx (CT),M,2019-01-23,1982-04-06,0,2019-01-25,BRANCH,1,SMART_OTP,Working,2369775.0,1,2369775.0,1,2369775.0,1,2369775.0,1,2369775.0,1,2369775.0,1,1352865.4141666668,19985332.333333332,9,42.291666666666664,0,7293.0,LOGIN,0.0,17.0,0.7062731074351416,-0.9310825753212426
11830,-0.5647383778585017,Payment,Credit_card_repayment,2019-11-29,Fri,9,1,1206002.0,NaN,Android,102.115.xx.xx (CT),M,2019-01-23,1982-04-06,0,2019-01-25,BRANCH,1,SMART_OTP,Working,1206002.0,1,1206002.0,1,1206002.0,1,1206002.0,1,3575777.0,2,3575777.0,2,1352865.4141666668,19985332.333333332,9,3.625,0,7380.0,LOGIN_FACEID,0.0,19.0,0.7062731074351416,-0.9310825753212426
11830,-0.5975408296883505,Payment,Credit_card_repayment,2019-12-29,Sun,9,1,2000000.0,NaN,Android,27.60.xx.xx (CT),M,2019-01-23,1982-04-06,0,2019-01-25,BRANCH,1,SMART_OTP,Working,2000000.0,1,2000000.0,1,2000000.0,1,2000000.0,1,2000000.0,1,3206002.0,2,1352865.4141666668,19985332.333333332,9,30.0,0,8100.0,LOGIN,0.09090904958679565,22.0,0.7062731074351416,-0.9310825753212426
11838,-0.5831303337474749,Transfer,Within_bank,2019-09-23,Mon,8,1,15000000.0,757012,Android,80.31.xx.xx (HCM),M,2019-07-25,1985-02-04,1,2019-07-25,BRANCH,1,SMART_OTP,Working,22000000.0,2,22000000.0,2,22000000.0,2,22000000.0,2,22000000.0,2,22000000.0,2,18275631.954,6145727.70967742,31,60.333333333333336,1,1391.0,LOGIN_FACEID,0.42857112244919826,14.0,0.15536787892875975,-1.48541198495494
11838,-0.5735038805124331,Payment,Credit_card_repayment,2019-12-21,Sat,5,1,684200.0,NaN,Android,191.115.xx.xx (HCM),M,2019-07-25,1985-02-04,1,2019-07-25,BRANCH,1,SMART_OTP,Working,684200.0,1,684200.0,1,684200.0,1,684200.0,1,13484794.0,4,62087435.0,10,18275631.954,6145727.70967742,31,6.375,0,3524.0,LOGIN,0.464285659013612,84.0,0.15536787892875975,-1.48541198495494
11842,-0.5668875286196422,Topup,eWallet,2019-07-01,Mon,22,1,55000.0,NaN,iOS,88.178.xx.xx (NA),F,2019-02-11,1992-11-27,0,2019-02-11,BRANCH,1,SMART_OTP,Commercial associate,55000.0,1,55000.0,1,55000.0,1,55000.0,1,55000.0,1,55000.0,1,102704.1890909091,346655.0,10,106.33333333333333,0,2784.0,LOGIN,0.4912279839950905,57.0,0.3726797330057755,-1.1604356970619072
11900,-0.5848608837266056,Transfer,Within_bank,2019-09-17,Tue,8,1,71500000.0,137914,iOS,140.1.xx.xx (HN),M,2019-07-31,1965-12-09,0,2019-07-31,BRANCH,1,SMART_OTP,Pensioner,71500000.0,1,71500000.0,1,71500000.0,1,71500000.0,1,71500000.0,1,71500000.0,1,4587726.931666667,11569630.836734693,49,32.958333333333336,1,1150.0,LOGIN,0.0,32.0,0.1298067662078626,-1.0651290019472879
11900,-0.5851470908223692,Transfer,Outside_bank,2019-12-02,Mon,8,1,200000000.0,223847,iOS,197.247.xx.xx (HN),M,2019-07-31,1965-12-09,0,2019-07-31,BRANCH,1,SMART_OTP,Pensioner,200000000.0,1,200000000.0,1,200000000.0,1,200000000.0,1,201977174.0,3,206077174.0,6,4587726.931666667,11569630.836734693,49,6.625,1,2974.0,LOGIN,0.0,68.0,0.1298067662078626,-1.0651290019472879
11901,-0.5850275573794717,Payment,Credit_card_repayment,2019-10-01,Tue,15,2,49000000.0,NaN,iOS,104.18.xx.xx (HCM),M,2019-09-30,1985-07-22,0,2019-09-30,BRANCH,0,SMART_OTP,Working,49000000.0,1,49000000.0,1,49000000.0,1,49000000.0,1,49000000.0,1,49000000.0,1,133091.3975,39943333.333333336,30,1.625,0,31.0,LOGIN,0.0,5.0,0.3991355413463581,-0.7679606108945124
11901,-0.595588764256991,Payment,Credit_card_repayment,2019-10-01,Tue,18,1,15000000.0,NaN,iOS,2.252.xx.xx (HCM),M,2019-09-30,1985-07-22,0,2019-09-30,BRANCH,0,SMART_OTP,Working,15000000.0,1,64000000.0,2,64000000.0,2,64000000.0,2,64000000.0,2,64000000.0,2,133091.3975,39943333.333333336,30,0.125,0,34.0,LOGIN,0.0,6.0,0.3991355413463581,-0.7679606108945124
11901,-0.5847882547463279,Payment,Credit_card_repayment,2019-10-02,Wed,11,1,40000000.0,NaN,iOS,174.92.xx.xx (HCM),M,2019-09-30,1985-07-22,0,2019-09-30,BRANCH,0,SMART_OTP,Working,40000000.0,1,40000000.0,1,104000000.0,3,104000000.0,3,104000000.0,3,104000000.0,3,133091.3975,39943333.333333336,30,0.7083333333333334,0,51.0,LOGIN,0.0,8.0,0.3991355413463581,-0.7679606108945124
11901,-0.5936440899840351,Payment,Credit_card_repayment,2019-10-02,Wed,15,1,15000000.0,NaN,iOS,247.203.xx.xx (HCM),M,2019-09-30,1985-07-22,0,2019-09-30,BRANCH,0,SMART_OTP,Working,15000000.0,1,15000000.0,1,119000000.0,4,119000000.0,4,119000000.0,4,119000000.0,4,133091.3975,39943333.333333336,30,0.16666666666666666,0,55.0,LOGIN,0.0,9.0,0.3991355413463581,-0.7679606108945124
11901,-0.5850745129654291,Payment,Credit_card_repayment,2019-10-21,Mon,14,1,9000000.0,NaN,iOS,6.124.xx.xx (HCM),M,2019-09-30,1985-07-22,0,2019-09-30,BRANCH,0,SMART_OTP,Working,9000000.0,1,9000000.0,1,9000000.0,1,9000000.0,1,9000000.0,1,128000000.0,5,133091.3975,39943333.333333336,30,18.958333333333332,0,510.0,LOGIN,0.0,15.0,0.3991355413463581,-0.7679606108945124
11901,-0.565907167391907,Payment,Credit_card_repayment,2019-10-22,Tue,11,1,10000000.0,NaN,iOS,153.216.xx.xx (HCM),M,2019-09-30,1985-07-22,0,2019-09-30,BRANCH,0,SMART_OTP,Working,10000000.0,1,10000000.0,1,19000000.0,2,19000000.0,2,19000000.0,2,138000000.0,6,133091.3975,39943333.333333336,30,0.875,0,531.0,LOGIN,0.0,16.0,0.3991355413463581,-0.7679606108945124
11901,-0.5678754058429366,Payment,Credit_card_repayment,2019-10-23,Wed,14,1,16000000.0,NaN,iOS,124.7.xx.xx (HCM),M,2019-09-30,1985-07-22,0,2019-09-30,BRANCH,0,SMART_OTP,Working,16000000.0,1,26500000.0,2,26500000.0,2,45500000.0,4,45500000.0,4,164500000.0,8,133091.3975,39943333.333333336,30,0.125,0,558.0,LOGIN,0.0,19.0,0.3991355413463581,-0.7679606108945124
11901,-0.5774380868124542,Payment,Credit_card_repayment,2019-10-25,Fri,8,1,30000000.0,NaN,iOS,107.142.xx.xx (HCM),M,2019-09-30,1985-07-22,0,2019-09-30,BRANCH,0,SMART_OTP,Working,30000000.0,1,30000000.0,1,30000000.0,1,56500000.0,3,75500000.0,5,194500000.0,9,133091.3975,39943333.333333336,30,1.75,0,600.0,LOGIN,0.0,20.0,0.3991355413463581,-0.7679606108945124
11901,-0.5672524091800659,Payment,Credit_card_repayment,2019-10-26,Sat,7,1,29100000.0,NaN,iOS,109.236.xx.xx (HCM),M,2019-09-30,1985-07-22,0,2019-09-30,BRANCH,0,SMART_OTP,Working,29100000.0,1,29100000.0,1,101700000.0,3,101700000.0,3,147200000.0,7,266200000.0,11,133091.3975,39943333.333333336,30,0.625,1,623.0,LOGIN,0.0,22.0,0.3991355413463581,-0.7679606108945124
11901,-0.5916345472719573,Payment,Credit_card_repayment,2019-10-28,Mon,14,1,41000000.0,NaN,iOS,60.242.xx.xx (HCM),M,2019-09-30,1985-07-22,0,2019-09-30,BRANCH,0,SMART_OTP,Working,41000000.0,1,41000000.0,1,41000000.0,1,41000000.0,1,188200000.0,8,307200000.0,12,133091.3975,39943333.333333336,30,2.2916666666666665,0,678.0,LOGIN,0.0,24.0,0.3991355413463581,-0.7679606108945124
11901,-0.582037195202687,Payment,Credit_card_repayment,2019-11-02,Sat,17,1,36000000.0,NaN,iOS,1.175.xx.xx (DN),M,2019-09-30,1985-07-22,0,2019-09-30,BRANCH,0,SMART_OTP,Working,36000000.0,1,36000000.0,1,36000000.0,1,36000000.0,1,84900000.0,3,232100000.0,10,133091.3975,39943333.333333336,30,5.0,0,801.0,LOGIN,0.0,28.0,0.3991355413463581,-0.7679606108945124
11901,-0.6214441334181355,Payment,Credit_card_repayment,2019-11-18,Mon,14,2,91000000.0,NaN,iOS,123.245.xx.xx (HCM),M,2019-09-30,1985-07-22,0,2019-09-30,BRANCH,0,SMART_OTP,Working,91000000.0,1,91000000.0,1,91000000.0,1,91000000.0,1,91000000.0,1,357100000.0,12,133091.3975,39943333.333333336,30,14.916666666666666,0,1182.0,LOGIN,0.0,33.0,0.3991355413463581,-0.7679606108945124
11901,-0.5908764120890198,Payment,Credit_card_repayment,2019-11-25,Mon,14,3,75500000.0,NaN,iOS,169.215.xx.xx (HCM),M,2019-09-30,1985-07-22,0,2019-09-30,BRANCH,0,SMART_OTP,Working,75500000.0,1,75500000.0,1,75500000.0,1,75500000.0,1,166500000.0,2,285400000.0,6,133091.3975,39943333.333333336,30,7.0,0,1350.0,LOGIN,0.0,35.0,0.3991355413463581,-0.7679606108945124
11901,-0.5678634345980905,Payment,Credit_card_repayment,2019-11-26,Tue,11,1,30000000.0,NaN,iOS,48.54.xx.xx (HCM),M,2019-09-30,1985-07-22,0,2019-09-30,BRANCH,0,SMART_OTP,Working,30000000.0,1,30000000.0,1,105500000.0,2,105500000.0,2,105500000.0,2,315400000.0,7,133091.3975,39943333.333333336,30,0.875,0,1371.0,LOGIN,0.0,36.0,0.3991355413463581,-0.7679606108945124
11901,-0.5845907698694309,Payment,Credit_card_repayment,2019-11-29,Fri,11,1,100000000.0,NaN,iOS,114.247.xx.xx (HCM),M,2019-09-30,1985-07-22,0,2019-09-30,BRANCH,0,SMART_OTP,Working,100000000.0,1,100000000.0,1,100000000.0,1,100000000.0,1,205500000.0,3,366500000.0,6,133091.3975,39943333.333333336,30,3.0,0,1443.0,LOGIN,0.0,37.0,0.3991355413463581,-0.7679606108945124
11901,-0.5778689954933172,Payment,Credit_card_repayment,2019-12-04,Wed,9,1,48900000.0,NaN,iOS,176.2.xx.xx (HCM),M,2019-09-30,1985-07-22,0,2019-09-30,BRANCH,0,SMART_OTP,Working,48900000.0,1,48900000.0,1,48900000.0,1,48900000.0,1,148900000.0,2,345400000.0,5,133091.3975,39943333.333333336,30,4.916666666666667,0,1561.0,LOGIN,0.0,38.0,0.3991355413463581,-0.7679606108945124
11901,-0.5706063382561928,Payment,Credit_card_repayment,2019-12-05,Thu,8,1,70000000.0,NaN,iOS,236.151.xx.xx (HCM),M,2019-09-30,1985-07-22,0,2019-09-30,BRANCH,0,SMART_OTP,Working,70000000.0,1,70000000.0,1,118900000.0,2,118900000.0,2,218900000.0,3,415400000.0,6,133091.3975,39943333.333333336,30,0.9583333333333334,0,1584.0,LOGIN,0.0,39.0,0.3991355413463581,-0.7679606108945124
11901,-0.5809562435421016,Payment,Credit_card_repayment,2019-12-14,Sat,9,1,16000000.0,NaN,iOS,37.101.xx.xx (HCM),M,2019-09-30,1985-07-22,0,2019-09-30,BRANCH,0,SMART_OTP,Working,16000000.0,1,16000000.0,1,16000000.0,1,16000000.0,1,16000000.0,1,431400000.0,7,133091.3975,39943333.333333336,30,9.041666666666666,0,1801.0,LOGIN,0.0,40.0,0.3991355413463581,-0.7679606108945124
11901,-0.5673649920732079,Payment,Credit_card_repayment,2019-12-15,Sun,10,2,41900000.0,NaN,iOS,200.109.xx.xx (HCM),M,2019-09-30,1985-07-22,0,2019-09-30,BRANCH,0,SMART_OTP,Working,41900000.0,1,41900000.0,1,41900000.0,1,57900000.0,2,57900000.0,2,473300000.0,8,133091.3975,39943333.333333336,30,1.0416666666666667,0,1826.0,LOGIN,0.0,41.0,0.3991355413463581,-0.7679606108945124
11901,-0.5782246825033301,Payment,Credit_card_repayment,2019-12-18,Wed,9,2,91000000.0,NaN,iOS,239.42.xx.xx (HCM),M,2019-09-30,1985-07-22,0,2019-09-30,BRANCH,0,SMART_OTP,Working,91000000.0,1,91000000.0,1,91000000.0,1,91000000.0,1,148900000.0,3,564300000.0,9,133091.3975,39943333.333333336,30,2.9583333333333335,0,1897.0,LOGIN,0.0,42.0,0.3991355413463581,-0.7679606108945124
11901,-0.5739440550072455,Payment,Credit_card_repayment,2019-12-22,Sun,8,1,19000000.0,NaN,iOS,60.4.xx.xx (HCM),M,2019-09-30,1985-07-22,0,2019-09-30,BRANCH,0,SMART_OTP,Working,19000000.0,1,19000000.0,1,19000000.0,1,19000000.0,1,151900000.0,3,492300000.0,9,133091.3975,39943333.333333336,30,3.9583333333333335,0,1992.0,LOGIN,0.0,43.0,0.3991355413463581,-0.7679606108945124
11901,-0.5665548855659294,Payment,Credit_card_repayment,2019-12-25,Wed,9,1,30000000.0,NaN,iOS,37.144.xx.xx (HCM),M,2019-09-30,1985-07-22,0,2019-09-30,BRANCH,0,SMART_OTP,Working,30000000.0,1,30000000.0,1,30000000.0,1,30000000.0,1,140000000.0,3,522300000.0,10,133091.3975,39943333.333333336,30,3.0416666666666665,0,2065.0,LOGIN,0.0,47.0,0.3991355413463581,-0.7679606108945124
11901,-0.567222764265855,Payment,Credit_card_repayment,2019-12-26,Thu,11,1,49000000.0,NaN,iOS,89.75.xx.xx (HCM),M,2019-09-30,1985-07-22,0,2019-09-30,BRANCH,0,SMART_OTP,Working,49000000.0,1,78900000.0,2,78900000.0,2,108900000.0,3,127900000.0,4,525700000.0,11,133091.3975,39943333.333333336,30,0.08333333333333333,0,2091.0,LOGIN,0.0,49.0,0.3991355413463581,-0.7679606108945124
11901,-0.5738769088702066,Payment,Credit_card_repayment,2019-12-30,Mon,14,1,30000000.0,NaN,iOS,221.65.xx.xx (HCM),M,2019-09-30,1985-07-22,0,2019-09-30,BRANCH,0,SMART_OTP,Working,30000000.0,1,30000000.0,1,30000000.0,1,30000000.0,1,138900000.0,4,425700000.0,10,133091.3975,39943333.333333336,30,4.125,0,2190.0,LOGIN,0.0,53.0,0.3991355413463581,-0.7679606108945124
11901,-0.5805963390310485,Payment,Credit_card_repayment,2019-12-31,Tue,11,1,91000000.0,NaN,iOS,83.197.xx.xx (HCM),M,2019-09-30,1985-07-22,0,2019-09-30,BRANCH,0,SMART_OTP,Working,91000000.0,1,91000000.0,1,121000000.0,2,121000000.0,2,229900000.0,5,516700000.0,11,133091.3975,39943333.333333336,30,0.875,0,2211.0,LOGIN,0.0,54.0,0.3991355413463581,-0.7679606108945124
11938,-0.6185649181656387,Transfer,Outside_bank,2019-10-04,Fri,15,1,300000000.0,270892,iOS,130.20.xx.xx (BD),F,2019-04-03,1978-10-02,0,2019-04-03,BRANCH,0,SMART_OTP,Commercial associate,300000000.0,1,300000000.0,1,300000000.0,1,300000000.0,1,300000000.0,1,300000000.0,1,25920281.85666667,54009439.85714286,21,184.625,1,4420.0,LOGIN,0.0,61.0,0.3485387533351187,-0.815863254613122
11944,-0.5662822986969017,Payment,Credit_card_repayment,2019-06-10,Mon,21,2,5028871.0,NaN,Android,207.89.xx.xx (HN),M,2019-03-18,1987-07-10,0,2019-03-22,MYbank,0,SMART_OTP,Commercial associate,5028871.0,1,5028871.0,1,5028871.0,1,5028871.0,1,9628871.0,3,9628871.0,3,2803050.5349999997,4681657.807407407,135,2.4583333333333335,0,349.0,LOGIN,0.4814813031550729,27.0,0.03136779658619473,-1.0217213853984775
11944,-0.6227847742264278,Payment,Credit_card_repayment,2019-06-26,Wed,0,1,400000.0,NaN,Android,45.179.xx.xx (HN),M,2019-03-18,1987-07-10,0,2019-03-22,MYbank,0,SMART_OTP,Commercial associate,400000.0,1,4400000.0,3,12875035.0,5,12875035.0,5,26490035.0,11,64108906.0,20,2803050.5349999997,4681657.807407407,135,0.08333333333333333,1,128.0,LOGIN,0.4507041618726532,71.0,0.03136779658619473,-1.0217213853984775
11944,-0.5673628237175126,Payment,Credit_card_repayment,2019-07-16,Tue,20,3,6154828.0,NaN,Android,231.158.xx.xx (HN),M,2019-03-18,1987-07-10,0,2019-03-22,MYbank,0,SMART_OTP,Commercial associate,6154828.0,1,6154828.0,1,6154828.0,1,6274828.0,3,6694828.0,6,43488863.0,25,2803050.5349999997,4681657.807407407,135,1.125,0,628.0,LOGIN,0.4507041618726532,71.0,0.03136779658619473,-1.0217213853984775
11944,-0.641967635013915,Payment,Credit_card_repayment,2019-08-30,Fri,15,2,51000000.0,NaN,Android,175.147.xx.xx (HN),M,2019-03-18,1987-07-10,0,2019-03-22,MYbank,0,SMART_OTP,Commercial associate,51000000.0,1,51000000.0,1,51100000.0,2,51100000.0,2,63963000.0,4,70110970.0,14,2803050.5349999997,4681657.807407407,135,0.16666666666666666,0,1703.0,LOGIN,0.2711864176960663,118.0,0.03136779658619473,-1.0217213853984775
11944,-0.6406121554858617,Payment,Credit_card_repayment,2019-09-30,Mon,21,1,50000000.0,NaN,Android,206.106.xx.xx (HN),M,2019-03-18,1987-07-10,0,2019-03-22,MYbank,0,SMART_OTP,Commercial associate,50000000.0,1,50000000.0,1,50000000.0,1,50000000.0,1,92369630.0,9,116942979.0,18,2803050.5349999997,4681657.807407407,135,3.1666666666666665,0,341.0,LOGIN,0.19999998750000078,160.0,0.03136779658619473,-1.0217213853984775
11944,-0.6124572306317903,Payment,Credit_card_repayment,2019-10-26,Sat,0,1,1000000.0,NaN,Android,165.202.xx.xx (HN),M,2019-03-18,1987-07-10,0,2019-03-22,MYbank,0,SMART_OTP,Commercial associate,4000000.0,2,6178495.0,3,10421495.0,5,10421495.0,5,10421495.0,5,166515617.0,29,2803050.5349999997,4681657.807407407,135,0.041666666666666664,1,944.0,LOGIN,0.13114753560870757,244.0,0.03136779658619473,-1.0217213853984775
11944,-0.6234680922611119,Payment,Credit_card_repayment,2019-12-18,Wed,19,2,49415729.0,NaN,Android,236.206.xx.xx (HN),M,2019-03-18,1987-07-10,0,2019-03-22,MYbank,0,SMART_OTP,Commercial associate,49415729.0,1,49415729.0,1,90915729.0,3,90915729.0,3,107415729.0,4,131843504.0,15,2803050.5349999997,4681657.807407407,135,0.3333333333333333,2,1031.0,LOGIN,0.10094636905531959,317.0,0.03136779658619473,-1.0217213853984775
11944,-0.6125656188075976,Payment,Credit_card_repayment,2019-12-19,Thu,0,1,9000000.0,NaN,Android,167.69.xx.xx (HN),M,2019-03-18,1987-07-10,0,2019-03-22,MYbank,0,SMART_OTP,Commercial associate,9000000.0,1,9000000.0,1,99915729.0,4,99915729.0,4,116415729.0,5,140843504.0,16,2803050.5349999997,4681657.807407407,135,0.20833333333333334,2,1036.0,LOGIN,0.10062892765317838,318.0,0.03136779658619473,-1.0217213853984775
11978,-0.6002432660232668,Payment,Credit_card_repayment,2019-10-24,Thu,9,1,55463452.0,NaN,Android,161.124.xx.xx (HCM),M,2019-07-30,1976-07-30,0,2019-07-30,BRANCH,0,SMART_OTP,Commercial associate,55463452.0,1,55463452.0,1,55463452.0,1,55463452.0,1,55463452.0,1,55463452.0,1,7250916.765,21540779.25,8,39.958333333333336,0,2059.0,LOGIN,0.0,48.0,0.8824240801807334,-1.1762477276343357
11978,-0.5942307157737421,Payment,Credit_card_repayment,2019-12-30,Mon,18,1,28259996.0,NaN,Android,247.22.xx.xx (HCM),M,2019-07-30,1976-07-30,0,2019-07-30,BRANCH,0,SMART_OTP,Commercial associate,28259996.0,1,28259996.0,1,28259996.0,1,28259996.0,1,28259996.0,1,58508286.0,3,7250916.765,21540779.25,8,27.333333333333332,0,3676.0,LOGIN,0.0,77.0,0.8824240801807334,-1.1762477276343357
12026,-0.5704157082456829,Transfer,Within_bank,2019-08-09,Fri,16,1,200000000.0,789184,iOS,41.12.xx.xx (HP),F,2019-06-26,1991-10-05,0,2019-06-26,BRANCH,1,SMART_OTP,Unemployed,201578000.0,2,201578000.0,2,201578000.0,2,236578000.0,4,244458000.0,8,346156000.0,18,18574340.23,9663128.805309735,113,0.041666666666666664,2,999.0,LOGIN,0.5072463032976372,69.0,0.1289912510804196,-1.517806546400842
12124,-0.5733412495445952,Transfer,Outside_bank,2019-10-02,Wed,16,1,20000000.0,786342,Android,124.117.xx.xx (HCM),M,2019-07-17,1982-07-05,0,2019-07-17,BRANCH,1,SMART_OTP,Working,20000000.0,1,20000000.0,1,20020000.0,2,20040000.0,3,23080000.0,6,39460000.0,28,708270.665,632031.914893617,94,0.25,1,999.0,LOGIN,0.0,201.0,0.48766259361367165,-0.8407963974126544
12147,-0.5670603352873508,Transfer,Outside_bank,2019-05-21,Tue,11,2,407700000.0,878997,iOS,40.97.xx.xx (HN),F,2019-05-21,1985-07-11,0,2019-05-21,BRANCH,1,SMART_OTP,Working,407700000.0,1,607700000.0,2,607700000.0,2,607700000.0,2,607700000.0,2,607700000.0,2,9004173.432500001,26582454.722772278,101,0.041666666666666664,2,1.0,LOGIN,0.0,0.0,0.126060680157693,-1.141153018498457
12147,-0.6182341778207876,Transfer,Outside_bank,2019-11-04,Mon,10,3,606000000.0,981565,iOS,189.77.xx.xx (HN),F,2019-05-21,1985-07-11,0,2019-05-21,BRANCH,1,SMART_OTP,Working,606000000.0,1,606000000.0,1,606000000.0,1,606000000.0,1,606100000.0,2,662910000.0,17,9004173.432500001,26582454.722772278,101,3.75,1,4008.0,LOGIN,0.0,66.0,0.126060680157693,-1.141153018498457
12147,-0.5882456223216889,Transfer,Outside_bank,2019-11-05,Tue,13,3,608155000.0,609523,iOS,213.61.xx.xx (HN),F,2019-05-21,1985-07-11,0,2019-05-21,BRANCH,1,SMART_OTP,Working,608155000.0,1,612155000.0,2,612155000.0,2,1218155000.0,3,1218255000.0,4,1275065000.0,19,9004173.432500001,26582454.722772278,101,0.08333333333333333,2,4035.0,LOGIN,0.0,68.0,0.126060680157693,-1.141153018498457
12147,-0.6192626785321526,Transfer,Within_bank,2019-12-27,Fri,12,2,400000000.0,64702,iOS,21.135.xx.xx (HN),F,2019-05-21,1985-07-11,0,2019-05-21,BRANCH,1,SMART_OTP,Working,400000000.0,1,400000000.0,1,400000000.0,1,419400000.0,3,499128000.0,8,536913947.0,23,9004173.432500001,26582454.722772278,101,1.75,1,5282.0,LOGIN,0.0,117.0,0.126060680157693,-1.141153018498457
12198,-0.6283560264716817,Payment,Credit_card_repayment,2019-06-03,Mon,13,1,67800000.0,NaN,iOS,93.236.xx.xx (HCM),M,2019-05-07,1990-02-18,0,2019-05-07,BRANCH,1,SMART_OTP,Working,97800000.0,2,97800000.0,2,97800000.0,2,97800000.0,2,97800000.0,2,97800000.0,2,232008.86875,48900000.0,2,27.541666666666668,0,646.0,LOGIN,0.0,1.0,0.0,-1.5310015621042043
12289,-0.6043728905716834,Topup,Mobile,2019-11-29,Fri,14,3,250000.0,NaN,iOS,242.88.xx.xx (HN),F,2019-01-09,1991-01-01,0,2019-03-11,BRANCH,1,SMS,State servant,1450575.0,2,1450575.0,2,1450575.0,2,1450575.0,2,1450575.0,2,1450575.0,2,617642.5675,609214.5833333334,12,263.5833333333333,0,0.0,LOGIN,0.0,104.0,0.762795971232769,-0.8164299053148085
12358,-0.578808699066431,Transfer,Outside_bank,2019-11-08,Fri,16,2,11000000.0,575312,Web,1.60.xx.xx (HN),M,2019-09-09,1999-04-25,0,2019-09-09,BRANCH,0,SMART_OTP,Commercial associate,11000000.0,1,11000000.0,1,11000000.0,1,11000000.0,1,11000000.0,1,15050000.0,9,509295.0,1551333.3333333333,15,17.25,1,795.0,LOGIN,0.0,21.0,0.6348799674052308,-1.058246444604364
12363,-0.5683006710995887,Transfer,Outside_bank,2019-12-23,Mon,1,5,930000.0,134612,iOS,100.190.xx.xx (HCM),M,2019-11-12,1984-09-27,0,2019-11-12,BRANCH,1,SMART_OTP,State servant,1500000.0,3,1500000.0,3,1500000.0,3,1500000.0,3,1500000.0,3,4430000.0,7,78556.02,505688.8888888889,9,0.041666666666666664,2,730.0,LOGIN,0.0,50.0,0.8017547891071325,-1.144248114850655
12364,-0.5911243203055818,Transfer,Within_bank,2019-12-25,Wed,9,2,23000000.0,882042,iOS,26.79.xx.xx (HN),M,2019-07-09,1983-02-20,0,2019-07-09,BRANCH,0,SMART_OTP,Businessman,24000000.0,2,24000000.0,2,28001000.0,4,28001015.0,5,28718015.0,6,28718445.0,8,17960093.74,2106290.0,18,0.041666666666666664,4,999.0,LOGIN_FACEID,0.32786882558452246,122.0,0.3539178409054193,-1.3580212635812496
12521,-0.6069224564497081,Transfer,Outside_bank,2019-08-05,Mon,0,1,200000.0,182742,iOS,105.195.xx.xx (HN),F,2019-07-19,1989-10-25,0,2019-07-19,BRANCH,0,SMART_OTP,Working,2700000.0,2,2700000.0,2,2700000.0,2,2700000.0,2,2700000.0,2,2700000.0,2,2107379.7866666666,987607.1428571428,14,0.041666666666666664,2,1.0,LOGIN,0.0,1.0,0.9411711499085228,-0.8203500658283615
12530,-0.5925513488867767,Topup,eWallet,2019-09-24,Tue,10,1,1000000.0,NaN,iOS,185.58.xx.xx (CT),F,2019-01-23,1995-11-26,0,2019-01-23,BRANCH,1,SMS,Businessman,1000000.0,1,1000000.0,1,1000000.0,1,1000000.0,1,1000000.0,1,1000000.0,1,97866.55833333333,359253.3333333333,54,32.958333333333336,0,5663.0,LOGIN_FINGER,0.4444443738977184,63.0,0.16989174345454533,-1.3951614393444005
12567,-0.5815732672015466,Payment,Credit_card_repayment,2019-10-21,Mon,8,1,1783650.0,NaN,Android,48.182.xx.xx (HCM),M,2019-08-19,1994-01-11,0,2019-08-19,BRANCH,0,SMART_OTP,Working,1783650.0,1,1783650.0,1,1783650.0,1,1783650.0,1,1783650.0,1,1783650.0,1,3038549.75,8958956.25,8,63.333333333333336,0,569.0,LOGIN,0.0,9.0,0.3259835412168002,-0.9363486932348498
12587,-0.5962330446262332,Payment,Credit_card_repayment,2019-12-30,Mon,15,1,1614000.0,NaN,Android,52.76.xx.xx (HN),F,2019-10-24,1989-12-08,0,2019-11-05,BRANCH,0,SMART_OTP,Working,1614000.0,1,1614000.0,1,1614000.0,1,1614000.0,1,1614000.0,1,1614000.0,1,1001622.71,1614000.0,1,55.625,0,1320.0,LOGIN,0.0,8.0,0.0,-0.7749555756563388
12612,-0.6456870541133485,Payment,Credit_card_repayment,2019-10-04,Fri,13,1,27748935.0,NaN,Web,60.44.xx.xx (HN),M,2019-03-20,1981-11-27,0,2019-05-04,BRANCH,0,SMART_OTP,Working,27748935.0,1,27748935.0,1,27748935.0,1,27748935.0,1,27748935.0,1,27748935.0,1,451297.13625,39577974.5,2,153.54166666666666,0,3677.0,LOGIN,0.0,13.0,0.0,-1.3303129720693054
12612,-0.6483562377044643,Payment,Credit_card_repayment,2019-12-02,Mon,12,1,51407014.0,NaN,iOS,150.205.xx.xx (DN),M,2019-03-20,1981-11-27,0,2019-05-04,BRANCH,0,SMART_OTP,Working,51407014.0,1,51407014.0,1,51407014.0,1,51407014.0,1,51407014.0,1,51407014.0,1,451297.13625,39577974.5,2,58.958333333333336,0,5092.0,LOGIN,0.0,16.0,0.0,-1.3303129720693054
12699,-0.5666557311477889,Transfer,Outside_bank,2019-10-10,Thu,12,1,19630000.0,996160,iOS,200.78.xx.xx (HN),M,2019-09-03,1999-11-19,0,2019-09-03,BRANCH,1,SMART_OTP,Commercial associate,19630000.0,1,19630000.0,1,19630000.0,1,19630000.0,1,19630000.0,1,24930000.0,3,185774.46,5728888.888888889,9,30.0,1,723.0,LOGIN_FINGER,0.0,3.0,0.5333740286540574,-1.706370574983773
12699,-0.5786495296977459,Transfer,Outside_bank,2019-11-11,Mon,17,1,6000000.0,71245,iOS,207.7.xx.xx (HN),M,2019-09-03,1999-11-19,0,2019-09-03,BRANCH,1,SMART_OTP,Commercial associate,6000000.0,1,6000000.0,1,6000000.0,1,6000000.0,1,6000000.0,1,6000000.0,1,185774.46,5728888.888888889,9,32.208333333333336,1,0.0,LOGIN,0.1818180165290759,11.0,0.5333740286540574,-1.706370574983773
12726,-0.5880326697423564,Transfer,Outside_bank,2019-12-12,Thu,9,1,50000000.0,595587,iOS,3.230.xx.xx (DN),F,2019-04-20,1993-05-31,0,2019-04-20,BRANCH,0,SMART_OTP,Businessman,50000000.0,1,50000000.0,1,50000000.0,1,50000000.0,1,50000000.0,1,50000000.0,1,4759574.827777778,17166666.666666668,3,92.95833333333333,1,5655.0,LOGIN,0.0,44.0,0.0,-0.8971516217472408
12729,-0.5762608487078922,Transfer,Within_bank,2019-09-08,Sun,21,1,7800000.0,578834,iOS,188.19.xx.xx (HCM),M,2019-04-11,1997-03-17,0,2019-05-07,BRANCH,1,SMART_OTP,State servant,7800000.0,1,7800000.0,1,7800000.0,1,7800000.0,1,7800000.0,1,7800000.0,1,668476.0357142857,4470000.0,10,34.208333333333336,1,11.0,LOGIN,0.0,6.0,0.645552012959271,-2.261868098809281
12798,-0.5963734633501719,Transfer,Outside_bank,2019-09-01,Sun,0,1,14500000.0,315134,iOS,130.66.xx.xx (NA),F,2019-06-06,1978-03-26,0,2019-06-10,BRANCH,1,SMART_OTP,Unemployed,14500000.0,1,14500000.0,1,14500000.0,1,14500000.0,1,16125000.0,6,19005000.0,17,6038939.892857143,2743842.811965812,117,2.2916666666666665,1,1982.0,LOGIN,0.0,48.0,0.3495585822384956,-1.3505886084892402
12881,-0.5752127514808015,Transfer,Within_bank,2019-12-13,Fri,0,1,2500000.0,607852,iOS,101.54.xx.xx (HN),M,2019-09-06,1995-08-12,0,2019-09-06,BRANCH,1,SMART_OTP,Working,2500000.0,1,2500000.0,1,2500000.0,1,2500000.0,1,4500000.0,2,4580000.0,4,648304.8375,2559444.4444444445,18,2.5,1,2335.0,LOGIN,0.4117646251441911,51.0,0.6860026943384702,-1.3489524042968841
12882,-0.6329149042831995,Payment,Credit_card_repayment,2019-12-05,Thu,22,1,2134729.0,NaN,iOS,120.163.xx.xx (HCM),F,2019-08-14,1988-04-21,0,2019-08-14,BRANCH,0,SMART_OTP,State servant,2134729.0,1,2134729.0,1,2134729.0,1,2134729.0,1,2134729.0,1,2134729.0,1,1285910.8299999998,2134729.0,1,113.91666666666667,0,8.0,LOGIN,0.0,8.0,0.0,-1.2056980201906524
12923,-0.5681232551173468,Transfer,Outside_bank,2019-12-25,Wed,18,1,30000.0,227546,iOS,13.1.xx.xx (HCM),M,2019-01-15,1995-09-25,0,2019-01-17,BRANCH,0,SMS,Businessman,30000.0,1,30000.0,1,30000.0,1,30000.0,1,30000.0,1,30000.0,1,1251051.8875,8116153.846153846,13,267.0416666666667,1,8209.0,LOGIN,0.0,74.0,0.37663453208936326,-0.9893999403049017
12960,-0.573181942718071,Payment,Utilities_payment,2019-12-12,Thu,9,2,354483.0,NaN,Android,39.224.xx.xx (HP),F,2019-10-02,1989-05-10,0,2019-10-07,BRANCH,0,SMART_OTP,Working,354483.0,1,354483.0,1,354483.0,1,354483.0,1,354483.0,1,354483.0,1,1549939.6500000001,354483.0,1,66.375,0,1558.0,LOGIN,0.0,32.0,0.0,-0.913757309035084
12995,-0.5719429275205169,Transfer,Within_bank,2019-10-29,Tue,10,1,130000000.0,713624,Android,9.186.xx.xx (DN),M,2019-04-29,1989-12-13,0,2019-04-29,BRANCH,1,SMART_OTP,Working,130000000.0,1,130000000.0,1,130000000.0,1,130000000.0,1,130000000.0,1,263524000.0,10,48815261.1925,18261762.925925925,81,10.041666666666666,1,2372.0,LOGIN_FACEID,0.4873417413074847,158.0,0.14826633496871097,-1.4871327590624133
13057,-0.604303168811826,Transfer,Outside_bank,2019-10-07,Mon,15,1,280879000.0,145254,iOS,16.230.xx.xx (HN),F,2019-01-09,2018-11-20,0,2019-01-09,BRANCH,0,SMART_OTP,Student,280879000.0,1,280879000.0,1,280879000.0,1,280879000.0,1,280879000.0,1,280879000.0,1,127197155.61583333,262157145.3809524,21,271.625,1,6479.0,LOGIN,0.0,29.0,0.7583661548706342,-0.811653580799795
13202,-0.5917410217864159,Payment,Credit_card_repayment,2019-11-18,Mon,15,1,39100000.0,NaN,iOS,236.82.xx.xx (NA),M,2019-11-05,1992-04-24,0,2019-11-06,BRANCH,0,SMART_OTP,Working,39100000.0,1,39100000.0,1,39100000.0,1,39100000.0,1,39100000.0,1,39100000.0,1,140000.0,32250676.470588237,34,12.625,0,292.0,LOGIN,0.0,6.0,0.2716715759462637,-0.7750160431178641
13202,-0.5733896198880991,Payment,Credit_card_repayment,2019-11-19,Tue,16,1,16800000.0,NaN,Android,10.208.xx.xx (HCM),M,2019-11-05,1992-04-24,0,2019-11-06,BRANCH,0,SMART_OTP,Working,16800000.0,1,16800000.0,1,16800000.0,1,55900000.0,2,55900000.0,2,55900000.0,2,140000.0,32250676.470588237,34,1.0416666666666667,0,317.0,LOGIN,0.0,7.0,0.2716715759462637,-0.7750160431178641
13202,-0.5698173980785303,Payment,Credit_card_repayment,2019-11-20,Wed,12,1,27600000.0,NaN,Android,123.83.xx.xx (HCM),M,2019-11-05,1992-04-24,0,2019-11-06,BRANCH,0,SMART_OTP,Working,27600000.0,1,27600000.0,1,44400000.0,2,83500000.0,3,83500000.0,3,83500000.0,3,140000.0,32250676.470588237,34,0.8333333333333334,0,337.0,LOGIN,0.0,8.0,0.2716715759462637,-0.7750160431178641
13202,-0.5822675794658411,Payment,Credit_card_repayment,2019-11-22,Fri,10,1,40400000.0,NaN,Android,207.231.xx.xx (HCM),M,2019-11-05,1992-04-24,0,2019-11-06,BRANCH,0,SMART_OTP,Working,40400000.0,1,40400000.0,1,40400000.0,1,68000000.0,2,123900000.0,4,123900000.0,4,140000.0,32250676.470588237,34,1.9166666666666667,0,383.0,LOGIN,0.0,9.0,0.2716715759462637,-0.7750160431178641
13202,-0.5769144787239635,Payment,Credit_card_repayment,2019-11-22,Fri,14,1,20000000.0,NaN,Android,170.221.xx.xx (HCM),M,2019-11-05,1992-04-24,0,2019-11-06,BRANCH,0,SMART_OTP,Working,20000000.0,1,20000000.0,1,60400000.0,2,60400000.0,2,143900000.0,5,143900000.0,5,140000.0,32250676.470588237,34,0.16666666666666666,0,387.0,LOGIN,0.0,10.0,0.2716715759462637,-0.7750160431178641
13202,-0.5793670865707433,Payment,Credit_card_repayment,2019-11-22,Fri,15,1,18650000.0,NaN,Android,215.192.xx.xx (HCM),M,2019-11-05,1992-04-24,0,2019-11-06,BRANCH,0,SMART_OTP,Working,38650000.0,2,38650000.0,2,79050000.0,3,79050000.0,3,162550000.0,6,162550000.0,6,140000.0,32250676.470588237,34,0.041666666666666664,0,388.0,LOGIN,0.0,11.0,0.2716715759462637,-0.7750160431178641
13202,-0.5856396914834875,Payment,Credit_card_repayment,2019-11-25,Mon,11,1,18600000.0,NaN,Android,123.177.xx.xx (HCM),M,2019-11-05,1992-04-24,0,2019-11-06,BRANCH,0,SMART_OTP,Working,18600000.0,1,18600000.0,1,18600000.0,1,18600000.0,1,181150000.0,7,181150000.0,7,140000.0,32250676.470588237,34,2.8333333333333335,0,456.0,LOGIN,0.0,14.0,0.2716715759462637,-0.7750160431178641
13202,-0.6055041230435854,Payment,Credit_card_repayment,2019-11-25,Mon,13,2,72800000.0,NaN,Android,201.34.xx.xx (HCM),M,2019-11-05,1992-04-24,0,2019-11-06,BRANCH,0,SMART_OTP,Working,72800000.0,1,91400000.0,2,91400000.0,2,91400000.0,2,253950000.0,8,253950000.0,8,140000.0,32250676.470588237,34,0.08333333333333333,0,458.0,LOGIN,0.0,15.0,0.2716715759462637,-0.7750160431178641
13202,-0.5807596976170465,Payment,Credit_card_repayment,2019-11-25,Mon,16,1,50000000.0,NaN,Android,173.168.xx.xx (HCM),M,2019-11-05,1992-04-24,0,2019-11-06,BRANCH,0,SMART_OTP,Working,50000000.0,1,124800000.0,3,143400000.0,4,143400000.0,4,266850000.0,9,305950000.0,10,140000.0,32250676.470588237,34,0.08333333333333333,0,461.0,LOGIN,0.0,16.0,0.2716715759462637,-0.7750160431178641
13202,-0.5866796130010005,Payment,Credit_card_repayment,2019-11-25,Mon,18,1,59050000.0,NaN,Android,167.51.xx.xx (HCM),M,2019-11-05,1992-04-24,0,2019-11-06,BRANCH,0,SMART_OTP,Working,59050000.0,1,109050000.0,2,202450000.0,5,202450000.0,5,325900000.0,10,365000000.0,11,140000.0,32250676.470588237,34,0.08333333333333333,0,463.0,LOGIN,0.0,17.0,0.2716715759462637,-0.7750160431178641
13202,-0.5747413957335735,Payment,Credit_card_repayment,2019-11-25,Mon,23,1,7113000.0,NaN,Android,152.8.xx.xx (HCM),M,2019-11-05,1992-04-24,0,2019-11-06,BRANCH,0,SMART_OTP,Working,7113000.0,1,7113000.0,1,209563000.0,6,209563000.0,6,333013000.0,11,372113000.0,12,140000.0,32250676.470588237,34,0.20833333333333334,0,468.0,LOGIN,0.0,18.0,0.2716715759462637,-0.7750160431178641
13202,-0.5722863919192007,Payment,Credit_card_repayment,2019-12-04,Wed,12,1,50000000.0,NaN,Android,22.93.xx.xx (HCM),M,2019-11-05,1992-04-24,0,2019-11-06,BRANCH,0,SMART_OTP,Working,50000000.0,1,52000000.0,2,131050000.0,4,131050000.0,4,142150000.0,6,514263000.0,18,140000.0,32250676.470588237,34,0.08333333333333333,0,673.0,LOGIN,0.0,25.0,0.2716715759462637,-0.7750160431178641
13202,-0.5658162640685293,Payment,Credit_card_repayment,2019-12-05,Thu,12,3,74000000.0,NaN,Android,110.59.xx.xx (HCM),M,2019-11-05,1992-04-24,0,2019-11-06,BRANCH,0,SMART_OTP,Working,102600000.0,2,102600000.0,2,152600000.0,3,233650000.0,6,244750000.0,8,616863000.0,20,140000.0,32250676.470588237,34,0.041666666666666664,0,697.0,LOGIN,0.0,27.0,0.2716715759462637,-0.7750160431178641
13202,-0.6128095222856084,Payment,Credit_card_repayment,2019-12-23,Mon,11,2,46150000.0,NaN,Android,133.50.xx.xx (HCM),M,2019-11-05,1992-04-24,0,2019-11-06,BRANCH,0,SMART_OTP,Working,46150000.0,1,46150000.0,1,46150000.0,1,46150000.0,1,46150000.0,1,500463000.0,15,140000.0,32250676.470588237,34,17.958333333333332,0,1128.0,LOGIN,0.0,30.0,0.2716715759462637,-0.7750160431178641
13202,-0.576502218044386,Payment,Credit_card_repayment,2019-12-23,Mon,12,1,20000000.0,NaN,Android,48.144.xx.xx (HCM),M,2019-11-05,1992-04-24,0,2019-11-06,BRANCH,0,SMART_OTP,Working,66150000.0,2,66150000.0,2,66150000.0,2,66150000.0,2,66150000.0,2,520463000.0,16,140000.0,32250676.470588237,34,0.041666666666666664,0,1129.0,LOGIN,0.0,31.0,0.2716715759462637,-0.7750160431178641
13202,-0.5814850016669352,Payment,Credit_card_repayment,2019-12-23,Mon,13,2,42010000.0,NaN,Android,238.110.xx.xx (HCM),M,2019-11-05,1992-04-24,0,2019-11-06,BRANCH,0,SMART_OTP,Working,62010000.0,2,108160000.0,3,108160000.0,3,108160000.0,3,108160000.0,3,562473000.0,17,140000.0,32250676.470588237,34,0.041666666666666664,0,1130.0,LOGIN,0.0,32.0,0.2716715759462637,-0.7750160431178641
13202,-0.5732545158098802,Payment,Credit_card_repayment,2019-12-23,Mon,14,2,30700000.0,NaN,Android,63.16.xx.xx (HCM),M,2019-11-05,1992-04-24,0,2019-11-06,BRANCH,0,SMART_OTP,Working,30700000.0,1,138860000.0,4,138860000.0,4,138860000.0,4,138860000.0,4,593173000.0,18,140000.0,32250676.470588237,34,0.041666666666666664,0,1131.0,LOGIN,0.0,33.0,0.2716715759462637,-0.7750160431178641
13202,-0.5846258700317922,Payment,Credit_card_repayment,2019-12-23,Mon,16,5,72600000.0,NaN,Android,144.222.xx.xx (CT),M,2019-11-05,1992-04-24,0,2019-11-06,BRANCH,0,SMART_OTP,Working,72600000.0,1,145310000.0,3,211460000.0,5,211460000.0,5,211460000.0,5,665773000.0,19,140000.0,32250676.470588237,34,0.08333333333333333,0,1133.0,LOGIN,0.0,34.0,0.2716715759462637,-0.7750160431178641
13202,-0.5725674792517669,Payment,Credit_card_repayment,2019-12-23,Mon,17,3,39000000.0,NaN,Android,237.141.xx.xx (HCM),M,2019-11-05,1992-04-24,0,2019-11-06,BRANCH,0,SMART_OTP,Working,39000000.0,1,142300000.0,3,250460000.0,6,250460000.0,6,250460000.0,6,704773000.0,20,140000.0,32250676.470588237,34,0.041666666666666664,0,1134.0,LOGIN,0.0,34.0,0.2716715759462637,-0.7750160431178641
13202,-0.5795606929336335,Payment,Credit_card_repayment,2019-12-31,Tue,13,1,49950000.0,NaN,Android,3.123.xx.xx (HCM),M,2019-11-05,1992-04-24,0,2019-11-06,BRANCH,0,SMART_OTP,Working,49950000.0,1,49950000.0,1,49950000.0,1,49950000.0,1,177700000.0,6,687810000.0,20,140000.0,32250676.470588237,34,5.125,0,1322.0,LOGIN,0.0,41.0,0.2716715759462637,-0.7750160431178641
13257,-0.6018638281842069,Payment,Credit_card_repayment,2019-10-25,Fri,22,1,158380.0,NaN,iOS,225.161.xx.xx (HCM),M,2019-08-26,1995-12-12,0,2019-08-26,AUTO-JOB,0,SMART_OTP,Working,158380.0,1,158380.0,1,158380.0,1,158380.0,1,158380.0,1,158380.0,1,130469.56,1519136.0,3,60.916666666666664,0,8.0,LOGIN,0.3333322222259259,3.0,0.0,-1.2992428085289223
13257,-0.5966250445285312,Payment,Credit_card_repayment,2019-11-21,Thu,11,1,3899028.0,NaN,iOS,127.110.xx.xx (HCM),M,2019-08-26,1995-12-12,0,2019-08-26,AUTO-JOB,0,SMART_OTP,Working,3899028.0,1,3899028.0,1,3899028.0,1,3899028.0,1,3899028.0,1,4057408.0,2,130469.56,1519136.0,3,26.541666666666668,0,645.0,LOGIN,0.44444395061783265,9.0,0.0,-1.2992428085289223
13429,-0.5847539630692681,Payment,Credit_card_repayment,2019-11-01,Fri,8,1,1045012.0,NaN,Web,86.236.xx.xx (HCM),F,2019-09-16,1986-11-08,0,2019-09-17,BRANCH,0,SMART_OTP,Working,1045012.0,1,1045012.0,1,1045012.0,1,1045012.0,1,1045012.0,1,1045012.0,1,926943.635,4623730.333333333,3,45.333333333333336,0,719.0,LOGIN,0.0,4.0,0.0,-0.8086109799104331
13429,-0.6057764446154847,Payment,Credit_card_repayment,2019-12-26,Thu,9,1,10147740.0,NaN,Web,71.93.xx.xx (HCM),F,2019-09-16,1986-11-08,0,2019-09-17,BRANCH,0,SMART_OTP,Working,10147740.0,1,10147740.0,1,10147740.0,1,10147740.0,1,10147740.0,1,10147740.0,1,926943.635,4623730.333333333,3,44.916666666666664,0,2040.0,LOGIN,0.0,12.0,0.0,-0.8086109799104331
13446,-0.5694707669079029,Payment,QR_payment,2019-10-05,Sat,3,1,1374000.0,NaN,iOS,109.200.xx.xx (HN),M,2019-03-26,1985-12-09,0,2019-03-28,BRANCH,1,SMART_OTP,Working,1374000.0,1,1374000.0,1,1374000.0,1,1374000.0,1,22036000.0,9,46444000.0,17,8415034.366666667,3090783.7837837837,37,2.3333333333333335,0,4189.0,LOGIN,0.46825393109095786,126.0,0.324465552427843,-1.1160432587662112
13465,-0.6139859433016913,Payment,Credit_card_repayment,2019-12-02,Mon,13,1,504779.0,NaN,iOS,168.129.xx.xx (HN),M,2019-10-08,1982-06-25,0,2019-10-10,AUTO-JOB,1,SMART_OTP,Businessman,504779.0,1,504779.0,1,504779.0,1,504779.0,1,504779.0,1,504779.0,1,192274.50333333333,504779.0,1,53.541666666666664,0,1226.0,LOGIN,0.49206341395818826,63.0,0.0,-1.2251568985415235
13600,-0.5851731552149758,Transfer,Outside_bank,2019-12-30,Mon,11,1,5000000.0,155563,Android,21.198.xx.xx (HCM),M,2019-09-13,1984-01-01,0,2019-09-13,BRANCH,0,SMART_OTP,Commercial associate,5000000.0,1,5000000.0,1,5000000.0,1,5000000.0,1,5000000.0,1,5000000.0,1,4586937.0675,5000000.0,1,108.45833333333333,1,2.0,LOGIN,0.0,3.0,0.0,-1.4211070760087954
13660,-0.581740058935987,Topup,Mobile,2019-06-17,Mon,2,1,50000.0,NaN,Android,240.154.xx.xx (HCM),M,2019-06-11,1999-07-05,0,2019-06-11,BRANCH,1,SMART_OTP,Working,50000.0,1,70000.0,2,70000.0,2,70000.0,2,1070000.0,3,1070000.0,3,864436.5599999999,113833.33333333333,30,0.125,0,138.0,LOGIN,0.0,11.0,0.8921250155906424,-1.1622499281033296
13660,-0.577713519256657,Topup,Mobile,2019-06-17,Mon,3,1,30000.0,NaN,Android,135.182.xx.xx (HCM),M,2019-06-11,1999-07-05,0,2019-06-11,BRANCH,1,SMART_OTP,Working,80000.0,2,80000.0,2,100000.0,3,100000.0,3,1100000.0,4,1100000.0,4,864436.5599999999,113833.33333333333,30,0.041666666666666664,0,139.0,LOGIN,0.0,12.0,0.8921250155906424,-1.1622499281033296
13791,-0.5725812765444518,Transfer,Outside_bank,2019-12-28,Sat,22,1,15000000.0,185703,iOS,30.87.xx.xx (HN),M,2019-03-09,1977-10-13,0,2019-05-06,BRANCH,1,SMS,State servant,15000000.0,1,15000000.0,1,15000000.0,1,15000000.0,1,15000000.0,1,15000000.0,1,104372364.2,11408888.888888888,9,84.29166666666667,1,5573.0,LOGIN,0.3199998720000512,25.0,0.47689099980016003,-1.2525359223676849
13818,-0.5751302970332909,Transfer,Outside_bank,2019-05-18,Sat,13,2,10000000.0,16794,iOS,224.84.xx.xx (HCM),M,2019-03-04,1980-07-28,0,2019-03-08,BRANCH,1,SMART_OTP,Working,10000000.0,1,10000000.0,1,10000000.0,1,10000000.0,1,10000000.0,1,10000000.0,1,1564797.2744444446,7908333.333333333,12,42.916666666666664,1,0.0,LOGIN,0.0,3.0,0.8305690755327408,-1.7069197682274573
13818,-0.5698069838047743,Transfer,Outside_bank,2019-08-09,Fri,12,1,17000000.0,872203,iOS,25.22.xx.xx (HCM),M,2019-03-04,1980-07-28,0,2019-03-08,BRANCH,1,SMART_OTP,Working,17000000.0,1,17000000.0,1,17000000.0,1,17000000.0,1,17000000.0,1,17000000.0,1,1564797.2744444446,7908333.333333333,12,31.625,1,0.0,LOGIN,0.0,11.0,0.8305690755327408,-1.7069197682274573
13818,-0.5866736075740988,Transfer,Outside_bank,2019-10-08,Tue,0,2,11000000.0,260947,iOS,108.139.xx.xx (HCM),M,2019-03-04,1980-07-28,0,2019-03-08,BRANCH,1,SMART_OTP,Working,11000000.0,1,11000000.0,1,11000000.0,1,11000000.0,1,11000000.0,1,19000000.0,2,1564797.2744444446,7908333.333333333,12,26.125,1,1428.0,LOGIN,0.0,14.0,0.8305690755327408,-1.7069197682274573
13886,-0.5707598416486518,Transfer,VNDirect,2019-12-23,Mon,14,1,100000000.0,NaN,iOS,157.7.xx.xx (HN),F,2019-06-13,1994-02-20,0,2019-06-14,BRANCH,0,SMART_OTP,Commercial associate,100000000.0,1,100000000.0,1,100000000.0,1,100000000.0,1,100000000.0,1,184011400.0,5,6895257.925714286,23145474.137931034,29,17.083333333333332,0,4608.0,LOGIN_FACEID,0.490384568232253,104.0,0.33068363359117986,-1.2559292392235741
13892,-0.5846179598364518,Payment,Credit_card_repayment,2019-11-22,Fri,14,1,60000.0,NaN,Android,51.177.xx.xx (HCM),F,2019-01-16,1962-07-02,0,2019-10-02,AUTO-JOB,0,SMART_OTP,Pensioner,60000.0,1,60000.0,1,60000.0,1,60000.0,1,60000.0,1,60000.0,1,34084.15833333333,120547.0,2,51.583333333333336,0,531.0,LOGIN,0.11111098765445816,9.0,0.0,-1.0841021417026855
13892,-0.5822480487600961,Payment,Credit_card_repayment,2019-12-23,Mon,21,1,181094.0,NaN,Android,60.125.xx.xx (HCM),F,2019-01-16,1962-07-02,0,2019-10-02,AUTO-JOB,0,SMART_OTP,Pensioner,181094.0,1,181094.0,1,181094.0,1,181094.0,1,181094.0,1,181094.0,1,34084.15833333333,120547.0,2,31.291666666666668,0,1282.0,LOGIN,0.17391296786392701,23.0,0.0,-1.0841021417026855
13936,-0.6046136914739638,Transfer,Within_bank,2019-12-05,Thu,0,1,7900000.0,759468,iOS,97.219.xx.xx (TH),M,2019-09-25,1996-01-15,0,2019-11-03,MYbank,1,SMART_OTP,State servant,7900000.0,1,7900000.0,1,7900000.0,1,7900000.0,1,7901000.0,2,7901000.0,2,337933.445,2535125.0,8,6.083333333333333,1,764.0,LOGIN,0.0,11.0,0.5775741196959405,-1.2466629267737002
13990,-0.5696029849157356,Transfer,Outside_bank,2019-04-27,Sat,22,1,46698000.0,676990,iOS,57.40.xx.xx (HN),F,2019-02-27,1982-10-02,0,2019-03-22,BRANCH,1,SMART_OTP,Businessman,46698000.0,1,46698000.0,1,46698000.0,1,46698000.0,1,46698000.0,1,46698000.0,1,16445162.812222222,11145899.314285714,35,36.916666666666664,1,173.0,LOGIN,0.0,1.0,0.3076265553918081,-1.5895690473238637
14112,-0.6210006080814109,Transfer,Within_bank,2019-10-18,Fri,1,1,1000000.0,999661,Web,172.226.xx.xx (HN),F,2019-04-29,1985-03-25,0,2019-08-06,BRANCH,1,SMART_OTP,Businessman,2750000.0,2,2750000.0,2,2750000.0,2,2750000.0,2,2750000.0,2,2750000.0,2,1835876.3342857142,2522071.4285714286,14,73.04166666666667,1,657.0,LOGIN,0.0,25.0,0.6711598209301486,-1.0154845358194373
14112,-0.5737211299031483,Transfer,Outside_bank,2019-10-18,Fri,1,1,1750000.0,572836,Web,124.14.xx.xx (HN),F,2019-04-29,1985-03-25,0,2019-08-06,BRANCH,1,SMART_OTP,Businessman,2750000.0,2,2750000.0,2,2750000.0,2,2750000.0,2,2750000.0,2,2750000.0,2,1835876.3342857142,2522071.4285714286,14,0.0,2,657.0,LOGIN,0.0,25.0,0.6711598209301486,-1.0154845358194373
14123,-0.5704601523334342,Topup,eWallet,2019-12-05,Thu,6,2,4000000.0,NaN,Android,233.102.xx.xx (BD),F,2019-03-21,1997-12-23,0,2019-03-21,BRANCH,1,SMART_OTP,Commercial associate,4000000.0,1,4000000.0,1,5000000.0,2,5000000.0,2,5300000.0,3,5630000.0,5,724926.375,494837.8378378378,74,0.5,1,5702.0,LOGIN_FINGER,0.3947367901662118,76.0,0.3480799671043128,-1.025642284175714
14156,-0.6178413904324007,Payment,Credit_card_repayment,2019-10-22,Tue,10,1,27550000.0,NaN,Android,110.209.xx.xx (CT),F,2019-07-03,1994-03-14,1,2019-07-03,BRANCH,1,SMART_OTP,State servant,27550000.0,1,27550000.0,1,28300000.0,2,28300000.0,2,28300000.0,2,43450000.0,11,834246.0266666667,3155306.8571428573,63,0.625,0,999.0,LOGIN,0.0,46.0,0.1849990810848561,-1.0473337492280925
14252,-0.5730479136841563,Topup,eWallet,2019-04-06,Sat,4,2,200000.0,NaN,iOS,246.94.xx.xx (HN),M,2019-03-30,1994-11-14,0,2019-03-30,BRANCH,1,SMART_OTP,State servant,200000.0,1,200000.0,1,200000.0,1,200000.0,1,250000.0,2,250000.0,2,220454.85499999998,314001.7397260274,146,5.5,0,159.0,LOGIN,0.0,12.0,0.1549066379303361,-1.4663122478296682
14252,-0.5795018061293679,Topup,eWallet,2019-05-18,Sat,9,1,2880000.0,NaN,iOS,222.221.xx.xx (HN),M,2019-03-30,1994-11-14,0,2019-03-30,BRANCH,1,SMART_OTP,State servant,2880000.0,1,2880000.0,1,2880000.0,1,2900000.0,2,6572000.0,17,7273000.0,23,220454.85499999998,314001.7397260274,146,1.1666666666666667,0,1172.0,LOGIN,0.0,58.0,0.1549066379303361,-1.4663122478296682
14252,-0.5726836493801686,Topup,eWallet,2019-05-20,Mon,0,3,700000.0,NaN,iOS,5.185.xx.xx (HN),M,2019-03-30,1994-11-14,0,2019-03-30,BRANCH,1,SMART_OTP,State servant,950000.0,2,1250000.0,3,1250000.0,3,4130000.0,4,5573816.0,13,8523000.0,26,220454.85499999998,314001.7397260274,146,0.041666666666666664,0,1211.0,LOGIN,0.0,59.0,0.1549066379303361,-1.4663122478296682
14252,-0.5670294521101241,Topup,eWallet,2019-05-20,Mon,1,2,600000.0,NaN,iOS,82.70.xx.xx (HN),M,2019-03-30,1994-11-14,0,2019-03-30,BRANCH,1,SMART_OTP,State servant,1300000.0,2,1850000.0,4,1850000.0,4,4730000.0,5,6173816.0,14,9123000.0,27,220454.85499999998,314001.7397260274,146,0.041666666666666664,0,1212.0,LOGIN,0.0,60.0,0.1549066379303361,-1.4663122478296682
14252,-0.5789498423851881,Topup,eWallet,2019-08-14,Wed,0,1,284000.0,NaN,iOS,67.215.xx.xx (HN),M,2019-03-30,1994-11-14,0,2019-03-30,BRANCH,1,SMART_OTP,State servant,484000.0,2,484000.0,2,769000.0,4,769000.0,4,1019000.0,6,1097000.0,8,220454.85499999998,314001.7397260274,146,0.041666666666666664,0,3275.0,LOGIN,0.0,71.0,0.1549066379303361,-1.4663122478296682
14252,-0.5747895938387707,Topup,eWallet,2019-08-14,Wed,1,1,200000.0,NaN,iOS,178.98.xx.xx (HN),M,2019-03-30,1994-11-14,0,2019-03-30,BRANCH,1,SMART_OTP,State servant,484000.0,2,684000.0,3,969000.0,5,969000.0,5,1219000.0,7,1297000.0,9,220454.85499999998,314001.7397260274,146,0.041666666666666664,0,3276.0,LOGIN,0.0,71.0,0.1549066379303361,-1.4663122478296682
14252,-0.5723051164719912,Topup,eWallet,2019-09-20,Fri,0,2,450000.0,NaN,iOS,93.90.xx.xx (HN),M,2019-03-30,1994-11-14,0,2019-03-30,BRANCH,1,SMART_OTP,State servant,450000.0,1,500000.0,2,1800000.0,7,1800000.0,7,1900000.0,8,10734000.0,35,220454.85499999998,314001.7397260274,146,0.08333333333333333,1,4163.0,LOGIN,0.0,106.0,0.1549066379303361,-1.4663122478296682
14252,-0.5671485434100594,Transfer,Outside_bank,2019-09-25,Wed,2,2,1500000.0,469443,iOS,59.205.xx.xx (HN),M,2019-03-30,1994-11-14,0,2019-03-30,BRANCH,1,SMART_OTP,State servant,1600000.0,2,1600000.0,2,3000000.0,4,3385000.0,7,6086135.0,17,14020135.0,43,220454.85499999998,314001.7397260274,146,0.16666666666666666,2,4285.0,LOGIN,0.0,114.0,0.1549066379303361,-1.4663122478296682
14325,-0.5962531921402755,Transfer,Outside_bank,2019-09-18,Wed,10,1,384600000.0,379014,Android,9.154.xx.xx (HCM),M,2019-06-18,1963-08-05,0,2019-06-18,BRANCH,0,SMART_OTP,Pensioner,384600000.0,1,384600000.0,1,384600000.0,1,384600000.0,1,384600000.0,1,384600000.0,1,2833024.5200000005,192302000.0,2,92.41666666666667,1,2207.0,LOGIN,0.0,29.0,0.0,-0.9901746099320191
14342,-0.62076133763899,Transfer,Outside_bank,2019-04-10,Wed,3,1,20000000.0,826711,iOS,152.241.xx.xx (HCM),M,2019-01-29,1990-08-21,0,2019-01-29,BRANCH,0,SMART_OTP,State servant,20000000.0,1,20000000.0,1,20000000.0,1,20000000.0,1,20000000.0,1,20000000.0,1,8353923.4375,2964119.090909091,11,71.125,1,1696.0,LOGIN,0.4897958184090166,49.0,0.36797937203687225,-1.2368033137654693
14342,-0.6067880678975794,Payment,Utilities_payment,2019-06-05,Wed,5,1,138999.0,NaN,iOS,253.164.xx.xx (HCM),M,2019-01-29,1990-08-21,0,2019-01-29,BRANCH,0,SMART_OTP,State servant,8223999.0,2,8223999.0,2,8223999.0,2,8223999.0,2,8223999.0,2,8223999.0,2,8353923.4375,2964119.090909091,11,50.125,0,3042.0,LOGIN_FINGER,0.4886363081095104,88.0,0.36797937203687225,-1.2368033137654693
14342,-0.5688577722738374,Transfer,Within_bank,2019-08-23,Fri,13,1,1750000.0,491498,iOS,177.126.xx.xx (HCM),M,2019-01-29,1990-08-21,0,2019-01-29,BRANCH,0,SMART_OTP,State servant,1750000.0,1,1750000.0,1,1750000.0,1,1750000.0,1,1750000.0,1,1750000.0,1,8353923.4375,2964119.090909091,11,79.33333333333333,1,4946.0,LOGIN,0.49074069530178743,108.0,0.36797937203687225,-1.2368033137654693
14342,-0.5932073389638283,Payment,Credit_card_repayment,2019-12-15,Sun,13,1,899000.0,NaN,iOS,16.89.xx.xx (HCM),M,2019-01-29,1990-08-21,0,2019-01-29,BRANCH,0,SMART_OTP,State servant,899000.0,1,899000.0,1,899000.0,1,899000.0,1,899000.0,1,1060469.0,2,8353923.4375,2964119.090909091,11,28.791666666666668,0,0.0,LOGIN,0.4937499691406269,160.0,0.36797937203687225,-1.2368033137654693
14353,-0.5719593406667854,Payment,Credit_card_repayment,2019-11-21,Thu,9,1,3906258.0,NaN,Android,3.11.xx.xx (HN),M,2019-10-29,1983-06-04,0,2019-10-29,AUTO-JOB,0,SMART_OTP,Working,3906258.0,1,3906258.0,1,3906258.0,1,3906258.0,1,3906258.0,1,3906258.0,1,336016.83999999997,4189566.5,2,23.375,0,336.0,LOGIN,0.0,5.0,0.0,-1.1486666309555327
14353,-0.5811419694642683,Payment,Credit_card_repayment,2019-12-21,Sat,12,1,4472875.0,NaN,Android,247.171.xx.xx (HN),M,2019-10-29,1983-06-04,0,2019-10-29,AUTO-JOB,0,SMART_OTP,Working,4472875.0,1,4472875.0,1,4472875.0,1,4472875.0,1,4472875.0,1,4472875.0,1,336016.83999999997,4189566.5,2,30.125,0,1059.0,LOGIN,0.0,10.0,0.0,-1.1486666309555327
14464,-0.5743516318779073,Topup,Mobile,2019-11-20,Wed,23,1,100000.0,NaN,Android,121.14.xx.xx (HN),M,2019-08-12,1979-01-01,0,2019-08-22,AUTO-JOB,0,SMART_OTP,Businessman,100000.0,1,100000.0,1,100000.0,1,100000.0,1,100000.0,1,100000.0,1,738158.738,100000.0,1,90.95833333333333,0,1921.0,LOGIN_FINGER,0.3124999023437805,32.0,0.0,-0.9123275762060975
14638,-0.5715197620829101,Transfer,Outside_bank,2019-08-12,Mon,16,1,1000000.0,667182,Android,169.121.xx.xx (BD),M,2019-01-17,1988-11-16,0,2019-01-17,BRANCH,1,SMART_OTP,Working,1000000.0,1,1000000.0,1,1000000.0,1,1000000.0,1,1000000.0,1,1000000.0,1,7407005.161818182,2952142.8571428573,7,207.66666666666666,1,4957.0,LOGIN,0.14285707482996438,21.0,0.5651852399337975,-1.2875929990388486
14871,-0.6131509078861117,Transfer,Outside_bank,2019-05-14,Tue,0,3,6257000.0,119512,iOS,110.60.xx.xx (HN),F,2019-01-17,1983-07-13,0,2019-01-21,BRANCH,0,SMART_OTP,Businessman,6257000.0,1,6257000.0,1,6257000.0,1,6257000.0,1,6257000.0,1,6257000.0,1,43740785.02363636,83537846.0909091,44,76.20833333333333,1,2653.0,LOGIN,0.0,18.0,0.1447710130949166,-1.0633926756224543
14871,-0.56522005137041,Transfer,Outside_bank,2019-05-15,Wed,0,1,5000000.0,432475,iOS,210.175.xx.xx (HN),F,2019-01-17,1983-07-13,0,2019-01-21,BRANCH,0,SMART_OTP,Businessman,5000000.0,1,5000000.0,1,16257000.0,3,16257000.0,3,16257000.0,3,16257000.0,3,43740785.02363636,83537846.0909091,44,0.16666666666666666,3,2677.0,LOGIN,0.0,20.0,0.1447710130949166,-1.0633926756224543
14871,-0.5872282955031269,Transfer,Outside_bank,2019-06-16,Sun,16,2,464100000.0,166324,iOS,29.8.xx.xx (HN),F,2019-01-17,1983-07-13,0,2019-01-21,BRANCH,0,SMART_OTP,Businessman,464100000.0,1,464100000.0,1,464100000.0,1,464100000.0,1,464100000.0,1,835924000.0,9,43740785.02363636,83537846.0909091,44,15.833333333333334,1,3461.0,LOGIN,0.0,36.0,0.1447710130949166,-1.0633926756224543
14871,-0.5736818850640321,Transfer,Outside_bank,2019-09-27,Fri,16,3,722000000.0,191343,iOS,246.221.xx.xx (HN),F,2019-01-17,1983-07-13,0,2019-01-21,BRANCH,0,SMART_OTP,Businessman,726700000.0,2,729900000.0,3,729900000.0,3,729900000.0,3,729900000.0,3,729900000.0,3,43740785.02363636,83537846.0909091,44,0.041666666666666664,3,5933.0,LOGIN,0.0,72.0,0.1447710130949166,-1.0633926756224543
14919,-0.6488298719679955,Payment,Credit_card_repayment,2019-12-13,Fri,5,1,733625.0,NaN,Android,24.47.xx.xx (HP),M,2019-06-27,1987-12-01,0,2019-08-14,AUTO-JOB,1,SMS,Working,733625.0,1,733625.0,1,733625.0,1,733625.0,1,733625.0,1,733625.0,1,1311677.9314285715,630054.0,2,121.20833333333333,0,2874.0,LOGIN,0.0,4.0,0.0,-1.0386082211958458
14930,-0.6438790916514193,Payment,Credit_card_repayment,2019-12-20,Fri,16,1,341000.0,NaN,iOS,35.108.xx.xx (HN),F,2019-06-07,1985-01-01,0,2019-08-23,BRANCH,0,SMART_OTP,Working,341000.0,1,341000.0,1,341000.0,1,341000.0,1,341000.0,1,341000.0,1,588102.7283333334,341000.0,1,119.66666666666667,0,0.0,LOGIN,0.0,1.0,0.0,-1.6570300400893656
14954,-0.5769990786324088,Transfer,Outside_bank,2019-09-16,Mon,0,1,7000000.0,294469,Android,132.163.xx.xx (HCM),F,2019-09-14,1980-01-01,0,2019-09-14,BRANCH,0,SMART_OTP,Businessman,7000000.0,1,7000000.0,1,7000000.0,1,7600000.0,2,7600000.0,2,7600000.0,2,9387739.57,3997784.6153846155,26,1.1666666666666667,1,39.0,LOGIN,0.0,26.0,0.19583468794119568,-0.9016572892091946
14956,-0.5788944933821486,Transfer,Outside_bank,2019-07-19,Fri,15,1,30000000.0,779691,iOS,186.58.xx.xx (HCM),M,2019-05-28,1996-10-01,0,2019-05-28,BRANCH,0,SMART_OTP,Working,30000000.0,1,30000000.0,1,30000000.0,1,30000000.0,1,30000000.0,1,30000000.0,1,1304758.43,5274508.333333333,6,49.958333333333336,1,1250.0,LOGIN,0.4374997265626709,16.0,0.894847941191427,-1.0845088580867366
14956,-0.5946279331693893,Topup,eWallet,2019-11-26,Tue,14,1,350000.0,NaN,iOS,34.229.xx.xx (HCM),M,2019-05-28,1996-10-01,0,2019-05-28,BRANCH,0,SMART_OTP,Working,350000.0,1,350000.0,1,350000.0,1,350000.0,1,350000.0,1,350000.0,1,1304758.43,5274508.333333333,6,114.08333333333333,0,4369.0,LOGIN_FINGER,0.4482757074911354,29.0,0.894847941191427,-1.0845088580867366
14962,-0.5647014303955236,Transfer,Outside_bank,2019-08-26,Mon,0,1,3200000.0,725225,iOS,231.225.xx.xx (DN),M,2019-05-02,1992-07-07,0,2019-05-02,BRANCH,1,SMART_OTP,Working,3200000.0,1,3200000.0,1,3200000.0,1,3200000.0,1,3200000.0,1,10902000.0,7,3308281.8875,1305000.0,20,9.583333333333334,1,2768.0,LOGIN,0.499999953703708,108.0,0.3453170727705312,-1.1312764148813612
15165,-0.5701275415414957,Transfer,Outside_bank,2019-10-17,Thu,0,1,200000.0,83898,iOS,157.21.xx.xx (HN),M,2019-10-16,1994-12-08,0,2019-10-16,BRANCH,1,SMART_OTP,Commercial associate,200000.0,1,200000.0,1,200000.0,1,200000.0,1,200000.0,1,200000.0,1,581494.98,570370.3703703703,27,1.0,1,8.0,LOGIN,0.0,3.0,0.29031015242838754,-1.5685497740435819
15202,-0.5713628510519733,Topup,Mobile,2019-12-31,Tue,13,1,100000.0,NaN,iOS,126.166.xx.xx (NA),M,2019-10-23,1989-05-25,0,2019-10-23,BRANCH,0,SMART_OTP,Businessman,100000.0,1,100000.0,1,100000.0,1,100000.0,1,100000.0,1,100000.0,1,151612.90333333335,100000.0,1,69.54166666666667,0,1661.0,LOGIN_FACEID,0.39999973333351113,15.0,0.0,-1.4615154530178924
15215,-0.5706069383881388,Transfer,Within_bank,2019-11-29,Fri,8,1,450000.0,312388,Android,175.158.xx.xx (NA),F,2019-08-20,1983-05-31,0,2019-08-20,BRANCH,0,SMART_OTP,Working,450000.0,1,450000.0,1,450000.0,1,450000.0,1,450000.0,1,450000.0,1,1506816.292,474500.0,2,101.33333333333333,1,2419.0,LOGIN,0.0,42.0,0.0,-0.8326613929429992
15394,-0.5836758792491711,Transfer,Within_bank,2019-07-31,Wed,19,1,9990000.0,502852,iOS,197.242.xx.xx (HP),M,2019-06-05,1989-01-06,0,2019-06-05,BRANCH,0,SMART_OTP,Commercial associate,9990000.0,1,9990000.0,1,9990000.0,1,9990000.0,1,9990000.0,1,9990000.0,1,435930.7214285714,7251000.0,10,30.291666666666668,1,1349.0,LOGIN,0.0,1.0,0.9311546065618759,-2.18599489577607
15394,-0.5803724241479651,Transfer,Within_bank,2019-10-02,Wed,14,1,9980000.0,326400,iOS,104.251.xx.xx (HP),M,2019-06-05,1989-01-06,0,2019-06-05,BRANCH,0,SMART_OTP,Commercial associate,9980000.0,1,9980000.0,1,9980000.0,1,9980000.0,1,9980000.0,1,19970000.0,3,435930.7214285714,7251000.0,10,29.0,1,2856.0,LOGIN,0.0,3.0,0.9311546065618759,-2.18599489577607
15394,-0.5879155981869696,Transfer,Within_bank,2019-10-31,Thu,21,1,9990000.0,736724,iOS,68.102.xx.xx (HP),M,2019-06-05,1989-01-06,0,2019-06-05,BRANCH,0,SMART_OTP,Commercial associate,9990000.0,1,9990000.0,1,9990000.0,1,9990000.0,1,9990000.0,1,19970000.0,2,435930.7214285714,7251000.0,10,29.291666666666668,1,3559.0,LOGIN,0.0,4.0,0.9311546065618759,-2.18599489577607
15394,-0.5755798984641427,Transfer,Outside_bank,2019-11-30,Sat,11,1,9000000.0,241585,iOS,98.191.xx.xx (HP),M,2019-06-05,1989-01-06,0,2019-06-05,BRANCH,0,SMART_OTP,Commercial associate,10880000.0,2,10880000.0,2,10880000.0,2,10880000.0,2,10880000.0,2,20870000.0,3,435930.7214285714,7251000.0,10,29.583333333333332,1,4269.0,LOGIN,0.0,6.0,0.9311546065618759,-2.18599489577607
15394,-0.6037809377581228,Transfer,Within_bank,2019-12-31,Tue,8,1,11690000.0,708338,iOS,80.155.xx.xx (HP),M,2019-06-05,1989-01-06,0,2019-06-05,BRANCH,0,SMART_OTP,Commercial associate,11690000.0,1,11690000.0,1,11690000.0,1,11690000.0,1,11690000.0,1,11690000.0,1,435930.7214285714,7251000.0,10,30.875,1,5010.0,LOGIN,0.0,9.0,0.9311546065618759,-2.18599489577607
15466,-0.5860465512474181,Transfer,Outside_bank,2019-09-06,Fri,17,1,3800000.0,984826,Android,9.51.xx.xx (NA),F,2019-04-19,1999-01-15,0,2019-06-19,MYbank,1,SMART_OTP,Working,3800000.0,1,3800000.0,1,3800000.0,1,3800000.0,1,3800000.0,1,3800000.0,1,851744.0859999999,211800.0,30,79.70833333333333,1,1898.0,LOGIN,0.04545452479339782,22.0,0.3430001752165099,-1.038575342064679
15543,-0.6061652280569438,Topup,eWallet,2019-11-07,Thu,1,1,60000.0,NaN,iOS,118.61.xx.xx (HN),M,2019-10-16,1995-11-26,0,2019-11-06,BRANCH,1,SMART_OTP,Commercial associate,60000.0,1,60000.0,1,60000.0,1,60000.0,1,60000.0,1,60000.0,1,262242.45,5580000.0,2,1.0416666666666667,0,3.0,LOGIN_FINGER,0.0,2.0,0.0,-1.5167639650473346
15543,-0.5713066856512212,Transfer,Outside_bank,2019-12-04,Wed,19,2,11100000.0,169925,iOS,104.144.xx.xx (HN),M,2019-10-16,1995-11-26,0,2019-11-06,BRANCH,1,SMART_OTP,Commercial associate,11100000.0,1,11100000.0,1,11100000.0,1,11100000.0,1,11100000.0,1,11160000.0,2,262242.45,5580000.0,2,27.75,1,4.0,LOGIN,0.16666638888935187,6.0,0.0,-1.5167639650473346
15588,-0.5925702567318455,Payment,Credit_card_repayment,2019-12-11,Wed,18,1,3587543.0,NaN,Android,184.14.xx.xx (HCM),F,2019-11-01,1983-04-20,0,2019-11-01,BRANCH,0,SMART_OTP,State servant,3587543.0,1,3587543.0,1,3587543.0,1,3587543.0,1,3587543.0,1,3587543.0,1,14994541.885,38396885.75,4,40.75,0,964.0,LOGIN,0.0,2.0,0.0,-0.7079336393816077
15588,-0.624339718215811,Payment,Credit_card_repayment,2019-12-31,Tue,0,1,50000000.0,NaN,Android,247.232.xx.xx (HCM),F,2019-11-01,1983-04-20,0,2019-11-01,BRANCH,0,SMART_OTP,State servant,50000000.0,1,50000000.0,1,50000000.0,1,50000000.0,1,100000000.0,2,153587543.0,4,14994541.885,38396885.75,4,6.458333333333333,0,1426.0,LOGIN,0.0,5.0,0.0,-0.7079336393816077
15639,-0.583732375995931,Transfer,Outside_bank,2019-09-05,Thu,0,1,9000000.0,471452,Android,95.103.xx.xx (HN),F,2019-07-11,1995-02-03,0,2019-07-13,BRANCH,1,SMART_OTP,Working,9000000.0,1,9000000.0,1,9000000.0,1,9000000.0,1,9000000.0,1,9940000.0,2,1492805.1050000002,1291448.4666666666,15,11.583333333333334,1,851.0,LOGIN,0.289473608033261,38.0,0.37810247755984217,-1.059603971634631
15639,-0.6333318871415697,Payment,Credit_card_repayment,2019-12-08,Sun,0,1,932000.0,NaN,Android,197.170.xx.xx (HN),F,2019-07-11,1995-02-03,0,2019-07-13,BRANCH,1,SMART_OTP,Working,932000.0,1,932000.0,1,932000.0,1,932000.0,1,1392000.0,3,1392000.0,3,1492805.1050000002,1291448.4666666666,15,4.291666666666667,0,3107.0,LOGIN,0.3999999555555605,90.0,0.37810247755984217,-1.059603971634631
15707,-0.6103174843017506,Topup,eWallet,2019-09-20,Fri,1,1,40000.0,NaN,iOS,254.252.xx.xx (DN),M,2019-06-12,1998-02-11,0,2019-09-19,BRANCH,1,SMART_OTP,Commercial associate,40000.0,1,40000.0,1,40000.0,1,40000.0,1,40000.0,1,40000.0,1,153485.335,172873.33333333334,15,1.0416666666666667,0,0.0,LOGIN,0.0,1.0,0.6477757828731212,-1.1187452560567575
15707,-0.6176064473825471,Topup,eWallet,2019-12-19,Thu,2,1,200000.0,NaN,iOS,234.77.xx.xx (DN),M,2019-06-12,1998-02-11,0,2019-09-19,BRANCH,1,SMART_OTP,Commercial associate,200000.0,1,200000.0,1,200000.0,1,200000.0,1,200000.0,1,200000.0,1,153485.335,172873.33333333334,15,30.5,0,954.0,LOGIN,0.3728812927319843,59.0,0.6477757828731212,-1.1187452560567575
15707,-0.5760422182934267,Topup,eWallet,2019-12-28,Sat,0,1,97000.0,NaN,iOS,68.234.xx.xx (DN),M,2019-06-12,1998-02-11,0,2019-09-19,BRANCH,1,SMART_OTP,Commercial associate,97000.0,1,97000.0,1,97000.0,1,97000.0,1,197000.0,2,397000.0,3,153485.335,172873.33333333334,15,4.208333333333333,0,1168.0,LOGIN,0.38461532544379606,65.0,0.6477757828731212,-1.1187452560567575
15867,-0.5825988164288877,Payment,Credit_card_repayment,2019-09-25,Wed,13,1,672983.0,NaN,iOS,14.249.xx.xx (HN),M,2019-08-15,1987-02-02,0,2019-08-15,BRANCH,0,SMART_OTP,Commercial associate,672983.0,1,672983.0,1,672983.0,1,672983.0,1,672983.0,1,672983.0,1,10314843.588000001,11952685.272727273,11,30.083333333333332,0,960.0,LOGIN_FINGER,0.4523808446712274,42.0,0.6823453281603936,-1.1014797283320665
15867,-0.5654557889660202,Payment,Credit_card_repayment,2019-10-26,Sat,21,1,5354306.0,NaN,iOS,111.18.xx.xx (HN),M,2019-08-15,1987-02-02,0,2019-08-15,BRANCH,0,SMART_OTP,Commercial associate,5354306.0,1,5354306.0,1,5354306.0,1,5354306.0,1,6354306.0,2,6354306.0,2,10314843.588000001,11952685.272727273,11,3.5,0,1712.0,LOGIN,0.4745761907497982,59.0,0.6823453281603936,-1.1014797283320665
15867,-0.5667334130715551,Payment,Credit_card_repayment,2019-11-24,Sun,20,1,15837662.0,NaN,iOS,75.127.xx.xx (HN),M,2019-08-15,1987-02-02,0,2019-08-15,BRANCH,0,SMART_OTP,Commercial associate,15837662.0,1,15837662.0,1,15837662.0,1,15837662.0,1,15837662.0,1,26191968.0,3,10314843.588000001,11952685.272727273,11,13.0,0,2407.0,LOGIN,0.4814814220393306,81.0,0.6823453281603936,-1.1014797283320665
15867,-0.5994662918264577,Payment,Utilities_payment,2019-12-07,Sat,1,1,784799.0,NaN,iOS,3.138.xx.xx (HN),M,2019-08-15,1987-02-02,0,2019-08-15,BRANCH,0,SMART_OTP,Commercial associate,784799.0,1,784799.0,1,784799.0,1,784799.0,1,784799.0,1,21622461.0,3,10314843.588000001,11952685.272727273,11,12.208333333333334,0,2700.0,LOGIN_FINGER,0.4772726730371962,88.0,0.6823453281603936,-1.1014797283320665
15934,-0.5934367809134433,Payment,Credit_card_repayment,2019-08-29,Thu,9,1,27174900.0,NaN,iOS,2.151.xx.xx (HCM),F,2019-05-24,1993-12-22,0,2019-06-19,AUTO-JOB,0,SMART_OTP,State servant,27174900.0,1,27174900.0,1,27174900.0,1,27174900.0,1,27174900.0,1,27175900.0,2,3891792.8242857144,12112375.0,4,29.916666666666668,0,999.0,LOGIN,0.0,20.0,0.0,-0.8232187793651872
15934,-0.5948479008277001,Payment,Credit_card_repayment,2019-10-03,Thu,12,1,10073600.0,NaN,iOS,110.253.xx.xx (HCM),F,2019-05-24,1993-12-22,0,2019-06-19,AUTO-JOB,0,SMART_OTP,State servant,10073600.0,1,10073600.0,1,10073600.0,1,10073600.0,1,10073600.0,1,10073600.0,1,3891792.8242857144,12112375.0,4,34.0,0,999.0,LOGIN,0.0,38.0,0.0,-0.8232187793651872
15953,-0.57240087013587,Transfer,Outside_bank,2019-12-03,Tue,15,1,47000000.0,553160,Android,219.93.xx.xx (HN),F,2019-04-25,1992-03-18,0,2019-04-25,BRANCH,1,SMART_OTP,Commercial associate,47000000.0,1,47000000.0,1,47000000.0,1,47000000.0,1,47000000.0,1,47000000.0,1,2078313.977777778,22647500.0,4,169.375,1,4065.0,LOGIN,0.0,966.0,0.0,-1.1832540572693007
15967,-0.5952001397427847,Transfer,Within_bank,2019-07-01,Mon,5,1,50000.0,671660,Android,152.223.xx.xx (HP),F,2019-05-22,1987-10-22,0,2019-05-22,BRANCH,1,SMART_OTP,Working,50000.0,1,50000.0,1,50000.0,1,50000.0,1,50000.0,1,50000.0,1,418756.18124999997,50000.0,1,40.208333333333336,1,324.0,LOGIN,0.0,0.0,0.0,-2.6662926490869743
15971,-0.568137707685359,Topup,eWallet,2019-10-15,Tue,15,1,15000.0,NaN,iOS,56.172.xx.xx (HN),M,2019-09-25,1997-10-15,0,2019-10-05,BRANCH,1,SMART_OTP,Businessman,15000.0,1,15000.0,1,15000.0,1,15000.0,1,15000.0,1,15000.0,1,0.0,638475.3846153846,13,10.625,0,244.0,LOGIN,0.0,3.0,0.31186295316838186,-1.383823612926859
15971,-0.6117469994209856,Transfer,Within_bank,2019-11-04,Mon,20,1,3240000.0,456834,iOS,187.71.xx.xx (HN),M,2019-09-25,1997-10-15,0,2019-10-05,BRANCH,1,SMART_OTP,Businessman,3240000.0,1,3240000.0,1,3240000.0,1,3240000.0,1,3240000.0,1,3255000.0,2,0.0,638475.3846153846,13,20.208333333333332,1,0.0,LOGIN,0.0,5.0,0.31186295316838186,-1.383823612926859
15971,-0.5785644683871537,Transfer,Outside_bank,2019-12-05,Thu,14,1,3878000.0,908025,iOS,144.245.xx.xx (HN),M,2019-09-25,1997-10-15,0,2019-10-05,BRANCH,1,SMART_OTP,Businessman,3900000.0,2,3900000.0,2,3900000.0,2,3900000.0,2,3900000.0,2,4740680.0,4,0.0,638475.3846153846,13,16.125,1,738.0,LOGIN,0.16666652777789354,12.0,0.31186295316838186,-1.383823612926859
15982,-0.5728146991636633,Transfer,Outside_bank,2019-06-25,Tue,6,1,8900000.0,827107,Web,178.210.xx.xx (HCM),M,2019-03-08,2000-04-26,0,2019-03-08,BRANCH,0,SMS,Working,8900000.0,1,8900000.0,1,8900000.0,1,8900000.0,1,8900000.0,1,8900000.0,1,1230507.009,8900000.0,1,109.25,1,2374.0,LOGIN,0.17460314688838938,63.0,0.0,-0.9963535642151249
16012,-0.6071879798457528,Transfer,Outside_bank,2019-10-09,Wed,5,1,650000.0,166937,Android,10.111.xx.xx (HN),F,2019-02-25,1987-10-28,0,2019-02-25,BRANCH,1,SMART_OTP,Working,650000.0,1,650000.0,1,650000.0,1,650000.0,1,650000.0,1,650000.0,1,639703.1163636363,650000.0,1,226.20833333333334,1,5417.0,LOGIN,0.0,12.0,0.0,-1.3376795360107636
16064,-0.6491164970332938,Payment,Credit_card_repayment,2019-12-23,Mon,18,1,15682676.0,NaN,Android,89.183.xx.xx (HCM),F,2019-09-19,1990-04-11,0,2019-09-19,BRANCH,0,SMART_OTP,Businessman,15682676.0,1,15682676.0,1,15682676.0,1,15682676.0,1,15682676.0,1,15682676.0,1,166418.6775,32841338.0,2,95.75,0,500.0,LOGIN,0.0,11.0,0.0,-1.101608360685273
16064,-0.6455793941633262,Payment,Credit_card_repayment,2019-12-24,Tue,0,1,50000000.0,NaN,Android,102.97.xx.xx (HCM),F,2019-09-19,1990-04-11,0,2019-09-19,BRANCH,0,SMART_OTP,Businessman,50000000.0,1,50000000.0,1,65682676.0,2,65682676.0,2,65682676.0,2,65682676.0,2,166418.6775,32841338.0,2,0.25,0,506.0,LOGIN,0.0,13.0,0.0,-1.101608360685273
16085,-0.5823539091312421,Payment,Credit_card_repayment,2019-12-03,Tue,8,2,2440000.0,NaN,Android,68.247.xx.xx (CT),M,2019-01-25,1984-11-11,0,2019-01-25,BRANCH,1,SMS,State servant,2440000.0,1,2440000.0,1,2440000.0,1,2440000.0,1,2440000.0,1,3794526.0,2,15482473.765454547,18261435.210526317,19,24.916666666666668,0,7479.0,LOGIN,0.0,137.0,0.25648703214053037,-0.8429157798469167
16085,-0.6070616293975328,Transfer,Outside_bank,2019-12-23,Mon,14,1,300000000.0,453222,Android,139.55.xx.xx (CT),M,2019-01-25,1984-11-11,0,2019-01-25,BRANCH,1,SMS,State servant,300000000.0,1,300000000.0,1,300000000.0,1,300000000.0,1,300000000.0,1,303019131.0,4,15482473.765454547,18261435.210526317,19,11.25,1,7965.0,LOGIN,0.0,159.0,0.25648703214053037,-0.8429157798469167
16085,-0.5670563727983529,Payment,Credit_card_repayment,2019-12-30,Mon,11,1,12801720.0,NaN,Android,216.124.xx.xx (CT),M,2019-01-25,1984-11-11,0,2019-01-25,BRANCH,1,SMS,State servant,12801720.0,1,12801720.0,1,12801720.0,1,12801720.0,1,312801720.0,2,315820851.0,5,15482473.765454547,18261435.210526317,19,6.875,0,8130.0,LOGIN,0.0,163.0,0.25648703214053037,-0.8429157798469167
16103,-0.6191573817242201,Payment,Credit_card_repayment,2019-09-05,Thu,9,2,21249000.0,NaN,Web,82.74.xx.xx (DN),M,2019-07-04,1986-11-26,0,2019-07-09,BRANCH,1,SMART_OTP,Commercial associate,21249000.0,1,21249000.0,1,21249000.0,1,21249000.0,1,21249000.0,1,21249000.0,1,14616636.64,7883594.96969697,33,58.375,0,999.0,LOGIN,0.49999964285739795,14.0,0.1997060704636832,-1.3500947651047601
16103,-0.5676184760056103,Payment,Credit_card_repayment,2019-10-23,Wed,11,1,24024634.0,NaN,Web,147.136.xx.xx (DN),M,2019-07-04,1986-11-26,0,2019-07-09,BRANCH,1,SMART_OTP,Commercial associate,24024634.0,1,24024634.0,1,24024634.0,1,44024634.0,2,46889634.0,3,89169634.0,14,14616636.64,7883594.96969697,33,1.8333333333333333,0,999.0,LOGIN_FACEID,0.48958328233507475,96.0,0.1997060704636832,-1.3500947651047601
16103,-0.5918869519242171,Payment,Credit_card_repayment,2019-12-02,Mon,14,1,40000000.0,NaN,Web,79.3.xx.xx (DN),M,2019-07-04,1986-11-26,0,2019-07-09,BRANCH,1,SMART_OTP,Commercial associate,40000000.0,1,40000000.0,1,40000000.0,1,40000000.0,1,43000000.0,2,51800000.0,5,14616636.64,7883594.96969697,33,5.333333333333333,0,999.0,LOGIN,0.49599996032000315,125.0,0.1997060704636832,-1.3500947651047601
16103,-0.5831521536598513,Payment,Credit_card_repayment,2019-12-30,Mon,9,1,29000000.0,NaN,Web,17.29.xx.xx (DN),M,2019-07-04,1986-11-26,0,2019-07-09,BRANCH,1,SMART_OTP,Commercial associate,29000000.0,1,29000000.0,1,29000000.0,1,29000000.0,1,29000000.0,1,75500000.0,5,14616636.64,7883594.96969697,33,11.0,0,547.0,LOGIN,0.4906831993364472,161.0,0.1997060704636832,-1.3500947651047601
16119,-0.6221295753455692,Payment,Credit_card_repayment,2019-12-31,Tue,10,1,10000000.0,NaN,Android,89.209.xx.xx (BD),F,2019-06-06,1989-06-06,0,2019-07-05,BRANCH,1,SMART_OTP,Businessman,10000000.0,1,10000000.0,1,10000000.0,1,10000000.0,1,10000000.0,1,10000000.0,1,1456409.3499999999,6243850.0,2,179.41666666666666,0,999.0,LOGIN,0.0,1.0,0.0,-0.9917590152371788
16245,-0.6162760972677578,Topup,eWallet,2019-12-24,Tue,0,1,500000.0,NaN,iOS,82.106.xx.xx (HN),M,2019-10-17,1999-11-10,0,2019-11-13,MYbank,1,SMART_OTP,State servant,500000.0,1,500000.0,1,500000.0,1,500000.0,1,500000.0,1,500000.0,1,2549427.58,325000.0,4,41.0,0,964.0,LOGIN_FINGER,0.0,13.0,0.0,-1.2654260651729252
16332,-0.5912597678371896,Payment,Credit_card_repayment,2019-03-11,Mon,21,1,4661336.0,NaN,iOS,174.45.xx.xx (HCM),F,2019-01-23,1989-07-02,0,2019-01-24,MYbank,0,SMART_OTP,Working,4661336.0,1,4661336.0,1,4661336.0,1,4661336.0,1,4661336.0,1,4661336.0,1,1252325.4475,4932444.545454546,11,46.875,0,1116.0,LOGIN_FINGER,0.2888888246913723,45.0,0.3418502715771957,-1.0520439587781014
16332,-0.5918461064410141,Payment,Credit_card_repayment,2019-04-20,Sat,9,1,5074600.0,NaN,iOS,175.67.xx.xx (HCM),F,2019-01-23,1989-07-02,0,2019-01-24,MYbank,0,SMART_OTP,Working,5074600.0,1,5074600.0,1,5074600.0,1,5074600.0,1,5074600.0,1,5074600.0,1,1252325.4475,4932444.545454546,11,39.5,0,2064.0,LOGIN,0.3448275267538747,58.0,0.3418502715771957,-1.0520439587781014
16332,-0.5657783307441229,Payment,Credit_card_repayment,2019-05-18,Sat,10,1,3102000.0,NaN,iOS,56.7.xx.xx (HCM),F,2019-01-23,1989-07-02,0,2019-01-24,MYbank,0,SMART_OTP,Working,3102000.0,1,3102000.0,1,3102000.0,1,3102000.0,1,3102000.0,1,8176600.0,2,1252325.4475,4932444.545454546,11,28.041666666666668,0,2737.0,LOGIN_FINGER,0.3599999520000064,75.0,0.3418502715771957,-1.0520439587781014
16332,-0.5978042281000543,Payment,Credit_card_repayment,2019-06-14,Fri,16,1,14284944.0,NaN,iOS,60.159.xx.xx (HCM),F,2019-01-23,1989-07-02,0,2019-01-24,MYbank,0,SMART_OTP,Working,14284944.0,1,14284944.0,1,14284944.0,1,14284944.0,1,14284944.0,1,17386944.0,2,1252325.4475,4932444.545454546,11,27.25,0,3391.0,LOGIN_FINGER,0.35779813231209795,109.0,0.3418502715771957,-1.0520439587781014
16332,-0.6009073994717568,Payment,Credit_card_repayment,2019-07-31,Wed,16,1,4185000.0,NaN,iOS,103.97.xx.xx (HCM),F,2019-01-23,1989-07-02,0,2019-01-24,MYbank,0,SMART_OTP,Working,4185000.0,1,4185000.0,1,4185000.0,1,4185000.0,1,4185000.0,1,4185000.0,1,1252325.4475,4932444.545454546,11,47.0,0,4519.0,LOGIN,0.36363633358377406,121.0,0.3418502715771957,-1.0520439587781014
16332,-0.5842906339169798,Payment,Credit_card_repayment,2019-08-30,Fri,16,1,3900000.0,NaN,iOS,13.247.xx.xx (HCM),F,2019-01-23,1989-07-02,0,2019-01-24,MYbank,0,SMART_OTP,Working,3900000.0,1,3900000.0,1,3900000.0,1,3900000.0,1,3900000.0,1,8085000.0,2,1252325.4475,4932444.545454546,11,30.0,0,5239.0,LOGIN_FINGER,0.3576158703565649,151.0,0.3418502715771957,-1.0520439587781014
16332,-0.5875007116560408,Payment,Credit_card_repayment,2019-10-02,Wed,9,1,4602847.0,NaN,iOS,242.1.xx.xx (HCM),F,2019-01-23,1989-07-02,0,2019-01-24,MYbank,0,SMART_OTP,Working,4602847.0,1,4602847.0,1,4602847.0,1,4602847.0,1,4602847.0,1,4863847.0,2,1252325.4475,4932444.545454546,11,27.875,0,6024.0,LOGIN,0.377142835591838,175.0,0.3418502715771957,-1.0520439587781014
16332,-0.5790927767046966,Payment,Credit_card_repayment,2019-10-19,Sat,11,1,10505163.0,NaN,iOS,248.235.xx.xx (HCM),F,2019-01-23,1989-07-02,0,2019-01-24,MYbank,0,SMART_OTP,Working,10505163.0,1,10505163.0,1,10505163.0,1,10505163.0,1,10505163.0,1,15108010.0,2,1252325.4475,4932444.545454546,11,17.083333333333332,0,6434.0,LOGIN,0.3804347619328934,184.0,0.3418502715771957,-1.0520439587781014
16332,-0.612413398705397,Payment,Credit_card_repayment,2019-12-03,Tue,14,1,1580000.0,NaN,iOS,80.48.xx.xx (HCM),F,2019-01-23,1989-07-02,0,2019-01-24,MYbank,0,SMART_OTP,Working,1580000.0,1,1580000.0,1,1580000.0,1,1580000.0,1,1580000.0,1,1580000.0,1,1252325.4475,4932444.545454546,11,45.125,0,7517.0,LOGIN,0.38341966925286686,193.0,0.3418502715771957,-1.0520439587781014
16332,-0.5851779818569799,Payment,Credit_card_repayment,2019-12-29,Sun,21,1,2100000.0,NaN,iOS,95.63.xx.xx (HCM),F,2019-01-23,1989-07-02,0,2019-01-24,MYbank,0,SMART_OTP,Working,2100000.0,1,2100000.0,1,2100000.0,1,2100000.0,1,2100000.0,1,3680000.0,2,1252325.4475,4932444.545454546,11,26.291666666666668,0,8148.0,LOGIN_FINGER,0.38755979006890956,209.0,0.3418502715771957,-1.0520439587781014
16343,-0.6145213164647332,Payment,Credit_card_repayment,2019-03-21,Thu,9,1,499000.0,NaN,Android,191.6.xx.xx (HCM),F,2019-01-21,1982-10-23,0,2019-01-22,BRANCH,1,SMS,Commercial associate,499000.0,1,499000.0,1,499000.0,1,499000.0,1,499000.0,1,499000.0,1,5466627.810833334,5983827.630136986,73,58.375,0,0.0,LOGIN,0.0,0.0,0.05655860248943416,-1.1282339867249576
16376,-0.580084540304917,Topup,eWallet,2019-09-18,Wed,0,1,174500.0,NaN,Android,241.183.xx.xx (HN),F,2019-05-09,1989-10-17,0,2019-05-09,BRANCH,0,SMART_OTP,Working,1603712.0,2,1603712.0,2,1603712.0,2,1713712.0,3,2883112.0,7,4600864.0,10,1104844.74625,1487620.9102564103,78,0.041666666666666664,0,3154.0,LOGIN_FINGER,0.4777777246913639,90.0,0.08390239539514037,-1.3095785541713119
16376,-0.5918853926737948,Topup,eWallet,2019-10-02,Wed,0,1,1392800.0,NaN,Android,238.2.xx.xx (HN),F,2019-05-09,1989-10-17,0,2019-05-09,BRANCH,0,SMART_OTP,Working,1392800.0,1,1392800.0,1,1392800.0,1,1392800.0,1,1692800.0,2,6098812.0,13,1104844.74625,1487620.9102564103,78,4.458333333333333,0,3490.0,LOGIN_FINGER,0.4795917877967563,98.0,0.08390239539514037,-1.3095785541713119
16376,-0.5906763611875684,Transfer,Outside_bank,2019-10-08,Tue,14,2,49600000.0,996955,Android,239.62.xx.xx (HN),F,2019-05-09,1989-10-17,0,2019-05-09,BRANCH,0,SMART_OTP,Working,49600000.0,1,50000000.0,2,50000000.0,2,50000000.0,2,51923300.0,4,55862212.0,15,1104844.74625,1487620.9102564103,78,0.041666666666666664,2,3648.0,LOGIN_FINGER,0.4803921097654794,102.0,0.08390239539514037,-1.3095785541713119
16376,-0.626439069028253,Payment,Credit_card_repayment,2019-10-23,Wed,8,1,16654947.0,NaN,Android,208.73.xx.xx (HN),F,2019-05-09,1989-10-17,0,2019-05-09,BRANCH,0,SMART_OTP,Working,16654947.0,1,16654947.0,1,16654947.0,1,16654947.0,1,16853947.0,3,71467301.0,17,1104844.74625,1487620.9102564103,78,6.0,0,4002.0,LOGIN,0.4873949170256372,119.0,0.08390239539514037,-1.3095785541713119
16376,-0.5652135756815362,Payment,Credit_card_repayment,2019-11-25,Mon,8,1,2485990.0,NaN,Android,168.166.xx.xx (HN),F,2019-05-09,1989-10-17,0,2019-05-09,BRANCH,0,SMART_OTP,Working,2485990.0,1,2485990.0,1,2485990.0,1,2485990.0,1,2485990.0,1,4649090.0,5,1104844.74625,1487620.9102564103,78,8.875,0,4794.0,LOGIN,0.48936166742115833,141.0,0.08390239539514037,-1.3095785541713119
16376,-0.59649300860911,Payment,Credit_card_repayment,2019-12-24,Tue,16,1,8577692.0,NaN,Android,97.65.xx.xx (HN),F,2019-05-09,1989-10-17,0,2019-05-09,BRANCH,0,SMART_OTP,Working,8577692.0,1,8577692.0,1,8577692.0,1,8577692.0,1,9734442.0,4,26716434.0,17,1104844.74625,1487620.9102564103,78,4.333333333333333,0,5498.0,LOGIN,0.48837206462953114,172.0,0.08390239539514037,-1.3095785541713119
16505,-0.5711390209308974,Transfer,Outside_bank,2019-11-06,Wed,14,1,100000000.0,42174,iOS,40.139.xx.xx (BD),F,2019-08-21,1990-11-02,0,2019-08-21,BRANCH,0,SMART_OTP,Working,100000000.0,1,100000000.0,1,100000000.0,1,100000000.0,1,100000000.0,1,100000000.0,1,576531.87,100000000.0,1,77.58333333333333,1,1849.0,LOGIN,0.0,3.0,0.0,-1.3291722579442184
16537,-0.5800879457279206,Transfer,Outside_bank,2019-10-06,Sun,0,1,200000.0,12488,Android,116.58.xx.xx (TH),M,2019-08-21,1998-12-04,0,2019-08-21,BRANCH,1,SMART_OTP,Businessman,200000.0,1,200000.0,1,200000.0,1,200000.0,1,200000.0,1,200000.0,1,2654154.23,200000.0,1,46.0,1,921.0,LOGIN,0.0,60.0,0.0,-0.8869213686837287
16551,-0.6048383700656933,Payment,Credit_card_repayment,2019-12-03,Tue,12,1,12000000.0,NaN,iOS,192.224.xx.xx (HN),M,2019-07-18,1987-10-14,0,2019-10-28,AUTO-JOB,0,SMART_OTP,Businessman,12000000.0,1,12000000.0,1,12000000.0,1,12000000.0,1,12000000.0,1,12000000.0,1,3966962.783333333,16566666.666666666,6,36.5,0,857.0,LOGIN_FACEID,0.46666635555576297,15.0,0.6449284656541674,-1.2468087927308174
16551,-0.5687823192905953,Payment,Credit_card_repayment,2019-12-13,Fri,12,1,13400000.0,NaN,iOS,254.245.xx.xx (HN),M,2019-07-18,1987-10-14,0,2019-10-28,AUTO-JOB,0,SMART_OTP,Businessman,13400000.0,1,13400000.0,1,13400000.0,1,13400000.0,1,13400000.0,1,25400000.0,2,3966962.783333333,16566666.666666666,6,10.0,0,1097.0,LOGIN,0.49999975000012503,20.0,0.6449284656541674,-1.2468087927308174
16551,-0.5765940295888892,Payment,Credit_card_repayment,2019-12-18,Wed,22,1,50000000.0,NaN,iOS,115.245.xx.xx (HN),M,2019-07-18,1987-10-14,0,2019-10-28,AUTO-JOB,0,SMART_OTP,Businessman,50000000.0,1,50000000.0,1,52000000.0,2,52000000.0,2,65400000.0,3,77400000.0,4,3966962.783333333,16566666.666666666,6,0.25,0,1227.0,LOGIN_FACEID,0.4814813031550729,27.0,0.6449284656541674,-1.2468087927308174
16564,-0.5903746507358323,Transfer,Outside_bank,2019-12-09,Mon,14,1,11300000.0,368489,iOS,199.26.xx.xx (HCM),F,2019-08-09,1985-11-03,0,2019-08-09,BRANCH,1,SMART_OTP,Working,11300000.0,1,11300000.0,1,11300000.0,1,11300000.0,1,11300000.0,1,11300000.0,1,572336.346,4050000.0,7,84.04166666666667,1,0.0,LOGIN,0.0,20.0,0.4884890335373832,-1.03616015428073
16658,-0.5779307279305144,Topup,Mobile,2019-03-20,Wed,2,1,100000.0,NaN,Android,213.42.xx.xx (HN),M,2019-01-25,1983-12-26,0,2019-03-18,BRANCH,1,SMS,Commercial associate,100000.0,1,100000.0,1,100000.0,1,3100000.0,2,3100000.0,2,3100000.0,2,8848199.715833334,5655158.536585365,82,1.5,0,39.0,LOGIN,0.0,3.0,0.322858030509666,-1.1819331150018064
16658,-0.5664408469287661,Transfer,Outside_bank,2019-07-25,Thu,16,1,43543000.0,118758,Android,238.227.xx.xx (HN),M,2019-01-25,1983-12-26,0,2019-03-18,BRANCH,1,SMS,Commercial associate,43543000.0,1,43543000.0,1,43543000.0,1,43543000.0,1,43543000.0,1,44873000.0,4,8848199.715833334,5655158.536585365,82,20.291666666666668,1,3101.0,LOGIN,0.0399999960000004,100.0,0.322858030509666,-1.1819331150018064
16675,-0.5729750337307845,Payment,Credit_card_repayment,2019-03-27,Wed,17,1,10000000.0,NaN,iOS,171.209.xx.xx (HN),M,2019-02-18,1980-10-30,0,2019-02-18,BRANCH,1,SMART_OTP,Commercial associate,10000000.0,1,11000000.0,2,11000000.0,2,11000000.0,2,11150000.0,4,11180000.0,5,408336.66363636364,23090909.09090909,11,0.041666666666666664,0,889.0,LOGIN,0.0,16.0,0.28455635215988695,-0.9427072418440934
16675,-0.5901852384395846,Payment,Credit_card_repayment,2019-04-25,Thu,10,1,15000000.0,NaN,iOS,115.9.xx.xx (HN),M,2019-02-18,1980-10-30,0,2019-02-18,BRANCH,1,SMART_OTP,Commercial associate,15000000.0,1,15000000.0,1,15000000.0,1,15000000.0,1,15000000.0,1,26000000.0,3,408336.66363636364,23090909.09090909,11,28.708333333333332,0,1578.0,LOGIN,0.0,18.0,0.28455635215988695,-0.9427072418440934
16675,-0.6245885406594679,Payment,Credit_card_repayment,2019-06-03,Mon,17,1,50000000.0,NaN,iOS,12.192.xx.xx (HN),M,2019-02-18,1980-10-30,0,2019-02-18,BRANCH,1,SMART_OTP,Commercial associate,50000000.0,1,50000000.0,1,50000000.0,1,50000000.0,1,50000000.0,1,50000000.0,1,408336.66363636364,23090909.09090909,11,39.291666666666664,0,2521.0,LOGIN,0.0,23.0,0.28455635215988695,-0.9427072418440934
16675,-0.5961350229446639,Payment,Credit_card_repayment,2019-06-04,Tue,8,2,93000000.0,NaN,iOS,183.29.xx.xx (HN),M,2019-02-18,1980-10-30,0,2019-02-18,BRANCH,1,SMART_OTP,Commercial associate,93000000.0,1,93000000.0,1,143000000.0,2,143000000.0,2,143000000.0,2,143000000.0,2,408336.66363636364,23090909.09090909,11,0.625,0,2536.0,LOGIN,0.0,25.0,0.28455635215988695,-0.9427072418440934
16675,-0.6076933387993569,Payment,Credit_card_repayment,2019-06-25,Tue,15,2,47000000.0,NaN,iOS,9.17.xx.xx (HN),M,2019-02-18,1980-10-30,0,2019-02-18,BRANCH,1,SMART_OTP,Commercial associate,47000000.0,1,47000000.0,1,47000000.0,1,47000000.0,1,47000000.0,1,190000000.0,3,408336.66363636364,23090909.09090909,11,21.291666666666668,0,3047.0,LOGIN,0.0,31.0,0.28455635215988695,-0.9427072418440934
16675,-0.5648312875646929,Payment,Credit_card_repayment,2019-07-02,Tue,13,1,37800000.0,NaN,iOS,79.112.xx.xx (HN),M,2019-02-18,1980-10-30,0,2019-02-18,BRANCH,1,SMART_OTP,Commercial associate,37800000.0,1,37800000.0,1,37800000.0,1,37800000.0,1,84800000.0,2,227800000.0,4,408336.66363636364,23090909.09090909,11,6.916666666666667,0,3213.0,LOGIN,0.0,31.0,0.28455635215988695,-0.9427072418440934
16688,-0.6381880078641833,Transfer,Outside_bank,2019-11-09,Sat,1,1,1500000.0,805551,iOS,76.63.xx.xx (HN),M,2019-07-26,1982-04-29,0,2019-07-27,BRANCH,0,SMART_OTP,Businessman,1500000.0,1,1500000.0,1,1500000.0,1,1500000.0,1,1500000.0,1,1500000.0,1,269946.23833333334,1500000.0,1,105.04166666666667,1,13.0,LOGIN,0.0,27.0,0.0,-1.2112131393159464
16705,-0.5776788385079663,Transfer,Outside_bank,2019-11-04,Mon,14,4,63000000.0,798727,Android,28.75.xx.xx (HP),F,2019-07-31,1983-03-10,0,2019-07-31,BRANCH,1,SMART_OTP,State servant,63000000.0,1,63000000.0,1,63000000.0,1,63000000.0,1,68870000.0,3,121606000.0,20,1898486.5,3458325.698795181,83,6.041666666666667,1,2187.0,LOGIN,0.0,79.0,0.059058745882480175,-1.2217490604271608
16739,-0.6664110488337434,Payment,Credit_card_repayment,2019-11-20,Wed,16,1,3554000.0,NaN,iOS,228.111.xx.xx (HCM),M,2019-10-01,1978-10-26,0,2019-10-01,AUTO-JOB,0,SMART_OTP,State servant,49954000.0,2,49954000.0,2,49954000.0,2,49954000.0,2,49954000.0,2,49954000.0,2,26120.0,24977000.0,2,50.666666666666664,0,2.0,LOGIN,0.49999875000312505,4.0,0.0,-1.6233657668379264
16739,-0.6062247435608477,Transfer,Outside_bank,2019-11-20,Wed,16,1,46400000.0,480549,iOS,218.146.xx.xx (HCM),M,2019-10-01,1978-10-26,0,2019-10-01,AUTO-JOB,0,SMART_OTP,State servant,49954000.0,2,49954000.0,2,49954000.0,2,49954000.0,2,49954000.0,2,49954000.0,2,26120.0,24977000.0,2,0.0,1,2.0,LOGIN,0.49999875000312505,4.0,0.0,-1.6233657668379264
16744,-0.5956719747698122,Topup,eWallet,2019-08-07,Wed,4,1,300000.0,NaN,iOS,77.237.xx.xx (HN),M,2019-06-12,1998-12-18,0,2019-07-02,MYbank,1,SMART_OTP,Working,300000.0,1,300000.0,1,360000.0,5,360000.0,5,460000.0,12,1098000.0,36,2600169.0383333336,85572.70386266094,233,0.4583333333333333,0,422.0,LOGIN,0.0,46.0,0.5748744658582351,-1.2678138918105581
16744,-0.5792396078408965,Topup,eWallet,2019-08-16,Fri,21,1,950000.0,NaN,iOS,58.80.xx.xx (HN),M,2019-06-12,1998-12-18,0,2019-07-02,MYbank,1,SMART_OTP,Working,950000.0,1,950000.0,1,950000.0,1,970000.0,2,1070000.0,8,2658000.0,53,2600169.0383333336,85572.70386266094,233,1.5416666666666667,0,655.0,LOGIN,0.0,66.0,0.5748744658582351,-1.2678138918105581
16744,-0.6242880662369377,Transfer,Outside_bank,2019-09-08,Sun,0,1,2200000.0,208040,iOS,167.198.xx.xx (HN),M,2019-06-12,1998-12-18,0,2019-07-02,MYbank,1,SMART_OTP,Working,2200000.0,1,2200000.0,1,2220000.0,2,2240000.0,3,4175000.0,9,5675000.0,37,2600169.0383333336,85572.70386266094,233,0.5833333333333334,1,1186.0,LOGIN,0.0,98.0,0.5748744658582351,-1.2678138918105581
16744,-0.5790398641283756,Topup,eWallet,2019-12-14,Sat,21,1,1850000.0,NaN,iOS,6.64.xx.xx (HN),M,2019-06-12,1998-12-18,0,2019-07-02,MYbank,1,SMART_OTP,Working,1850000.0,1,1850000.0,1,1850000.0,1,1950000.0,2,2150000.0,11,3460000.0,43,2600169.0383333336,85572.70386266094,233,1.4583333333333333,0,3535.0,LOGIN,0.0,276.0,0.5748744658582351,-1.2678138918105581
16744,-0.5713437987892572,Topup,eWallet,2019-12-26,Thu,22,1,950000.0,NaN,iOS,141.58.xx.xx (HN),M,2019-06-12,1998-12-18,0,2019-07-02,MYbank,1,SMART_OTP,Working,950000.0,1,950000.0,1,1090000.0,4,1120000.0,5,1550000.0,11,4930440.0,42,2600169.0383333336,85572.70386266094,233,0.16666666666666666,0,3824.0,LOGIN,0.0,292.0,0.5748744658582351,-1.2678138918105581
16759,-0.6250733378886936,Transfer,Outside_bank,2019-09-14,Sat,0,1,25000.0,933892,Android,58.173.xx.xx (HP),M,2019-05-16,1994-09-26,0,2019-05-16,BRANCH,0,SMART_OTP,Working,25000.0,1,25000.0,1,25000.0,1,25000.0,1,25000.0,1,25000.0,1,326624.10125,664923.0769230769,13,118.33333333333333,1,2696.0,LOGIN,0.4807691383136272,52.0,0.3074785011394246,-1.1197943064947466
16794,-0.5828826743665602,Topup,eWallet,2019-09-01,Sun,0,1,40000.0,NaN,iOS,146.84.xx.xx (HCM),F,2019-08-17,1987-06-10,0,2019-08-17,BRANCH,1,SMART_OTP,Businessman,40000.0,1,40000.0,1,1140000.0,2,1140000.0,2,1200000.0,3,4870000.0,10,156457.062,508543.47826086957,46,0.3333333333333333,1,348.0,LOGIN,0.0,30.0,0.08106487623530263,-0.9473489854510446
16794,-0.5697126645672946,Topup,eWallet,2019-09-12,Thu,3,1,50000.0,NaN,iOS,168.96.xx.xx (HCM),F,2019-08-17,1987-06-10,0,2019-08-17,BRANCH,1,SMART_OTP,Businessman,50000.0,1,50000.0,1,80000.0,2,80000.0,2,2580000.0,4,10490000.0,17,156457.062,508543.47826086957,46,0.16666666666666666,0,615.0,LOGIN,0.0,49.0,0.08106487623530263,-0.9473489854510446
16794,-0.5665905268794886,Topup,eWallet,2019-09-14,Sat,3,1,70000.0,NaN,iOS,158.97.xx.xx (HCM),F,2019-08-17,1987-06-10,0,2019-08-17,BRANCH,1,SMART_OTP,Businessman,270000.0,2,270000.0,2,1890000.0,3,1950000.0,5,1980000.0,6,12390000.0,21,156457.062,508543.47826086957,46,0.041666666666666664,1,663.0,LOGIN,0.0,55.0,0.08106487623530263,-0.9473489854510446
16808,-0.5999955212154297,Payment,Credit_card_repayment,2019-06-25,Tue,11,1,697300.0,NaN,iOS,218.143.xx.xx (DN),M,2019-05-04,1987-05-20,0,2019-05-17,MYbank,0,SMART_OTP,Commercial associate,697300.0,1,697300.0,1,697300.0,1,697300.0,1,697300.0,1,697300.0,1,79796.55857142857,3722520.111111111,9,39.458333333333336,0,933.0,LOGIN,0.4705879584776715,17.0,0.7098817677838004,-1.1767168003750095
16808,-0.5992007197140783,Payment,Credit_card_repayment,2019-07-24,Wed,13,1,2871240.0,NaN,iOS,220.184.xx.xx (DN),M,2019-05-04,1987-05-20,0,2019-05-17,MYbank,0,SMART_OTP,Commercial associate,2871240.0,1,2871240.0,1,2871240.0,1,2871240.0,1,2871240.0,1,3568540.0,2,79796.55857142857,3722520.111111111,9,29.083333333333332,0,1631.0,LOGIN_FINGER,0.4583331423611907,24.0,0.7098817677838004,-1.1767168003750095
16808,-0.6099592358028938,Payment,Credit_card_repayment,2019-08-23,Fri,10,1,3559109.0,NaN,iOS,168.12.xx.xx (DN),M,2019-05-04,1987-05-20,0,2019-05-17,MYbank,0,SMART_OTP,Commercial associate,3559109.0,1,3559109.0,1,3559109.0,1,3559109.0,1,3559109.0,1,6430349.0,2,79796.55857142857,3722520.111111111,9,29.875,0,2348.0,LOGIN,0.4864863550036878,37.0,0.7098817677838004,-1.1767168003750095
16808,-0.635011245014645,Payment,Credit_card_repayment,2019-09-24,Tue,10,1,3835251.0,NaN,iOS,187.12.xx.xx (DN),M,2019-05-04,1987-05-20,0,2019-05-17,MYbank,0,SMART_OTP,Commercial associate,3835251.0,1,3835251.0,1,3835251.0,1,3835251.0,1,3835251.0,1,3835251.0,1,79796.55857142857,3722520.111111111,9,32.0,0,3116.0,LOGIN_FINGER,0.4807691383136272,52.0,0.7098817677838004,-1.1767168003750095
16808,-0.630246932993725,Payment,Credit_card_repayment,2019-10-24,Thu,11,1,2801075.0,NaN,iOS,14.148.xx.xx (DN),M,2019-05-04,1987-05-20,0,2019-05-17,MYbank,0,SMART_OTP,Commercial associate,2801075.0,1,2801075.0,1,2801075.0,1,2801075.0,1,2801075.0,1,2801075.0,1,79796.55857142857,3722520.111111111,9,30.041666666666668,0,3837.0,LOGIN_FINGER,0.48387088969824354,62.0,0.7098817677838004,-1.1767168003750095
16808,-0.6343526195929138,Payment,Credit_card_repayment,2019-11-25,Mon,16,1,2874102.0,NaN,iOS,79.21.xx.xx (DN),M,2019-05-04,1987-05-20,0,2019-05-17,MYbank,0,SMART_OTP,Commercial associate,2874102.0,1,2874102.0,1,2874102.0,1,2874102.0,1,2874102.0,1,2874102.0,1,79796.55857142857,3722520.111111111,9,32.208333333333336,0,4610.0,LOGIN_FINGER,0.4788731719896941,71.0,0.7098817677838004,-1.1767168003750095
16808,-0.6066082312696213,Payment,Credit_card_repayment,2019-11-30,Sat,11,2,4433686.0,NaN,iOS,129.116.xx.xx (DN),M,2019-05-04,1987-05-20,0,2019-05-17,MYbank,0,SMART_OTP,Commercial associate,4433686.0,1,4433686.0,1,4433686.0,1,4433686.0,1,7307788.0,2,7307788.0,2,79796.55857142857,3722520.111111111,9,4.791666666666667,0,4725.0,LOGIN,0.48648642074507825,74.0,0.7098817677838004,-1.1767168003750095
16808,-0.6059708209599458,Payment,Credit_card_repayment,2019-12-18,Wed,18,1,3130258.0,NaN,iOS,195.36.xx.xx (DN),M,2019-05-04,1987-05-20,0,2019-05-17,MYbank,0,SMART_OTP,Commercial associate,3130258.0,1,3130258.0,1,3130258.0,1,3130258.0,1,3130258.0,1,10438046.0,3,79796.55857142857,3722520.111111111,9,18.291666666666668,0,5164.0,LOGIN_FINGER,0.47560969809637826,82.0,0.7098817677838004,-1.1767168003750095
16808,-0.6135682244442086,Payment,Credit_card_repayment,2019-12-24,Tue,13,1,9300660.0,NaN,iOS,46.25.xx.xx (DN),M,2019-05-04,1987-05-20,0,2019-05-17,MYbank,0,SMART_OTP,Commercial associate,9300660.0,1,9300660.0,1,9300660.0,1,9300660.0,1,12430918.0,2,19738706.0,4,79796.55857142857,3722520.111111111,9,5.791666666666667,0,5303.0,LOGIN,0.4823528844290724,85.0,0.7098817677838004,-1.1767168003750095
16940,-0.5748896213126804,Transfer,Within_bank,2019-03-01,Fri,20,1,30000000.0,236732,Android,138.64.xx.xx (HP),F,2019-01-03,1996-06-03,0,2019-01-03,BRANCH,0,SMS,State servant,30000000.0,1,30000000.0,1,30000000.0,1,30000000.0,1,30541700.0,3,37123700.0,9,68741003.855,1229140.6403508773,228,4.333333333333333,1,1375.0,LOGIN,0.0,20.0,0.09952663661224441,-1.7477571137876857
16940,-0.5844390506879074,Transfer,Outside_bank,2019-08-04,Sun,6,1,26900000.0,898502,Android,182.138.xx.xx (DN),F,2019-01-03,1996-06-03,0,2019-01-03,BRANCH,0,SMS,State servant,26900000.0,1,26900000.0,1,26948000.0,2,26969000.0,3,27947500.0,5,37242338.0,28,68741003.855,1229140.6403508773,228,0.6666666666666666,1,5105.0,LOGIN,0.0,61.0,0.09952663661224441,-1.7477571137876857
16940,-0.5797764334526847,Transfer,Outside_bank,2019-11-02,Sat,9,1,20000000.0,697039,Android,130.118.xx.xx (DN),F,2019-01-03,1996-06-03,0,2019-01-03,BRANCH,0,SMS,State servant,20000000.0,1,20000000.0,1,20454000.0,3,20470000.0,4,20511000.0,5,35029997.0,29,68741003.855,1229140.6403508773,228,0.6666666666666666,2,7268.0,LOGIN,0.0,96.0,0.09952663661224441,-1.7477571137876857
17028,-0.6276445891632065,Payment,Credit_card_repayment,2019-09-05,Thu,11,1,3500000.0,NaN,iOS,24.157.xx.xx (HN),F,2019-02-21,1976-06-18,0,2019-05-18,BRANCH,1,SMART_OTP,State servant,3500000.0,1,3500000.0,1,3500000.0,1,3500000.0,1,3500000.0,1,3500000.0,1,1280095.62375,3500000.0,1,110.45833333333333,0,650.0,LOGIN,0.2857138775516035,7.0,0.0,-1.1350979031579678
17045,-0.5757426392438579,Transfer,Within_bank,2019-12-24,Tue,12,1,190000000.0,465871,iOS,116.166.xx.xx (HN),F,2019-07-24,1991-03-11,0,2019-07-24,BRANCH,1,SMART_OTP,Businessman,230120000.0,3,230120000.0,3,243120000.0,5,243210000.0,6,523885000.0,22,1015160000.0,42,2238603.3649999998,17462451.33898305,118,0.041666666666666664,3,3668.0,LOGIN,0.0,149.0,0.11537811412731039,-1.287692325904414
17202,-0.6187154528298502,Payment,Credit_card_repayment,2019-09-10,Tue,16,1,90000000.0,NaN,iOS,105.156.xx.xx (HCM),M,2019-08-06,1986-02-21,0,2019-08-06,BRANCH,1,SMART_OTP,Working,90000000.0,1,90000000.0,1,90000000.0,1,90000000.0,1,90000000.0,1,91900000.0,2,871176.8800000001,45950000.0,2,25.833333333333332,0,621.0,LOGIN,0.0,4.0,0.0,-1.1006236733467458
17223,-0.5755568184796115,Payment,Utilities_payment,2019-10-18,Fri,3,1,1090052.0,NaN,Android,226.228.xx.xx (HCM),M,2019-04-22,1996-06-01,0,2019-04-22,BRANCH,1,SMS,Businessman,1090052.0,1,1090052.0,1,1090052.0,1,1090052.0,1,1090052.0,1,27690052.0,4,272107271.8844445,24333601.171428572,70,11.333333333333334,0,4282.0,LOGIN,0.0,49.0,0.06455664803712914,-1.0471157953683814
17223,-0.5717454335608487,Transfer,Within_bank,2019-12-23,Mon,9,1,400000000.0,126928,Android,74.154.xx.xx (HCM),M,2019-04-22,1996-06-01,0,2019-04-22,BRANCH,1,SMS,Businessman,407400000.0,2,407400000.0,2,407400000.0,2,407400000.0,2,414700000.0,3,464387309.0,7,272107271.8844445,24333601.171428572,70,0.0,2,5872.0,LOGIN,0.0,80.0,0.06455664803712914,-1.0471157953683814
17315,-0.5948184858125457,Transfer,Within_bank,2019-11-04,Mon,16,1,4000000.0,363647,iOS,7.90.xx.xx (HCM),F,2019-06-13,1995-05-27,0,2019-06-14,BRANCH,1,SMART_OTP,Commercial associate,4000000.0,1,4000000.0,1,4000000.0,1,4000000.0,1,4000000.0,1,4000000.0,1,358413.48714285716,2628571.4285714286,7,33.0,1,3404.0,LOGIN_FINGER,0.4374997265626709,16.0,1.0589372367627257,-1.5187805161359802
17315,-0.5787059555322929,Transfer,Within_bank,2019-12-02,Mon,14,1,4000000.0,942879,iOS,59.103.xx.xx (HCM),F,2019-06-13,1995-05-27,0,2019-06-14,BRANCH,1,SMART_OTP,Commercial associate,4000000.0,1,4000000.0,1,4000000.0,1,4000000.0,1,4000000.0,1,8000000.0,2,358413.48714285716,2628571.4285714286,7,27.916666666666668,1,4074.0,LOGIN_FINGER,0.4444441975310014,18.0,1.0589372367627257,-1.5187805161359802
17326,-0.5748201974593689,Payment,Utilities_payment,2019-12-02,Mon,13,1,309507.0,NaN,Android,29.231.xx.xx (HP),F,2019-09-04,1991-06-06,0,2019-09-27,AUTO-JOB,0,SMART_OTP,Working,309507.0,1,309507.0,1,309507.0,1,309507.0,1,309507.0,1,309507.0,1,502518.015,309507.0,1,66.54166666666667,0,1373.0,LOGIN,0.44444395061783265,9.0,0.0,-1.4851647135227861
17358,-0.5672640879764924,Transfer,Outside_bank,2019-09-15,Sun,12,1,800000.0,734949,iOS,203.154.xx.xx (CT),M,2019-03-01,1992-05-01,0,2019-03-01,BRANCH,1,SMS,Commercial associate,800000.0,1,800000.0,1,800000.0,1,800000.0,1,800000.0,1,800000.0,1,6671692.472,928571.4285714285,7,108.79166666666667,1,4750.0,LOGIN,0.0,41.0,0.6367262353876318,-0.7807704338257709
17421,-0.612687686167015,Payment,Credit_card_repayment,2019-09-16,Mon,17,1,4438830.0,NaN,Android,95.161.xx.xx (HN),F,2019-06-11,1978-09-05,0,2019-08-23,AUTO-JOB,0,SMART_OTP,Working,4438830.0,1,4438830.0,1,4438830.0,1,4438830.0,1,4438830.0,1,4438830.0,1,135775.44285714286,4438830.0,1,24.708333333333332,0,432.0,LOGIN_FACEID,0.4545452479339782,22.0,0.0,-1.45643558774603
17423,-0.6296456989587659,Payment,Credit_card_repayment,2019-06-22,Sat,10,1,15000000.0,NaN,iOS,230.191.xx.xx (HCM),F,2019-01-26,1973-08-11,0,2019-02-22,MYbank,0,SMART_OTP,Businessman,15000000.0,1,15000000.0,1,15000000.0,1,15000000.0,1,15000000.0,1,15000000.0,1,3938763.2885714285,21077644.411764707,51,120.41666666666667,0,2869.0,LOGIN,0.0,148.0,0.1958009338213656,-0.7718700334652072
17423,-0.5653960301750416,Payment,Credit_card_repayment,2019-06-22,Sat,13,1,500000.0,NaN,iOS,25.8.xx.xx (HCM),F,2019-01-26,1973-08-11,0,2019-02-22,MYbank,0,SMART_OTP,Businessman,500000.0,1,15500000.0,2,15500000.0,2,15500000.0,2,15500000.0,2,15500000.0,2,3938763.2885714285,21077644.411764707,51,0.125,0,2872.0,LOGIN,0.0,148.0,0.1958009338213656,-0.7718700334652072
17423,-0.5989108639300231,Payment,Credit_card_repayment,2019-07-19,Fri,9,1,90000000.0,NaN,iOS,9.234.xx.xx (HCM),F,2019-01-26,1973-08-11,0,2019-02-22,MYbank,0,SMART_OTP,Businessman,90000000.0,1,90000000.0,1,90000000.0,1,90000000.0,1,100000000.0,2,118600000.0,6,3938763.2885714285,21077644.411764707,51,6.833333333333333,0,3516.0,LOGIN,0.0,149.0,0.1958009338213656,-0.7718700334652072
17423,-0.5670768311968744,Payment,Credit_card_repayment,2019-07-19,Fri,10,1,50000000.0,NaN,iOS,4.76.xx.xx (HCM),F,2019-01-26,1973-08-11,0,2019-02-22,MYbank,0,SMART_OTP,Businessman,140000000.0,2,140000000.0,2,140000000.0,2,140000000.0,2,150000000.0,3,168600000.0,7,3938763.2885714285,21077644.411764707,51,0.041666666666666664,0,3517.0,LOGIN,0.0,150.0,0.1958009338213656,-0.7718700334652072
17423,-0.5711939659783651,Payment,Credit_card_repayment,2019-08-20,Tue,15,1,3103600.0,NaN,iOS,204.22.xx.xx (HCM),F,2019-01-26,1973-08-11,0,2019-02-22,MYbank,0,SMART_OTP,Businessman,3103600.0,1,3103600.0,1,3103600.0,1,3103600.0,1,3103600.0,1,130003600.0,6,3938763.2885714285,21077644.411764707,51,16.833333333333332,0,4290.0,LOGIN,0.0,185.0,0.1958009338213656,-0.7718700334652072
17423,-0.5653452549862966,Payment,Credit_card_repayment,2019-08-29,Thu,23,1,15000000.0,NaN,iOS,97.10.xx.xx (HCM),F,2019-01-26,1973-08-11,0,2019-02-22,MYbank,0,SMART_OTP,Businessman,15000000.0,1,15000000.0,1,15000000.0,1,15000000.0,1,28200000.0,2,108203600.0,7,3938763.2885714285,21077644.411764707,51,6.625,0,4514.0,LOGIN,0.0,191.0,0.1958009338213656,-0.7718700334652072
17423,-0.6291288717604935,Payment,Credit_card_repayment,2019-09-04,Wed,2,1,36212396.0,NaN,iOS,217.72.xx.xx (HCM),F,2019-01-26,1973-08-11,0,2019-02-22,MYbank,0,SMART_OTP,Businessman,36212396.0,1,36212396.0,1,36212396.0,1,36212396.0,1,76212396.0,3,92515996.0,5,3938763.2885714285,21077644.411764707,51,4.666666666666667,0,4637.0,LOGIN,0.0,201.0,0.1958009338213656,-0.7718700334652072
17423,-0.5733014189099769,Payment,Credit_card_repayment,2019-09-14,Sat,10,1,15000000.0,NaN,iOS,95.181.xx.xx (HCM),F,2019-01-26,1973-08-11,0,2019-02-22,MYbank,0,SMART_OTP,Businessman,15000000.0,1,15000000.0,1,15000000.0,1,15000000.0,1,15000000.0,1,133705996.0,7,3938763.2885714285,21077644.411764707,51,10.083333333333334,0,4885.0,LOGIN,0.0,218.0,0.1958009338213656,-0.7718700334652072
17423,-0.6160805702611102,Payment,Credit_card_repayment,2019-09-23,Mon,1,1,21400000.0,NaN,iOS,186.237.xx.xx (HCM),F,2019-01-26,1973-08-11,0,2019-02-22,MYbank,0,SMART_OTP,Businessman,21400000.0,1,21400000.0,1,21400000.0,1,21400000.0,1,101253851.0,4,243656247.0,10,3938763.2885714285,21077644.411764707,51,4.541666666666667,0,5092.0,LOGIN,0.0,234.0,0.1958009338213656,-0.7718700334652072
17423,-0.6007215668583579,Payment,Credit_card_repayment,2019-10-10,Thu,21,1,50000000.0,NaN,iOS,230.132.xx.xx (HCM),F,2019-01-26,1973-08-11,0,2019-02-22,MYbank,0,SMART_OTP,Businessman,50000000.0,1,50000000.0,1,50000000.0,1,50000000.0,1,82000000.0,3,257753851.0,12,3938763.2885714285,21077644.411764707,51,6.416666666666667,0,5520.0,LOGIN,0.0,254.0,0.1958009338213656,-0.7718700334652072
17423,-0.565887997767509,Payment,Credit_card_repayment,2019-10-18,Fri,8,1,3000000.0,NaN,iOS,76.2.xx.xx (HCM),F,2019-01-26,1973-08-11,0,2019-02-22,MYbank,0,SMART_OTP,Businessman,3000000.0,1,3000000.0,1,3000000.0,1,3000000.0,1,3000000.0,1,165130000.0,9,3938763.2885714285,21077644.411764707,51,7.458333333333333,0,5699.0,LOGIN,0.0,267.0,0.1958009338213656,-0.7718700334652072
17423,-0.5955519519922563,Payment,Credit_card_repayment,2019-10-28,Mon,8,2,66979851.0,NaN,iOS,182.211.xx.xx (HCM),F,2019-01-26,1973-08-11,0,2019-02-22,MYbank,0,SMART_OTP,Businessman,66979851.0,1,66979851.0,1,66979851.0,1,86979851.0,2,113479851.0,5,231479851.0,12,3938763.2885714285,21077644.411764707,51,1.7083333333333333,0,5939.0,LOGIN,0.0,278.0,0.1958009338213656,-0.7718700334652072
17423,-0.6697106591784634,Payment,Credit_card_repayment,2019-12-05,Thu,7,1,110406902.0,NaN,iOS,69.15.xx.xx (HCM),F,2019-01-26,1973-08-11,0,2019-02-22,MYbank,0,SMART_OTP,Businessman,110406902.0,1,110406902.0,1,110406902.0,1,110406902.0,1,110406902.0,1,137406902.0,6,3938763.2885714285,21077644.411764707,51,28.333333333333332,0,6850.0,LOGIN,0.0,315.0,0.1958009338213656,-0.7718700334652072
17423,-0.5910403171654625,Payment,Credit_card_repayment,2019-12-05,Thu,8,1,50000000.0,NaN,iOS,118.31.xx.xx (HCM),F,2019-01-26,1973-08-11,0,2019-02-22,MYbank,0,SMART_OTP,Businessman,50000000.0,1,160406902.0,2,160406902.0,2,160406902.0,2,160406902.0,2,187406902.0,7,3938763.2885714285,21077644.411764707,51,0.041666666666666664,0,6851.0,LOGIN,0.0,316.0,0.1958009338213656,-0.7718700334652072
17423,-0.5932875199453317,Payment,Credit_card_repayment,2019-12-05,Thu,11,1,60360000.0,NaN,iOS,242.13.xx.xx (HCM),F,2019-01-26,1973-08-11,0,2019-02-22,MYbank,0,SMART_OTP,Businessman,60360000.0,1,110360000.0,2,220766902.0,3,220766902.0,3,220766902.0,3,242766902.0,7,3938763.2885714285,21077644.411764707,51,0.125,0,6854.0,LOGIN,0.0,317.0,0.1958009338213656,-0.7718700334652072
17423,-0.6001318703658216,Payment,Credit_card_repayment,2019-12-31,Tue,7,1,3853265.0,NaN,iOS,83.33.xx.xx (HCM),F,2019-01-26,1973-08-11,0,2019-02-22,MYbank,0,SMART_OTP,Businessman,3853265.0,1,3853265.0,1,3853265.0,1,3853265.0,1,3853265.0,1,224620167.0,4,3938763.2885714285,21077644.411764707,51,25.833333333333332,0,7474.0,LOGIN,0.0,330.0,0.1958009338213656,-0.7718700334652072
17423,-0.5676925456317553,Payment,Credit_card_repayment,2019-12-31,Tue,8,1,800000.0,NaN,iOS,2.118.xx.xx (HCM),F,2019-01-26,1973-08-11,0,2019-02-22,MYbank,0,SMART_OTP,Businessman,800000.0,1,4653265.0,2,4653265.0,2,4653265.0,2,4653265.0,2,225420167.0,5,3938763.2885714285,21077644.411764707,51,0.041666666666666664,0,7475.0,LOGIN,0.0,330.0,0.1958009338213656,-0.7718700334652072
17437,-0.5817070281016504,Payment,Utilities_payment,2019-12-01,Sun,18,1,919000.0,NaN,iOS,45.111.xx.xx (HCM),M,2019-11-01,1976-09-18,0,2019-11-01,BRANCH,0,SMART_OTP,Businessman,919000.0,1,919000.0,1,919000.0,1,919000.0,1,919000.0,1,919000.0,1,1224004.62,919000.0,1,30.75,0,722.0,LOGIN,0.0,2.0,0.0,-1.7106750356087546
17496,-0.5812959545098312,Payment,Credit_card_repayment,2019-09-06,Fri,17,1,853167.0,NaN,iOS,188.121.xx.xx (HN),F,2019-06-22,1989-03-23,0,2019-07-05,AUTO-JOB,0,SMART_OTP,Working,853167.0,1,853167.0,1,853167.0,1,853167.0,1,853167.0,1,853167.0,1,7351988.653333333,5189114.052631579,19,63.708333333333336,0,83.0,LOGIN,0.0,7.0,0.5165904530164223,-1.0047208152515257
17548,-0.5988318394259035,Transfer,Outside_bank,2019-12-19,Thu,0,1,1200000.0,942161,iOS,211.29.xx.xx (HN),F,2019-08-15,1997-10-26,0,2019-08-15,BRANCH,1,SMART_OTP,State servant,1200000.0,1,1200000.0,1,1200000.0,1,1200000.0,1,1200000.0,1,1200000.0,1,1799384.1920000003,866666.6666666666,9,36.208333333333336,1,3000.0,LOGIN,0.46511617090321605,43.0,0.5800120700132161,-1.180772164070992
17966,-0.5914874136362316,Topup,eWallet,2019-12-24,Tue,6,1,34000.0,NaN,Android,217.229.xx.xx (CT),M,2019-06-12,1991-10-25,0,2019-07-08,BRANCH,0,SMART_OTP,Businessman,34000.0,1,34000.0,1,34000.0,1,34000.0,1,34000.0,1,34000.0,1,1181060.39,34000.0,1,169.25,0,999.0,LOGIN,0.46969689853077295,66.0,0.0,-1.1178451795806534
18104,-0.5761453023687034,Transfer,Outside_bank,2019-04-13,Sat,0,1,2000000.0,896676,iOS,244.144.xx.xx (HCM),M,2019-03-14,1994-05-15,0,2019-04-09,BRANCH,1,SMS,State servant,2000000.0,1,2000000.0,1,2000000.0,1,2050000.0,2,8181605.0,8,8181605.0,8,1508316.4,554770.3034482759,145,1.0416666666666667,1,87.0,LOGIN,0.0,17.0,0.2721216190987778,-1.1383263005319946
18105,-0.5906532455058456,Payment,Credit_card_repayment,2019-11-18,Mon,8,1,52307000.0,NaN,Android,23.38.xx.xx (HN),F,2019-03-25,1975-08-12,0,2019-05-14,BRANCH,1,SMART_OTP,Working,52307000.0,1,52307000.0,1,52307000.0,1,52307000.0,1,104947000.0,4,116974000.0,12,36942717.6675,8997734.576470587,85,2.5416666666666665,0,4503.0,LOGIN_FINGER,0.45412841953539357,218.0,0.08167142176171807,-1.030921663065658
18145,-0.6239649629196156,Payment,Credit_card_repayment,2019-09-17,Tue,10,1,3154979.0,NaN,iOS,49.162.xx.xx (HCM),F,2019-04-27,1988-01-01,0,2019-06-28,BRANCH,1,SMART_OTP,Working,3154979.0,1,3154979.0,1,3154979.0,1,3154979.0,1,3154979.0,1,3154979.0,1,137572.60749999998,3276504.8,5,81.41666666666667,0,999.0,LOGIN,0.0,3.0,1.2582533462092105,-0.8715015278076436
18145,-0.6002896122168399,Payment,Credit_card_repayment,2019-10-09,Wed,9,2,5200000.0,NaN,iOS,31.245.xx.xx (HCM),F,2019-04-27,1988-01-01,0,2019-06-28,BRANCH,1,SMART_OTP,Working,5200000.0,1,5200000.0,1,5200000.0,1,5200000.0,1,5200000.0,1,8354979.0,2,137572.60749999998,3276504.8,5,21.958333333333332,0,999.0,LOGIN,0.0,8.0,1.2582533462092105,-0.8715015278076436
18145,-0.6146979407852216,Payment,Credit_card_repayment,2019-11-19,Tue,14,1,3415867.0,NaN,iOS,67.221.xx.xx (HCM),F,2019-04-27,1988-01-01,0,2019-06-28,BRANCH,1,SMART_OTP,Working,3415867.0,1,3415867.0,1,3415867.0,1,3415867.0,1,3415867.0,1,3415867.0,1,137572.60749999998,3276504.8,5,38.083333333333336,0,999.0,LOGIN,0.0,30.0,1.2582533462092105,-0.8715015278076436
18145,-0.6062422476780245,Payment,Credit_card_repayment,2019-12-18,Wed,13,1,4111678.0,NaN,iOS,104.159.xx.xx (HCM),F,2019-04-27,1988-01-01,0,2019-06-28,BRANCH,1,SMART_OTP,Working,4111678.0,1,4111678.0,1,4111678.0,1,4111678.0,1,4111678.0,1,7527545.0,2,137572.60749999998,3276504.8,5,28.958333333333332,0,999.0,LOGIN,0.0,41.0,1.2582533462092105,-0.8715015278076436
18222,-0.6210825063645459,Transfer,Outside_bank,2019-11-22,Fri,0,1,500000.0,238041,iOS,43.196.xx.xx (HN),M,2019-03-04,1994-07-26,0,2019-03-04,BRANCH,1,SMART_OTP,Working,500000.0,1,500000.0,1,500000.0,1,500000.0,1,500000.0,1,500000.0,1,345241.989,550000.0,4,219.33333333333334,1,5360.0,LOGIN,0.0,27.0,0.0,-0.9346579732197171
18242,-0.5932929025060187,Transfer,Outside_bank,2019-11-01,Fri,11,1,188000000.0,681417,iOS,30.178.xx.xx (NA),F,2019-03-20,1973-09-09,0,2019-08-12,BRANCH,0,SMART_OTP,Working,188000000.0,1,188000000.0,1,188000000.0,1,188000000.0,1,188000000.0,1,188000000.0,1,844073.186,101500000.0,2,81.0,1,1944.0,LOGIN,0.0,20.0,0.0,-0.8555658674165378
18245,-0.5763717573206671,Transfer,Within_bank,2019-01-22,Tue,8,1,53800000.0,257818,iOS,23.177.xx.xx (TH),M,2019-01-04,1990-10-02,0,2019-01-05,BRANCH,0,SMS,State servant,53800000.0,1,53800000.0,1,53800000.0,1,53800000.0,1,53800000.0,1,53800000.0,1,330428.8166666667,29900000.0,2,17.333333333333332,1,1.0,LOGIN,0.0,1.0,0.0,-1.318135470716598
18309,-0.5843160711145008,Payment,Credit_card_repayment,2019-07-14,Sun,13,2,200000.0,NaN,iOS,64.101.xx.xx (HCM),M,2019-04-22,1993-07-03,0,2019-05-23,AUTO-JOB,0,SMS,Working,200000.0,1,200000.0,1,200000.0,1,200000.0,1,200000.0,1,200000.0,1,652386.1,200000.0,1,52.541666666666664,0,816.0,LOGIN_FACEID,0.4166663194447338,12.0,0.0,-1.26863920495982
18313,-0.5650592419415895,Payment,Credit_card_repayment,2019-07-25,Thu,19,1,1589837.0,NaN,iOS,170.51.xx.xx (DN),F,2019-01-21,1988-06-23,1,2019-01-21,BRANCH,1,SMS,State servant,1589837.0,1,1589837.0,1,1589837.0,1,1589837.0,1,1589837.0,1,7289837.0,5,1543891.6466666667,2036574.1395348837,86,12.083333333333334,0,4373.0,LOGIN_FINGER,0.3431372212610567,102.0,0.05244438090498151,-1.194997983796361
18313,-0.5733340586014408,Payment,Credit_card_repayment,2019-08-24,Sat,9,1,3000000.0,NaN,iOS,9.169.xx.xx (DN),F,2019-01-21,1988-06-23,1,2019-01-21,BRANCH,1,SMS,State servant,4000000.0,2,4000000.0,2,4000000.0,2,4000000.0,2,4000000.0,2,13809942.0,11,1543891.6466666667,2036574.1395348837,86,7.833333333333333,0,5083.0,LOGIN,0.3884891806842316,139.0,0.05244438090498151,-1.194997983796361
18313,-0.5759085477146578,Payment,Credit_card_repayment,2019-10-23,Wed,16,1,5000000.0,NaN,iOS,240.79.xx.xx (DN),F,2019-01-21,1988-06-23,1,2019-01-21,BRANCH,1,SMS,State servant,5000000.0,1,5000000.0,1,5000000.0,1,5000000.0,1,5000000.0,1,19333437.0,13,1543891.6466666667,2036574.1395348837,86,8.125,0,1351.0,LOGIN_FINGER,0.41777775920987736,225.0,0.05244438090498151,-1.194997983796361
18313,-0.5687248518737589,Payment,Credit_card_repayment,2019-10-30,Wed,9,1,5993067.0,NaN,iOS,30.151.xx.xx (DN),F,2019-01-21,1988-06-23,1,2019-01-21,BRANCH,1,SMS,State servant,5993067.0,1,5993067.0,1,5993067.0,1,5993067.0,1,14248067.0,5,22546067.0,14,1543891.6466666667,2036574.1395348837,86,3.5416666666666665,0,1512.0,LOGIN_FINGER,0.41949150764866494,236.0,0.05244438090498151,-1.194997983796361
18313,-0.5760645504260289,Payment,Credit_card_repayment,2019-11-15,Fri,10,2,7367269.0,NaN,Android,142.109.xx.xx (CT),F,2019-01-21,1988-06-23,1,2019-01-21,BRANCH,1,SMS,State servant,7367269.0,1,7367269.0,1,7367269.0,1,7367269.0,1,7367269.0,1,21885336.0,8,1543891.6466666667,2036574.1395348837,86,11.541666666666666,0,1897.0,LOGIN,0.42168673005274177,249.0,0.05244438090498151,-1.194997983796361
18313,-0.567948533944003,Payment,Credit_card_repayment,2019-11-17,Sun,6,1,10000000.0,NaN,iOS,211.169.xx.xx (DN),F,2019-01-21,1988-06-23,1,2019-01-21,BRANCH,1,SMS,State servant,10000000.0,1,10000000.0,1,10000000.0,1,17417269.0,3,17417269.0,3,31935336.0,10,1543891.6466666667,2036574.1395348837,86,1.5833333333333333,0,1941.0,LOGIN,0.42352939515571,255.0,0.05244438090498151,-1.194997983796361
18313,-0.6517705545981908,Payment,Credit_card_repayment,2019-12-16,Mon,7,1,23000000.0,NaN,iOS,26.78.xx.xx (DN),F,2019-01-21,1988-06-23,1,2019-01-21,BRANCH,1,SMS,State servant,23000000.0,1,23000000.0,1,23000000.0,1,23000000.0,1,23083000.0,2,40468238.0,10,1543891.6466666667,2036574.1395348837,86,5.708333333333333,0,41.0,LOGIN,0.43055554060571044,288.0,0.05244438090498151,-1.194997983796361
18315,-0.6004449083291857,Payment,Utilities_payment,2019-09-17,Tue,8,1,1157665.0,NaN,iOS,137.46.xx.xx (HN),F,2019-02-22,1983-07-01,0,2019-02-22,BRANCH,0,SMS,State servant,1157665.0,1,1157665.0,1,1157665.0,1,1157665.0,1,1157665.0,1,1157665.0,1,5082604.718181818,96536991.63636364,11,207.33333333333334,0,4962.0,LOGIN,0.0,35.0,0.38001266465306394,-0.9615785087373211
18348,-0.6715883477281522,Payment,Credit_card_repayment,2019-10-30,Wed,14,1,677000.0,NaN,iOS,59.138.xx.xx (DN),M,2019-01-28,1991-04-11,0,2019-05-06,BRANCH,0,SMART_OTP,Commercial associate,677000.0,1,677000.0,1,677000.0,1,677000.0,1,677000.0,1,677000.0,1,0.0,856247.8260869565,23,177.58333333333334,0,3237.0,LOGIN,0.486486442658879,111.0,0.2771016025110046,-1.165716739168493
18348,-0.6077779744010152,Payment,Credit_card_repayment,2019-11-18,Mon,10,1,900000.0,NaN,iOS,133.241.xx.xx (DN),M,2019-01-28,1991-04-11,0,2019-05-06,BRANCH,0,SMART_OTP,Commercial associate,900000.0,1,900000.0,1,900000.0,1,900000.0,1,975000.0,2,3146000.0,5,0.0,856247.8260869565,23,3.875,0,3689.0,LOGIN_FINGER,0.48684207323407414,152.0,0.2771016025110046,-1.165716739168493
18348,-0.6114229622467406,Payment,Credit_card_repayment,2019-11-18,Mon,16,1,850000.0,NaN,iOS,171.91.xx.xx (DN),M,2019-01-28,1991-04-11,0,2019-05-06,BRANCH,0,SMART_OTP,Commercial associate,850000.0,1,850000.0,1,1750000.0,2,1750000.0,2,1825000.0,3,3996000.0,6,0.0,856247.8260869565,23,0.25,0,3695.0,LOGIN_FINGER,0.4870129553887691,154.0,0.2771016025110046,-1.165716739168493
18348,-0.5734916778911056,Transfer,Outside_bank,2019-12-03,Tue,18,1,6000000.0,721910,iOS,180.114.xx.xx (DN),M,2019-01-28,1991-04-11,0,2019-05-06,BRANCH,0,SMART_OTP,Commercial associate,6000000.0,1,6500000.0,2,6500000.0,2,10773000.0,4,10773000.0,4,14874000.0,10,0.0,856247.8260869565,23,0.125,2,4057.0,LOGIN,0.49246228681094034,199.0,0.2771016025110046,-1.165716739168493
18348,-0.5944264271452765,Payment,Credit_card_repayment,2019-12-18,Wed,16,1,601000.0,NaN,iOS,16.170.xx.xx (DN),M,2019-01-28,1991-04-11,0,2019-05-06,BRANCH,0,SMART_OTP,Commercial associate,856000.0,2,856000.0,2,1774000.0,3,1874000.0,4,2874000.0,5,16001700.0,13,0.0,856247.8260869565,23,0.0,1,4415.0,LOGIN,0.4922480429361224,258.0,0.2771016025110046,-1.165716739168493
18365,-0.567872939837111,Transfer,Outside_bank,2019-05-08,Wed,10,1,300000000.0,841912,Android,206.224.xx.xx (HN),M,2019-04-02,1982-08-15,0,2019-04-02,BRANCH,0,SMS,Commercial associate,300000000.0,1,300000000.0,1,300000000.0,1,300000000.0,1,300000000.0,1,300000000.0,1,7652726.575555556,200231250.0,8,32.916666666666664,1,864.0,LOGIN,0.0,12.0,0.9343854052274482,-1.2006582417689808
18430,-0.6161938309198707,Payment,Credit_card_repayment,2019-10-30,Wed,17,1,10000000.0,NaN,iOS,158.43.xx.xx (HN),F,2019-09-18,1990-10-27,0,2019-09-18,BRANCH,1,SMART_OTP,Businessman,10000000.0,1,10000000.0,1,10000000.0,1,10000000.0,1,10000000.0,1,10000000.0,1,374859.54750000004,11210357.333333334,3,42.708333333333336,0,1010.0,LOGIN,0.0,12.0,0.0,-1.0192875968522672
18430,-0.6029991907112643,Payment,Credit_card_repayment,2019-10-30,Wed,23,1,20000000.0,NaN,iOS,82.29.xx.xx (HN),F,2019-09-18,1990-10-27,0,2019-09-18,BRANCH,1,SMART_OTP,Businessman,20000000.0,1,20000000.0,1,30000000.0,2,30000000.0,2,30000000.0,2,30000000.0,2,374859.54750000004,11210357.333333334,3,0.25,0,1016.0,LOGIN,0.0,13.0,0.0,-1.0192875968522672
18430,-0.598498289603899,Payment,Credit_card_repayment,2019-12-04,Wed,16,2,3631072.0,NaN,iOS,162.100.xx.xx (HN),F,2019-09-18,1990-10-27,0,2019-09-18,BRANCH,1,SMART_OTP,Businessman,3631072.0,1,3631072.0,1,3631072.0,1,3631072.0,1,3631072.0,1,3631072.0,1,374859.54750000004,11210357.333333334,3,34.708333333333336,0,1849.0,LOGIN,0.0,17.0,0.0,-1.0192875968522672
18461,-0.5706819611036116,Transfer,Outside_bank,2019-06-14,Fri,15,1,1500000.0,181593,iOS,8.39.xx.xx (DN),F,2019-03-28,1986-12-08,0,2019-04-06,BRANCH,1,SMART_OTP,Commercial associate,1500000.0,1,1500000.0,1,1500000.0,1,1500000.0,1,1500000.0,1,1500000.0,1,206476.79,2324254.736842105,38,69.625,1,1.0,LOGIN,0.11111098765445816,9.0,0.290350231507296,-1.433266484318493
18461,-0.5789789373010789,Transfer,Outside_bank,2019-08-08,Thu,7,1,11000000.0,661388,iOS,87.111.xx.xx (DN),F,2019-03-28,1986-12-08,0,2019-04-06,BRANCH,1,SMART_OTP,Commercial associate,11200000.0,2,11200000.0,2,11200000.0,2,11200000.0,2,11200000.0,2,11330000.0,3,206476.79,2324254.736842105,38,27.541666666666668,1,1313.0,LOGIN,0.3333331746032502,21.0,0.290350231507296,-1.433266484318493
18461,-0.5712568829958978,Transfer,Outside_bank,2019-12-02,Mon,14,1,10000000.0,78266,iOS,168.251.xx.xx (DN),F,2019-03-28,1986-12-08,0,2019-04-06,BRANCH,1,SMART_OTP,Commercial associate,10000000.0,1,10000000.0,1,10000000.0,1,10000000.0,1,10000000.0,1,21486000.0,9,206476.79,2324254.736842105,38,19.791666666666668,1,238.0,LOGIN,0.4428570795918457,70.0,0.290350231507296,-1.433266484318493
18470,-0.5725784292499524,Transfer,Outside_bank,2019-11-12,Tue,10,1,7000000.0,573322,iOS,247.124.xx.xx (BD),M,2019-04-23,1992-02-12,0,2019-04-23,BRANCH,1,SMART_OTP,State servant,7000000.0,1,7000000.0,1,7000000.0,1,7000000.0,1,7000000.0,1,7000000.0,1,750549.6733333333,7000000.0,1,203.41666666666666,1,4867.0,LOGIN,0.0,8.0,0.0,-0.8973797961645053
18532,-0.5761646029262834,Transfer,Outside_bank,2019-12-15,Sun,11,1,30000000.0,108349,iOS,136.62.xx.xx (HN),F,2019-07-05,1980-07-22,0,2019-07-08,BRANCH,1,SMART_OTP,Working,30000000.0,1,30000000.0,1,30000000.0,1,30000000.0,1,30000000.0,1,30000000.0,1,14698121.613333335,3922500.0,12,51.833333333333336,1,3327.0,LOGIN,0.0,8.0,0.5959484059308129,-1.2293120563813804
18781,-0.5652826443960923,Transfer,Outside_bank,2019-11-05,Tue,9,2,6978000.0,413177,iOS,69.166.xx.xx (HCM),F,2019-04-22,1995-03-02,0,2019-04-22,BRANCH,1,SMART_OTP,Businessman,7178000.0,2,7178000.0,2,7178000.0,2,7178000.0,2,7178000.0,2,10388000.0,10,552454.8433333333,1099412.6984126985,63,0.0,1,4667.0,LOGIN,0.4733333017777799,150.0,0.09409061143090164,-1.5557574819326314
18883,-0.5680565429340761,Transfer,Outside_bank,2019-12-17,Tue,9,3,750000000.0,522773,Android,20.115.xx.xx (HCM),M,2019-03-20,1998-11-19,0,2019-03-22,BRANCH,1,SMART_OTP,Working,750000000.0,1,750000000.0,1,850000000.0,5,879500000.0,7,1854020000.0,13,2841320000.0,40,51219890.282,59445816.666666664,300,0.5833333333333334,5,6479.0,LOGIN,0.0,253.0,0.04711298136245068,-1.2896015665097855
18935,-0.5696973647051943,Transfer,Outside_bank,2019-11-10,Sun,23,1,34090000.0,895071,iOS,54.88.xx.xx (HCM),M,2019-01-24,1993-05-08,0,2019-01-24,BRANCH,0,SMART_OTP,Working,34090000.0,1,34090000.0,1,34090000.0,1,34090000.0,1,37090000.0,3,67158000.0,13,3780905.47,4250676.20754717,53,3.4166666666666665,1,6974.0,LOGIN,0.26277370344717493,137.0,0.2967767094072728,-1.5135747915761133
18945,-0.5785145292276644,Transfer,Outside_bank,2019-12-05,Thu,11,1,45500000.0,198916,iOS,11.129.xx.xx (DN),F,2019-06-14,1985-09-14,0,2019-06-17,BRANCH,1,SMART_OTP,Businessman,45500000.0,1,45500000.0,1,49200000.0,3,54090000.0,4,55040000.0,6,59370000.0,10,2791636.0385714285,5141260.869565218,92,0.625,3,4104.0,LOGIN_FACEID,0.10344826397146391,87.0,0.05394127657832184,-1.6468509634403312
19011,-0.5930026819365555,Payment,Credit_card_repayment,2019-07-24,Wed,22,1,13508842.0,NaN,iOS,124.174.xx.xx (CT),M,2019-05-14,1992-04-25,0,2019-05-14,BRANCH,0,SMS,Working,13508842.0,1,13508842.0,1,13508842.0,1,13508842.0,1,13508842.0,1,13508842.0,1,10676182.641250001,11400790.08,25,71.91666666666667,0,1704.0,LOGIN,0.0,15.0,0.12304141554229986,-1.0498801620470208
19011,-0.6472299685482431,Payment,Credit_card_repayment,2019-08-25,Sun,0,2,35643725.0,NaN,iOS,135.154.xx.xx (CT),M,2019-05-14,1992-04-25,0,2019-05-14,BRANCH,0,SMS,Working,35643725.0,1,35643725.0,1,35643725.0,1,35643725.0,1,35643725.0,1,35643725.0,1,10676182.641250001,11400790.08,25,31.083333333333332,0,2450.0,LOGIN,0.0,32.0,0.12304141554229986,-1.0498801620470208
19034,-0.579335730286917,Transfer,Outside_bank,2019-05-24,Fri,16,2,25000000.0,988141,Android,156.80.xx.xx (DN),M,2019-05-02,1989-09-06,0,2019-05-02,BRANCH,0,SMS,Working,25000000.0,1,25000000.0,1,25000000.0,1,25000000.0,1,25000000.0,1,25000000.0,1,326738.21125,3229192.3076923075,26,22.666666666666668,1,533.0,LOGIN,0.46153810650914884,13.0,0.1894501194015456,-1.1044529828304703
19034,-0.565028075992066,Transfer,Outside_bank,2019-08-02,Fri,0,1,5000000.0,117197,Android,174.51.xx.xx (DN),M,2019-05-02,1989-09-06,0,2019-05-02,BRANCH,0,SMS,Working,5000000.0,1,5000000.0,1,8500000.0,4,8500000.0,4,8500000.0,4,8500000.0,4,326738.21125,3229192.3076923075,26,0.3333333333333333,4,1663.0,LOGIN,0.35483859521335637,31.0,0.1894501194015456,-1.1044529828304703
19034,-0.5796101382376582,Transfer,Outside_bank,2019-08-02,Fri,3,1,15000000.0,43634,Android,48.169.xx.xx (DN),M,2019-05-02,1989-09-06,0,2019-05-02,BRANCH,0,SMS,Working,15000000.0,1,20000000.0,2,23500000.0,5,23500000.0,5,23500000.0,5,23500000.0,5,326738.21125,3229192.3076923075,26,0.125,5,1666.0,LOGIN_FINGER,0.35294107266439034,34.0,0.1894501194015456,-1.1044529828304703
19034,-0.5688655876655014,Transfer,Outside_bank,2019-08-03,Sat,0,1,7000000.0,387559,Android,25.101.xx.xx (DN),M,2019-05-02,1989-09-06,0,2019-05-02,BRANCH,0,SMS,Working,7000000.0,1,7754000.0,3,49654000.0,9,53154000.0,12,53154000.0,12,53154000.0,12,326738.21125,3229192.3076923075,26,0.08333333333333333,7,1687.0,LOGIN,0.30952373582768195,42.0,0.1894501194015456,-1.1044529828304703
19035,-0.5917748088820142,Topup,eWallet,2019-09-14,Sat,3,1,50000.0,NaN,iOS,125.135.xx.xx (TH),F,2019-08-08,1989-04-30,0,2019-08-08,BRANCH,0,SMART_OTP,State servant,50000.0,1,50000.0,1,50000.0,1,50000.0,1,50000.0,1,50002.0,3,781553.49,88833.66666666667,6,19.708333333333332,0,880.0,LOGIN,0.0,18.0,0.7808623132098094,-0.9003885686607447
19035,-0.5709007199043363,Topup,eWallet,2019-12-19,Thu,8,1,100000.0,NaN,iOS,250.86.xx.xx (TH),F,2019-08-08,1989-04-30,0,2019-08-08,BRANCH,0,SMART_OTP,State servant,100000.0,1,100000.0,1,100000.0,1,100000.0,1,100000.0,1,100000.0,1,781553.49,88833.66666666667,6,73.625,0,3189.0,LOGIN,0.0,31.0,0.7808623132098094,-0.9003885686607447
19113,-0.580567300540519,Transfer,Within_bank,2019-08-01,Thu,5,1,50000000.0,648773,iOS,167.147.xx.xx (HCM),M,2019-03-22,1979-01-02,0,2019-03-22,BRANCH,1,SMS,Businessman,50000000.0,1,50000000.0,1,100000000.0,2,121000000.0,3,122600000.0,4,201638391.0,8,363824207.063,10426987.57142857,49,0.2916666666666667,2,3155.0,LOGIN,0.0,79.0,0.15582724848434298,-1.1018642671901657
19405,-0.6346366878251543,Payment,Utilities_payment,2019-10-28,Mon,0,1,3225000.0,NaN,Android,161.143.xx.xx (NA),F,2019-08-31,1987-09-04,0,2019-09-05,BRANCH,1,SMART_OTP,Commercial associate,3225000.0,1,3225000.0,1,3225000.0,1,3225000.0,1,3225000.0,1,3225000.0,1,13081037.3375,800210.5263157894,19,53.0,0,1256.0,LOGIN,0.0,9.0,0.3181990139814982,-1.2973046072095236
19454,-0.5952710799620241,Transfer,Outside_bank,2019-06-13,Thu,22,1,9190000.0,237279,iOS,128.140.xx.xx (TH),F,2019-04-02,2000-12-08,0,2019-04-03,BRANCH,1,SMS,Commercial associate,9190000.0,1,9190000.0,1,9190000.0,1,9190000.0,1,9190000.0,1,9720000.0,10,1838427.0616666665,745464.2857142857,56,13.291666666666666,1,541.0,LOGIN,0.2631577562327599,19.0,0.08929020772888256,-1.2706852782719797
19479,-0.5841786331951685,Transfer,Within_bank,2019-12-03,Tue,1,1,1300.0,450535,iOS,61.215.xx.xx (HCM),F,2019-11-28,2001-09-27,0,2019-11-30,BRANCH,1,SMART_OTP,Working,1300.0,1,1300.0,1,1300.0,1,1300.0,1,1300.0,1,1300.0,1,130962.84,650650.0,2,3.0416666666666665,1,24.0,LOGIN,0.0,2.0,0.0,-1.0845980708560494
19665,-0.5937392345273161,Topup,eWallet,2019-07-26,Fri,0,1,10000.0,NaN,Android,181.219.xx.xx (TH),M,2019-05-28,1997-09-09,0,2019-06-15,MYbank,1,SMART_OTP,Commercial associate,10000.0,1,10000.0,1,10000.0,1,10000.0,1,10000.0,1,1410000.0,3,340641.15714285715,671050.0,20,19.25,0,970.0,LOGIN_FINGER,0.3636360330581518,11.0,0.42382512779798737,-1.0622842103192787
19665,-0.5990197353997062,Topup,eWallet,2019-09-02,Mon,0,1,71000.0,NaN,Android,188.110.xx.xx (HCM),M,2019-05-28,1997-09-09,0,2019-06-15,MYbank,1,SMART_OTP,Commercial associate,71000.0,1,71000.0,1,71000.0,1,71000.0,1,71000.0,1,2091000.0,4,340641.15714285715,671050.0,20,25.625,0,1882.0,LOGIN_FINGER,0.4399998240000704,25.0,0.42382512779798737,-1.0622842103192787
19764,-0.5874599985226425,Transfer,Outside_bank,2019-11-04,Mon,14,2,215000000.0,472563,iOS,182.229.xx.xx (HN),M,2019-05-03,1989-01-19,0,2019-05-04,BRANCH,0,SMART_OTP,Working,215000000.0,1,215000000.0,1,215000000.0,1,215000000.0,1,215000000.0,1,227314703.0,3,23373335.6775,21751831.39285714,28,12.666666666666666,1,4418.0,LOGIN,0.4874371614353185,199.0,0.3341813016869726,-1.2392057222009951
19764,-0.5753293868284195,Transfer,Outside_bank,2019-12-14,Sat,10,1,250000000.0,342321,iOS,41.80.xx.xx (HN),M,2019-05-03,1989-01-19,0,2019-05-04,BRANCH,0,SMART_OTP,Working,250000000.0,1,250000000.0,1,250000000.0,1,251861665.0,2,251861665.0,2,255930375.0,5,23373335.6775,21751831.39285714,28,1.4583333333333333,1,5374.0,LOGIN,0.48945145614128877,237.0,0.3341813016869726,-1.2392057222009951
19781,-0.6229316745647829,Transfer,Within_bank,2019-08-16,Fri,0,1,6000000.0,57928,iOS,245.87.xx.xx (HN),F,2019-08-05,1994-09-13,0,2019-08-05,BRANCH,1,SMART_OTP,Businessman,6000000.0,1,6000000.0,1,6020000.0,2,6020000.0,2,12946658.0,10,16504158.0,12,83188.054,1442441.388888889,36,0.2916666666666667,2,244.0,LOGIN,0.0,25.0,0.20573958827446134,-1.0526100958247917
19860,-0.6033770093140213,Transfer,VNDirect,2019-12-16,Mon,13,1,50000000.0,NaN,Web,46.182.xx.xx (HCM),M,2019-05-18,1991-12-01,0,2019-05-18,BRANCH,0,SMART_OTP,Commercial associate,50000000.0,1,50000000.0,1,50000000.0,1,50000000.0,1,50000000.0,1,50000000.0,1,3927108.2825,9630000.0,10,103.875,0,5084.0,LOGIN,0.0,68.0,0.44190953928927457,-1.1829332267475632
19918,-0.5719818435149757,Topup,eWallet,2019-12-24,Tue,16,1,50000.0,NaN,Android,18.19.xx.xx (HCM),M,2019-09-17,1990-10-14,0,2019-09-18,BRANCH,0,SMART_OTP,Commercial associate,50000.0,1,50000.0,1,50000.0,1,50000.0,1,50000.0,1,50000.0,1,53870.97,50000.0,1,97.66666666666667,0,258.0,LOGIN,0.0,4.0,0.0,-1.781730779647918
19925,-0.5704863414433996,Transfer,Outside_bank,2019-11-29,Fri,16,1,184000000.0,721453,iOS,85.146.xx.xx (HN),F,2019-07-22,1979-01-20,0,2019-07-22,BRANCH,0,SMART_OTP,Commercial associate,184000000.0,1,184000000.0,1,184000000.0,1,184000000.0,1,184000000.0,1,184000000.0,1,6849297.451666667,203500000.0,3,63.083333333333336,1,3126.0,LOGIN,0.0,11.0,0.0,-1.006845417650296
19962,-0.5709335728384971,Topup,eWallet,2019-11-11,Mon,0,1,700000.0,NaN,iOS,108.208.xx.xx (HCM),M,2019-01-04,1997-10-16,0,2019-01-04,BRANCH,1,SMS,Working,700000.0,1,700000.0,1,700000.0,1,710000.0,2,943000.0,6,13505000.0,24,7774956.406666666,374192.51219512196,164,1.6666666666666667,0,7450.0,LOGIN,0.0,248.0,0.1276211328714,-1.6157842987703146
19962,-0.5871265122093845,Topup,eWallet,2019-11-27,Wed,11,1,3600000.0,NaN,iOS,217.236.xx.xx (HCM),M,2019-01-04,1997-10-16,0,2019-01-04,BRANCH,1,SMS,Working,3600000.0,1,3600000.0,1,3600000.0,1,3600000.0,1,3600000.0,1,5103000.0,13,7774956.406666666,374192.51219512196,164,9.625,0,7845.0,LOGIN,0.0,255.0,0.1276211328714,-1.6157842987703146
20065,-0.6010205702713588,Transfer,Outside_bank,2019-12-09,Mon,9,1,4500000.0,430660,iOS,60.198.xx.xx (HN),M,2019-09-11,1986-01-16,0,2019-10-08,MYbank,1,SMART_OTP,Businessman,4500000.0,1,4500000.0,1,4550000.0,2,4550000.0,2,4650000.0,4,4720000.0,6,2993892.4066666663,502000.0,10,0.8333333333333334,1,1477.0,LOGIN,0.0,17.0,1.3618901415955855,-1.4135225299603866
20067,-0.6078836361793007,Transfer,Outside_bank,2019-10-12,Sat,13,1,50000000.0,152425,Web,113.31.xx.xx (DN),M,2019-04-29,1990-04-26,0,2019-05-14,BRANCH,1,SMART_OTP,Working,50000000.0,1,50000000.0,1,50000000.0,1,50000000.0,1,50000000.0,1,50000000.0,1,2975294.7912500002,5027123.465116279,43,81.20833333333333,1,3623.0,LOGIN,0.4166663194447338,12.0,0.1878294081686594,-1.3635439692351075
20078,-0.5911985455844231,Transfer,Within_bank,2019-07-27,Sat,22,2,90000000.0,473072,Android,62.107.xx.xx (HP),F,2019-07-01,1982-10-05,0,2019-07-05,BRANCH,0,SMART_OTP,Working,90000000.0,1,90000000.0,1,90000000.0,1,90000000.0,1,90000000.0,1,90000000.0,1,9396701.935,9704763.157894736,38,22.916666666666668,1,999.0,LOGIN,0.0,1.0,0.19103990812610472,-0.7896262793509284
20188,-0.5813171359083326,Topup,Mobile,2019-11-01,Fri,19,1,50000.0,NaN,iOS,207.181.xx.xx (HCM),M,2019-02-22,1993-12-11,0,2019-02-23,BRANCH,0,SMS,Businessman,50000.0,1,50000.0,1,50000.0,1,50000.0,1,50000.0,1,50000.0,1,174044.51090909092,958285.7142857143,21,207.875,0,5935.0,LOGIN,0.07843136485967012,102.0,0.40745690444404514,-0.9714767667228886
20212,-0.6334454352574767,Payment,Credit_card_repayment,2019-07-09,Tue,14,1,5619554.0,NaN,Android,102.90.xx.xx (TH),M,2019-03-04,1989-08-15,0,2019-03-04,BRANCH,0,SMS,Working,5619554.0,1,5619554.0,1,5619554.0,1,5619554.0,1,5619554.0,1,5619554.0,1,123371.60800000001,2747961.6,5,127.58333333333333,0,2283.0,LOGIN,0.0,27.0,1.0576964797339203,-1.1443286790400822
20212,-0.5902281856679495,Payment,Credit_card_repayment,2019-07-31,Wed,14,1,5911346.0,NaN,Android,89.70.xx.xx (TH),M,2019-03-04,1989-08-15,0,2019-03-04,BRANCH,0,SMS,Working,5911346.0,1,5911346.0,1,5911346.0,1,5911346.0,1,5911346.0,1,13115809.0,4,123371.60800000001,2747961.6,5,8.708333333333334,0,2811.0,LOGIN,0.0,35.0,1.0576964797339203,-1.1443286790400822
20249,-0.5664871382975881,Topup,eWallet,2019-11-23,Sat,13,5,310000.0,NaN,Android,144.194.xx.xx (HCM),F,2019-06-11,1995-05-07,0,2019-07-31,MYbank,1,SMART_OTP,Commercial associate,310000.0,1,310000.0,1,310000.0,1,310000.0,1,310000.0,1,310000.0,1,513167.51333333337,310000.0,1,115.54166666666667,0,2758.0,LOGIN_FINGER,0.39999973333351113,15.0,0.0,-1.2969712472558494
20429,-0.6186634090637086,Payment,Credit_card_repayment,2019-08-13,Tue,16,1,499040.0,NaN,iOS,93.218.xx.xx (HCM),M,2019-04-10,1985-02-22,0,2019-04-11,BRANCH,1,SMS,Working,499040.0,1,499040.0,1,499040.0,1,499040.0,1,499040.0,1,499040.0,1,8212436.822222223,6587399.5,4,124.66666666666667,0,2983.0,LOGIN,0.3333322222259259,3.0,0.0,-1.1502816567356142
20429,-0.602210294757753,Payment,Credit_card_repayment,2019-09-21,Sat,11,1,2100000.0,NaN,iOS,27.248.xx.xx (HCM),M,2019-04-10,1985-02-22,0,2019-04-11,BRANCH,1,SMS,Working,2100000.0,1,2100000.0,1,2100000.0,1,2100000.0,1,2100000.0,1,2100000.0,1,8212436.822222223,6587399.5,4,38.791666666666664,0,350.0,LOGIN,0.49999964285739795,14.0,0.0,-1.1502816567356142
20429,-0.5952277392024751,Payment,Credit_card_repayment,2019-10-21,Mon,12,1,4000000.0,NaN,iOS,237.237.xx.xx (HCM),M,2019-04-10,1985-02-22,0,2019-04-11,BRANCH,1,SMS,Working,4000000.0,1,4000000.0,1,4000000.0,1,4000000.0,1,4000000.0,1,4000000.0,1,8212436.822222223,6587399.5,4,30.041666666666668,0,1071.0,LOGIN,0.4499997750001125,20.0,0.0,-1.1502816567356142
20429,-0.5846852461476348,Payment,Credit_card_repayment,2019-11-14,Thu,15,1,19750558.0,NaN,iOS,40.11.xx.xx (HCM),M,2019-04-10,1985-02-22,0,2019-04-11,BRANCH,1,SMS,Working,19750558.0,1,19750558.0,1,19750558.0,1,19750558.0,1,19750558.0,1,23750558.0,2,8212436.822222223,6587399.5,4,24.125,0,1650.0,LOGIN,0.3749998437500651,24.0,0.0,-1.1502816567356142
20444,-0.6038043929149717,Topup,eWallet,2019-08-11,Sun,0,2,100000.0,NaN,Android,42.12.xx.xx (HCM),F,2019-05-06,1995-01-25,0,2019-05-06,BRANCH,0,SMS,Working,100000.0,1,100000.0,1,100000.0,1,100000.0,1,100000.0,1,100000.0,1,2350086.38875,961033.7142857143,35,42.125,0,2316.0,LOGIN,0.11904760487528512,84.0,0.14344266704440628,-1.0169150405559388
20444,-0.5745124913753148,Topup,eWallet,2019-11-03,Sun,0,1,150000.0,NaN,Android,166.184.xx.xx (HCM),F,2019-05-06,1995-01-25,0,2019-05-06,BRANCH,0,SMS,Working,150000.0,1,150000.0,1,150000.0,1,150000.0,1,150000.0,1,433000.0,2,2350086.38875,961033.7142857143,35,22.666666666666668,0,4332.0,LOGIN,0.05917159413185834,169.0,0.14344266704440628,-1.0169150405559388
20476,-0.6257555235541016,Topup,eWallet,2019-06-06,Thu,1,1,3550000.0,NaN,iOS,240.19.xx.xx (TH),M,2019-05-08,1978-07-10,0,2019-05-08,BRANCH,1,SMS,State servant,3550000.0,1,3550000.0,1,3550000.0,1,4950000.0,2,4981000.0,3,4981000.0,3,109616.10125,1761500.0,4,1.5,0,121.0,LOGIN,0.0,17.0,0.0,-0.8959146268414223
20486,-0.5825230624636925,Transfer,Outside_bank,2019-10-18,Fri,7,1,3000000.0,335329,Android,171.42.xx.xx (HCM),M,2019-06-21,1983-04-21,0,2019-06-21,AUTO-JOB,0,SMART_OTP,Commercial associate,3000000.0,1,3000000.0,1,3000000.0,1,3000000.0,1,3000000.0,1,3000000.0,1,11351341.973333335,3000000.0,1,119.29166666666667,1,635.0,LOGIN,0.42857130612248395,35.0,0.0,-1.444889883488081
20498,-0.582167365229403,Transfer,Outside_bank,2019-12-11,Wed,0,1,1000000.0,364218,Web,7.175.xx.xx (HP),M,2019-10-14,1994-11-25,0,2019-10-14,BRANCH,0,SMART_OTP,Working,1000000.0,1,1000000.0,1,1000000.0,1,1000000.0,1,1000000.0,1,1238972.0,3,687468.35,362246.5,8,25.291666666666668,1,607.0,LOGIN,0.3870967429760691,124.0,0.4983546508073985,-1.085862722687094
20524,-0.5850422913752759,Topup,eWallet,2019-10-11,Fri,23,1,100000.0,NaN,Web,8.160.xx.xx (BD),M,2019-05-11,1992-07-02,0,2019-05-11,BRANCH,1,SMS,State servant,100000.0,1,100000.0,1,100000.0,1,100000.0,1,100000.0,1,100000.0,1,1604618.7075,677556.25,4,153.95833333333334,0,999.0,UNKNOWN,0.0,0.0,0.0,0.0
20533,-0.5673827840339549,Transfer,Outside_bank,2019-11-14,Thu,15,1,2500000.0,428853,iOS,167.60.xx.xx (CT),F,2019-09-04,1994-08-30,0,2019-09-04,BRANCH,1,SMART_OTP,Commercial associate,2500000.0,1,2500000.0,1,2500000.0,1,2500000.0,1,2500000.0,1,2500000.0,1,487441.54500000004,2500000.0,1,71.625,1,0.0,LOGIN,0.0,78.0,0.0,-1.5824487577616737
20536,-0.6078083310135661,Payment,Credit_card_repayment,2019-05-25,Sat,10,1,1059980.0,NaN,Web,13.96.xx.xx (HN),M,2019-03-20,1992-02-24,0,2019-03-20,BRANCH,1,SMART_OTP,Working,1059980.0,1,1059980.0,1,1059980.0,1,1059980.0,1,1059980.0,1,1059980.0,1,137024.039,2234233.5,8,66.41666666666667,0,1.0,LOGIN,0.0,1.0,0.6689470114791918,-0.8502028247622649
20536,-0.5832863476132565,Payment,Credit_card_repayment,2019-07-30,Tue,9,1,700000.0,NaN,Web,93.197.xx.xx (HN),M,2019-03-20,1992-02-24,0,2019-03-20,BRANCH,1,SMART_OTP,Working,700000.0,1,700000.0,1,700000.0,1,700000.0,1,700000.0,1,700000.0,1,137024.039,2234233.5,8,65.95833333333333,0,1584.0,LOGIN,0.0,5.0,0.6689470114791918,-0.8502028247622649
20536,-0.5980474820176461,Payment,Credit_card_repayment,2019-08-30,Fri,10,1,10060000.0,NaN,Web,161.85.xx.xx (HN),M,2019-03-20,1992-02-24,0,2019-03-20,BRANCH,1,SMART_OTP,Working,10060000.0,1,10060000.0,1,10060000.0,1,10060000.0,1,11208450.0,2,11208450.0,2,137024.039,2234233.5,8,4.0,0,2329.0,LOGIN,0.0,15.0,0.6689470114791918,-0.8502028247622649
20609,-0.6001528093701395,Payment,Credit_card_repayment,2019-08-26,Mon,15,1,29409000.0,NaN,iOS,167.124.xx.xx (NA),M,2019-06-18,1978-02-27,0,2019-06-18,BRANCH,0,SMART_OTP,Working,29409000.0,1,29409000.0,1,29409000.0,1,29409000.0,1,29409000.0,1,29409000.0,1,4090639.87,29409000.0,1,69.625,0,1657.0,LOGIN,0.0,9.0,0.0,-1.0160554745963695
20625,-0.6428082323829375,Payment,Credit_card_repayment,2019-11-07,Thu,16,2,1099000.0,NaN,iOS,89.71.xx.xx (HP),M,2019-05-06,1976-08-20,0,2019-05-06,BRANCH,1,SMART_OTP,Working,1099000.0,1,1099000.0,1,1099000.0,1,1099000.0,1,1099000.0,1,1099000.0,1,1075376.28125,1099000.0,1,185.66666666666666,0,2.0,LOGIN,0.0,2.0,0.0,-1.687418143423927
20649,-0.5811250011813777,Topup,Mobile,2019-12-06,Fri,19,1,200000.0,NaN,Android,8.170.xx.xx (DN),M,2019-04-03,1990-11-25,0,2019-04-03,BRANCH,1,SMS,State servant,200000.0,1,200000.0,1,200000.0,1,200000.0,1,200000.0,1,200000.0,1,334877.52777777775,509912.0,15,97.0,0,5931.0,LOGIN_FACEID,0.47499996041667,120.0,0.6010143706318734,-1.3498997372359725
20736,-0.5721824600232926,Topup,eWallet,2019-11-21,Thu,17,1,500000.0,NaN,iOS,28.128.xx.xx (HP),M,2019-08-08,1993-08-21,0,2019-08-25,MYbank,0,SMART_OTP,Businessman,500000.0,1,500000.0,1,500000.0,1,500000.0,1,500000.0,1,500000.0,1,670958.988,500000.0,1,88.70833333333333,0,2122.0,LOGIN,0.0,73.0,0.0,-0.7017742246629454
20749,-0.5881969245222461,Transfer,Outside_bank,2019-12-10,Tue,12,2,250000000.0,737068,iOS,25.186.xx.xx (HCM),M,2019-05-29,1984-08-31,0,2019-06-13,BRANCH,1,SMART_OTP,Commercial associate,250000000.0,1,250000000.0,1,250000000.0,1,250000000.0,1,250000000.0,1,250000000.0,1,21980913.2175,145185714.2857143,7,66.70833333333333,1,4315.0,LOGIN,0.0,26.0,0.9328127618520193,-1.0795916699193142
20774,-0.6142326008117127,Payment,Credit_card_repayment,2019-07-25,Thu,10,1,672500.0,NaN,iOS,62.182.xx.xx (HN),F,2019-05-27,1993-04-22,0,2019-05-28,AUTO-JOB,0,SMS,Working,672500.0,1,672500.0,1,672500.0,1,672500.0,1,672500.0,1,672500.0,1,14529.97625,5042250.4,5,57.666666666666664,0,1388.0,LOGIN,0.0,7.0,0.8180312723185406,-0.9093881544381989
20774,-0.6197572376702629,Payment,Credit_card_repayment,2019-08-13,Tue,9,1,12777500.0,NaN,iOS,241.231.xx.xx (DN),F,2019-05-27,1993-04-22,0,2019-05-28,AUTO-JOB,0,SMS,Working,12777500.0,1,12777500.0,1,12777500.0,1,12777500.0,1,12777500.0,1,13450000.0,2,14529.97625,5042250.4,5,18.958333333333332,0,1843.0,LOGIN,0.0,8.0,0.8180312723185406,-0.9093881544381989
20774,-0.6049443993974313,Payment,Credit_card_repayment,2019-09-25,Wed,22,1,517100.0,NaN,iOS,115.33.xx.xx (HN),F,2019-05-27,1993-04-22,0,2019-05-28,AUTO-JOB,0,SMS,Working,517100.0,1,517100.0,1,517100.0,1,517100.0,1,517100.0,1,517100.0,1,14529.97625,5042250.4,5,43.541666666666664,0,2888.0,LOGIN,0.0,9.0,0.8180312723185406,-0.9093881544381989
20774,-0.624137408111509,Payment,Credit_card_repayment,2019-10-11,Fri,17,1,10094152.0,NaN,iOS,85.241.xx.xx (HN),F,2019-05-27,1993-04-22,0,2019-05-28,AUTO-JOB,0,SMS,Working,10094152.0,1,10094152.0,1,10094152.0,1,10094152.0,1,10094152.0,1,10611252.0,2,14529.97625,5042250.4,5,15.791666666666666,0,3267.0,LOGIN,0.0,10.0,0.8180312723185406,-0.9093881544381989
20831,-0.5783032025560859,Topup,eWallet,2019-11-29,Fri,0,1,200000.0,NaN,iOS,46.49.xx.xx (HCM),F,2019-03-21,1997-05-21,0,2019-03-21,BRANCH,0,SMS,Working,200000.0,1,200000.0,1,200000.0,1,200000.0,1,200000.0,1,2620051.0,10,1178464.652,370199.6862745098,51,9.291666666666666,0,6054.0,LOGIN,0.0,231.0,0.3397651006155044,-0.8784904561919414
20898,-0.6129288153441211,Payment,Credit_card_repayment,2019-12-07,Sat,7,2,1000000.0,NaN,Android,64.21.xx.xx (BD),M,2019-08-12,1971-06-09,0,2019-08-12,BRANCH,0,SMART_OTP,Businessman,1000000.0,1,1000000.0,1,1000000.0,1,1000000.0,1,1000000.0,1,1000000.0,1,9223420.8,1037200.0,5,117.29166666666667,0,2799.0,LOGIN,0.0,88.0,0.4185792002118231,-0.9957465562250097
20965,-0.5663339342522474,Transfer,Outside_bank,2019-09-16,Mon,13,1,2139000.0,586868,iOS,245.46.xx.xx (HCM),F,2019-05-20,1990-03-02,0,2019-05-20,BRANCH,0,SMART_OTP,Working,2139000.0,1,2139000.0,1,2139000.0,1,2139000.0,1,2139000.0,1,2139000.0,1,10360958.05125,2948898.8,5,119.54166666666667,1,2787.0,LOGIN_FACEID,0.46808500679042403,47.0,0.5944564808369379,-1.2557231724850404
21000,-0.568422076682894,Topup,Mobile,2019-10-28,Mon,21,1,30000.0,NaN,iOS,81.246.xx.xx (BD),M,2019-04-05,1983-12-05,0,2019-04-05,BRANCH,0,SMS,State servant,30000.0,1,30000.0,1,30000.0,1,30000.0,1,30000.0,1,30000.0,1,146676.1988888889,60000.0,3,206.875,0,1112.0,LOGIN,0.0,17.0,0.0,-0.9084763948649788
21111,-0.5862379318136071,Payment,Credit_card_repayment,2019-10-21,Mon,12,1,6997020.0,NaN,Android,111.54.xx.xx (HP),F,2019-02-25,1988-05-21,0,2019-09-10,BRANCH,0,SMART_OTP,Commercial associate,6997020.0,1,6997020.0,1,6997020.0,1,6997020.0,1,6997020.0,1,6997020.0,1,2264820.7800000003,9976824.0,6,41.5,0,912.0,LOGIN,0.0,90.0,0.4826350904475112,-0.8446248342736807
21111,-0.5707039610278772,Payment,Credit_card_repayment,2019-11-16,Sat,19,1,9953695.0,NaN,Android,232.23.xx.xx (HP),F,2019-02-25,1988-05-21,0,2019-09-10,BRANCH,0,SMART_OTP,Commercial associate,9953695.0,1,9953695.0,1,9953695.0,1,9953695.0,1,9953695.0,1,16950715.0,2,2264820.7800000003,9976824.0,6,26.291666666666668,0,1543.0,LOGIN,0.0,149.0,0.4826350904475112,-0.8446248342736807
21283,-0.6038416619061447,Topup,Mobile,2019-11-03,Sun,0,2,200000.0,NaN,Android,48.68.xx.xx (HP),M,2019-10-29,1998-08-13,0,2019-10-29,BRANCH,1,SMART_OTP,Working,200000.0,1,200000.0,1,29200000.0,3,29200000.0,3,29200000.0,3,29200000.0,3,1055664.0699999998,7287500.0,8,0.4166666666666667,2,12.0,LOGIN,0.4166663194447338,12.0,0.594242242973831,-1.7369311210284153
21313,-0.5718761483532204,Transfer,Within_bank,2019-11-02,Sat,0,1,3700000.0,586557,iOS,232.161.xx.xx (HCM),M,2019-10-25,1999-09-18,0,2019-10-25,BRANCH,1,SMART_OTP,Commercial associate,3700000.0,1,3700000.0,1,6700000.0,2,6700000.0,2,6700000.0,2,6700000.0,2,1555982.425,1794500.0,10,0.625,2,177.0,LOGIN,0.21428556122459913,14.0,0.4119564716237497,-1.0860092925298412
21315,-0.5872944573437312,Transfer,Within_bank,2019-12-03,Tue,22,1,1000000.0,179632,iOS,7.45.xx.xx (HN),M,2019-05-23,1997-09-27,0,2019-05-23,BRANCH,1,SMS,Working,1000000.0,1,1000000.0,1,1000000.0,1,1000000.0,1,1000000.0,1,1000000.0,1,520343.91875,544117.6470588235,17,137.41666666666666,1,4663.0,LOGIN,0.2647058044982928,34.0,0.6601554100087322,-1.2079713447281184
21375,-0.647980261508334,Payment,Credit_card_repayment,2019-09-26,Thu,15,3,69999950.0,NaN,iOS,86.69.xx.xx (HN),M,2019-05-22,1971-03-31,0,2019-05-24,AUTO-JOB,1,SMART_OTP,Commercial associate,69999950.0,1,69999950.0,1,69999950.0,1,69999950.0,1,69999950.0,1,69999950.0,1,968502.08,34899987.5,4,125.625,0,2883.0,LOGIN,0.0,12.0,0.0,-1.0661209378397836
21375,-0.6069134355513317,Payment,Credit_card_repayment,2019-10-25,Fri,17,1,40000000.0,NaN,iOS,10.231.xx.xx (HN),M,2019-05-22,1971-03-31,0,2019-05-24,AUTO-JOB,1,SMART_OTP,Commercial associate,40000000.0,1,40000000.0,1,40000000.0,1,40000000.0,1,40000000.0,1,109999950.0,2,968502.08,34899987.5,4,29.083333333333332,0,3581.0,LOGIN,0.11764698961941787,17.0,0.0,-1.0661209378397836
21375,-0.576791145049816,Payment,Credit_card_repayment,2019-10-25,Fri,18,1,29000000.0,NaN,iOS,12.119.xx.xx (HN),M,2019-05-22,1971-03-31,0,2019-05-24,AUTO-JOB,1,SMART_OTP,Commercial associate,69000000.0,2,69000000.0,2,69000000.0,2,69000000.0,2,69000000.0,2,138999950.0,3,968502.08,34899987.5,4,0.041666666666666664,0,3582.0,LOGIN_FINGER,0.1499999250000375,20.0,0.0,-1.0661209378397836
21375,-0.600818855852418,Payment,Credit_card_repayment,2019-12-31,Tue,11,1,600000.0,NaN,iOS,2.127.xx.xx (HN),M,2019-05-22,1971-03-31,0,2019-05-24,AUTO-JOB,1,SMART_OTP,Commercial associate,600000.0,1,600000.0,1,600000.0,1,600000.0,1,600000.0,1,600000.0,1,968502.08,34899987.5,4,66.70833333333333,0,5183.0,LOGIN,0.27586197384069866,29.0,0.0,-1.0661209378397836
21379,-0.5735429529485514,Transfer,Outside_bank,2019-12-02,Mon,1,1,1000000.0,443909,Android,27.250.xx.xx (HN),M,2019-10-31,1988-01-23,0,2019-10-31,BRANCH,0,SMART_OTP,State servant,1000000.0,1,1000000.0,1,3400000.0,3,3400000.0,3,3400000.0,3,3400000.0,3,41010.26,887142.8571428572,7,0.5416666666666666,3,761.0,LOGIN,0.0,27.0,0.7206418453451513,-0.8761209340482963
21379,-0.5722947292737615,Topup,eWallet,2019-12-10,Tue,1,1,10000.0,NaN,Android,147.141.xx.xx (HN),M,2019-10-31,1988-01-23,0,2019-10-31,BRANCH,0,SMART_OTP,State servant,10000.0,1,10000.0,1,10000.0,1,10000.0,1,10000.0,1,4410000.0,5,41010.26,887142.8571428572,7,7.708333333333333,0,953.0,LOGIN,0.0,32.0,0.7206418453451513,-0.8761209340482963
21437,-0.6173017567942234,Payment,Credit_card_repayment,2019-09-16,Mon,10,1,47696000.0,NaN,iOS,146.212.xx.xx (HN),M,2019-06-11,1980-02-10,0,2019-07-01,AUTO-JOB,0,SMART_OTP,Commercial associate,47696000.0,1,47696000.0,1,47696000.0,1,47696000.0,1,47696000.0,1,47696000.0,1,1830011.2814285716,47696000.0,1,77.41666666666667,0,169.0,LOGIN,0.0,4.0,0.0,-0.7487837404393343
21505,-0.634144834183591,Payment,Credit_card_repayment,2019-11-21,Thu,9,1,19000000.0,NaN,iOS,103.210.xx.xx (HN),F,2019-01-18,1985-03-28,0,2019-09-17,BRANCH,0,SMART_OTP,State servant,19000000.0,1,19000000.0,1,19000000.0,1,19000000.0,1,19000000.0,1,19000000.0,1,1573734.218333333,14008590.0,2,65.375,0,1548.0,LOGIN_FACEID,0.43478241965981757,23.0,0.0,-1.5417395873080157
21524,-0.567759889965776,Topup,eWallet,2019-12-17,Tue,0,2,360000.0,NaN,iOS,69.208.xx.xx (DN),M,2019-10-19,1996-12-23,0,2019-10-19,BRANCH,1,SMART_OTP,Working,360000.0,1,360000.0,1,360000.0,1,360000.0,1,910000.0,3,13679000.0,11,1831626.61,1085076.923076923,13,5.166666666666667,0,1395.0,LOGIN_FINGER,0.4230767603550922,26.0,0.6192002162287262,-1.3403455508810933
21626,-0.6256211962719462,Payment,Credit_card_repayment,2019-07-31,Wed,15,1,15807000.0,NaN,iOS,112.114.xx.xx (HN),F,2019-06-07,1993-04-18,0,2019-06-07,AUTO-JOB,0,SMS,Working,15807000.0,1,15807000.0,1,15807000.0,1,15807000.0,1,15807000.0,1,15807000.0,1,124193.54833333334,9336400.0,15,54.625,0,1176.0,LOGIN,0.0,11.0,0.5824973569323746,-0.9019513223942605
21626,-0.567128687049673,Payment,Credit_card_repayment,2019-08-12,Mon,10,1,10500000.0,NaN,iOS,186.143.xx.xx (HN),F,2019-06-07,1993-04-18,0,2019-06-07,AUTO-JOB,0,SMS,Working,10500000.0,1,10500000.0,1,10500000.0,1,10500000.0,1,10500000.0,1,26307000.0,2,124193.54833333334,9336400.0,15,11.791666666666666,0,1459.0,LOGIN,0.0,21.0,0.5824973569323746,-0.9019513223942605
21626,-0.6003125376949321,Payment,Credit_card_repayment,2019-09-03,Tue,19,1,16600000.0,NaN,iOS,149.64.xx.xx (HN),F,2019-06-07,1993-04-18,0,2019-06-07,AUTO-JOB,0,SMS,Working,16600000.0,1,16600000.0,1,16600000.0,1,16600000.0,1,16600000.0,1,27100000.0,2,124193.54833333334,9336400.0,15,22.375,0,1996.0,LOGIN,0.0,27.0,0.5824973569323746,-0.9019513223942605
21626,-0.5796004201468675,Payment,Credit_card_repayment,2019-10-04,Fri,13,1,15000000.0,NaN,iOS,199.55.xx.xx (HN),F,2019-06-07,1993-04-18,0,2019-06-07,AUTO-JOB,0,SMS,Working,15000000.0,1,15000000.0,1,15000000.0,1,15000000.0,1,15000000.0,1,17000000.0,3,124193.54833333334,9336400.0,15,7.166666666666667,0,2734.0,LOGIN,0.0,39.0,0.5824973569323746,-0.9019513223942605
21626,-0.5710893094061149,Payment,Credit_card_repayment,2019-10-05,Sat,12,1,14089000.0,NaN,iOS,232.153.xx.xx (HN),F,2019-06-07,1993-04-18,0,2019-06-07,AUTO-JOB,0,SMS,Working,14089000.0,1,14089000.0,1,29089000.0,2,29089000.0,2,29089000.0,2,31089000.0,4,124193.54833333334,9336400.0,15,0.9583333333333334,0,2757.0,LOGIN,0.0,40.0,0.5824973569323746,-0.9019513223942605
21626,-0.5659037316052818,Payment,Credit_card_repayment,2019-10-06,Sun,20,1,10000000.0,NaN,iOS,213.72.xx.xx (HN),F,2019-06-07,1993-04-18,0,2019-06-07,AUTO-JOB,0,SMS,Working,10000000.0,1,10000000.0,1,10000000.0,1,24089000.0,2,39089000.0,3,41089000.0,5,124193.54833333334,9336400.0,15,1.3333333333333333,0,2789.0,LOGIN,0.0,41.0,0.5824973569323746,-0.9019513223942605
21626,-0.5750500068624845,Payment,Credit_card_repayment,2019-10-10,Thu,16,1,8000000.0,NaN,iOS,54.28.xx.xx (HN),F,2019-06-07,1993-04-18,0,2019-06-07,AUTO-JOB,0,SMS,Working,8000000.0,1,8000000.0,1,8000000.0,1,8000000.0,1,47089000.0,4,49089000.0,6,124193.54833333334,9336400.0,15,3.8333333333333335,0,2881.0,LOGIN,0.022727267561984642,44.0,0.5824973569323746,-0.9019513223942605
21626,-0.6171504505170388,Payment,Credit_card_repayment,2019-10-31,Thu,2,1,1000000.0,NaN,iOS,183.56.xx.xx (HN),F,2019-06-07,1993-04-18,0,2019-06-07,AUTO-JOB,0,SMS,Working,1000000.0,1,1000000.0,1,1000000.0,1,1000000.0,1,1000000.0,1,48089000.0,5,124193.54833333334,9336400.0,15,20.416666666666668,0,3371.0,LOGIN,0.07999998400000319,50.0,0.5824973569323746,-0.9019513223942605
21626,-0.5708775186308789,Payment,Credit_card_repayment,2019-11-28,Thu,17,1,1300000.0,NaN,iOS,130.177.xx.xx (HN),F,2019-06-07,1993-04-18,0,2019-06-07,AUTO-JOB,0,SMS,Working,1300000.0,1,1300000.0,1,1300000.0,1,1300000.0,1,1300000.0,1,2300000.0,2,124193.54833333334,9336400.0,15,28.625,0,4058.0,LOGIN,0.07843135717032212,51.0,0.5824973569323746,-0.9019513223942605
21626,-0.6056359058763763,Payment,Credit_card_repayment,2019-12-04,Wed,15,1,21350000.0,NaN,iOS,244.40.xx.xx (HN),F,2019-06-07,1993-04-18,0,2019-06-07,AUTO-JOB,0,SMS,Working,21350000.0,1,21350000.0,1,21350000.0,1,21350000.0,1,23350000.0,3,23350000.0,3,124193.54833333334,9336400.0,15,2.0416666666666665,0,4200.0,LOGIN_FINGER,0.12068963436385614,58.0,0.5824973569323746,-0.9019513223942605
21626,-0.6121162383330896,Payment,Credit_card_repayment,2019-12-04,Wed,17,1,16200000.0,NaN,iOS,29.128.xx.xx (HN),F,2019-06-07,1993-04-18,0,2019-06-07,AUTO-JOB,0,SMS,Working,16200000.0,1,37550000.0,2,37550000.0,2,37550000.0,2,39550000.0,4,39550000.0,4,124193.54833333334,9336400.0,15,0.08333333333333333,0,4202.0,LOGIN,0.14754095941951484,61.0,0.5824973569323746,-0.9019513223942605
21626,-0.577218923106867,Payment,Credit_card_repayment,2019-12-07,Sat,17,1,7500000.0,NaN,iOS,175.220.xx.xx (HN),F,2019-06-07,1993-04-18,0,2019-06-07,AUTO-JOB,0,SMS,Working,7500000.0,1,7500000.0,1,7500000.0,1,7500000.0,1,45750000.0,4,47050000.0,5,124193.54833333334,9336400.0,15,3.0,0,4274.0,LOGIN_FINGER,0.18571425918367726,70.0,0.5824973569323746,-0.9019513223942605
21640,-0.6040133996245084,Topup,eWallet,2019-11-05,Tue,12,2,1792137.0,NaN,iOS,226.76.xx.xx (BD),M,2019-09-04,1982-09-16,0,2019-09-04,BRANCH,0,SMART_OTP,Commercial associate,1792137.0,1,1792137.0,1,1792137.0,1,1792137.0,1,1792137.0,1,1792137.0,1,453240.955,623679.0,3,62.5,0,1.0,LOGIN,0.0,1.0,0.0,-0.8579750648326654
21644,-0.5921744583230244,Transfer,Within_bank,2019-11-15,Fri,21,1,1.0,468289,Web,225.122.xx.xx (HCM),M,2019-04-22,1986-11-11,0,2019-04-22,BRANCH,0,SMART_OTP,Commercial associate,1.0,1,1.0,1,1.0,1,1.0,1,1.0,1,1.0,1,1378898.7055555554,3021111.222222222,9,68.20833333333333,1,4975.0,LOGIN,0.0,60.0,0.6218269915307154,-0.727847713428077
21679,-0.634447318690905,Payment,Credit_card_repayment,2019-11-21,Thu,0,2,100000.0,NaN,Android,16.53.xx.xx (NA),M,2019-01-18,1976-05-16,0,2019-11-02,BRANCH,0,SMART_OTP,Commercial associate,100000.0,1,100000.0,1,100000.0,1,100000.0,1,100000.0,1,100000.0,1,66666.66500000001,6348473.25,8,19.0,0,448.0,LOGIN,0.0,16.0,0.4197130859155291,-1.6116797704976598
21679,-0.5839855626333849,Payment,Credit_card_repayment,2019-12-05,Thu,15,1,5900000.0,NaN,Android,145.85.xx.xx (NA),M,2019-01-18,1976-05-16,0,2019-11-02,BRANCH,0,SMART_OTP,Commercial associate,5900000.0,1,5900000.0,1,6500000.0,2,6770000.0,3,7770000.0,4,7920000.0,6,66666.66500000001,6348473.25,8,0.7916666666666666,0,799.0,LOGIN,0.0,28.0,0.4197130859155291,-1.6116797704976598
21679,-0.663655406478012,Payment,Credit_card_repayment,2019-12-25,Wed,15,1,42000000.0,NaN,Android,252.171.xx.xx (NA),M,2019-01-18,1976-05-16,0,2019-11-02,BRANCH,0,SMART_OTP,Commercial associate,42000000.0,1,42000000.0,1,42000000.0,1,42000000.0,1,42000000.0,1,50687786.0,7,66666.66500000001,6348473.25,8,19.958333333333332,0,1279.0,LOGIN,0.0,33.0,0.4197130859155291,-1.6116797704976598
21714,-0.5824289780466254,Topup,Mobile,2019-08-14,Wed,0,1,50000.0,NaN,Android,136.183.xx.xx (HCM),F,2019-05-15,1999-06-30,0,2019-05-16,BRANCH,1,SMART_OTP,Working,50000.0,1,50000.0,1,50000.0,1,50000.0,1,50000.0,1,50000.0,1,4254794.6850000005,295344.8275862069,29,38.125,0,2141.0,LOGIN,0.0,18.0,0.23495439408763108,-1.1349625142742406
21723,-0.6163697532086988,Payment,Credit_card_repayment,2019-12-04,Wed,21,1,4095743.0,NaN,iOS,169.190.xx.xx (HN),M,2019-07-10,1994-01-11,0,2019-07-10,AUTO-JOB,0,SMART_OTP,Working,4095743.0,1,4095743.0,1,4095743.0,1,4095743.0,1,4095743.0,1,4095743.0,1,287615.83,4095743.0,1,147.875,0,559.0,LOGIN,0.0,18.0,0.0,-1.170978439162462
21959,-0.5725046201426799,Transfer,Within_bank,2019-12-11,Wed,11,1,350000000.0,247170,iOS,129.39.xx.xx (DN),F,2019-02-19,1992-05-07,1,2019-02-19,BRANCH,1,SMART_OTP,State servant,350300000.0,2,351250000.0,3,359250000.0,4,360200000.0,5,413630000.0,10,818146500.0,36,25828218.23727273,23307093.75,144,0.0,4,7074.0,LOGIN,0.0,759.0,0.08182129774592226,-0.9123359004415815
21959,-0.5798982825267122,Transfer,Within_bank,2019-12-28,Sat,9,1,427000000.0,631981,iOS,177.116.xx.xx (HCM),F,2019-02-19,1992-05-07,1,2019-02-19,BRANCH,1,SMART_OTP,State servant,467000000.0,2,467000000.0,2,467000000.0,2,467000000.0,2,518000000.0,4,1270163000.0,33,25828218.23727273,23307093.75,144,0.041666666666666664,2,7480.0,LOGIN,0.0,856.0,0.08182129774592226,-0.9123359004415815
21993,-0.5694220511164755,Transfer,Outside_bank,2019-12-13,Fri,13,1,24800000.0,607669,iOS,217.192.xx.xx (HN),M,2019-05-23,1972-09-17,0,2019-05-23,BRANCH,1,SMART_OTP,Working,24800000.0,1,24800000.0,1,24800000.0,1,24800000.0,1,24800000.0,1,24800000.0,1,4155987.3649999998,8855000.0,6,70.875,1,4631.0,LOGIN,0.0,62.0,0.6681598935682401,-0.7008473846304818
22046,-0.5959297235084762,Topup,eWallet,2019-05-01,Wed,0,2,340000.0,NaN,Android,26.70.xx.xx (HP),F,2019-04-02,1994-10-02,0,2019-04-03,BRANCH,0,SMART_OTP,Working,340000.0,1,340000.0,1,340000.0,1,340000.0,1,340000.0,1,340000.0,1,2691817.2533333334,1202663.9024390243,82,28.0,0,659.0,LOGIN_FINGER,0.0,3.0,0.11549080683264887,-1.2145708913200408
22085,-0.598155530714069,Topup,Mobile,2019-09-07,Sat,0,1,50000.0,NaN,Android,53.148.xx.xx (HN),F,2019-02-22,1998-04-25,0,2019-03-07,BRANCH,1,SMART_OTP,Unemployed,50000.0,1,50000.0,1,50000.0,1,50000.0,1,50000.0,1,50000.0,1,2596886.982,504222.22222222225,27,31.416666666666668,0,4402.0,LOGIN,0.06521737712665714,46.0,0.26527585672434095,-1.0980562945669763
22093,-0.5914432902541558,Transfer,Within_bank,2019-11-08,Fri,1,1,3000000.0,365812,Android,69.97.xx.xx (DN),F,2019-01-09,1989-09-07,0,2019-01-09,BRANCH,0,SMART_OTP,Working,3000000.0,1,3000000.0,1,3000000.0,1,3840000.0,3,4379000.0,5,4559000.0,7,1899771.7825,788941.2280701754,57,1.1666666666666667,1,323.0,LOGIN,0.0,124.0,0.09297087039905451,-1.0264278906636757
22182,-0.5717413750005121,Transfer,Outside_bank,2019-07-18,Thu,12,1,10000000.0,707395,iOS,195.85.xx.xx (HP),F,2019-05-11,1965-03-04,0,2019-05-11,BRANCH,1,SMART_OTP,Pensioner,10000000.0,1,10000000.0,1,10000000.0,1,10000000.0,1,10000000.0,1,10000000.0,1,10035895.391428571,1238800.0,25,68.5,1,1530.0,LOGIN,0.0,3.0,0.4720824413611849,-1.475433529875022
22222,-0.5788415518351963,Payment,Credit_card_repayment,2019-06-11,Tue,15,1,7813267.0,NaN,iOS,198.143.xx.xx (HCM),F,2019-05-23,1985-03-05,1,2019-05-23,AUTO-JOB,1,SMART_OTP,Working,7813267.0,1,7813267.0,1,7813267.0,1,7813267.0,1,7813267.0,1,7813267.0,1,3018069.702857143,3927157.2741935486,124,19.625,0,456.0,LOGIN_FINGER,0.3999998000001,20.0,0.05275527998772574,-1.416228561728733
22222,-0.583670033220709,Payment,Credit_card_repayment,2019-09-14,Sat,8,1,16500000.0,NaN,iOS,152.41.xx.xx (HCM),F,2019-05-23,1985-03-05,1,2019-05-23,AUTO-JOB,1,SMART_OTP,Working,16500000.0,1,16500000.0,1,16500000.0,1,16500000.0,1,20296105.0,4,54447105.0,18,3018069.702857143,3927157.2741935486,124,2.875,0,39.0,LOGIN,0.32298134639867415,161.0,0.05275527998772574,-1.416228561728733
22222,-0.5677631678456024,Transfer,Outside_bank,2019-12-19,Thu,13,4,38278000.0,191343,iOS,89.239.xx.xx (HCM),F,2019-05-23,1985-03-05,1,2019-05-23,AUTO-JOB,1,SMART_OTP,Working,38278000.0,1,38278000.0,1,38278000.0,1,38278000.0,1,44708000.0,3,155563623.0,27,3018069.702857143,3927157.2741935486,124,5.166666666666667,1,2348.0,LOGIN_FINGER,0.38596490260739597,399.0,0.05275527998772574,-1.416228561728733
22272,-0.606291629139682,Payment,Credit_card_repayment,2019-12-03,Tue,10,1,3300000.0,NaN,Android,108.72.xx.xx (HN),F,2019-09-18,1985-11-28,0,2019-10-24,MYbank,0,SMS,Working,3300000.0,1,3300000.0,1,3300000.0,1,3300000.0,1,3300000.0,1,3300000.0,1,276027.12,3300000.0,1,40.416666666666664,0,953.0,LOGIN,0.4285708163274053,7.0,0.0,-1.145936357900205
22318,-0.571326505602876,Transfer,Outside_bank,2019-04-12,Fri,10,2,51213570.0,851693,Android,243.178.xx.xx (HN),F,2019-04-08,1975-07-30,0,2019-04-08,BRANCH,0,SMART_OTP,Businessman,51213570.0,1,51213570.0,1,51213570.0,1,51213570.0,1,51213570.0,1,51213570.0,1,104584683.90777777,68009692.85714285,7,4.416666666666667,1,0.0,LOGIN,0.0,0.0,1.5105664531588612,-1.7413225245178292
22318,-0.647743690167138,Transfer,Within_bank,2019-10-03,Thu,9,1,220000000.0,827843,Android,170.131.xx.xx (HN),F,2019-04-08,1975-07-30,0,2019-04-08,BRANCH,0,SMART_OTP,Businessman,220000000.0,1,220000000.0,1,220000000.0,1,220000000.0,1,220000000.0,1,220000000.0,1,104584683.90777777,68009692.85714285,7,145.0,1,4175.0,LOGIN,0.0,3.0,1.5105664531588612,-1.7413225245178292
22318,-0.5886341778079138,Transfer,Outside_bank,2019-11-13,Wed,8,1,25820558.0,356434,Android,189.177.xx.xx (HN),F,2019-04-08,1975-07-30,0,2019-04-08,BRANCH,0,SMART_OTP,Businessman,25820558.0,1,25820558.0,1,25820558.0,1,25820558.0,1,25820558.0,1,25820558.0,1,104584683.90777777,68009692.85714285,7,31.666666666666668,1,5158.0,LOGIN,0.0,5.0,1.5105664531588612,-1.7413225245178292
22318,-0.5750824448123988,Transfer,Outside_bank,2019-11-13,Wed,9,1,25393012.0,586586,Android,39.94.xx.xx (HN),F,2019-04-08,1975-07-30,0,2019-04-08,BRANCH,0,SMART_OTP,Businessman,51213570.0,2,51213570.0,2,51213570.0,2,51213570.0,2,51213570.0,2,51213570.0,2,104584683.90777777,68009692.85714285,7,0.041666666666666664,2,5159.0,LOGIN,0.0,5.0,1.5105664531588612,-1.7413225245178292
22318,-0.5827300754809025,Transfer,Outside_bank,2019-12-12,Thu,14,2,51213570.0,349041,Android,108.82.xx.xx (HN),F,2019-04-08,1975-07-30,0,2019-04-08,BRANCH,0,SMART_OTP,Businessman,51213570.0,1,51213570.0,1,51213570.0,1,51213570.0,1,51213570.0,1,102427140.0,3,104584683.90777777,68009692.85714285,7,29.208333333333332,1,5860.0,LOGIN,0.0,6.0,1.5105664531588612,-1.7413225245178292
22338,-0.6101305942694016,Transfer,Within_bank,2019-08-07,Wed,4,1,20000000.0,642447,iOS,88.115.xx.xx (NA),M,2019-01-15,1981-10-05,0,2019-06-08,MYbank,1,SMART_OTP,Working,20000000.0,1,20000000.0,1,22000000.0,3,22020000.0,4,52040000.0,6,56400000.0,14,9557670.195833335,1619521.7391304348,69,0.7083333333333334,3,1425.0,LOGIN,0.0,26.0,0.2540922035142565,-1.1616899749389067
22393,-0.6141512844699774,Payment,Credit_card_repayment,2019-12-19,Thu,16,1,2506400.0,NaN,Web,184.100.xx.xx (CT),F,2019-09-04,1986-10-28,0,2019-09-10,AUTO-JOB,0,SMART_OTP,Working,2506400.0,1,2506400.0,1,2506400.0,1,2506400.0,1,2506400.0,1,2506400.0,1,12068381.25,2506400.0,1,100.66666666666667,0,2402.0,LOGIN_FACEID,0.40909072314058037,22.0,0.0,-1.1779847719876573
22398,-0.5914986176967175,Transfer,Outside_bank,2019-12-16,Mon,15,2,600000000.0,342321,Android,43.74.xx.xx (HCM),M,2019-07-26,1984-11-06,0,2019-07-26,BRANCH,1,SMART_OTP,Commercial associate,600000000.0,1,600000000.0,1,600000000.0,1,600000000.0,1,600000000.0,1,600000000.0,1,49682617.00666667,466516666.6666667,3,143.625,1,3336.0,LOGIN,0.0,3.0,0.0,-1.2995644289692534
22487,-0.6115218305118479,Transfer,Outside_bank,2019-08-22,Thu,5,2,5472000.0,311818,Android,154.18.xx.xx (HCM),M,2019-07-11,1986-07-17,0,2019-07-11,BRANCH,1,SMART_OTP,Working,5472000.0,1,5792000.0,2,6372000.0,4,6752000.0,5,10125000.0,14,14210000.0,28,121641.22000000002,635292.9292929292,99,0.125,4,999.0,LOGIN,0.0,38.0,0.13603643053757672,-1.4793287768488466
22487,-0.5648970336636838,Transfer,Outside_bank,2019-10-29,Tue,1,1,260000.0,637068,Android,80.156.xx.xx (HCM),M,2019-07-11,1986-07-17,0,2019-07-11,BRANCH,1,SMART_OTP,Working,260000.0,1,260000.0,1,260000.0,1,260000.0,1,260000.0,1,260000.0,1,121641.22000000002,635292.9292929292,99,33.583333333333336,1,999.0,LOGIN,0.0,100.0,0.13603643053757672,-1.4793287768488466
22536,-0.569133960147623,Transfer,Outside_bank,2019-10-22,Tue,15,1,50000000.0,522773,iOS,149.183.xx.xx (HN),F,2019-01-17,1987-06-26,0,2019-01-17,BRANCH,1,SMART_OTP,Working,50000000.0,1,50000000.0,1,50000000.0,1,50000000.0,1,50600000.0,3,110412000.0,21,6121273.391666667,5466756.1983471075,121,2.9583333333333335,1,6673.0,LOGIN,0.0,130.0,0.16960295092886649,-1.1706172827936046
22574,-0.5675758237580901,Transfer,Within_bank,2019-06-03,Mon,19,1,100000000.0,206154,iOS,210.22.xx.xx (CT),F,2019-03-27,1988-06-03,0,2019-03-27,BRANCH,1,SMART_OTP,Working,100000000.0,1,100000000.0,1,100000000.0,1,100000000.0,1,100300000.0,2,344555000.0,18,3302507.896,12355327.15,120,4.5,1,1637.0,LOGIN,0.4623655665394857,186.0,0.10393091127342272,-1.2166300402146726
22574,-0.5704645394614465,Transfer,Within_bank,2019-06-11,Tue,17,1,100000000.0,616641,iOS,19.194.xx.xx (CT),F,2019-03-27,1988-06-03,0,2019-03-27,BRANCH,1,SMART_OTP,Working,100000000.0,1,100000000.0,1,100000000.0,1,100000000.0,1,100400000.0,2,414955000.0,19,3302507.896,12355327.15,120,4.791666666666667,1,1827.0,LOGIN_FINGER,0.4536082240408132,194.0,0.10393091127342272,-1.2166300402146726
22574,-0.5683296633498625,Topup,Mobile,2019-10-20,Sun,1,1,200000.0,NaN,iOS,122.57.xx.xx (CT),F,2019-03-27,1988-06-03,0,2019-03-27,BRANCH,1,SMART_OTP,Working,200000.0,1,200000.0,1,200000.0,1,499000.0,2,21249000.0,6,21499000.0,8,3302507.896,12355327.15,120,1.6666666666666667,0,4955.0,LOGIN_FINGER,0.4651898586965235,316.0,0.10393091127342272,-1.2166300402146726
22696,-0.6169257495775547,Transfer,Outside_bank,2019-10-15,Tue,23,2,30800000.0,385504,Android,209.98.xx.xx (HN),F,2019-04-01,1980-01-13,0,2019-04-17,BRANCH,0,SMART_OTP,Working,30800000.0,1,30800000.0,1,30800000.0,1,30800000.0,1,30800000.0,1,30800000.0,1,1745844.71,8614432.5,4,181.95833333333334,1,4357.0,LOGIN,0.0,24.0,0.0,-1.9457142404995311
22696,-0.5854152229810896,Payment,Utilities_payment,2019-12-03,Tue,11,1,1946492.0,NaN,Android,231.202.xx.xx (HN),F,2019-04-01,1980-01-13,0,2019-04-17,BRANCH,0,SMART_OTP,Working,1946492.0,1,1946492.0,1,1946492.0,1,1946492.0,1,1946492.0,1,1946492.0,1,1745844.71,8614432.5,4,35.833333333333336,0,5521.0,LOGIN,0.0,70.0,0.0,-1.9457142404995311
22702,-0.5682640753888031,Transfer,Outside_bank,2019-09-17,Tue,9,4,559524000.0,487647,Android,236.8.xx.xx (HN),F,2019-07-24,1968-04-19,0,2019-07-24,BRANCH,1,SMART_OTP,Businessman,909171000.0,3,909171000.0,3,910171000.0,4,910171000.0,4,951151000.0,8,987034234.0,15,53368466.08166667,65726391.21348315,89,0.041666666666666664,3,1320.0,LOGIN,0.0,23.0,0.04347499089458146,-1.2917615848387585
22702,-0.5779928843659575,Transfer,Outside_bank,2019-11-18,Mon,8,4,743992000.0,367166,Android,15.226.xx.xx (HN),F,2019-07-24,1968-04-19,0,2019-07-24,BRANCH,1,SMART_OTP,Businessman,992798000.0,2,992798000.0,2,993598000.0,3,1120962000.0,5,1169663000.0,9,1677205000.0,20,53368466.08166667,65726391.21348315,89,0.0,3,2807.0,LOGIN,0.0,65.0,0.04347499089458146,-1.2917615848387585
22703,-0.565299375155769,Topup,Mobile,2019-05-07,Tue,22,2,20000.0,NaN,Android,145.116.xx.xx (HN),F,2019-03-18,1972-11-21,0,2019-03-18,BRANCH,1,SMS,State servant,40000.0,2,40000.0,2,40000.0,2,40000.0,2,40000.0,2,40000.0,2,3478190.1240000003,523007.4736842105,38,50.916666666666664,0,1.0,LOGIN,0.0,1.0,0.5730517208876409,-1.333780213113084
22802,-0.6282618627252969,Payment,Credit_card_repayment,2019-12-23,Mon,10,1,21026581.0,NaN,iOS,99.200.xx.xx (HN),M,2019-10-01,1992-10-16,0,2019-10-01,BRANCH,0,SMART_OTP,Working,21026581.0,1,21026581.0,1,21026581.0,1,21026581.0,1,21026581.0,1,21026581.0,1,279731.32,21026581.0,1,83.41666666666667,0,1266.0,LOGIN,0.0,16.0,0.0,-1.1183576532590949
22836,-0.5744812514873776,Payment,Credit_card_repayment,2019-06-13,Thu,14,1,1155000.0,NaN,Android,138.130.xx.xx (NA),M,2019-02-14,1981-03-20,0,2019-05-03,MYbank,0,SMART_OTP,Working,1155000.0,1,1155000.0,1,1155000.0,1,1155000.0,1,1155000.0,1,1155000.0,1,319198.61,6650692.5,6,41.583333333333336,0,988.0,LOGIN,0.0,1.0,0.7935222723242179,-1.4215142807635899
22836,-0.6091434944528823,Payment,Credit_card_repayment,2019-07-22,Mon,21,1,10593895.0,NaN,Android,84.139.xx.xx (NA),M,2019-02-14,1981-03-20,0,2019-05-03,MYbank,0,SMART_OTP,Working,10593895.0,1,10593895.0,1,10593895.0,1,10593895.0,1,10593895.0,1,10593895.0,1,319198.61,6650692.5,6,39.291666666666664,0,1931.0,LOGIN,0.0,3.0,0.7935222723242179,-1.4215142807635899
22836,-0.6132923247673463,Payment,Credit_card_repayment,2019-08-26,Mon,15,1,15064133.0,NaN,Android,200.221.xx.xx (NA),M,2019-02-14,1981-03-20,0,2019-05-03,MYbank,0,SMART_OTP,Working,15064133.0,1,15064133.0,1,15064133.0,1,15064133.0,1,15064133.0,1,15064133.0,1,319198.61,6650692.5,6,34.75,0,2765.0,LOGIN,0.0,4.0,0.7935222723242179,-1.4215142807635899
22836,-0.6016291013270505,Payment,Credit_card_repayment,2019-09-25,Wed,9,1,9853279.0,NaN,Android,34.103.xx.xx (NA),M,2019-02-14,1981-03-20,0,2019-05-03,MYbank,0,SMART_OTP,Working,9853279.0,1,9853279.0,1,9853279.0,1,9853279.0,1,9853279.0,1,24917412.0,2,319198.61,6650692.5,6,29.75,0,3479.0,LOGIN,0.0,5.0,0.7935222723242179,-1.4215142807635899
22836,-0.608745200742043,Payment,Credit_card_repayment,2019-12-27,Fri,12,1,3125590.0,NaN,Android,6.5.xx.xx (NA),M,2019-02-14,1981-03-20,0,2019-05-03,MYbank,0,SMART_OTP,Working,3125590.0,1,3125590.0,1,3125590.0,1,3125590.0,1,3125590.0,1,3125590.0,1,319198.61,6650692.5,6,63.041666666666664,0,5714.0,LOGIN,0.0,10.0,0.7935222723242179,-1.4215142807635899
22847,-0.5689620298074635,Transfer,Outside_bank,2019-09-20,Fri,10,1,200000.0,433633,Android,125.142.xx.xx (HN),M,2019-01-22,1968-05-28,0,2019-01-29,BRANCH,0,SMART_OTP,State servant,200000.0,1,200000.0,1,200000.0,1,200000.0,1,200000.0,1,200000.0,1,2897639.8541666665,1504809.5238095238,42,146.5,1,5608.0,LOGIN_FINGER,0.393939334251616,66.0,0.41578450184702453,-1.0638071286436832
22847,-0.5816289125283343,Transfer,Within_bank,2019-11-11,Mon,18,1,10000000.0,197818,Android,240.226.xx.xx (HN),M,2019-01-22,1968-05-28,0,2019-01-29,BRANCH,0,SMART_OTP,State servant,10000000.0,1,10000000.0,1,10050000.0,2,10050000.0,2,10050000.0,2,15800000.0,9,2897639.8541666665,1504809.5238095238,42,0.16666666666666666,1,6864.0,LOGIN,0.4285713877551059,105.0,0.41578450184702453,-1.0638071286436832
22891,-0.5668447874842378,Payment,Credit_card_repayment,2019-09-26,Thu,15,1,1011468.0,NaN,iOS,20.120.xx.xx (BD),M,2019-04-05,1974-10-26,0,2019-08-16,BRANCH,0,SMART_OTP,Commercial associate,1011468.0,1,1011468.0,1,1011468.0,1,1011468.0,1,1011468.0,1,1011468.0,1,39828539.422,7950404.0,7,31.25,0,966.0,LOGIN,0.0,19.0,0.6716162927752429,-0.657583377284214
22891,-0.5736338892756498,Payment,Credit_card_repayment,2019-11-24,Sun,10,1,1130617.0,NaN,iOS,53.236.xx.xx (BD),M,2019-04-05,1974-10-26,0,2019-08-16,BRANCH,0,SMART_OTP,Commercial associate,1130617.0,1,1130617.0,1,1130617.0,1,1130617.0,1,1130617.0,1,1130617.0,1,39828539.422,7950404.0,7,32.0,0,2377.0,LOGIN,0.0,31.0,0.6716162927752429,-0.657583377284214
22891,-0.5779736553514029,Payment,Credit_card_repayment,2019-12-27,Fri,9,1,1105489.0,NaN,iOS,215.89.xx.xx (BD),M,2019-04-05,1974-10-26,0,2019-08-16,BRANCH,0,SMART_OTP,Commercial associate,1105489.0,1,1105489.0,1,1105489.0,1,1105489.0,1,1105489.0,1,1105489.0,1,39828539.422,7950404.0,7,32.958333333333336,0,3168.0,LOGIN,0.0,34.0,0.6716162927752429,-0.657583377284214
22961,-0.6007249100566019,Payment,Credit_card_repayment,2019-08-29,Thu,20,1,957100.0,NaN,Android,218.60.xx.xx (HN),M,2019-07-10,1991-07-02,0,2019-07-10,AUTO-JOB,0,SMART_OTP,Working,957100.0,1,957100.0,1,957100.0,1,957100.0,1,957100.0,1,957100.0,1,82975.94200000001,2283487.8,5,50.833333333333336,0,999.0,LOGIN,0.0714285204081997,14.0,0.8012037716928812,-0.8581249670689021
22961,-0.5916317534477857,Payment,Credit_card_repayment,2019-10-24,Thu,12,1,1339917.0,NaN,Android,92.30.xx.xx (HN),M,2019-07-10,1991-07-02,0,2019-07-10,AUTO-JOB,0,SMART_OTP,Working,1339917.0,1,1339917.0,1,1339917.0,1,1339917.0,1,1339917.0,1,1339917.0,1,82975.94200000001,2283487.8,5,34.208333333333336,0,999.0,LOGIN,0.033333322222225924,30.0,0.8012037716928812,-0.8581249670689021
22961,-0.5676081318555305,Payment,Credit_card_repayment,2019-11-18,Mon,16,1,1427167.0,NaN,Android,117.186.xx.xx (HN),M,2019-07-10,1991-07-02,0,2019-07-10,AUTO-JOB,0,SMART_OTP,Working,1427167.0,1,1427167.0,1,1427167.0,1,1427167.0,1,1427167.0,1,2767084.0,2,82975.94200000001,2283487.8,5,25.166666666666668,0,999.0,LOGIN,0.027777770061730538,36.0,0.8012037716928812,-0.8581249670689021
22961,-0.6303694359427955,Payment,Credit_card_repayment,2019-12-25,Wed,16,1,7243255.0,NaN,Web,118.118.xx.xx (TH),M,2019-07-10,1991-07-02,0,2019-07-10,AUTO-JOB,0,SMART_OTP,Working,7243255.0,1,7243255.0,1,7243255.0,1,7243255.0,1,7243255.0,1,7243255.0,1,82975.94200000001,2283487.8,5,37.0,0,999.0,LOGIN,0.026315782548478276,38.0,0.8012037716928812,-0.8581249670689021
23005,-0.5800732960573388,Topup,Mobile,2019-12-10,Tue,0,1,50000.0,NaN,iOS,3.241.xx.xx (HP),F,2019-05-28,1995-12-14,0,2019-06-01,BRANCH,1,SMART_OTP,State servant,50000.0,1,50000.0,1,50000.0,1,50000.0,1,150000.0,2,150000.0,2,447290.9357142857,3131310.3448275863,29,4.333333333333333,0,4503.0,LOGIN,0.46666660444445274,75.0,0.23292631946038528,-1.2697321889685478
23005,-0.580541849319265,Transfer,Outside_bank,2019-12-29,Sun,19,1,21900000.0,465913,iOS,238.35.xx.xx (HP),F,2019-05-28,1995-12-14,0,2019-06-01,BRANCH,1,SMART_OTP,State servant,21900000.0,1,21900000.0,1,21900000.0,1,21900000.0,1,21900000.0,1,22172000.0,6,447290.9357142857,3131310.3448275863,29,13.166666666666666,1,309.0,LOGIN,0.41666661706349795,84.0,0.23292631946038528,-1.2697321889685478
23012,-0.5853446574944287,Payment,Credit_card_repayment,2019-08-09,Fri,15,1,3337150.0,NaN,iOS,207.46.xx.xx (HP),F,2019-06-01,1983-08-01,0,2019-06-03,BRANCH,0,SMART_OTP,Working,3337150.0,1,3337150.0,1,3337150.0,1,3337150.0,1,3337150.0,1,3337150.0,1,731124.0500000002,19377601.125,8,67.625,0,1528.0,LOGIN,0.0,8.0,0.5147230795551496,-1.0212351643632385
23012,-0.5907062814683551,Payment,Credit_card_repayment,2019-12-04,Wed,6,1,349000.0,NaN,iOS,248.109.xx.xx (HP),F,2019-06-01,1983-08-01,0,2019-06-03,BRANCH,0,SMART_OTP,Working,349000.0,1,349000.0,1,349000.0,1,349000.0,1,349000.0,1,349000.0,1,731124.0500000002,19377601.125,8,81.875,0,4327.0,LOGIN,0.0,29.0,0.5147230795551496,-1.0212351643632385
23012,-0.5759794698872048,Transfer,Outside_bank,2019-12-04,Wed,17,1,127000000.0,402680,iOS,108.114.xx.xx (HP),F,2019-06-01,1983-08-01,0,2019-06-03,BRANCH,0,SMART_OTP,Working,127000000.0,1,127000000.0,1,127349000.0,2,127349000.0,2,127349000.0,2,127349000.0,2,731124.0500000002,19377601.125,8,0.4583333333333333,1,4338.0,LOGIN,0.0,32.0,0.5147230795551496,-1.0212351643632385
23026,-0.6239764705150024,Topup,eWallet,2019-08-29,Thu,0,1,10000.0,NaN,Android,251.19.xx.xx (HN),M,2019-06-18,2000-02-19,0,2019-06-18,BRANCH,1,SMART_OTP,Working,10000.0,1,10000.0,1,10000.0,1,10000.0,1,10000.0,1,10000.0,1,246263.5957142857,83000.0,10,72.0,0,1715.0,LOGIN,0.4444441975310014,18.0,0.4400149262816909,-1.3347971065660391
23029,-0.5684316143014638,Payment,Credit_card_repayment,2019-06-16,Sun,14,1,1411568.0,NaN,iOS,106.1.xx.xx (HCM),M,2019-01-07,1987-09-13,0,2019-06-06,BRANCH,1,SMART_OTP,Working,1411568.0,1,1411568.0,1,1411568.0,1,1411568.0,1,1411568.0,1,1411568.0,1,976377.2085714285,36133880.666666664,12,10.583333333333334,0,245.0,LOGIN,0.37499953125058594,8.0,0.7238830024385167,-1.29740114549403
23029,-0.6034433392356298,Payment,Credit_card_repayment,2019-07-31,Wed,22,1,69995000.0,NaN,iOS,173.251.xx.xx (HCM),M,2019-01-07,1987-09-13,0,2019-06-06,BRANCH,1,SMART_OTP,Working,69995000.0,1,69995000.0,1,69995000.0,1,69995000.0,1,69995000.0,1,70195000.0,2,976377.2085714285,36133880.666666664,12,15.291666666666666,0,1333.0,LOGIN_FACEID,0.43478241965981757,23.0,0.7238830024385167,-1.29740114549403
23029,-0.6037559193378057,Payment,Credit_card_repayment,2019-08-21,Wed,10,1,70000000.0,NaN,iOS,186.12.xx.xx (HCM),M,2019-01-07,1987-09-13,0,2019-06-06,BRANCH,1,SMART_OTP,Working,70000000.0,1,70000000.0,1,70000000.0,1,70000000.0,1,70000000.0,1,139995000.0,2,976377.2085714285,36133880.666666664,12,20.5,0,1825.0,LOGIN,0.464285548469447,28.0,0.7238830024385167,-1.29740114549403
23029,-0.6005435404901633,Payment,Credit_card_repayment,2019-10-04,Fri,17,1,2000000.0,NaN,iOS,184.48.xx.xx (HCM),M,2019-01-07,1987-09-13,0,2019-06-06,BRANCH,1,SMART_OTP,Working,2000000.0,1,2000000.0,1,2000000.0,1,2000000.0,1,2000000.0,1,2000000.0,1,976377.2085714285,36133880.666666664,12,44.291666666666664,0,2888.0,LOGIN,0.4705880968858538,34.0,0.7238830024385167,-1.29740114549403
23029,-0.641649979060022,Payment,Credit_card_repayment,2019-11-04,Mon,11,1,70000000.0,NaN,iOS,192.205.xx.xx (HCM),M,2019-01-07,1987-09-13,0,2019-06-06,BRANCH,1,SMART_OTP,Working,70000000.0,1,70000000.0,1,70000000.0,1,70000000.0,1,70000000.0,1,70000000.0,1,976377.2085714285,36133880.666666664,12,30.75,0,3626.0,LOGIN,0.47368408587260896,38.0,0.7238830024385167,-1.29740114549403
23029,-0.5782084170030444,Transfer,Outside_bank,2019-11-27,Wed,13,1,50000000.0,597056,iOS,95.221.xx.xx (HCM),M,2019-01-07,1987-09-13,0,2019-06-06,BRANCH,1,SMART_OTP,Working,50000000.0,1,50000000.0,1,50000000.0,1,50000000.0,1,50000000.0,1,120000000.0,2,976377.2085714285,36133880.666666664,12,23.083333333333332,1,4180.0,LOGIN,0.47916656684029857,48.0,0.7238830024385167,-1.29740114549403
23029,-0.5684873681732976,Payment,Credit_card_repayment,2019-12-05,Thu,8,1,4000000.0,NaN,iOS,173.160.xx.xx (HCM),M,2019-01-07,1987-09-13,0,2019-06-06,BRANCH,1,SMART_OTP,Working,4000000.0,1,4000000.0,1,4000000.0,1,4000000.0,1,23000000.0,2,73000000.0,3,976377.2085714285,36133880.666666664,12,6.958333333333333,0,4367.0,LOGIN_FACEID,0.47169802420791995,53.0,0.7238830024385167,-1.29740114549403
23029,-0.5894487810800045,Payment,Credit_card_repayment,2019-12-06,Fri,11,1,70000000.0,NaN,iOS,123.249.xx.xx (HCM),M,2019-01-07,1987-09-13,0,2019-06-06,BRANCH,1,SMART_OTP,Working,70000000.0,1,70000000.0,1,70000000.0,1,74000000.0,2,74000000.0,2,143000000.0,4,976377.2085714285,36133880.666666664,12,1.125,0,4394.0,LOGIN_FACEID,0.4727271867768751,55.0,0.7238830024385167,-1.29740114549403
23029,-0.6276618556270048,Payment,Credit_card_repayment,2019-12-23,Mon,11,1,70000000.0,NaN,iOS,125.68.xx.xx (HCM),M,2019-01-07,1987-09-13,0,2019-06-06,BRANCH,1,SMART_OTP,Working,70000000.0,1,70000000.0,1,70000000.0,1,70000000.0,1,70000000.0,1,213000000.0,5,976377.2085714285,36133880.666666664,12,17.0,0,4802.0,LOGIN,0.4821427710459337,56.0,0.7238830024385167,-1.29740114549403
23064,-0.5990475187776044,Transfer,Outside_bank,2019-12-06,Fri,20,1,35000000.0,591693,Android,97.2.xx.xx (HN),M,2019-01-28,1986-12-25,0,2019-01-28,BRANCH,0,SMART_OTP,State servant,35000000.0,1,35000000.0,1,35000000.0,1,35000000.0,1,35000000.0,1,35000000.0,1,1248441.6991666667,9217000.0,10,88.0,1,7491.0,LOGIN_FINGER,0.1099999890000011,100.0,0.3966039323989442,-1.0574556204253258
23082,-0.6235800735748983,Payment,Credit_card_repayment,2019-06-24,Mon,9,1,3019222.0,NaN,Android,140.85.xx.xx (HCM),M,2019-01-21,1974-07-14,0,2019-01-21,BRANCH,1,SMS,Commercial associate,3019222.0,1,3019222.0,1,3019222.0,1,3019222.0,1,3019222.0,1,3019222.0,1,1970493.0916666668,3686955.3333333335,6,154.375,0,1458.0,LOGIN,0.0,5.0,1.3307226562448229,-1.2488154735231636
23082,-0.6047835900450983,Payment,Credit_card_repayment,2019-07-25,Thu,7,1,3322222.0,NaN,Android,187.163.xx.xx (HCM),M,2019-01-21,1974-07-14,0,2019-01-21,BRANCH,1,SMS,Commercial associate,3322222.0,1,3322222.0,1,3322222.0,1,3322222.0,1,3322222.0,1,3322222.0,1,1970493.0916666668,3686955.3333333335,6,30.916666666666668,0,2200.0,LOGIN,0.0,6.0,1.3307226562448229,-1.2488154735231636
23082,-0.5799617115079752,Payment,Credit_card_repayment,2019-08-23,Fri,20,1,3322222.0,NaN,Android,39.97.xx.xx (HCM),M,2019-01-21,1974-07-14,0,2019-01-21,BRANCH,1,SMS,Commercial associate,3322222.0,1,3322222.0,1,3322222.0,1,3322222.0,1,3322222.0,1,6644444.0,2,1970493.0916666668,3686955.3333333335,6,29.541666666666668,0,2909.0,LOGIN,0.0,8.0,1.3307226562448229,-1.2488154735231636
23082,-0.6234908114507149,Payment,Credit_card_repayment,2019-10-24,Thu,8,1,4000000.0,NaN,Android,31.169.xx.xx (HCM),M,2019-01-21,1974-07-14,0,2019-01-21,BRANCH,1,SMS,Commercial associate,4000000.0,1,4000000.0,1,4000000.0,1,4000000.0,1,4000000.0,1,4000000.0,1,1970493.0916666668,3686955.3333333335,6,61.5,0,4385.0,LOGIN,0.0,13.0,1.3307226562448229,-1.2488154735231636
23082,-0.6215407106225991,Payment,Credit_card_repayment,2019-11-24,Sun,8,1,3340244.0,NaN,Android,240.215.xx.xx (HCM),M,2019-01-21,1974-07-14,0,2019-01-21,BRANCH,1,SMS,Commercial associate,3340244.0,1,3340244.0,1,3340244.0,1,3340244.0,1,3340244.0,1,3340244.0,1,1970493.0916666668,3686955.3333333335,6,31.0,0,5129.0,LOGIN,0.0,14.0,1.3307226562448229,-1.2488154735231636
23082,-0.6102510810935107,Payment,Credit_card_repayment,2019-12-23,Mon,20,1,5117822.0,NaN,Android,246.42.xx.xx (HCM),M,2019-01-21,1974-07-14,0,2019-01-21,BRANCH,1,SMS,Commercial associate,5117822.0,1,5117822.0,1,5117822.0,1,5117822.0,1,5117822.0,1,8458066.0,2,1970493.0916666668,3686955.3333333335,6,29.5,0,5837.0,LOGIN,0.0,16.0,1.3307226562448229,-1.2488154735231636
23132,-0.6033297716797026,Transfer,Outside_bank,2019-12-19,Thu,8,1,111137500.0,671811,iOS,19.138.xx.xx (HCM),F,2019-06-11,1988-03-04,0,2019-06-11,BRANCH,0,SMART_OTP,Working,111137500.0,1,111137500.0,1,111137500.0,1,111137500.0,1,111137500.0,1,111137500.0,1,26007403.61285714,40379166.666666664,3,188.75,1,4575.0,LOGIN,0.0,37.0,0.0,-0.7558146035835097
23192,-0.5909110632223354,Transfer,Outside_bank,2019-06-24,Mon,0,1,15000000.0,727844,Android,31.196.xx.xx (BD),M,2019-05-27,1990-09-21,0,2019-05-27,BRANCH,0,SMART_OTP,Commercial associate,15000000.0,1,15000000.0,1,15000000.0,1,15000000.0,1,15000000.0,1,15500000.0,2,4192102.31,2620220.3333333335,24,21.5,1,661.0,LOGIN,0.0,22.0,0.13927630751333753,-0.9574071870402008
23192,-0.571275433873003,Payment,Utilities_payment,2019-08-07,Wed,1,2,381460.0,NaN,Android,141.135.xx.xx (BD),M,2019-05-27,1990-09-21,0,2019-05-27,BRANCH,0,SMART_OTP,Commercial associate,987810.0,2,987810.0,2,987810.0,2,987810.0,2,1000000.0,3,1745000.0,5,4192102.31,2620220.3333333335,24,2.3333333333333335,0,1718.0,LOGIN,0.0,36.0,0.13927630751333753,-0.9574071870402008
23192,-0.5665147282761595,Payment,Utilities_payment,2019-09-06,Fri,0,1,276276.0,NaN,Android,167.93.xx.xx (BD),M,2019-05-27,1990-09-21,0,2019-05-27,BRANCH,0,SMART_OTP,Commercial associate,276276.0,1,276276.0,1,276276.0,1,8300656.0,3,8828078.0,4,12815888.0,7,4192102.31,2620220.3333333335,24,1.0833333333333333,0,2437.0,LOGIN,0.0,60.0,0.13927630751333753,-0.9574071870402008
23192,-0.5695130247936234,Payment,Utilities_payment,2019-10-18,Fri,1,1,70415.0,NaN,Android,29.86.xx.xx (BD),M,2019-05-27,1990-09-21,0,2019-05-27,BRANCH,0,SMART_OTP,Commercial associate,70415.0,1,70415.0,1,70415.0,1,70415.0,1,70415.0,1,485668.0,2,4192102.31,2620220.3333333335,24,11.125,0,3446.0,LOGIN,0.0,81.0,0.13927630751333753,-0.9574071870402008
23192,-0.5782395979579145,Payment,Utilities_payment,2019-12-08,Sun,0,3,381012.0,NaN,Android,251.243.xx.xx (BD),M,2019-05-27,1990-09-21,0,2019-05-27,BRANCH,0,SMART_OTP,Commercial associate,381012.0,1,381012.0,1,381012.0,1,381012.0,1,943292.0,2,2280866.0,4,4192102.31,2620220.3333333335,24,6.041666666666667,0,4669.0,LOGIN,0.0,108.0,0.13927630751333753,-0.9574071870402008
23277,-0.5771741706517207,Transfer,Outside_bank,2019-12-23,Mon,22,1,30000000.0,474020,iOS,217.124.xx.xx (HCM),M,2019-08-05,1997-07-23,0,2019-08-05,BRANCH,1,SMART_OTP,State servant,30000000.0,1,30000000.0,1,30000000.0,1,30000000.0,1,30000000.0,1,30000000.0,1,13435102.830000002,10533333.333333334,3,130.29166666666666,1,3141.0,LOGIN_FINGER,0.4799999680000021,150.0,0.0,-0.9373843980109046
23302,-0.568616876476522,Transfer,Outside_bank,2019-10-28,Mon,23,1,11000000.0,628373,Android,68.97.xx.xx (HN),F,2019-01-24,1993-11-03,1,2019-01-24,BRANCH,1,SMS,Working,11000000.0,1,11000000.0,1,11100000.0,2,11100000.0,2,12500000.0,6,12964000.0,12,1321164.405,560291.9726027397,73,0.375,2,6631.0,LOGIN,0.0,65.0,0.3178576420846612,-1.2546504064198378
23309,-0.5901812813088833,Topup,eWallet,2019-12-11,Wed,0,1,50000.0,NaN,Web,65.224.xx.xx (CT),M,2019-04-05,1995-04-19,0,2019-04-05,BRANCH,0,SMART_OTP,State servant,50000.0,1,50000.0,1,50000.0,1,50000.0,1,50000.0,1,762000.0,4,448639.6455555556,455888.8888888889,27,29.125,0,4370.0,LOGIN,0.0,56.0,0.27695912990671673,-1.7337035269061596
23309,-0.6046197635060186,Topup,eWallet,2019-12-12,Thu,0,2,500000.0,NaN,Web,160.42.xx.xx (CT),M,2019-04-05,1995-04-19,0,2019-04-05,BRANCH,0,SMART_OTP,State servant,500000.0,1,500000.0,1,750000.0,3,750000.0,3,750000.0,3,750000.0,3,448639.6455555556,455888.8888888889,27,0.3333333333333333,0,4394.0,LOGIN,0.0,58.0,0.27695912990671673,-1.7337035269061596
23330,-0.6018270952414524,Transfer,Outside_bank,2019-09-11,Wed,1,1,280000.0,696019,Android,104.160.xx.xx (HN),M,2019-07-01,2001-06-06,0,2019-07-01,BRANCH,1,SMART_OTP,Businessman,280000.0,1,280000.0,1,280000.0,1,280000.0,1,280000.0,1,280000.0,1,503273.29833333334,110652.17391304347,23,31.25,1,999.0,LOGIN_FINGER,0.3913041776938358,23.0,0.40230010079967043,-1.7315458852100247
23330,-0.5705287162291401,Topup,Mobile,2019-11-02,Sat,0,1,20000.0,NaN,Android,119.2.xx.xx (HN),M,2019-07-01,2001-06-06,0,2019-07-01,BRANCH,1,SMART_OTP,Businessman,20000.0,1,20000.0,1,20000.0,1,20000.0,1,30000.0,2,1160000.0,4,503273.29833333334,110652.17391304347,23,2.1666666666666665,0,999.0,LOGIN_FINGER,0.3999998857143183,35.0,0.40230010079967043,-1.7315458852100247
23345,-0.5765909440138687,Transfer,Outside_bank,2019-11-04,Mon,15,2,18000000.0,841961,iOS,139.13.xx.xx (HN),M,2019-04-25,1976-07-02,0,2019-08-03,MYbank,0,SMART_OTP,Businessman,18000000.0,1,18000000.0,1,18000000.0,1,18000000.0,1,18000000.0,1,18000000.0,1,8557658.6,40666666.666666664,3,93.625,1,2236.0,LOGIN_FACEID,0.4852940462802873,68.0,0.0,-1.3067782340700493
23375,-0.5825853716612166,Transfer,Within_bank,2019-08-01,Thu,7,1,100000000.0,944546,Android,226.29.xx.xx (NA),M,2019-06-27,1985-01-02,0,2019-06-27,BRANCH,1,SMART_OTP,Working,100000000.0,1,100000000.0,1,100000000.0,1,100000000.0,1,100000000.0,1,100000000.0,1,47474130.30142857,16772500.0,12,35.291666666666664,1,999.0,LOGIN,0.0,1.0,0.3886847572965781,-1.05741142089304
23385,-0.585067302469747,Transfer,Within_bank,2019-06-15,Sat,8,1,20000000.0,936502,iOS,90.139.xx.xx (BD),M,2019-05-13,1982-01-01,0,2019-05-13,BRANCH,1,SMS,State servant,20000000.0,1,20050000.0,2,20150000.0,3,20150000.0,3,20200000.0,4,27500000.0,11,2097047.58,1086000.0,35,0.08333333333333333,1,791.0,LOGIN,0.0,21.0,0.72769354117604,-1.1352274147818733
23397,-0.6133392291046682,Payment,Credit_card_repayment,2019-03-19,Tue,22,1,5899378.0,NaN,iOS,171.3.xx.xx (HCM),M,2019-01-09,1986-09-04,0,2019-01-18,BRANCH,1,SMART_OTP,Businessman,5899378.0,1,5899378.0,1,5899378.0,1,5899378.0,1,5899378.0,1,5899378.0,1,1365280.1491666667,67461062.0909091,22,56.416666666666664,0,1449.0,LOGIN,0.4399998240000704,25.0,0.3398409180226444,-1.224580246343168
23397,-0.615802780694687,Payment,Credit_card_repayment,2019-04-28,Sun,10,1,12547650.0,NaN,iOS,18.12.xx.xx (HCM),M,2019-01-09,1986-09-04,0,2019-01-18,BRANCH,1,SMART_OTP,Businessman,12547650.0,1,12547650.0,1,12547650.0,1,12547650.0,1,12547650.0,1,12547650.0,1,1365280.1491666667,67461062.0909091,22,39.5,0,2397.0,LOGIN,0.4615383431952966,39.0,0.3398409180226444,-1.224580246343168
23397,-0.5802049265512148,Payment,Credit_card_repayment,2019-05-22,Wed,13,1,4519050.0,NaN,iOS,81.165.xx.xx (HCM),M,2019-01-09,1986-09-04,0,2019-01-18,BRANCH,1,SMART_OTP,Businessman,4519050.0,1,4519050.0,1,4519050.0,1,4519050.0,1,4519050.0,1,17066700.0,2,1365280.1491666667,67461062.0909091,22,24.125,0,2976.0,LOGIN,0.47368412742383725,57.0,0.3398409180226444,-1.224580246343168
23397,-0.6046819226395626,Payment,Credit_card_repayment,2019-07-06,Sat,11,1,9928950.0,NaN,iOS,91.80.xx.xx (HCM),M,2019-01-09,1986-09-04,0,2019-01-18,BRANCH,1,SMART_OTP,Businessman,9928950.0,1,9928950.0,1,9928950.0,1,9928950.0,1,9928950.0,1,10113085.0,2,1365280.1491666667,67461062.0909091,22,27.916666666666668,0,4054.0,LOGIN,0.48101259734017754,79.0,0.3398409180226444,-1.224580246343168
23397,-0.6278718640643592,Payment,Credit_card_repayment,2019-07-24,Wed,21,1,141000000.0,NaN,iOS,152.82.xx.xx (HCM),M,2019-01-09,1986-09-04,0,2019-01-18,BRANCH,1,SMART_OTP,Businessman,141000000.0,1,141000000.0,1,141000000.0,1,141000000.0,1,141000000.0,1,151013860.0,3,1365280.1491666667,67461062.0909091,22,11.375,0,4496.0,LOGIN,0.4814814220393306,81.0,0.3398409180226444,-1.224580246343168
23397,-0.5830758617520362,Payment,Credit_card_repayment,2019-07-25,Thu,11,1,35473169.0,NaN,iOS,3.20.xx.xx (HCM),M,2019-01-09,1986-09-04,0,2019-01-18,BRANCH,1,SMART_OTP,Businessman,35473169.0,1,35473169.0,1,176473169.0,2,176473169.0,2,176473169.0,2,186487029.0,4,1365280.1491666667,67461062.0909091,22,0.5833333333333334,0,4510.0,LOGIN_FINGER,0.46987946146030585,83.0,0.3398409180226444,-1.224580246343168
23397,-0.619275719712598,Transfer,Outside_bank,2019-07-25,Thu,13,3,900000000.0,223847,iOS,242.94.xx.xx (HCM),M,2019-01-09,1986-09-04,0,2019-01-18,BRANCH,1,SMART_OTP,Businessman,900000000.0,1,935473169.0,2,1076473169.0,3,1076473169.0,3,1076473169.0,3,1086487029.0,5,1365280.1491666667,67461062.0909091,22,0.08333333333333333,1,4512.0,LOGIN_FINGER,0.4705881799308023,85.0,0.3398409180226444,-1.224580246343168
23397,-0.5789590660906105,Payment,Credit_card_repayment,2019-08-18,Sun,16,1,5700000.0,NaN,iOS,134.200.xx.xx (HCM),M,2019-01-09,1986-09-04,0,2019-01-18,BRANCH,1,SMART_OTP,Businessman,5700000.0,1,5700000.0,1,5700000.0,1,5700000.0,1,5700000.0,1,1259282409.0,6,1365280.1491666667,67461062.0909091,22,9.166666666666666,0,5091.0,LOGIN,0.47368416066482516,95.0,0.3398409180226444,-1.224580246343168
23397,-0.5981348523853385,Payment,Credit_card_repayment,2019-10-01,Tue,17,1,13491754.0,NaN,iOS,45.141.xx.xx (HCM),M,2019-01-09,1986-09-04,0,2019-01-18,BRANCH,1,SMART_OTP,Businessman,13491754.0,1,13491754.0,1,13491754.0,1,13491754.0,1,13601754.0,2,13702884.0,3,1365280.1491666667,67461062.0909091,22,3.2916666666666665,0,6148.0,LOGIN_FINGER,0.4736841689750729,114.0,0.3398409180226444,-1.224580246343168
23397,-0.6286736595451254,Payment,Credit_card_repayment,2019-10-09,Wed,20,2,158350000.0,NaN,iOS,155.91.xx.xx (HCM),M,2019-01-09,1986-09-04,0,2019-01-18,BRANCH,1,SMART_OTP,Businessman,158350000.0,1,158350000.0,1,158350000.0,1,158350000.0,1,158350000.0,1,171951754.0,3,1365280.1491666667,67461062.0909091,22,8.125,0,6343.0,LOGIN,0.47580641324141826,124.0,0.3398409180226444,-1.224580246343168
23397,-0.5908590621013308,Payment,Credit_card_repayment,2019-10-19,Sat,13,1,17716667.0,NaN,iOS,165.226.xx.xx (HCM),M,2019-01-09,1986-09-04,0,2019-01-18,BRANCH,1,SMART_OTP,Businessman,17916667.0,2,17916667.0,2,17916667.0,2,18150850.0,3,18150850.0,3,190203734.0,7,1365280.1491666667,67461062.0909091,22,0.041666666666666664,1,6576.0,LOGIN,0.4652777454668232,144.0,0.3398409180226444,-1.224580246343168
23397,-0.5858440043002359,Payment,Utilities_payment,2019-12-07,Sat,19,1,93020.0,NaN,iOS,133.188.xx.xx (HCM),M,2019-01-09,1986-09-04,0,2019-01-18,BRANCH,1,SMART_OTP,Businessman,93020.0,1,93020.0,1,93020.0,1,93020.0,1,93020.0,1,93020.0,1,1365280.1491666667,67461062.0909091,22,49.25,0,7758.0,LOGIN,0.464968123250438,157.0,0.3398409180226444,-1.224580246343168
23412,-0.5912148700244466,Transfer,Outside_bank,2019-10-30,Wed,10,2,326500000.0,542409,Android,178.179.xx.xx (HP),F,2019-06-27,1993-02-14,0,2019-06-27,BRANCH,0,SMS,Commercial associate,326500000.0,1,326500000.0,1,326500000.0,1,326500000.0,1,326500000.0,1,326500000.0,1,2561350.69,326500000.0,1,125.41666666666667,1,999.0,LOGIN,0.0,19.0,0.0,-0.8434496250473745
23511,-0.5793341679434918,Topup,eWallet,2019-11-06,Wed,0,1,100000.0,NaN,iOS,58.227.xx.xx (HCM),M,2019-10-26,1997-07-08,0,2019-10-26,BRANCH,1,SMART_OTP,Commercial associate,100000.0,1,100000.0,1,3130000.0,3,3160000.0,4,3660000.0,5,3660000.0,5,4644019.613333333,876609.5675675676,37,0.4166666666666667,1,243.0,LOGIN,0.0,9.0,0.11549543754760783,-1.2985252928330664
23533,-0.5890081244761466,Topup,eWallet,2019-11-13,Wed,8,1,6900000.0,NaN,Android,38.19.xx.xx (HCM),M,2019-08-15,1980-01-01,0,2019-08-19,AUTO-JOB,0,SMART_OTP,Working,6900000.0,1,6900000.0,1,7300000.0,4,7300000.0,4,7320000.0,5,12460000.0,16,663425.4639999999,579785.4444444445,27,0.7083333333333334,0,2028.0,LOGIN,0.0,95.0,0.186366577522112,-0.7844743336202777
23536,-0.6037703155767139,Topup,eWallet,2019-11-14,Thu,1,1,200000.0,NaN,Web,28.250.xx.xx (HCM),M,2019-10-25,1996-01-18,0,2019-10-25,BRANCH,1,SMART_OTP,State servant,200000.0,1,200000.0,1,200000.0,1,200000.0,1,200000.0,1,200000.0,1,7327359.335,115000.0,4,20.041666666666668,0,310.0,LOGIN,0.0,6.0,0.0,-0.7752511905508903
23536,-0.5917499823884584,Topup,eWallet,2019-12-08,Sun,0,1,10000.0,NaN,Web,148.26.xx.xx (HCM),M,2019-10-25,1996-01-18,0,2019-10-25,BRANCH,1,SMART_OTP,State servant,10000.0,1,10000.0,1,10000.0,1,10000.0,1,10000.0,1,210000.0,2,7327359.335,115000.0,4,23.958333333333332,0,885.0,LOGIN,0.0,10.0,0.0,-0.7752511905508903
23675,-0.5972173720535159,Payment,Credit_card_repayment,2019-12-06,Fri,13,1,926800.0,NaN,Web,20.173.xx.xx (BD),M,2019-09-14,1986-07-03,0,2019-09-19,BRANCH,1,SMART_OTP,Businessman,926800.0,1,926800.0,1,926800.0,1,926800.0,1,926800.0,1,926800.0,1,864789.9075,926800.0,1,78.54166666666667,0,1873.0,LOGIN,0.0,23.0,0.0,-1.1178920868234978
23718,-0.5658795502043864,Transfer,Outside_bank,2019-12-20,Fri,17,4,20500000.0,214972,Android,150.20.xx.xx (NA),F,2019-05-28,1985-05-19,0,2019-05-28,BRANCH,1,SMART_OTP,Working,20500000.0,1,20500000.0,1,20500000.0,1,23080000.0,2,23964000.0,3,65718159.0,23,1628870.4075,2346858.465116279,43,1.1666666666666667,1,4949.0,LOGIN,0.1847825886105882,92.0,0.042906570613297584,-1.015010103745011
23719,-0.6647637966034813,Payment,Credit_card_repayment,2019-08-06,Tue,12,1,99000000.0,NaN,iOS,126.185.xx.xx (TH),M,2019-05-08,1983-09-16,0,2019-05-08,BRANCH,0,SMART_OTP,Working,99000000.0,1,99000000.0,1,99000000.0,1,99000000.0,1,99000000.0,1,99000000.0,1,393331.58999999997,76558316.2,5,90.5,0,2152.0,LOGIN,0.33333277777870374,6.0,1.2434817967040774,-1.2687040596177221
23719,-0.659521951721029,Payment,Credit_card_repayment,2019-09-06,Fri,15,1,108514034.0,NaN,iOS,172.128.xx.xx (TH),M,2019-05-08,1983-09-16,0,2019-05-08,BRANCH,0,SMART_OTP,Working,108514034.0,1,108514034.0,1,108514034.0,1,108514034.0,1,108514034.0,1,108514034.0,1,393331.58999999997,76558316.2,5,31.125,0,2899.0,LOGIN,0.2857138775516035,7.0,1.2434817967040774,-1.2687040596177221
23719,-0.6129265313427923,Payment,Credit_card_repayment,2019-10-04,Fri,16,1,5277547.0,NaN,iOS,227.149.xx.xx (TH),M,2019-05-08,1983-09-16,0,2019-05-08,BRANCH,0,SMART_OTP,Working,5277547.0,1,5277547.0,1,5277547.0,1,5277547.0,1,5277547.0,1,113791581.0,2,393331.58999999997,76558316.2,5,28.041666666666668,0,3572.0,LOGIN,0.22222197530891633,9.0,1.2434817967040774,-1.2687040596177221
23719,-0.6677654640874304,Payment,Credit_card_repayment,2019-11-04,Mon,11,1,90000000.0,NaN,iOS,225.177.xx.xx (TH),M,2019-05-08,1983-09-16,0,2019-05-08,BRANCH,0,SMART_OTP,Working,90000000.0,1,90000000.0,1,90000000.0,1,90000000.0,1,90000000.0,1,90000000.0,1,393331.58999999997,76558316.2,5,30.791666666666668,0,4311.0,LOGIN,0.1818180165290759,11.0,1.2434817967040774,-1.2687040596177221
23719,-0.6685248282644691,Payment,Credit_card_repayment,2019-12-04,Wed,19,1,80000000.0,NaN,iOS,91.187.xx.xx (NA),M,2019-05-08,1983-09-16,0,2019-05-08,BRANCH,0,SMART_OTP,Working,80000000.0,1,80000000.0,1,80000000.0,1,80000000.0,1,80000000.0,1,80000000.0,1,393331.58999999997,76558316.2,5,30.333333333333332,0,5039.0,LOGIN,0.1428570408163994,14.0,1.2434817967040774,-1.2687040596177221
23738,-0.5794151427510488,Transfer,Outside_bank,2019-12-14,Sat,9,1,650000.0,224690,iOS,116.70.xx.xx (HCM),F,2019-10-21,1972-01-04,0,2019-10-22,BRANCH,1,SMART_OTP,Commercial associate,650000.0,1,650000.0,1,650000.0,1,650000.0,1,650000.0,1,650000.0,1,42495.84625,650000.0,1,53.375,1,0.0,LOGIN,0.0,0.0,0.0,-1.8898824237982428
23759,-0.5975900179531679,Payment,QR_payment,2019-09-21,Sat,8,1,1337800.0,NaN,Android,167.124.xx.xx (HN),F,2019-05-03,1986-11-14,0,2019-05-03,BRANCH,0,SMS,State servant,1337800.0,1,1337800.0,1,1337800.0,1,1337800.0,1,1337800.0,1,1337800.0,1,8231002.9275,683240.0,2,141.33333333333334,0,3380.0,LOGIN,0.0,19.0,0.0,-0.9949819581106458
23811,-0.6220220424719319,Payment,Credit_card_repayment,2019-09-09,Mon,8,1,60000000.0,NaN,iOS,210.96.xx.xx (HN),M,2019-03-30,1978-01-08,0,2019-04-22,BRANCH,1,SMART_OTP,Working,60000000.0,1,60000000.0,1,60000000.0,1,60000000.0,1,60000000.0,1,60000000.0,1,81197412.27,21782500.0,4,140.33333333333334,0,3355.0,LOGIN,0.0,11.0,0.0,-1.1799496761692483
23830,-0.5946022095563751,Topup,eWallet,2019-05-24,Fri,0,1,100000.0,NaN,Android,165.67.xx.xx (HN),M,2019-05-03,1980-04-05,0,2019-05-03,BRANCH,1,SMART_OTP,Working,100000.0,1,100000.0,1,100000.0,1,100000.0,1,100000.0,1,100000.0,1,123096.23625,1866801.7333333334,15,21.0,0,486.0,LOGIN,0.0,1.0,0.36654526439594587,-1.166715283560634
23830,-0.5728860763018061,Topup,eWallet,2019-05-30,Thu,3,1,10000.0,NaN,Android,118.95.xx.xx (DN),M,2019-05-03,1980-04-05,0,2019-05-03,BRANCH,1,SMART_OTP,Working,10000.0,1,10000.0,1,10000.0,1,10000.0,1,110000.0,2,110000.0,2,123096.23625,1866801.7333333334,15,6.125,0,633.0,LOGIN_FINGER,0.22222197530891633,9.0,0.36654526439594587,-1.166715283560634
23830,-0.5698481194915139,Topup,eWallet,2019-05-30,Thu,4,2,30000.0,NaN,Android,177.219.xx.xx (HN),M,2019-05-03,1980-04-05,0,2019-05-03,BRANCH,1,SMART_OTP,Working,40000.0,2,40000.0,2,40000.0,2,40000.0,2,140000.0,3,140000.0,3,123096.23625,1866801.7333333334,15,0.041666666666666664,0,634.0,LOGIN_FINGER,0.22222197530891633,9.0,0.36654526439594587,-1.166715283560634
23830,-0.6516670446056806,Topup,eWallet,2019-09-13,Fri,3,1,1200000.0,NaN,Android,1.191.xx.xx (HN),M,2019-05-03,1980-04-05,0,2019-05-03,BRANCH,1,SMART_OTP,Working,1200000.0,1,1200000.0,1,1200000.0,1,1200000.0,1,1200000.0,1,1200000.0,1,123096.23625,1866801.7333333334,15,92.625,0,3177.0,LOGIN,0.44999988750002806,40.0,0.36654526439594587,-1.166715283560634
23830,-0.5948609865217077,Transfer,Outside_bank,2019-12-12,Thu,9,1,21000000.0,249461,Android,9.212.xx.xx (HN),M,2019-05-03,1980-04-05,0,2019-05-03,BRANCH,1,SMART_OTP,Working,21000000.0,1,21000000.0,1,21000000.0,1,21000000.0,1,21000000.0,1,23028026.0,4,123096.23625,1866801.7333333334,15,7.25,1,5343.0,LOGIN,0.4741378901605267,116.0,0.36654526439594587,-1.166715283560634
23901,-0.5751904965998477,Transfer,Within_bank,2019-08-30,Fri,16,2,20900000.0,561451,iOS,22.61.xx.xx (HN),M,2019-05-14,1994-12-02,0,2019-05-14,BRANCH,1,SMART_OTP,Working,20900000.0,1,20900000.0,1,20900000.0,1,20900000.0,1,20900000.0,1,22580000.0,7,5779964.035714285,1894312.5,48,12.666666666666666,1,892.0,LOGIN,0.43478241965981757,23.0,0.11615653867121395,-1.555610904110852
23930,-0.5849894291228935,Transfer,Outside_bank,2019-11-19,Tue,11,1,30000000.0,255546,iOS,248.179.xx.xx (HN),F,2019-09-04,1992-09-02,0,2019-09-04,BRANCH,0,SMART_OTP,Commercial associate,30000000.0,1,30000000.0,1,30000000.0,1,30000000.0,1,30000000.0,1,30000000.0,1,195899.62,18450000.0,2,76.45833333333333,1,812.0,LOGIN_FINGER,0.4523808446712274,42.0,0.0,-1.42349358629365
24020,-0.5698334553663634,Transfer,Outside_bank,2019-11-22,Fri,9,1,200000.0,545296,Android,184.77.xx.xx (HCM),F,2019-05-13,1994-05-26,0,2019-05-13,BRANCH,1,SMS,Commercial associate,200000.0,1,200000.0,1,200000.0,1,200000.0,1,200000.0,1,200000.0,1,1414830.7525000002,200000.0,1,193.375,1,4626.0,LOGIN,0.430232508112499,86.0,0.0,-1.2601460988282314
24034,-0.5822474439487278,Topup,Mobile,2019-10-01,Tue,20,1,100000.0,NaN,iOS,5.150.xx.xx (BD),M,2019-03-01,1988-10-16,0,2019-03-01,BRANCH,1,SMS,State servant,100000.0,1,100000.0,1,100000.0,1,100000.0,1,100000.0,1,100000.0,1,163556.753,100000.0,1,214.83333333333334,0,5124.0,LOGIN,0.0,10.0,0.0,-1.3915894877736479
24054,-0.578590526867089,Payment,Credit_card_repayment,2019-04-27,Sat,9,2,462567.0,NaN,Android,217.129.xx.xx (HN),M,2019-03-13,1982-09-25,0,2019-03-22,BRANCH,0,SMART_OTP,Working,462567.0,1,462567.0,1,462567.0,1,462567.0,1,462567.0,1,462567.0,1,297327.806,784444.4444444445,9,36.375,0,837.0,LOGIN,0.42857112244919826,14.0,0.2684595147002755,-1.0518667447153163
24054,-0.5675987010538781,Payment,Credit_card_repayment,2019-06-22,Sat,21,1,249755.0,NaN,Android,73.187.xx.xx (HN),M,2019-03-13,1982-09-25,0,2019-03-22,BRANCH,0,SMART_OTP,Working,249755.0,1,249755.0,1,249755.0,1,249755.0,1,249755.0,1,249755.0,1,297327.806,784444.4444444445,9,30.5,0,2193.0,LOGIN_FINGER,0.4285712244898931,21.0,0.2684595147002755,-1.0518667447153163
24054,-0.5795233603333185,Payment,Credit_card_repayment,2019-07-24,Wed,15,1,626471.0,NaN,Android,26.229.xx.xx (HN),M,2019-03-13,1982-09-25,0,2019-03-22,BRANCH,0,SMART_OTP,Working,626471.0,1,626471.0,1,626471.0,1,626471.0,1,626471.0,1,626471.0,1,297327.806,784444.4444444445,9,31.75,0,2955.0,LOGIN_FINGER,0.4399998240000704,25.0,0.2684595147002755,-1.0518667447153163
24054,-0.5858350833816752,Payment,Credit_card_repayment,2019-08-26,Mon,8,1,818113.0,NaN,Android,26.172.xx.xx (HN),M,2019-03-13,1982-09-25,0,2019-03-22,BRANCH,0,SMART_OTP,Working,818113.0,1,818113.0,1,818113.0,1,818113.0,1,818113.0,1,818113.0,1,297327.806,784444.4444444445,9,32.708333333333336,0,3740.0,LOGIN_FINGER,0.4571427265306495,35.0,0.2684595147002755,-1.0518667447153163
24054,-0.5828124091125012,Payment,Credit_card_repayment,2019-09-25,Wed,11,1,1064843.0,NaN,Android,83.248.xx.xx (HN),M,2019-03-13,1982-09-25,0,2019-03-22,BRANCH,0,SMART_OTP,Working,1064843.0,1,1064843.0,1,1064843.0,1,1064843.0,1,1064843.0,1,1064843.0,1,297327.806,784444.4444444445,9,30.125,0,4463.0,LOGIN,0.47619036281181837,42.0,0.2684595147002755,-1.0518667447153163
24054,-0.5807036017571721,Payment,Credit_card_repayment,2019-10-24,Thu,19,1,1700000.0,NaN,Android,150.21.xx.xx (HN),M,2019-03-13,1982-09-25,0,2019-03-22,BRANCH,0,SMART_OTP,Working,1700000.0,1,1700000.0,1,1700000.0,1,1700000.0,1,1700000.0,1,2764843.0,2,297327.806,784444.4444444445,9,29.333333333333332,0,5167.0,LOGIN,0.4782607655954857,46.0,0.2684595147002755,-1.0518667447153163
24054,-0.5894487700836112,Payment,Credit_card_repayment,2019-11-24,Sun,17,1,1486268.0,NaN,Android,165.210.xx.xx (HN),M,2019-03-13,1982-09-25,0,2019-03-22,BRANCH,0,SMART_OTP,Working,1486268.0,1,1486268.0,1,1486268.0,1,1486268.0,1,1486268.0,1,1486268.0,1,297327.806,784444.4444444445,9,30.916666666666668,0,5909.0,LOGIN_FINGER,0.47169802420791995,53.0,0.2684595147002755,-1.0518667447153163
24054,-0.5836186545941683,Payment,Credit_card_repayment,2019-12-25,Wed,14,1,351983.0,NaN,Android,21.54.xx.xx (HN),M,2019-03-13,1982-09-25,0,2019-03-22,BRANCH,0,SMART_OTP,Working,351983.0,1,351983.0,1,351983.0,1,351983.0,1,351983.0,1,351983.0,1,297327.806,784444.4444444445,9,30.875,0,6650.0,LOGIN,0.4827585374554246,58.0,0.2684595147002755,-1.0518667447153163
24066,-0.5682167104055426,Transfer,Outside_bank,2019-10-31,Thu,11,1,200000000.0,211420,iOS,123.27.xx.xx (DN),M,2019-03-19,1981-08-17,0,2019-03-26,BRANCH,1,SMART_OTP,Commercial associate,200000000.0,1,201168000.0,2,262668000.0,5,264668000.0,6,264773000.0,8,595560000.0,26,6763234.556666667,9625335.664335664,143,0.041666666666666664,5,1842.0,LOGIN,0.0,111.0,0.0821032081605792,-1.355185446473
24092,-0.5808657960673289,Transfer,Outside_bank,2019-12-02,Mon,18,1,17500000.0,844352,Android,237.105.xx.xx (HCM),M,2019-10-18,1998-07-18,0,2019-10-18,BRANCH,1,SMART_OTP,Commercial associate,17500000.0,1,17500000.0,1,17500000.0,1,17500000.0,1,17500000.0,1,17500000.0,1,329994.7,8775000.0,2,45.75,1,0.0,LOGIN,0.0,0.0,0.0,-1.485402810821952
24115,-0.5691045660842705,Transfer,Within_bank,2019-12-20,Fri,5,1,500000.0,381987,iOS,30.50.xx.xx (HN),M,2019-11-28,1996-10-28,0,2019-11-28,BRANCH,0,SMART_OTP,State servant,500000.0,1,500000.0,1,500000.0,1,500000.0,1,5010000.0,3,5520000.0,4,145161.29,1180000.0,14,4.541666666666667,1,523.0,LOGIN,0.0,19.0,1.4764751225801471,-0.9696598518227592
24115,-0.5754552305702945,Transfer,Outside_bank,2019-12-25,Wed,0,1,500000.0,851693,iOS,187.163.xx.xx (HN),M,2019-11-28,1996-10-28,0,2019-11-28,BRANCH,0,SMART_OTP,State servant,500000.0,1,1000000.0,2,1000000.0,2,1500000.0,3,4500000.0,8,9520000.0,11,145161.29,1180000.0,14,0.08333333333333333,2,638.0,LOGIN,0.0,38.0,1.4764751225801471,-0.9696598518227592
24200,-0.573489256346943,Topup,Mobile,2019-11-21,Thu,8,2,200000.0,NaN,iOS,132.137.xx.xx (HN),M,2019-08-30,1983-09-09,0,2019-08-30,BRANCH,1,SMART_OTP,Businessman,200000.0,1,200000.0,1,200000.0,1,200000.0,1,200000.0,1,200000.0,1,1964991.5019999999,200000.0,1,83.33333333333333,0,1990.0,LOGIN,0.0,28.0,0.0,-0.7978004395491233
24238,-0.573582216191792,Transfer,Within_bank,2019-08-14,Wed,20,1,2000000.0,9303,iOS,103.34.xx.xx (HCM),F,2019-06-18,1982-11-21,0,2019-06-18,BRANCH,0,SMS,Unemployed,2000000.0,1,2000000.0,1,2000000.0,1,2000000.0,1,2000000.0,1,2000000.0,1,390159.2014285714,378750.0,8,36.125,1,1378.0,LOGIN,0.0,4.0,0.9826425720141625,-1.140125691123053
24288,-0.5779901837053147,Payment,Utilities_payment,2019-11-13,Wed,22,1,200000.0,NaN,iOS,247.173.xx.xx (HN),M,2019-05-24,1995-01-01,0,2019-07-05,BRANCH,0,SMART_OTP,Working,200000.0,1,200000.0,1,200000.0,1,200000.0,1,200000.0,1,600000.0,3,1434690.6742857143,150000.0,6,22.5,0,0.0,LOGIN,0.2222221604938443,36.0,1.3666596991922297,-1.2708368585194523
24304,-0.6164890057331648,Topup,Mobile,2019-12-25,Wed,5,1,300000.0,NaN,Android,149.141.xx.xx (HCM),M,2019-12-12,1985-01-17,0,2019-12-12,BRANCH,1,SMART_OTP,Commercial associate,300000.0,1,300000.0,1,300000.0,1,300000.0,1,300000.0,1,300000.0,1,201838.71,161000.0,2,13.208333333333334,0,304.0,LOGIN,0.4999993750007813,8.0,0.0,-1.522387282267805
24363,-0.5656854927026806,Payment,Credit_card_repayment,2019-08-05,Mon,11,1,119958696.0,NaN,Android,132.155.xx.xx (BD),M,2019-03-22,1982-08-15,0,2019-03-22,BRANCH,1,SMART_OTP,Working,119958696.0,1,119958696.0,1,119958696.0,1,119958696.0,1,121958696.0,2,151958696.0,3,9384929.149,53568774.3125,16,5.0,0,3261.0,LOGIN_FACEID,0.48387091571280477,93.0,0.23744302277572144,-1.2764305769237823
24363,-0.6126272125530178,Payment,Credit_card_repayment,2019-09-03,Tue,16,1,115000000.0,NaN,Android,213.67.xx.xx (BD),M,2019-03-22,1982-08-15,0,2019-03-22,BRANCH,1,SMART_OTP,Working,115000000.0,1,115000000.0,1,115000000.0,1,115000000.0,1,115000000.0,1,234958696.0,2,9384929.149,53568774.3125,16,29.208333333333332,0,3962.0,LOGIN,0.4909090462809958,110.0,0.23744302277572144,-1.2764305769237823
24363,-0.5775791487146311,Payment,Credit_card_repayment,2019-10-01,Tue,13,1,119795000.0,NaN,Android,214.1.xx.xx (BD),M,2019-03-22,1982-08-15,0,2019-03-22,BRANCH,1,SMART_OTP,Working,119795000.0,1,119795000.0,1,119795000.0,1,119795000.0,1,119795000.0,1,276795000.0,4,9384929.149,53568774.3125,16,7.75,0,4631.0,LOGIN,0.4806201177813862,129.0,0.23744302277572144,-1.2764305769237823
24363,-0.6234398814649054,Payment,Credit_card_repayment,2019-11-06,Wed,8,1,100000000.0,NaN,Android,136.233.xx.xx (BD),M,2019-03-22,1982-08-15,0,2019-03-22,BRANCH,1,SMART_OTP,Working,100000000.0,1,100000000.0,1,100000000.0,1,100000000.0,1,100000000.0,1,100000000.0,1,9384929.149,53568774.3125,16,35.791666666666664,0,5490.0,LOGIN,0.4822694693425908,141.0,0.23744302277572144,-1.2764305769237823
24363,-0.6064996237560931,Payment,Credit_card_repayment,2019-12-07,Sat,10,1,8256423.0,NaN,Android,3.42.xx.xx (BD),M,2019-03-22,1982-08-15,0,2019-03-22,BRANCH,1,SMART_OTP,Working,8256423.0,1,8256423.0,1,8256423.0,1,8256423.0,1,8256423.0,1,8256423.0,1,9384929.149,53568774.3125,16,31.083333333333332,0,6236.0,LOGIN_FACEID,0.4733333017777799,150.0,0.23744302277572144,-1.2764305769237823
24363,-0.6010814229742512,Payment,Credit_card_repayment,2019-12-13,Fri,8,1,112482470.0,NaN,Android,243.52.xx.xx (BD),M,2019-03-22,1982-08-15,0,2019-03-22,BRANCH,1,SMART_OTP,Working,112482470.0,1,112482470.0,1,112482470.0,1,112482470.0,1,120738893.0,2,120738893.0,2,9384929.149,53568774.3125,16,5.916666666666667,0,6378.0,LOGIN,0.47741932403746296,155.0,0.23744302277572144,-1.2764305769237823
24363,-0.5698756243886595,Payment,Credit_card_repayment,2019-12-18,Wed,10,1,25000000.0,NaN,Android,19.119.xx.xx (BD),M,2019-03-22,1982-08-15,0,2019-03-22,BRANCH,1,SMART_OTP,Working,25000000.0,1,25000000.0,1,25000000.0,1,25000000.0,1,137482470.0,2,145738893.0,3,9384929.149,53568774.3125,16,5.083333333333333,0,6500.0,LOGIN_FACEID,0.47499997031250185,160.0,0.23744302277572144,-1.2764305769237823
24377,-0.5974502938893943,Transfer,Outside_bank,2019-10-11,Fri,2,1,7800000.0,963672,iOS,224.120.xx.xx (HN),M,2019-05-23,1999-04-04,0,2019-07-05,MYbank,1,SMART_OTP,Commercial associate,7800000.0,1,7800000.0,1,9300000.0,2,9900000.0,3,11030000.0,5,14830000.0,10,1163437.0716666665,896666.6666666666,36,1.0,2,999.0,LOGIN,0.26829265020821336,82.0,0.2395567848747346,-1.0845800966864847
24382,-0.5713957361351244,Topup,Mobile,2019-07-01,Mon,0,1,100000.0,NaN,iOS,118.202.xx.xx (HN),M,2019-03-27,1970-12-14,0,2019-06-29,BRANCH,1,SMART_OTP,Unemployed,100000.0,1,100000.0,1,100000.0,1,9850000.0,2,9850000.0,2,9850000.0,2,16162689.943333331,5193812.5,48,1.3333333333333333,0,999.0,UNKNOWN,0.0,0.0,0.2830360982765392,-0.8873604331749975
24421,-0.6382557598634264,Transfer,Outside_bank,2019-12-11,Wed,14,1,4000000.0,681417,iOS,139.24.xx.xx (HCM),M,2019-02-25,2001-01-11,0,2019-02-25,BRANCH,0,SMART_OTP,Working,4000000.0,1,4000000.0,1,4000000.0,1,4000000.0,1,4000000.0,1,4000000.0,1,137773.55636363637,351093.3333333333,21,258.0833333333333,1,1.0,LOGIN,0.2826086342155143,46.0,0.22277710732071368,-1.0684665323984186
24445,-0.579562360405914,Payment,Credit_card_repayment,2019-08-05,Mon,15,1,949000.0,NaN,iOS,97.221.xx.xx (HCM),M,2019-06-24,1981-01-10,0,2019-06-24,BRANCH,0,SMART_OTP,Commercial associate,949000.0,1,949000.0,1,949000.0,1,949000.0,1,949000.0,1,949000.0,1,209965.76,3136618.75,4,42.625,0,999.0,LOGIN,0.0,1.0,0.0,-0.8942411195544924
24445,-0.5936223708900291,Payment,Credit_card_repayment,2019-09-10,Tue,11,1,3827983.0,NaN,iOS,251.12.xx.xx (HCM),M,2019-06-24,1981-01-10,0,2019-06-24,BRANCH,0,SMART_OTP,Commercial associate,3827983.0,1,3827983.0,1,3827983.0,1,3827983.0,1,3827983.0,1,3827983.0,1,209965.76,3136618.75,4,35.833333333333336,0,999.0,LOGIN,0.0,9.0,0.0,-0.8942411195544924
24445,-0.6031865750856139,Payment,Credit_card_repayment,2019-11-09,Sat,11,1,3872933.0,NaN,iOS,40.20.xx.xx (HCM),M,2019-06-24,1981-01-10,0,2019-06-24,BRANCH,0,SMART_OTP,Commercial associate,3872933.0,1,3872933.0,1,3872933.0,1,3872933.0,1,3872933.0,1,3872933.0,1,209965.76,3136618.75,4,60.0,0,999.0,LOGIN,0.0,15.0,0.0,-0.8942411195544924
24445,-0.5953468074809751,Payment,Credit_card_repayment,2019-12-12,Thu,16,1,3896559.0,NaN,iOS,176.9.xx.xx (HCM),M,2019-06-24,1981-01-10,0,2019-06-24,BRANCH,0,SMART_OTP,Commercial associate,3896559.0,1,3896559.0,1,3896559.0,1,3896559.0,1,3896559.0,1,3896559.0,1,209965.76,3136618.75,4,33.208333333333336,0,999.0,LOGIN,0.0,19.0,0.0,-0.8942411195544924
24582,-0.5870555784534242,Topup,Mobile,2019-12-23,Mon,9,1,300000.0,NaN,iOS,126.89.xx.xx (HN),F,2019-07-26,1985-03-13,0,2019-07-26,BRANCH,1,SMART_OTP,Working,300000.0,1,300000.0,1,300000.0,1,300000.0,1,300000.0,1,300000.0,1,6939190.7700000005,7954315.0,5,116.5,0,3600.0,LOGIN_FINGER,0.4361701663648759,94.0,0.7761874515969546,-1.085567363585793
24674,-0.61334592246796,Payment,Credit_card_repayment,2019-08-15,Thu,17,1,762298.0,NaN,iOS,27.43.xx.xx (HCM),M,2019-04-01,1995-08-25,0,2019-04-05,MYbank,0,SMART_OTP,Working,762298.0,1,762298.0,1,762298.0,1,762298.0,1,762298.0,1,762298.0,1,364078.61333333334,762298.0,1,132.70833333333334,0,3171.0,LOGIN,0.0,2.0,0.0,-0.7666113312997267
24687,-0.5649785901829814,Transfer,Within_bank,2019-04-29,Mon,6,1,1600000.0,716764,iOS,221.234.xx.xx (HCM),M,2019-01-18,1993-04-25,1,2019-01-18,BRANCH,1,SMS,State servant,1600000.0,1,1600000.0,1,1600000.0,1,1600000.0,1,1600000.0,1,1600000.0,1,16630923.1075,2441805.5555555555,72,101.25,1,249.0,LOGIN,0.0,23.0,0.2855264397355342,-1.3196580598787242
24794,-0.5703193789816126,Topup,eWallet,2019-09-09,Mon,0,1,12400.0,NaN,iOS,155.225.xx.xx (HN),M,2019-01-15,2000-08-29,0,2019-01-21,BRANCH,0,SMART_OTP,Businessman,12400.0,1,12400.0,1,12400.0,1,12400.0,1,12400.0,1,968400.0,5,600631.985,973206.8412698413,126,8.458333333333334,0,2190.0,LOGIN,0.43846152159763385,260.0,0.01893488793078003,-1.144417489642744
24794,-0.5892748779657484,Transfer,Outside_bank,2019-09-27,Fri,15,1,30000000.0,820862,iOS,36.165.xx.xx (HN),M,2019-01-15,2000-08-29,0,2019-01-21,BRANCH,0,SMART_OTP,Businessman,30050000.0,2,30050000.0,2,30838534.0,4,31038534.0,5,31038534.0,5,33497041.0,17,600631.985,973206.8412698413,126,0.25,1,2637.0,LOGIN_FINGER,0.436619702935926,284.0,0.01893488793078003,-1.144417489642744
24794,-0.6406806662001379,Payment,Credit_card_repayment,2019-10-25,Fri,10,4,14644000.0,NaN,iOS,52.133.xx.xx (HN),M,2019-01-15,2000-08-29,0,2019-01-21,BRANCH,0,SMART_OTP,Businessman,14644000.0,1,14644000.0,1,14644000.0,1,14860000.0,3,14860000.0,3,47836000.0,19,600631.985,973206.8412698413,126,1.0416666666666667,0,3304.0,LOGIN,0.4197530734644113,324.0,0.01893488793078003,-1.144417489642744
24794,-0.608612061435969,Payment,Credit_card_repayment,2019-11-23,Sat,12,1,6272000.0,NaN,iOS,102.239.xx.xx (HN),M,2019-01-15,2000-08-29,0,2019-01-21,BRANCH,0,SMART_OTP,Businessman,6472000.0,2,6472000.0,2,6522000.0,3,6552000.0,4,7093400.0,6,22490386.0,16,600631.985,973206.8412698413,126,0.0,1,4002.0,LOGIN,0.38968480258782806,349.0,0.01893488793078003,-1.144417489642744
24794,-0.6225207486116563,Payment,Credit_card_repayment,2019-12-02,Mon,18,2,10000000.0,NaN,iOS,231.252.xx.xx (HN),M,2019-01-15,2000-08-29,0,2019-01-21,BRANCH,0,SMART_OTP,Businessman,10000000.0,1,10000000.0,1,10067500.0,2,10067500.0,2,11919568.0,5,19092968.0,13,600631.985,973206.8412698413,126,1.0,0,4224.0,LOGIN,0.38095237028144624,357.0,0.01893488793078003,-1.144417489642744
24794,-0.5822373855105503,Transfer,Within_bank,2019-12-16,Mon,17,1,15030000.0,41670,iOS,77.247.xx.xx (HN),M,2019-01-15,2000-08-29,0,2019-01-21,BRANCH,0,SMART_OTP,Businessman,15030000.0,1,15030000.0,1,15160000.0,3,15160000.0,3,15379200.0,6,34438668.0,19,600631.985,973206.8412698413,126,0.3333333333333333,2,4559.0,LOGIN,0.3726027295177335,365.0,0.01893488793078003,-1.144417489642744
24794,-0.5717525289001406,Payment,Credit_card_repayment,2019-12-24,Tue,8,1,3620000.0,NaN,iOS,70.243.xx.xx (HN),M,2019-01-15,2000-08-29,0,2019-01-21,BRANCH,0,SMART_OTP,Businessman,3620000.0,1,3620000.0,1,3620000.0,1,4084000.0,2,5279516.0,5,32708784.0,19,600631.985,973206.8412698413,126,1.9583333333333333,0,4742.0,LOGIN,0.3597883502701495,378.0,0.01893488793078003,-1.144417489642744
24794,-0.6095260994279402,Payment,Credit_card_repayment,2019-12-27,Fri,10,2,10000000.0,NaN,iOS,136.57.xx.xx (HN),M,2019-01-15,2000-08-29,0,2019-01-21,BRANCH,0,SMART_OTP,Businessman,10040236.0,2,10040236.0,2,10127236.0,4,12083046.0,6,17022562.0,9,43591830.0,24,600631.985,973206.8412698413,126,0.5833333333333334,0,4816.0,LOGIN,0.35051545488362235,388.0,0.01893488793078003,-1.144417489642744
24797,-0.5771103531639151,Transfer,Outside_bank,2019-08-26,Mon,8,1,5750000.0,442302,iOS,159.20.xx.xx (HCM),M,2019-06-11,1995-04-12,0,2019-06-11,BRANCH,1,SMART_OTP,State servant,5750000.0,1,5750000.0,1,5750000.0,1,5750000.0,1,5750000.0,1,5750000.0,1,1822724.1766666668,2710000.0,5,76.33333333333333,1,10.0,LOGIN,0.0,0.0,1.38604755442594,-1.3439079503588804
24797,-0.5792038041676529,Transfer,Outside_bank,2019-12-23,Mon,21,1,3500000.0,57928,iOS,57.10.xx.xx (HCM),M,2019-06-11,1995-04-12,0,2019-06-11,BRANCH,1,SMART_OTP,State servant,3500000.0,1,3500000.0,1,3500000.0,1,3500000.0,1,3500000.0,1,3500000.0,1,1822724.1766666668,2710000.0,5,70.625,1,2879.0,LOGIN,0.4736839612189678,19.0,1.38604755442594,-1.3439079503588804
24877,-0.5808734600325027,Topup,Mobile,2019-12-03,Tue,5,1,20000.0,NaN,iOS,151.243.xx.xx (HCM),M,2019-05-09,1993-01-09,0,2019-05-09,BRANCH,1,SMART_OTP,Working,20000.0,1,20000.0,1,20000.0,1,20000.0,1,30000.0,2,30000.0,2,512371.18375,401666.6666666667,24,5.666666666666667,0,4985.0,LOGIN,0.46249994218750723,80.0,0.390111432681768,-1.6300536116347892
24904,-0.6101366338640416,Transfer,Outside_bank,2019-11-11,Mon,12,1,17600000.0,433427,Android,141.204.xx.xx (HN),M,2019-07-03,1985-07-29,0,2019-07-25,BRANCH,1,SMART_OTP,Unemployed,17600000.0,1,17600000.0,1,17600000.0,1,17600000.0,1,17600000.0,1,17600000.0,1,5031807.314,10850000.0,4,109.5,1,0.0,LOGIN,0.0,4.0,0.0,-1.5605843483412165
24973,-0.5827072140890842,Transfer,Within_bank,2019-12-11,Wed,13,1,7790000.0,668460,iOS,247.99.xx.xx (HCM),M,2019-04-10,1993-08-08,0,2019-04-10,BRANCH,0,SMART_OTP,Working,7870000.0,2,7870000.0,2,7870000.0,2,7870000.0,2,8170000.0,6,17500000.0,11,457887.39444444445,707326.0869565217,46,0.041666666666666664,1,0.0,LOGIN,0.3222748662428973,211.0,0.5081060045608323,-1.0984803201171445
24991,-0.6064409106625055,Transfer,Outside_bank,2019-05-19,Sun,0,1,14900000.0,200990,iOS,124.188.xx.xx (HCM),M,2019-03-11,1993-01-04,0,2019-03-11,BRANCH,0,SMART_OTP,Commercial associate,14900000.0,1,14900000.0,1,14900000.0,1,14900000.0,1,14900000.0,1,14900000.0,1,1800752.9899999998,20523584.905660376,53,69.0,1,1639.0,LOGIN,0.0,7.0,0.24223629985222006,-1.0511275677431633
24991,-0.5663911651073631,Transfer,Outside_bank,2019-07-25,Thu,0,1,22900000.0,976647,iOS,6.246.xx.xx (HCM),M,2019-03-11,1993-01-04,0,2019-03-11,BRANCH,0,SMART_OTP,Commercial associate,22900000.0,1,22900000.0,1,57900000.0,2,57900000.0,2,149800000.0,5,283800000.0,12,1800752.9899999998,20523584.905660376,53,1.0,2,3247.0,LOGIN,0.0,39.0,0.24223629985222006,-1.0511275677431633
24991,-0.5777340814667462,Transfer,Outside_bank,2019-07-31,Wed,0,1,51500000.0,968313,iOS,149.108.xx.xx (HCM),M,2019-03-11,1993-01-04,0,2019-03-11,BRANCH,0,SMART_OTP,Commercial associate,51500000.0,1,51500000.0,1,51700000.0,2,51700000.0,2,139600000.0,5,347500000.0,14,1800752.9899999998,20523584.905660376,53,0.9583333333333334,2,3391.0,LOGIN,0.0,48.0,0.24223629985222006,-1.0511275677431633
24991,-0.5679599825020488,Transfer,Outside_bank,2019-08-03,Sat,1,1,58000000.0,754739,iOS,179.6.xx.xx (HCM),M,2019-03-11,1993-01-04,0,2019-03-11,BRANCH,0,SMART_OTP,Commercial associate,58000000.0,1,58000000.0,1,58000000.0,1,58000000.0,1,139700000.0,4,382500000.0,14,1800752.9899999998,20523584.905660376,53,3.0416666666666665,1,3464.0,LOGIN,0.0,50.0,0.24223629985222006,-1.0511275677431633
25366,-0.5755798071925182,Payment,Credit_card_repayment,2019-06-28,Fri,15,2,40000000.0,NaN,Android,207.12.xx.xx (HN),M,2019-02-14,1994-11-11,1,2019-02-14,BRANCH,1,SMART_OTP,State servant,40000000.0,1,40000000.0,1,75000000.0,3,75000000.0,3,77000000.0,4,86665000.0,11,8287729.69090909,11600326.674418604,172,0.25,0,2947.0,LOGIN,0.4452554419521575,137.0,0.12216234181532688,-1.2204981986720118
25366,-0.5712494159058097,Transfer,Within_bank,2019-10-31,Thu,11,1,145000000.0,789505,Android,60.96.xx.xx (HN),M,2019-02-14,1994-11-11,1,2019-02-14,BRANCH,1,SMART_OTP,State servant,152500000.0,2,152500000.0,2,155600000.0,4,221537000.0,7,247804000.0,12,264184000.0,23,8287729.69090909,11600326.674418604,172,0.0,3,2036.0,LOGIN,0.4397321330416935,448.0,0.12216234181532688,-1.2204981986720118
25366,-0.6080854236447867,Payment,Credit_card_repayment,2019-11-23,Sat,11,4,91703000.0,NaN,Android,205.80.xx.xx (HN),M,2019-02-14,1994-11-11,1,2019-02-14,BRANCH,1,SMART_OTP,State servant,102280000.0,2,102280000.0,2,132838000.0,3,132838000.0,3,135788000.0,5,387332000.0,21,8287729.69090909,11600326.674418604,172,0.0,1,2588.0,LOGIN_FINGER,0.42561982591694575,484.0,0.12216234181532688,-1.2204981986720118
25371,-0.5982690305367584,Transfer,Outside_bank,2019-11-30,Sat,4,2,5350000.0,723040,iOS,161.60.xx.xx (HCM),M,2019-03-23,1996-05-19,0,2019-03-23,BRANCH,1,SMS,Working,5350000.0,1,5350000.0,1,5350000.0,1,5350000.0,1,5390000.0,3,5440000.0,4,1118548.861,305483.87096774194,31,2.375,1,6043.0,LOGIN,0.09999998888889013,90.0,0.35111256325578705,-1.0346183587279854
25441,-0.5829551163484563,Topup,Mobile,2019-06-17,Mon,4,1,100000.0,NaN,Android,24.82.xx.xx (HCM),F,2019-05-16,1978-12-20,0,2019-05-17,BRANCH,1,SMS,Commercial associate,100000.0,1,100000.0,1,100000.0,1,100000.0,1,200000.0,2,200000.0,2,657780.08125,5629411.764705882,17,4.458333333333333,0,467.0,LOGIN,0.0,19.0,0.7025006681013597,-0.6705623651469227
25441,-0.6004674801384421,Transfer,Outside_bank,2019-10-15,Tue,16,1,50000000.0,700047,Android,216.42.xx.xx (HCM),F,2019-05-16,1978-12-20,0,2019-05-17,BRANCH,1,SMS,Commercial associate,50000000.0,1,50000000.0,1,50000000.0,1,53100000.0,3,69100000.0,4,84900000.0,8,657780.08125,5629411.764705882,17,1.0416666666666667,1,3359.0,LOGIN,0.0,85.0,0.7025006681013597,-0.6705623651469227
25493,-0.6020735789105319,Payment,Credit_card_repayment,2019-08-29,Thu,12,1,2000000.0,NaN,Android,213.41.xx.xx (HCM),M,2019-07-19,1988-08-26,0,2019-07-19,AUTO-JOB,0,SMART_OTP,Commercial associate,2000000.0,1,2000000.0,1,2000000.0,1,2000000.0,1,2000000.0,1,2000000.0,1,86680.43000000001,7519800.0,10,34.625,0,979.0,LOGIN_FACEID,0.48936166742115833,141.0,0.5975963535489928,-1.2867281396992902
25493,-0.6324083127776073,Payment,Credit_card_repayment,2019-09-30,Mon,12,1,14000000.0,NaN,Android,243.230.xx.xx (HCM),M,2019-07-19,1988-08-26,0,2019-07-19,AUTO-JOB,0,SMART_OTP,Commercial associate,14000000.0,1,14000000.0,1,14000000.0,1,14000000.0,1,14000000.0,1,14000000.0,1,86680.43000000001,7519800.0,10,32.0,0,1747.0,LOGIN_FACEID,0.49171268001587404,181.0,0.5975963535489928,-1.2867281396992902
25493,-0.6238175864674763,Payment,Credit_card_repayment,2019-10-30,Wed,12,1,12000000.0,NaN,Android,212.19.xx.xx (HCM),M,2019-07-19,1988-08-26,0,2019-07-19,AUTO-JOB,0,SMART_OTP,Commercial associate,12000000.0,1,12000000.0,1,12000000.0,1,12000000.0,1,12000000.0,1,26000000.0,2,86680.43000000001,7519800.0,10,30.0,0,2467.0,LOGIN_FACEID,0.4896906964076961,194.0,0.5975963535489928,-1.2867281396992902
25493,-0.5837505755675607,Payment,Credit_card_repayment,2019-11-22,Fri,13,1,1988000.0,NaN,Android,141.69.xx.xx (HCM),M,2019-07-19,1988-08-26,0,2019-07-19,AUTO-JOB,0,SMART_OTP,Commercial associate,1988000.0,1,1988000.0,1,1988000.0,1,1988000.0,1,1988000.0,1,33548000.0,3,86680.43000000001,7519800.0,10,15.125,0,3020.0,LOGIN_FACEID,0.4909909688742807,222.0,0.5975963535489928,-1.2867281396992902
25493,-0.591645909065839,Payment,Credit_card_repayment,2019-11-27,Wed,12,1,11000000.0,NaN,Android,98.138.xx.xx (HCM),M,2019-07-19,1988-08-26,0,2019-07-19,AUTO-JOB,0,SMART_OTP,Commercial associate,11000000.0,1,11000000.0,1,11000000.0,1,11600000.0,2,13588000.0,3,45148000.0,5,86680.43000000001,7519800.0,10,1.7083333333333333,0,3139.0,LOGIN,0.493506472142577,231.0,0.5975963535489928,-1.2867281396992902
25493,-0.5868774961239744,Payment,Credit_card_repayment,2019-12-11,Wed,21,1,1000000.0,NaN,Android,232.182.xx.xx (HCM),M,2019-07-19,1988-08-26,0,2019-07-19,AUTO-JOB,0,SMART_OTP,Commercial associate,1000000.0,1,1000000.0,1,1000000.0,1,1000000.0,1,1000000.0,1,14588000.0,4,86680.43000000001,7519800.0,10,14.375,0,3484.0,LOGIN_FACEID,0.4923663934211301,262.0,0.5975963535489928,-1.2867281396992902
25493,-0.6154471428372871,Payment,Credit_card_repayment,2019-12-24,Tue,12,1,13000000.0,NaN,Android,182.139.xx.xx (HCM),M,2019-07-19,1988-08-26,0,2019-07-19,AUTO-JOB,0,SMART_OTP,Commercial associate,13000000.0,1,13000000.0,1,13000000.0,1,13000000.0,1,13000000.0,1,25600000.0,4,86680.43000000001,7519800.0,10,12.625,0,3787.0,LOGIN_FACEID,0.4927007119452295,274.0,0.5975963535489928,-1.2867281396992902
25547,-0.6028059213759054,Transfer,Outside_bank,2019-11-04,Mon,12,1,100000.0,687405,Android,116.220.xx.xx (CT),M,2019-04-08,1999-09-24,0,2019-04-08,BRANCH,1,SMART_OTP,Working,100000.0,1,100000.0,1,100000.0,1,100000.0,1,100000.0,1,100000.0,1,313527.95666666667,775357.1428571428,14,191.66666666666666,1,0.0,LOGIN_FACEID,0.466666562962986,45.0,0.27966868397446726,-1.6895393192846313
25547,-0.5666943736403005,Payment,Lifestyle_payment,2019-12-18,Wed,21,1,3875000.0,NaN,Android,39.172.xx.xx (CT),M,2019-04-08,1999-09-24,0,2019-04-08,BRANCH,1,SMART_OTP,Working,3875000.0,1,3875000.0,1,3875000.0,1,7575000.0,2,7575000.0,2,7595000.0,3,313527.95666666667,775357.1428571428,14,1.4583333333333333,0,1065.0,LOGIN,0.49285710765306373,140.0,0.27966868397446726,-1.6895393192846313
25573,-0.576232589619798,Transfer,Outside_bank,2019-11-07,Thu,17,1,7000000.0,112090,iOS,163.92.xx.xx (HCM),F,2019-07-27,1994-12-12,0,2019-07-30,BRANCH,1,SMS,Businessman,7000000.0,1,7000000.0,1,7000000.0,1,7000000.0,1,7000000.0,1,8350000.0,12,573421.784,719837.8378378379,37,9.208333333333334,1,2385.0,LOGIN_FINGER,0.16666663580247484,54.0,0.24056232207962955,-1.4139597142644555
25610,-0.5746468810651675,Payment,Credit_card_repayment,2019-08-06,Tue,14,1,849000.0,NaN,Android,187.244.xx.xx (HN),F,2019-03-07,1973-09-15,0,2019-05-15,AUTO-JOB,1,SMART_OTP,Working,849000.0,1,849000.0,1,849000.0,1,849000.0,1,849000.0,1,849000.0,1,9924670.290000001,16389531.777777778,18,75.25,0,1942.0,LOGIN,0.0,5.0,0.3855074293807752,-1.1678438093154855
25610,-0.5811322824782957,Payment,Utilities_payment,2019-10-22,Tue,12,1,32859783.0,NaN,Android,170.77.xx.xx (HN),F,2019-03-07,1973-09-15,0,2019-05-15,AUTO-JOB,1,SMART_OTP,Working,32859783.0,1,32859783.0,1,32859783.0,1,32859783.0,1,32859783.0,1,32859783.0,1,9924670.290000001,16389531.777777778,18,32.833333333333336,0,3788.0,LOGIN,0.0,33.0,0.3855074293807752,-1.1678438093154855
25695,-0.5979199173236031,Payment,Credit_card_repayment,2019-08-17,Sat,20,1,9586948.0,NaN,iOS,162.9.xx.xx (TH),M,2019-04-22,1987-03-28,0,2019-06-05,BRANCH,1,SMS,Working,9586948.0,1,9586948.0,1,9586948.0,1,9586948.0,1,9586948.0,1,9586948.0,1,1224436.1885714286,3746155.6,10,30.166666666666668,0,1756.0,LOGIN,0.3333331944445023,24.0,0.425882548804693,-0.9843426478973454
25695,-0.5767226452698455,Payment,Credit_card_repayment,2019-09-15,Sun,17,1,5371036.0,NaN,iOS,236.63.xx.xx (TH),M,2019-04-22,1987-03-28,0,2019-06-05,BRANCH,1,SMS,Working,5371036.0,1,5371036.0,1,5371036.0,1,5371036.0,1,5371036.0,1,14957984.0,2,1224436.1885714286,3746155.6,10,28.875,0,2449.0,LOGIN,0.27586197384069866,29.0,0.425882548804693,-0.9843426478973454
25695,-0.573960819486873,Payment,Credit_card_repayment,2019-11-18,Mon,7,1,457755.0,NaN,iOS,78.247.xx.xx (TH),M,2019-04-22,1987-03-28,0,2019-06-05,BRANCH,1,SMS,Working,457755.0,1,457755.0,1,457755.0,1,457755.0,1,457755.0,1,457755.0,1,1224436.1885714286,3746155.6,10,30.833333333333332,0,3975.0,LOGIN_FINGER,0.22727267561984643,44.0,0.425882548804693,-0.9843426478973454
25695,-0.5707099738599206,Payment,Credit_card_repayment,2019-12-02,Mon,19,1,8000000.0,NaN,iOS,83.225.xx.xx (TH),M,2019-04-22,1987-03-28,0,2019-06-05,BRANCH,1,SMS,Working,8000000.0,1,8000000.0,1,8000000.0,1,8000000.0,1,8000000.0,1,8457755.0,2,1224436.1885714286,3746155.6,10,14.5,0,4323.0,LOGIN_FINGER,0.2448979092045083,49.0,0.425882548804693,-0.9843426478973454
25718,-0.611622069400901,Payment,Credit_card_repayment,2019-06-25,Tue,16,1,3331667.0,NaN,Web,90.170.xx.xx (HCM),M,2019-04-23,1986-09-20,0,2019-05-03,BRANCH,1,SMS,Working,3331667.0,1,3331667.0,1,3331667.0,1,3331667.0,1,3331667.0,1,3331667.0,1,113840.83625,3367055.875,8,53.666666666666664,0,1273.0,LOGIN,0.29411747404854466,17.0,0.7668940335316778,-0.9996263306795488
25718,-0.577007168826035,Payment,Credit_card_repayment,2019-06-25,Tue,17,1,3331667.0,NaN,Web,37.40.xx.xx (HCM),M,2019-04-23,1986-09-20,0,2019-05-03,BRANCH,1,SMS,Working,3331667.0,1,6663334.0,2,6663334.0,2,6663334.0,2,6663334.0,2,6663334.0,2,113840.83625,3367055.875,8,0.041666666666666664,0,1274.0,LOGIN,0.29411747404854466,17.0,0.7668940335316778,-0.9996263306795488
25718,-0.5686617806316687,Payment,Credit_card_repayment,2019-07-20,Sat,15,1,2294016.0,NaN,Web,77.242.xx.xx (HCM),M,2019-04-23,1986-09-20,0,2019-05-03,BRANCH,1,SMS,Working,2294016.0,1,2294016.0,1,2294016.0,1,2294016.0,1,2294016.0,1,8957350.0,3,113840.83625,3367055.875,8,24.916666666666668,0,1872.0,LOGIN,0.27777762345687584,18.0,0.7668940335316778,-0.9996263306795488
25718,-0.6091820437822407,Payment,Credit_card_repayment,2019-08-21,Wed,11,1,3828468.0,NaN,Web,254.243.xx.xx (HCM),M,2019-04-23,1986-09-20,0,2019-05-03,BRANCH,1,SMS,Working,3828468.0,1,3828468.0,1,3828468.0,1,3828468.0,1,3828468.0,1,3828468.0,1,113840.83625,3367055.875,8,31.833333333333332,0,2636.0,LOGIN,0.2380951247166073,21.0,0.7668940335316778,-0.9996263306795488
25718,-0.6214423174983392,Payment,Credit_card_repayment,2019-09-23,Mon,13,1,4155015.0,NaN,Web,228.181.xx.xx (HCM),M,2019-04-23,1986-09-20,0,2019-05-03,BRANCH,1,SMS,Working,4155015.0,1,4155015.0,1,4155015.0,1,4155015.0,1,4155015.0,1,4155015.0,1,113840.83625,3367055.875,8,33.083333333333336,0,3430.0,LOGIN,0.2799998880000448,25.0,0.7668940335316778,-0.9996263306795488
25718,-0.6112461317795,Payment,Credit_card_repayment,2019-10-23,Wed,10,1,4357436.0,NaN,Web,84.30.xx.xx (HCM),M,2019-04-23,1986-09-20,0,2019-05-03,BRANCH,1,SMS,Working,4357436.0,1,4357436.0,1,4357436.0,1,4357436.0,1,4357436.0,1,8512451.0,2,113840.83625,3367055.875,8,29.875,0,4147.0,LOGIN,0.29032248699274615,31.0,0.7668940335316778,-0.9996263306795488
25718,-0.6274417360355813,Payment,Credit_card_repayment,2019-11-23,Sat,13,1,4483547.0,NaN,Web,22.110.xx.xx (HCM),M,2019-04-23,1986-09-20,0,2019-05-03,BRANCH,1,SMS,Working,4483547.0,1,4483547.0,1,4483547.0,1,4483547.0,1,4483547.0,1,4483547.0,1,113840.83625,3367055.875,8,31.125,0,4894.0,LOGIN,0.28571420408165593,35.0,0.7668940335316778,-0.9996263306795488
25718,-0.6007569358628444,Payment,Credit_card_repayment,2019-12-25,Wed,14,1,1154631.0,NaN,Web,177.213.xx.xx (HCM),M,2019-04-23,1986-09-20,0,2019-05-03,BRANCH,1,SMS,Working,1154631.0,1,1154631.0,1,1154631.0,1,1154631.0,1,1154631.0,1,1154631.0,1,113840.83625,3367055.875,8,32.041666666666664,0,5663.0,LOGIN,0.30769222879686436,39.0,0.7668940335316778,-0.9996263306795488
25744,-0.6329938915837989,Payment,Credit_card_repayment,2019-05-04,Sat,15,1,20075915.0,NaN,iOS,213.245.xx.xx (HP),M,2019-01-23,1988-04-14,0,2019-03-01,MYbank,1,SMS,Working,20075915.0,1,20075915.0,1,20075915.0,1,20075915.0,1,20075915.0,1,20075915.0,1,245310.783,7177503.555555556,9,64.625,0,1344.0,LOGIN_FINGER,0.3888886728396262,18.0,0.5002764206583615,-1.1846110426856018
25744,-0.5753812437895713,Payment,Credit_card_repayment,2019-05-24,Fri,11,1,306955.0,NaN,iOS,188.56.xx.xx (HP),M,2019-01-23,1988-04-14,0,2019-03-01,MYbank,1,SMS,Working,306955.0,1,306955.0,1,306955.0,1,306955.0,1,306955.0,1,20382870.0,2,245310.783,7177503.555555556,9,19.833333333333332,0,0.0,LOGIN,0.42105240997241583,19.0,0.5002764206583615,-1.1846110426856018
25744,-0.6313504385805512,Payment,Credit_card_repayment,2019-06-18,Tue,21,1,29910000.0,NaN,iOS,194.195.xx.xx (HP),M,2019-01-23,1988-04-14,0,2019-03-01,MYbank,1,SMS,Working,29910000.0,1,29910000.0,1,29910000.0,1,29910000.0,1,29910000.0,1,30216955.0,2,245310.783,7177503.555555556,9,25.416666666666668,0,610.0,LOGIN,0.4399998240000704,25.0,0.5002764206583615,-1.1846110426856018
25744,-0.6028768598574403,Payment,Credit_card_repayment,2019-07-23,Tue,11,1,6492400.0,NaN,iOS,21.224.xx.xx (HP),M,2019-01-23,1988-04-14,0,2019-03-01,MYbank,1,SMS,Working,6492400.0,1,6492400.0,1,6492400.0,1,6492400.0,1,6492400.0,1,6492400.0,1,245310.783,7177503.555555556,9,34.583333333333336,0,1440.0,LOGIN_FINGER,0.42857127551025875,28.0,0.5002764206583615,-1.1846110426856018
25744,-0.574979755370373,Payment,Credit_card_repayment,2019-08-26,Mon,17,1,629050.0,NaN,iOS,36.57.xx.xx (HP),M,2019-01-23,1988-04-14,0,2019-03-01,MYbank,1,SMS,Working,629050.0,1,629050.0,1,629050.0,1,629050.0,1,629050.0,1,629050.0,1,245310.783,7177503.555555556,9,34.25,0,2262.0,LOGIN,0.45454531680444943,33.0,0.5002764206583615,-1.1846110426856018
25744,-0.5831553517399167,Payment,Credit_card_repayment,2019-10-23,Wed,7,1,1749312.0,NaN,iOS,97.210.xx.xx (HP),M,2019-01-23,1988-04-14,0,2019-03-01,MYbank,1,SMS,Working,1749312.0,1,1749312.0,1,1749312.0,1,1749312.0,1,1749312.0,1,3257826.0,2,245310.783,7177503.555555556,9,28.833333333333332,0,3644.0,LOGIN_FINGER,0.4473683033241307,38.0,0.5002764206583615,-1.1846110426856018
25744,-0.579158395071695,Payment,Credit_card_repayment,2019-11-18,Mon,13,1,1822301.0,NaN,iOS,226.153.xx.xx (HP),M,2019-01-23,1988-04-14,0,2019-03-01,MYbank,1,SMS,Working,1822301.0,1,1822301.0,1,1822301.0,1,1822301.0,1,1822301.0,1,3571613.0,2,245310.783,7177503.555555556,9,26.25,0,4274.0,LOGIN_FINGER,0.44999988750002806,40.0,0.5002764206583615,-1.1846110426856018
25744,-0.6128261133372869,Payment,Credit_card_repayment,2019-12-24,Tue,8,1,2103085.0,NaN,iOS,136.207.xx.xx (HP),M,2019-01-23,1988-04-14,0,2019-03-01,MYbank,1,SMS,Working,2103085.0,1,2103085.0,1,2103085.0,1,2103085.0,1,2103085.0,1,2103085.0,1,245310.783,7177503.555555556,9,35.791666666666664,0,5133.0,LOGIN,0.4634145211184095,41.0,0.5002764206583615,-1.1846110426856018
25747,-0.580974828311522,Payment,Utilities_payment,2019-12-03,Tue,22,1,275000.0,NaN,iOS,222.190.xx.xx (HN),F,2019-05-16,1991-03-20,0,2019-05-16,BRANCH,0,SMART_OTP,Businessman,275000.0,1,275000.0,1,275000.0,1,275000.0,1,275000.0,1,275000.0,1,4264029.1025,20993750.0,4,86.58333333333333,0,4832.0,LOGIN,0.0,62.0,0.0,-1.3176189760646593
25812,-0.6420722964998724,Payment,Credit_card_repayment,2019-05-06,Mon,21,1,55950000.0,NaN,iOS,5.86.xx.xx (BD),F,2019-03-18,1976-06-12,0,2019-03-18,BRANCH,1,SMART_OTP,Working,55950000.0,1,55950000.0,1,55950000.0,1,55950000.0,1,55950000.0,1,55950000.0,1,3634920.0310000004,10108022.509803921,102,49.875,0,4.0,LOGIN,0.0,1.0,0.03339714044704038,-1.1717173009054533
25812,-0.6021425024203423,Payment,Credit_card_repayment,2019-08-05,Mon,14,1,4500000.0,NaN,iOS,220.51.xx.xx (BD),F,2019-03-18,1976-06-12,0,2019-03-18,BRANCH,1,SMART_OTP,Working,4500000.0,1,4500000.0,1,4500000.0,1,4500000.0,1,4500000.0,1,4500000.0,1,3634920.0310000004,10108022.509803921,102,90.70833333333333,0,2181.0,LOGIN,0.0,3.0,0.03339714044704038,-1.1717173009054533
25812,-0.6049525557207798,Payment,Credit_card_repayment,2019-08-05,Mon,16,1,85495696.0,NaN,iOS,116.217.xx.xx (BD),F,2019-03-18,1976-06-12,0,2019-03-18,BRANCH,1,SMART_OTP,Working,85495696.0,1,89995696.0,2,89995696.0,2,89995696.0,2,89995696.0,2,89995696.0,2,3634920.0310000004,10108022.509803921,102,0.08333333333333333,0,2183.0,LOGIN,0.0,4.0,0.03339714044704038,-1.1717173009054533
25812,-0.6055425794934117,Payment,Credit_card_repayment,2019-09-04,Wed,10,1,60000000.0,NaN,iOS,222.37.xx.xx (HN),F,2019-03-18,1976-06-12,0,2019-03-18,BRANCH,1,SMART_OTP,Working,60000000.0,1,60000000.0,1,60000000.0,1,60000000.0,1,60000000.0,1,149995696.0,3,3634920.0310000004,10108022.509803921,102,29.75,0,2897.0,LOGIN,0.0,6.0,0.03339714044704038,-1.1717173009054533
25812,-0.5791054611822888,Payment,Credit_card_repayment,2019-10-04,Fri,13,1,52500000.0,NaN,iOS,171.87.xx.xx (BD),F,2019-03-18,1976-06-12,0,2019-03-18,BRANCH,1,SMART_OTP,Working,52500000.0,1,52500000.0,1,52500000.0,1,52500000.0,1,52500000.0,1,231796000.0,15,3634920.0310000004,10108022.509803921,102,9.041666666666666,0,3620.0,LOGIN,0.0,28.0,0.03339714044704038,-1.1717173009054533
25812,-0.5713977851036536,Topup,eWallet,2019-12-22,Sun,0,1,451249.0,NaN,iOS,49.233.xx.xx (BD),F,2019-03-18,1976-06-12,0,2019-03-18,BRANCH,1,SMART_OTP,Working,451249.0,1,1339501.0,2,1339501.0,2,1339501.0,2,14734501.0,5,80135645.0,20,3634920.0310000004,10108022.509803921,102,0.125,0,5503.0,LOGIN,0.0,124.0,0.03339714044704038,-1.1717173009054533
25826,-0.6235188690677435,Transfer,Outside_bank,2019-12-13,Fri,8,1,15000000.0,346937,iOS,54.17.xx.xx (DN),F,2019-07-25,1982-04-27,0,2019-07-29,BRANCH,0,SMART_OTP,Working,15000000.0,1,15000000.0,1,15000000.0,1,15000000.0,1,15000000.0,1,15000000.0,1,266183.7783333334,15000000.0,1,137.33333333333334,1,0.0,LOGIN,0.0,0.0,0.0,-0.9221410919336815
25913,-0.6128531735969975,Payment,Credit_card_repayment,2019-08-25,Sun,13,1,7512397.0,NaN,Android,119.26.xx.xx (DN),F,2019-02-18,1979-11-15,0,2019-06-24,MYbank,0,SMART_OTP,Working,7512397.0,1,7512397.0,1,7512397.0,1,7512397.0,1,7512397.0,1,7512397.0,1,875869.4060000001,6286914.6,5,62.541666666666664,0,999.0,LOGIN,0.0,12.0,1.3215704875605367,-1.1312774897602589
25913,-0.5880723694701003,Payment,Credit_card_repayment,2019-09-17,Tue,22,1,5945267.0,NaN,Android,115.112.xx.xx (DN),F,2019-02-18,1979-11-15,0,2019-06-24,MYbank,0,SMART_OTP,Working,5945267.0,1,5945267.0,1,5945267.0,1,5945267.0,1,5945267.0,1,13457664.0,2,875869.4060000001,6286914.6,5,23.375,0,999.0,LOGIN,0.12499996875000781,40.0,1.3215704875605367,-1.1312774897602589
25913,-0.5901314358041444,Payment,Credit_card_repayment,2019-10-11,Fri,9,2,4275592.0,NaN,Android,10.112.xx.xx (DN),F,2019-02-18,1979-11-15,0,2019-06-24,MYbank,0,SMART_OTP,Working,4275592.0,1,4275592.0,1,4275592.0,1,4275592.0,1,4275592.0,1,10220859.0,2,875869.4060000001,6286914.6,5,23.458333333333332,0,999.0,LOGIN,0.17857139668367916,56.0,1.3215704875605367,-1.1312774897602589
25913,-0.6114133790512335,Payment,Credit_card_repayment,2019-11-18,Mon,14,1,6144747.0,NaN,Android,76.82.xx.xx (DN),F,2019-02-18,1979-11-15,0,2019-06-24,MYbank,0,SMART_OTP,Working,6144747.0,1,6144747.0,1,6144747.0,1,6144747.0,1,6144747.0,1,6144747.0,1,875869.4060000001,6286914.6,5,38.208333333333336,0,999.0,LOGIN,0.2058823226643643,68.0,1.3215704875605367,-1.1312774897602589
25913,-0.6151794356003768,Payment,Credit_card_repayment,2019-12-17,Tue,10,1,7556570.0,NaN,Android,47.187.xx.xx (DN),F,2019-02-18,1979-11-15,0,2019-06-24,MYbank,0,SMART_OTP,Working,7556570.0,1,7556570.0,1,7556570.0,1,7556570.0,1,7556570.0,1,13701317.0,2,875869.4060000001,6286914.6,5,28.833333333333332,0,999.0,LOGIN,0.2289156350704054,83.0,1.3215704875605367,-1.1312774897602589
25952,-0.5783673189932927,Transfer,Outside_bank,2019-12-20,Fri,15,1,100000000.0,776183,Android,67.237.xx.xx (HN),F,2019-09-17,1989-03-30,0,2019-09-17,BRANCH,1,SMS,Working,104875000.0,2,105075000.0,3,105075000.0,3,105075000.0,3,105075000.0,3,123383000.0,12,2415869.9,4380961.4375,32,0.041666666666666664,2,2256.0,LOGIN,0.3546099039283756,141.0,0.215586220494254,-1.1068322205630268
25977,-0.609441875525773,Payment,Credit_card_repayment,2019-10-24,Thu,11,1,15808000.0,NaN,iOS,17.231.xx.xx (BD),M,2019-09-09,1995-08-15,0,2019-09-09,AUTO-JOB,0,SMART_OTP,Working,15908000.0,2,15908000.0,2,15908000.0,2,15908000.0,2,15908000.0,2,16008000.0,3,246530.0525,3894454.25,16,28.0,0,1031.0,LOGIN,0.43396218227128636,53.0,0.33871614430264896,-1.325045250380065
25977,-0.5826995877816357,Payment,Credit_card_repayment,2019-11-25,Mon,18,1,6054173.0,NaN,iOS,232.208.xx.xx (BD),M,2019-09-09,1995-08-15,0,2019-09-09,AUTO-JOB,0,SMART_OTP,Working,6054173.0,1,6054173.0,1,6054173.0,1,6054173.0,1,6054173.0,1,8780940.0,3,246530.0525,3894454.25,16,23.833333333333332,0,1806.0,LOGIN,0.4672896759542359,107.0,0.33871614430264896,-1.325045250380065
25977,-0.584139078169282,Payment,Credit_card_repayment,2019-12-21,Sat,8,2,11474500.0,NaN,iOS,3.76.xx.xx (BD),M,2019-09-09,1995-08-15,0,2019-09-09,AUTO-JOB,0,SMART_OTP,Working,11474500.0,1,11474500.0,1,11494500.0,2,11494500.0,2,11494500.0,2,23202502.0,7,246530.0525,3894454.25,16,0.9166666666666666,0,112.0,LOGIN_FINGER,0.4730538638889902,167.0,0.33871614430264896,-1.325045250380065
25977,-0.5754612100552379,Payment,Credit_card_repayment,2019-12-29,Sun,11,1,10000000.0,NaN,iOS,161.70.xx.xx (BD),M,2019-09-09,1995-08-15,0,2019-09-09,AUTO-JOB,0,SMART_OTP,Working,10000000.0,1,10000000.0,1,10000000.0,1,10000000.0,1,10000000.0,1,23127150.0,6,246530.0525,3894454.25,16,8.125,0,307.0,LOGIN,0.4585635105766016,181.0,0.33871614430264896,-1.325045250380065
26001,-0.5658475337331342,Topup,eWallet,2019-06-14,Fri,21,1,10000.0,NaN,Android,111.116.xx.xx (HCM),M,2019-02-12,1979-03-20,0,2019-02-21,BRANCH,1,SMS,Working,10000.0,1,10000.0,1,10000.0,1,10000.0,1,10000.0,1,10000.0,1,8599768.808181819,105454.54545454546,11,113.875,0,2719.0,LOGIN,0.0,7.0,0.8228950040910211,-0.8183183343277722
26067,-0.5792443872495914,Payment,QR_payment,2019-11-10,Sun,10,1,160000.0,NaN,iOS,77.182.xx.xx (TH),F,2019-08-06,1997-11-22,0,2019-08-06,BRANCH,0,SMART_OTP,Businessman,160000.0,1,160000.0,1,160000.0,1,160000.0,1,160000.0,1,160000.0,1,8507793.548,120000.0,3,96.41666666666667,0,2248.0,LOGIN,0.0,9.0,0.0,-1.1243525489049129
26089,-0.6139912236597717,Payment,Credit_card_repayment,2019-10-24,Thu,18,1,882000.0,NaN,iOS,172.204.xx.xx (HCM),M,2019-01-09,1991-02-19,0,2019-01-09,BRANCH,1,SMART_OTP,Commercial associate,882000.0,1,882000.0,1,882000.0,1,882000.0,1,882000.0,1,882000.0,1,2587995.0225,1376748.0,3,288.75,0,650.0,LOGIN,0.0,39.0,0.0,-0.8466558025896554
26089,-0.5838720945893718,Payment,Credit_card_repayment,2019-12-16,Mon,11,1,1000000.0,NaN,iOS,239.150.xx.xx (HCM),M,2019-01-09,1991-02-19,0,2019-01-09,BRANCH,1,SMART_OTP,Commercial associate,1000000.0,1,1000000.0,1,1000000.0,1,1000000.0,1,1000000.0,1,1000000.0,1,2587995.0225,1376748.0,3,52.708333333333336,0,1915.0,LOGIN,0.0,46.0,0.0,-0.8466558025896554
26221,-0.586548383582172,Transfer,Outside_bank,2019-12-02,Mon,2,1,25000000.0,393988,Android,253.57.xx.xx (HN),M,2019-10-24,1993-06-26,0,2019-10-24,BRANCH,1,SMART_OTP,Commercial associate,25000000.0,1,25000000.0,1,25000000.0,1,25000000.0,1,25000000.0,1,25000000.0,1,1359657.62,25000000.0,1,39.083333333333336,1,882.0,LOGIN_FINGER,0.13636357438019348,22.0,0.0,-1.128440493413014
26313,-0.5906407461561738,Payment,Credit_card_repayment,2019-10-04,Fri,8,1,5000000.0,NaN,iOS,206.6.xx.xx (HN),M,2019-08-21,1985-10-19,0,2019-08-27,AUTO-JOB,0,SMART_OTP,Commercial associate,5000000.0,1,5000000.0,1,5000000.0,1,5000000.0,1,5000000.0,1,5000000.0,1,1844965.0219999999,1710833.25,4,38.333333333333336,0,911.0,LOGIN,0.0,3.0,0.0,-0.9517408111076164
26313,-0.5664870906236428,Payment,Credit_card_repayment,2019-12-27,Fri,10,1,1352766.0,NaN,iOS,85.10.xx.xx (HN),M,2019-08-21,1985-10-19,0,2019-08-27,AUTO-JOB,0,SMART_OTP,Commercial associate,1352766.0,1,1352766.0,1,1352766.0,1,1352766.0,1,1352766.0,1,1402766.0,2,1844965.0219999999,1710833.25,4,29.75,0,2929.0,LOGIN,0.0,8.0,0.0,-0.9517408111076164
26339,-0.6517952414008822,Payment,Credit_card_repayment,2019-12-15,Sun,21,1,21135906.0,NaN,Android,148.161.xx.xx (HCM),M,2019-10-14,1991-10-05,0,2019-10-14,BRANCH,1,SMART_OTP,Working,21135906.0,1,21135906.0,1,21135906.0,1,21135906.0,1,21135906.0,1,21135906.0,1,85689.65000000001,21135906.0,1,62.875,0,1303.0,LOGIN,0.45454504132268975,11.0,0.0,-1.4779131461906612
26397,-0.5907670626948789,Payment,Credit_card_repayment,2019-09-23,Mon,14,1,1184279.0,NaN,Web,124.20.xx.xx (CT),F,2019-08-03,1988-07-01,0,2019-08-12,BRANCH,1,SMART_OTP,Working,1184279.0,1,1184279.0,1,1184279.0,1,1184279.0,1,1184279.0,1,1184279.0,1,732020.324,1570191.2,5,42.583333333333336,0,965.0,LOGIN,0.3999998666667111,30.0,0.8073844493186755,-0.9164827739922847
26397,-0.605852807103486,Payment,Credit_card_repayment,2019-12-17,Tue,7,1,1669312.0,NaN,Web,149.28.xx.xx (CT),F,2019-08-03,1988-07-01,0,2019-08-12,BRANCH,1,SMART_OTP,Working,1669312.0,1,1669312.0,1,1669312.0,1,1669312.0,1,1669312.0,1,1669312.0,1,732020.324,1570191.2,5,34.916666666666664,0,2998.0,LOGIN_FINGER,0.4415583842131968,77.0,0.8073844493186755,-0.9164827739922847
26415,-0.6092359940603455,Topup,eWallet,2019-12-08,Sun,0,1,500000.0,NaN,iOS,168.67.xx.xx (HCM),M,2019-10-03,1983-11-03,0,2019-10-29,BRANCH,0,SMART_OTP,Working,500000.0,1,500000.0,1,690000.0,2,740000.0,3,740000.0,3,740000.0,3,10861606.260000002,434937.54545454547,11,0.5416666666666666,0,917.0,LOGIN_FINGER,0.4444441975310014,18.0,0.6113016227912773,-1.2612965896862005
26545,-0.5990080176006023,Transfer,Outside_bank,2019-12-09,Mon,14,1,20000000.0,438666,iOS,23.183.xx.xx (HN),M,2019-05-16,1963-10-10,0,2019-05-20,BRANCH,1,SMART_OTP,Pensioner,20000000.0,1,20000000.0,1,20000000.0,1,20000000.0,1,20000000.0,1,20000000.0,1,36083494.93625,20000000.0,1,203.58333333333334,1,4876.0,LOGIN_FACEID,0.4489795002082652,49.0,0.0,-1.2808553599063108
26683,-0.5700849344975776,Transfer,Outside_bank,2019-12-24,Tue,16,1,13911000.0,186431,Android,215.222.xx.xx (DN),M,2019-10-18,1996-04-03,0,2019-11-07,BRANCH,1,SMART_OTP,Working,13911000.0,1,13911000.0,1,13948000.0,2,14448000.0,3,15676306.0,7,17460306.0,14,1452124.84,691937.2592592592,27,0.9166666666666666,1,177.0,LOGIN_FINGER,0.4795917877967563,98.0,0.4260691458774801,-1.324044807601159
26722,-0.6141218803417006,Transfer,Within_bank,2019-12-16,Mon,1,1,5000000.0,301822,Android,176.190.xx.xx (HP),F,2019-11-07,1996-02-17,0,2019-11-07,BRANCH,1,SMART_OTP,Commercial associate,5000000.0,1,5000000.0,1,5000000.0,1,5000000.0,1,5000000.0,1,5000000.0,1,411446.195,3750000.0,2,39.041666666666664,1,711.0,LOGIN,0.0,7.0,0.0,-1.2611220550670814
26744,-0.5673714659790917,Transfer,Within_bank,2019-10-06,Sun,0,1,6200000.0,263521,iOS,151.45.xx.xx (HN),F,2019-07-03,1998-04-01,0,2019-07-03,BRANCH,1,SMART_OTP,Commercial associate,6200000.0,1,6200000.0,1,6200000.0,1,6200000.0,1,6200000.0,1,35432000.0,9,6916679.836666667,3298613.118644068,59,11.25,1,999.0,LOGIN_FINGER,0.4933332675555643,75.0,0.06758724030806725,-1.274500682816838
26746,-0.5945606436019586,Transfer,Outside_bank,2019-08-09,Fri,17,1,110000000.0,708086,iOS,145.118.xx.xx (NA),M,2019-04-19,1990-10-08,1,2019-04-19,BRANCH,1,SMART_OTP,State servant,110000000.0,1,110000000.0,1,110000000.0,1,110000000.0,1,110000000.0,1,126690018.0,14,3418169.9633333334,8891189.43624161,149,10.291666666666666,1,999.0,LOGIN,0.265306095376929,98.0,0.04402705568931372,-1.2485829535929547
26746,-0.5754909960521271,Transfer,Outside_bank,2019-11-23,Sat,10,1,180000000.0,127082,iOS,29.20.xx.xx (NA),M,2019-04-19,1990-10-08,1,2019-04-19,BRANCH,1,SMART_OTP,State servant,180000000.0,1,180000000.0,1,182730000.0,3,193290000.0,4,222090000.0,8,252187041.0,22,3418169.9633333334,8891189.43624161,149,0.9583333333333334,3,1319.0,LOGIN_FINGER,0.41193180647921007,352.0,0.04402705568931372,-1.2485829535929547
26842,-0.593904237821277,Transfer,Outside_bank,2019-12-03,Tue,15,1,50000000.0,817475,iOS,10.194.xx.xx (BD),M,2019-07-22,1980-08-20,0,2019-08-12,BRANCH,1,SMART_OTP,State servant,50000000.0,1,50000000.0,1,50000000.0,1,50000000.0,1,50000000.0,1,50000000.0,1,402979.2216666667,7823076.923076923,13,38.166666666666664,1,2687.0,LOGIN,0.0,46.0,0.27191313286168994,-0.9249232461510449
26868,-0.5915252723853874,Topup,eWallet,2019-08-28,Wed,8,1,19000000.0,NaN,iOS,87.214.xx.xx (TH),F,2019-07-11,1991-10-07,0,2019-07-11,BRANCH,1,SMART_OTP,Working,19000000.0,1,19000000.0,1,51000000.0,2,53000000.0,5,54060000.0,12,59780000.0,25,1454608.7833333332,2052675.6756756757,111,0.875,1,999.0,LOGIN,0.4999999553571468,112.0,0.25347419406352734,-1.31557537176169
26868,-0.5663994470289357,Topup,eWallet,2019-10-04,Fri,1,1,2000000.0,NaN,iOS,253.247.xx.xx (TH),F,2019-07-11,1991-10-07,0,2019-07-11,BRANCH,1,SMART_OTP,Working,2950000.0,2,2950000.0,2,25600000.0,8,28084000.0,10,46422000.0,22,78017000.0,46,1454608.7833333332,2052675.6756756757,111,0.041666666666666664,2,999.0,LOGIN,0.49687498447265677,320.0,0.25347419406352734,-1.31557537176169
26868,-0.5797383275493508,Transfer,Outside_bank,2019-10-31,Thu,15,2,30700000.0,1213,iOS,191.35.xx.xx (TH),F,2019-07-11,1991-10-07,0,2019-07-11,BRANCH,1,SMART_OTP,Working,30700000.0,1,30700000.0,1,30700000.0,1,31500000.0,2,31500000.0,2,80284000.0,24,1454608.7833333332,2052675.6756756757,111,1.3333333333333333,1,19.0,LOGIN,0.49742266759219933,388.0,0.25347419406352734,-1.31557537176169
26868,-0.5687616795690825,Topup,eWallet,2019-12-11,Wed,1,1,100000.0,NaN,iOS,204.218.xx.xx (TH),F,2019-07-11,1991-10-07,0,2019-07-11,BRANCH,1,SMART_OTP,Working,100000.0,1,100000.0,1,2600000.0,4,2600000.0,4,2600000.0,4,2610000.0,5,1454608.7833333332,2052675.6756756757,111,0.4583333333333333,0,989.0,LOGIN_FINGER,0.4964871078106064,427.0,0.25347419406352734,-1.31557537176169
26868,-0.5735051645684098,Topup,eWallet,2019-12-12,Thu,1,1,200000.0,NaN,iOS,50.132.xx.xx (TH),F,2019-07-11,1991-10-07,0,2019-07-11,BRANCH,1,SMART_OTP,Working,200000.0,1,200000.0,1,300000.0,2,2800000.0,5,2800000.0,5,2810000.0,6,1454608.7833333332,2052675.6756756757,111,1.0,0,1013.0,LOGIN,0.4976635397742164,428.0,0.25347419406352734,-1.31557537176169
26979,-0.578390670159078,Transfer,Outside_bank,2019-02-26,Tue,11,1,300000000.0,272258,Android,30.227.xx.xx (HN),F,2019-01-25,1986-02-06,0,2019-02-14,BRANCH,1,SMART_OTP,Working,300000000.0,1,300000000.0,1,300000000.0,1,300000000.0,1,300000000.0,1,300000000.0,1,63626017.21416666,16775626.972972972,111,12.458333333333334,1,0.0,LOGIN,0.0,1.0,0.16540754438091348,-1.1990035332351594
26979,-0.57691563517052,Transfer,Outside_bank,2019-11-20,Wed,12,1,300000000.0,637815,Android,254.215.xx.xx (HN),F,2019-01-25,1986-02-06,0,2019-02-14,BRANCH,1,SMART_OTP,Working,300000000.0,1,300000000.0,1,301000000.0,2,324000000.0,4,414000000.0,5,456078565.0,17,63626017.21416666,16775626.972972972,111,0.875,2,6409.0,LOGIN,0.0,89.0,0.16540754438091348,-1.1990035332351594
26993,-0.6087735498091416,Payment,Credit_card_repayment,2019-10-03,Thu,16,2,14200000.0,NaN,Android,102.7.xx.xx (HN),M,2019-07-24,1984-11-30,0,2019-07-24,BRANCH,1,SMART_OTP,State servant,14200000.0,1,14200000.0,1,14200000.0,1,14200000.0,1,14200000.0,1,14200000.0,1,1708740.265,4450000.0,4,71.66666666666667,0,648.0,LOGIN,0.0,2.0,0.0,-0.9746133844318887
26993,-0.5692217840243079,Payment,Credit_card_repayment,2019-11-04,Mon,18,1,1500000.0,NaN,Android,18.244.xx.xx (HN),M,2019-07-24,1984-11-30,0,2019-07-24,BRANCH,1,SMART_OTP,State servant,1500000.0,1,1500000.0,1,1500000.0,1,1500000.0,1,1500000.0,1,1500000.0,1,1708740.265,4450000.0,4,32.083333333333336,0,1418.0,LOGIN,0.0,3.0,0.0,-0.9746133844318887
27005,-0.5853446680548134,Topup,eWallet,2019-09-22,Sun,0,1,394500.0,NaN,iOS,10.59.xx.xx (HN),M,2019-09-20,1990-04-24,0,2019-09-20,BRANCH,0,SMART_OTP,Working,394500.0,1,394500.0,1,394500.0,1,444500.0,2,444500.0,2,444500.0,2,212548.0875,719082.4242424242,33,1.2083333333333333,0,38.0,LOGIN,0.0,6.0,0.32648948560232705,-1.3381788404464037
27005,-0.5746839760457186,Topup,eWallet,2019-09-23,Mon,0,1,107000.0,NaN,iOS,10.247.xx.xx (HN),M,2019-09-20,1990-04-24,0,2019-09-20,BRANCH,0,SMART_OTP,Working,117000.0,2,117000.0,2,571500.0,5,571500.0,5,621500.0,6,621500.0,6,212548.0875,719082.4242424242,33,0.041666666666666664,0,62.0,LOGIN,0.0,8.0,0.32648948560232705,-1.3381788404464037
27005,-0.5784091360750875,Topup,eWallet,2019-11-15,Fri,21,1,6362000.0,NaN,iOS,155.106.xx.xx (HN),M,2019-09-20,1990-04-24,0,2019-09-20,BRANCH,0,SMART_OTP,Working,6362000.0,1,6362000.0,1,6362000.0,1,6362000.0,1,6362000.0,1,6458100.0,5,212548.0875,719082.4242424242,33,7.583333333333333,0,1355.0,LOGIN,0.0,18.0,0.32648948560232705,-1.3381788404464037
27005,-0.6110010511012605,Topup,eWallet,2019-11-26,Tue,0,1,5576500.0,NaN,iOS,73.25.xx.xx (HN),M,2019-09-20,1990-04-24,0,2019-09-20,BRANCH,0,SMART_OTP,Working,5576500.0,1,5576500.0,1,5576500.0,1,5576500.0,1,6176500.0,3,17326100.0,9,212548.0875,719082.4242424242,33,2.2083333333333335,0,1598.0,LOGIN,0.0,20.0,0.32648948560232705,-1.3381788404464037
27005,-0.5963412587049481,Topup,eWallet,2019-11-27,Wed,0,1,3199000.0,NaN,iOS,204.118.xx.xx (HN),M,2019-09-20,1990-04-24,0,2019-09-20,BRANCH,0,SMART_OTP,Working,3199000.0,1,3199000.0,1,8775500.0,2,8775500.0,2,9375500.0,4,20525100.0,10,212548.0875,719082.4242424242,33,1.0,0,1622.0,LOGIN,0.0,20.0,0.32648948560232705,-1.3381788404464037
27006,-0.601947479821696,Payment,Credit_card_repayment,2019-09-19,Thu,15,1,174400.0,NaN,iOS,139.7.xx.xx (HN),M,2019-08-23,1993-03-31,0,2019-08-23,AUTO-JOB,0,SMART_OTP,Working,174400.0,1,174400.0,1,174400.0,1,174400.0,1,174400.0,1,174400.0,1,3090.6125,286783.5,2,27.625,0,646.0,LOGIN_FINGER,0.433333188888937,30.0,0.0,-1.0397684204960675
27006,-0.6495829889617588,Payment,Credit_card_repayment,2019-12-20,Fri,19,1,399167.0,NaN,iOS,28.46.xx.xx (HN),M,2019-08-23,1993-03-31,0,2019-08-23,AUTO-JOB,0,SMART_OTP,Working,399167.0,1,399167.0,1,399167.0,1,399167.0,1,399167.0,1,399167.0,1,3090.6125,286783.5,2,92.16666666666667,0,2858.0,LOGIN,0.45833323784724206,48.0,0.0,-1.0397684204960675
27056,-0.5721908882540184,Payment,Credit_card_repayment,2019-06-12,Wed,15,1,34588980.0,NaN,iOS,238.102.xx.xx (HCM),F,2019-01-10,1989-02-17,0,2019-01-25,BRANCH,0,SMART_OTP,Commercial associate,34588980.0,1,34588980.0,1,34588980.0,1,34588980.0,1,36588980.0,2,46672787.0,3,15378763.65,6343642.962264151,106,5.125,0,3199.0,LOGIN,0.0,56.0,0.04080293581587369,-0.8425055416138102
27056,-0.6182194420978887,Payment,Credit_card_repayment,2019-09-10,Tue,17,1,38044101.0,NaN,iOS,222.214.xx.xx (HCM),F,2019-01-10,1989-02-17,0,2019-01-25,BRANCH,0,SMART_OTP,Commercial associate,38044101.0,1,38044101.0,1,38044101.0,1,38044101.0,1,38044101.0,1,53922132.0,12,15378763.65,6343642.962264151,106,10.041666666666666,0,5361.0,LOGIN,0.03738317407633887,107.0,0.04080293581587369,-0.8425055416138102
27056,-0.591894664355612,Payment,Credit_card_repayment,2019-11-04,Mon,11,1,24874814.0,NaN,iOS,250.222.xx.xx (HCM),F,2019-01-10,1989-02-17,0,2019-01-25,BRANCH,0,SMART_OTP,Commercial associate,24874814.0,1,24874814.0,1,24874814.0,1,24874814.0,1,46139814.0,5,72901774.0,16,15378763.65,6343642.962264151,106,2.625,0,6675.0,LOGIN,0.05063290818779062,158.0,0.04080293581587369,-0.8425055416138102
27056,-0.5890146390180928,Payment,Credit_card_repayment,2019-12-25,Wed,10,1,1883537.0,NaN,iOS,133.248.xx.xx (HCM),F,2019-01-10,1989-02-17,0,2019-01-25,BRANCH,0,SMART_OTP,Commercial associate,1883537.0,1,1883537.0,1,1883537.0,1,1883537.0,1,1883537.0,1,34497620.0,14,15378763.65,6343642.962264151,106,11.833333333333334,0,7898.0,LOGIN_FINGER,0.08771929439827655,228.0,0.04080293581587369,-0.8425055416138102
27056,-0.599476408453077,Payment,Credit_card_repayment,2019-12-26,Thu,12,1,19622122.0,NaN,iOS,165.13.xx.xx (HCM),F,2019-01-10,1989-02-17,0,2019-01-25,BRANCH,0,SMART_OTP,Commercial associate,29622122.0,2,29622122.0,2,39622122.0,4,41505659.0,5,41505659.0,5,74119742.0,18,15378763.65,6343642.962264151,106,0.0,3,7924.0,LOGIN,0.11475409365761911,244.0,0.04080293581587369,-0.8425055416138102
27056,-0.6151190363057548,Transfer,Outside_bank,2019-12-26,Thu,16,1,202007300.0,386462,iOS,206.241.xx.xx (HCM),F,2019-01-10,1989-02-17,0,2019-01-25,BRANCH,0,SMART_OTP,Commercial associate,202007300.0,1,202007300.0,1,241629422.0,5,243512959.0,6,243512959.0,6,257927042.0,17,15378763.65,6343642.962264151,106,0.16666666666666666,4,7928.0,LOGIN,0.12096773705775253,248.0,0.04080293581587369,-0.8425055416138102
27335,-0.6311375560680462,Topup,eWallet,2019-12-15,Sun,0,1,1000000.0,NaN,iOS,14.76.xx.xx (BD),M,2019-12-02,1991-01-02,0,2019-12-02,BRANCH,1,SMART_OTP,Commercial associate,1000000.0,1,1000000.0,1,1000000.0,1,1020000.0,3,1020000.0,3,1020000.0,3,435451.61,358333.3333333333,6,1.2083333333333333,0,299.0,LOGIN_FINGER,0.4358973241288912,39.0,0.8965485574842444,-1.1207526713563174
27343,-0.6125192687843535,Payment,Credit_card_repayment,2019-12-16,Mon,13,1,118100.0,NaN,iOS,165.71.xx.xx (CT),F,2019-08-26,1973-01-29,0,2019-08-27,BRANCH,0,SMART_OTP,Commercial associate,118100.0,1,118100.0,1,118100.0,1,118100.0,1,118100.0,1,118100.0,1,1001166.3119999999,8559050.0,2,111.54166666666667,0,2664.0,LOGIN,0.09090907024793857,44.0,0.0,-0.7563189177318012
27343,-0.5929625911900768,Payment,Credit_card_repayment,2019-12-25,Wed,8,1,17000000.0,NaN,iOS,27.189.xx.xx (CT),F,2019-08-26,1973-01-29,0,2019-08-27,BRANCH,0,SMART_OTP,Commercial associate,17000000.0,1,17000000.0,1,17000000.0,1,17000000.0,1,17000000.0,1,17118100.0,2,1001166.3119999999,8559050.0,2,8.791666666666666,0,2875.0,LOGIN,0.08333331597222583,48.0,0.0,-0.7563189177318012
27381,-0.6049760885782839,Transfer,Outside_bank,2019-09-13,Fri,21,2,187000000.0,331498,iOS,27.248.xx.xx (CT),M,2019-05-21,1998-01-08,0,2019-05-22,BRANCH,1,SMART_OTP,Commercial associate,187020000.0,2,187020000.0,2,224020000.0,4,226020000.0,6,238439000.0,14,239819000.0,22,2854874.07,12862078.94736842,114,0.3333333333333333,3,2748.0,LOGIN,0.49275358748162407,138.0,0.030040093701103613,-1.3171458187676233
27381,-0.5882789721820296,Transfer,Outside_bank,2019-09-14,Sat,14,1,176000000.0,532549,iOS,18.65.xx.xx (CT),M,2019-05-21,1998-01-08,0,2019-05-22,BRANCH,1,SMART_OTP,Commercial associate,176000000.0,1,179000000.0,2,366020000.0,4,405020000.0,8,415990000.0,14,418819000.0,24,2854874.07,12862078.94736842,114,0.041666666666666664,3,2765.0,LOGIN,0.4930555213155888,144.0,0.030040093701103613,-1.3171458187676233
27381,-0.5868388808829088,Transfer,Outside_bank,2019-09-14,Sat,19,1,160000000.0,806129,iOS,37.84.xx.xx (CT),M,2019-05-21,1998-01-08,0,2019-05-22,BRANCH,1,SMART_OTP,Commercial associate,160000000.0,1,160000000.0,1,526020000.0,5,563020000.0,7,575990000.0,15,578819000.0,25,2854874.07,12862078.94736842,114,0.20833333333333334,4,2770.0,LOGIN_FACEID,0.48993285302464074,149.0,0.030040093701103613,-1.3171458187676233
27381,-0.5848305191694304,Transfer,Outside_bank,2019-09-14,Sat,21,1,160000000.0,609067,iOS,36.82.xx.xx (CT),M,2019-05-21,1998-01-08,0,2019-05-22,BRANCH,1,SMART_OTP,Commercial associate,160000000.0,1,320000000.0,2,686020000.0,6,723020000.0,8,735990000.0,16,738819000.0,26,2854874.07,12862078.94736842,114,0.08333333333333333,5,2772.0,LOGIN,0.4934210201696697,152.0,0.030040093701103613,-1.3171458187676233
27381,-0.5875142251639944,Transfer,Outside_bank,2019-09-22,Sun,1,1,45000000.0,307083,iOS,50.111.xx.xx (CT),M,2019-05-21,1998-01-08,0,2019-05-22,BRANCH,1,SMART_OTP,Commercial associate,65000000.0,2,65000000.0,2,65000000.0,2,73200000.0,3,198080000.0,15,936899000.0,41,2854874.07,12862078.94736842,114,0.041666666666666664,2,2944.0,LOGIN,0.4874371614353185,199.0,0.030040093701103613,-1.3171458187676233
27381,-0.5662617145468277,Transfer,Outside_bank,2019-09-23,Mon,14,4,155000000.0,828301,iOS,93.161.xx.xx (CT),M,2019-05-21,1998-01-08,0,2019-05-22,BRANCH,1,SMART_OTP,Commercial associate,155000000.0,1,194400000.0,2,283885000.0,9,349385000.0,13,427765000.0,22,1221284000.0,52,2854874.07,12862078.94736842,114,0.041666666666666664,9,2981.0,LOGIN_FACEID,0.4746543560067117,217.0,0.030040093701103613,-1.3171458187676233
27381,-0.5987919512204469,Transfer,Outside_bank,2019-11-16,Sat,1,4,25900000.0,780757,iOS,6.247.xx.xx (CT),M,2019-05-21,1998-01-08,0,2019-05-22,BRANCH,1,SMART_OTP,Commercial associate,25900000.0,1,25900000.0,1,41415000.0,3,41415000.0,3,41415000.0,3,43120000.0,8,2854874.07,12862078.94736842,114,0.16666666666666666,3,4264.0,LOGIN,0.47590360012338556,332.0,0.030040093701103613,-1.3171458187676233
27418,-0.5677689278345027,Payment,Credit_card_repayment,2019-09-24,Tue,1,1,1810000.0,NaN,Android,117.238.xx.xx (HN),F,2019-07-05,1987-12-22,0,2019-07-05,BRANCH,1,SMART_OTP,Working,1810000.0,1,1810000.0,1,1810000.0,1,1810000.0,1,1810000.0,1,23443605.0,8,2865080.2616666667,7134931.3513513515,37,8.625,0,999.0,LOGIN,0.0,21.0,0.10898840426841033,-1.2243399305343414
27418,-0.588415216864419,Payment,Credit_card_repayment,2019-11-26,Tue,0,1,5000000.0,NaN,Android,251.61.xx.xx (HN),F,2019-07-05,1987-12-22,0,2019-07-05,BRANCH,1,SMART_OTP,Working,5000000.0,1,5000000.0,1,5000000.0,1,5000000.0,1,7396830.0,2,11406545.0,4,2865080.2616666667,7134931.3513513515,37,6.083333333333333,0,999.0,LOGIN,0.0,33.0,0.10898840426841033,-1.2243399305343414
27446,-0.6051295051855973,Payment,Credit_card_repayment,2019-11-25,Mon,22,1,1500000.0,NaN,iOS,130.244.xx.xx (HCM),M,2019-07-03,1993-01-19,0,2019-07-03,AUTO-JOB,0,SMART_OTP,Commercial associate,1500000.0,1,1500000.0,1,1500000.0,1,1500000.0,1,1500000.0,1,1500000.0,1,262096.775,1550000.0,2,145.91666666666666,0,999.0,LOGIN,0.0,14.0,0.0,-1.2181591980725393
27502,-0.5998798977554453,Topup,eWallet,2019-12-17,Tue,0,1,10000.0,NaN,Android,198.149.xx.xx (HCM),M,2019-12-16,1991-01-01,0,2019-12-16,BRANCH,1,SMART_OTP,Working,90000.0,2,140000.0,3,400000.0,6,400000.0,6,400000.0,6,400000.0,6,56096.77,100000.0,7,0.041666666666666664,0,14.0,LOGIN_FINGER,0.19999960000080003,5.0,0.48770973636898435,-0.877572243390933
27555,-0.5736833829074619,Payment,Credit_card_repayment,2019-02-25,Mon,17,1,24000000.0,NaN,iOS,14.112.xx.xx (HCM),F,2019-02-23,1984-01-25,0,2019-02-23,BRANCH,1,SMS,Unemployed,24000000.0,1,24000000.0,1,24000000.0,1,24000000.0,1,24000000.0,1,24000000.0,1,228131.5518181818,16017173.913043479,23,2.7083333333333335,0,54.0,LOGIN,0.0,2.0,0.2361060490870636,-1.0075083933907023
27555,-0.5772927537272977,Payment,Credit_card_repayment,2019-04-25,Thu,10,1,500000.0,NaN,iOS,179.197.xx.xx (HCM),F,2019-02-23,1984-01-25,0,2019-02-23,BRANCH,1,SMS,Unemployed,500000.0,1,500000.0,1,500000.0,1,500000.0,1,500000.0,1,500000.0,1,228131.5518181818,16017173.913043479,23,58.708333333333336,0,1463.0,LOGIN,0.0,5.0,0.2361060490870636,-1.0075083933907023
27555,-0.5811770273097152,Payment,Credit_card_repayment,2019-04-25,Thu,11,1,29500000.0,NaN,iOS,188.226.xx.xx (HCM),F,2019-02-23,1984-01-25,0,2019-02-23,BRANCH,1,SMS,Unemployed,29500000.0,1,30000000.0,2,30000000.0,2,30000000.0,2,30000000.0,2,30000000.0,2,228131.5518181818,16017173.913043479,23,0.041666666666666664,0,1464.0,LOGIN,0.0,6.0,0.2361060490870636,-1.0075083933907023
27555,-0.6039430289574012,Payment,Credit_card_repayment,2019-04-25,Thu,18,1,59000000.0,NaN,iOS,175.24.xx.xx (HCM),F,2019-02-23,1984-01-25,0,2019-02-23,BRANCH,1,SMS,Unemployed,60000000.0,2,60000000.0,2,90000000.0,4,90000000.0,4,90000000.0,4,90000000.0,4,228131.5518181818,16017173.913043479,23,0.041666666666666664,0,1471.0,LOGIN,0.0,8.0,0.2361060490870636,-1.0075083933907023
27555,-0.5772278835557683,Payment,Credit_card_repayment,2019-06-18,Tue,16,1,14900000.0,NaN,iOS,22.95.xx.xx (HCM),F,2019-02-23,1984-01-25,0,2019-02-23,BRANCH,1,SMS,Unemployed,14900000.0,1,14900000.0,1,14900000.0,1,14900000.0,1,14950000.0,2,15050000.0,3,228131.5518181818,16017173.913043479,23,7.0,0,2765.0,LOGIN,0.0,17.0,0.2361060490870636,-1.0075083933907023
27555,-0.6190487447640762,Payment,Credit_card_repayment,2019-06-21,Fri,12,3,86800000.0,NaN,iOS,170.101.xx.xx (HCM),F,2019-02-23,1984-01-25,0,2019-02-23,BRANCH,1,SMS,Unemployed,86800000.0,1,90800000.0,2,90800000.0,2,90800000.0,2,105800000.0,4,105950000.0,6,228131.5518181818,16017173.913043479,23,0.08333333333333333,0,2833.0,LOGIN,0.0,20.0,0.2361060490870636,-1.0075083933907023
27555,-0.6004711309558987,Payment,Credit_card_repayment,2019-07-04,Thu,14,1,49500000.0,NaN,iOS,244.247.xx.xx (HCM),F,2019-02-23,1984-01-25,0,2019-02-23,BRANCH,1,SMS,Unemployed,49500000.0,1,49500000.0,1,49500000.0,1,49500000.0,1,49500000.0,1,186350000.0,11,228131.5518181818,16017173.913043479,23,9.583333333333334,0,3147.0,LOGIN,0.0,21.0,0.2361060490870636,-1.0075083933907023
27555,-0.6456374150631096,Payment,Credit_card_repayment,2019-08-22,Thu,19,3,64700000.0,NaN,iOS,20.123.xx.xx (HCM),F,2019-02-23,1984-01-25,0,2019-02-23,BRANCH,1,SMS,Unemployed,64700000.0,1,64700000.0,1,64700000.0,1,64700000.0,1,64700000.0,1,64715000.0,2,228131.5518181818,16017173.913043479,23,28.375,0,4328.0,LOGIN,0.0,27.0,0.2361060490870636,-1.0075083933907023
27590,-0.610596673351993,Transfer,Within_bank,2019-12-02,Mon,22,1,400000.0,774415,iOS,153.111.xx.xx (HN),M,2019-01-04,1997-01-10,0,2019-01-04,BRANCH,1,SMART_OTP,Businessman,400000.0,1,400000.0,1,400000.0,1,400000.0,1,400000.0,1,400000.0,1,276639.29583333334,364000.0,5,194.08333333333334,1,7415.0,LOGIN,0.0,46.0,0.7364814197622458,-0.9981134434990766
27668,-0.5879156736060379,Transfer,Outside_bank,2019-08-28,Wed,11,1,145000000.0,672242,iOS,6.186.xx.xx (TH),M,2019-03-15,1987-01-01,1,2019-03-16,BRANCH,1,SMART_OTP,State servant,145000000.0,1,164760000.0,3,164760000.0,3,164760000.0,3,166570000.0,9,214523001.0,25,19589804.18,4383798.659090909,176,0.041666666666666664,3,213.0,LOGIN_FINGER,0.4734299288198102,207.0,0.08138029477458154,-1.1099356943132763
27668,-0.5774100610236907,Transfer,Within_bank,2019-10-03,Thu,14,2,92700000.0,382835,iOS,1.6.xx.xx (TH),M,2019-03-15,1987-01-01,1,2019-03-16,BRANCH,1,SMART_OTP,State servant,99400000.0,2,99400000.0,2,99400000.0,2,99400000.0,2,104464000.0,5,156593175.0,25,19589804.18,4383798.659090909,176,2.1666666666666665,1,1080.0,LOGIN_FINGER,0.4764890132762065,319.0,0.08138029477458154,-1.1099356943132763
27674,-0.566163234471794,Transfer,Outside_bank,2019-12-19,Thu,21,2,27000000.0,798727,iOS,120.186.xx.xx (DN),F,2019-11-11,1993-03-31,0,2019-11-11,BRANCH,1,SMART_OTP,Working,27000000.0,1,27000000.0,1,30000000.0,2,48000000.0,3,72695000.0,18,107535000.0,37,133510.86000000002,2918521.1267605633,71,1.0,2,923.0,LOGIN,0.3888888528806618,108.0,0.048023487398888856,-1.2740155948495244
27674,-0.5852948029800095,Transfer,Outside_bank,2019-12-20,Fri,1,1,13000000.0,542054,iOS,214.249.xx.xx (DN),F,2019-11-11,1993-03-31,0,2019-11-11,BRANCH,1,SMART_OTP,Working,13000000.0,1,14300000.0,2,41300000.0,3,62300000.0,5,86995000.0,20,121835000.0,39,133510.86000000002,2918521.1267605633,71,0.08333333333333333,2,927.0,LOGIN,0.38181814710744116,110.0,0.048023487398888856,-1.2740155948495244
27674,-0.5761375989608161,Transfer,Outside_bank,2019-12-22,Sun,0,1,13000000.0,42545,iOS,148.176.xx.xx (DN),F,2019-11-11,1993-03-31,0,2019-11-11,BRANCH,1,SMART_OTP,Working,13000000.0,1,14000000.0,2,51050000.0,6,67250000.0,9,120250000.0,15,175585000.0,45,133510.86000000002,2918521.1267605633,71,0.125,6,974.0,LOGIN,0.3499999708333357,120.0,0.048023487398888856,-1.2740155948495244
27767,-0.6248401161859293,Payment,Credit_card_repayment,2019-08-29,Thu,17,1,15300000.0,NaN,iOS,188.135.xx.xx (HN),F,2019-02-20,1959-11-01,0,2019-02-20,BRANCH,1,SMART_OTP,Pensioner,15300000.0,1,15300000.0,1,15300000.0,1,15300000.0,1,15300000.0,1,15300000.0,1,2289691.10625,12485986.5,10,190.70833333333334,0,4543.0,LOGIN,0.0,44.0,0.5970089449836886,-1.2128290770262191
27767,-0.6055236537456028,Payment,Credit_card_repayment,2019-09-29,Sun,22,1,19258602.0,NaN,iOS,124.15.xx.xx (HN),F,2019-02-20,1959-11-01,0,2019-02-20,BRANCH,1,SMART_OTP,Pensioner,19258602.0,1,19258602.0,1,19258602.0,1,19258602.0,1,19258602.0,1,21258602.0,2,2289691.10625,12485986.5,10,28.0,0,5292.0,LOGIN,0.0,55.0,0.5970089449836886,-1.2128290770262191
27767,-0.5674854292511993,Payment,Credit_card_repayment,2019-10-12,Sat,6,1,11000000.0,NaN,iOS,44.3.xx.xx (HN),F,2019-02-20,1959-11-01,0,2019-02-20,BRANCH,1,SMART_OTP,Pensioner,11000000.0,1,11000000.0,1,11000000.0,1,11000000.0,1,11000000.0,1,30258602.0,2,2289691.10625,12485986.5,10,12.333333333333334,0,5588.0,LOGIN,0.0,60.0,0.5970089449836886,-1.2128290770262191
27767,-0.6120699318663054,Payment,Credit_card_repayment,2019-11-01,Fri,1,1,500000.0,NaN,iOS,234.216.xx.xx (HN),F,2019-02-20,1959-11-01,0,2019-02-20,BRANCH,1,SMART_OTP,Pensioner,500000.0,1,500000.0,1,500000.0,1,14351263.0,2,24351263.0,3,35351263.0,4,2289691.10625,12485986.5,10,1.5416666666666667,0,6063.0,LOGIN,0.0,78.0,0.5970089449836886,-1.2128290770262191
27767,-0.585377468720737,Payment,Credit_card_repayment,2019-11-20,Wed,23,1,10000000.0,NaN,iOS,169.153.xx.xx (HN),F,2019-02-20,1959-11-01,0,2019-02-20,BRANCH,1,SMART_OTP,Pensioner,10000000.0,1,10000000.0,1,10000000.0,1,10000000.0,1,10000000.0,1,34351263.0,4,2289691.10625,12485986.5,10,19.916666666666668,0,6541.0,LOGIN,0.0,91.0,0.5970089449836886,-1.2128290770262191
27767,-0.5853738815479235,Payment,Credit_card_repayment,2019-11-24,Sun,23,1,20950000.0,NaN,iOS,104.96.xx.xx (HN),F,2019-02-20,1959-11-01,0,2019-02-20,BRANCH,1,SMART_OTP,Pensioner,20950000.0,1,20950000.0,1,20950000.0,1,20950000.0,1,30950000.0,2,45301263.0,4,2289691.10625,12485986.5,10,4.0,0,6637.0,LOGIN,0.0,97.0,0.5970089449836886,-1.2128290770262191
27767,-0.6280625460116817,Payment,Credit_card_repayment,2019-12-27,Fri,17,1,22000000.0,NaN,iOS,8.239.xx.xx (HN),F,2019-02-20,1959-11-01,0,2019-02-20,BRANCH,1,SMART_OTP,Pensioner,22000000.0,1,22000000.0,1,22000000.0,1,22000000.0,1,22000000.0,1,22000000.0,1,2289691.10625,12485986.5,10,32.75,0,7423.0,LOGIN,0.0,113.0,0.5970089449836886,-1.2128290770262191
27770,-0.5672186734632366,Transfer,Outside_bank,2019-11-09,Sat,0,1,1850000.0,206080,Web,168.220.xx.xx (HP),M,2019-10-29,1998-12-12,0,2019-10-29,BRANCH,1,SMART_OTP,Working,1850000.0,1,1850000.0,1,1850000.0,1,2850000.0,2,3850000.0,4,3850000.0,4,4088443.26,1356200.0,25,1.125,1,250.0,LOGIN_FACEID,0.4499997750001125,20.0,0.1204886484897208,-1.5390697755496987
27775,-0.5679462384834907,Transfer,Outside_bank,2019-08-01,Thu,15,1,200000000.0,754739,Android,47.149.xx.xx (HCM),F,2019-03-19,1994-04-14,0,2019-03-19,BRANCH,1,SMART_OTP,Working,200000000.0,1,200000000.0,1,200000000.0,1,200000000.0,1,222005000.0,10,277830000.0,27,11008603.9,5976693.61352657,207,2.0833333333333335,1,3057.0,LOGIN,0.0,92.0,0.14291354719545535,-1.269302668356189
27790,-0.5865989342264671,Transfer,Within_bank,2019-03-15,Fri,0,1,5000000.0,885276,Android,17.134.xx.xx (HN),M,2019-03-08,1988-09-15,0,2019-03-08,BRANCH,1,SMS,Commercial associate,5000000.0,1,5000000.0,1,5000000.0,1,35065000.0,3,35065000.0,3,35065000.0,3,22988097.34,13180884.322429907,214,1.3333333333333333,1,16.0,LOGIN,0.0,4.0,0.09109213170822592,-1.3268060601497342
27797,-0.5957725667390954,Payment,Credit_card_repayment,2019-09-04,Wed,13,1,3000000.0,NaN,iOS,240.170.xx.xx (NA),F,2019-08-02,1992-07-31,0,2019-08-02,AUTO-JOB,0,SMART_OTP,Commercial associate,3000000.0,1,3000000.0,1,3000000.0,1,3000000.0,1,3000000.0,1,3000000.0,1,97861.1675,3374803.0,4,33.541666666666664,0,789.0,LOGIN,0.0,12.0,0.0,-0.9510972675315263
27797,-0.5968369978234812,Payment,Credit_card_repayment,2019-10-08,Tue,9,1,3000000.0,NaN,Android,35.228.xx.xx (TH),F,2019-08-02,1992-07-31,0,2019-08-02,AUTO-JOB,0,SMART_OTP,Commercial associate,3000000.0,1,3000000.0,1,3000000.0,1,3000000.0,1,3000000.0,1,3000000.0,1,97861.1675,3374803.0,4,33.833333333333336,0,1601.0,LOGIN,0.0,14.0,0.0,-0.9510972675315263
27797,-0.577891092385737,Payment,Credit_card_repayment,2019-11-06,Wed,10,1,2499212.0,NaN,Android,245.96.xx.xx (TH),F,2019-08-02,1992-07-31,0,2019-08-02,AUTO-JOB,0,SMART_OTP,Commercial associate,2499212.0,1,2499212.0,1,2499212.0,1,2499212.0,1,2499212.0,1,5499212.0,2,97861.1675,3374803.0,4,29.041666666666668,0,2298.0,LOGIN,0.0,17.0,0.0,-0.9510972675315263
27797,-0.6006547549033472,Payment,Credit_card_repayment,2019-12-02,Mon,17,1,5000000.0,NaN,Android,168.154.xx.xx (TH),F,2019-08-02,1992-07-31,0,2019-08-02,AUTO-JOB,0,SMART_OTP,Commercial associate,5000000.0,1,5000000.0,1,5000000.0,1,5000000.0,1,5000000.0,1,7499212.0,2,97861.1675,3374803.0,4,26.291666666666668,0,2929.0,LOGIN,0.0,23.0,0.0,-0.9510972675315263
27893,-0.5860185652102836,Payment,Credit_card_repayment,2019-07-11,Thu,9,1,41948800.0,NaN,Android,219.240.xx.xx (HCM),M,2019-02-26,1992-12-03,1,2019-02-26,BRANCH,1,SMART_OTP,State servant,43898800.0,2,43898800.0,2,43898800.0,2,44588800.0,5,44588800.0,5,85873800.0,17,25446585.713,8312770.162162162,148,0.041666666666666664,1,3187.0,LOGIN_FINGER,0.030612241774261043,98.0,0.08032394195879236,-1.0883950557725137
27893,-0.5674468317505077,Payment,Credit_card_repayment,2019-08-10,Sat,20,1,41820330.0,NaN,Android,23.244.xx.xx (HCM),M,2019-02-26,1992-12-03,1,2019-02-26,BRANCH,1,SMART_OTP,State servant,41890330.0,2,41890330.0,2,53890330.0,3,68890330.0,4,80370330.0,8,138330330.0,22,25446585.713,8312770.162162162,148,0.5,1,3918.0,LOGIN,0.2435233034443884,193.0,0.08032394195879236,-1.0883950557725137
27893,-0.5823662671191792,Payment,Credit_card_repayment,2019-09-10,Tue,9,1,41720330.0,NaN,Android,156.218.xx.xx (HCM),M,2019-02-26,1992-12-03,1,2019-02-26,BRANCH,1,SMART_OTP,State servant,43220330.0,2,43220330.0,2,43270330.0,3,43270330.0,3,44720330.0,5,153889330.0,22,25446585.713,8312770.162162162,148,0.0,1,4651.0,LOGIN_FINGER,0.2996254569428668,267.0,0.08032394195879236,-1.0883950557725137
27893,-0.5659617078715979,Payment,Credit_card_repayment,2019-09-25,Wed,18,1,33126671.0,NaN,Android,19.131.xx.xx (HCM),M,2019-02-26,1992-12-03,1,2019-02-26,BRANCH,1,SMART_OTP,State servant,33126671.0,1,33126671.0,1,33126671.0,1,33126671.0,1,48538671.0,3,151169001.0,20,25446585.713,8312770.162162162,148,5.208333333333333,0,313.0,LOGIN,0.3303030202938479,330.0,0.08032394195879236,-1.0883950557725137
27893,-0.567855226199024,Transfer,Outside_bank,2019-11-08,Fri,15,1,300000000.0,766340,Android,145.55.xx.xx (HCM),M,2019-02-26,1992-12-03,1,2019-02-26,BRANCH,1,SMART_OTP,State servant,300000000.0,1,300000000.0,1,300000000.0,1,314600000.0,3,318510000.0,6,433707721.0,26,25446585.713,8312770.162162162,148,1.0416666666666667,1,1040.0,LOGIN,0.3525498813181845,451.0,0.08032394195879236,-1.0883950557725137
28093,-0.5832917484038779,Transfer,Outside_bank,2019-07-12,Fri,0,1,1900000.0,89735,iOS,141.50.xx.xx (HN),M,2019-05-24,1996-09-19,0,2019-05-24,BRANCH,1,SMS,Commercial associate,1900000.0,1,1900000.0,1,1900000.0,1,1900000.0,1,1900000.0,1,1900000.0,1,207345.1275,1900000.0,1,49.0,1,1159.0,LOGIN,0.0,0.0,0.0,-1.1256269966982353
28107,-0.5904725393171645,Topup,eWallet,2019-11-01,Fri,18,1,10000.0,NaN,iOS,171.213.xx.xx (HP),F,2019-03-04,1972-01-01,0,2019-03-04,BRANCH,1,SMS,Commercial associate,10000.0,1,10000.0,1,10000.0,1,10000.0,1,10000.0,1,10000.0,1,2391761.29,76666.66666666667,3,242.75,0,999.0,UNKNOWN,0.0,0.0,0.0,0.0
28129,-0.5700457500242658,Transfer,Outside_bank,2019-11-11,Mon,14,1,2150000.0,223847,Android,2.4.xx.xx (HN),M,2019-09-12,1990-04-22,0,2019-09-12,BRANCH,1,SMART_OTP,Working,2150000.0,1,2150000.0,1,2150000.0,1,2150000.0,1,2150000.0,1,2150000.0,1,97203.97750000001,847538.4615384615,13,59.916666666666664,1,0.0,LOGIN,0.44444395061783265,9.0,0.4080786115842424,-1.2752079504527192
28138,-0.629993480455743,Transfer,Outside_bank,2019-09-09,Mon,8,1,7700000.0,558808,iOS,174.133.xx.xx (HCM),F,2019-03-08,1986-07-03,0,2019-03-11,BRANCH,1,SMS,Working,7700000.0,1,7700000.0,1,7700000.0,1,7700000.0,1,7700000.0,1,7700000.0,1,4563717.108,1417000.0,25,182.33333333333334,1,0.0,LOGIN,0.0,0.0,0.38540313655940894,-1.304668286921138
28208,-0.5700215834105364,Transfer,Outside_bank,2019-09-08,Sun,17,1,20000000.0,359062,iOS,102.168.xx.xx (CT),F,2019-01-19,1994-10-15,0,2019-01-19,BRANCH,1,SMS,Commercial associate,20000000.0,1,20000000.0,1,20000000.0,1,24900000.0,2,35870000.0,6,43600000.0,13,256222.5609090909,2264361.9615384615,52,1.875,1,5477.0,LOGIN,0.23376620340698656,77.0,0.20447504216114032,-1.118819768164259
28208,-0.5692956870735753,Transfer,Outside_bank,2019-10-05,Sat,12,1,6300000.0,579101,iOS,206.136.xx.xx (DN),F,2019-01-19,1994-10-15,0,2019-01-19,BRANCH,1,SMS,Commercial associate,6300000.0,1,6300000.0,1,6300000.0,1,6300000.0,1,6300000.0,1,42000000.0,6,256222.5609090909,2264361.9615384615,52,26.791666666666668,1,6120.0,LOGIN,0.24050629867008877,79.0,0.20447504216114032,-1.118819768164259
28208,-0.5852634327879914,Topup,eWallet,2019-11-07,Thu,1,1,10000.0,NaN,iOS,243.235.xx.xx (DN),F,2019-01-19,1994-10-15,0,2019-01-19,BRANCH,1,SMS,Commercial associate,10000.0,1,10000.0,1,1610000.0,2,6610000.0,3,6610000.0,3,6660000.0,4,256222.5609090909,2264361.9615384615,52,0.4583333333333333,1,6901.0,LOGIN,0.2666666370370403,90.0,0.20447504216114032,-1.118819768164259
28221,-0.5830101246567857,Payment,Credit_card_repayment,2019-08-01,Thu,2,2,6262.0,NaN,Android,223.232.xx.xx (HN),M,2019-05-30,1996-11-03,0,2019-06-11,BRANCH,1,SMART_OTP,Working,6262.0,1,6262.0,1,6262.0,1,6262.0,1,1031262.0,2,74581262.0,16,1455240.4242857143,5653532.756756756,37,6.416666666666667,0,1215.0,LOGIN,0.0,13.0,0.12169547789041432,-0.9603309294631897
28437,-0.598088011641267,Transfer,Outside_bank,2019-11-16,Sat,22,1,200000.0,707395,Android,131.231.xx.xx (DN),M,2019-01-04,1995-03-13,0,2019-01-04,BRANCH,1,SMART_OTP,Commercial associate,200000.0,1,200000.0,1,200000.0,1,200000.0,1,200000.0,1,200000.0,1,1358043.7791666666,2371250.0,4,316.9166666666667,1,7358.0,LOGIN,0.46153810650914884,13.0,0.0,-1.5460414985131508
28437,-0.5738458437906735,Payment,Credit_card_repayment,2019-11-20,Wed,22,1,499000.0,NaN,Android,45.226.xx.xx (DN),M,2019-01-04,1995-03-13,0,2019-01-04,BRANCH,1,SMART_OTP,Commercial associate,499000.0,1,499000.0,1,499000.0,1,6499000.0,2,6699000.0,3,6699000.0,3,1358043.7791666666,2371250.0,4,1.125,0,7454.0,LOGIN_FACEID,0.4482757074911354,29.0,0.0,-1.5460414985131508
28437,-0.6240156066436038,Payment,Credit_card_repayment,2019-12-23,Mon,15,1,2786000.0,NaN,Android,207.84.xx.xx (DN),M,2019-01-04,1995-03-13,0,2019-01-04,BRANCH,1,SMART_OTP,Commercial associate,2786000.0,1,2786000.0,1,2786000.0,1,2786000.0,1,2786000.0,1,2786000.0,1,1358043.7791666666,2371250.0,4,32.708333333333336,0,8239.0,LOGIN,0.47619036281181837,42.0,0.0,-1.5460414985131508
28468,-0.565721287477808,Transfer,Within_bank,2019-11-19,Tue,15,1,240461000.0,315598,Android,116.77.xx.xx (HN),F,2019-06-11,1977-08-15,0,2019-06-11,BRANCH,1,SMART_OTP,Commercial associate,240461000.0,1,240461000.0,1,240461000.0,1,240461000.0,1,240461000.0,1,379241000.0,3,9316605.068571428,142347736.84210527,19,19.25,1,3863.0,LOGIN,0.055555524691375174,18.0,0.4242473071932982,-1.7424538835141405
28515,-0.597384730900216,Topup,eWallet,2019-11-22,Fri,14,1,50000.0,NaN,iOS,32.70.xx.xx (TH),F,2019-01-09,1992-09-30,0,2019-01-09,BRANCH,1,SMART_OTP,Working,50000.0,1,50000.0,1,50000.0,1,50000.0,1,50000.0,1,50000.0,1,724497.7383333333,97824.0,5,139.58333333333334,0,7087.0,LOGIN,0.44736838180979105,114.0,0.6246104205635958,-1.154694717038553
28539,-0.5871063068040447,Transfer,Outside_bank,2019-10-31,Thu,22,1,5000000.0,558808,Android,150.85.xx.xx (HN),M,2019-06-13,1984-07-20,0,2019-06-13,BRANCH,0,SMART_OTP,State servant,5000000.0,1,5000000.0,1,5000000.0,1,5000000.0,1,5000000.0,1,5000000.0,1,7772918.339999999,10000000.0,2,140.91666666666666,1,3372.0,LOGIN_FINGER,0.40384607618344687,52.0,0.0,-1.2977023228438802
28625,-0.5816075949018642,Transfer,Within_bank,2019-06-04,Tue,9,1,100000000.0,358874,iOS,248.27.xx.xx (CT),M,2019-01-28,1981-10-07,0,2019-01-28,BRANCH,1,SMS,State servant,100000000.0,1,100000000.0,1,100000000.0,1,107350000.0,3,198857000.0,14,284800000.0,34,9835072.112499999,5734513.168421052,190,1.7083333333333333,1,3047.0,LOGIN,0.0,45.0,0.1024129480814191,-1.1181180580002104
28654,-0.6190817749663347,Topup,Mobile,2019-12-19,Thu,0,1,10000.0,NaN,Android,90.12.xx.xx (HCM),M,2019-05-11,1992-01-17,0,2019-06-04,MYbank,1,SMS,Working,10000.0,1,10000.0,1,10000.0,1,10000.0,1,10000.0,1,10000.0,1,4538639.327142857,165500.0,20,40.375,0,4734.0,LOGIN_FINGER,0.45360820065894836,97.0,0.5020170979501359,-1.2049321358539535
28715,-0.6151201502738886,Transfer,Within_bank,2019-11-30,Sat,11,1,13500000.0,364279,Android,102.209.xx.xx (HCM),M,2019-08-19,1974-01-03,0,2019-08-28,BRANCH,1,SMART_OTP,State servant,13500000.0,1,13500000.0,1,13500000.0,1,13500000.0,1,13500000.0,1,13500000.0,1,7226306.9325,13500000.0,1,94.45833333333333,1,0.0,LOGIN,0.0,8.0,0.0,-1.755260042146983
28719,-0.6067390528857278,Topup,Mobile,2019-12-12,Thu,21,1,100000.0,NaN,Android,35.163.xx.xx (HN),F,2019-06-24,1988-02-23,0,2019-06-25,BRANCH,1,SMART_OTP,Working,100000.0,1,100000.0,1,100000.0,1,100000.0,1,100000.0,1,100000.0,1,242303.765,390000.0,2,170.875,0,127.0,LOGIN_FINGER,0.3749997656251465,16.0,0.0,-1.3307946652500198
28724,-0.5679711214433966,Topup,Mobile,2019-12-04,Wed,7,2,40000.0,NaN,Android,153.83.xx.xx (HCM),F,2019-04-19,1997-08-07,0,2019-04-19,BRANCH,1,SMS,Working,40000.0,1,40000.0,1,40000.0,1,40000.0,1,40000.0,1,40000.0,1,3618691.4644444445,755272.7272727273,11,100.0,0,5484.0,LOGIN_FINGER,0.4117646453287286,68.0,0.2844621782664076,-1.113682011413863
28724,-0.5689328997601257,Topup,Mobile,2019-12-31,Tue,0,1,100000.0,NaN,Android,88.155.xx.xx (HCM),F,2019-04-19,1997-08-07,0,2019-04-19,BRANCH,1,SMS,Working,100000.0,1,100000.0,1,100000.0,1,110000.0,2,4548000.0,5,4608000.0,7,3618691.4644444445,755272.7272727273,11,2.0,0,6125.0,LOGIN,0.443298923371245,97.0,0.2844621782664076,-1.113682011413863
28778,-0.575505147686471,Transfer,Within_bank,2019-11-23,Sat,1,1,47000000.0,471123,iOS,248.1.xx.xx (HCM),M,2019-09-19,1989-11-20,0,2019-09-19,BRANCH,0,SMART_OTP,Commercial associate,47000000.0,1,47000000.0,1,47000000.0,1,47000000.0,1,65000000.0,2,165000000.0,7,2798500.4299999997,15201052.631578946,19,2.625,1,1546.0,LOGIN,0.0,68.0,0.2056238222807886,-0.8878983009669722
28800,-0.5901818232934608,Payment,Credit_card_repayment,2019-12-25,Wed,16,1,5041226.0,NaN,iOS,254.208.xx.xx (BD),M,2019-11-06,1989-10-02,0,2019-11-06,BRANCH,1,SMART_OTP,Commercial associate,5041226.0,1,5041226.0,1,5041226.0,1,5041226.0,1,5041226.0,1,5041226.0,1,892864.27,2648113.0,2,49.666666666666664,0,752.0,LOGIN,0.0,7.0,0.0,-0.9750683587910227
28840,-0.5755506058426676,Topup,eWallet,2019-12-05,Thu,21,1,10000.0,NaN,iOS,166.246.xx.xx (HN),M,2019-10-19,1992-03-20,0,2019-10-19,BRANCH,1,SMART_OTP,State servant,10000.0,1,10000.0,1,10000.0,1,10000.0,1,10000.0,1,10000.0,1,802543.05,10000.0,1,47.875,0,0.0,LOGIN,0.0,3.0,0.0,-2.2847619892847133
29215,-0.5947726708082045,Payment,Credit_card_repayment,2019-12-02,Mon,15,1,4553333.0,NaN,Android,194.220.xx.xx (CT),F,2019-09-17,1989-02-03,0,2019-09-17,BRANCH,1,SMART_OTP,Working,4553333.0,1,4553333.0,1,4553333.0,1,4553333.0,1,4553333.0,1,4553333.0,1,6748075.672499999,4553333.0,1,76.625,0,1829.0,LOGIN,0.0,20.0,0.0,-1.1759196082689545
29291,-0.578862474948761,Payment,Credit_card_repayment,2019-06-25,Tue,15,1,5480000.0,NaN,iOS,115.210.xx.xx (HP),M,2019-05-10,1990-03-20,0,2019-05-10,BRANCH,1,SMART_OTP,Unemployed,5480000.0,1,5480000.0,1,5480000.0,1,5480000.0,1,5480000.0,1,8820000.0,4,962464.1275,8798268.888888888,9,22.666666666666668,0,1108.0,LOGIN,0.4583331423611907,24.0,0.48896875174704835,-1.463325336258049
29291,-0.6140792103314995,Payment,Credit_card_repayment,2019-08-03,Sat,15,1,21049592.0,NaN,iOS,54.206.xx.xx (HP),M,2019-05-10,1990-03-20,0,2019-05-10,BRANCH,1,SMART_OTP,Unemployed,21049592.0,1,21049592.0,1,21049592.0,1,21049592.0,1,21049592.0,1,21049592.0,1,962464.1275,8798268.888888888,9,39.0,0,2044.0,LOGIN,0.466666511111163,30.0,0.48896875174704835,-1.463325336258049
29291,-0.5960458823053478,Payment,Credit_card_repayment,2019-09-02,Mon,22,1,2611144.0,NaN,iOS,211.41.xx.xx (HP),M,2019-05-10,1990-03-20,0,2019-05-10,BRANCH,1,SMART_OTP,Unemployed,2611144.0,1,2611144.0,1,2611144.0,1,2611144.0,1,2611144.0,1,2611144.0,1,962464.1275,8798268.888888888,9,30.291666666666668,0,271.0,LOGIN_FACEID,0.4473683033241307,38.0,0.48896875174704835,-1.463325336258049
29291,-0.5795407722972883,Payment,Credit_card_repayment,2019-10-01,Tue,9,1,2992720.0,NaN,iOS,108.62.xx.xx (HP),M,2019-05-10,1990-03-20,0,2019-05-10,BRANCH,1,SMART_OTP,Unemployed,2992720.0,1,2992720.0,1,2992720.0,1,2992720.0,1,2992720.0,1,5603864.0,2,962464.1275,8798268.888888888,9,28.458333333333332,0,954.0,LOGIN_FACEID,0.4523808446712274,42.0,0.48896875174704835,-1.463325336258049
29291,-0.6338730310585959,Payment,Credit_card_repayment,2019-10-31,Thu,13,1,43091219.0,NaN,iOS,204.2.xx.xx (HP),M,2019-05-10,1990-03-20,0,2019-05-10,BRANCH,1,SMART_OTP,Unemployed,43091219.0,1,43091219.0,1,43091219.0,1,43091219.0,1,43091219.0,1,43091219.0,1,962464.1275,8798268.888888888,9,30.166666666666668,0,1678.0,LOGIN,0.466666562962986,45.0,0.48896875174704835,-1.463325336258049
29291,-0.5896760306037578,Payment,Credit_card_repayment,2019-12-02,Mon,23,1,619745.0,NaN,iOS,92.119.xx.xx (HP),M,2019-05-10,1990-03-20,0,2019-05-10,BRANCH,1,SMART_OTP,Unemployed,619745.0,1,619745.0,1,619745.0,1,619745.0,1,619745.0,1,619745.0,1,962464.1275,8798268.888888888,9,32.416666666666664,0,2456.0,LOGIN,0.46808500679042403,47.0,0.48896875174704835,-1.463325336258049
29306,-0.6164784760443289,Payment,Insurance_payment,2019-08-08,Thu,10,1,50002700.0,NaN,iOS,193.217.xx.xx (HN),F,2019-03-06,1993-02-06,1,2019-03-07,BRANCH,1,SMART_OTP,State servant,50002700.0,1,52002700.0,2,52002700.0,2,52002700.0,2,53252700.0,4,67752700.0,15,8575683.86,5129590.517857143,168,0.08333333333333333,1,3615.0,LOGIN,0.4240506060727464,158.0,0.15067747579781252,-1.500169067160501
29306,-0.6363796963179811,Payment,Credit_card_repayment,2019-08-16,Fri,11,1,75000000.0,NaN,iOS,118.56.xx.xx (HN),F,2019-03-06,1993-02-06,1,2019-03-07,BRANCH,1,SMART_OTP,State servant,75000000.0,1,75000000.0,1,75000000.0,1,75000000.0,1,76500000.0,3,153806000.0,16,8575683.86,5129590.517857143,168,2.75,0,3808.0,LOGIN,0.4318181572830592,176.0,0.15067747579781252,-1.500169067160501
29306,-0.5821949986109954,Payment,Credit_card_repayment,2019-09-10,Tue,21,1,20108000.0,NaN,iOS,199.80.xx.xx (HN),F,2019-03-06,1993-02-06,1,2019-03-07,BRANCH,1,SMART_OTP,State servant,20108000.0,1,20108000.0,1,20108000.0,1,20188000.0,2,24838000.0,7,194316814.0,27,8575683.86,5129590.517857143,168,1.3333333333333333,0,4418.0,LOGIN,0.4492187324523933,256.0,0.15067747579781252,-1.500169067160501
29306,-0.607022901258643,Payment,Credit_card_repayment,2019-09-18,Wed,16,1,40000000.0,NaN,iOS,79.143.xx.xx (HN),F,2019-03-06,1993-02-06,1,2019-03-07,BRANCH,1,SMART_OTP,State servant,40000000.0,1,40000000.0,1,42340548.0,5,42340548.0,5,43640548.0,7,160599362.0,30,8575683.86,5129590.517857143,168,0.20833333333333334,2,4605.0,LOGIN_FACEID,0.4519572792897766,281.0,0.15067747579781252,-1.500169067160501
29306,-0.5905847744565917,Payment,Credit_card_repayment,2019-10-16,Wed,9,1,25000000.0,NaN,iOS,72.175.xx.xx (HN),F,2019-03-06,1993-02-06,1,2019-03-07,BRANCH,1,SMART_OTP,State servant,25500000.0,2,25500000.0,2,25500000.0,2,25500000.0,2,27976000.0,5,109182760.0,24,8575683.86,5129590.517857143,168,0.0,1,5270.0,LOGIN_FACEID,0.4567164042771223,335.0,0.15067747579781252,-1.500169067160501
29306,-0.6034824563055371,Payment,Credit_card_repayment,2019-11-22,Fri,9,1,35000000.0,NaN,iOS,25.62.xx.xx (HN),F,2019-03-06,1993-02-06,1,2019-03-07,BRANCH,1,SMART_OTP,State servant,35000000.0,1,35000000.0,1,35500000.0,2,35567000.0,3,37919148.0,7,60433333.0,23,8575683.86,5129590.517857143,168,0.8333333333333334,1,6158.0,LOGIN_FACEID,0.46666665629629656,450.0,0.15067747579781252,-1.500169067160501
29306,-0.5950351723077718,Payment,Credit_card_repayment,2019-11-23,Sat,15,1,25003906.0,NaN,iOS,54.22.xx.xx (HN),F,2019-03-06,1993-02-06,1,2019-03-07,BRANCH,1,SMART_OTP,State servant,25003906.0,1,25003906.0,1,25503906.0,2,61503906.0,4,64160906.0,9,86837239.0,25,8575683.86,5129590.517857143,168,0.16666666666666666,1,6188.0,LOGIN_FACEID,0.46724889809500225,458.0,0.15067747579781252,-1.500169067160501
29306,-0.6321727600707707,Payment,Credit_card_repayment,2019-12-10,Tue,15,1,50000000.0,NaN,iOS,19.123.xx.xx (HN),F,2019-03-06,1993-02-06,1,2019-03-07,BRANCH,1,SMART_OTP,State servant,50000000.0,1,50000000.0,1,52750000.0,3,52750000.0,3,55890000.0,7,139933054.0,28,8575683.86,5129590.517857143,168,0.25,2,6596.0,LOGIN,0.47104246194898725,518.0,0.15067747579781252,-1.500169067160501
29306,-0.5856083728804237,Transfer,Outside_bank,2019-12-17,Tue,19,1,100000000.0,901600,iOS,206.26.xx.xx (HN),F,2019-03-06,1993-02-06,1,2019-03-07,BRANCH,1,SMART_OTP,State servant,100000000.0,1,105000000.0,2,105000000.0,2,105300000.0,3,106508716.0,6,244429622.0,28,8575683.86,5129590.517857143,168,0.125,2,6768.0,LOGIN,0.47242646190392534,544.0,0.15067747579781252,-1.500169067160501
29306,-0.5727347172392248,Payment,Credit_card_repayment,2019-12-26,Thu,10,1,21000000.0,NaN,iOS,228.231.xx.xx (HN),F,2019-03-06,1993-02-06,1,2019-03-07,BRANCH,1,SMART_OTP,State servant,21000000.0,1,21000000.0,1,21000000.0,1,21000000.0,1,87715000.0,4,268483716.0,24,8575683.86,5129590.517857143,168,2.1666666666666665,0,6975.0,LOGIN,0.4735915409578954,568.0,0.15067747579781252,-1.500169067160501
29345,-0.6007900550578362,Topup,eWallet,2019-11-11,Mon,21,1,150000.0,NaN,iOS,177.172.xx.xx (HN),M,2019-02-25,1985-09-11,0,2019-03-20,MYbank,1,SMS,Working,150000.0,1,150000.0,1,150000.0,1,150000.0,1,150000.0,1,150000.0,1,1916059.7011111109,106666.66666666667,3,236.875,0,5663.0,LOGIN,0.0,0.0,0.0,-1.2278204913409032
29397,-0.5951069319486079,Transfer,Outside_bank,2019-10-07,Mon,16,1,4000000.0,643153,iOS,71.143.xx.xx (HN),M,2019-03-29,1986-11-26,0,2019-04-07,MYbank,1,SMS,Unemployed,4000000.0,1,4000000.0,1,4000000.0,1,4000000.0,1,4000000.0,1,4000000.0,1,812805.5366666666,2497065.5517241377,29,183.66666666666666,1,4399.0,LOGIN,0.4761902494332146,21.0,0.3404760042321191,-1.141572110720377
29397,-0.5785505563727898,Topup,eWallet,2019-12-11,Wed,0,1,100000.0,NaN,iOS,151.188.xx.xx (HN),M,2019-03-29,1986-11-26,0,2019-04-07,MYbank,1,SMS,Unemployed,100000.0,1,1400000.0,2,6600000.0,5,6779620.0,6,9879620.0,8,37479620.0,16,812805.5366666666,2497065.5517241377,29,0.125,1,5943.0,LOGIN_FINGER,0.4827585652001649,87.0,0.3404760042321191,-1.141572110720377
29439,-0.5710980519491048,Transfer,Outside_bank,2019-11-07,Thu,11,1,5000000.0,587624,Android,156.3.xx.xx (HCM),M,2019-05-20,1998-11-15,0,2019-05-20,BRANCH,1,SMART_OTP,Working,5000000.0,1,5000000.0,1,5000000.0,1,5000000.0,1,5100000.0,3,5150000.0,5,1112430.20875,638500.0,20,3.1666666666666665,1,4103.0,LOGIN,0.45454531680444943,33.0,0.9550583789622895,-1.8707956473211755
29581,-0.5758038967533133,Payment,Credit_card_repayment,2019-08-07,Wed,15,1,1968405.0,NaN,Android,86.253.xx.xx (HN),M,2019-01-30,1986-11-28,0,2019-02-25,BRANCH,1,SMS,Working,1968405.0,1,1968405.0,1,1968405.0,1,1968405.0,1,1968405.0,1,1968405.0,1,3707393.9758333336,2018701.5714285714,14,36.708333333333336,0,3816.0,LOGIN,0.0,13.0,0.37073133081701487,-1.2492564215488273
29581,-0.5781941295447327,Payment,Credit_card_repayment,2019-09-19,Thu,19,1,2612382.0,NaN,Android,26.30.xx.xx (HN),M,2019-01-30,1986-11-28,0,2019-02-25,BRANCH,1,SMS,Working,2612382.0,1,2612382.0,1,2612382.0,1,2612382.0,1,2612382.0,1,2612382.0,1,3707393.9758333336,2018701.5714285714,14,35.833333333333336,0,4852.0,LOGIN,0.0,15.0,0.37073133081701487,-1.2492564215488273
29581,-0.5952632490826048,Payment,Credit_card_repayment,2019-12-04,Wed,17,1,2791401.0,NaN,Android,32.182.xx.xx (HN),M,2019-01-30,1986-11-28,0,2019-02-25,BRANCH,1,SMS,Working,2791401.0,1,2791401.0,1,2791401.0,1,2791401.0,1,2791401.0,1,2791401.0,1,3707393.9758333336,2018701.5714285714,14,51.041666666666664,0,6674.0,LOGIN,0.0,20.0,0.37073133081701487,-1.2492564215488273
29607,-0.6326208934529252,Payment,Credit_card_repayment,2019-11-14,Thu,15,1,521457.0,NaN,Android,41.38.xx.xx (HP),M,2019-04-11,1959-06-01,0,2019-04-19,BRANCH,0,SMART_OTP,Pensioner,521457.0,1,521457.0,1,521457.0,1,521457.0,1,521457.0,1,521457.0,1,21917583.32888889,455941.5,2,209.625,0,5022.0,LOGIN,0.48101259734017754,79.0,0.0,-1.0529268182344376
29607,-0.570692174508643,Payment,Credit_card_repayment,2019-12-11,Wed,15,1,390426.0,NaN,Android,50.194.xx.xx (HP),M,2019-04-11,1959-06-01,0,2019-04-19,BRANCH,0,SMART_OTP,Pensioner,390426.0,1,390426.0,1,390426.0,1,390426.0,1,390426.0,1,911883.0,2,21917583.32888889,455941.5,2,27.0,0,5670.0,LOGIN,0.48314601312966143,89.0,0.0,-1.0529268182344376
29647,-0.5946336572816584,Transfer,Within_bank,2019-11-29,Fri,9,1,14715000.0,621596,iOS,2.205.xx.xx (HCM),F,2019-02-22,1993-03-06,0,2019-04-20,BRANCH,0,SMART_OTP,Working,14715000.0,1,14715000.0,1,14715000.0,1,14715000.0,1,14715000.0,1,14715000.0,1,223538.24333333332,7807500.0,2,79.875,1,5347.0,LOGIN,0.0,13.0,0.0,-0.8954163704766656
29696,-0.5669104634619421,Topup,Mobile,2019-10-03,Thu,0,1,50000.0,NaN,Android,246.29.xx.xx (DN),F,2019-09-17,1972-06-04,0,2019-09-18,BRANCH,1,SMART_OTP,Businessman,50000.0,1,50000.0,1,50000.0,1,1550000.0,2,1550000.0,2,1750000.0,4,2357205.9125,1211928.5714285714,28,1.2916666666666667,0,345.0,LOGIN,0.0,9.0,0.5546643585232884,-1.1258626780829324
29696,-0.5719473134481379,Topup,Mobile,2019-11-15,Fri,0,1,50000.0,NaN,Android,129.138.xx.xx (DN),F,2019-09-17,1972-06-04,0,2019-09-18,BRANCH,1,SMART_OTP,Businessman,50000.0,1,50000.0,1,50000.0,1,50000.0,1,50000.0,1,11904000.0,7,2357205.9125,1211928.5714285714,28,11.125,0,1377.0,LOGIN,0.0,26.0,0.5546643585232884,-1.1258626780829324
29729,-0.5752392037353137,Transfer,Outside_bank,2019-03-05,Tue,0,1,17400000.0,203166,Android,242.80.xx.xx (HCM),F,2019-02-14,1984-03-15,0,2019-02-14,BRANCH,1,SMART_OTP,State servant,17400000.0,1,17400000.0,1,17400000.0,1,17400000.0,1,17400000.0,1,17400000.0,1,9271569.386363637,4674406.976190476,126,19.0,1,436.0,LOGIN,0.0,7.0,0.022151750177795325,-1.3763545127129688
29729,-0.5820149432326754,Transfer,Outside_bank,2019-11-26,Tue,10,1,46500000.0,661025,Android,198.89.xx.xx (HCM),F,2019-02-14,1984-03-15,0,2019-02-14,BRANCH,1,SMART_OTP,State servant,46500000.0,1,46500000.0,1,46500000.0,1,46500000.0,1,46500000.0,1,78203736.0,10,9271569.386363637,4674406.976190476,126,8.041666666666666,1,6830.0,LOGIN,0.0,120.0,0.022151750177795325,-1.3763545127129688
29782,-0.5822077828465672,Transfer,Outside_bank,2019-11-08,Fri,18,1,30000000.0,512240,iOS,157.243.xx.xx (HN),F,2019-03-13,1989-06-26,0,2019-03-13,BRANCH,1,SMS,Businessman,30000000.0,1,30050000.0,2,30050000.0,2,30050000.0,2,30378737.0,5,36382362.0,11,13618293.212000001,1062622.35,60,0.125,1,5598.0,LOGIN,0.4461538118343222,130.0,0.16984053236784172,-1.1029960330836994
29790,-0.6019150529657991,Payment,Credit_card_repayment,2019-03-21,Thu,17,1,29730000.0,NaN,Android,18.138.xx.xx (HP),M,2019-03-07,1989-02-10,0,2019-03-08,BRANCH,1,SMS,Working,29730000.0,1,29730000.0,1,29730000.0,1,29730000.0,1,29730000.0,1,29730000.0,1,170805.296,45703201.423728816,59,13.708333333333334,0,319.0,LOGIN,0.35714260204099857,14.0,0.14487882985543726,-1.2591413226742785
29790,-0.5844887409177768,Payment,Credit_card_repayment,2019-03-22,Fri,8,1,31270000.0,NaN,Android,56.99.xx.xx (HP),M,2019-03-07,1989-02-10,0,2019-03-08,BRANCH,1,SMS,Working,31270000.0,1,31270000.0,1,61000000.0,2,61000000.0,2,61000000.0,2,61000000.0,2,170805.296,45703201.423728816,59,0.625,0,334.0,LOGIN,0.3888886728396262,18.0,0.14487882985543726,-1.2591413226742785
29790,-0.5883035029227401,Payment,Credit_card_repayment,2019-03-22,Fri,16,2,39950000.0,NaN,Android,179.224.xx.xx (HP),M,2019-03-07,1989-02-10,0,2019-03-08,BRANCH,1,SMS,Working,39950000.0,1,39950000.0,1,100950000.0,3,100950000.0,3,100950000.0,3,100950000.0,3,170805.296,45703201.423728816,59,0.3333333333333333,0,342.0,LOGIN_FACEID,0.399999840000064,25.0,0.14487882985543726,-1.2591413226742785
29790,-0.6149164619767149,Payment,Credit_card_repayment,2019-04-01,Mon,8,2,134000000.0,NaN,Android,210.178.xx.xx (HP),M,2019-03-07,1989-02-10,0,2019-03-08,BRANCH,1,SMS,Working,134000000.0,1,134000000.0,1,134000000.0,1,134000000.0,1,134000000.0,1,238850000.0,5,170805.296,45703201.423728816,59,8.958333333333334,0,574.0,LOGIN_FACEID,0.41935470343396664,31.0,0.14487882985543726,-1.2591413226742785
29790,-0.5851066705443048,Payment,Credit_card_repayment,2019-04-22,Mon,14,1,28489997.0,NaN,Android,247.88.xx.xx (DN),M,2019-03-07,1989-02-10,0,2019-03-08,BRANCH,1,SMS,Working,28489997.0,1,28489997.0,1,28489997.0,1,28489997.0,1,28489997.0,1,306189997.0,7,170805.296,45703201.423728816,59,12.958333333333334,0,1084.0,LOGIN,0.43902428316480896,41.0,0.14487882985543726,-1.2591413226742785
29790,-0.5769637535733106,Payment,Credit_card_repayment,2019-04-23,Tue,14,2,55580000.0,NaN,Android,29.136.xx.xx (HP),M,2019-03-07,1989-02-10,0,2019-03-08,BRANCH,1,SMS,Working,55580000.0,1,55580000.0,1,123799997.0,3,123799997.0,3,123799997.0,3,401499997.0,9,170805.296,45703201.423728816,59,0.20833333333333334,0,1108.0,LOGIN,0.44444434567903424,45.0,0.14487882985543726,-1.2591413226742785
29790,-0.5911625237195229,Payment,Credit_card_repayment,2019-05-03,Fri,11,2,51720000.0,NaN,Android,75.209.xx.xx (HP),M,2019-03-07,1989-02-10,0,2019-03-08,BRANCH,1,SMS,Working,51720000.0,1,51720000.0,1,51720000.0,1,51720000.0,1,51720000.0,1,317319997.0,11,170805.296,45703201.423728816,59,7.083333333333333,0,1345.0,LOGIN,0.45283010323960315,53.0,0.14487882985543726,-1.2591413226742785
29790,-0.5712973202378638,Payment,Credit_card_repayment,2019-05-04,Sat,14,1,107000000.0,NaN,Android,156.134.xx.xx (HP),M,2019-03-07,1989-02-10,0,2019-03-08,BRANCH,1,SMS,Working,107000000.0,1,107000000.0,1,150950000.0,2,202670000.0,3,202670000.0,3,458269997.0,12,170805.296,45703201.423728816,59,1.0,1,1372.0,LOGIN,0.456140270852584,57.0,0.14487882985543726,-1.2591413226742785
29790,-0.6072067694329512,Payment,Credit_card_repayment,2019-05-21,Tue,14,2,43000000.0,NaN,Android,244.31.xx.xx (HP),M,2019-03-07,1989-02-10,0,2019-03-08,BRANCH,1,SMS,Working,43000000.0,1,43000000.0,1,43000000.0,1,43000000.0,1,43000000.0,1,454569997.0,11,170805.296,45703201.423728816,59,16.875,0,1780.0,LOGIN,0.45901631819404615,61.0,0.14487882985543726,-1.2591413226742785
29790,-0.5912664145159862,Payment,Credit_card_repayment,2019-05-21,Tue,21,2,61000000.0,NaN,Android,139.36.xx.xx (HP),M,2019-03-07,1989-02-10,0,2019-03-08,BRANCH,1,SMS,Working,61000000.0,1,61000000.0,1,105499897.0,3,105499897.0,3,105499897.0,3,517069894.0,13,170805.296,45703201.423728816,59,0.25,0,1787.0,LOGIN,0.4615383905325553,65.0,0.14487882985543726,-1.2591413226742785
29790,-0.597364124953513,Payment,Credit_card_repayment,2019-06-03,Mon,10,2,91000000.0,NaN,Android,38.125.xx.xx (HP),M,2019-03-07,1989-02-10,0,2019-03-08,BRANCH,1,SMS,Working,91000000.0,1,91000000.0,1,91000000.0,1,91000000.0,1,91000000.0,1,371149897.0,7,170805.296,45703201.423728816,59,11.791666666666666,0,2088.0,LOGIN,0.46478866693117366,71.0,0.14487882985543726,-1.2591413226742785
29790,-0.5913285577644835,Payment,Credit_card_repayment,2019-06-03,Mon,15,1,100000000.0,NaN,Android,166.14.xx.xx (HP),M,2019-03-07,1989-02-10,0,2019-03-08,BRANCH,1,SMS,Working,100000000.0,1,100000000.0,1,191000000.0,2,191000000.0,2,191000000.0,2,364149897.0,7,170805.296,45703201.423728816,59,0.20833333333333334,0,2093.0,LOGIN,0.46575336085570396,73.0,0.14487882985543726,-1.2591413226742785
29790,-0.5695002499683937,Payment,Credit_card_repayment,2019-06-05,Wed,15,2,105100000.0,NaN,Android,64.204.xx.xx (HP),M,2019-03-07,1989-02-10,0,2019-03-08,BRANCH,1,SMS,Working,105100000.0,1,105100000.0,1,105100000.0,1,205100000.0,2,296100000.0,3,429249897.0,7,170805.296,45703201.423728816,59,2.0,0,2141.0,LOGIN,0.46666660444445274,75.0,0.14487882985543726,-1.2591413226742785
29790,-0.5915560393905915,Payment,Credit_card_repayment,2019-06-20,Thu,9,1,25999978.0,NaN,Android,19.124.xx.xx (HP),M,2019-03-07,1989-02-10,0,2019-03-08,BRANCH,1,SMS,Working,25999978.0,1,25999978.0,1,25999978.0,1,25999978.0,1,25999978.0,1,455249875.0,8,170805.296,45703201.423728816,59,14.75,0,2495.0,LOGIN_FACEID,0.4615384023668715,78.0,0.14487882985543726,-1.2591413226742785
29790,-0.5752790806229132,Payment,Credit_card_repayment,2019-06-20,Thu,11,1,22700000.0,NaN,Android,81.128.xx.xx (HP),M,2019-03-07,1989-02-10,0,2019-03-08,BRANCH,1,SMS,Working,22700000.0,1,48699978.0,2,48699978.0,2,48699978.0,2,48699978.0,2,477949875.0,9,170805.296,45703201.423728816,59,0.08333333333333333,0,2497.0,LOGIN_FACEID,0.46249994218750723,80.0,0.14487882985543726,-1.2591413226742785
29790,-0.5717738538396143,Payment,Credit_card_repayment,2019-06-25,Tue,14,1,44000000.0,NaN,Android,191.84.xx.xx (HP),M,2019-03-07,1989-02-10,0,2019-03-08,BRANCH,1,SMS,Working,44000000.0,1,44000000.0,1,44000000.0,1,44000000.0,1,92699978.0,3,388799978.0,6,170805.296,45703201.423728816,59,5.125,0,2620.0,LOGIN_FACEID,0.46249994218750723,80.0,0.14487882985543726,-1.2591413226742785
29790,-0.5692909309801777,Payment,Credit_card_repayment,2019-06-29,Sat,9,1,77000000.0,NaN,Android,218.94.xx.xx (HP),M,2019-03-07,1989-02-10,0,2019-03-08,BRANCH,1,SMS,Working,77000000.0,1,77000000.0,1,77000000.0,1,77000000.0,1,121000000.0,2,465799978.0,7,170805.296,45703201.423728816,59,3.7916666666666665,0,2711.0,LOGIN_FACEID,0.46249994218750723,80.0,0.14487882985543726,-1.2591413226742785
29790,-0.5724240021769432,Payment,Credit_card_repayment,2019-06-30,Sun,20,1,49000000.0,NaN,Android,156.36.xx.xx (HP),M,2019-03-07,1989-02-10,0,2019-03-08,BRANCH,1,SMS,Working,49000000.0,1,49000000.0,1,49000000.0,1,126000000.0,2,170000000.0,3,514799978.0,8,170805.296,45703201.423728816,59,1.4583333333333333,0,2746.0,LOGIN_FACEID,0.46249994218750723,80.0,0.14487882985543726,-1.2591413226742785
29790,-0.618864896653299,Payment,Credit_card_repayment,2019-07-08,Mon,17,2,113400000.0,NaN,Android,203.164.xx.xx (HP),M,2019-03-07,1989-02-10,0,2019-03-08,BRANCH,1,SMS,Working,113400000.0,1,113400000.0,1,113400000.0,1,113400000.0,1,113400000.0,1,358349978.0,7,170805.296,45703201.423728816,59,7.041666666666667,0,2935.0,LOGIN_FACEID,0.46249994218750723,80.0,0.14487882985543726,-1.2591413226742785
29790,-0.5648600326792366,Payment,Credit_card_repayment,2019-07-12,Fri,16,1,25000000.0,NaN,Android,128.144.xx.xx (HP),M,2019-03-07,1989-02-10,0,2019-03-08,BRANCH,1,SMS,Working,25000000.0,1,25000000.0,1,25000000.0,1,25000000.0,1,138400000.0,2,383349978.0,8,170805.296,45703201.423728816,59,3.9583333333333335,0,3030.0,LOGIN_FACEID,0.46249994218750723,80.0,0.14487882985543726,-1.2591413226742785
29790,-0.5922875301653536,Payment,Credit_card_repayment,2019-08-01,Thu,11,1,44000000.0,NaN,Android,221.90.xx.xx (HP),M,2019-03-07,1989-02-10,0,2019-03-08,BRANCH,1,SMS,Working,44000000.0,1,44000000.0,1,44000000.0,1,44000000.0,1,44000000.0,1,285157012.0,6,170805.296,45703201.423728816,59,8.833333333333334,0,312.0,LOGIN_FACEID,0.46739125354442895,92.0,0.14487882985543726,-1.2591413226742785
29790,-0.5873351962472975,Payment,Credit_card_repayment,2019-08-01,Thu,14,1,79000000.0,NaN,Android,2.184.xx.xx (HP),M,2019-03-07,1989-02-10,0,2019-03-08,BRANCH,1,SMS,Working,79000000.0,1,123000000.0,2,123000000.0,2,123000000.0,2,123000000.0,2,364157012.0,7,170805.296,45703201.423728816,59,0.125,0,315.0,LOGIN_FACEID,0.4680850565866961,94.0,0.14487882985543726,-1.2591413226742785
29790,-0.5662520028112815,Payment,Credit_card_repayment,2019-08-02,Fri,13,1,64800000.0,NaN,Android,112.51.xx.xx (HP),M,2019-03-07,1989-02-10,0,2019-03-08,BRANCH,1,SMS,Working,64800000.0,1,64800000.0,1,143800000.0,2,187800000.0,3,187800000.0,3,428957012.0,8,170805.296,45703201.423728816,59,0.9583333333333334,0,338.0,LOGIN,0.47368416066482516,95.0,0.14487882985543726,-1.2591413226742785
29790,-0.5708044196952564,Payment,Credit_card_repayment,2019-08-05,Mon,14,2,72050000.0,NaN,Android,8.37.xx.xx (HP),M,2019-03-07,1989-02-10,0,2019-03-08,BRANCH,1,SMS,Working,72050000.0,1,72050000.0,1,72050000.0,1,72050000.0,1,259850000.0,4,501007012.0,9,170805.296,45703201.423728816,59,3.0416666666666665,0,411.0,LOGIN_FACEID,0.46938770720533596,98.0,0.14487882985543726,-1.2591413226742785
29790,-0.5889938198855079,Payment,Credit_card_repayment,2019-08-20,Tue,15,1,32000000.0,NaN,Android,221.226.xx.xx (HP),M,2019-03-07,1989-02-10,0,2019-03-08,BRANCH,1,SMS,Working,32000000.0,1,32000000.0,1,32000000.0,1,32000000.0,1,32000000.0,1,349950000.0,8,170805.296,45703201.423728816,59,10.916666666666666,0,772.0,LOGIN,0.4752474776982695,101.0,0.14487882985543726,-1.2591413226742785
29790,-0.6068251847818186,Payment,Credit_card_repayment,2019-08-28,Wed,14,1,120000000.0,NaN,Android,55.50.xx.xx (HP),M,2019-03-07,1989-02-10,0,2019-03-08,BRANCH,1,SMS,Working,120000000.0,1,120000000.0,1,120000000.0,1,120000000.0,1,120000000.0,1,440950000.0,8,170805.296,45703201.423728816,59,7.958333333333333,0,963.0,LOGIN,0.47572810915261077,103.0,0.14487882985543726,-1.2591413226742785
29790,-0.5696267457257281,Payment,Credit_card_repayment,2019-09-04,Wed,10,1,43950000.0,NaN,Android,100.195.xx.xx (HP),M,2019-03-07,1989-02-10,0,2019-03-08,BRANCH,1,SMS,Working,43950000.0,1,43950000.0,1,43950000.0,1,43950000.0,1,194850000.0,3,328000000.0,7,170805.296,45703201.423728816,59,5.75,0,1127.0,LOGIN,0.4766354694733206,107.0,0.14487882985543726,-1.2591413226742785
29790,-0.5676279321459016,Payment,Credit_card_repayment,2019-09-04,Wed,16,1,62150000.0,NaN,Android,100.45.xx.xx (HP),M,2019-03-07,1989-02-10,0,2019-03-08,BRANCH,1,SMS,Working,62150000.0,1,62150000.0,1,106100000.0,2,106100000.0,2,137000000.0,3,318100000.0,7,170805.296,45703201.423728816,59,0.25,0,1133.0,LOGIN,0.4770641764161306,109.0,0.14487882985543726,-1.2591413226742785
29790,-0.5837950154845656,Payment,Credit_card_repayment,2019-09-17,Tue,15,1,24972000.0,NaN,Android,89.77.xx.xx (HP),M,2019-03-07,1989-02-10,0,2019-03-08,BRANCH,1,SMS,Working,24972000.0,1,24972000.0,1,24972000.0,1,24972000.0,1,24972000.0,1,313972000.0,6,170805.296,45703201.423728816,59,12.958333333333334,0,1444.0,LOGIN_FACEID,0.4736841689750729,114.0,0.14487882985543726,-1.2591413226742785
29790,-0.5902193092543557,Payment,Credit_card_repayment,2019-10-01,Tue,9,1,45000000.0,NaN,Android,235.166.xx.xx (HP),M,2019-03-07,1989-02-10,0,2019-03-08,BRANCH,1,SMS,Working,45000000.0,1,45000000.0,1,45000000.0,1,45000000.0,1,45000000.0,1,208572000.0,5,170805.296,45703201.423728816,59,12.666666666666666,0,1774.0,LOGIN,0.47899155638726415,119.0,0.14487882985543726,-1.2591413226742785
29790,-0.5874672802258596,Payment,Credit_card_repayment,2019-10-18,Fri,9,1,25000000.0,NaN,Android,209.224.xx.xx (HP),M,2019-03-07,1989-02-10,0,2019-03-08,BRANCH,1,SMS,Working,25000000.0,1,25000000.0,1,25000000.0,1,25000000.0,1,25000000.0,1,302540000.0,5,170805.296,45703201.423728816,59,15.958333333333334,0,2182.0,LOGIN_FACEID,0.47619043839758424,126.0,0.14487882985543726,-1.2591413226742785
29790,-0.5656470729102817,Payment,Credit_card_repayment,2019-10-22,Tue,9,1,38000000.0,NaN,Android,242.142.xx.xx (HP),M,2019-03-07,1989-02-10,0,2019-03-08,BRANCH,1,SMS,Working,38000000.0,1,38000000.0,1,38000000.0,1,38000000.0,1,63000000.0,2,308040000.0,5,170805.296,45703201.423728816,59,4.0,0,2278.0,LOGIN,0.4803149228098486,127.0,0.14487882985543726,-1.2591413226742785
29790,-0.571647415597072,Payment,Credit_card_repayment,2019-11-04,Mon,15,1,7550000.0,NaN,Android,27.238.xx.xx (HP),M,2019-03-07,1989-02-10,0,2019-03-08,BRANCH,1,SMS,Working,7550000.0,1,7550000.0,1,7550000.0,1,7550000.0,1,7550000.0,1,70550000.0,3,170805.296,45703201.423728816,59,13.25,0,2596.0,LOGIN,0.4814814458161892,135.0,0.14487882985543726,-1.2591413226742785
29790,-0.6172635000327149,Payment,Credit_card_repayment,2019-11-27,Wed,18,1,34000000.0,NaN,Android,212.60.xx.xx (HP),M,2019-03-07,1989-02-10,0,2019-03-08,BRANCH,1,SMS,Working,34000000.0,1,34000000.0,1,34000000.0,1,34000000.0,1,34000000.0,1,41550000.0,2,170805.296,45703201.423728816,59,23.125,0,3151.0,LOGIN_FACEID,0.47857139438775753,140.0,0.14487882985543726,-1.2591413226742785
29973,-0.597084707932342,Transfer,Outside_bank,2019-12-01,Sun,1,1,1000000.0,595637,iOS,209.78.xx.xx (HN),M,2019-08-20,1996-04-01,0,2019-08-20,BRANCH,1,SMART_OTP,Businessman,1000000.0,1,1000000.0,1,1000000.0,1,1000000.0,1,1000000.0,1,2350000.0,2,1107064.086,1100000.0,4,29.666666666666668,1,1.0,LOGIN,0.0,20.0,0.0,-0.8839310415273516
29978,-0.5925868957285986,Topup,Mobile,2019-08-15,Thu,13,1,100000.0,NaN,iOS,239.59.xx.xx (HCM),F,2019-01-16,1987-01-01,0,2019-01-16,BRANCH,1,SMART_OTP,Commercial associate,100000.0,1,100000.0,1,100000.0,1,100000.0,1,100000.0,1,100000.0,1,3490087.5625,68571.42857142857,7,211.54166666666666,0,4977.0,LOGIN,0.0,37.0,0.8942739938076982,-0.9334499960106573
29978,-0.5850546996634,Topup,Mobile,2019-12-19,Thu,2,1,30000.0,NaN,iOS,3.152.xx.xx (HCM),F,2019-01-16,1987-01-01,0,2019-01-16,BRANCH,1,SMART_OTP,Commercial associate,30000.0,1,30000.0,1,30000.0,1,30000.0,1,30000.0,1,80000.0,2,3490087.5625,68571.42857142857,7,14.291666666666666,0,7990.0,LOGIN,0.0,62.0,0.8942739938076982,-0.9334499960106573
30014,-0.6110632884289967,Transfer,Within_bank,2019-11-28,Thu,6,2,563000000.0,84502,Android,251.91.xx.xx (DN),M,2019-05-28,1985-02-10,1,2019-05-28,BRANCH,1,SMART_OTP,State servant,563000000.0,1,563000000.0,1,563000000.0,1,564000000.0,2,565000000.0,3,640504000.0,7,41088057.64375,50569400.0,30,1.7083333333333333,1,4407.0,LOGIN_FACEID,0.42028982461667935,138.0,0.23444019503995284,-1.4570127439542728
30014,-0.5701670675421404,Transfer,Outside_bank,2019-11-28,Thu,9,2,500000000.0,966144,Android,19.34.xx.xx (DN),M,2019-05-28,1985-02-10,1,2019-05-28,BRANCH,1,SMART_OTP,State servant,500000000.0,1,1063000000.0,2,1063000000.0,2,1064000000.0,3,1065000000.0,4,1140504000.0,8,41088057.64375,50569400.0,30,0.125,2,4410.0,LOGIN,0.42446040111795674,139.0,0.23444019503995284,-1.4570127439542728
30020,-0.5736802398546641,Transfer,Within_bank,2019-10-16,Wed,12,2,90000000.0,655831,Android,120.82.xx.xx (DN),F,2019-05-02,1991-12-15,1,2019-05-02,BRANCH,1,SMART_OTP,Working,90000000.0,1,90000000.0,1,93750000.0,3,94750000.0,4,102182594.0,10,135398094.0,18,809040.1333333333,7607236.966101695,59,0.16666666666666666,3,3981.0,LOGIN,0.0,115.0,0.08951828583648011,-1.009770625569616
30020,-0.569395071349253,Transfer,Outside_bank,2019-11-06,Wed,9,1,86000000.0,356434,Android,70.249.xx.xx (DN),F,2019-05-02,1991-12-15,1,2019-05-02,BRANCH,1,SMART_OTP,Working,86000000.0,1,86000000.0,1,86000000.0,1,86000000.0,1,117010700.0,4,240310602.0,20,809040.1333333333,7607236.966101695,59,5.791666666666667,1,4482.0,LOGIN,0.0,130.0,0.08951828583648011,-1.009770625569616
30078,-0.5753306007388524,Transfer,Outside_bank,2019-12-23,Mon,15,1,50000000.0,394641,Web,44.83.xx.xx (HCM),M,2019-06-10,1997-04-20,0,2019-06-10,BRANCH,1,SMART_OTP,Working,50000000.0,1,50000000.0,1,50000000.0,1,50000000.0,1,57145050.0,5,67942712.0,13,1670807.9014285714,2131282.8615384614,65,2.0833333333333335,1,4468.0,LOGIN,0.46575340339025556,219.0,0.05830659674259611,-1.241959524104507
30091,-0.5711200809929489,Transfer,Outside_bank,2019-12-20,Fri,0,1,1600000.0,396430,Android,166.154.xx.xx (HCM),M,2019-11-14,2000-04-08,0,2019-11-14,BRANCH,0,SMART_OTP,Working,1600000.0,1,1600000.0,1,1600000.0,1,1600000.0,1,1800000.0,2,7610000.0,19,805743.87,383761.90476190473,21,6.458333333333333,1,851.0,LOGIN,0.3999999500000062,80.0,0.5041164656680772,-1.0015229182079084
30302,-0.5746698358522807,Payment,Credit_card_repayment,2019-11-11,Mon,21,1,500000.0,NaN,Android,155.166.xx.xx (DN),M,2019-01-21,1993-05-06,0,2019-01-21,BRANCH,0,SMART_OTP,Working,500000.0,1,550000.0,2,550000.0,2,550000.0,2,550000.0,2,550000.0,2,6943112.291666667,1975275.0,20,0.125,1,7063.0,LOGIN,0.10526314404432315,76.0,0.33046988305474845,-0.9692447370291124
30302,-0.6145128562795988,Payment,Credit_card_repayment,2019-12-22,Sun,9,1,19302500.0,NaN,Android,93.65.xx.xx (HCM),M,2019-01-21,1993-05-06,0,2019-01-21,BRANCH,0,SMART_OTP,Working,19302500.0,1,19302500.0,1,19302500.0,1,19302500.0,1,20402500.0,3,26102500.0,10,6943112.291666667,1975275.0,20,3.875,0,8035.0,LOGIN,0.06896551248513706,145.0,0.33046988305474845,-0.9692447370291124
30314,-0.5742527284347128,Topup,eWallet,2019-11-28,Thu,0,1,268000.0,NaN,iOS,12.132.xx.xx (HN),F,2019-05-15,1985-07-14,0,2019-05-15,BRANCH,1,SMART_OTP,State servant,268000.0,1,268000.0,1,543000.0,2,543000.0,2,543000.0,2,7011100.0,9,5905782.53625,1034718.7222222222,54,0.375,1,4326.0,LOGIN,0.0,51.0,0.2295702896318488,-1.201949953595589
30314,-0.567523621811698,Topup,eWallet,2019-11-28,Thu,1,1,167000.0,NaN,iOS,23.225.xx.xx (HN),F,2019-05-15,1985-07-14,0,2019-05-15,BRANCH,1,SMART_OTP,State servant,435000.0,2,435000.0,2,710000.0,3,710000.0,3,710000.0,3,7178100.0,10,5905782.53625,1034718.7222222222,54,0.041666666666666664,1,4327.0,LOGIN,0.0,51.0,0.2295702896318488,-1.201949953595589
30345,-0.5810450349870916,Topup,eWallet,2019-05-08,Wed,0,1,250000.0,NaN,iOS,227.1.xx.xx (CT),M,2019-04-04,1989-10-30,0,2019-04-04,BRANCH,1,SMART_OTP,Businessman,250000.0,1,250000.0,1,250000.0,1,250000.0,1,250000.0,1,79127225.0,16,2543335.0733333332,19032797.144144144,111,7.625,0,800.0,LOGIN,0.15789469529086964,38.0,0.09785045548411578,-0.9838065232383756
30345,-0.6050676261085313,Transfer,Outside_bank,2019-05-11,Sat,2,1,99900000.0,315385,iOS,125.249.xx.xx (CT),M,2019-04-04,1989-10-30,0,2019-04-04,BRANCH,1,SMART_OTP,Businessman,99900000.0,1,99900000.0,1,199950000.0,4,249950000.0,5,250200000.0,6,278885925.0,17,2543335.0733333332,19032797.144144144,111,0.4583333333333333,3,874.0,LOGIN,0.13333330370371027,45.0,0.09785045548411578,-0.9838065232383756
30345,-0.569774381989816,Topup,eWallet,2019-06-08,Sat,2,1,444000.0,NaN,iOS,60.253.xx.xx (CT),M,2019-04-04,1989-10-30,0,2019-04-04,BRANCH,1,SMART_OTP,Businessman,444000.0,1,444000.0,1,444000.0,1,444000.0,1,70444000.0,2,328791800.0,15,2543335.0733333332,19032797.144144144,111,4.333333333333333,0,1546.0,LOGIN,0.10526313942751939,57.0,0.09785045548411578,-0.9838065232383756
30345,-0.5811009992125822,Transfer,Outside_bank,2019-08-13,Tue,12,1,200000000.0,858416,iOS,202.176.xx.xx (CT),M,2019-04-04,1989-10-30,0,2019-04-04,BRANCH,1,SMART_OTP,Businessman,200000000.0,1,200000000.0,1,200000000.0,1,200000000.0,1,200000000.0,1,258539500.0,5,2543335.0733333332,19032797.144144144,111,10.708333333333334,1,1367.0,LOGIN,0.08955222543996635,67.0,0.09785045548411578,-0.9838065232383756
30345,-0.5761698015258951,Topup,eWallet,2019-08-14,Wed,1,1,300000.0,NaN,iOS,27.251.xx.xx (CT),M,2019-04-04,1989-10-30,0,2019-04-04,BRANCH,1,SMART_OTP,Businessman,754000.0,2,754000.0,2,200754000.0,3,200754000.0,3,200754000.0,3,259293500.0,7,2543335.0733333332,19032797.144144144,111,0.0,2,1380.0,LOGIN,0.08823528114187042,68.0,0.09785045548411578,-0.9838065232383756
30345,-0.5915401278748799,Transfer,Outside_bank,2019-10-12,Sat,9,1,200000000.0,364218,iOS,54.158.xx.xx (CT),M,2019-04-04,1989-10-30,0,2019-04-04,BRANCH,1,SMART_OTP,Businessman,200000000.0,1,200000000.0,1,200000000.0,1,200000000.0,1,344531192.0,4,447523849.0,13,2543335.0733333332,19032797.144144144,111,3.7083333333333335,1,2804.0,LOGIN,0.057692302144970946,104.0,0.09785045548411578,-0.9838065232383756
30345,-0.5987408973835675,Transfer,Outside_bank,2019-11-11,Mon,13,1,200000000.0,572905,iOS,89.90.xx.xx (CT),M,2019-04-04,1989-10-30,0,2019-04-04,BRANCH,1,SMART_OTP,Businessman,200000000.0,1,200000000.0,1,200000000.0,1,200145000.0,3,336720041.0,8,449613973.0,18,2543335.0733333332,19032797.144144144,111,1.0416666666666667,1,3528.0,LOGIN,0.04379561724119582,137.0,0.09785045548411578,-0.9838065232383756
30379,-0.6518555038420387,Payment,Credit_card_repayment,2019-12-24,Tue,10,1,2000000.0,NaN,Android,135.114.xx.xx (HN),M,2019-08-06,1990-05-27,0,2019-08-06,AUTO-JOB,0,SMART_OTP,Businessman,2000000.0,1,2000000.0,1,2000000.0,1,2000000.0,1,2000000.0,1,2000000.0,1,96774.19399999999,2000000.0,1,140.41666666666666,0,3358.0,LOGIN,0.48648642074507825,74.0,0.0,-1.247469065060128
30436,-0.5766932895168667,Payment,Credit_card_repayment,2019-08-26,Mon,9,1,2842076.0,NaN,Android,22.245.xx.xx (HCM),M,2019-04-04,1987-10-13,0,2019-04-04,BRANCH,0,SMART_OTP,Working,2842076.0,1,2842076.0,1,2842076.0,1,2842076.0,1,2842076.0,1,2842076.0,1,4215132.097777778,16684235.818181818,22,31.666666666666668,0,3449.0,LOGIN_FINGER,0.285714244897965,70.0,0.23773275504843622,-1.0460977107719207
30436,-0.5782875459135242,Payment,Credit_card_repayment,2019-09-25,Wed,15,1,3081628.0,NaN,Android,235.205.xx.xx (HCM),M,2019-04-04,1987-10-13,0,2019-04-04,BRANCH,0,SMART_OTP,Working,3081628.0,1,3081628.0,1,3081628.0,1,3081628.0,1,3081628.0,1,3081628.0,1,4215132.097777778,16684235.818181818,22,30.25,0,4175.0,LOGIN,0.32098761469288706,81.0,0.23773275504843622,-1.0460977107719207
30436,-0.5693294137650315,Payment,Credit_card_repayment,2019-10-25,Fri,13,1,17887426.0,NaN,Android,129.140.xx.xx (HCM),M,2019-04-04,1987-10-13,0,2019-04-04,BRANCH,0,SMART_OTP,Working,17887426.0,1,17887426.0,1,17887426.0,1,17887426.0,1,17887426.0,1,25415958.0,5,4215132.097777778,16684235.818181818,22,7.208333333333333,0,4893.0,LOGIN_FINGER,0.3513513196980793,111.0,0.23773275504843622,-1.0460977107719207
30436,-0.602776729628456,Payment,Credit_card_repayment,2019-11-25,Mon,15,1,7327631.0,NaN,Android,229.235.xx.xx (HCM),M,2019-04-04,1987-10-13,0,2019-04-04,BRANCH,0,SMART_OTP,Working,7327631.0,1,7327631.0,1,7327631.0,1,7327631.0,1,7327631.0,1,7327631.0,1,4215132.097777778,16684235.818181818,22,31.083333333333332,0,5639.0,LOGIN_FINGER,0.3629031965400648,124.0,0.23773275504843622,-1.0460977107719207
30436,-0.6000515222855777,Payment,Credit_card_repayment,2019-12-25,Wed,18,1,5461919.0,NaN,Android,31.88.xx.xx (HCM),M,2019-04-04,1987-10-13,0,2019-04-04,BRANCH,0,SMART_OTP,Working,5461919.0,1,5461919.0,1,5461919.0,1,5461919.0,1,5461919.0,1,5461919.0,1,4215132.097777778,16684235.818181818,22,30.125,0,6362.0,LOGIN_FINGER,0.3649634770099652,137.0,0.23773275504843622,-1.0460977107719207
30467,-0.5706472941115472,Topup,eWallet,2019-05-18,Sat,14,1,364000.0,NaN,Android,204.3.xx.xx (HCM),M,2019-03-18,1987-09-12,0,2019-03-18,BRANCH,1,SMART_OTP,Working,364000.0,1,364000.0,1,364000.0,1,364000.0,1,364000.0,1,364000.0,1,29685202.688,1581608.3333333333,6,61.583333333333336,0,1462.0,LOGIN,0.44444395061783265,9.0,0.7007625196068623,-1.488278357436917
30467,-0.5683899781180239,Topup,eWallet,2019-08-08,Thu,8,1,150000.0,NaN,Android,225.67.xx.xx (HCM),M,2019-03-18,1987-09-12,0,2019-03-18,BRANCH,1,SMART_OTP,Working,150000.0,1,150000.0,1,150000.0,1,150000.0,1,150000.0,1,150000.0,1,29685202.688,1581608.3333333333,6,40.833333333333336,0,3424.0,LOGIN_FINGER,0.42857112244919826,14.0,0.7007625196068623,-1.488278357436917
30720,-0.6038626441185191,Transfer,Outside_bank,2019-11-04,Mon,17,1,44600000.0,307083,iOS,135.175.xx.xx (HN),F,2019-05-04,1986-08-07,0,2019-05-04,BRANCH,1,SMART_OTP,Working,44600000.0,1,44600000.0,1,44600000.0,1,44600000.0,1,46560000.0,7,63573800.0,19,1315549.265,1658227.9060402685,149,4.041666666666667,1,4344.0,LOGIN,0.33132529122514187,332.0,0.03660715634442288,-1.059464478600564
30720,-0.5804440860103988,Transfer,Within_bank,2019-12-06,Fri,12,1,17000000.0,602664,iOS,80.58.xx.xx (HN),F,2019-05-04,1986-08-07,0,2019-05-04,BRANCH,1,SMART_OTP,Working,17000000.0,1,17000000.0,1,17000000.0,1,17410000.0,3,19446000.0,9,51944544.0,32,1315549.265,1658227.9060402685,149,1.5833333333333333,1,5107.0,LOGIN,0.2910052833067386,378.0,0.03660715634442288,-1.059464478600564
30783,-0.5681325203266696,Transfer,Outside_bank,2019-09-11,Wed,16,2,273910000.0,419796,Android,199.230.xx.xx (DN),F,2019-08-06,1994-09-27,0,2019-09-09,BRANCH,1,SMART_OTP,Unemployed,273910000.0,1,273910000.0,1,274010000.0,2,274010000.0,2,276010000.0,3,276010000.0,3,1045953.5480000001,8473706.382978724,94,0.25,1,53.0,LOGIN_FINGER,0.4166663194447338,12.0,0.15964632935378575,-1.206136552904324
30864,-0.6007763709479264,Payment,Credit_card_repayment,2019-12-11,Wed,16,1,9051697.0,NaN,iOS,47.126.xx.xx (BD),F,2019-10-28,1988-05-10,0,2019-10-28,AUTO-JOB,0,SMART_OTP,Working,9051697.0,1,9051697.0,1,9051697.0,1,9051697.0,1,9051697.0,1,9051697.0,1,3073566.81,2200698.125,8,44.666666666666664,0,870.0,LOGIN_FACEID,0.48648642074507825,74.0,0.6158263202435156,-1.2291582664694745
30957,-0.5711879459989753,Topup,eWallet,2019-06-07,Fri,5,1,50000.0,NaN,Android,134.231.xx.xx (HCM),F,2019-02-23,1956-05-06,0,2019-02-23,BRANCH,0,SMART_OTP,Pensioner,50000.0,1,50000.0,1,100000.0,2,100000.0,2,273088.0,4,365088.0,6,239642.37545454546,324502.9166666667,36,0.25,0,2407.0,LOGIN,0.48936165006790955,94.0,0.22538240615511262,-0.9132394255925352
30957,-0.5813703947434138,Topup,eWallet,2019-07-30,Tue,5,1,200000.0,NaN,iOS,109.108.xx.xx (DN),F,2019-02-23,1956-05-06,0,2019-02-23,BRANCH,0,SMART_OTP,Pensioner,200000.0,1,200000.0,1,200000.0,1,200000.0,1,6200000.0,2,6351200.0,3,239642.37545454546,324502.9166666667,36,5.5,0,3679.0,LOGIN_FINGER,0.48823526539792556,170.0,0.22538240615511262,-0.9132394255925352
30997,-0.5695241945998348,Topup,eWallet,2019-11-25,Mon,23,1,850000.0,NaN,iOS,109.248.xx.xx (HP),M,2019-11-12,1993-10-19,0,2019-11-13,BRANCH,1,SMART_OTP,Commercial associate,850000.0,1,900000.0,2,900000.0,2,900000.0,2,900000.0,2,900000.0,2,18020.325,452760.0,7,0.041666666666666664,0,295.0,LOGIN,0.0,5.0,0.6621590109156987,-0.9981611435327072
31100,-0.6232885702404982,Topup,Mobile,2019-04-15,Mon,0,1,20000.0,NaN,Android,73.101.xx.xx (DN),F,2019-01-14,1997-12-09,0,2019-01-14,BRANCH,0,SMART_OTP,State servant,20000.0,1,20000.0,1,20000.0,1,20000.0,1,20000.0,1,20000.0,1,1869925.5116666667,418518.6046511628,43,72.08333333333333,0,2168.0,LOGIN_FINGER,0.4491525043091098,118.0,0.5933212294987612,-0.8885185916439573
31103,-0.6298096560435932,Payment,Insurance_payment,2019-12-11,Wed,13,1,20128800.0,NaN,iOS,199.44.xx.xx (HN),F,2019-04-05,1993-11-08,0,2019-04-05,BRANCH,0,SMART_OTP,State servant,20128800.0,1,20128800.0,1,20169800.0,2,20315800.0,3,21270800.0,9,33997800.0,23,1971885.3311111112,955866.875,80,0.75,0,999.0,LOGIN_FINGER,0.4785992124786146,514.0,0.06588445271235502,-1.0998544282207414
31115,-0.5663835306763911,Topup,eWallet,2019-08-17,Sat,0,2,300000.0,NaN,Web,194.183.xx.xx (DN),M,2019-05-08,1998-10-09,0,2019-05-08,BRANCH,1,SMART_OTP,Working,300000.0,1,300000.0,1,400000.0,2,2550000.0,8,2550000.0,8,3580000.0,11,460389.7975,569877.9180327869,122,1.0,0,2411.0,LOGIN_FINGER,0.42307689595660924,156.0,0.17073466481028046,-1.1917426646389186
31115,-0.5684541276009052,Topup,eWallet,2019-09-06,Fri,1,2,590000.0,NaN,Web,249.155.xx.xx (DN),M,2019-05-08,1998-10-09,0,2019-05-08,BRANCH,1,SMART_OTP,Working,690000.0,2,1190000.0,4,1690000.0,6,1690000.0,6,1690000.0,6,4990000.0,20,460389.7975,569877.9180327869,122,0.041666666666666664,0,2892.0,LOGIN_FINGER,0.4268292422665096,164.0,0.17073466481028046,-1.1917426646389186
31115,-0.5745820859009003,Topup,eWallet,2019-11-28,Thu,0,1,100000.0,NaN,Web,63.197.xx.xx (DN),M,2019-05-08,1998-10-09,0,2019-05-08,BRANCH,1,SMART_OTP,Working,100000.0,1,100000.0,1,500000.0,3,1400000.0,6,2087309.0,7,2137309.0,8,460389.7975,569877.9180327869,122,0.4166666666666667,0,4883.0,LOGIN_FINGER,0.4345549510704214,191.0,0.17073466481028046,-1.1917426646389186
31131,-0.5837513628312924,Payment,Credit_card_repayment,2019-07-22,Mon,18,1,6956799.0,NaN,iOS,75.84.xx.xx (HN),M,2019-05-11,1991-09-22,0,2019-06-11,AUTO-JOB,0,SMART_OTP,State servant,6956799.0,1,6956799.0,1,6956799.0,1,6956799.0,1,6956799.0,1,7206799.0,3,207508.655,3377107.4,10,11.875,0,989.0,LOGIN,0.3953487452677336,43.0,0.5049783207408849,-1.0947660509539197
31131,-0.589751783217459,Payment,Credit_card_repayment,2019-08-20,Tue,19,1,12166365.0,NaN,iOS,254.114.xx.xx (HN),M,2019-05-11,1991-09-22,0,2019-06-11,AUTO-JOB,0,SMART_OTP,State servant,12806700.0,2,12806700.0,2,12806700.0,2,12806700.0,2,12826700.0,3,19783499.0,4,207508.655,3377107.4,10,0.041666666666666664,0,1686.0,LOGIN,0.42857137291280867,77.0,0.5049783207408849,-1.0947660509539197
31131,-0.5977326710071594,Payment,Credit_card_repayment,2019-09-22,Sun,8,1,2164191.0,NaN,iOS,229.236.xx.xx (HN),M,2019-05-11,1991-09-22,0,2019-06-11,AUTO-JOB,0,SMART_OTP,State servant,2164191.0,1,2164191.0,1,2164191.0,1,2164191.0,1,2164191.0,1,2164191.0,1,207508.655,3377107.4,10,32.541666666666664,0,2467.0,LOGIN_FINGER,0.44036693207642824,109.0,0.5049783207408849,-1.0947660509539197
31131,-0.5925207822604883,Payment,Credit_card_repayment,2019-10-21,Mon,21,2,2786384.0,NaN,iOS,162.249.xx.xx (HN),M,2019-05-11,1991-09-22,0,2019-06-11,AUTO-JOB,0,SMART_OTP,State servant,2786384.0,1,2786384.0,1,2786384.0,1,2786384.0,1,2786384.0,1,4950575.0,2,207508.655,3377107.4,10,29.541666666666668,0,3176.0,LOGIN_FINGER,0.4518518183813468,135.0,0.5049783207408849,-1.0947660509539197
31131,-0.5647711068284892,Payment,Credit_card_repayment,2019-11-15,Fri,20,1,300000.0,NaN,iOS,226.199.xx.xx (HN),M,2019-05-11,1991-09-22,0,2019-06-11,AUTO-JOB,0,SMART_OTP,State servant,300000.0,1,300000.0,1,300000.0,1,300000.0,1,300000.0,1,3086384.0,2,207508.655,3377107.4,10,24.958333333333332,0,3775.0,LOGIN,0.4577464466375742,142.0,0.5049783207408849,-1.0947660509539197
31131,-0.6330373134805363,Payment,Credit_card_repayment,2019-12-23,Mon,10,1,8487000.0,NaN,iOS,148.90.xx.xx (HN),M,2019-05-11,1991-09-22,0,2019-06-11,AUTO-JOB,0,SMART_OTP,State servant,8487000.0,1,8487000.0,1,8487000.0,1,8487000.0,1,8487000.0,1,8487000.0,1,207508.655,3377107.4,10,37.583333333333336,0,4677.0,LOGIN_FINGER,0.46107781670192716,167.0,0.5049783207408849,-1.0947660509539197
31142,-0.6063612312523258,Payment,QR_payment,2019-10-17,Thu,10,1,3159000.0,NaN,Android,140.34.xx.xx (HP),F,2019-06-06,1992-07-15,0,2019-06-06,BRANCH,0,SMS,Commercial associate,3159000.0,1,3159000.0,1,3159000.0,1,3159000.0,1,3159000.0,1,3159000.0,1,7669041.708571428,3159000.0,1,133.41666666666666,0,3191.0,LOGIN,0.45833323784724206,48.0,0.0,-1.277101741573323
31157,-0.6040787460667147,Transfer,Outside_bank,2019-07-09,Tue,0,1,20000.0,238041,Android,188.74.xx.xx (HN),M,2019-01-23,1996-11-15,0,2019-01-31,BRANCH,1,SMART_OTP,Commercial associate,20000.0,1,20000.0,1,20000.0,1,20000.0,1,20000.0,1,20000.0,1,791603.1583333333,1601818.1818181819,11,73.25,1,3794.0,LOGIN,0.26666660740742054,45.0,0.41600113725540255,-1.0244317344258755
31157,-0.5684674520904167,Transfer,Outside_bank,2019-10-07,Mon,21,1,2200000.0,395077,Android,60.26.xx.xx (HN),M,2019-01-23,1996-11-15,0,2019-01-31,BRANCH,1,SMART_OTP,Commercial associate,2200000.0,1,2200000.0,1,2200000.0,1,2200000.0,1,2200000.0,1,2200000.0,1,791603.1583333333,1601818.1818181819,11,90.875,1,5975.0,LOGIN,0.2399999520000096,50.0,0.41600113725540255,-1.0244317344258755
31207,-0.5847446445106451,Payment,Credit_card_repayment,2019-10-04,Fri,16,1,5000000.0,NaN,iOS,88.153.xx.xx (HN),M,2019-08-29,1992-02-20,0,2019-09-09,BRANCH,0,SMART_OTP,Businessman,5000000.0,1,5000000.0,1,5000000.0,1,5000000.0,1,5000000.0,1,5080000.0,2,461166.145,1458666.6666666667,21,21.916666666666668,0,583.0,LOGIN,0.0,15.0,0.21606239826168766,-0.8879566914122389
31218,-0.5934672613724442,Transfer,Outside_bank,2019-09-25,Wed,10,4,1000000000.0,774208,iOS,172.43.xx.xx (HN),M,2019-08-26,1983-12-19,0,2019-08-26,BRANCH,1,SMART_OTP,Commercial associate,1000000000.0,1,1000000000.0,1,1000000000.0,1,1000000000.0,1,1000000000.0,1,1005000000.0,2,10277434.84,142419062.5,16,11.75,1,713.0,LOGIN,0.4571427265306495,35.0,0.4477261199122307,-1.4313732542889535
31280,-0.6184767739024709,Transfer,Within_bank,2019-10-25,Fri,0,1,1500000.0,655354,iOS,168.237.xx.xx (HCM),M,2019-01-15,1993-12-12,0,2019-09-06,BRANCH,0,SMART_OTP,Unemployed,1500000.0,1,1500000.0,1,1500000.0,1,1500000.0,1,1500000.0,1,1500000.0,1,15346040.243333332,925000.0,8,42.083333333333336,1,1156.0,LOGIN,0.0,85.0,0.8992482013743844,-0.7682257292203624
31317,-0.586374765281182,Transfer,Outside_bank,2019-11-25,Mon,15,1,250000000.0,581608,iOS,111.252.xx.xx (HN),F,2019-05-11,1995-02-16,1,2019-05-13,BRANCH,1,SMART_OTP,State servant,250000000.0,1,250000000.0,1,250000000.0,1,250000000.0,1,251547295.0,4,306422879.0,18,8821258.3675,8502261.073333334,150,4.083333333333333,1,2251.0,LOGIN,0.0,282.0,0.06423462223113144,-1.0673205361997096
31375,-0.6233220540823559,Transfer,Outside_bank,2019-12-17,Tue,20,2,8000000.0,827093,Android,168.57.xx.xx (HN),M,2019-01-25,1957-09-22,0,2019-01-25,BRANCH,1,SMS,Pensioner,8000000.0,1,8000000.0,1,8000000.0,1,8000000.0,1,8000000.0,1,8000000.0,1,17710082.389166664,2097718.6,5,301.4583333333333,1,7807.0,LOGIN,0.0,30.0,1.7566850585183675,-0.9748605993127404
31375,-0.5800781725635655,Payment,Utilities_payment,2019-12-23,Mon,9,3,814853.0,NaN,Android,223.47.xx.xx (HN),M,2019-01-25,1957-09-22,0,2019-01-25,BRANCH,1,SMS,Pensioner,814853.0,1,814853.0,1,814853.0,1,814853.0,1,8814853.0,2,8814853.0,2,17710082.389166664,2097718.6,5,5.541666666666667,0,7940.0,LOGIN,0.0,31.0,1.7566850585183675,-0.9748605993127404
31430,-0.645486394565245,Payment,Credit_card_repayment,2019-09-09,Mon,16,1,2731456.0,NaN,iOS,71.39.xx.xx (HCM),M,2019-01-11,1992-10-12,0,2019-02-25,BRANCH,0,SMART_OTP,Working,2731456.0,1,2731456.0,1,2731456.0,1,2731456.0,1,2731456.0,1,2731456.0,1,228678.74454545454,2440539.2,5,196.66666666666666,0,4705.0,LOGIN,0.4799999040000192,50.0,0.5720830710783651,-1.0598204915987333
31430,-0.6193601685427325,Payment,Credit_card_repayment,2019-11-09,Sat,19,1,1850000.0,NaN,iOS,16.133.xx.xx (HCM),M,2019-01-11,1992-10-12,0,2019-02-25,BRANCH,0,SMART_OTP,Working,1850000.0,1,1850000.0,1,1850000.0,1,1850000.0,1,1850000.0,1,1850000.0,1,228678.74454545454,2440539.2,5,40.041666666666664,0,6172.0,LOGIN,0.4803921097654794,102.0,0.5720830710783651,-1.0598204915987333
31609,-0.5856575107935748,Transfer,Outside_bank,2019-07-31,Wed,1,2,50000000.0,41257,Android,158.173.xx.xx (HCM),M,2019-05-31,1997-08-15,0,2019-05-31,BRANCH,1,SMS,Businessman,50000000.0,1,50000000.0,1,50000000.0,1,50000000.0,1,55500000.0,2,89500000.0,4,2423877.15,7293333.333333333,15,2.5,1,1456.0,LOGIN,0.0,13.0,0.45600669040148406,-1.1012313582690716
31628,-0.5880568605004896,Transfer,Outside_bank,2019-10-04,Fri,14,1,1300000.0,453670,iOS,140.221.xx.xx (NA),M,2019-02-25,1985-03-19,0,2019-03-11,MYbank,1,SMART_OTP,Businessman,1300000.0,1,1300000.0,1,1300000.0,1,1300000.0,1,1300000.0,1,1300000.0,1,1519858.0,933714.5238095238,21,207.58333333333334,1,25.0,LOGIN,0.04347825141777143,46.0,0.5179240173559176,-1.2116832997477742
31628,-0.5842201123974811,Payment,Utilities_payment,2019-11-18,Mon,1,1,168586.0,NaN,iOS,95.105.xx.xx (NA),M,2019-02-25,1985-03-19,0,2019-03-11,MYbank,1,SMART_OTP,Businessman,168586.0,1,168586.0,1,268586.0,2,318586.0,3,368586.0,4,12357635.0,8,1519858.0,933714.5238095238,21,0.75,0,1092.0,LOGIN,0.032786879871003295,61.0,0.5179240173559176,-1.2116832997477742
31754,-0.5886273341901923,Payment,Credit_card_repayment,2019-04-03,Wed,9,1,899000.0,NaN,Android,63.161.xx.xx (HCM),F,2019-02-28,1980-01-14,0,2019-03-06,BRANCH,0,SMART_OTP,Working,899000.0,1,899000.0,1,899000.0,1,899000.0,1,899000.0,1,899000.0,1,17100.028,27167119.888888888,9,28.375,0,669.0,LOGIN,0.11111098765445816,9.0,0.30978690674982706,-0.9402378639468809
31754,-0.6141304013661987,Payment,Credit_card_repayment,2019-05-06,Mon,9,1,9251245.0,NaN,Android,62.63.xx.xx (HCM),F,2019-02-28,1980-01-14,0,2019-03-06,BRANCH,0,SMART_OTP,Working,9251245.0,1,9251245.0,1,9251245.0,1,9251245.0,1,9251245.0,1,9251245.0,1,17100.028,27167119.888888888,9,33.0,0,1461.0,LOGIN,0.07692301775152481,13.0,0.30978690674982706,-0.9402378639468809
31754,-0.5696877279590573,Payment,Credit_card_repayment,2019-06-03,Mon,16,1,1039500.0,NaN,Android,136.31.xx.xx (HCM),F,2019-02-28,1980-01-14,0,2019-03-06,BRANCH,0,SMART_OTP,Working,1039500.0,1,1039500.0,1,1039500.0,1,1039500.0,1,1039500.0,1,10290745.0,2,17100.028,27167119.888888888,9,28.291666666666668,0,2140.0,LOGIN,0.04761902494332146,21.0,0.30978690674982706,-0.9402378639468809
31754,-0.6351006903197576,Payment,Credit_card_repayment,2019-08-05,Mon,12,1,4558126.0,NaN,Android,234.108.xx.xx (HCM),F,2019-02-28,1980-01-14,0,2019-03-06,BRANCH,0,SMART_OTP,Working,4558126.0,1,4558126.0,1,4558126.0,1,4558126.0,1,4558126.0,1,4558126.0,1,17100.028,27167119.888888888,9,62.833333333333336,0,3648.0,LOGIN,0.0399999840000064,25.0,0.30978690674982706,-0.9402378639468809
31754,-0.6115970957407552,Payment,Credit_card_repayment,2019-09-04,Wed,9,1,7366127.0,NaN,Android,246.250.xx.xx (HCM),F,2019-02-28,1980-01-14,0,2019-03-06,BRANCH,0,SMART_OTP,Working,7366127.0,1,7366127.0,1,7366127.0,1,7366127.0,1,7366127.0,1,11924253.0,2,17100.028,27167119.888888888,9,29.875,0,4365.0,LOGIN,0.03703702331962099,27.0,0.30978690674982706,-0.9402378639468809
31754,-0.6267685126732946,Transfer,Outside_bank,2019-10-07,Mon,14,1,200000000.0,138957,Android,63.228.xx.xx (HCM),F,2019-02-28,1980-01-14,0,2019-03-06,BRANCH,0,SMART_OTP,Working,200000000.0,1,200000000.0,1,200000000.0,1,200000000.0,1,200000000.0,1,200000000.0,1,17100.028,27167119.888888888,9,33.208333333333336,1,5162.0,LOGIN,0.03124999023437805,32.0,0.30978690674982706,-0.9402378639468809
31754,-0.6150256649084382,Payment,Credit_card_repayment,2019-11-02,Sat,12,1,4757700.0,NaN,Android,58.73.xx.xx (HCM),F,2019-02-28,1980-01-14,0,2019-03-06,BRANCH,0,SMART_OTP,Working,4757700.0,1,4757700.0,1,4757700.0,1,4757700.0,1,4757700.0,1,204757700.0,2,17100.028,27167119.888888888,9,25.916666666666668,0,5784.0,LOGIN,0.029411756055365862,34.0,0.30978690674982706,-0.9402378639468809
31754,-0.6328407157499959,Payment,Credit_card_repayment,2019-12-03,Tue,9,1,3358545.0,NaN,Android,118.79.xx.xx (HCM),F,2019-02-28,1980-01-14,0,2019-03-06,BRANCH,0,SMART_OTP,Working,3358545.0,1,3358545.0,1,3358545.0,1,3358545.0,1,3358545.0,1,3358545.0,1,17100.028,27167119.888888888,9,30.875,0,6525.0,LOGIN,0.026315782548478276,38.0,0.30978690674982706,-0.9402378639468809
31754,-0.6112566068489068,Payment,Credit_card_repayment,2019-12-21,Sat,13,1,13273836.0,NaN,Android,41.164.xx.xx (HCM),F,2019-02-28,1980-01-14,0,2019-03-06,BRANCH,0,SMART_OTP,Working,13273836.0,1,13273836.0,1,13273836.0,1,13273836.0,1,13273836.0,1,16632381.0,2,17100.028,27167119.888888888,9,18.166666666666668,0,6961.0,LOGIN,0.024390237953600496,41.0,0.30978690674982706,-0.9402378639468809
31826,-0.5879264469588974,Transfer,Outside_bank,2019-10-14,Mon,9,2,500000000.0,918809,iOS,204.69.xx.xx (HCM),M,2019-09-12,1967-12-10,0,2019-09-12,BRANCH,1,SMART_OTP,Working,500000000.0,1,500000000.0,1,500000000.0,1,500000000.0,1,500000000.0,1,500000000.0,1,734093.28,500000000.0,1,32.375,1,768.0,LOGIN,0.0,8.0,0.0,-0.719674906221659
31946,-0.5854832311663879,Topup,eWallet,2019-09-08,Sun,13,3,180000.0,NaN,Android,85.114.xx.xx (NA),F,2019-05-14,1974-01-01,0,2019-05-14,BRANCH,1,SMS,Working,180000.0,1,180000.0,1,180000.0,1,180000.0,1,180000.0,1,180000.0,1,236765.12625,190000.0,2,117.54166666666667,0,999.0,UNKNOWN,0.0,0.0,0.0,0.0
32076,-0.5943284530853454,Topup,eWallet,2019-10-10,Thu,0,2,109000.0,NaN,Android,14.198.xx.xx (HCM),F,2019-09-11,1997-11-17,0,2019-10-01,MYbank,1,SMART_OTP,Commercial associate,109000.0,1,109000.0,1,2628000.0,3,2628000.0,3,4659000.0,8,4659000.0,8,2164230.2866666666,652673.0769230769,26,0.3333333333333333,1,132.0,LOGIN,0.3684209556786958,38.0,0.2426920570033166,-1.1066355611287968
32127,-0.642943526045527,Payment,Credit_card_repayment,2019-10-02,Wed,19,1,13373685.0,NaN,iOS,48.211.xx.xx (BD),M,2019-04-10,1976-10-29,0,2019-04-13,MYbank,0,SMART_OTP,Working,13373685.0,1,13373685.0,1,13373685.0,1,13373685.0,1,13373685.0,1,13373685.0,1,2471943.5025,11245466.75,4,172.79166666666666,0,4134.0,LOGIN_FACEID,0.44525545820235557,274.0,0.0,-1.0468865138847525
32127,-0.6238487368143047,Payment,Credit_card_repayment,2019-11-02,Sat,16,1,24409067.0,NaN,iOS,149.48.xx.xx (BD),M,2019-04-10,1976-10-29,0,2019-04-13,MYbank,0,SMART_OTP,Working,24409067.0,1,24409067.0,1,24409067.0,1,24409067.0,1,24409067.0,1,24409067.0,1,2471943.5025,11245466.75,4,30.875,0,4875.0,LOGIN,0.45747799244932574,341.0,0.0,-1.0468865138847525
32127,-0.619647109470109,Payment,Credit_card_repayment,2019-12-04,Wed,6,1,6955210.0,NaN,iOS,46.39.xx.xx (BD),M,2019-04-10,1976-10-29,0,2019-04-13,MYbank,0,SMART_OTP,Working,6955210.0,1,6955210.0,1,6955210.0,1,6955210.0,1,6955210.0,1,6955210.0,1,2471943.5025,11245466.75,4,31.583333333333332,0,5633.0,LOGIN,0.45789472479224413,380.0,0.0,-1.0468865138847525
32146,-0.573012246160225,Transfer,Outside_bank,2019-10-26,Sat,0,1,10000000.0,483817,iOS,203.9.xx.xx (HCM),M,2019-04-19,1990-06-20,0,2019-04-19,BRANCH,1,SMS,State servant,10000000.0,1,10000000.0,1,40000000.0,2,90000000.0,3,220184500.0,11,220184500.0,11,32250711.898888886,12407351.50909091,55,0.625,2,4550.0,LOGIN,0.0,51.0,0.08474743039843906,-1.700358681815425
32185,-0.6131602634125193,Payment,Credit_card_repayment,2019-12-26,Thu,13,1,5102452.0,NaN,iOS,39.29.xx.xx (HN),M,2019-01-23,1986-04-07,0,2019-11-11,AUTO-JOB,1,SMART_OTP,Businessman,5102452.0,1,5102452.0,1,5102452.0,1,5102452.0,1,5102452.0,1,5102452.0,1,1016384.1150000001,5102452.0,1,45.541666666666664,0,1075.0,LOGIN_FACEID,0.4687498535156707,32.0,0.0,-1.2622877792334237
32200,-0.628098347379081,Payment,Credit_card_repayment,2019-06-04,Tue,16,1,16000000.0,NaN,iOS,225.54.xx.xx (HCM),F,2019-04-18,1997-12-23,1,2019-04-18,BRANCH,1,SMART_OTP,State servant,16000000.0,1,16000000.0,1,16000000.0,1,16000000.0,1,16000000.0,1,16000000.0,1,437488.94666666666,4966284.159090909,44,47.666666666666664,0,1131.0,LOGIN_FINGER,0.3749998828125366,32.0,0.16477148709399134,-1.1588966951242137
32200,-0.595291630625246,Payment,Credit_card_repayment,2019-07-17,Wed,10,1,17994774.0,NaN,iOS,143.37.xx.xx (HCM),F,2019-04-18,1997-12-23,1,2019-04-18,BRANCH,1,SMART_OTP,State servant,17994774.0,1,17994774.0,1,17994774.0,1,17994774.0,1,17994774.0,1,18154774.0,3,437488.94666666666,4966284.159090909,44,12.958333333333334,0,2157.0,LOGIN_FINGER,0.40909081611572357,44.0,0.16477148709399134,-1.1588966951242137
32200,-0.6381019540179951,Payment,Credit_card_repayment,2019-09-04,Wed,8,1,37028226.0,NaN,iOS,207.209.xx.xx (HCM),F,2019-04-18,1997-12-23,1,2019-04-18,BRANCH,1,SMART_OTP,State servant,37028226.0,1,37028226.0,1,37028226.0,1,37028226.0,1,37028226.0,1,37038226.0,2,437488.94666666666,4966284.159090909,44,17.625,0,3331.0,LOGIN,0.4246574760743183,73.0,0.16477148709399134,-1.1588966951242137
32200,-0.6304081512537562,Payment,Credit_card_repayment,2019-10-18,Fri,16,2,40610200.0,NaN,Web,21.239.xx.xx (BD),F,2019-04-18,1997-12-23,1,2019-04-18,BRANCH,1,SMART_OTP,State servant,40610200.0,1,40610200.0,1,40610200.0,1,40610200.0,1,42510200.0,3,58010200.0,5,437488.94666666666,4966284.159090909,44,3.2083333333333335,0,4395.0,LOGIN_FINGER,0.43518514489026433,108.0,0.16477148709399134,-1.1588966951242137
32430,-0.5706316450828841,Transfer,Within_bank,2019-10-12,Sat,15,1,20000000.0,477109,iOS,246.39.xx.xx (HP),F,2019-06-27,1958-06-10,0,2019-06-27,BRANCH,0,SMART_OTP,Pensioner,20000000.0,1,20000000.0,1,20000000.0,1,20000000.0,1,20000000.0,1,20000000.0,1,11835299.295714287,22500000.0,2,107.625,1,1679.0,LOGIN,0.0,19.0,0.0,-0.8466499156255857
32443,-0.5675484249387748,Transfer,Outside_bank,2019-08-27,Tue,0,1,10000000.0,712611,iOS,98.251.xx.xx (HN),F,2019-01-04,1976-03-17,0,2019-04-16,BRANCH,1,SMS,Working,10000000.0,1,10000000.0,1,10000000.0,1,10000000.0,1,13740000.0,2,13740000.0,2,10471031.215,7577826.0869565215,23,4.541666666666667,1,3132.0,LOGIN,0.0,41.0,0.29125968628178384,-1.0076106650372936
32534,-0.5777664969761414,Transfer,Outside_bank,2019-07-24,Wed,11,1,209900000.0,893473,Android,7.179.xx.xx (TH),M,2019-07-09,1948-08-03,0,2019-07-09,BRANCH,0,SMART_OTP,Pensioner,209900000.0,1,209900000.0,1,209900000.0,1,209900000.0,1,209900000.0,1,209900000.0,1,8910241.043333333,20054545.454545453,11,15.458333333333334,1,999.0,LOGIN,0.0,9.0,0.8184522324661088,-0.9797501642056173
32545,-0.5761573746877447,Transfer,Outside_bank,2019-12-17,Tue,15,1,49500000.0,917112,iOS,198.207.xx.xx (HN),M,2019-08-16,1992-07-22,0,2019-08-16,BRANCH,1,SMART_OTP,Unemployed,49500000.0,1,49500000.0,1,49500000.0,1,49500000.0,1,49500000.0,1,54768353.0,7,616246.054,4507822.904761905,21,13.75,1,2685.0,LOGIN,0.0,72.0,0.21249786992958788,-1.2020879062512444
32571,-0.5909800735949194,Transfer,Outside_bank,2019-11-21,Thu,12,1,10000000.0,795284,iOS,16.235.xx.xx (HN),M,2019-08-12,1983-04-24,0,2019-08-12,BRANCH,1,SMART_OTP,Commercial associate,10000000.0,1,10000000.0,1,10000000.0,1,10000000.0,1,10000000.0,1,10000000.0,1,14403667.741999999,76847318.18181819,22,101.5,1,0.0,LOGIN,0.41379296076104805,29.0,0.1737464095071356,-1.3699334736752296
32571,-0.5700655733178639,Transfer,Outside_bank,2019-12-20,Fri,14,3,900000000.0,605247,iOS,204.246.xx.xx (HN),M,2019-08-12,1983-04-24,0,2019-08-12,BRANCH,1,SMART_OTP,Commercial associate,900000000.0,1,900000000.0,1,915000000.0,2,970000000.0,4,970000000.0,4,1287450000.0,11,14403667.741999999,76847318.18181819,22,0.16666666666666666,2,30.0,LOGIN,0.399999920000016,50.0,0.1737464095071356,-1.3699334736752296
32698,-0.6227545576771102,Transfer,Within_bank,2019-07-19,Fri,3,1,50000.0,212880,iOS,125.41.xx.xx (HN),F,2019-04-18,1984-06-20,0,2019-04-18,BRANCH,1,SMART_OTP,Working,50000.0,1,50000.0,1,50000.0,1,50000.0,1,50000.0,1,50000.0,1,1002326.425,50000.0,2,68.33333333333333,1,0.0,LOGIN,0.0,7.0,0.0,-1.193974133152552
32883,-0.5857125268820776,Payment,Utilities_payment,2019-11-26,Tue,10,1,756743.0,NaN,iOS,136.125.xx.xx (HN),M,2019-09-05,1955-03-08,0,2019-09-05,BRANCH,1,SMART_OTP,Pensioner,756743.0,1,756743.0,1,756743.0,1,756743.0,1,756743.0,1,756743.0,1,7515716.865,719662.0,2,82.41666666666667,0,1968.0,LOGIN,0.0,21.0,0.0,-0.8555099522061114
32906,-0.5742324399952032,Transfer,Outside_bank,2019-08-12,Mon,9,3,81608000.0,877454,iOS,227.182.xx.xx (DN),F,2019-07-19,1978-09-13,0,2019-07-19,BRANCH,1,SMART_OTP,Working,81608000.0,1,81608000.0,1,81608000.0,1,81608000.0,1,81608000.0,1,81608000.0,1,22065815.23,8545896.285714285,35,24.375,1,570.0,LOGIN,0.4285708163274053,7.0,0.07747829847993072,-1.4035440884991854
33013,-0.5945013717883124,Transfer,Within_bank,2019-12-04,Wed,1,1,500000.0,126928,iOS,247.163.xx.xx (DN),F,2019-06-14,1987-08-15,0,2019-11-26,BRANCH,1,SMART_OTP,Working,500000.0,1,1500000.0,2,1500000.0,2,2200000.0,5,5120000.0,13,5120000.0,13,1293962.5342857144,419421.05263157893,19,0.08333333333333333,2,176.0,LOGIN_FINGER,0.4722220910494191,36.0,0.35260950220148746,-1.1859462955948292
33013,-0.570156883982741,Transfer,Within_bank,2019-12-04,Wed,2,1,600000.0,315598,iOS,229.202.xx.xx (DN),F,2019-06-14,1987-08-15,0,2019-11-26,BRANCH,1,SMART_OTP,Working,1600000.0,2,3100000.0,4,3100000.0,4,3800000.0,7,6720000.0,15,6720000.0,15,1293962.5342857144,419421.05263157893,19,0.041666666666666664,3,177.0,LOGIN,0.4864863550036878,37.0,0.35260950220148746,-1.1859462955948292
33013,-0.5783351349075802,Transfer,Outside_bank,2019-12-04,Wed,2,1,1000000.0,879329,iOS,52.228.xx.xx (DN),F,2019-06-14,1987-08-15,0,2019-11-26,BRANCH,1,SMART_OTP,Working,1600000.0,2,3100000.0,4,3100000.0,4,3800000.0,7,6720000.0,15,6720000.0,15,1293962.5342857144,419421.05263157893,19,0.0,4,177.0,LOGIN,0.4864863550036878,37.0,0.35260950220148746,-1.1859462955948292
33034,-0.6004045092700958,Payment,Credit_card_repayment,2019-09-11,Wed,17,2,933588.0,NaN,Android,89.210.xx.xx (HN),F,2019-07-19,1983-10-15,0,2019-07-24,BRANCH,1,SMART_OTP,State servant,933588.0,1,933588.0,1,933588.0,1,933588.0,1,933588.0,1,933588.0,1,4150634.966666667,1447100.0,4,49.708333333333336,0,623.0,LOGIN,0.45454531680444943,33.0,0.0,-1.045067567545325
33034,-0.5666463903735853,Payment,Credit_card_repayment,2019-10-05,Sat,13,1,269136.0,NaN,Android,206.128.xx.xx (HN),F,2019-07-19,1983-10-15,0,2019-07-24,BRANCH,1,SMART_OTP,State servant,269136.0,1,269136.0,1,269136.0,1,269136.0,1,269136.0,1,1202724.0,2,4150634.966666667,1447100.0,4,23.833333333333332,0,1195.0,LOGIN,0.45833323784724206,48.0,0.0,-1.045067567545325
33039,-0.5693528527317534,Payment,Credit_card_repayment,2019-09-21,Sat,10,1,33530000.0,NaN,Android,251.121.xx.xx (HCM),M,2019-04-24,1987-10-21,1,2019-04-24,BRANCH,1,SMART_OTP,State servant,33530000.0,1,33530000.0,1,33530000.0,1,33530000.0,1,33680000.0,2,265284250.0,16,115738355.6075,19405512.524390243,82,6.916666666666667,0,2901.0,LOGIN,0.39795914306539354,98.0,0.07919195690358088,-1.3584297482699719
33039,-0.5719251494574843,Transfer,Outside_bank,2019-09-26,Thu,0,1,40455617.0,284000,Android,185.230.xx.xx (HCM),M,2019-04-24,1987-10-21,1,2019-04-24,BRANCH,1,SMART_OTP,State servant,139455617.0,2,139455617.0,2,139466617.0,3,139466617.0,3,172996617.0,4,363446617.0,16,115738355.6075,19405512.524390243,82,0.041666666666666664,3,3011.0,LOGIN_FACEID,0.39814811128258226,108.0,0.07919195690358088,-1.3584297482699719
33039,-0.5951197126117277,Transfer,Outside_bank,2019-12-25,Wed,10,2,208464176.0,194697,Android,188.82.xx.xx (HCM),M,2019-04-24,1987-10-21,1,2019-04-24,BRANCH,1,SMART_OTP,State servant,208464176.0,1,208464176.0,1,208464176.0,1,208464176.0,1,208764176.0,2,289154444.0,16,115738355.6075,19405512.524390243,82,6.458333333333333,1,5181.0,LOGIN,0.452702687408693,296.0,0.07919195690358088,-1.3584297482699719
33055,-0.5675974653618453,Transfer,Within_bank,2019-11-26,Tue,13,1,5000000.0,543041,Android,118.152.xx.xx (DN),M,2019-07-23,1981-01-28,0,2019-08-20,BRANCH,1,SMS,Working,5000000.0,1,5000000.0,1,5000000.0,1,5000000.0,1,5000000.0,1,5000000.0,1,4624928.295,5000000.0,1,98.54166666666667,1,2335.0,LOGIN,0.0,10.0,0.0,-0.8627955387166962
33071,-0.6327897712950951,Payment,Credit_card_repayment,2019-11-01,Fri,9,1,13300000.0,NaN,Android,18.169.xx.xx (HN),F,2019-05-13,1977-02-18,0,2019-05-13,BRANCH,0,SMART_OTP,Working,13300000.0,1,13300000.0,1,13300000.0,1,13300000.0,1,13300000.0,1,13300000.0,1,862987.09625,7500000.0,2,172.375,0,4121.0,LOGIN,0.0,22.0,0.0,-0.7666788944152684
33147,-0.6063834273267581,Payment,Credit_card_repayment,2019-12-02,Mon,14,1,10000000.0,NaN,Android,113.112.xx.xx (HCM),M,2019-02-20,1989-01-15,0,2019-10-12,AUTO-JOB,1,SMART_OTP,Commercial associate,10000000.0,1,10000000.0,1,10000000.0,1,10000000.0,1,10000000.0,1,10000000.0,1,1929221.630909091,10000000.0,1,51.583333333333336,0,1223.0,LOGIN,0.0,9.0,0.0,-0.8134617353572169
33159,-0.5726772092135194,Payment,QR_payment,2019-12-10,Tue,13,1,295000.0,NaN,Android,40.130.xx.xx (DN),M,2019-09-27,2000-09-26,0,2019-09-28,BRANCH,0,SMS,Working,295000.0,1,295000.0,1,295000.0,1,295000.0,1,295000.0,1,295000.0,1,96370.0275,246500.0,2,73.54166666666667,0,1486.0,LOGIN,0.021052629362881117,95.0,0.0,-0.9744215787029864
33178,-0.5793059534288336,Payment,Credit_card_repayment,2019-09-19,Thu,11,1,28200000.0,NaN,Android,176.229.xx.xx (DN),M,2019-09-16,1985-02-09,0,2019-09-16,BRANCH,1,SMART_OTP,Working,28200000.0,1,28200000.0,1,28200000.0,1,28200000.0,1,28200000.0,1,28200000.0,1,207222.58000000002,79302500.0,12,3.4583333333333335,0,72.0,LOGIN,0.0,3.0,0.6273576996816018,-0.9414474640165897
33178,-0.6204862770970423,Payment,Credit_card_repayment,2019-09-19,Thu,14,3,260930000.0,NaN,Android,110.94.xx.xx (DN),M,2019-09-16,1985-02-09,0,2019-09-16,BRANCH,1,SMART_OTP,Working,260930000.0,1,299130000.0,3,299130000.0,3,299130000.0,3,299130000.0,3,299130000.0,3,207222.58000000002,79302500.0,12,0.08333333333333333,1,75.0,LOGIN,0.0,6.0,0.6273576996816018,-0.9414474640165897
33178,-0.6034819636120402,Payment,Credit_card_repayment,2019-09-25,Wed,11,1,41000000.0,NaN,Android,42.177.xx.xx (DN),M,2019-09-16,1985-02-09,0,2019-09-16,BRANCH,1,SMART_OTP,Working,41000000.0,1,41000000.0,1,41000000.0,1,41000000.0,1,340130000.0,4,340130000.0,4,207222.58000000002,79302500.0,12,5.875,0,216.0,LOGIN,0.0,8.0,0.6273576996816018,-0.9414474640165897
33178,-0.5757041935572426,Payment,Credit_card_repayment,2019-10-01,Tue,14,1,50500000.0,NaN,Android,115.150.xx.xx (DN),M,2019-09-16,1985-02-09,0,2019-09-16,BRANCH,1,SMART_OTP,Working,50500000.0,1,50500000.0,1,50500000.0,1,50500000.0,1,91500000.0,2,390630000.0,5,207222.58000000002,79302500.0,12,6.125,0,363.0,LOGIN,0.0,10.0,0.6273576996816018,-0.9414474640165897
33178,-0.6125785156898429,Payment,Credit_card_repayment,2019-10-23,Wed,11,2,89000000.0,NaN,Android,216.229.xx.xx (DN),M,2019-09-16,1985-02-09,0,2019-09-16,BRANCH,1,SMART_OTP,Working,89000000.0,1,89000000.0,1,89000000.0,1,89000000.0,1,89000000.0,1,180500000.0,3,207222.58000000002,79302500.0,12,21.875,0,888.0,LOGIN,0.0,11.0,0.6273576996816018,-0.9414474640165897
33178,-0.5786188339742171,Payment,Credit_card_repayment,2019-11-02,Sat,12,1,50500000.0,NaN,Android,163.227.xx.xx (DN),M,2019-09-16,1985-02-09,0,2019-09-16,BRANCH,1,SMART_OTP,Working,50500000.0,1,50500000.0,1,50500000.0,1,50500000.0,1,50500000.0,1,139500000.0,2,207222.58000000002,79302500.0,12,10.041666666666666,0,1129.0,LOGIN,0.0,14.0,0.6273576996816018,-0.9414474640165897
33178,-0.588037203114879,Payment,Credit_card_repayment,2019-11-15,Fri,10,2,90000000.0,NaN,Android,151.166.xx.xx (DN),M,2019-09-16,1985-02-09,0,2019-09-16,BRANCH,1,SMART_OTP,Working,90000000.0,1,90000000.0,1,90000000.0,1,90000000.0,1,90000000.0,1,229500000.0,3,207222.58000000002,79302500.0,12,12.916666666666666,0,1439.0,LOGIN,0.0,15.0,0.6273576996816018,-0.9414474640165897
33178,-0.6398363673131905,Payment,Credit_card_repayment,2019-12-23,Mon,11,3,249000000.0,NaN,Android,114.43.xx.xx (HCM),M,2019-09-16,1985-02-09,0,2019-09-16,BRANCH,1,SMART_OTP,Working,249000000.0,1,249000000.0,1,249000000.0,1,249000000.0,1,249000000.0,1,249000000.0,1,207222.58000000002,79302500.0,12,38.041666666666664,0,2352.0,LOGIN,0.0,16.0,0.6273576996816018,-0.9414474640165897
33178,-0.5854700572471957,Payment,Credit_card_repayment,2019-12-25,Wed,15,1,24000000.0,NaN,Android,135.241.xx.xx (DN),M,2019-09-16,1985-02-09,0,2019-09-16,BRANCH,1,SMART_OTP,Working,24000000.0,1,24000000.0,1,24000000.0,1,32000000.0,2,281000000.0,3,281000000.0,3,207222.58000000002,79302500.0,12,1.1666666666666667,0,2404.0,LOGIN,0.0,18.0,0.6273576996816018,-0.9414474640165897
33178,-0.5980706848818458,Payment,Credit_card_repayment,2019-12-30,Mon,10,1,50500000.0,NaN,Android,20.130.xx.xx (DN),M,2019-09-16,1985-02-09,0,2019-09-16,BRANCH,1,SMART_OTP,Working,50500000.0,1,50500000.0,1,50500000.0,1,50500000.0,1,331500000.0,4,331500000.0,4,207222.58000000002,79302500.0,12,4.791666666666667,0,2519.0,LOGIN,0.0,19.0,0.6273576996816018,-0.9414474640165897
33280,-0.6340848330536071,Payment,Credit_card_repayment,2019-07-19,Fri,14,1,6273800.0,NaN,iOS,243.92.xx.xx (HCM),M,2019-06-18,1989-04-27,0,2019-06-18,AUTO-JOB,1,SMART_OTP,Businessman,6273800.0,1,6273800.0,1,6273800.0,1,6273800.0,1,6273800.0,1,6273800.0,1,231135.39666666664,9224053.166666666,6,31.583333333333332,0,0.0,LOGIN,0.3999996000004,10.0,0.613816167558993,-1.1278485614419085
33280,-0.6283898137956567,Payment,Credit_card_repayment,2019-09-16,Mon,9,1,4881534.0,NaN,iOS,225.149.xx.xx (BD),M,2019-06-18,1989-04-27,0,2019-06-18,AUTO-JOB,1,SMART_OTP,Businessman,4881534.0,1,4881534.0,1,4881534.0,1,4881534.0,1,4881534.0,1,4881534.0,1,231135.39666666664,9224053.166666666,6,58.708333333333336,0,45.0,LOGIN,0.4571427265306495,35.0,0.613816167558993,-1.1278485614419085
33280,-0.6178304186978287,Payment,Credit_card_repayment,2019-10-19,Sat,10,1,5228167.0,NaN,iOS,10.139.xx.xx (HCM),M,2019-06-18,1989-04-27,0,2019-06-18,AUTO-JOB,1,SMART_OTP,Businessman,5228167.0,1,5228167.0,1,5228167.0,1,5228167.0,1,5228167.0,1,5228167.0,1,231135.39666666664,9224053.166666666,6,33.041666666666664,0,87.0,LOGIN,0.46511617090321605,43.0,0.613816167558993,-1.1278485614419085
33280,-0.6046066263439102,Payment,Credit_card_repayment,2019-11-18,Mon,13,1,5028167.0,NaN,iOS,175.18.xx.xx (HCM),M,2019-06-18,1989-04-27,0,2019-06-18,AUTO-JOB,1,SMART_OTP,Businessman,5028167.0,1,5028167.0,1,5028167.0,1,5028167.0,1,5028167.0,1,5028167.0,1,231135.39666666664,9224053.166666666,6,30.125,0,810.0,LOGIN,0.40816318200751384,49.0,0.613816167558993,-1.1278485614419085
33280,-0.6091578306377502,Payment,Credit_card_repayment,2019-12-17,Tue,13,1,10232651.0,NaN,iOS,90.142.xx.xx (HCM),M,2019-06-18,1989-04-27,0,2019-06-18,AUTO-JOB,1,SMART_OTP,Businessman,10232651.0,1,10232651.0,1,10232651.0,1,10232651.0,1,10232651.0,1,15260818.0,2,231135.39666666664,9224053.166666666,6,29.0,0,1506.0,LOGIN,0.37735841936633596,53.0,0.613816167558993,-1.1278485614419085
33289,-0.5834584067908354,Transfer,Outside_bank,2019-07-26,Fri,19,1,200000000.0,430586,Android,50.173.xx.xx (HN),M,2019-05-25,1976-11-28,0,2019-05-25,BRANCH,0,SMS,Commercial associate,200000000.0,1,200000000.0,1,200000000.0,1,200000000.0,1,200000000.0,1,200000000.0,1,11111288.9225,140716666.66666666,6,62.791666666666664,1,1438.0,LOGIN,0.47619036281181837,42.0,0.7712206031455062,-1.1144511867408102
33289,-0.6213296784211656,Transfer,Outside_bank,2019-12-17,Tue,16,1,103900000.0,647543,Android,221.55.xx.xx (HN),M,2019-05-25,1976-11-28,0,2019-05-25,BRANCH,0,SMS,Commercial associate,103900000.0,1,103900000.0,1,103900000.0,1,103900000.0,1,103900000.0,1,103900000.0,1,11111288.9225,140716666.66666666,6,134.08333333333334,1,4891.0,LOGIN_FINGER,0.48484843587389537,99.0,0.7712206031455062,-1.1144511867408102
33330,-0.566857739286527,Topup,eWallet,2019-06-05,Wed,11,1,1000000.0,NaN,Web,91.209.xx.xx (BD),M,2019-04-20,1975-04-20,0,2019-04-22,BRANCH,1,SMART_OTP,Commercial associate,1000000.0,1,1000000.0,1,1000000.0,1,1000000.0,1,1000000.0,1,1000000.0,1,12668433.972222222,1054684.5555555555,9,44.458333333333336,0,1050.0,LOGIN,0.0,18.0,0.8887034732594766,-0.8768289296102219
33330,-0.5837590024352413,Topup,eWallet,2019-08-20,Tue,10,1,500000.0,NaN,iOS,91.152.xx.xx (HN),M,2019-04-20,1975-04-20,0,2019-04-22,BRANCH,1,SMART_OTP,Commercial associate,2000000.0,2,2000000.0,2,2000000.0,2,2000000.0,2,2000000.0,2,2000000.0,2,12668433.972222222,1054684.5555555555,9,64.875,0,2873.0,LOGIN,0.0,30.0,0.8887034732594766,-0.8768289296102219
33381,-0.6038454827248829,Transfer,Outside_bank,2019-08-12,Mon,8,1,1000000.0,403776,iOS,121.61.xx.xx (HN),F,2019-01-17,1973-11-30,0,2019-01-31,BRANCH,1,SMART_OTP,Businessman,1000000.0,1,1000000.0,1,1000000.0,1,1000000.0,1,1000000.0,1,1000000.0,1,11465220.520000001,14645000.0,20,193.33333333333334,1,4629.0,LOGIN,0.0,90.0,0.7610091403535366,-0.6790144670831558
33381,-0.60412351284125,Transfer,Outside_bank,2019-11-05,Tue,14,1,150000000.0,495379,iOS,208.12.xx.xx (HN),F,2019-01-17,1973-11-30,0,2019-01-31,BRANCH,1,SMART_OTP,Businessman,150000000.0,1,150000000.0,1,150000000.0,1,166800000.0,2,166800000.0,2,173800000.0,5,11465220.520000001,14645000.0,20,1.1666666666666667,1,6675.0,LOGIN,0.0,135.0,0.7610091403535366,-0.6790144670831558
33442,-0.5964261594013386,Payment,Utilities_payment,2019-12-11,Wed,9,1,338307.0,NaN,iOS,45.52.xx.xx (DN),F,2019-07-11,1974-03-26,0,2019-09-10,MYbank,1,SMART_OTP,Working,338307.0,1,338307.0,1,338307.0,1,338307.0,1,338307.0,1,338307.0,1,6817306.814,338307.0,1,92.375,0,2194.0,LOGIN_FINGER,0.4838708116545769,31.0,0.0,-1.1483218187223059
33485,-0.6411979274242712,Transfer,Outside_bank,2019-11-02,Sat,0,1,25500000.0,22836,iOS,56.149.xx.xx (HCM),M,2019-10-15,1983-02-05,0,2019-10-15,BRANCH,0,SMART_OTP,Businessman,25500000.0,1,25500000.0,1,61096000.0,3,64796000.0,5,83062000.0,13,103237000.0,17,127338235.24333334,3068382.675324675,77,0.4166666666666667,3,82.0,LOGIN,0.4807691383136272,52.0,0.07692844087309947,-1.2619655477876435
33485,-0.5795697775453688,Topup,eWallet,2019-11-28,Thu,1,1,50000.0,NaN,iOS,178.167.xx.xx (HCM),M,2019-10-15,1983-02-05,0,2019-10-15,BRANCH,0,SMART_OTP,Businessman,50000.0,1,50000.0,1,2112500.0,4,2809170.0,6,30305206.0,13,164998206.0,43,127338235.24333334,3068382.675324675,77,0.16666666666666666,2,707.0,LOGIN_FINGER,0.48936166742115833,141.0,0.07692844087309947,-1.2619655477876435
33597,-0.5751599714827863,Payment,Credit_card_repayment,2019-11-08,Fri,17,1,1300000.0,NaN,Android,32.111.xx.xx (HN),M,2019-10-23,1993-06-27,0,2019-10-23,BRANCH,1,SMART_OTP,State servant,1300000.0,1,1300000.0,1,1300000.0,1,1300000.0,1,1300000.0,1,1300000.0,1,4903028.045,3645624.0,2,16.708333333333332,0,384.0,LOGIN_FACEID,0.4166663194447338,12.0,0.0,-1.645992667926099
33597,-0.5666224586963943,Payment,Credit_card_repayment,2019-11-22,Fri,15,1,5991248.0,NaN,Android,216.47.xx.xx (HN),M,2019-10-23,1993-06-27,0,2019-10-23,BRANCH,1,SMART_OTP,State servant,5991248.0,1,5991248.0,1,5991248.0,1,5991248.0,1,5991248.0,1,7291248.0,2,4903028.045,3645624.0,2,13.916666666666666,0,718.0,LOGIN,0.4736839612189678,19.0,0.0,-1.645992667926099
33658,-0.5834885224569493,Topup,eWallet,2019-05-27,Mon,5,1,33000.0,NaN,Android,25.115.xx.xx (TH),M,2019-04-23,1980-03-29,0,2019-04-23,BRANCH,1,SMART_OTP,Working,33000.0,1,33000.0,1,33000.0,1,33000.0,1,33000.0,1,33000.0,1,218791.65222222224,788265.7386363636,88,34.208333333333336,0,999.0,LOGIN,0.0,0.0,0.1300190393599959,-1.217155218645383
33658,-0.5773064921874607,Transfer,Within_bank,2019-05-31,Fri,2,1,1980000.0,977006,Android,194.52.xx.xx (TH),M,2019-04-23,1980-03-29,0,2019-04-23,BRANCH,1,SMART_OTP,Working,1980000.0,1,1980000.0,1,1980000.0,1,2311000.0,3,6261000.0,6,6261000.0,6,218791.65222222224,788265.7386363636,88,1.2916666666666667,1,38.0,LOGIN,0.0,7.0,0.1300190393599959,-1.217155218645383
33676,-0.5649784463182539,Transfer,Outside_bank,2019-12-17,Tue,1,3,1350000.0,639305,iOS,26.114.xx.xx (NA),M,2019-10-22,1989-04-04,0,2019-10-23,BRANCH,1,SMART_OTP,State servant,1350000.0,1,1350000.0,1,1350000.0,1,1350000.0,1,1400000.0,2,6536001.0,12,1058665.15,544666.75,12,6.333333333333333,1,1306.0,LOGIN,0.3888888168724413,54.0,0.8476959044583539,-1.1309796791923683
33736,-0.5771830796442887,Transfer,Outside_bank,2019-12-02,Mon,16,1,70000.0,684500,iOS,164.2.xx.xx (HCM),F,2019-05-07,1991-06-28,0,2019-05-08,BRANCH,0,SMART_OTP,Working,70000.0,1,70000.0,1,70000.0,1,70000.0,1,70000.0,1,70000.0,1,555431.47,70000.0,1,208.66666666666666,1,5.0,LOGIN,0.0,106.0,0.0,-0.7683478866319807
33820,-0.5786371639289796,Topup,eWallet,2019-12-11,Wed,1,1,150000.0,NaN,iOS,57.251.xx.xx (DN),F,2019-03-19,1994-05-16,0,2019-03-29,BRANCH,1,SMART_OTP,State servant,150000.0,1,150000.0,1,700000.0,3,700000.0,3,700000.0,3,774000.0,6,1099387.107,731272.7272727273,22,0.3333333333333333,1,6149.0,LOGIN,0.0,19.0,0.45143695219959595,-1.1230495981387836
33827,-0.6110731225210829,Payment,Credit_card_repayment,2019-08-07,Wed,16,1,699000.0,NaN,iOS,103.17.xx.xx (HN),F,2019-03-08,1992-11-23,0,2019-03-11,BRANCH,1,SMART_OTP,Working,699000.0,1,699000.0,1,699000.0,1,699000.0,1,699000.0,1,699000.0,1,267550.94700000004,1456251.0,4,134.75,0,3579.0,LOGIN,0.0,12.0,0.0,-0.8171331708105386
33850,-0.5781347553455434,Transfer,Within_bank,2019-10-10,Thu,0,1,81000.0,820746,iOS,65.165.xx.xx (HN),F,2019-06-01,1999-12-03,0,2019-06-01,BRANCH,0,SMART_OTP,Working,81000.0,1,81000.0,1,81000.0,1,81000.0,1,2881000.0,3,3881000.0,4,3593221.197142857,638100.0,10,2.4583333333333335,1,3039.0,LOGIN,0.0,42.0,0.78536814497115,-1.575319775764826
33873,-0.5659527651950529,Topup,Mobile,2019-12-09,Mon,8,1,100000.0,NaN,iOS,216.54.xx.xx (HN),M,2019-01-23,1990-08-12,0,2019-01-24,BRANCH,1,SMART_OTP,Commercial associate,100000.0,1,100000.0,1,100000.0,1,100000.0,1,100000.0,1,100000.0,1,1494724.559090909,942777.7777777778,18,30.791666666666668,0,7479.0,LOGIN,0.0,29.0,0.5928674134961242,-1.8017813166062868
33892,-0.5890804111248874,Transfer,Outside_bank,2019-10-21,Mon,12,1,10000000.0,893299,iOS,15.66.xx.xx (HN),F,2019-01-28,1989-07-16,0,2019-01-28,BRANCH,1,SMS,Working,10000000.0,1,10000000.0,1,10000000.0,1,10000000.0,1,10000000.0,1,10000000.0,1,5264982.31,1472366.6666666667,30,153.04166666666666,1,4295.0,LOGIN,0.0,55.0,0.3582363768442398,-0.988428810388522
33913,-0.6058423921220069,Transfer,Outside_bank,2019-11-14,Thu,11,1,29970800.0,681417,Android,70.91.xx.xx (HN),F,2019-02-22,1985-10-12,0,2019-02-23,BRANCH,0,SMART_OTP,Working,29970800.0,1,29970800.0,1,29970800.0,1,29970800.0,1,29970800.0,1,29970800.0,1,4875942.1,8793150.2,15,264.4583333333333,1,72.0,LOGIN_FINGER,0.27272714876038695,22.0,0.572757652386588,-1.2465642610173857
33941,-0.6552109660281327,Payment,Credit_card_repayment,2019-02-22,Fri,10,1,15300000.0,NaN,iOS,172.160.xx.xx (CT),M,2019-01-09,1976-01-16,0,2019-01-09,BRANCH,0,SMART_OTP,Working,15300000.0,1,15300000.0,1,15300000.0,1,15300000.0,1,15300000.0,1,15300000.0,1,0.0,6703333.333333333,3,44.416666666666664,0,220.0,LOGIN,0.0,17.0,0.0,-1.1581627942726376
33941,-0.6196819633588699,Payment,Credit_card_repayment,2019-02-28,Thu,6,1,3000000.0,NaN,iOS,10.97.xx.xx (CT),M,2019-01-09,1976-01-16,0,2019-01-09,BRANCH,0,SMART_OTP,Working,3000000.0,1,3000000.0,1,3000000.0,1,3000000.0,1,18300000.0,2,18300000.0,2,0.0,6703333.333333333,3,5.833333333333333,0,360.0,LOGIN,0.0,21.0,0.0,-1.1581627942726376
33941,-0.6456895229572851,Transfer,Within_bank,2019-07-10,Wed,22,1,1810000.0,906937,iOS,147.144.xx.xx (CT),M,2019-01-09,1976-01-16,0,2019-01-09,BRANCH,0,SMART_OTP,Working,1810000.0,1,1810000.0,1,1810000.0,1,1810000.0,1,1810000.0,1,1810000.0,1,0.0,6703333.333333333,3,132.66666666666666,1,3544.0,LOGIN,0.0,49.0,0.0,-1.1581627942726376
33968,-0.5754789963373277,Transfer,Within_bank,2019-09-14,Sat,12,1,246400000.0,251070,iOS,157.173.xx.xx (TH),M,2019-05-29,1992-10-31,0,2019-05-29,BRANCH,1,SMS,Working,246400000.0,1,246400000.0,1,250000000.0,2,250000000.0,2,250030000.0,3,250140000.0,4,1415028.922857143,7798382.352941177,34,0.7916666666666666,2,2590.0,LOGIN_FINGER,0.40816318200751384,49.0,0.23551465505595737,-1.2015089407396764
34009,-0.5647570077978864,Transfer,Outside_bank,2019-10-10,Thu,15,1,1000000.0,689200,Android,244.166.xx.xx (HCM),M,2019-03-06,1997-07-28,0,2019-05-09,BRANCH,0,SMS,Businessman,1000000.0,1,1000000.0,1,1000000.0,1,1000000.0,1,1000000.0,1,1000000.0,1,3665401.687,3391400.0,15,143.16666666666666,1,76.0,LOGIN,0.41463404521120845,41.0,0.43846966610632376,-1.0869643731191165
34032,-0.5907514822683168,Transfer,Within_bank,2019-04-19,Fri,16,1,4000000.0,923551,Android,166.157.xx.xx (HP),M,2019-04-11,1958-01-14,0,2019-04-19,BRANCH,1,SMART_OTP,Pensioner,4000000.0,1,4000000.0,1,4000000.0,1,4000000.0,1,4000000.0,1,4000000.0,1,436275.94125,3500000.0,5,0.6666666666666666,1,0.0,LOGIN,0.0,0.0,1.4220729525815605,-1.9208866272680807
34032,-0.6035588836612513,Transfer,Within_bank,2019-07-17,Wed,22,1,4000000.0,709874,Android,179.101.xx.xx (HP),M,2019-04-11,1958-01-14,0,2019-04-19,BRANCH,1,SMART_OTP,Pensioner,4000000.0,1,4000000.0,1,4000000.0,1,4000000.0,1,4000000.0,1,4000000.0,1,436275.94125,3500000.0,5,39.125,1,2142.0,LOGIN,0.0,3.0,1.4220729525815605,-1.9208866272680807
34094,-0.6077838554991701,Topup,eWallet,2019-12-21,Sat,19,4,20000000.0,NaN,Android,189.119.xx.xx (HP),M,2019-05-07,1993-08-13,0,2019-05-07,BRANCH,1,SMART_OTP,Working,20000000.0,1,20000000.0,1,20310000.0,3,20310000.0,3,20460000.0,4,28530000.0,33,672357.5528571429,697045.1729323309,133,0.20833333333333334,1,75.0,LOGIN_FINGER,0.06227105999007107,273.0,0.26801335360468503,-1.0653440573449897
34123,-0.5764852293050912,Transfer,Outside_bank,2019-10-30,Wed,15,2,500000000.0,762032,Android,253.38.xx.xx (HN),F,2019-01-26,1989-07-10,0,2019-10-30,BRANCH,0,SMART_OTP,Working,500000000.0,1,500000000.0,1,500000000.0,1,500000000.0,1,500000000.0,1,500000000.0,1,4408369.090833333,25410459.45945946,37,0.625,1,5.0,LOGIN,0.0,3.0,0.5521524598275999,-1.1206760666534843
34293,-0.6124090813486809,Payment,Credit_card_repayment,2019-12-06,Fri,14,1,82000.0,NaN,Android,154.181.xx.xx (HN),F,2019-08-06,1988-04-19,0,2019-08-08,AUTO-JOB,0,SMART_OTP,State servant,82000.0,1,82000.0,1,82000.0,1,82000.0,1,82000.0,1,82000.0,1,2861756.6666666665,46000.0,2,120.58333333333333,0,2787.0,LOGIN,0.0,32.0,0.0,-1.5404339326423813
34324,-0.596198020614861,Topup,eWallet,2019-11-29,Fri,9,1,10000.0,NaN,Android,239.19.xx.xx (NA),M,2019-03-15,1988-10-31,0,2019-06-25,AUTO-JOB,0,SMART_OTP,Working,10000.0,1,10000.0,1,10000.0,1,10000.0,1,10000.0,1,10000.0,1,158172.502,9417457.2,5,157.375,0,234.0,LOGIN_FINGER,0.37499953125058594,8.0,0.6237136575300495,-1.557737092429484
34324,-0.6229781562714889,Payment,Credit_card_repayment,2019-12-03,Tue,15,1,46908286.0,NaN,Android,159.138.xx.xx (NA),M,2019-03-15,1988-10-31,0,2019-06-25,AUTO-JOB,0,SMART_OTP,Working,46908286.0,1,46908286.0,1,46908286.0,1,46908286.0,1,46987286.0,3,46987286.0,3,158172.502,9417457.2,5,4.208333333333333,0,336.0,LOGIN_FINGER,0.3749997656251465,16.0,0.6237136575300495,-1.557737092429484
34420,-0.5807637325790025,Transfer,Within_bank,2019-07-10,Wed,18,3,8700000.0,364218,Android,174.84.xx.xx (HCM),M,2019-04-18,2000-03-08,0,2019-04-19,BRANCH,0,SMART_OTP,Working,8700000.0,1,8700000.0,1,8700000.0,1,8700000.0,1,8700000.0,1,15730000.0,3,13820.5725,1651882.3529411764,17,29.333333333333332,1,1952.0,LOGIN,0.0,57.0,0.2802395455523226,-1.0990778765512799
34557,-0.5762976670186226,Transfer,Outside_bank,2019-11-29,Fri,0,1,2000000.0,363217,iOS,234.119.xx.xx (HCM),M,2019-08-12,1997-09-07,0,2019-08-12,BRANCH,1,SMART_OTP,Working,2000000.0,1,2000000.0,1,10300000.0,13,15500000.0,23,33000000.0,58,36950000.0,65,255479.364,505213.4597156398,422,0.20833333333333334,13,2480.0,LOGIN,0.0,180.0,0.08819932097851874,-1.1082165231967958
34607,-0.6102222502144728,Transfer,Within_bank,2019-10-23,Wed,8,1,10000000.0,504955,Android,176.60.xx.xx (HCM),M,2019-03-19,1989-01-29,0,2019-03-19,BRANCH,1,SMS,Working,10000000.0,1,10000000.0,1,10000000.0,1,10000000.0,1,10000000.0,1,10000000.0,1,4890438.064,7896875.0,32,199.66666666666666,1,4429.0,LOGIN,0.0,9.0,0.1948847891674761,-2.2572879656680875
34607,-0.5699932816657637,Transfer,Within_bank,2019-11-15,Fri,0,1,1000000.0,410441,Android,33.195.xx.xx (HCM),M,2019-03-19,1989-01-29,0,2019-03-19,BRANCH,1,SMS,Working,1000000.0,1,1000000.0,1,13000000.0,3,36000000.0,5,117200000.0,13,184500000.0,24,4890438.064,7896875.0,32,0.625,3,4973.0,LOGIN,0.0,48.0,0.1948847891674761,-2.2572879656680875
34607,-0.576808126721865,Transfer,Within_bank,2019-11-16,Sat,0,1,600000.0,860874,Android,43.18.xx.xx (HCM),M,2019-03-19,1989-01-29,0,2019-03-19,BRANCH,1,SMS,Working,600000.0,1,600000.0,1,1600000.0,2,13600000.0,4,117200000.0,13,185100000.0,25,4890438.064,7896875.0,32,1.0,2,4997.0,LOGIN,0.0,50.0,0.1948847891674761,-2.2572879656680875
34638,-0.5847462180132487,Topup,eWallet,2019-12-11,Wed,0,1,300000.0,NaN,iOS,221.112.xx.xx (HCM),F,2019-09-30,2001-10-26,0,2019-10-02,BRANCH,0,SMART_OTP,Businessman,300000.0,1,300000.0,1,300000.0,1,300000.0,1,300000.0,1,740000.0,3,485539.245,206033.7142857143,14,10.125,0,498.0,LOGIN,0.31958759591880453,97.0,0.36099786802042616,-1.0742017922040856
34710,-0.5800188704525606,Payment,Utilities_payment,2019-07-08,Mon,10,1,350375.0,NaN,Android,46.192.xx.xx (HN),M,2019-01-18,1962-10-21,0,2019-02-16,BRANCH,0,SMS,Pensioner,350375.0,1,350375.0,1,350375.0,1,350375.0,1,350375.0,1,350375.0,1,1539850.425,354898.6,10,34.916666666666664,0,3406.0,LOGIN,0.466666511111163,30.0,0.5489654144905354,-1.4640056149486829
34710,-0.5890805118079213,Payment,Utilities_payment,2019-08-20,Tue,8,1,481480.0,NaN,Android,128.102.xx.xx (HN),M,2019-01-18,1962-10-21,0,2019-02-16,BRANCH,0,SMS,Pensioner,481480.0,1,481480.0,1,481480.0,1,481480.0,1,481480.0,1,481480.0,1,1539850.425,354898.6,10,42.916666666666664,0,4436.0,LOGIN_FINGER,0.4571427265306495,35.0,0.5489654144905354,-1.4640056149486829
34710,-0.5719912970152378,Payment,Utilities_payment,2019-09-12,Thu,15,1,353841.0,NaN,Android,134.125.xx.xx (HN),M,2019-01-18,1962-10-21,0,2019-02-16,BRANCH,0,SMS,Pensioner,353841.0,1,353841.0,1,353841.0,1,353841.0,1,353841.0,1,835321.0,2,1539850.425,354898.6,10,23.291666666666668,0,0.0,LOGIN,0.47368408587260896,38.0,0.5489654144905354,-1.4640056149486829
34710,-0.5843110548138319,Payment,Utilities_payment,2019-11-07,Thu,6,1,345750.0,NaN,Android,93.61.xx.xx (HN),M,2019-01-18,1962-10-21,0,2019-02-16,BRANCH,0,SMS,Pensioner,345750.0,1,345750.0,1,345750.0,1,345750.0,1,345750.0,1,345750.0,1,1539850.425,354898.6,10,33.583333333333336,0,1335.0,LOGIN,0.4186045538128944,43.0,0.5489654144905354,-1.4640056149486829
34738,-0.5812821305106326,Payment,Credit_card_repayment,2019-09-15,Sun,13,1,13686960.0,NaN,Android,17.61.xx.xx (HN),F,2019-07-29,1988-02-10,0,2019-07-29,BRANCH,1,SMART_OTP,Working,13686960.0,1,13686960.0,1,13686960.0,1,13686960.0,1,13686960.0,1,13686960.0,1,15266759.438333333,10659265.470588235,17,41.791666666666664,0,1133.0,LOGIN,0.0,18.0,0.46173193512882,-0.9947201318616627
34738,-0.5784315253649916,Payment,Credit_card_repayment,2019-11-20,Wed,13,1,20290758.0,NaN,Android,92.109.xx.xx (HN),F,2019-07-29,1988-02-10,0,2019-07-29,BRANCH,1,SMART_OTP,Working,20290758.0,1,20290758.0,1,20290758.0,1,20290758.0,1,20290758.0,1,21050758.0,4,15266759.438333333,10659265.470588235,17,21.0,0,737.0,LOGIN,0.0,39.0,0.46173193512882,-0.9947201318616627
34765,-0.5678532111670869,Transfer,Outside_bank,2019-12-25,Wed,15,1,2000000.0,882789,Android,131.187.xx.xx (DN),M,2019-05-30,1981-08-13,0,2019-05-30,BRANCH,1,SMS,Working,2000000.0,1,2000000.0,1,2000000.0,1,2000000.0,1,2000000.0,1,2000000.0,1,374298.2725,2000000.0,1,209.625,1,5017.0,LOGIN,0.0,9.0,0.0,-1.1915811253737079
34777,-0.577105561496521,Transfer,Within_bank,2019-12-07,Sat,1,1,1000000.0,69325,Android,34.102.xx.xx (BD),F,2019-11-26,2000-11-03,0,2019-11-26,BRANCH,1,SMART_OTP,State servant,1000000.0,1,1000000.0,1,1000000.0,1,1000000.0,1,1000000.0,1,1000000.0,1,285277.355,433333.3333333333,3,11.041666666666666,1,121.0,LOGIN,0.0,9.0,0.0,-0.8752315897170961
34816,-0.576413268235346,Transfer,Outside_bank,2019-11-25,Mon,16,1,3700000.0,532549,Android,164.129.xx.xx (DN),M,2019-05-24,1984-07-23,0,2019-05-24,BRANCH,1,SMART_OTP,Working,3700000.0,1,3700000.0,1,3700000.0,1,3700000.0,1,3700000.0,1,3700000.0,1,1355776.16,3700000.0,1,185.66666666666666,1,4448.0,LOGIN,0.0,17.0,0.0,-0.814165046108581
34864,-0.6195054766204793,Payment,Credit_card_repayment,2019-09-30,Mon,11,1,19900000.0,NaN,Android,170.82.xx.xx (HP),F,2019-09-04,1983-10-28,0,2019-09-09,AUTO-JOB,0,SMART_OTP,Businessman,19900000.0,1,19900000.0,1,19900000.0,1,19900000.0,1,19900000.0,1,19900000.0,1,77910.6075,10427505.2,5,21.458333333333332,0,485.0,LOGIN,0.0,5.0,0.6246104205635958,-0.8826010175991224
34864,-0.5718133022828595,Payment,Credit_card_repayment,2019-10-25,Fri,17,1,500000.0,NaN,Android,228.121.xx.xx (HP),F,2019-09-04,1983-10-28,0,2019-09-09,AUTO-JOB,0,SMART_OTP,Businessman,500000.0,1,500000.0,1,500000.0,1,500000.0,1,500000.0,1,20400000.0,2,77910.6075,10427505.2,5,25.25,0,1091.0,LOGIN,0.0,15.0,0.6246104205635958,-0.8826010175991224
34864,-0.5897528581395614,Payment,Credit_card_repayment,2019-10-30,Wed,10,1,16294607.0,NaN,Android,243.43.xx.xx (HP),F,2019-09-04,1983-10-28,0,2019-09-09,AUTO-JOB,0,SMART_OTP,Businessman,16294607.0,1,16294607.0,1,16294607.0,1,16494607.0,2,16994607.0,3,36894607.0,4,77910.6075,10427505.2,5,2.0,0,1204.0,LOGIN,0.0,19.0,0.6246104205635958,-0.8826010175991224
34864,-0.6281320545971442,Payment,Credit_card_repayment,2019-12-02,Mon,13,1,15242919.0,NaN,Android,216.50.xx.xx (HP),F,2019-09-04,1983-10-28,0,2019-09-09,AUTO-JOB,0,SMART_OTP,Businessman,15242919.0,1,15242919.0,1,15242919.0,1,15242919.0,1,15242919.0,1,15242919.0,1,77910.6075,10427505.2,5,33.125,0,1999.0,LOGIN,0.0,23.0,0.6246104205635958,-0.8826010175991224
34865,-0.569626756616654,Topup,eWallet,2019-12-23,Mon,0,1,100000.0,NaN,iOS,64.16.xx.xx (BD),M,2019-07-22,1995-06-13,0,2019-07-22,BRANCH,0,SMS,State servant,100000.0,1,100000.0,1,100000.0,1,800000.0,5,1000000.0,6,1300000.0,8,9441427.33,1523461.5384615385,26,1.375,0,3322.0,LOGIN,0.28395058222832315,81.0,0.37822734581717554,-1.0713265588534704
34908,-0.6087444161628259,Transfer,Outside_bank,2019-12-06,Fri,0,3,700000.0,182619,iOS,217.159.xx.xx (HN),M,2019-08-26,1992-09-01,0,2019-08-26,BRANCH,1,SMART_OTP,Working,750000.0,2,750000.0,2,2750000.0,8,4630000.0,15,16573757.0,60,19073757.0,73,94969.052,227603.86462882097,229,0.041666666666666664,8,0.0,LOGIN,0.487179462195925,195.0,0.25629623679521407,-1.1494314566155173
34933,-0.5704380655175216,Topup,eWallet,2019-12-12,Thu,0,2,130000.0,NaN,iOS,62.51.xx.xx (BD),M,2019-10-24,1998-12-06,0,2019-10-24,BRANCH,1,SMART_OTP,Working,130000.0,1,130000.0,1,130000.0,1,130000.0,1,780000.0,3,3000000.0,6,1127584.365,402500.0,8,2.1666666666666665,0,1129.0,LOGIN,0.38679241634033806,106.0,0.8023528283586977,-1.1361308708830211
35096,-0.5733884558776373,Transfer,Within_bank,2019-11-25,Mon,10,2,7969000.0,946241,iOS,34.28.xx.xx (DN),F,2019-10-28,1992-11-21,0,2019-11-13,BRANCH,1,SMART_OTP,State servant,7969000.0,1,7969000.0,1,7969000.0,1,7969000.0,1,8019000.0,2,8019000.0,2,2241818.9233333333,581414.4,25,4.916666666666667,1,139.0,LOGIN,0.0,2.0,0.6418594742532976,-1.621198044570161
35252,-0.5947718132617267,Topup,Game,2019-11-03,Sun,0,1,50000.0,NaN,iOS,232.180.xx.xx (HN),M,2019-10-28,1996-07-19,0,2019-10-30,BRANCH,0,SMART_OTP,Commercial associate,150000.0,2,150000.0,2,150000.0,2,150000.0,2,150000.0,2,150000.0,2,244731.18333333335,112500.0,8,0.0,1,87.0,LOGIN,0.0,8.0,0.698883172300332,-1.1342363778134101
