CUSTOMER_NUMBER,AGE_GROUP,TRANS_HOUR,DAYS_SINCE_LAST_TRANS,HOURS_SINCE_SEC_EVENT,BENFORD_DEV,ACTIVITY_SEQ_RARITY,HIST_BIOMETRIC_RATIO,HIST_NIGHT_RATIO,TRANS_AMOUNT_Z_SCORE,BALANCE_COVERAGE_RATIO,VELOCITY_RATIO_AMOUNT_24H_VS_7D,VELOCITY_RATIO_AMOUNT_7D_VS_30D,VELOCITY_RATIO_COUNT_24H_VS_7D,VELOCITY_RATIO_COUNT_7D_VS_30D,TRANS_AMOUNT_VS_30D_AVG_RATIO,NIGHT_ANOMALY,DAYS_AMOUNT_COMBINED,SEC_AMOUNT_COMBINED,TRANS_LV1,TRANS_LV2,Occupation_Group
44,0.1390583121838227,0.0063261648911214505,-1.3774608135903823,-0.19909002904419817,-0.06239361815130682,-0.11867576077754172,-0.2389295285652438,0.0,-0.1922960098183218,-0.5411785719000054,-0.05826229856972098,-0.09599580717698712,-0.11677694773350565,-0.3440173392597345,0.0241768376101721,0.04492342270825715,-0.9668559170162165,-0.6537584968388103,0.13163732192448815,-0.19353420625560694,0.11356892526216925
88,0.14192424083826088,-0.12568045845484876,0.0822829311476909,-0.05024087084270058,-0.019653610811157286,-0.034153170899949535,-0.28719750069790434,0.0,-2.0549210512868084,-0.13587346582202978,-0.0011243203816643911,0.020460008370883274,0.06530160828707242,-0.02485032168308279,-1.3650902892994543,0.047256281028696445,0.04846726496504574,0.05295351328321252,0.17045517139875055,0.1752465933558951,-0.15851316651801603
88,0.157016387784271,-0.2744968239178871,0.08216498598873105,-0.14150083399021005,-0.026189017586284866,-0.0231661835819073,-0.2585150982269875,0.0,-1.6479276936967258,-0.11387463079229551,0.018717287478517374,0.007784563273855585,0.03476639797902071,-0.04817197058776895,-1.1946125585040108,0.05003685447437018,0.08250482328510937,-0.30194318867917874,0.16785517479477055,0.18019740505000995,-0.1509239548822474
88,0.14985524366044184,-0.13334076541892553,-0.09890133102634922,0.053905602465495445,-0.0284337221155172,-0.0609339080992819,-0.34633822870874414,0.0,-1.6464014117271684,-0.0900091657712564,0.047450031523762294,0.04691124428080614,-0.13484278580496387,-0.050861758123024285,-1.0873337665605223,0.04527080163550456,-0.18228379438216052,0.013693307763503124,0.16661256289103235,0.1867156946857403,-0.20124541994340708
135,-0.3132823884431562,0.09307659186537132,-0.5626919469241305,0.04691778671682171,-0.3298597136809093,0.011619855095037657,-0.33265565988407164,0.0,-0.005797288697574767,-0.5644520524125456,-0.10817437023426715,-0.045434832244015455,-0.13232176008794536,-0.4054323171828015,0.032460918141782834,0.04162084813627511,-0.8453892197701062,-0.13750896555064152,0.15983234718038167,-0.2448638562066379,0.10053336400443649
135,-0.3152730987244504,-0.020974556202347346,-0.6775482141372822,-0.16462742510552233,-0.2512699575015459,0.015154740696698876,-0.2998389173598536,0.0,0.019057683153303587,-0.4738730116531354,-0.07829604694685172,-0.06882590378558424,-0.09084624823199085,-0.3376151162647386,0.029578608749268036,0.04498315420750963,-0.80701932147733,-0.5167270998438762,0.13860829421019744,-0.2416271102312827,0.07463890260159993
143,-0.33062210969885986,0.10582314248461654,-0.9588975124355019,-0.13281118417545743,-0.3132796057483644,-0.13546775372403524,0.12093624547428286,0.0,0.0463967515039679,0.05795086444577961,-0.07466738573163063,-0.131771796297374,-0.12678531774340518,-0.32872562742951633,0.004268019859603013,0.048731097837582324,-0.18944742669788286,-0.6352453854126725,-0.22996562182576846,-0.38985451346197664,0.12417741369017089
230,-0.29854087427973997,0.09128252458418368,-1.238643789680745,-0.18102952437049016,-0.06063390670248402,0.035571219349015804,0.14474707131609485,0.0,0.06779571920864481,0.020123848934704442,-0.1368196531527064,-0.12376068292628063,-0.2216396335055926,-0.3757822846436831,0.013944987502780339,0.044874393162493025,-0.9581902640336103,0.09907657147799737,-0.3459058160691538,-0.3520980787538416,-0.010690532504349882
317,-0.1461905414522434,0.07548851027955447,-0.6689110362457271,0.10230603259620843,-0.6243079104442191,0.04009024880705563,-0.06788794081567505,0.0,0.07375562662749204,-0.4676969375556211,-0.051251996341120536,-0.14038211085569882,-0.06211076849418949,-0.267191973222104,0.029495146293874,0.04148234038342712,-0.7740578407046277,0.058869053064642844,-0.8478778881181953,-0.6605790427144719,0.07449256402602848
317,-0.1627518395203858,-0.2034800945457427,-0.46843028367022566,0.0819722814756104,-0.7865606574475674,0.05689173852329172,-0.04909361123575704,0.0,-0.028255820210494782,-0.924201209684937,-0.032239178809812856,-0.021093644037961923,-0.08135871274588363,0.031392432189661396,-0.07800133314144297,0.041947019120348546,-0.47771543389443893,0.020903350214296318,-0.9079547633977574,-0.6418366703617443,0.10767753911625044
317,-0.13928780705971688,0.06146631934406253,-0.43714399644076996,-0.05640865725344654,-0.6711323940373424,0.05606821545187798,-0.04215512056172792,0.0,0.021611475350983504,-0.9096039762541103,-0.044130357773268715,-0.11439087687984296,-0.0857553696313919,-0.33487692794615614,0.033655441292581925,0.03765054653449616,-0.4037237918172396,0.022931985717627154,-0.8859160178882289,-0.6942826128091544,0.11485646285133315
317,-0.13809663395961405,0.008290353722371182,-0.45950681748797484,-0.1405553201701053,-0.674085293121938,0.04984305345950334,-0.0492661751446646,0.0,0.018330116242339448,-1.0201075725948796,-0.05566739019554481,-0.12534086255441973,-0.09147260560987379,-0.3189039105777842,0.03045426509023019,0.03777863731808094,-0.49687408022633023,-0.014450585278593655,-0.8777758694489048,-0.7039803064302305,0.08826207928063173
317,-0.1626402347950045,0.0584986613999706,-0.47957103791929834,-0.2610708747282221,-0.8379731671546231,0.05476330480589368,-0.04351986394734703,0.0,-0.005473566259161654,-0.9325168392152521,-0.0766985688186771,0.009680744915329966,-0.1098051728530619,0.04241947172591354,0.028810662906826868,0.03804686756872918,-0.421820555750983,-0.015198206761490295,-0.9403546321064452,-0.662583262935953,0.1160044628476707
317,-0.10517283124559611,-0.06302082516249376,-0.41113863207952833,-0.31546990351502036,-0.7120428949324619,0.06394049501345106,-0.012237925113674665,0.0,-0.032976238371563854,-1.0346803735242047,-0.06393760353143199,-0.09934397964592312,-0.08942248940517568,-0.2751084621494972,0.030716599240298192,0.03638755623046204,-0.5546531912819811,-0.053171685847028,-0.8760838565321312,-0.6121757147532912,0.08485461942158026
317,-0.1176225244878911,0.04990879805509761,-0.404439860974519,-0.4180807508244417,-0.7105082408949475,0.05819184423770111,0.0005070196098304367,0.0,-0.011728068628663685,-1.0203206061420984,-0.057591086200870646,-0.1320349956637766,-0.0764819250240656,-0.2815016714822346,0.021552513073336943,0.03709961844993382,-0.5298830006286319,-0.05476255947371273,-0.8648452637426679,-0.641252235156818,0.08687843374557631
331,0.1068571295580959,-0.049359665022171546,-0.7516697218342686,-0.1818473867168485,-0.07516641786586233,-0.6919272036668811,0.0897855455032711,0.0,-0.05119840851995125,-0.064816503688722,0.0068776370113540885,-0.14083169892589323,-0.11882801843497535,-0.30160481692329494,0.036278967868286896,0.04941099557925059,-0.9103929212777757,-0.8648877863566412,0.1449163729924795,0.20239186470381904,-0.1582318416375343
386,-0.4003608579164731,0.0042859169061246205,0.05556383583812235,0.09083077363703418,0.04827898230125822,0.028451322165425334,0.14359762177991428,0.0,-1.9910076148243447,-0.06631517788590305,-0.07439540448397934,-0.13039858210923633,0.06743621624255143,0.08013112609566583,-1.2697749896402262,0.053761150953719625,0.06973508280733015,-0.2507427854619902,0.1399097137312764,-0.20209089278450826,0.11143110440099191
470,-0.22986119774139088,0.10853230657563241,-0.9229333513267362,0.11198465447595528,-0.13243284104510336,-0.17895266698621956,-0.37586061084059036,0.0,-0.32219075297596084,-0.3572438112686686,-0.008902348375697599,-0.09705646588078819,-0.13135039903393605,-0.32790817939940736,0.037804854464815796,0.04349129296144919,-1.0423180235286607,-0.05898288364256921,0.1585594610634956,0.1919339247539062,-0.01771364053380108
470,-0.2700129969847392,-0.03929016780996338,-0.9351276895856642,-0.29610871189790355,-0.14633411714620656,-0.23839811646983652,-0.34929713543794544,0.0,0.07211612950699858,-0.021903966478277772,-0.10157925667388462,-0.1312245531014971,-0.1865303810262233,-0.42823954933172886,0.03453786178752965,0.04461997837117681,-1.10570437613856,-0.13020062906851576,0.15339835826757392,0.1895182209394382,-0.02231661111485356
640,0.1316421521059332,0.060131001444952724,0.044001095039576034,-0.06100029826343091,-0.06162672808070605,0.048074342280044556,-0.2770105964313383,0.0,-1.8467199425017207,-0.4226708611079981,0.02941774957686116,-0.20728500242627865,-0.1407720328063769,-0.056501138791317254,-1.043038797946855,0.04967048010522289,-0.021708452246276072,-0.16363613482730274,0.16078045166582539,0.17856408375198143,0.16024358902937255
666,-0.33213993319926416,0.0840654670546204,-1.2855058309589915,-0.17209046725296473,0.019886875740128658,0.020024004320119533,0.0881224113126518,0.0,0.05703435891603794,0.054511813583359534,-0.14172011823815253,-0.1353405456308015,-0.1657902875452184,-0.3279179260622036,0.028397236648766543,0.04483856751243104,-0.8556551813289617,-0.8625854489157655,0.12314520913342512,-0.27425403790453895,0.06962836488549513
755,-0.22631803244983767,0.0013567340208641783,-1.1525428563077387,-0.13251113624433516,-0.05785685099631163,-0.6274981456131438,0.09693020982139863,0.0,0.02781256085731531,-0.32383905773621285,-0.04507937738866079,-0.12211104123170975,-0.13241632379618531,-0.3142215419046538,0.03636348619701763,0.04823464831878905,-0.9259818236115067,-0.81097514574903,0.13435666139389324,0.17970406279235798,-0.06076295854894325
777,-0.2612684152656331,0.014667694215945262,-0.925809168722171,-0.03904269339817646,-0.02260106194164208,0.010068626260562579,0.140676631049471,0.0,0.0224261448576449,-1.3196947187317096,-0.051971127003712835,-0.09970906754102879,-0.15614338339074257,-0.39803931534560577,0.02882233544487235,0.043915253469751545,-1.205969285406546,-0.07096839382187925,0.1586048805148117,0.18491107112431654,0.08934138154553853
783,-0.27395654945664,-0.14281341718012627,-0.5034578408803622,0.05976446593134749,-0.26665293602624707,0.012047859623603567,0.14247602203857382,0.0,-1.6007755553827494,0.009868757112884955,-0.002862699162463454,-0.08906137043622686,-0.066204201450318,-0.2687679659819588,0.03584834420657276,0.0447143700293862,-1.0099493975127132,0.023974178151757525,0.17923334643748703,0.21071259898942335,0.09803889786711711
806,0.06828254420576624,0.031951084592705147,-0.733079828997071,-0.09265172828562512,-0.1068499950794886,0.05104350415329325,-0.2071487869200995,0.0,0.02683121403924755,-0.5638239607830817,-0.06204509041300374,-0.1835480335107519,-0.09479377809266525,-0.2869153206275403,0.008769929613415073,0.04085131370728466,-0.7328481048176162,-0.5632450816304011,-0.9923088540750311,-0.6408574440569063,-0.2994777137895737
806,0.05155564757816375,0.07866837095656434,-0.5062711214428025,0.07416577815694671,-0.07752892349465502,0.036752278141513724,-0.23732106157419045,0.0,-0.06576244231942453,-0.8710305908093937,-0.07480423610015072,-0.014170838386297877,-0.1488561910435763,0.036137057540241886,-0.010173740137018309,0.04414217528136696,-0.6953694880113637,0.07196474039998967,-1.1819606011999584,-0.7170002862152643,-0.3662271273561321
850,0.09030339434323448,0.09957348558561417,-0.8427596335458809,-0.1325848668698572,-0.04313942390384701,-0.5434468738640982,0.07536019185213276,0.0,0.036385750217325014,-1.5181619591436633,0.003234919591739413,-0.12821620444664086,-0.113757528748151,-0.26382407659930307,0.038828554785497287,0.042423783664226264,-0.9884056922329515,-0.6985861427294373,0.13377993558352996,0.16652760081319176,-0.016499885786626575
921,0.10155070594118085,0.06372417191090397,-0.06681831026062482,0.0622529758107184,-0.07032907039724728,0.054528670591341304,-0.24429512416176785,0.0,-1.803337181060289,-0.553526537904049,-0.0014945302138971077,-0.11718901074738645,-0.16099446547978027,-0.13968905624258934,-1.0280451009933531,0.042485344653893774,-0.25707764189698046,0.01545594335873627,0.15515526459012277,0.17732918391565572,-0.23284196267891138
993,0.09552114964479037,0.07196452368767006,0.026842397946138588,-0.021535983002473214,-0.0013236506121811552,0.04597459180466407,-0.25145476068990824,0.0,-1.6796834950242892,-0.7666850300093643,-0.058300067018425016,-0.055470862098359774,-0.2195635548807688,0.03698434073727612,-1.0464540267165412,0.03988176759938502,-0.04579251589195025,0.03831624858524291,-1.0944755203774341,-0.7429886107598712,0.11181767916127763
993,0.11602707903716751,-0.15512373983267994,-0.029532925917067097,0.09273598777872079,-0.013199889412614957,0.052905981856489266,-0.2807197831093878,0.0,-0.0235687580646585,-0.09614957113752928,-0.12090861698853217,0.05023826547268739,-0.14827020119884665,-0.2156922623915677,-0.7923240846505113,0.044502605301062315,-0.1601077435411741,0.05346821153037957,-1.2267752222183925,-0.8097724968345182,0.15018698890968823
993,0.08658135297066326,0.06485274587815083,-0.5086356120708089,0.06619010786577947,0.021255374358639917,0.049940643944060295,-0.22146090856573092,0.0,-0.060293174441470046,-0.11967483715908322,-0.0541059013841237,-0.2566595041566915,-0.12771165719237196,0.05212857291423991,-0.11663503344405923,0.04921961496128981,-0.5976616346861127,0.02512316457631045,-1.2366701037178907,-0.7899259271274535,0.1267826471201083
1055,0.07137397618863384,-1.0307502173344276,-0.40240944955091207,-0.1496393665867548,0.1245797285409073,0.01651290353378205,-0.06435533189506255,0.0,-0.07311709990595715,0.01329086660609914,-0.04451768308089155,-0.13472188580734937,0.0017212897836650898,-0.13349770353030435,0.02208237298477207,-1.49398650310265,-0.2194302234336707,-0.3947459919339547,0.16283543127285968,0.16437377838362838,-0.12114365708351647
1101,0.16343565534752713,0.09284778894841052,0.011249247704102381,-0.2637689377834139,-0.05910918955125715,0.037977326594627304,-0.2867830004695517,0.0,-1.4886352924823372,-0.49629789219151943,-0.11687324784890864,-0.009633128312191364,0.08987928411250459,-0.12509526209416122,-1.1365230656253764,0.04544719240535696,-0.062085211458490476,-0.39224074905612893,0.13678798675853077,-0.1294879898697354,0.13859650927936307
1121,0.14122954595224363,0.11251236807642127,-0.514259506344373,-0.09559786265350874,-0.37407784376507713,0.05311277118701942,-0.37644004970490097,0.0,-0.63788921353838,-0.3567846108470914,-0.07660247523566362,-0.09466701693514516,-0.09796671097740929,-0.4398572587076357,0.02548852085398286,0.045752236690300256,-0.7852640184149912,-0.10743197435061018,0.16487665549571376,-0.25943884555901753,0.15109036258960185
1149,-0.13854322048552764,-0.14416094235042473,-0.23524334749263912,0.014634401951861366,-0.06814289787561968,-0.13736464365096526,0.14888178813529765,0.0,0.02805490556840806,-0.5744758067287956,-0.04633221221770237,-0.1260325105400026,-0.08399505559773088,-0.34142342443033036,0.03329902044276394,0.04128820310643441,-0.33864453364457203,0.10294940708096724,-1.063135631354805,-0.6911144677845663,-0.3970233341199261
1149,-0.13413707685245155,0.09457559565102934,0.07755260150712491,0.08925538660872373,0.007192003521116021,-0.14651278083269495,0.11018223250873592,0.0,0.026892633566370637,-0.9637848442108201,0.007422810163857507,-0.06959190836666596,0.10712888070382368,-0.22091121094888047,-0.19656274120424366,0.04831682828734403,-0.05400472353269632,0.03140653087097754,-1.1359870294671803,-0.8221307510693614,-0.3629072291336435
1149,-0.11441872057904205,0.0723015428105432,0.07497457338748958,0.08416619129041905,-6.251590117076351e-05,-0.1405660317488346,0.12815085343338603,0.0,0.03106780439110642,-1.0403744352361852,-0.012901771160691302,-0.034476708214018464,0.0860496157380254,-0.2289828561150656,-0.12559590176542476,0.047412901143359075,-0.056588761279435136,0.025007317391166482,-1.0784212994247397,-0.7746530731555669,-0.3621743006468419
1149,-0.14859717813045248,0.08601584634835144,0.0849945122625108,0.09065668950176023,-0.0017332514939442515,-0.13812033094406914,0.13032231230600283,0.0,-0.09945707447179646,-1.2224677569840567,-0.005139219500550258,-0.07538236900004822,0.023775400981024996,-0.2149502170745435,-0.25075870588819565,0.04346874093331459,0.07620664080846888,-0.0019749348792306785,-1.0194554169037835,-0.6977027875161431,-0.35404969081819443
1149,-0.10096109385310345,0.08562103573157251,0.09619938835274003,0.09762827039638924,-0.0017741636312278302,-0.1420967683581182,0.14732195180127594,0.0,0.004635367569420841,-0.9969439168171192,-0.008524270468937738,-0.12036651626515123,-0.0008911322608490212,-0.24889554358808938,-0.06100272601804956,0.04571164067297095,-0.05624887410899998,0.0007805375639947905,-1.106310593795412,-0.7641641731735855,-0.33370308835548845
1149,-0.19934576176486232,0.07816998875377154,-0.11438876615734633,0.09847968661800863,-0.020679242944507036,-0.1415720359196207,0.11837931080248516,0.0,0.019014105354711566,-0.9770697929123675,-0.007644978298077045,0.06740806119495098,0.11551001615886422,0.06751920738428886,0.01132449008644816,0.04730549237110009,-0.2717518466773817,0.014007964402552378,-1.1449796028993575,-0.7613406170702708,-0.4096009096624214
1149,-0.19060090797621634,0.0802372858592096,0.056016127094147855,0.06760204653444583,-0.0038295666318285504,-0.14948221217556304,0.112526208012419,0.0,-0.15504525612235348,-1.2656192770058097,-0.07158537155807619,-0.013822862560386881,-0.17322925187474192,0.039955012881787474,-0.24407430507568,0.04066407256577531,0.08455650213327572,-0.048668237144575195,-1.130318455339384,-0.7627216206862867,-0.41500730928999785
1149,-0.2675558144119875,-0.001427778788270198,0.08516865700835743,0.08420315713176094,-0.012909998980723767,-0.16991590831331457,0.10640114750698024,0.0,-0.07749319344050237,-1.2709800547393442,0.04828689804457598,0.06903342624611188,-0.0427291668368737,0.1001050112381515,-0.18159042203533507,0.047038532536087314,0.06876952053847249,-0.07595122355162101,-1.110037723496564,-0.7678164959519094,-0.37288323831099124
1149,-0.08924448050967321,0.07426870104253679,-0.15280115180021106,0.1123001683822417,-0.030620883856889398,-0.15669573941952838,0.15033028875892285,0.0,0.01974076581890014,-0.7274521006590364,-0.08118058710086012,-0.052249442768347455,-0.13532292707389815,-0.16216867292829573,0.00864413545098541,0.03980783511331415,-0.35768893722751144,-0.06065671214087539,-1.0096327551512614,-0.7475736967584544,-0.4307457049642981
1149,-0.11543461354120356,0.011062599227136215,-0.04395459420451043,0.1126894110779584,-0.013609775227341758,-0.16173660105672105,0.13097951341134037,0.0,-0.09734333456330095,-1.1285072220043246,-0.06222673759207957,-0.04168021289570938,-0.11492311374085695,-0.17742099605712283,-0.23699553236425835,0.03675934170766865,-0.22509315591555984,-0.1252973519658303,-1.0714622039435044,-0.7187613636875863,-0.41453398343049014
1149,-0.15011085970090934,-0.25454441544774675,0.09529414934435598,0.12877307065272708,-0.013432356985999323,-0.18830410495531782,0.12830445849757416,0.0,-0.018341928047251238,-0.9213371068588195,0.10231448264432999,0.02025583273494727,0.000955712887156402,-0.0492752571947034,0.009593595323339803,0.04535127150787426,0.09944741160061855,-0.0979525730287754,-1.120442028360967,-0.7708925957082446,-0.4227027701669093
1149,-0.19436636320973796,0.088388124591693,0.05772840447642666,0.10906566778589893,0.007242998025694691,-0.1528245590835158,0.09495492122135464,0.0,-0.38370285953635186,-1.2666662638247215,0.054405778866726505,0.044029965387913386,0.045407155992033696,0.015007826651905526,-0.6025751005407609,0.04555034733054012,0.02055776485160373,-0.10930823284381493,-0.9689944488850696,-0.7511623473854189,-0.4039740286698041
1149,-0.10140500061853068,0.07895741253659626,-0.0759805833051084,0.10411595076804717,-0.014032235061090494,-0.1526672745671267,0.13419994563602777,0.0,-0.019811403528163057,-1.082161611713521,-0.06192143919137958,-0.04980828197814933,-0.12190125302493154,-0.15992663572667135,-0.20293245655953443,0.037830499374539854,-0.2892316467092443,-0.15728191120758434,-1.0450285991760229,-0.7108780475465202,-0.38996134242649017
1149,-0.11985637593975468,-0.07516388393217881,0.08451350392768762,0.12249643815092505,-0.013876408923577502,-0.19199133810995114,0.14891382037219658,0.0,-0.03752650812428445,-0.9413729073481747,0.09166833959957514,0.00049373434759868,0.12229384625225054,-0.12905239939853846,0.00016560715849283741,0.04584690571392221,0.08596929230091485,-0.11851144010245282,-1.1607292198108679,-0.8063892037827629,-0.4434051422070129
1149,-0.21993191742668852,0.07418239214051586,0.0654408897235901,0.10932192810542954,-0.010791979586989577,-0.14696007753102383,0.11322685363125208,0.0,-0.03276045314159234,-0.9812286430165393,-0.045508701991716825,0.10554098598686112,-0.23290825408528168,0.028001207016919407,-0.023819882935310878,0.0473704624353959,0.013763554608441383,-0.16962937726775165,-1.0578105739654542,-0.7157685026471607,-0.4002913610218349
1149,-0.20123305004060374,0.08096503708450936,0.07652496273404706,0.11996578621713257,0.005149294470518453,-0.13941989467468985,0.10849266350076534,0.0,-0.024665986486239307,-1.1269541304531014,0.06697326709759613,0.04968689908167366,-0.004963098213410746,-0.004445040438734853,-0.09926195270269976,0.05006905185628889,-0.05541819097260178,-0.1730636469021493,-1.1301280561380498,-0.761151232553783,-0.3360406046388783
1149,-0.20865635353644987,0.08418816129174272,0.06125840986472256,0.0749877356025083,-0.020399846573319804,-0.14276122605682154,0.09272417507516169,0.0,-0.010137925718532363,-1.0466386205389178,-0.03127483177360069,0.04097551592332249,-0.15162604053411144,0.08152122134556108,-0.014036462656467828,0.04733549345564596,0.016070910438847064,-0.1495287970823165,-1.068299281314269,-0.8120406499509499,-0.37711685250057775
1149,-0.23794957912372658,0.08311298379231592,0.03403814441118311,0.04493109013921026,-0.011384809809723104,-0.14673404998264952,0.09166626480954468,0.0,-0.17295413141104451,-1.2956934137426996,0.07167840147688768,0.007257713169457517,-0.05771358871289331,0.0443776504467378,-0.36569998616126115,0.04185680718070481,-0.05482365175843258,-0.20808553400068838,-1.0618692623106478,-0.7336979816946192,-0.38027768910217924
1149,-0.23172177293097637,-0.17973014776689444,0.07241120198656421,0.0380818894885242,0.014284244413589655,-0.14755664121342857,0.09298878708806864,0.0,-0.4243203713080189,-1.2969312410561997,0.02132067121391447,0.05408981193651219,0.06643390300467493,0.025065814920380007,-0.5499564374755483,0.04360855842952943,0.06911276059510768,-0.24929666437506195,-0.9238294991592954,-0.6877726855488184,-0.4406912432783607
1149,-0.21040503925035467,-0.03628173354437893,0.06542819904607171,0.049215660412903574,0.022038545551721966,-0.1477236246015671,0.1142334964750059,0.0,-0.007359041937927166,-1.182223347271788,0.048114956548764035,0.06585224370747969,0.12106548259417124,0.07315620531096491,-0.1015348359271454,0.04777751535328416,0.023078033928338224,-0.19866656056686963,-1.0988909390689434,-0.8410896054389191,-0.3831059807475453
1149,-0.19192510725090592,-0.07665014807705635,0.08040434289082829,0.04027338041936007,0.00027396589028072017,-0.17705047355314665,0.1128749815733384,0.0,-0.22726011348401695,-1.2259257986754388,0.10306189676442536,0.07900157784938681,0.11525130720025316,0.08323182804484167,-0.3165605929534943,0.04752831138973299,0.08712423407287252,-0.30600975263506036,-1.0957934127689077,-0.7517004182253512,-0.42458427278483235
1149,-0.21530566506153462,0.030145975025621358,0.08175601928500394,0.07754168546181209,-0.03015683294864958,-0.1614708007833449,0.11338458226256658,0.0,-0.02728682491896722,-1.1089390258525915,0.036328256497702785,0.02088613532504835,-0.016942623522010807,-0.007422229338629677,-0.03557126837428729,0.04409848308549393,0.07452506150570629,-0.20494927880159639,-1.0815974805453403,-0.8219413242521769,-0.3777173008833704
1149,-0.14822602009095615,-0.05095761411765373,0.03610716776487519,0.015335175792580355,-0.011969995373167192,-0.1360331375695399,0.12930757533636575,0.0,-0.018946421988966157,-1.07417574831463,-0.1775325346823817,-0.03030514296022992,0.07171483358570427,-0.030967024586005885,0.031667727813530694,0.04141183370651047,0.02372363614357108,-0.29675795014625755,-1.0618969823565345,-0.8285377073451996,-0.3847661626085747
1149,-0.2263312041615387,0.08742024274593825,0.06358328310704661,0.0013977149734939241,-0.02291822493930383,-0.13894147954488018,0.09714093257501254,0.0,-0.1383683676806536,-1.226824433648632,0.010909339923736007,0.03948555784387109,0.07127925932233137,0.10224681630482577,-0.2941013745516393,0.047378826621119405,0.08009496894429355,-0.33451361284374487,-1.058734959191645,-0.7610211597740589,-0.4074243787573337
1149,-0.18520166625902298,0.09124242563466553,0.07469445466527715,-0.01469869126104103,-0.017385695605920796,-0.12728846398790314,0.12800220684348018,0.0,0.03863571559729803,-0.9671031810176542,0.018214550622470023,-0.0424904116652184,0.11676078028416298,0.04689569789115485,0.021427448716526864,0.048235576131517195,-0.061160794522719275,-0.21925987621671275,-1.1325690112594928,-0.8365967051272005,-0.3922372110790539
1149,-0.14105407552838892,0.06661514276189551,0.08006351090556917,-0.026786822153642947,-0.03566952615716322,-0.12420220023937585,0.14601442874449003,0.0,0.05912811478888871,-0.775462717329472,-0.02759881058790651,-0.1192331528842926,-0.008269416930202785,-0.0336883365946987,0.04128760444610455,0.046088341146239796,-0.06476619777206498,-0.21380021323760176,-1.0548780445215995,-0.7898582246493612,-0.3919487317431636
1149,-0.11707222536302166,-0.15021680535448645,-0.04901745550122217,0.0050520092686894705,-0.020221827243840147,-0.13898421720335216,0.15819999354277406,0.0,0.03663522132206734,-0.6946653371370538,-0.09315941746320792,-0.01072258993352177,-0.10502886101712779,-0.13721463233719056,0.033727894306951604,0.037652041692748175,-0.2145469218395251,-0.23231346665058472,-0.9978895954653093,-0.726564789779194,-0.3831631941805869
1149,-0.2295225099619794,-0.1585740176996736,0.06855920762821684,-0.006704851706683935,-0.010927844594807192,-0.15959389647579889,0.09311058429104131,0.0,-0.024733980396040838,-1.2701185703006215,0.02271232808111371,0.010803028077371685,0.06568537255017491,0.07510002110238896,-0.13800730404491873,0.04285600815776322,0.07809069679089145,-0.3483081251188046,-1.0462436731836087,-0.7670728710422684,-0.4243214517516604
1149,-0.29154915900736844,-0.17495298873342838,0.06982160859189195,-0.03334272492343213,0.00849317366351653,-0.1536104063983744,0.10680310470545776,0.0,-0.06133806722896274,-1.3396202224816582,-0.02154679560758875,0.06333210279032546,0.07733693553139738,0.10851627151851688,-0.09653887348976657,0.04514805284641516,0.08851382408552087,-0.3778261520386483,-1.0412178189146142,-0.7232223801864661,-0.4185530033678242
1149,-0.2281387842472419,0.0675032152209463,0.03705327510997407,-0.021611903949818226,-0.033295596728253336,-0.17646407872203032,0.09692616360148783,0.0,-0.022108545027797587,-1.0277215291053392,0.02975086632129071,0.09454304236950897,0.08559251246541044,0.11529982976480342,0.00431413727220541,0.04978871417844918,-0.028547982776538843,-0.338391713444584,-1.0479411107437,-0.8266347482863129,-0.3961328982674997
1149,-0.260835943941257,-0.14030707884399152,0.04313199884872508,-0.03140900388228742,-0.017546364012548898,-0.1517177775787529,0.07751824731144125,0.0,-0.17266275157365676,-1.2962780371347131,0.08831289331845175,0.007367605306058309,-0.1434688256483705,0.11010716646616124,-0.19523207294632966,0.038126922583185646,-0.025776739253278513,-0.35588439624020407,-0.9658474681326963,-0.726119954740947,-0.3743912130452775
1149,-0.23541218311279447,-0.061260839389260455,0.08324430013586008,-0.08835396903003354,-0.009378775449559456,-0.1463923950832648,0.08736751966905934,0.0,-0.006254266423629122,-1.1137499486572298,0.020109436285608896,0.026328863584721803,0.0696496799408962,0.11679015309866796,-0.0012429046491850607,0.04723620409441429,0.08095761780674057,-0.371995371397279,-1.0712442541213705,-0.8017807444050591,-0.42914780485211135
1149,-0.26218846125874273,-0.00159511260366842,0.08380973969666433,-0.06601550803462052,-0.035009283030656944,-0.1475306026792854,0.08933334945225715,0.0,-0.0169885976128927,-1.0710303117018196,-0.018601614522619082,0.07696585208895168,-0.14477273702746607,0.08683381813248002,-0.017813823683881902,0.046576921554049175,0.098354594437397,-0.3593705248184669,-0.9900963391940769,-0.8079369411842714,-0.37721888089051586
1149,-0.2347577206763666,0.06942195310058388,0.08291640641242486,-0.0742301555397282,-0.030044072246957192,-0.14657331012333255,0.10004272920249757,0.0,-0.014144088806192612,-1.091174840676332,0.08419211804719835,0.04716895634597982,0.10079907634602299,0.08101112196158182,0.003398706222076791,0.048826448122679555,0.10112693520670597,-0.3576661735823835,-1.075605196711022,-0.838781388711568,-0.4139885741895713
1149,-0.2716402744193271,-0.01057344975429728,0.08892846954058871,-0.07345198784352683,-0.009014221947104635,-0.15738226820215284,0.10094683351658365,0.0,-0.07916240787637793,-1.3133308495092297,0.12312715231642171,0.05803087387883373,0.11213086634219223,0.07735457453712875,-0.10780395997364954,0.04714215651813587,-0.021093570086279354,-0.35047856454066567,-1.1111711310731835,-0.7889353302546891,-0.38748203355514443
1149,-0.27557556487461354,0.0643967674361309,0.07194230801598168,-0.03175293737399126,-0.025727513814894073,-0.15019193664373692,0.09786802674770283,0.0,-0.26058246020500875,-1.3032042260921843,0.06251648105445502,0.08222796130037052,-0.022164762965488527,0.10145662422268557,-0.23417160201095394,0.04572460980175433,0.1074785446112781,-0.3885692290758299,-0.998236219834794,-0.7608331493445675,-0.4105760893196841
1149,-0.26998214207977744,0.0698675209774082,0.07312340606071968,-0.032774638603304575,-0.028029471512087702,-0.14385243303485587,0.08711901673996765,0.0,-0.24821554108672383,-1.26709873158208,0.07640071780028102,0.034385231892199,-0.02534330482497888,0.09258255875090411,-0.22388408457974837,0.04603242446297718,0.10766891419010227,-0.37529758152200354,-1.0511222533269662,-0.7511419726471008,-0.38712511949389067
1149,-0.27561637866885424,0.07208600737904394,0.07859698642259336,-0.0842235596761675,-0.028439974547385137,-0.14560202335349542,0.09351169932435482,0.0,-0.18895521549090524,-1.2768330315617993,0.04826397400264387,0.021840174830622207,0.08172798127218338,0.09680632066347325,-0.18611884594925365,0.04529636529909542,-0.06900616251259421,-0.37520603222715265,-1.1005037902994839,-0.7239999032818183,-0.3742943455180721
1149,-0.197788456846656,0.07304614308921073,0.0839607225512174,-0.09366005022155652,-0.03880690658025633,-0.13848709906484716,0.11649248793471953,0.0,0.026152358984304416,-0.9989938142211914,0.042593906321814104,0.027039028970324484,0.12505328609753666,0.05096294668748116,0.027008978446666398,0.046337489584684595,-0.06426344257771856,-0.3616213498467476,-1.1244927947290422,-0.8086535128774665,-0.3890811268614584
1149,-0.09859665451650725,0.09407436235055892,-0.2690264580423862,-0.15742652875183571,-0.023026524432720345,-0.12340095829447469,0.1221040985226606,0.0,0.011051127552177971,-0.7014875702596042,-0.0608623372429348,-0.06674762618546559,-0.11144885974963506,-0.1628901779051784,0.012274055382552019,0.03813878367449415,-0.5623010599253151,-0.35503266106052067,-0.9414143907179601,-0.6999099055856576,-0.3761989785908545
1149,-0.17139111292023593,-0.03709009862340855,0.08104087128533459,-0.18857264697239234,-0.006869720414655444,-0.13609080343607932,0.10305645804983657,0.0,-0.0015926099994898178,-1.016097622997895,0.0433702152963599,0.008599821629552683,0.015131466698627093,-0.03574977011517109,0.03439540898762108,0.03967022225019454,0.017304782744176822,-0.3490697781445894,-1.0285893714185406,-0.7350560614460271,-0.4052842677975097
1149,-0.17415873269946222,0.06919378483800594,0.09137725182605493,-0.19203750541985065,-0.00948920327173473,-0.13906707116710804,0.10274160531088838,0.0,-0.006034247810940691,-0.9553718553012943,0.04544189508710666,0.0028222278936535835,-0.028989815837314543,-0.006564977246036288,0.035531784841531876,0.04254369911561143,0.10322037302249043,-0.32881555192306855,-1.059100841006638,-0.7108460024840427,-0.44427134440539634
1149,-0.26021679848746077,0.042229984376279714,0.06368465951300631,-0.2346916988500076,-0.04266447759896806,-0.1893061517292196,0.10591483539996596,0.0,-0.017694420279650264,-0.7453523665914168,-0.04848426636561858,0.016028894624984323,-0.15487944067968326,0.11461526070109442,0.02004537737088392,0.04243773774242063,0.06223082501410225,-0.34528549490092697,-1.0238703568134484,-0.7552901413740761,-0.41356090045801414
1149,-0.23739128665396034,0.09294230570828087,0.07488342477203931,-0.24735329230460892,-0.03209823181217909,-0.12585002947695864,0.07241428093655979,0.0,-0.04115821626109739,-1.1157801192047905,0.0786526667514213,0.04253208798616465,-0.04930791668695071,0.11381510933060908,0.0042488796028856725,0.04310161236864782,0.02073944252149849,-0.33047380224103445,-1.1011723778270328,-0.7796491111276328,-0.39266091938611386
1149,-0.2632864035297087,-0.15146915918892973,0.05707566184714269,-0.2505649802262171,-0.04951545591716691,-0.1454545764004747,0.14612346691194855,0.0,0.022402059369351295,-0.6283592303108965,-0.06959142600265293,0.02690680231352089,-0.17251544458657941,0.112232719358639,0.06442957345209387,0.0403617831988399,0.055246246648556985,-0.15772265292695162,-0.9678004275487495,-0.7750763909664943,-0.40873187327523014
1149,-0.26509963739612225,0.04010815890579114,0.0687720611594598,-0.2248801245329809,-0.05126676927831554,-0.19277886189871332,0.10440334713122087,0.0,0.03677940377462738,-0.7484596249811288,0.023964849976322013,-0.0043206230070424794,-0.08153042202337729,0.09283723354828564,0.04760512117742886,0.04531406471553104,0.08216526881805797,-0.348557145032967,-1.0501363232224181,-0.7673794950544867,-0.41898489855010224
1149,-0.23951383577173854,0.09420349697416357,0.08226081437623653,-0.25054244567378336,-0.034706974331037685,-0.14002420844867813,0.08102259774154573,0.0,-0.049181203000322235,-1.207565430164087,0.10589273055589296,0.034964155728920567,0.09202100274898846,0.09529650568650104,-0.008649121150289608,0.042473057173484395,0.024292469562473114,-0.34749520140517176,-1.0997265917757706,-0.7209089088261085,-0.4033048710566719
1149,-0.26209907936323246,0.04535698125442962,0.05320912044664199,-0.2367272239594767,-0.034303401874793235,-0.18677817494744406,0.09535919813172733,0.0,-0.033254971352400665,-0.964910831209892,0.026675709123787323,0.004098045497762419,-0.16131654611403684,0.11547356166834362,0.00930362183051501,0.042378844938089556,0.016520419607071093,-0.3344024965270167,-1.026121226689314,-0.7675812899317046,-0.39023255779267185
1149,-0.29600834809787113,0.08953264647893983,0.08751294429602736,-0.2089185588296928,-0.018220697855971635,-0.15137633023683691,0.08354085454067985,0.0,-0.10765259340471586,-1.243125940333415,0.04409944832588033,-0.013789547070638118,0.06768750574299875,0.12072463947805125,-0.1912207678984211,0.04063266368542233,-0.03646589741550052,-0.31281239911160863,-1.0997891625326315,-0.7606933375964361,-0.3965700295451587
1149,-0.2821467766425862,0.088498071313628,0.07306441934726661,-0.22137882932931352,-0.01192509172428331,-0.14476032633924812,0.08307167512516347,0.0,-0.1957452222637419,-1.2905981013713286,0.0459812804080515,0.06595831152042037,0.09658116793675905,0.10310928814571148,-0.2245915485857052,0.04490911389355024,0.09262173841059294,-0.3079645885752479,-1.0267749849768402,-0.7192389190762103,-0.40455704350765
1149,-0.2810621936536605,-0.13447313302142358,0.06715661689806204,-0.2670923688704379,-0.028232760574996754,-0.16004567628579533,0.08407662449972773,0.0,-0.2863780903416826,-1.2371681499399003,0.03262369674251005,0.02918248023578532,0.08241052429964382,0.014224174142527687,-0.21249822953990494,0.040729987167309224,0.030502969823956574,-0.3496202359498088,-1.0250707359459892,-0.6742436916274481,-0.38353093885448
1149,-0.21655206322923584,-0.1672252028587769,0.07690996031874082,-0.2779455527019309,-0.026063441046354396,-0.13222279128864345,0.10848193033086699,0.0,0.02843410204838518,-1.0247343702636054,0.03493871923454113,-0.000833716641422301,0.11287492803773086,0.01808668581385248,0.01976533309607219,0.04234463759916606,-0.05691380529632792,-0.3389198654228948,-1.085959907589883,-0.7437000608498957,-0.3976463079022024
1149,-0.2742430642443692,0.055550504576843636,0.07120020952019233,-0.2754925701558692,-0.020349030102610778,-0.14803617305559844,0.09082426809549582,0.0,-0.49161105607368116,-1.1308655801001644,0.020855684427753946,0.0309966087093183,0.08025732847495708,0.012990868165279466,-0.42904575595620226,0.043599841251184435,0.09044782228797765,-0.30035923023633304,-0.9909942578102726,-0.6718740166532415,-0.40940239735478484
1149,-0.21770278030368376,0.0907798171126551,0.08376042526098225,-0.24976741051794707,-0.001283542789563138,-0.14362425595028205,0.10752999854117472,0.0,-0.041594828599905945,-1.1326145922831306,0.020962906779750077,0.009979520668043466,0.11611712479881293,0.012902460890199866,-0.03121582166442511,0.04462167135602527,-0.04787030828113419,-0.3256553337796245,-1.0731413151989162,-0.7227232138420084,-0.38372898520226134
1149,-0.2049721428389479,0.093075984532052,0.08975715953003256,-0.28697595972959056,-0.029735307062641474,-0.13472376119246612,0.12132284263436245,0.0,0.060185209452939856,-0.6731374160494571,0.017953278589952427,-0.014017506121913412,0.10852931795986837,-0.001602949684151566,0.046148248588884014,0.04630262545848285,-0.056847071283314274,-0.31746089757284995,-1.0784184300052786,-0.7548332708464772,-0.4158430971227409
1149,-0.2348709956957882,-0.04901472254482712,-0.08965973794532155,-0.24869148779169367,-0.036639133746883865,-0.1404781976294405,0.0932171645262645,0.0,0.013165924797677427,-0.8114231082739038,-0.08237925690950074,0.05771523951634758,-0.16221337847787698,0.06575329113714175,0.01579423520368879,0.04222256099057764,-0.18506752666290377,-0.295000602645366,-0.9008142205050755,-0.7623201211543044,-0.3442496232476245
1149,-0.16381379702614865,0.08473456896411626,-0.07283363450896498,-0.29777282719392484,-0.014097060264945614,-0.135261485699681,-0.0015525380383700522,0.0,-0.04408206663964915,-1.1242611140073218,0.05778533504495132,-0.021071719415166685,0.058323727398660576,-0.1754962983365849,-0.059204905797520996,0.03948042550202891,-0.17512006356352913,-0.3580516303005269,-0.9617780342323766,-0.6863922437601852,-0.3755343075194357
1149,-0.1152402439621135,0.09837539133889793,-0.04133178598276026,-0.284453156908271,-0.029002560617944755,-0.139708360060822,0.03302216210224484,0.0,0.02334965375870925,-0.6889077311865044,-0.048919932804610045,-0.07805783284486993,-0.11572593812833491,-0.17945525639847798,0.021612641696547544,0.03849591050247686,-0.210819485384521,-0.3396316398091128,-0.9947368168308935,-0.6811333408471052,-0.35968789775588633
1149,-0.13158300779912382,0.08983818934491054,0.07646328947781006,-0.2712110261664916,-0.03271673045048639,-0.132536209412911,0.012219951907133287,0.0,0.0452260853638523,-0.6295000398371906,-0.10035025485330179,-0.011828486598854545,-0.16952204876619525,-0.15668583282596898,0.04669856610228732,0.03814775918508817,-0.05422174547889546,-0.32636897291114264,-1.0227899435561816,-0.6498255161181339,-0.3635026047886217
1149,-0.17407351143316022,-0.14265791094875244,-0.09401031866546362,-0.26163569724871477,-0.03484271005650323,-0.14023249965780604,-0.011852706071592587,0.0,0.02789790323825379,-0.6727503611758135,0.05045875115444101,-0.03333912239364138,0.08310473438872207,-0.039238010200160024,0.03391357984905321,0.03900859429968687,-0.24713036734856883,-0.2870335096032777,-0.9815836018738278,-0.6889081734273242,-0.3745316036638034
1193,0.09076496716000851,-0.1495231088652487,-0.33545168961896077,0.09717655457659327,0.08588958345669298,0.056972482488001845,0.13116066446642946,0.0,-1.1213904639379666,-0.536305253060145,-0.034746570451788195,-0.15508346841626847,-0.1425897954169161,0.040936933883359644,-0.07745269484785335,0.047911984444947965,-1.065890588626757,-0.09503425296119566,0.15552405736176775,-0.2161360797851889,-0.12736786223655414
1193,0.11287335134043613,0.06942515391342208,-0.05950775478164953,-0.01496483362857074,0.09949697013180628,0.06369296911378249,0.09694769189914659,0.0,-1.9044766669594546,-1.2213098548504489,-0.17171094543849177,0.034956913814738,0.028691171786848806,0.08887613893315136,-0.7014945768497878,0.04386759639252641,-0.2714308394113064,0.029078168841074684,0.17829113825725146,0.19199383855892768,-0.09038265332212875
1212,-0.3080692651939559,-0.09398925344724864,-1.3012417076349476,0.09893923295953774,-0.03833354852946483,0.06266495899219393,-0.2964863853600158,0.0,-0.06800972120966411,-0.02958128833093068,-0.0405300937175302,-0.14383315295140653,-0.16574503095393261,-0.40047462152450697,0.038202885029172476,0.04533680377097456,-1.0132420059636267,0.05407673509345137,0.1684457109058355,0.17851510266924492,-0.16171863556487728
1215,0.09745111840743335,-1.048025522726415,-0.20922485724598952,0.041104990437282385,0.013263490170848125,-0.23097938278644156,0.11118161776812716,0.0,0.07790910001396287,0.05138614672454463,-0.05883922565117448,0.03391804933848529,-0.0516373156277964,0.027421085035255338,0.0067051584147726365,-1.5712339931778738,-0.08671313909357342,0.06284431372139271,-0.2925112685096205,-0.42119017033873535,-0.24677930147253047
1217,-0.2178677112695916,0.057026558040388815,-1.2934002104574955,-0.32716040793023415,-0.14326643055606236,0.03833266816707426,0.14951418692042978,0.0,-0.026759604075466546,0.035538036034686714,-0.09316532463915758,-0.1204511518237812,-0.12568068923192732,-0.37670862621729356,0.04044763831469227,0.04435709385332494,-1.0636294455168835,-0.16420804753491214,0.1493829132665754,0.17582723268562694,-0.17539604081031338
1285,0.09355225336397682,0.006535098586124544,-0.3515786651613956,0.07581040921590379,-0.873774807569827,-0.15083491684713946,0.102019690065919,0.0,-1.3740174344735585,-0.852124936891014,0.0016566192496832238,-0.1542416952416085,-0.13236186220322158,0.034673339749944056,-0.09736991937869724,0.03863548030189208,-0.8119042790221825,0.00016832575586325435,0.14645877642823493,-0.22904484338866807,-0.15812263164369228
1368,-0.21402417381988553,0.09495316567811643,0.054978967881625436,0.13421566535641527,-0.8011360706642247,0.017120891629492006,0.1157210898159308,0.0,-0.8211476918180263,-1.2684626938346717,-0.010116006168848866,-0.24993907557407313,-0.18421393974742534,0.055281427562793445,-0.4474203271640857,0.047096204170666324,-0.036839093798810355,0.009870119983252925,0.19916955995097907,0.17377245253756093,-0.37814834925984664
1449,0.08984151406784792,-1.1563624004583197,-0.12789599229332765,0.08130322966059599,0.10434744836983138,0.009151881024306157,-0.23974352771415514,0.0,-0.025813446629271458,0.027598312973163695,-0.07901948469603237,-0.07968863810621142,-0.029443398517804736,-0.08562156719932575,0.017313225160490935,-1.4922061566102645,0.031012455958229844,0.0646444688654963,-0.3335829900718498,-0.4012513464542812,0.12815040191642765
1546,0.05841512838074368,-0.13633693578514666,-1.0566738541832654,0.04646826034368519,-0.21487697693227262,-0.29027353434904596,0.146018309067024,0.0,0.07840329321871572,-0.06290397793486577,-0.09614502882056897,-0.19232248223198087,-0.06315542702803863,-0.3536575505348236,0.023398830619106675,0.04677469902545319,-0.8069232561029716,0.06797258802164051,-0.9505930740237221,-0.6040595669352763,0.08692614204065412
1546,0.06382804942631741,-0.147080870459803,-0.5653324079964626,-0.04501761397525308,-0.2826521883355376,-0.3439940543585207,0.14217588839270048,0.0,0.021383387356384096,-0.09379889654637662,-0.09208295371567952,-0.1710868474361158,-0.03581133664545195,-0.42026035346967505,0.030869167698108862,0.04580455262160073,-0.26768303357785195,0.07790563978610567,-1.0800473918982114,-0.6807153494118052,0.11527291377730839
1546,0.07275543650280501,0.040254809377545005,-0.5526163604869728,-0.19859251508002262,-0.29232077480472746,-0.33677164381640173,0.13922383476111772,0.0,-0.0072598338999531765,-0.3005324763680546,-0.05697159094749603,-0.15069009066171726,-0.005893649032042741,-0.3881479512371915,0.03355586408649591,0.04623149224551332,-0.33858806343098696,0.008531470242912571,-1.0927919771996928,-0.7078040789971338,0.12776958259929033
1546,0.06300232868101059,-0.25270812519390196,-0.5864043165622772,-0.28715967394169545,-0.2864193721466017,-0.3262273490782385,0.14253260361570855,0.0,-0.008081256569683209,-0.21780395097506752,-0.06734573652271866,-0.13718746548539976,-0.04852123928499658,-0.3210763131893273,0.02819245604642309,0.04633080210066286,-0.27744824970207477,0.00666503384000539,-1.0779965093441735,-0.6311376737826077,0.12294561655198841
1546,0.11530988287869057,-0.06953252145577035,-0.6378534802213607,-0.12993828378684938,-0.1626315693332959,-0.3036341382320256,0.10608246235049987,0.0,-0.02888646734584617,-0.32706442605442504,-0.027571641143469768,0.027783529998621284,-0.07152849363405116,0.02158299184496019,0.0204280193532029,0.04823397675612619,-0.29312420314434284,-0.7141466017487734,-1.0425400934269524,-0.6445700689408981,0.16157091220836672
1546,0.0875576408940378,0.03857955662382159,-0.552346270588726,-0.12097528571228808,-0.152556317320681,-0.3497309681527482,-0.09624659295514708,0.0,-0.0617540661605771,-0.38629432913357825,0.0006425572989323905,-0.1473684520994796,-0.0448895171087178,-0.2689848033089389,0.026224831051993504,0.044827253077885064,-0.3899772183830497,-0.6087752114431946,-0.9506927719801403,-0.6413948317517616,0.11988534023913237
1546,0.040785000875381554,-0.7883173190949075,-0.5174955741349764,0.0667818364956693,-0.27038748883100694,-0.24910464407382144,-0.11800689161905807,0.0,-0.06580958927018975,-0.35590660293497695,-0.051606094096507,0.031056947170135053,-0.012105726258402056,0.03994245647970899,0.015359732869429703,-1.2633485772584907,-0.3632893657518416,0.042624792405255005,-1.0357649771174486,-0.4761719323918727,0.13204237432682797
1576,0.0865695902018357,-0.0237096790973717,-1.517698230615299,-0.5425224779069955,-0.2065987398470629,0.02391585406382018,-0.33125525026850117,0.0,-0.030446925581905603,-0.0911408931200391,-0.08506446131721494,-0.14669826442960915,-0.16638675065276207,-0.4230822670572208,-0.00018366350747739795,0.04424769142234291,-1.023209218250868,-0.1273093500698887,-0.27140933345162094,-0.3209429063577139,0.0919018352984969
1598,0.10180423679933644,-0.0318510346625288,-1.3124575329453907,0.1131244796746191,-0.6161094399328843,-0.38085216521802023,0.1485342168061803,0.0,-0.03986469344985844,0.05023785793695622,-0.11367648613958509,-0.16769492849616338,-0.12288667943272263,-0.296908464987485,0.006552831381618988,0.05160700177638806,-0.5931559281151014,-0.016431779785574765,-0.2614397580684437,-0.3617153313981439,0.1326356842663811
1649,0.10268199353994989,-0.09926107972716502,-0.5821750363172765,-0.10407675985902827,-0.02472352965426491,0.06864537959198706,0.07890605043667503,0.0,0.04750499379342986,0.05569920984912175,-0.02703523673085354,-0.14426433217890092,-0.05864856146623084,-0.26639991698086063,0.02264250149099164,0.04664810557213937,-0.1698430853037032,-0.8236969997496032,-1.0605418301432794,-0.7156208308129612,-0.1554628191405588
1649,0.09739694274207261,-0.2726647528324401,-0.20533992167929668,0.012366769317238522,-0.06063962668896102,0.05570127042623641,-0.28047234149288053,0.0,0.061151814275607105,0.02623571651755012,-0.1142532487860009,0.032411392291154924,-0.1039043717683464,0.016699726783857907,-0.28995843304338537,0.046098496049090935,-0.17378714174309842,0.04180807554327004,-1.2447738891627549,-0.8292859448673444,-0.21478120491922217
1649,0.08364208883280468,0.06194179633658253,-0.16358454308987863,0.0891539579765297,-0.027581905886017676,0.04578474727732013,-0.2840452353110047,0.0,-1.1991277947466774,-0.6248552903179332,-0.08363944654033681,-0.2484753678631582,-0.10915460297925622,0.05371506179289138,-0.23266948674720556,0.04080847425499237,-0.29949497571513767,-0.029178019586108276,-1.0501563484716208,-0.7323243850769778,-0.2542060170199965
1649,0.08154272520610964,-0.7145521569292039,-0.30356383791158764,0.0911660498774771,-0.0399268747193383,0.066385144789778,-0.20458988168398026,0.0,0.08209539739359907,0.0600623971418056,-0.1014848206157179,-0.11016741699789043,-0.07039722974668933,0.12318037716900762,0.03888909335229392,-1.4085295189333527,-0.0955339740286315,0.07166807606932342,-1.1990002602033474,0.08166216146193672,-0.26571727704500275
1750,-0.18725777256528536,-0.40615972525263194,-0.6913844015406923,0.0601508956395982,-0.29276858294218705,-0.0862306011551149,0.14740184847874377,0.0,-0.0302758276962116,0.05513430434521827,-0.06964855548932575,-0.18110276687277538,-0.08806587715519669,-0.3787078665456209,0.03905589001987094,-1.3710715235083006,-0.263530820922253,0.024062881292986536,-0.29053581632533065,0.04996685608036904,-0.02072521848844555
1750,-0.17829772001732835,-0.38847937433670315,-0.5781516527141527,-0.24066627398368026,-0.3337844245773273,-0.10117410871783089,0.153406422743966,0.0,-0.031835150165304936,0.05757770757280614,-0.06330504073012608,-0.154279556735003,-0.07759285265622917,-0.3474833518276115,0.04157141297895081,-1.251772722467154,-0.20870568461662634,0.13184207266172898,-0.32116499880169647,0.04766467408394517,-0.00010163867704742114
1799,-0.24571609983950557,0.029699545918198435,-1.2460342694595044,-0.13221580944314268,-0.6927814348710412,0.07144394893034649,0.10880858373103466,0.0,0.08831786737216553,0.06186276789004496,-0.14850225638876172,-0.1482655784736026,-0.13236109380888836,-0.24886758961418687,0.03377360838589425,0.04344190189608922,-0.8478103774346747,-0.609159285473148,0.134793291662328,0.17117706727675575,0.09802794776965366
1817,-0.2544833401309487,-1.1002867013365982,-0.0871721759846467,-0.13288790028326114,0.05250888825908072,0.0593211043330577,0.09863460624052921,0.0,0.04968771844498597,0.0019094239419440722,-0.039934112764274825,-0.1597236949667981,-0.0783822341257162,-0.3522912931394985,0.027922982531078517,-1.3586975426595307,0.009757900749729157,-0.9873688466621989,0.1276197343692481,-0.3385038261444308,-0.0504291909474605
1817,-0.2623671082701313,-0.5580272340273182,-0.03443396251118769,-0.10632434729576264,0.08118019589088392,0.09345588258990041,0.14172202955216207,0.0,-0.01774153416387254,-0.11796662332446568,-0.030240821732797775,-0.19110861330673826,0.03511051456145297,-0.36169521333411714,-0.1294897878768654,-1.5423325346687236,0.04140890805573025,-0.23804734397374383,0.1708510060236302,-0.2856111448468936,-0.021379860305487206
1817,-0.311153913682013,-0.521817155263164,0.04664084572996808,-0.07746700159713574,0.09100475311511738,0.07398477152672188,0.12241865025811899,0.0,-0.025677495298843604,-0.20132916585390292,0.009470776322543555,0.010467200778683978,-0.02876984872811274,0.09636947026352405,0.011981412202719038,-1.561607025778087,-0.06208773763088652,0.07627606245836187,-0.5030634157457186,-0.49676458029146536,-0.08117851053066655
1832,-0.2752721960655852,-0.25706378725066503,0.06153640914139227,0.10518747734390486,-0.11176491543040029,-0.11179750330260506,-0.28610148204978414,0.0,-0.13131508990545204,-0.17227804929817606,-0.039945273365350566,-0.1172395315470392,-0.14641464202728938,-0.3604420706497853,-0.12924094402345124,0.04672461230240019,-0.11690149838337127,0.005751627406851888,-1.058530556611668,-0.7024621693683195,0.10839568680569489
1832,-0.2785056766205599,-0.2470769635360725,0.09993836068967911,0.11549167771335961,-0.1708312920647094,-0.13671124986950411,-0.2313450416452693,0.0,-0.14111659458545664,-0.20070126394343343,0.034803115481206896,-0.1973765396937586,0.06469175924549601,-0.427812088770545,-0.16273014170610745,0.04588827218692726,0.09012355549626212,0.05324083306715525,-1.066340798298936,-0.7848314461297556,0.0922084236033707
1928,-0.24010168262503154,-0.4432244521102161,0.08866293235957469,-0.12979641087322039,-0.16672074474435397,-0.03592785934749249,0.12508363933395777,0.0,0.0014190327245131242,0.05393895514217428,-0.052789393108607384,-0.18309958081342378,-0.07292773307286415,-0.3489669544071171,0.04389057041686563,-1.4905125261684569,0.04946598052722639,-0.5841678359660837,-0.37254077125612917,0.01868861907058853,0.1672219985837639
1936,0.13234400426747278,-0.6880768990261755,0.06578228754962855,0.032016643576082235,0.06612830171228894,0.06280372750862777,-0.2612328504738937,0.0,-1.6090955316688478,0.0049642842630587825,-0.07351513354918665,-0.28774077870353965,0.02031879462010826,0.06452394302597977,-1.0873562104572985,-1.3280979802062878,0.045074163306637556,0.013106674407006727,0.16074111085658843,0.16531075318560481,0.013429395511822376
2020,0.146239856066083,0.0899411251535449,0.028709899828031564,0.0857849692882107,0.07407849429729624,0.04620216511553812,-0.34043264537455703,0.0,-1.9235515923000506,-0.7688825479841718,-0.020591530420770627,0.038861664708757036,0.11821720323686578,0.09278641930216501,-1.245873237477478,0.0423039259577276,0.05303982428069433,-0.04049980375584782,0.17910178922188572,0.16851336920465734,-0.21963594310354376
2020,0.14608021118508457,0.08725962159015692,0.08756930725393364,-0.006352347180790948,0.07358851273472254,0.02316821094297191,-0.3252368241848497,0.0,-1.7515125217522862,-0.7581168847557339,0.01704377660831208,0.06448007631810139,0.07208761349301399,0.07431761116147359,-1.1046422673194547,0.04983290672495966,-0.018112265914489403,-0.19738584693896719,0.18577071265006717,0.16732043084175904,-0.24056860218645487
2021,0.1426103051691911,-0.33889413028104554,0.043806726817703825,0.04294753247991155,0.03533536953297287,0.05696116381885212,-0.23796703373739717,0.0,-1.8437299871992423,-0.09839151100761734,-0.13399941297378837,-0.2925462657856259,-0.11736835577820423,0.04102446968649615,-1.3656219810095527,0.04912905662524261,0.059052888644417725,-0.0027592172931853033,0.15291823730051315,-0.1819413433840106,0.11407576895380077
2021,0.13690458521982368,-0.14123876474512517,0.045199012019754084,0.02004501712572838,0.055536364787149094,0.0346954951022657,-0.2885525054678422,0.0,-1.7006918351426925,-0.13455042363298353,0.013233417005721839,0.02788177667311357,0.013113206401008421,0.04788804499812245,-1.1279909336095362,0.040413394293756455,-0.02769249880731195,-0.18123277805481441,-1.12979140184574,-0.8462882812931294,0.08740841189761367
2021,0.14942966380625877,0.0718739059781749,0.07038588803095902,-0.023818482808851515,0.054147948425956695,0.03615480817979997,-0.3250381621792324,0.0,-1.082612357921243,-0.09105476125215055,0.013870948137739453,0.08523860745777503,0.1123251284252652,0.07637719168822549,-0.6243291978888833,0.05085155147408739,-0.04153518792567792,-0.12960415401219125,-1.2783675806591184,-0.9226817832564493,0.14080327856982858
2021,0.15239266652310626,0.10310595614666483,0.06891735239394581,-0.13653599197542202,0.0464840225334666,0.04913789724450457,-0.3428140600791544,0.0,-0.9827949345203221,-0.056009070739019576,0.010132809582131494,0.03693188504257472,0.079881966032192,0.043007424208196296,-0.6186951460516901,0.04320548522605842,-0.023140636964205104,-0.14381604854726407,-1.2616853392824063,-0.9105902193269266,0.12646661622862163
2021,0.15576097664162122,0.07447847302363829,0.08227686076488679,-0.16067153233836556,0.04420086392422099,0.05025614570594069,-0.3480974353674533,0.0,-1.1732699123055066,-0.07088732039758007,0.08723134445555504,0.057251744176310106,0.07801433630241093,-0.001416290660898793,-0.6698608398631896,0.04481941118659785,0.06924715607990899,-0.13128761935506703,-1.192552746089654,-0.840587250405353,0.11868419173666753
2174,0.13053131800764348,0.06744016435433264,0.022549312772552125,0.02844213122051997,0.12678340475822636,0.05041795781461245,-0.30544658883532433,0.0,-1.9768017499105246,-0.5116112225585748,-0.0803512775024998,-0.26488961823599305,0.08980978462860237,0.05950242081621128,-0.9787064683042707,0.047917739297633447,0.04869309225798138,-0.3680128475337949,0.166197025545671,0.15559254341662007,-0.013436092945759592
2188,0.12678603154584925,0.07783448369163559,-0.9452248205467283,-0.12506539130609765,-0.3705170575956577,-0.18228621252238106,-0.33616250183460933,0.0,-0.8129661850317116,-0.20428603689094002,-0.026604157130128547,-0.12264925388921157,-0.11295600840002276,-0.3424730330332408,0.02596029455308739,0.04356409671457397,-0.9552297975828842,-0.1464411385231925,0.14755022902057396,0.17968939138192835,-0.04691074227869219
2188,0.08965126406763084,0.0669013961159983,-1.3183574838115906,-0.6194491069918463,-0.4866023588633534,-0.20967520993302066,-0.32015195823530496,0.0,0.07304647324528502,0.058669137556530804,-0.08856982282666546,-0.15600714113719422,-0.1442270050226326,-0.3924867637375779,0.023310589397380652,0.043715689036483145,-0.8238818220992402,-6.841981339631808e-05,0.14645531619688162,0.14714026018589257,-0.027562706306160097
2216,-0.18482708914000182,-0.8713062849272987,-0.901516457131558,-0.015619009775391041,-0.545966974930575,0.00934733160214002,-0.2956844164700459,0.0,-0.000977275400730449,0.041016968756712215,-0.10079883978192591,-0.20547738448020642,-0.08991068590693703,-0.3622894697650753,0.023826962890522534,-1.1310478118269833,-0.5448433887781988,0.04727806996566798,-0.22910966348328402,0.04567553984835545,-0.019095134295465655
2216,-0.29371095990513646,0.008774626704105894,-0.08229974095918531,-0.5076590140744942,-0.9619661255373329,0.043800613864494825,-0.29493375254819476,0.0,-1.0465980155711154,0.04895028182651626,-0.001244707761647368,0.05961331369569605,-0.13778821310366746,-0.13026333628527248,-0.7911278700684745,0.04258701558897576,-0.11654524891354201,-0.009545668168371999,0.15136581736542523,0.1989716333693999,-0.06943931002040492
2537,0.09866479985854527,-1.157447192459108,0.10336903316621418,-0.09598087865430908,-0.5098531559008285,0.0579691210384846,0.10889091376359895,0.0,0.021113737502144365,0.037574394693750984,-0.018999834167972917,-0.1461088189547437,-0.050712321176339274,-0.37122570747711686,0.01589878087330266,-1.4505143519990944,0.05368401203848244,-0.3844875029185924,0.14086615728654175,-0.270671846267555,0.11979807877878905
2537,0.08482454655883552,-1.1771833906957356,-0.4592145766999774,0.078590968014998,-0.5467039169911745,0.05238131469330668,-0.26822185142781385,0.0,-0.08583700793583673,0.020033051064427546,-0.05358726324275243,0.05620591602171146,-0.02160675069457057,0.05905522661275629,-0.03031562277614605,-1.3949079246485487,-0.3250910220518976,0.07454159821903922,0.15799669927109317,-0.24732425020176727,0.11641297783192245
2577,0.07863524617644317,0.00913983370417927,-0.4456094160083693,0.131428757390142,-0.033300101645916215,0.08808222420256707,0.0015522071462300239,0.0,-0.38953512086036346,-1.6052468163224036,-0.05464455190484716,-0.03083388616739659,-0.09822350633330622,-0.28524532862116553,0.031114739851856123,0.0413561571459979,-0.7970767706784693,0.006287877046757826,0.17386548519491482,-0.2710466382704043,-0.03489291557776124
2577,0.08994367002900681,-1.0875373001608117,-0.33871835380848403,0.02808632393941762,-0.09203075527893645,0.024395561093062665,-0.0005668718101549387,0.0,0.0839614514545743,-0.0014099131411792975,-0.07542968027064323,-0.12469873629633295,-0.07147728955919062,0.08001316657848687,0.04922976893846664,-1.4755963335033497,-0.0552362494942314,0.023716614018049746,-0.21789050944064844,-0.3515575799275472,0.006632775768791546
2658,-0.1980799293109632,0.022363084270324126,-1.3640166722462088,-0.3324399536281214,-0.05444537275936573,0.04239973880395043,0.14185839680770038,0.0,-0.09310312374337561,0.03921003886186459,-0.05030612251417808,-0.14136376671860038,-0.09707263348133674,-0.33466542640027097,0.026304206397463826,0.04114921908299122,-0.9932133969922817,0.034458476257936035,-0.9533836133681225,-0.61171201771766,0.08903505659772101
2726,-0.07520674775010208,-0.06371252546885287,-0.26099780559224445,0.07627425135631097,0.06240342459862417,-0.11322149285405424,0.1387416235062079,0.0,0.0459138593331691,-0.7635447293909537,-0.044566262298912696,-0.017667359481763265,-0.10413402861998397,0.07887875598124029,-0.13197953531494375,0.04533745207280702,-0.3039042890678792,0.07664761794041222,-1.045989733460704,-0.7548273090532382,-0.23466161869729565
2726,-0.07456616761128285,-0.0669918981107884,-0.23710469937155246,0.11128050750613815,0.07162743759259318,-0.11083516523722096,0.12212826568746626,0.0,-0.009644672849485218,-1.1008082482159982,-0.0829189878633303,0.07050539986005973,-0.09575140365759652,0.09457347056983281,-0.14359336601460834,0.04442346817041295,-0.3641962082259259,0.009913104669709688,-1.068179024377637,-0.7556380376494084,-0.23361302816435042
2726,-0.10374851559437022,0.0423129293899552,-0.24784646450570594,0.11667754849350116,0.07205223540868505,-0.11133555654244455,0.12321668439011514,0.0,-0.03655878139016769,-1.0808772877099246,-0.07806723713400417,0.06236117731774709,-0.10215003095938344,0.04840525149570109,0.03890772585819475,0.04303511783390962,-0.34482854384213674,-0.005723222343170746,-1.1170610099044327,-0.7341174200129476,-0.2362390587587311
2726,-0.15082649588182276,-0.007434158760002583,-0.322345330717982,0.11248989044955211,0.08201992421300028,-0.09702969909464346,0.11661622263574264,0.0,-0.09197197639204639,-1.1086194833429925,-0.07121268114582956,0.0357403632689298,-0.11618825137647662,0.033563347597052845,0.031211628688011882,0.0429191046094113,-0.5171917932418478,-0.061161569065508924,-1.04448008710864,-0.7255249032898641,-0.21330970390898613
2726,-0.09934900630318264,0.08174045897377626,-0.2949161311554668,0.06057591051647696,0.06946556542847271,-0.09416867448647714,0.12349164478015022,0.0,-0.04596081366022261,-1.2108414115633992,-0.07459172794601217,0.0559103977394418,-0.10431460410756047,0.04983382530535148,0.0405459108801378,0.04274074372203685,-0.33420696304138164,-0.055661231596525355,-1.024556965367288,-0.7744920014519402,-0.21431319893447653
2726,-0.16441485351756488,0.09809222267839868,-0.07002944067850182,0.04531448038170093,0.06990018630238401,-0.09442267452131946,0.12235743487841716,0.0,-0.07243735894653554,-1.2441824656248714,0.03789154936781222,0.025536800782245243,0.10630559527006239,-0.13586994959055218,0.03448768902106205,0.04682291685510986,-0.0655976557379018,-0.07979415452330295,-1.0832524839363253,-0.7868463613294515,-0.19822739224933647
2726,-0.11309895524301267,0.06607975481663626,-0.08940439493230729,-0.034460333075974035,0.06137777552314337,-0.11780340797874074,0.12117762202478073,0.0,-0.02769347634644957,-1.1765137966189825,0.009682646970227981,-0.23452521445732458,0.09282007246536078,-0.04898248434419128,-0.06764323903648688,0.04810997295704013,-0.15941048622584744,-0.08268696004549554,-0.9885639401046126,-0.8178048322089966,-0.1780119754593232
2726,-0.1395574619047777,0.0008807271213207241,-0.5066253834782631,-0.10411644726562302,0.06065190924068361,-0.09644285005790604,0.1308118698314436,0.0,0.024524668321018284,-0.7754076604229125,-0.07558467886061492,0.015425986433694739,-0.13944796735167023,0.06399036569562742,0.04577035993331233,0.04047918659890832,-0.6919244950306946,-0.10930456098610224,-0.9473366469012242,-0.7080222259672464,-0.22767423294259057
2726,-0.1833585079914177,0.06213039071541599,0.10479963230783525,-0.17212616831268773,0.051504431542802306,-0.1123121511182683,0.11351082616142287,0.0,-0.008829243932676794,-1.1088029889276811,0.0008371862311807914,0.03742327518383394,0.0823546149177536,-0.286528646868682,-0.2177589115952642,0.048713618458033965,0.07595157689974547,-0.12930838205032327,-1.0193341207050457,-0.799975416947884,-0.24442732097575723
2726,-0.15731602773806017,0.054766809176845496,-0.04257303491125929,-0.27219407908422605,0.056756998739939744,-0.13534867161961547,0.15084280098806713,0.0,0.048996144634280675,-1.011618546252612,-0.06003718223919742,0.06888482376666914,-0.10319268201142465,0.07658627271467035,-0.12551615177647868,0.04440951971697139,-0.19466087640396443,-0.07469077625696437,-1.0075570022885874,-0.7255224369027942,-0.23643815661174364
2726,-0.10910351642774778,-0.00887875504813877,-0.2266048788434952,-0.3095411673868828,0.08023788118866035,-0.13028401453820831,0.15176791369785045,0.0,0.04940625113144077,-0.6448082892399262,-0.09399190863826594,0.047889471015135396,-0.10016878649778649,0.11073379819496273,0.04822222025817788,0.0413153573078564,-0.2725841336294752,-0.05205218101953258,-0.9795609407615021,-0.7043812304583323,-0.2546433663739888
2726,-0.13982553386936858,0.01592955387600937,-0.5023566617479962,-0.4295292904927844,0.03421745862850762,-0.10727691933625137,0.1031229164575191,0.0,-0.013574023533027252,-0.9890623624876419,-0.06407735959554846,-0.0009908814442175682,-0.12185569805564356,0.1068950554124569,0.0441989172550874,0.038773569657787964,-0.7924686325287824,-0.1370186479930634,-0.919948932562439,-0.6515370845525182,-0.2082213455894684
2726,-0.13544426346716051,0.09267174582751662,0.05939118184433538,-0.5746139854785266,0.06612590010763776,-0.10604097254823987,0.1418490959047592,0.0,0.05341149170539198,-0.8245747532331992,0.06164045816963995,-0.222638214327413,0.12297894930652402,-0.3656923519184099,0.02880918472935759,0.043521168188182,0.05094473282857635,-0.1577228352598337,-1.046076954459289,-0.8032480194244981,-0.19286821284020209
2726,-0.1226467706332841,0.09232475813238021,-0.3047440759442707,-0.5870089565656169,0.05768602422810983,-0.08619450120700546,0.11989193361473617,0.0,0.037503444915590226,-0.7792778966010113,-0.08880399114309023,0.05198343804096631,-0.10028556512953005,0.1070688835006738,0.0466383798795266,0.03880754666172613,-0.3474742666217154,-0.12567366878059205,-0.9613518089010946,-0.7281355706243267,-0.265498909446752
2746,0.11568234788883675,-0.037681919937646,0.09760662547251427,-0.2669643143929219,0.09035540037195394,0.04213626434224548,-0.10772298829316018,0.0,-1.509492843839155,-0.6233210633284623,-0.03183769937796281,-0.04659007130322268,-0.022411441291808547,0.07956153578404429,-0.7637157327030575,0.04386165474785592,0.02920100563280679,-0.3864435569384554,0.1872693503613853,0.15931101504333284,-0.4657347723156971
2764,-0.2886038134596141,0.04985187588806189,-0.5208843219617538,0.07523441494524895,-1.3908710981406183,0.061403691169468436,-0.021902251881613984,0.0,-1.206711323899125,0.02417644329288673,0.0055229720921699706,-0.24410826679775163,-0.15336989376525534,0.015803571475677465,-0.1127010285540801,0.044386169587998466,-0.269845310668334,0.09271270654301123,0.14197985235942537,0.1996166585892998,0.14337249997636226
2869,0.11726638025722375,-1.0940239255177038,0.05226251455376435,-0.2332331453569703,0.02792382322462052,-0.25735442345559595,0.0694591561398344,0.0,0.04074527903683707,0.005054610475578814,-0.08331475327811273,-0.11360699497975502,-0.09959431261997274,0.01885198323200205,0.06904075383958154,-1.5437898092154556,-0.11055910317699698,0.05837316659319875,-0.28663690107165746,-0.3419698037470127,-0.21091777020069713
2938,-0.20373134800471324,0.044543289545758306,-1.1224696361580166,-0.10327532600365587,0.025749104351416266,0.04189165545004401,-0.3488436133595665,0.0,0.031721872398559676,-0.5604887788854949,-0.1157500074924447,-0.1686507796629285,-0.15994643812179904,-0.40926544466224146,0.017427686280458654,0.03682690372324762,-0.9286911065821685,-0.20261663725417214,-0.8811560668357316,-0.6307611547071461,0.09888447376495163
2938,-0.2713496165783307,-0.008748504087093415,-0.003814238544018308,-0.0741994188559506,0.06739484384329474,0.06241014307083247,-0.4699976517744952,0.0,0.0699108554198176,-0.13515831022917468,-0.06203507902436601,-0.24542171364545282,0.056496526855361294,-0.5464213298665521,0.06500665420812952,0.04471783927976151,0.023445830867079104,-0.13059879110340936,-1.0996333689791913,-0.8377114055101736,0.11779247121507418
2938,-0.2143667790810656,0.05155110489640838,-0.18256970853212035,-0.1364162746603598,0.06937397266345947,0.05137657293151685,-0.33850554896483853,0.0,0.05198202715030334,-0.6650075073529327,-0.14167073282507803,0.054530323737362926,-0.12488919624712427,0.11592925488861423,-0.0030528450151735198,0.04048268910623963,-0.3244956993782215,-0.2585101445971561,-1.0531467555700962,-0.717032548157192,0.16448937750617554
2938,-0.27628544841579067,0.06929320688034023,0.07274163825311857,-0.17537865460725424,0.10005915224066292,0.06576336827037065,-0.2275843326005454,0.0,-0.02459269469406931,-0.9501791349275513,0.02947474635224637,-0.06415483983601394,0.08361396906211384,-0.0861378337825934,-0.2089499223120888,0.04588987418077518,0.049005548734901726,-0.27689543414847695,-1.1076032575344492,-0.7605670056992273,0.14131608176328608
2938,-0.2884829443446068,-0.002798424813131593,-0.05637477947022986,-0.1432889051986707,0.09380966890255735,0.07198061615380079,-0.1949568524214955,0.0,-0.037149051077209214,-0.985822329364741,0.08827534300720688,0.007394711358102467,0.10127993639949685,0.11171821647377252,-0.09664450412497189,0.04351865557664651,-0.1819214983724921,-0.2864613991178787,-1.0550483026147295,-0.7638650514762269,0.11404575780700683
2938,-0.3272328990560398,0.048754346156412914,0.055405649870800995,-0.14989289958090088,0.07956134689433622,0.0723468730720027,-0.25754599324533156,0.0,-0.24946716365040122,-1.1177585409530317,0.04902723417737878,-0.049956658607590514,0.1047961514173431,0.09154927606333398,-0.2703989795804487,0.043441214686701375,0.048927934283359904,-0.36140762930326,-1.0163432898086635,-0.680505811555057,0.13277051089817768
2938,-0.33469187869689393,0.0700858306358889,0.05496986824828568,-0.08817071018271588,0.08733799452306631,0.06738971607014145,-0.2366196969048189,0.0,-0.14833413641926838,-1.0577521359439392,0.06691921605160858,-0.018399452176422162,0.10975571099777338,0.1023532053127464,-0.11519192775883008,0.0463100450418563,0.007324826892301897,-0.34980222401321637,-1.0860498864159334,-0.716422625903867,0.12387240489583069
2938,-0.2780122227097385,-0.05031705556158896,0.05875206176885594,-0.20506431585472126,0.09518636760993843,0.06605456790396012,-0.2558606392853,0.0,-0.06859575153842608,-0.8885911180817311,0.05917788911846071,0.058731608744197486,-0.05914257206172929,0.022548156672587718,-0.026633868094288932,0.044034420378179326,0.018122448174370226,-0.3393703712118589,-1.0813875299553828,-0.7761343002860999,0.15017877734205048
2938,-0.21238678061741428,0.03031827219814257,-0.08528896904586297,-0.27365557140208463,0.08086401759715107,0.0620734368676629,-0.2992503287958103,0.0,-0.07772917350151887,-0.9966371139623519,-0.1301919610773401,-0.037468698547501046,-0.1525068701781261,-0.16254519961568575,-0.013517391431435441,0.0376438659972586,-0.27924967370909237,-0.3315080347616564,-1.0049677641699677,-0.6754302675088055,0.1563903990918674
2938,-0.32517260832214534,0.08016669752682404,0.06858245374930608,-0.3025465318333719,0.10587875573689408,0.075492821200017,-0.24177313823431373,0.0,-0.25821298388617375,-1.119517190096456,0.0737903455597374,0.040543725341537475,0.09734602858622331,0.08771549740681588,-0.10859287239044074,0.04678377575425099,-0.008765715476710711,-0.33879974989665756,-1.0888375192810684,-0.6967403085964474,0.1376962570048443
2938,-0.2880304456258723,0.07584693811809658,0.05775366885187828,-0.2997350472756891,0.09158722893108832,0.06621531109297706,-0.2922191354313899,0.0,0.028331522744459714,-0.6710192370991953,-0.05726643672510626,0.015885933587622202,-0.185065426463547,-0.04635297557904543,0.02922598648953153,0.04207749604666922,-0.007218340602718584,-0.29160057412836354,-1.0371304552964185,-0.7708648172185334,0.1268612017010149
2938,-0.3409283165313025,0.05062762327766395,0.06497389223532071,-0.2863197731928021,0.10246749889563206,0.07535258601556423,-0.17823243697872426,0.0,-0.25692341294394005,-1.150410275106042,0.06383631454269618,0.0065890511129148765,-0.1162188125250796,-0.10739510021008117,-0.1731052223160893,0.04049704825843252,-0.014659764965411182,-0.37924757380620044,-1.0757952041420877,-0.7566365278345327,0.11819493749546396
2938,-0.1899616810316394,0.02159998552650737,-0.08012220719746715,-0.3124115535528367,0.07129999977120328,0.062108973449095974,-0.34618475133023335,0.0,0.034155943317435364,-0.6613327743817181,-0.13651662394696934,-0.08441756237135467,-0.11633490539308017,-0.18069668670974665,0.014572562628155575,0.03618064685004225,-0.2654440677524017,-0.3177575759274794,-1.0578718377543639,-0.6712835478277358,0.1510297884690103
2938,-0.2143921708288402,0.07230951222525211,0.07774609609393533,-0.325346148762623,0.0885895124346029,0.05873772910238341,-0.3587902442660771,0.0,-0.035274392434055016,-0.8773162152524665,-0.14893756502184732,-0.012139881724406061,-0.205680889830685,-0.19199121747255163,0.016498585352526473,0.03830299346367342,0.07185225375401623,-0.3416190107243154,-1.1008408619852035,-0.6366267573940692,0.14478127685212297
2938,-0.20876044382724512,0.06872977717546738,-0.10187827697376595,-0.3379926898093354,0.0665830316554288,0.059605398313661885,-0.3325994160371611,0.0,0.05204203081987096,-0.5364391839016871,-0.1095311193285055,-0.05492862958442866,-0.09716039955726434,-0.18984892251370364,0.029659115417001253,0.03622267427916737,-0.2813471122823855,-0.32429132070396127,-1.044422174951346,-0.6650506542082585,0.1371874360872284
3011,-0.27382828129010633,-0.022900645054861654,-0.9912313555122798,-0.15527833222660958,-0.15744330119261926,-0.4665338540945568,0.10343161236119357,0.0,-0.8188182659042399,-0.03842728134352131,-0.005824850181383242,-0.149848405838116,-0.09299316907131937,-0.3103654585107273,0.028445189423790703,0.04769745008852476,-0.9483489789488245,-0.7774057783150298,0.12438447313578675,0.1924669207077943,0.09328051603585312
3178,0.13933449158613842,-1.0050807426181685,0.0595073253387142,-0.04163500931474408,0.11681640275319141,-0.034399982378160464,0.09914794963623426,0.0,0.0849326138001883,0.053051770213142134,-0.09087286358254275,0.06094768125850083,-0.14518221251879526,0.11906251321159113,0.07975231499552606,-1.7620300779525861,-0.08074586275794136,-0.1339075983352687,-0.290506321889908,-0.29200670842973553,-0.37439619544608793
3178,0.07943457940544371,-0.4284153121780625,0.10082771554812528,-0.007904190548453522,0.10714004634566822,-0.006634120287101417,0.11856538538808162,0.0,-0.6880787749881695,-0.0905939593603707,0.048276553263399496,0.038499339108449764,-0.22213252152696011,-0.042443029445699366,-1.1876565844927667,-1.5801044699340212,0.07116163399196267,0.02902327357982863,0.16802419923870682,0.16775768081743442,-0.46573981590781427
3178,0.12009204960794478,0.03139943755379507,0.0783459208158822,0.08556307223876287,0.1353434083508588,0.0034329856705142712,0.12901593120594965,0.0,-1.8649873656890192,-0.6811977329684901,0.03455375683194648,-0.047790244594449256,-0.1766357085733329,-0.002864385221492408,-1.238372716390485,0.04970458367901989,0.0800746766895025,-0.05346220332901117,0.17885336289999484,0.1765999919694981,-0.47286244984264675
3178,0.08724979106316756,-0.7910563702934654,0.043261759764428934,-0.12117778161941085,0.09525774487238212,-0.010344451964570312,0.0693868743891256,0.0,-1.485864652967973,-0.6734916721988198,-0.062388352544457064,-0.08379210117175663,-0.11739698814375088,-0.0018204485550317691,-1.0176496588867985,-1.2991959911877842,0.03207929712290973,-0.25276446487113163,0.12214367775422563,0.15699052235078648,-0.30254844051954366
3178,0.10014683656109864,-0.8458847769261526,0.054285021572944306,-0.1265283745542297,0.10082457889424436,-0.011092987583808488,0.07436012469963778,0.0,-1.635599852343224,-0.6330108246877032,0.02207984749737631,-0.11284073884111288,-0.09929617098112833,0.044476908395092295,-0.9476831276901493,-1.2983662950502857,0.021237050060682158,-0.12294779207019604,0.11570822625743274,0.15053464313731657,-0.31116697105761165
3178,0.08664173733976976,-0.34185262571130415,0.07698753807066105,-0.19588423686402237,0.10240123219614394,-0.007897323028793724,-0.09894922969445819,0.0,-1.5777709891969411,-0.43137187632770585,-0.07774988995665155,0.04397734706344836,-0.12685090507734165,0.07540409006161598,-1.3703455124909805,0.04066970278925187,0.01946759202082039,-0.2120510013067306,0.1665370119972684,0.18782393345783324,-0.3592548168510009
3178,0.11747167440189912,-0.9160465784417463,0.06396879009099046,-0.09494786765523254,0.12058508325973209,-0.02682682218618552,-0.02593895875918111,0.0,0.0679083678167741,0.03821139450751457,-0.1592430514581663,-0.015502235851374979,0.021201400968241593,0.10003749276440983,0.048635441936058905,-1.6845369780234587,-0.07415062017489224,-0.32167436636968183,-0.29138579802427744,-0.34930081670209706,-0.3486851756845612
3178,0.11941331681189676,-0.741521409124288,0.06573213865200284,-0.09860961028603939,0.11292318276636674,-0.031941193252400184,-0.0380440549254324,0.0,0.07748442802616362,0.040220394999515914,-0.15659489961847556,-0.015595990646011167,0.03662662444389691,0.11218950076495043,0.05019790153210551,-1.686599237163645,-0.08205531054016348,-0.3252142003431107,-0.3616019969154989,-0.35215836816865626,-0.38599583877402266
3178,0.13209333034878004,-0.8548582742964186,0.037671685361665326,0.04723866461843146,0.1250889787285392,-0.03659875715451353,-0.08073636492454297,0.0,0.07599995433877611,0.044848991416256125,-0.06748669117104038,-0.12786989965887166,-0.12206748942476997,-0.1277845374513145,0.06338770125181882,-1.525775759788111,-0.09184236367409071,-0.012770851422108008,-0.3458562786830823,-0.38217100078488814,-0.39660605257332093
3178,0.133885533450813,-0.7088147248293373,0.052403809027019764,0.035155848507097305,0.12822465555554907,-0.03825618196863823,-0.06774082086760128,0.0,0.03885680584876053,0.0173063902943416,-0.054505373295193005,-0.012753436119600418,-0.1484512778276486,-0.08008856618070592,-0.01803150275992529,-1.5463959884838587,-0.12124296332499182,0.059032925333748994,-0.4588762153242035,-0.39968402725877744,-0.38539971452382793
3234,-0.2382852553223825,0.09322398119433353,-1.0055803147934879,-0.14996684873049043,-0.047804107688369554,-0.0018721550942890422,0.09424299884896613,0.0,-0.030032185875062817,-0.08631995534816014,-0.004010783539797748,-0.09644543382177392,-0.16295704075801043,-0.35340196342234365,0.037150134086213434,0.046112684482875387,-0.9109619760481918,-0.8959473293184809,0.16218245748981436,0.20851952574283814,-0.3093497761765335
3311,0.06927844854811838,0.1158830902794643,-0.5220647003119356,0.10666373595963581,-1.1213574600951555,0.013363868286797155,0.12310127663249111,0.0,0.10836514247085179,0.04099466188214784,-0.07404773628125155,-0.15163104707246047,-0.05965645418212243,-0.2464970160643025,0.02201766122506893,0.04168635623258409,-0.33430522197947166,0.04089663428540324,-1.0002333705273356,-0.7540596147636625,-0.02437304974794636
3311,0.04092049966642536,0.016432737848494017,-0.2781521135700153,0.10023099736205789,-1.3151551702481188,-0.006621841510046542,0.11952865822141012,0.0,-0.06428675307957854,-0.12387219127958708,-0.03325094001512587,-0.06982763053907186,-0.07489605194051942,0.045311804014025577,-0.10782386966534936,0.040006600695936784,-0.2670713214785856,-0.0007429165262071123,-1.1500235176045304,-0.7274793888255799,-0.1015047131957144
3372,0.1272174555552038,0.10013306791733753,-1.1873205533651416,0.070172819143724,-0.08757027625747714,-0.2652406784905322,-0.2999948776342965,0.0,0.01271583393620539,0.045003774115178447,-0.06613506292186175,-0.25920870592704687,-0.14670523966410665,-0.44206798310485607,0.026605151598663557,0.04784669841935907,-0.5461443772633482,0.03556557932397126,-0.27533412206783664,0.026860621949707366,-0.3853956982623499
3431,0.07007394329213201,-0.14074929737734948,-1.2685067861371884,0.041964715716429304,-0.04866943816080183,0.03973003575322678,-0.15588751867249806,0.0,0.029479133184677722,-0.36177842609704863,-0.027623546854140705,-0.07148743974040703,-0.18324614566435232,-0.39679702582847537,0.027518636202962653,0.0454147603913018,-1.2231910090296698,-0.053742273131890755,0.1857195527371092,0.16029107568390843,-0.04268790979094932
3446,-0.16653521087594764,-0.2897339942001029,-1.224611160667646,-0.15339517724150695,0.059229547161604446,0.005986980799300722,-0.30165382970335763,0.0,-0.05341429555216942,-0.1219910654346371,-0.0791972584901815,-0.14483895361973104,-0.07451923601331555,-0.33327402979403026,0.028390076439554743,-0.9979664394241408,-0.8438811409019954,-0.12435929129692572,-0.8412680035555435,-0.47044757174769997,0.08822739500032915
3446,-0.24673004148327066,0.07468367370715316,-0.5035175210802018,-0.299535924406589,0.07746461395005334,0.005108985363828698,-0.29296713779851824,0.0,-0.20679602061113592,-0.38155724889863285,-0.06183427256232816,0.008478422452925356,-0.150465952214587,0.05134195557734083,0.008926836749991264,0.04291040998766324,-0.7439328057212923,-0.2805508390763347,-1.027884268650061,-0.5661924960968248,0.11843738193431176
3446,-0.26731590030210717,0.06535441149559075,-0.47879442666747607,-0.29851835872754806,0.05129541057934551,-0.00893541748038707,-0.30801828535651277,0.0,0.01161852921774437,-0.13763053649411638,-0.08744142490297709,0.06753347992028028,-0.11477002865376325,0.1287460010024013,0.044289713091524144,0.039864218777649896,-0.7158045044542779,-0.18759777576519338,-1.120177340084095,-0.6344358709426986,0.13673057753147816
3446,-0.2524777698085824,0.06659969617044363,-0.5797072316477123,0.08161431265542042,0.06876354052103088,0.0008662050094153636,-0.2901763476374534,0.0,-0.05282745632849365,-0.1416970659212951,-0.06827014407654051,-0.13491054935974137,-0.09423879627058011,-0.3462067254635293,0.030432932158851043,0.04245697881620146,-0.7439434982219236,-0.003236435992104024,-1.1113551877072132,-0.6831142964839214,0.08831661824506135
3468,0.12509173823926814,-0.576802607847734,-1.0441148439301824,0.0811109902438669,-0.08761861191274424,0.0614987423818095,-0.2452821921931491,0.0,-0.0149732265212756,0.0068749659823215455,-0.07670928027911114,-0.17120519815749516,-0.07303578333460715,-0.3843044124177863,0.004287816556011438,-1.3231406514208965,-0.5943390890403542,0.058813933073272956,-0.3619282053325665,-0.2931500258195763,-0.2631909351587857
3472,-0.3727639692169688,0.022080077729176795,-0.6180693577817303,-0.0253515850641205,-0.029176046975551387,0.0937728925149624,-0.3438497130908019,0.0,-1.121880169235956,-0.4601677787928073,0.034038521117827174,-0.10003453775344272,-0.11168232934652193,-0.31118097635255454,0.03741711170710264,0.043228797465799905,-1.0714429656458593,0.048932225679333,0.17691542065183738,0.19298527052112346,0.10622310413588286
3472,-0.2654934572178344,0.09910475974052778,-0.08231706184311004,0.07805619632882702,0.0006544283707267952,0.07419346249832678,-0.21670292580332948,0.0,-1.7415652835627762,-0.7679539818923188,-0.00633976299514211,-0.19775643928665337,-0.20766565085982944,-0.11011142933021795,-1.0146739999061798,0.03904827345566585,-0.3273967745519297,-0.34867014844704897,0.1254529342468272,0.14959333839799444,0.11048781395680064
3532,-0.2977401507519247,0.03219881603422288,-1.1665846748005892,0.07495877859700893,-0.10749951809847884,0.050104819238928476,-0.31693800554487683,0.0,-0.04144320536369286,0.04131205771979534,-0.14146164102921652,-0.16121385467513147,-0.14573581818503015,-0.36733871729393297,0.030864301437489233,0.04824062918423295,-0.7575092801591056,0.07883674410065718,-0.2748774139376141,0.035806271678662405,-0.15153226395626454
3532,-0.26296212670972846,-0.9985832468070228,-0.21847561837245813,-0.09088466294296886,-0.18768330788728602,0.031986671010103614,-0.34271641396585867,0.0,-0.01308568849359575,0.019708072630653044,-0.09580938937164074,-0.0016777187134317962,-0.06454716200083016,0.15581828188802388,0.07510761321765953,-1.2915019499338998,-0.1002112695974436,0.08866943475162058,-0.2743349582134471,0.05798060252871628,-0.255481104335872
3603,-0.24856755610496775,0.06304175103004184,-1.1839873353185009,-0.155989833785275,-0.05415061150107565,0.020159271759167298,0.11196839555674096,0.0,-0.06364575813265703,-0.44940674349640436,-0.05923929045856138,-0.05854542502228447,-0.11441427467447812,-0.3494412021940443,0.031853362771078135,0.04531619828918336,-1.0538553326663576,-0.594148075865634,0.13314021566704565,-0.23291561732283808,-0.13354466010080812
3666,-0.19540036001313402,-0.038236599392875194,-1.2861420607026641,0.08461192811214772,-0.6644662873857202,0.03609292843095094,-0.04953373599399095,0.0,-0.06764079744359758,-0.03689266416665721,-0.08154700682003356,-0.1267708192810469,-0.09332333177168146,-0.2480329705859505,0.022095373410592103,0.036306948276992254,-0.9031317114520432,-0.0612873272889222,-0.871446122358818,-0.5743095830263047,-0.038151289751223005
3666,-0.18943017847085386,0.03354165126930338,-0.4398420232218935,0.05340440547869677,-0.8260180844142533,0.03875722601206498,-0.10653250354948501,0.0,-0.23058495219304775,-0.10047178223073044,-0.016450099686817456,0.041723487480017876,-0.10245112915421585,0.012767042542115541,-0.011489739175948805,0.036024241854067315,-0.8278198548062655,-0.10068048238109333,-0.9019988499304638,-0.6556218853748343,-0.06735475446317675
3666,-0.18950949156009705,0.12630339241411614,-0.21432337925295925,-0.0701225687026322,-0.9428046755825824,0.05363886213052653,-0.13511576095940486,0.0,0.08597603952724389,0.023864924566411535,-0.07604955911988207,0.01274965744057106,-0.09100228756080603,0.07353664290690683,0.06170322276746286,0.034335870106973206,-0.2832777451443073,-0.03518733550817475,-0.9638843985269556,-0.7962442494197646,-0.041531945634544286
3728,0.10204764821541139,-0.21344838247340017,-0.007026376502458978,0.08589686805594046,-1.2598110062053083,-0.0019116309226923723,0.08224507288561815,0.0,-0.9481445328919644,0.019537831652308997,-0.06462297720210995,-0.15214248297148925,-0.12785104855492077,-0.39693755110337203,-0.6096186803275716,0.04361189873285008,0.05340848730931594,0.01479254915091778,-1.0776665506600673,-0.7232687523269065,0.0997691688999678
3728,0.10403985762366308,0.03553327917043492,-0.055527578605006817,0.1186394100381018,-1.3634965597392006,-0.012131903970053854,0.12335237541854342,0.0,-0.8640371631271531,0.030770429877707436,-0.021185239501145786,-0.036327538719878864,-0.06188596363189433,0.027240017302452325,-0.5393060505164914,0.04262257392518671,-0.09616998913931128,0.05743686183885547,-1.0829390816436133,-0.7116185603174526,0.10639732821270807
3799,0.08066899278879001,0.06629574987312836,-0.5207660052733318,0.006004245509818619,-0.2039320195394642,0.05448541500539162,-0.24802577009720772,0.0,0.02212674281717753,-0.3465985676486398,-0.06865275697983007,-0.14419350074885817,-0.028029187796764686,-0.3693728620989128,0.03476822241699494,0.04400868425575115,-0.6995882045454821,0.051096714696166036,-1.1130227798844736,-0.693452931531714,0.10717168749150256
3799,0.07136866515218558,0.010756276457827445,-0.07835063214426646,0.030797636737623427,-0.2955027027508392,0.06480198178620064,-0.2731154620882527,0.0,-0.06491011431179161,-0.778996403025426,-0.11731181609285586,-0.025053208315972422,-0.11783864381602102,0.04732550150277887,-0.015268788025923163,0.046185725210667834,-0.23499080732274955,0.04717442665841857,-1.176776790780193,-0.7640093582354939,0.15577501502290308
3799,0.05895868141629018,0.06523533667620868,-0.6812462658650693,0.11716109270333658,-0.19205578542644267,0.047516441292851146,-0.28729289792485113,0.0,-0.047272507583540735,-0.7127952530007772,-0.06750309352270872,-0.1626713688039215,-0.09048185385733867,-0.3689910638749462,0.01720060167663649,0.0442207888448524,-0.8685360907162198,-0.12199323087350965,-0.9912964059711269,-0.6144612020300029,0.11580776678861676
3799,0.09500319884866208,0.14160081247032688,-0.5153532478274122,0.05914089133407683,-0.2957872194879693,0.054633695496682864,-0.32799413295932034,0.0,0.08801932271307994,-0.11244662030712245,-0.10392534400547877,-0.032341931217684125,-0.12920339605012532,0.053317362947920006,0.0571710362021501,0.0445886878475379,-0.5429519110707609,-0.023162506042361,-1.170122719425065,-0.8208964549795921,0.14727681050591798
3799,0.07596857352610588,0.0746080824834882,-0.4575081666221323,-0.09476942726849408,-0.24365960627787267,0.05450030304107811,-0.3062362783638578,0.0,0.024624855284684197,-0.5232439681812913,-0.07196324875191547,-0.045834983442235584,-0.07864245684959546,0.08083344213681902,-0.15040799519713768,0.04529937746260222,-0.7356880620054813,-0.03588610817637714,-1.1271945648106214,-0.6679684795682724,0.13590046878964998
3812,0.12663753482484277,0.09833171071302765,-1.2143144889815682,-0.16140704061546207,-0.0001333512181216733,-0.2619517646305993,0.12020208321524073,0.0,-0.5461127910657363,-0.003983089320084763,-0.046141742402568166,-0.11067393977815698,-0.12666920854731045,-0.3215612999377429,0.03588685694543447,0.04648284776722608,-1.0794098894489612,-0.06353088406088427,0.140525443607256,-0.23752677954056436,-0.16785738466829456
3816,0.09557184687782973,-1.133310329701536,0.05563514360628596,0.04905237709398104,-0.8164323008260422,-0.18872926508081678,-0.20070569645254882,0.0,0.10071563104495605,0.048586044745036853,0.016084962963567675,-0.037315363581514695,0.019857896283105022,-0.2646700449312349,-0.02235400510960314,-1.4098212706852642,-0.10785322685411955,-0.12800939661985924,-0.27126652721532507,0.0440703697530023,0.013832186769201796
3816,0.12541389196949712,0.09368096549265388,-0.06952154680733472,0.08734698003505027,-0.839693669870647,-0.34924545051053,-0.27480551603586245,0.0,-1.7553258470530588,-0.11648349113761554,-0.06874945234585877,-0.21576348323034591,0.07648674386862675,0.07456180027180677,-1.1181332024015813,0.04071386789184833,0.02578319959550164,0.044929380665751514,0.1479095187010448,0.15310110782192884,-0.07616536267669337
3816,0.12016444855940107,-0.9982822622816542,0.0472107169067528,0.0770828915298358,-0.6931756846847621,-0.26840032151652693,-0.21362447480839694,0.0,-1.2651696478205654,-0.08987790768576494,-0.06320199911566005,0.02054881121132463,0.03223792758953616,0.06665053751574172,-0.6619871993065551,-1.257157859335514,-0.08841681361303609,0.05144868593382516,0.14759255716724948,0.13440941453010244,-0.04498740048652606
3821,0.09373283892598373,-1.1519193235074212,0.0162188026756733,0.08314762801327844,-0.16998098325470834,-0.04309283654083176,0.12599038103585702,0.0,0.05415333694193655,0.047276861072719514,-0.019952379804078272,-0.1075113946645549,0.03062765172918909,-0.17040849679921832,-0.20594399929274507,-1.8524035385937356,0.060106817196985,0.066202368456207,-0.305362561639758,-0.38795963034996517,0.08409370800026153
3850,0.02564592052384056,0.055395642520368216,-0.05827702858781534,0.09175078719514378,0.05361977655091386,-0.18445283261578252,0.13090432487015163,0.0,0.02250142666633634,-0.7952089496952525,-0.06281014861511672,-0.18246357596884052,-0.10485433823035047,-0.35550542880937414,0.02592118931522366,0.045793999506549825,-0.12033638016285299,-0.03696700201596372,-1.1995473432202566,-0.7728318071803232,-0.25825836379101624
3850,0.04514593460495652,0.08446722215020963,0.07863992265307929,0.11364416170369414,0.07679792459286172,-0.17433226799222074,0.08657498102850288,0.0,-0.012815939992368571,-1.1774865528225964,0.050899893019175364,-0.2559782920325911,-0.043559804003272244,-0.39849308778153636,-0.19617870829308404,0.04623981364071027,0.0771643447305417,-0.08488053171993126,-1.1561423693583455,-0.9403740526834901,-0.2254197038707232
3850,0.027563870746388483,0.04727042028739769,0.0906107293013122,0.10663884706852171,0.06986187833000702,-0.1871064347416856,0.10935510572801492,0.0,0.0009566629516784473,-0.9586116948179216,0.010643378155231266,-0.2525628507960066,0.14048244588055436,-0.4604548166048847,-0.023590310498098774,0.05119236173850403,-0.07949222575973962,-0.03455670176080993,-1.143734138779731,-0.9412686335941032,-0.1815491449307234
3850,0.038892821047113765,0.09666790445047545,0.0720694413038969,0.1269999320851131,0.09039834421803579,-0.16118268200951272,0.07675311157770659,0.0,-0.03114560728280281,-1.2493121118526125,0.04741445448028978,-0.0766457362084904,0.1384738016605873,-0.059676650689857266,-0.16033448433735373,0.052194749737760664,-0.06446641218298026,-0.06264632357876701,-1.1869803409699176,-0.9268334613613187,-0.2369751937959136
3850,0.034310464674074545,0.09005177198108358,0.08030742658644385,0.12389088772293348,0.08875722057253718,-0.16050037990442603,0.09085648384783689,0.0,-0.03713498324441194,-1.0256810627269002,0.046753445439341686,-0.10134972520764093,0.15483395312441647,-0.2658006822510246,-0.07005108107249944,0.05359976858378242,-0.05703846946819625,-0.048722538867952754,-1.1437339119555585,-0.9727599724287613,-0.21305345392095631
3850,0.030869356003702258,0.09686403664211173,0.091666443501039,0.1312642913916281,0.08491968910719142,-0.16156063678245597,0.07855669539386223,0.0,-0.03770490484060602,-1.0448922299075658,0.07686881701979353,-0.1173808209493496,0.1470960189484966,-0.2642789496602346,-0.08587449597753002,0.05297010681446239,-0.03806559604251938,-0.06537365539167013,-1.1688664884620752,-0.9729272599380864,-0.23154790650457344
3850,0.05385151049169619,0.07778268762908809,0.07448222678716299,0.11195494644792013,0.09341686935740665,-0.14756550609987978,0.07391722034760466,0.0,-0.044238325386944555,-1.031910023973489,-0.11645903115064275,0.019911868159020858,-0.20642286795547826,-0.069371693699662,-0.16072760413862422,0.05048819169996979,0.07550789572287571,-0.06624934907237809,-1.066766319369191,-0.9292210419800176,-0.2808383150587491
3850,0.05106289662645877,-0.03673232340056168,0.06685759749514131,0.10316514355047468,0.0886433521846652,-0.1621094663815704,0.08806329266940288,0.0,-0.046347250946733046,-1.1909709533098667,-0.12042652979681437,0.02087168888015479,-0.2257212090088335,-0.021113069799045158,-0.16444281123266827,0.048062616114150275,0.06326606475704212,-0.07161597151604887,-1.0702608370210525,-0.8769317024772594,-0.28120395098588397
3850,0.0667733417743054,0.013277348695217739,0.07097280422625118,0.09340545422939023,0.0743608024638901,-0.16897326300826962,0.0701015332375407,0.0,-0.5095918261238486,-1.365662236457106,0.06268518435712743,0.09267304158625968,-0.19055827743130654,0.035507287817081616,-0.48312715128108996,0.046974119725809484,0.08405632387578332,-0.04367852933617092,-1.0989497368147876,-0.9058313525031637,-0.26070399828299345
3850,0.056190921451695706,0.07459272005066367,0.06720669481065494,0.09895656617753508,0.09452729354987519,-0.15202639721209704,0.07561186365891538,0.0,-0.08255915991978127,-1.2532254112652612,-0.02095513376605064,0.0997395190065264,-0.1701243549116844,0.0599067009191157,-0.060756418160529214,0.050712077748357266,0.06099807783222281,-0.06468399865403045,-1.1425759678402876,-0.9973992956563932,-0.2790826970915096
3850,0.0904569725117977,0.08162323879649755,0.09497128663487298,0.0997621271084089,0.09751129262416953,-0.15653188673019358,0.07097583457156129,0.0,-0.08096653716008285,-1.378010950948502,0.06955979029866168,0.0938906728943872,0.05256898997808948,0.06517717517234527,-0.20479149811665065,0.050791100392058086,-0.03567359934584084,-0.09080874589235526,-1.1769298975013174,-1.0448209952339784,-0.2617016714281509
3850,0.03466835433654261,0.06852539093428536,-0.0496378655983984,0.11007096171293328,0.08949856885597807,-0.18364049657410708,0.07054457489558012,0.0,-0.24753002852600395,-1.2838903633184682,0.08318511894053751,0.017563444710930864,0.01842371038833751,-0.1158621333815114,-0.24773567244626127,0.04335736754780105,-0.22909862716200274,-0.09372719318268792,-1.1736450732403247,-0.9277879466832389,-0.26996521219312564
3850,0.05011025641731173,0.08955999670558797,0.07537941616393762,0.10407768923727377,0.09147848766677118,-0.1642543348101245,0.10867920501097472,0.0,-0.10296448273347046,-1.341080852554117,0.009055457195883897,-0.03944268887635471,-0.06134711919843816,-0.052778872259683786,-0.1603670844279854,0.044465174407625443,0.0973026674803209,-0.08968429595696288,-1.151734581981862,-0.9031344307965189,-0.286278610125453
3850,0.039942814871752996,0.09502853137483315,0.0754513158613526,0.11312010195060554,0.1043575722405967,-0.16189282486914536,0.1094272846948783,0.0,-0.015944061317556248,-1.3013694433012943,-0.05891294668853418,0.005366585253320209,0.06710239030497446,-0.05515801509531805,-0.056196427497189255,0.04613675825787094,-0.04205023199950436,-0.057016127286607717,-1.1710853238370338,-0.924403480495961,-0.22867664142721242
3850,0.06999060002668708,0.047218145391860464,0.0795587822847383,0.12055225740159325,0.10416691038391881,-0.19792064350315197,0.10132703331918133,0.0,-0.29480704358432935,-1.2889422136579745,0.03287265516586493,0.1029767711514722,-0.03765573995720689,0.03918589084082555,-0.24446367377148626,0.0530593354064631,0.10772912523442213,-0.10937894293845808,-1.0981726527210054,-0.9266307569329555,-0.2728688026024602
3850,0.06081545175715818,-0.1263871371945817,0.033115071422060376,0.08845575924907598,0.08664263489067425,-0.19022353190806185,0.07765380870035045,0.0,-0.24294762342381732,-1.2879542055281106,0.02538144752474766,0.08156412261596281,-0.1966872796267827,0.051264611674455556,-0.24749431179141126,0.04649730473201034,-0.04245903473766953,-0.0970970415542614,-1.1589992137095428,-0.9230991190523159,-0.2620122816179839
3850,0.07892348556028973,-0.017696405094631443,0.06836495149911231,0.10214679630847182,0.09657305156555182,-0.1943757959187649,0.08538930342632921,0.0,-0.04084733295884145,-1.2917869501452566,0.06331275591246797,0.09812801179685803,-0.03918772676178355,0.08104913988960835,-0.17106259038337376,0.05215342774458576,-0.059661269125062574,-0.09784978323073028,-1.1903634796767955,-1.0039105695525066,-0.25828213232053027
3850,0.054677818431145414,0.06641019117411745,0.07892203632734875,0.11172993132890346,0.088897224692182,-0.15730069309300163,0.07981420356405908,0.0,-0.08608161164810155,-1.361546007866543,0.006563257767155038,0.06596477031118089,-0.04829907255459277,-0.03189134427886882,-0.026354170077590854,0.045472613801095366,0.08011729292968306,-0.06432370019934108,-1.120186013848005,-0.977589451116458,-0.25067715305789423
3850,0.03494216894979356,-0.033019645684468676,0.06613571024816499,0.11504598082847685,0.09846140680681159,-0.20402235344748165,0.09485595366728716,0.0,-0.09258717065032085,-1.2289083383868737,0.05140443592743042,0.0065018008981373426,0.037398846118686185,-0.10248918419117237,-0.05478563627605465,0.046439316743697515,-0.006360931977812796,-0.05603198184875728,-1.187293109828253,-0.9829135492527876,-0.2979048783261586
3850,0.015663729424135905,0.07996228975191992,-0.08930841320246674,0.11650428963932626,0.06067423378130126,-0.17380265406000164,0.14080815397740226,0.0,0.06071091842330143,-0.6752111125101854,-0.11987371719031568,-0.1309346504788063,-0.10943082416093032,-0.19535333270332042,0.051345242220160445,0.04209490299882053,-0.2819035679311075,-0.03429568628372231,-1.1030351635507158,-0.845426535357024,-0.3057996477677043
3850,0.04984406394060416,0.08219163001002686,0.06692364694797534,0.10828786402987196,0.08619732328194084,-0.1619692634725239,0.11358966936530195,0.0,-0.041894171472444036,-1.3414584942359233,0.00606908340949683,-0.04678996394860469,0.08979955383388191,-0.179313915398802,-0.16755751638520358,0.04497148275495656,0.09015024721938111,-0.09212891749374356,-1.1694470965818502,-0.9226541961231663,-0.27970213877574984
3850,0.06613255977646476,0.051286933946450404,0.08024480912312468,0.11321340647306423,0.09847258582070727,-0.1788342267116081,0.0825924567033188,0.0,-0.22643220744931414,-1.3099222092044067,0.06708678785478077,0.11437969539509298,0.10881758598842203,0.12525252799572192,-0.23695528747188913,0.05426984208401357,0.11342530154001691,-0.09015428419270581,-1.186911990454134,-0.913147992885778,-0.27272256090274816
3850,0.05615011281401825,-0.028340492708684512,-0.03370693978722346,0.09932067020427257,0.07508579646098666,-0.1698445105589667,0.07858661379663084,0.0,-0.06426579214800289,-1.180357927003675,-0.019478856052222892,0.0894277014734864,-0.18758223582325942,0.11680035966247301,-0.018216101561353098,0.0473873803288808,-0.06750266575300609,-0.05813226506419779,-1.1708841910115617,-0.9163994079947354,-0.27727837332249616
3850,0.05688102945737519,0.0605028830175351,0.06589245585688298,0.10796976620041084,0.08876597987274543,-0.18589478214419575,0.07970183942192545,0.0,-0.08519427221680216,-1.2692743125743866,-0.03366126801304595,0.06451125968337458,0.040370237724176763,0.09614181644295215,-0.039299220711086914,0.05239442589205675,-0.05022562941081496,-0.06606843721612765,-1.221877336583927,-1.0128288089617432,-0.25736250700702756
3850,0.04098604304136626,-0.13383537161971,0.07423441189741802,0.11065616011556945,0.08435198938712671,-0.19529998164101997,0.0958042269929201,0.0,-0.07089431584270835,-1.270293904344916,0.08744721232641268,0.03652162411190754,0.10288477852495813,0.11098916924919397,-0.013049391534309309,0.046685113604875636,-0.04809223207633415,-0.04631168914672985,-1.2460548504939155,-0.9505247722951149,-0.24492763074822077
3850,0.06815799268886263,-0.03099349084044073,0.06309525176818472,0.1111918085048861,0.0971341248391411,-0.2017583100303274,0.09840607549774777,0.0,-0.03649667966720434,-1.271587229473026,0.04210747926496043,-0.016916642565785255,0.11737430642331867,0.11352496333616685,-0.05550351324925943,0.049702783865202944,-0.05978051997494874,-0.05765617406324829,-1.2442198351634095,-0.9823560316567304,-0.2600769412071718
3850,0.06500658360727138,0.061634609670206356,0.08657122822042645,0.10282482842262647,0.09406950798622193,-0.19288072250211422,0.0801860029111701,0.0,-0.20724105765441678,-1.34020067258774,0.06528417498875608,0.08930764398902644,-0.03511942692968933,0.05870395407237217,-0.20480505380046862,0.05294462178151315,0.11908551654732058,-0.0966451204987203,-1.146034905091826,-0.9529759950626762,-0.2760594129400533
3850,0.0724101626090374,-0.03511341885093311,0.05563036767410667,0.10593507669499151,0.09447509360468087,-0.1709681707200256,0.08227992918005383,0.0,-0.6413455831873397,-1.3315840848886127,0.0838931394627374,0.07646064864268165,0.10606659710743119,0.04627749367292633,-0.5956428077137617,0.05016760925709034,-0.0893175397847227,-0.02939103329248325,-1.1132314691870757,-0.8321675976963464,-0.23881301732665153
3850,0.08067347345705556,0.08449612267799088,0.06804823959460915,0.11047710478201819,0.08292819911385692,-0.15936290865129218,0.06793687419170402,0.0,-0.06872080637624918,-1.2248000668061763,0.007102377651583634,0.016842308663349688,-0.17516338240141424,-0.10711489804950676,-0.17284193119402586,0.04965193806950278,0.017466969603954514,-0.10709196879074019,-1.102208626075377,-0.9753953867129704,-0.2575045296855901
3850,0.047248998781337544,-0.03510101948731852,0.0951750166310436,0.10817730869565087,0.07731494052710786,-0.1555404386799147,0.09402857944252978,0.0,-0.06662799296481176,-1.0313581986368232,-0.11077198507018682,-0.10583364399643934,-0.2015889992870207,-0.10510342040952063,-0.03725569920682898,0.05153528166704821,0.11310938537722956,-0.07478137566242274,-1.0270968359608343,-0.9096766214690541,-0.2701168214670373
3850,0.0382238635084522,0.038448669497282206,0.07255549886805998,0.09922361745803919,0.08019930194939089,-0.161586836008356,0.09320748764731161,0.0,-0.0759342066315719,-1.0181243284814665,-0.08121310466270089,-0.0976315509854958,-0.15134807772555622,-0.03344142319677431,-0.045862834921216976,0.050270916939944274,-0.06409387998210635,-0.07759379648933534,-1.155932556570897,-0.9797716868705841,-0.23297382884199438
3850,0.014873739602808925,0.06598746307939989,-0.22312602813112753,0.11221664251681958,0.07603047366326468,-0.14548281408644184,0.10640599213645914,0.0,-0.05341956149762473,-0.999250767736768,-0.09712082819717928,-0.11653969029543147,-0.15151692012292547,-0.18542341341911112,-0.006448923442686245,0.041498052496093944,-0.3983704235881501,-0.07233210542455638,-1.1255546263917495,-0.8643878430499956,-0.3269916843662608
3850,0.025277342769180342,0.0730359310357716,0.05852882819256757,0.11181385793911534,0.07340256414651375,-0.1866460869760991,0.14016530550524614,0.0,0.015383505033305425,-0.7497179939688712,-0.152324696169797,-0.020944421432969436,-0.19055163306193498,-0.17033350212792203,0.05047672049217436,0.043508918573052974,-0.06493304732104867,-0.0436844043818846,-1.19179148274136,-0.8879982227585422,-0.28934256043758144
3850,0.07592005765056598,0.05074146409250746,0.06804014412485672,0.10519640020583454,0.09631646709800243,-0.1998896239740586,0.1092922102004496,0.0,-0.036359527886311485,-1.260340756008821,0.09080577942106392,0.031577958882523245,0.11035732317843945,0.0596526531190198,-0.12985593797450987,0.048536193133711554,-0.05774701232468308,-0.06523625053810878,-1.2158903433988062,-0.9695629166842257,-0.2606940923479374
3850,0.0859726675729793,-0.017838891538162413,0.04956549629962395,0.11158942885175344,0.10220521704839415,-0.17982888917411347,0.05681215987566343,0.0,-0.054086742263641,-1.3327224996048936,0.06340047220130779,0.03994016280878328,-0.06568620331374034,0.11945013511984455,-0.1770829225644054,0.04594445284938703,-0.0032076504854201505,-0.10027062703654722,-1.1593425499694558,-0.9905274782598471,-0.25665394987368384
3850,0.06096459141078186,-0.2900281307537079,0.09417984689714487,0.10536097369995333,0.09567862565021686,-0.17334514192761208,0.07097369269743671,0.0,-0.18845709723901172,-1.3105571927744457,0.06418657980305027,0.11099137640229849,0.10114914534208438,0.11131872761863437,-0.18808527674444814,0.05227287139865439,0.1056480352426355,-0.09377188239810912,-1.1649921714512723,-0.8703478546249085,-0.2656963955217695
3850,0.018454244514274076,0.08820120310043976,-0.18405790691126658,0.11674113787795444,0.07074265529503683,-0.1793076252708573,0.1183991518427977,0.0,0.03139858691894312,-1.0030375222216659,-0.10986013348408087,-0.09899640714029895,-0.13591426874464513,-0.1910551750393773,0.008408217792671873,0.04116253340769631,-0.36854964997727624,-0.049884996042198586,-1.111342449881425,-0.8403695606374814,-0.30653933771198255
3850,0.05406925864230443,-0.017119533406832987,0.08549332543602234,0.10672646579515087,0.1055596628486812,-0.1743151144776121,0.11179697726892086,0.0,-0.04320728356459744,-1.3420145319685426,0.04147816165610008,-0.014321059226026346,0.08829133290890183,-0.20527967413617249,-0.12969403192667597,0.045133972202309414,0.09395882742195912,-0.055226453603508044,-1.179790458235134,-0.9335317713200023,-0.2589147330678337
3850,0.07109288555873712,0.09046098915688949,0.07023676040294002,0.1074693430983695,0.10600083701047844,-0.1672964589942545,0.0986551198747511,0.0,-0.04292334020886645,-1.2904147411495215,0.13526526473444384,0.044630871082841625,0.11589142869339476,-0.0728902192971413,-0.1446957944669747,0.04772561997667061,-0.04005915912528891,-0.06260259116032867,-1.188229405597822,-0.9623461756309628,-0.2474424261951953
3918,-0.34680146824533836,0.039793415296585054,-1.2436941532519188,-0.06589583934236627,-0.09485704298838588,0.07088552279934283,-0.33335650396128597,0.0,-0.018739866469214054,0.05263168997721435,-0.1250911137323785,-0.2358011559142519,-0.15396095021048342,-0.4285292609227336,0.023495454926830382,0.04802143328316832,-0.8355185809595213,-0.06063167665289797,-0.3284633501693037,0.0023136537827398197,0.07956684709778025
3976,0.11261737221202603,-0.12458702513884289,0.040890450192963314,0.09360141636145218,0.13355747873653684,0.06951776618401916,-0.29930758552666226,0.0,-1.8971017325595354,-0.5305956038029287,-0.004745248477808665,-0.28200681071365685,-0.11347340775373048,0.03962537710260072,-1.1673337853044357,0.04366608202234015,-0.027548307379858306,-0.05518477839947419,0.15948473375277544,-0.13768193476222276,-0.06361708284607288
4100,-0.27171398971442734,-0.45484438066171784,0.06714932758396133,-0.13656192858694077,0.059878831102132865,-0.007350170000833645,0.08890175564722419,0.0,0.06203561498730334,0.05165226000259506,0.04637127591945448,-0.21439356476927685,0.06827085021556448,-0.3604280753610034,0.04768611889027925,-1.62322717280312,0.028921941669739517,-0.6195343960260148,-0.34136106456434745,-0.41807691019820375,0.1322855182016326
4100,-0.1787809522968842,-0.8880162628098408,0.07460512527815713,-0.08003065944120717,0.09615196867535886,-0.007150059139174462,0.12520639088208227,0.0,-0.014005033247838536,-0.0690440922497244,-0.0377286617508247,-0.21430495134146188,-0.0192720157472991,-0.37531897048325646,-0.11040427987899512,-1.5375937211653672,0.07010140516704343,-0.24669131867377736,-1.0693658494787506,0.0433569569045732,0.10785609479612898
4100,-0.23063184613243495,-0.8154231464842447,-0.05587448873570582,0.06921198330465751,0.08159606424249698,-0.0017587231596417287,0.07342785655135083,0.0,-1.6099426394824259,-0.9010441292467952,-0.01591003979259195,0.033986634360822277,-0.06120238458309229,0.06302722216962754,-0.3064485374645903,-1.2284176428149107,-0.16899133478697956,-0.026172476885130642,-0.28027856272553187,-0.2723344280192741,0.11661892449357948
4100,-0.27000849824768264,-0.8717359203914576,0.039008070660793245,0.010726889342171204,0.1100440514889808,-0.015077021213547624,0.09729146812099793,0.0,-1.7099033896107185,-0.7927517243955619,0.030294033942919768,0.058605859368994616,0.03104970784565092,0.0686548037790153,-1.021485325964215,-1.2928842119704393,0.04173726375022595,0.055233522156733175,0.12827880935209088,0.1805864938080894,0.1321270001313773
4194,0.10830137421145346,-0.04548491276754827,0.07943408008774282,-0.1153518533713319,-1.579431391218488,0.06768681673811935,0.10141541509366246,0.0,-0.763699610315286,-0.07712159873194235,-0.003831155835306771,-0.15949740325019637,-0.1841109806987623,-0.2687893093372894,0.022353559086530174,0.04234066339993444,-0.0035722649208889037,-0.8538970624836746,0.1578842247296296,0.18323230048544556,-0.05737808528811763
4207,-0.23676228227098603,0.08608614434064267,-1.4759018121355798,-0.2780647570722118,-0.03347031578627552,-0.2629284111571495,0.1480342836952507,0.0,0.014037639638427494,0.05405551663037729,-0.06314727179402008,-0.1386544361347803,-0.19037624120107685,-0.40836318121004755,0.04082143747342759,0.0428335257478785,-1.1038205075870373,0.04887576337382265,0.15432667624364285,0.1727209030620882,-0.20040073898888278
4217,0.13619312666193278,0.09600231766100906,0.10038990735723673,-0.07122791942512394,0.03792068971127696,-0.3092575623988736,-0.3220129609288996,0.0,-1.0499893957806952,-1.4433312185688756,0.017845314228720086,-0.24321787637950665,-0.08328786884772292,-0.3762931608182516,-0.6127854429950798,0.04385278216531691,-0.03662126125706935,0.008207294143568189,0.1485878371525694,0.15934331138802724,-0.08018613996791059
4245,0.09019685385392566,0.09916038417661735,-1.4464882960734389,0.10326404058015373,-0.064134855369142,-0.6033053147830366,0.13548881298327298,0.0,-0.0014665574269018932,-0.38552237188875144,-0.05113647682680544,-0.18106266082664868,-0.10982667539099193,-0.36821885405292826,0.03625651962756699,0.04946179972462903,-1.15380073441193,0.030959941478166064,0.1651376264137207,0.15200522154510726,0.09074459451301671
4288,-0.2825778973389681,-1.0038208879804291,-0.07982572404303279,-0.25179310560124807,0.11673255128238913,0.071906926567096,-0.26914954764888466,0.0,0.11756919915759421,0.043534425965676395,-0.1004278354657457,0.0017549895690955686,-0.12894580842124959,-0.039300303849247875,0.06934304690961035,-1.2603545955163518,0.006538271458961234,0.07944274961231787,-0.2881197840988958,-0.4037949047510132,0.1569599229863248
4391,0.08002173921780308,0.10680231542410987,-0.5069626509180668,0.13740205710023845,0.09894253295606446,-0.17152858241920071,0.11238039519074967,0.0,-0.40946932544586645,-1.6473500234918388,0.0037382713367172444,-0.0854768321105476,-0.1376698798049854,-0.25370843161581386,0.03716464285397367,0.03987743607584546,-1.1007977873722958,-0.10084016772234054,0.18822147294020664,0.18065745743454542,-0.044830953018094616
4401,0.05342262481449116,0.06850252740031168,-0.35244852836306484,0.1278549802557864,-0.8920405622817972,0.024769011859914366,-0.28630171723129494,0.0,0.035335189431847054,-0.3934762199006265,-0.05608279223619231,-0.1972553278197588,-0.05083402814575849,-0.2588247573830052,0.02544575683228317,0.04121220531855101,-0.23530607161641193,0.09577411530526482,-0.9911059547797882,-0.6738751697943786,-0.3450200598640285
4401,0.04809024857558175,0.057417138992986186,-0.4460412214946156,0.12971268583936382,-0.8566917007455035,0.026416353376392615,-0.33275991385399695,0.0,0.01980978917376651,-0.41869236467261195,-0.04325269610423345,-0.17012122176975542,-0.0610939070455772,-0.25502556742623117,0.026034676858521105,0.040357827587616954,-0.3291850771560236,0.1012316427903727,-0.9390187387337489,-0.6664371144178501,-0.3148475667682618
4401,0.04898636103789612,-0.007793001010181023,-0.46748359718014537,0.12131641525381018,-0.8657148563613734,0.02662666295268597,-0.33425847784758117,0.0,-0.007167831795177028,-0.46380508572658935,-0.053317884635879054,-0.15660482622340777,-0.05750207995519575,-0.24354101212572865,0.02317583229945795,0.04128735219746494,-0.5353524524073296,0.07973614645703889,-0.9081645651005797,-0.6089281812972795,-0.30264282313775487
4401,0.03819957909874776,0.05217229872884713,-0.4259181086437083,0.12391613790795465,-0.8825573149757258,0.01845946331446887,-0.3427335088419554,0.0,-0.0352081548939523,-0.5409002964774569,-0.06557553771612407,-0.1613147317494794,-0.05116710943113064,-0.22426558171437413,0.02668033366069347,0.03902152771829977,-0.3341446652531789,0.09586871245638652,-0.9525226858198645,-0.6584170828482728,-0.336511706700642
4401,0.07075882980252268,0.06225062416356715,-0.5072669940999432,-0.10612777729788898,-0.9246275061121094,-0.0016647286382900513,-0.23781023812926674,0.0,-0.027967919503219304,-0.559960478297767,-0.06272245714504084,-0.01278823543969159,-0.09525798997558028,0.020698172056373136,0.023999005022312777,0.0372469898748401,-0.3373228901785912,-0.607530770129995,-0.9226954377670915,-0.6281853351408196,-0.3256771277984895
4494,-0.1811507844917705,0.07610291873617656,-0.5789840358493841,0.10825432931858311,-0.32340325419374205,0.060766842782079736,0.15127547212757583,0.0,0.08149097128325272,-0.44668896644951955,-0.05400826409837152,-0.14367734988098366,-0.04092114216383951,-0.31390971072006474,0.031248496914110017,0.041486157642680835,-0.7145163655160824,0.08962155705016264,-0.9256983359143084,-0.6900145712938685,-0.04570123922203027
4494,-0.15514845073508254,-0.11926211430767014,-0.23070352027526442,0.07824573599963208,-0.3167524765597046,0.05667924477912327,0.10229360222115362,0.0,-0.45582392461966864,-1.3410026733649107,-0.03604449000234459,-0.10672838359844311,-0.1025298095670238,0.0797640731662179,-0.09291924962707372,0.0386433219354552,-0.67770257614552,-0.06559391731550404,-0.8573942227673873,-0.5723173458894737,-0.05347231638193764
4569,-0.2117327766226793,0.06434369493408651,-0.5910433899090355,-0.09939973589986037,-0.09843228083510688,0.05362885465037695,0.08385974373411834,0.0,-0.024708809540013785,-0.9841761758835484,-0.04553877854075474,-0.10546104387608266,-0.10686572960598685,-0.30976664788184166,0.020263414745222724,0.039427112876327434,-0.6483109537889937,-0.6913744717003075,-0.9811364838910436,-0.67253514063738,-0.08038661824860921
4596,0.12684233000014208,-1.052611912968272,0.06399400818322613,0.07444815690736141,0.0411717782381718,-0.3551354830446497,0.10199409535660535,0.0,-1.4295663128290583,0.0031546504976061713,-0.054053415755651424,-0.3126318766503873,0.07702265992697743,0.0640052025404197,-0.5736368757218367,-1.4333089316733327,0.006700803466171176,-0.009488224020626533,0.1595239301990123,0.16340368758843107,-0.13761517745998614
4596,0.15224796523553932,-1.0717082054893248,0.048843211928528106,-0.2633865539978049,0.10264649947796871,-0.3025271076923582,-0.09774003403739767,0.0,0.06791718034584136,0.048786403048873335,-0.09518153490570384,0.053042740475389864,-0.1575564079007031,0.12977630294930628,0.0736983828147808,-1.4776249199065756,-0.13768256455796146,0.06900153635074831,-0.23198348900104435,-0.3226114693334468,-0.24856181749688142
4596,0.12767533111056845,0.08792218256507803,-0.16473613018577019,-0.29703207197436576,0.026868186367444157,-0.4078624989976613,-0.19488302340653388,0.0,-1.664622578285596,-0.0026199375460626874,0.02094876272717339,-0.1107459179483248,-0.219755597875463,-0.1262438848368874,-0.979033069288304,0.03924481011704586,-0.2976220586414708,-0.20015311695329116,0.1372669452013719,0.15639310094324432,-0.1819959385086942
4836,-0.23640382308534696,0.055530995552682344,-0.5914901309940334,0.08825018658129169,-0.10502562552455387,0.0397866691645504,-0.34360685206603875,0.0,0.0006323315308495937,-0.06654274688834141,-0.07745853797006465,-0.13414957441430755,-0.10335255568081902,-0.38743645050936776,0.027882117376394545,0.04446420431620169,-0.6911022189688816,0.06921449039763868,-1.0668844436983864,-0.7135428274512161,-0.145091936626501
4841,-0.3585693796181562,0.06624120794543854,-1.1254230550735254,-0.1929532837669356,0.06810956158912825,0.01618511216752362,0.10309115005308912,0.0,-0.5922740970877868,-0.0700844690974637,-0.04468665298529884,-0.1235882324967956,-0.17544102891577965,-0.3492028663245671,0.028126769286257184,0.04806316728312744,-1.0162726711782497,-0.8646844279248922,0.14161786751998706,0.20506041136131212,0.08139451343610186
4918,0.1057631852365458,0.032563030151075006,-0.057664865315093794,-0.3067020899752737,0.012703886487884309,0.03175161667486117,-0.2662017044953534,0.0,-0.16148193298845248,-0.07084501026318223,-0.05187571981196275,0.057803242502136185,-0.12124353647381922,-0.19058450849549108,-0.34705917206950204,0.04750597540602065,-0.19581209342853717,-0.07066012180515059,-1.2978456150713589,-0.7443630500238931,0.15680466937950074
4918,0.046751617688969356,-0.1319788946752905,-0.5644160289844156,-0.5616738226899091,0.026550037024305077,0.05725966220995411,-0.22240635806433703,0.0,0.0009752749176285375,-0.044637070854132314,-0.04365930378146556,-0.12104515299823906,-0.0923380431405339,-0.33249012852505844,0.019695689686145892,0.041707302070520806,-0.68257880682885,-0.1400324870973428,-1.1424637096885806,-0.6670963723280428,0.1037036057636332
4944,-0.24336878640851817,0.0807139362854411,-1.4316094890278777,-0.09246209988665531,-0.06047443223480656,-0.017470599958021686,0.14417313876935708,0.0,0.038331397574070135,-0.47028914409163414,-0.056967868891063186,-0.10966495848078507,-0.1640422200624617,-0.37407862460913854,0.04047327330205558,0.04517511700088488,-1.1197082077742464,0.037414658418806195,0.16917338644795027,0.1776222778092092,-0.35708753036651714
5082,0.0664257404587577,0.07820006179766921,-0.3644448533173436,-0.09951332222256593,-0.20393067821892646,-0.5592879948544685,-0.03198379089237235,0.0,-0.025527319043535477,-1.189318904890321,0.016090743235324837,-0.14588421947775274,-0.15432155289420232,-0.07248994099673922,-0.13349658111181076,0.0460298792712992,-0.6998588867031943,-0.08933629760558712,0.15653780934903871,0.15628292016435388,-0.21212190818781773
5084,0.12186236322425699,-0.7798450990076209,0.03349893338499963,0.09342740225097797,0.08976894714481942,0.08003983841364308,0.11122340530219682,0.0,-0.7224623318400114,-0.015876249205852302,-0.13992942398705815,0.06717387705820421,0.05178050597721214,0.06291269184115302,-0.7571050483086181,-1.7688608750382115,-0.06899632210546737,0.020328840939658813,0.17773840597364346,-0.31338972793355035,0.15764316130219158
5134,-0.1946058639798521,0.08533756520149513,-0.4647445683114488,0.09684557139606648,-1.0381910898747357,0.04611789290005199,0.1302837586186152,0.0,0.034846216745258535,-0.19937838315389267,-0.07082541423749214,-0.15865609846204912,-0.061282203417008824,-0.28171356402243625,0.029235191160951562,0.036148508319657754,-0.7650074874958216,0.017932108614251985,-0.950227018236493,-0.6757762820219596,0.06714611699068915
5134,-0.1589108976420846,-0.0006505251368341877,-0.6723296044170075,0.10126757939782814,-0.9372685865987127,0.040379313164191945,-0.3025081930661375,0.0,-0.05949851838062703,-0.48527055607393205,-0.06766099165910217,-0.10530213376955168,-0.09351390825623622,-0.29963391673011575,0.027413043209708894,0.036489311789189134,-0.8521909495098573,-0.0401366551832802,-0.8016046652959116,-0.5636428773716756,0.07271386807843176
5134,-0.2813682236430456,-0.16827583659776496,-0.7118943233179609,0.10357423920800998,-1.2265875818280578,0.048900665331242085,-0.3744687364211773,0.0,0.07869349400767281,0.046776732970014015,-0.12711659045542165,-0.13400784726631,-0.11605001523511121,-0.3435303211872049,0.015114247486721848,0.04470267429767754,-0.672214520936066,0.09170111402930363,0.1392074321718228,0.1891412009093462,0.06573989872461554
5134,-0.16374795988809973,0.07837973302813593,-0.1567262171715232,0.11633492749805609,-1.158009177062001,0.03958903201682026,-0.36721436910005345,0.0,-0.037976465038740886,-0.5892145505626151,-0.09140662503376695,-0.2174765555246239,-0.10999463003104688,0.05552820639032874,-0.12141134133218744,0.03881985197644175,-0.2842564536441274,-0.022821820111076366,-0.8971277095760208,-0.6829284922804069,0.1131425437184691
5134,-0.18142822885119053,0.05596878910114226,-0.5098700197016134,0.10241624094261174,-0.9775025560660732,0.03517713475298804,-0.3359755808282847,0.0,-0.07743896837923872,-0.48565695818570226,-0.05384394868303911,-0.09888436696164353,-0.10157547639017846,-0.3119226812714728,0.029936448743322883,0.03386990007485967,-0.8520566041855516,-0.04017965086142974,-0.8461663974912709,-0.5958371060655749,0.06934681239535603
5134,-0.21349274023034814,-0.023878686763508614,-0.2470379738480305,0.12011825301576394,-1.2150688610070401,0.05325226988276114,-0.3209385812986919,0.0,0.10635800732041525,0.010252594883232475,-0.11662379892677752,-0.06490260241957989,-0.12761179392186123,0.014856871161973432,0.0471959601005453,0.037713219544854217,-0.2504478252826923,0.07694722742672648,-0.9543236664819574,-0.7117205383069238,0.12524190494253343
5148,-0.2653429819622395,0.0594892493189242,-1.0947676409401033,-0.15775388494634532,0.0490510788997221,0.04442988856516704,0.08975114291303167,0.0,0.07893953947438466,0.05439714926542992,-0.10963649587686147,-0.1977222176725278,-0.145215629062217,-0.30400251530407213,0.016371319172771036,0.04576682815882311,-1.0416271283218428,-0.8406228575697952,-0.879085062880986,-0.047759915676777134,0.07864617658472071
5171,-0.3333322255106585,0.10136583880961052,0.05325422387474923,-0.2774755256850891,0.057227525842258216,0.05861340151085602,0.1111172760235313,0.0,-1.9201208497439752,-0.5706594018095659,0.010884063571185857,-0.049202067020486975,-0.034731373555988,0.04985026098235015,-1.1168620737985422,0.04217053175450931,-0.01700532575929726,-0.5387654536556622,0.15250084223491367,0.1547173312276744,0.11484395913697742
5185,-0.12818627425333098,-0.023728906227573624,-1.2531474636769049,-0.3604021196487374,-0.8385086090445162,0.0635905609107422,-0.23618123832690585,0.0,0.08394488821510913,0.020484689469122505,-0.101180300768244,-0.13870207892455874,-0.09277267580755583,-0.28503442165503556,0.02125922840376879,0.03663135847400667,-0.8922018976118922,-0.05611900860069304,-0.8082057138380312,-0.5599829001656329,0.06550223973262098
5185,-0.1750563660369927,0.002512789513987368,-0.2167443959996968,-0.5359155168141734,-1.2993338754122783,0.08806748567940204,-0.2789700610853112,0.0,-0.4443608329998299,-0.402485717743225,-0.04161298772849949,-0.13330905465923812,-0.14581316987391985,0.06092486456437954,-0.09809468542540865,0.044233139557259646,-0.2649122388801857,-0.28282806427206825,0.16417474652547082,0.16752990396120263,0.12140970094169502
5185,-0.18677780194053578,-0.02591486580217912,-0.036832334397033276,-0.6224309150940197,-1.271083503533722,0.06946364304557362,-0.20147625599206426,0.0,0.06904223587051561,0.0011103599643338983,0.05237363240392498,0.012348199500008693,0.10244664959739858,0.007817349804139999,0.06386097972053054,0.040429417690758244,-0.009397447306524918,-0.038078222893128705,-1.090825299549113,-0.7554809122063165,0.13849727972400136
5185,-0.1492359457883806,0.05553263989222486,-0.4841213479464622,-0.5853420417699471,-0.964979985046524,0.0738795729903749,-0.3053468012649194,0.0,0.057588100973513634,0.024781998041490533,-0.07275841616301348,-0.14583247359806903,-0.09004907006592561,-0.2796396983049055,0.02231803207755517,0.03543930375191032,-0.37714482801051274,-0.052188044332205495,-0.9038456823235693,-0.6998983214951497,0.082215916142096
5185,-0.18473731398061422,0.027198621554180104,-0.5036310849808923,-0.600664623275611,-1.0824275839958062,0.06825039723955159,-0.3045784337125677,0.0,0.06717936887873344,0.011467269899545484,-0.10357781765599963,-0.004806634437948703,-0.11132139789347203,0.014531378931507688,0.017032350524421123,0.03573446111164588,-0.33674275437208495,-0.10157664767736632,-0.9893211619553429,-0.6913916865363041,0.09284252653240856
5234,0.08541296618139035,-0.5525514434219287,-0.34865023025981157,0.025277338105680062,0.017924171703475836,0.00014711945137693035,-0.05629011687145785,0.0,0.08074953213574959,0.035928262655407155,-0.05473202106558322,-0.06455658826232481,-0.059914896395497914,0.04180019520077931,0.07001346781391729,-1.5442833224093686,-0.07615773533055294,-0.1611583300527789,-0.33007780312545026,-0.43085987327518865,-0.2937116248773779
5251,-0.21045618749029094,0.0828105922003348,-0.5312958989142436,0.05907426025027164,-0.5415266758367041,-0.10228607559470508,-0.2637559669964713,0.0,-0.19309705587348167,-0.6882647598483168,-0.003828822292466405,-0.20449544517693033,-0.18403873912069563,0.05579909828573777,-0.13449685884832213,0.043272573228916235,-0.9681086436294168,-0.3844263947835146,0.1577635920134056,0.16020975777592192,-0.17410191301043412
5251,-0.19656572061077068,0.09333460061128639,-1.1897586143200936,-0.26667233235963245,-0.5266373258182724,-0.0955932582354435,-0.3515139613956181,0.0,0.04184532630707044,0.05102482278388653,-0.09054179167404341,-0.1533775479814234,-0.12837182574258899,-0.3700956690284231,0.029838786746912753,0.0429850553798144,-0.9762986440162121,-0.10410855510528814,0.1349776894837147,0.15662065017614912,-0.17833519977029244
5310,0.140916206234737,-1.215693168483796,0.07947764255564978,0.07356986268788014,0.04369882828856098,0.0039047190291530112,-0.1549311491275542,0.0,0.092146305067877,0.04743708330832007,-0.11704318181737618,-0.21934459405214113,0.043794778004835756,-0.011404108609934079,0.06000239788113199,-1.7114836867884262,-0.12182670062663757,-0.07950469840025724,-0.19297859483200996,-0.24644818279110545,0.032161930645053266
5310,0.1016753437213095,0.08647463058982717,0.05986119539247313,0.09376678065638563,0.09627620774975022,0.05384090221122682,-0.16008666650188044,0.0,-0.6554297595645129,-0.4623294662950139,-0.06590566994618342,-0.22728694372503666,-0.2278106296502978,0.07113946712086065,-0.6221989083901438,0.04612739992466362,0.09626312983328288,0.049387002606964964,-1.1723620783728883,-0.8707204250051351,-0.10050732544027052
5350,-0.26274791223870375,-1.12667645190935,-0.026216406535096243,-0.0363137359349144,-0.04440805094219339,-0.020596151722184534,0.1275635452001638,0.0,0.10328086211977512,0.045617934602343174,-0.05464891749848043,-8.899874712704422e-05,-0.030843781953664412,0.1266574833572287,0.07052109077226941,-1.3431251989294462,0.03322712930587086,-0.17016449217861437,-1.0478180204258216,-0.05036779467489872,-0.041276383796262105
5350,-0.2637379744851819,-1.2506104392360209,0.1032762318890826,0.05874329060624443,-0.061727113539227815,-0.01590188841969715,0.1564267666398557,0.0,-0.6641587810806288,0.034615315049893944,-0.06341746233266278,0.03394429571462323,0.021955212946913612,-0.01213468393061225,-0.45221282881775543,-1.595694809937729,0.08773342970270377,-0.04808898236817552,0.17304635473488686,0.20660235717999706,-0.07605804502655149
5350,-0.32563411900608086,0.03496198524885355,0.07058558835548696,-0.22815011445083566,-0.04246888305287541,0.007244376961163472,0.10825922117729683,0.0,-1.122013691965245,0.002316552282824689,-0.06473312776446982,-0.16440869962879381,0.04928428655935937,-0.13335213089927234,-0.5279744687013872,0.04414183779278845,0.016995777913921283,-0.13378494668743862,-1.0986735438362563,-0.750286991037956,-0.08546863364574615
5445,-0.2644640809077449,0.09973574178563357,0.0544604235221056,0.004917530908706341,0.06540075695638929,0.05443832629067176,-0.17330426335016907,0.0,-2.0922401980267598,-0.34773518565634903,0.0529807387572548,-0.17329289213614707,-0.10650875872208301,-0.2527038288767068,-0.6599509667742579,0.041053289178940154,0.02775396681469009,0.01112890912003575,0.16745279500597388,0.18330382175260268,-0.05191764741482436
5550,0.06353667405701172,0.010203876100486802,-0.7272147530596498,0.11059019608904667,-0.12374940307268224,0.060680053165324814,-0.31297666944770586,0.0,0.05181675957764128,-0.3876199271182273,-0.0747426908204666,-0.23660260165668623,-0.0639756129801871,-0.40126710702911794,0.015501227898870347,0.045205006454573766,-0.8109502608105509,0.042791171346891775,-1.1440206404714555,-0.7415369812764838,0.10063184233145227
5550,0.05572392448248366,0.06350368236105035,-0.5010800364624828,0.09818962079401557,-0.1004389482900154,0.04958580104821387,-0.29142099459555915,0.0,-0.03505089890650096,-0.7547246153043239,-0.05456505741490264,-0.178721532726994,-0.11696253255418891,-0.40290587132086575,0.014878752770523963,0.04354317583239601,-0.7243032043046325,-0.04751418655949265,-1.1948476907364902,-0.7183997677822959,0.1350016328443817
5629,0.1103828400678781,-0.9935776621466268,0.09110492689840813,-0.10248146423684468,-0.1495667771446763,-0.027082678478317874,0.09618733450347856,0.0,0.05824804960248114,0.048451080692477944,0.04492614742605987,-0.23132764745132095,0.04990577853434126,-0.41270605718252423,0.028222010459730513,-1.6139945387165948,0.0666933701409705,-0.3662221815630585,-0.20698207319431094,-0.33260793524641885,0.015899156085385047
5757,0.07007966412329561,-0.10454019150668233,-0.7477420057312677,0.09939347600911741,-0.43838423391660924,-0.12219902736323769,0.1261408238832619,0.0,0.056660466173857636,0.05548450749300539,-0.117312552846932,-0.16536848189223943,-0.06759136611800999,-0.26994366668503916,0.01624950900478514,0.04432432354406568,-0.7491175975121133,0.08158087336636373,-0.9447050402245251,-0.7434403814371415,-0.043171929293788165
5822,0.11681941740825393,0.019779493374731606,-0.48775540468618567,-0.14013498629550727,-0.03943164750547553,0.08476493646475954,0.07331087100567937,0.0,0.044695447521731005,-1.3937985786676699,-0.03352230248508301,-0.0672551179067348,-0.0898488795876367,-0.2884616331266997,0.0316299730990998,0.04484392008569048,-0.8070234147814184,-0.6305527315314418,0.1682469440668298,0.18465513473136733,-0.16112851938300093
5965,-0.25259699015798587,0.08129818634293338,-1.3560172984427095,-0.05566659040481835,-0.04257574747527463,0.014535631288748267,0.17611909043760632,0.0,-0.028004505191832927,-0.08332821477755846,-0.052068423075429644,-0.12344623318906135,-0.2510340487944832,-0.42571309354776016,0.030662743261796615,0.04478467804623125,-1.1689527683335204,-0.21391736652184748,0.17042580523997528,0.17383436755272125,-0.10534207526941906
5965,-0.2193189007673046,0.1018228737095694,-1.2949630292519403,-0.4872539607521243,-0.04093353651056281,0.008343409644793317,0.1562021775722567,0.0,0.039977770844476776,-0.02882610428243167,-0.072908890198115,-0.13708705312809857,-0.2313485333919988,-0.36494586421613845,0.025963000239148566,0.04310791313894633,-1.1347869461539657,-0.4228071278745927,0.1662974449900131,0.16697384988078381,-0.1009546323666289
5972,0.06350848570565862,0.016867401877181352,0.08110266937287101,-0.12290015233017462,0.04949224599803678,-0.060302306183333404,0.11609548958198407,0.0,0.029990478868603707,-1.0037960907899743,-0.0268778793290794,-0.1891956778415704,-0.13677041310043447,-0.3618921133917833,0.021131963094733943,0.04547620346848805,0.07769852231700898,-0.3511627441443375,-1.1854511206811176,-0.7709406529352236,0.1791562651057822
5972,0.07889567314792671,-0.15148846797607254,0.07555794383630357,-0.1342092345113715,0.07419061963011811,-0.06427207887030993,0.11889866243858319,0.0,-0.04022107013547692,-1.2979221663855454,-0.02499320848819242,-0.16589730312586776,-0.1346480349519897,-0.35478994699991806,-0.06853942536133971,0.04467460010121611,-0.0971121903172026,-0.24170503861076173,-1.1747381586665295,-0.7663943621747128,0.12516129586009078
5972,0.07577032113788439,-0.012578036103221687,0.05369821255356828,-0.125504037726303,0.07092632902140023,-0.027436891218166507,-0.07015159827292612,0.0,-0.6667675320194529,-1.3907518279087931,-0.0654809041597507,-0.20521001202642533,0.014618029707338331,-0.28570932688084316,-0.1335791345976949,0.044542726014640724,0.09986476939454303,-0.0737922277152091,-1.07790444936146,-0.7403975576188624,0.1380928829214582
5972,0.08314379721152491,0.0594503461700839,0.07334393362964917,-0.11574089818380551,0.05256206019882018,-0.02801547562294852,-0.18099982542631146,0.0,-0.3338500399755378,-1.3661671078052187,0.005305166171000915,-0.20415336359357902,0.11118240938536027,-0.3787004377787737,-0.001987346695083557,0.04901044003851157,0.11611466469793326,0.0003867493569865223,-1.1791444951908934,-0.7699536428290013,0.11546130235519936
5972,0.07826266369056649,0.06875618974750346,0.07683193584780688,-0.11361572255436382,0.05564048757393104,-0.036314838833089814,-0.12149315552038513,0.0,-0.0937299667103736,-1.3976472153445536,-0.018321496902271667,-0.2414920362059438,0.06115334127288342,-0.3506405991848644,0.025475645460723756,0.04603408858438754,-0.0044010570722777375,-0.0032818556583058935,-1.1883651265185218,-0.8414663368759028,0.10577577213521822
5972,0.04812637664515075,0.0861699013436939,-0.06197898876532153,0.014177417410331824,0.09037367506248845,-0.03815927114160748,-0.18636708212325992,0.0,0.06524960865345225,-0.9141883111647443,-0.0933865621974246,-0.060043103178620924,-0.1502305722664927,-0.20017544080794483,0.06418566065165324,0.0440748714871666,-0.2935890899500941,0.02306299698793614,-1.2484971689537188,-0.8235709768888144,0.16472697164349612
5972,0.09268428403785174,0.057066815183032804,-0.040924412469482765,0.07305011233598434,0.07715078719559576,-0.02787507563376217,-0.16820593920103707,0.0,-0.2893619230061594,-1.2427089428234304,0.012384153407225363,0.0548067473858738,-0.08245839752755,0.10242045403999447,-0.573182174055899,0.05013635357574409,-0.22566494986284735,-0.009213317897411278,-1.1209718444566665,-0.7996535289973342,0.1531204241266274
5972,0.10859596322638695,-0.132860903494729,-0.05821251776355858,0.10639541573399193,0.08588376800774478,-0.035233807853997344,-0.22122162587831096,0.0,-0.005004125062619105,-1.182969620438505,0.07622460908026132,0.0996862290355119,0.07336186799672385,-0.06643812525864733,-0.04182958960197123,0.04827503510890649,-0.284817127168585,-0.061406635805703644,-1.181639875535341,-0.8678229897692524,0.16359516651043
5972,0.04193259918700798,0.013725039629255755,-0.06217011424030072,0.12732979692667515,0.06790639792219975,-0.00929588671953106,-0.26208818099576797,0.0,-0.00505559006811729,-1.0771853886061238,-0.09440052474981718,-0.04488503745999323,-0.1106257420855442,-0.19163270745254615,0.019239493656652278,0.04311736830784302,-0.24554182224841273,-0.1190307394341907,-1.263712455586282,-0.7974798379689196,0.18414127763114713
5972,0.09306539505593736,0.07295703241653946,-0.05068835860070521,0.11159915067051723,0.07147497923165526,-0.023893021669655328,-0.21763066040077106,0.0,-0.09129650331052098,-1.299518871646358,-0.15736096481904824,0.05740590590229039,0.04391333230003724,0.027095688936808818,-0.20370442918691556,0.04713281141350106,-0.22683172987863487,-0.1421241074963955,-1.2242995422246616,-0.8326273530489519,0.16489091056525668
5972,0.05669047064962979,-0.04106505367666912,-0.23238148965543567,0.1027475511169667,0.0962605601659227,-0.012604994991388556,-0.2495681817662319,0.0,-0.049566282913520325,-1.1751123584877385,-0.1137423934969138,0.058470741870848164,-0.18655507503456506,-0.08981379871926003,-0.10801915667168882,0.04045601804216945,-0.7139167463989469,-0.2249710293403504,-1.1008349125208703,-0.6941634521954644,0.14981820412784605
5972,0.09372154230424645,-0.04901144313204352,-0.10867870693059226,0.06244283441973578,0.08098736937652762,-0.026250285483476292,-0.23035467484974637,0.0,-0.13069276067339414,-1.2894252473684862,0.03028832246980975,0.019657422496497212,0.08307316893580358,0.07446982768214495,-0.04060613975240408,0.048914173533890035,-0.214316624650146,-0.24093727743810636,-1.157469495862546,-0.8188256526154197,0.15513837077078999
5972,0.08827278617004523,-0.05085271584335963,0.051001429948642235,0.035006562501561686,0.09444701515027686,-0.02145759324841436,-0.2997489572452611,0.0,0.012795673628325734,-1.2402329699122367,-0.03496172622108128,0.07658922137793443,-0.008095864086909134,0.032629837569708754,0.02518823029690727,0.0468547770478237,-0.08038779629654057,-0.2657462749237878,-1.2071379207972825,-0.8137788940718306,0.1486751973587856
5972,0.0764805524314637,0.08498668384335488,0.04561592060071776,0.038495035881702666,0.08145511017883153,-0.01737432292754184,-0.18995129969136454,0.0,-0.49230175517413316,-1.343032933694626,0.022342434913220986,0.03820919520487957,0.07750290832369376,-0.10711532877711692,-0.1559007637478978,0.05067460611353545,0.02821734451098091,-0.29621239908095126,-1.1155007518263127,-0.7706091605272976,0.14098672085056896
5972,0.05449147553652377,0.0633480115019655,-0.23136851925431978,-0.01803118879641152,0.07981233671707119,-0.00585369009240523,-0.22976706750370013,0.0,-0.049332014558253305,-1.1604436278111527,-0.1378093185446429,-0.011258447582838024,-0.16771837771630996,-0.05774510520376066,0.016090002927381865,0.041779045364041596,-0.6525571585780517,-0.33076957620251196,-1.10392443493741,-0.7314529651800622,0.16397732465809212
5972,0.08083700057372943,0.08470224494694821,0.05945709786007302,-0.018912772364991493,0.0739407212123198,-0.01724642208863886,-0.311680398230797,0.0,0.032975635154395756,-1.0002841139261254,-0.17101614553654157,0.06030407829263853,-0.26350398129378294,0.13247090947677823,0.05196208791368888,0.044183616694657576,-0.09393821938733081,-0.24823765709999968,-1.2734750058198367,-0.8223957342942828,0.1691185655744384
5972,0.114748252616588,-0.05342500149143984,0.08480193860832548,0.00739180080376483,0.10520554568808556,-0.0291855528454821,-0.24268756376284514,0.0,-0.2313965686538793,-1.4818670885449556,0.03711203043858694,0.08560422977298614,0.03151128009776044,0.11913439328377456,-0.16000130996616937,0.048896040308005116,0.08750850032395405,-0.3110641616977631,-1.1198008541749782,-0.7801143758763645,0.1484018996126486
5972,0.07189132431007347,0.0011341207563537333,-0.13827325767947182,-0.040106993192705276,0.09187124476609444,-0.014379109700864255,-0.2528677158699175,0.0,-0.19448000372905305,-1.3294084239604034,-0.09334121091615324,0.057661556403726395,-0.19220884376720407,-0.21494611136272002,-0.15806085686670446,0.03881148915231343,-0.5865673894686048,-0.3398676471327438,-1.0363783090681702,-0.7058041256894811,0.15096973732340482
5972,0.07850182537717795,-0.18247835913989055,0.05161679130714274,-0.06541929502399087,0.07925736587329855,-0.027314549644933607,-0.3811682822797658,0.0,0.062764548817629,-0.7529618097712223,-0.17113174016612356,0.07973685971643679,-0.2664094159014935,-0.09037830467961884,0.06462992601288828,0.0418153915970914,-0.08757472031746553,-0.2950125284722898,-1.244331286831815,-0.8371779204641174,0.1736361651292206
5972,0.04703073126409821,0.0672195071939521,-0.09655261552007585,-0.08355779310934087,0.06371873049069075,-0.03461971858236582,-0.2606610085875222,0.0,0.01118140314508329,-0.9326964602975435,-0.138486839974633,-0.07942614113112573,-0.16859277590656577,-0.20052869274510177,0.008709591773192303,0.041613421122645024,-0.28824261896643244,-0.371654655735275,-1.139631006014106,-0.8005289915587259,0.15877309962024755
5972,0.03435944672100098,0.018807365778943583,-0.19450147343048568,-0.12476971548120865,0.07272298658078773,0.004433822555381192,-0.24935533969742124,0.0,0.03076717801169515,-0.9510525854937387,-0.15703085964237473,-0.03129065928817095,-0.14429776005173142,-0.07966380375288838,0.009715492061840933,0.04190697042082618,-0.34597071599489315,-0.3545265935171924,-1.117565315420839,-0.7513444269519578,0.19201782334095532
5972,0.035619100164248046,-0.11822440748647421,-0.2116164851753428,-0.22065918922348735,0.0962180156974387,0.0019535491666864474,-0.24365869053682931,0.0,0.013118771106246168,-1.0489544267142665,-0.11636605560550028,0.04088022457771211,-0.18295012262485122,-0.10062337087367619,-0.12005376427186418,0.039498199812041175,-0.522977680690402,-0.31079889273415257,-1.0750788322015672,-0.710757280458462,0.16502753983531554
5972,0.06760601806156058,0.04830125641977686,0.06849037661483343,-0.18830525505049708,0.07404890071544128,-0.009790464401889841,-0.2824784260918966,0.0,0.051210373781834274,-0.9526708375262606,-0.16220982965144445,0.056253025179975304,-0.26280140197753676,0.1323486064925293,0.018194654475348338,0.046469778727256564,-0.1155658443397322,-0.3417875010370387,-1.2292508775613156,-0.7221513830538032,0.18190998260357674
5972,0.12003355662639317,0.09131701782788665,0.05440894930402151,-0.23202602112490786,0.06670827608276583,-0.012680541326224844,-0.19303896202674395,0.0,-0.4174230473222402,-1.3022201152831734,0.01661477018934316,-0.132058768431385,0.12204681042700861,-0.12064711195765675,-0.3965233741353327,0.0500495605405948,0.08794672114719061,-0.26943912398753983,-1.0879874104388145,-0.7083986891233349,0.1326616263010437
5972,0.08701630724657343,0.08595194283193605,-0.06985665113843949,-0.17146217018269388,0.06408748103867326,-0.014206417857086609,-0.1603884956211008,0.0,-0.041975889497717855,-1.1335941406782222,0.0075370404142778525,-0.0082156133449388,0.10024462761911526,0.04070187905156333,0.0017460638959909524,0.04593465277441136,-0.1407125387764552,-0.31302486034463833,-1.1900655623736993,-0.8467647627585113,0.15825299229618203
5972,0.04717901781962845,0.07943775158951343,-0.14630953210499964,-0.30189295340874883,0.06657050631675941,-0.023683723016778662,-0.34616329800730994,0.0,0.06547531216231713,-0.6707931256082043,-0.14142275580969005,-0.04471930250436912,-0.1513258453448904,-0.22103521318068484,0.028960408558581965,0.039416744310507394,-0.32698970584346637,-0.2836014712320379,-1.1442221581960739,-0.7500741241597944,0.17948912249122298
5972,0.052474678116546034,0.07212525262295978,-0.2312780465682916,-0.3321590872354753,0.083320270917279,-0.011892719252390351,-0.2472086252698025,0.0,0.0630638755314378,-0.7643346371989801,-0.13039803948825118,0.07968243079818071,-0.1547804110237645,0.036962681902702264,-0.01463530813373914,0.0414646260070998,-0.302045188605172,-0.33700236408427336,-1.1181151387837593,-0.7487318296082976,0.18598905762826495
5972,0.06002027353880679,0.0752297683643914,-0.2649343039426024,-0.3689107290399934,0.05408589040331142,0.009705376278664976,-0.1866815649805552,0.0,0.03154387868144425,-0.9181487801703357,-0.1001467539133428,0.007145410005201756,-0.16519082655341186,0.06564330297839362,-0.002774804198927017,0.043532758209414345,-0.7113489734729374,-0.3449848947353803,-1.096152726267019,-0.6275893335523868,0.17068472026133077
5972,0.08803269111348228,0.08336044945809433,0.08209936710427738,-0.4125066629710518,0.0824578674404809,-0.023333529092513544,-0.19068900950327355,0.0,-0.017999300447396383,-1.1731570322060758,0.05325130610868447,-0.16698766106887838,0.13443421657452428,-0.16419382092667506,-0.08181142872692299,0.049024811829042614,0.08479104111555565,-0.3212221612512537,-1.1804394168479706,-0.7907676936329874,0.12592246256411105
5972,0.10449061004317381,0.08257886205467715,-0.032883665941652776,-0.4194498042635312,0.07997918930054058,-0.026592926542039555,-0.194737654410018,0.0,-0.018060105081571146,-1.2150409058682476,0.0764663470840361,0.004587218955363602,0.12170978280566985,-0.009536824121273803,-0.09843961422038111,0.048142514229350473,-0.05664479676995787,-0.32812952183451677,-1.1284213385620983,-0.7725009594824324,0.14605585959273298
6029,-0.2544810012562316,0.021875920993724318,-0.4899672612334322,0.1042261329364851,-0.16194943519346328,0.024529455045192976,-0.2761801284113492,0.0,0.08826657434095668,-0.10614221883496136,-0.1095340942555605,0.027989687377543107,-0.10947574775901805,0.04241849559158159,0.03389683058462315,0.044636381168900646,-0.3324424765684992,0.07671178051534852,-1.0753350587126065,-0.7760490927971834,-0.18844528342936856
6029,-0.2514854569980822,0.056254644885565024,-0.5383941480988474,0.018297614747463255,-0.1545730979340781,0.011549275625869434,-0.20480464835811824,0.0,0.020657710871409014,-0.12348916578734537,-0.05994370194614242,-0.1238144243244704,-0.09699938283934907,-0.31799580250715676,0.029152245863796732,0.04301064403360527,-0.4938265128589024,0.020299608677395845,-0.9817497880395369,-0.7312711720241769,-0.1704653446102344
6029,-0.22136373089797332,-0.006386461240673264,-0.5026935713700668,0.10547646242784191,-0.17316733459345796,0.008208215775472753,-0.1372345917355343,0.0,-0.019268185063734185,-0.1742519435155192,-0.037009037111652376,-0.12564187525262793,-0.05823971847110844,-0.30792097417984987,0.028734685439394357,0.04270331445278925,-0.6138658634590692,0.008618323847060856,-1.0073109164703242,-0.6529915137521015,-0.1564843080657847
6029,-0.23193483708559204,0.08345289960828671,-0.4639553079654823,-0.09241724455689475,-0.16141631346763982,0.010658196600928337,-0.24295680795933672,0.0,-0.1374456175295806,-0.5427498891745081,-0.06309935287514401,0.007471972469545223,-0.11557098297695532,0.036923932434323424,0.012180354693413532,0.04239852456448994,-0.47018377690515883,-0.01476480179790963,-1.0133423963483505,-0.7526789431111918,-0.1814720833698225
6076,0.11312097432125699,-0.021185862962019693,-0.22686013074764347,-0.18913617521344464,0.10811867705219039,0.01135648533071149,-0.08067336932220599,0.0,-1.750816548038223,-1.2284919997329113,-0.03341385204127527,-0.08328075854422114,-0.07238059502490125,-0.1946597548323783,0.02454173215985471,0.04108656044184588,-0.8320995975458292,0.04660930528399857,0.13860818891611618,-0.18176987780591433,-0.14324515850684177
6076,0.13665513470425142,0.1214516635081078,0.05847300472171937,0.09599602396653766,0.11313231670111766,0.04001237710953522,-0.2920145283458146,0.0,-1.182346062962633,-0.8718417462926061,-0.14689215356386495,-0.24237025971682918,-0.11408432101073265,0.05929497864883979,-1.1374387994530064,0.048965680493681836,0.02630019914735909,-0.047129554311710495,0.16444606478537133,-0.14634298126322773,-0.24174147306425595
6316,-0.12200918104064366,-0.19248479723428574,-0.7391469678778027,0.10522634756514385,-0.15995921548150094,0.04250416155792862,0.14445683005179083,0.0,0.03490012655083116,-0.3674652572330039,-0.04980754950217658,-0.14675629008489624,-0.05228086031061068,-0.31184353152432653,0.031016858010562746,0.04085970966271912,-0.8840911813070913,-0.08676179288229466,-0.827707499035887,-0.6134663265829783,-0.14269030620466788
6316,-0.2076123278745641,0.09193209499570076,-1.0133363332010357,-0.20009202960246472,-0.21360876014312713,0.04350568769710786,0.13960449683400278,0.0,0.053970499660022694,-0.09284281479813393,-0.10161605328856946,-0.15290060709947378,-0.12532512799508563,-0.34744222003818165,0.03780766995643764,0.037930314960187075,-0.9036564801856178,-0.3356564171740506,-0.8118428118754213,-0.5924967248389691,-0.12050766451672155
6316,-0.17162003752860785,-0.11600026136310639,-0.052403438213124785,-0.3179491520497397,-0.3445081215340304,0.05647894383811135,0.16815055915589763,0.0,0.08515007176490479,-0.04226455992780307,-0.13071730819150956,-0.1011733691377076,-0.10448031498398348,-0.05411268304883386,0.06731217745210646,0.03932303038972872,-0.20597987822256086,-0.2220164368165205,-1.0823906095094216,-0.659485708107712,-0.20692851954500466
6316,-0.19949508549404868,0.0937277369439186,-0.4962429307013473,-0.40751437152780046,-0.2630150183161564,0.04884995792952537,0.1424962994617192,0.0,0.06232262527279227,0.027013545521636446,-0.06846948865396545,-0.11426866101455768,-0.07609263948550087,-0.30675326629987326,0.02006880408696502,0.03816874907577616,-0.6589559011746525,-0.1759148860888282,-0.9164756158585357,-0.6370864224100642,-0.14542479274216785
6341,-0.30111713149274083,-1.2072742009939095,0.06930192566054151,0.055163955101322625,0.08715230719005608,0.06526245695140609,-0.3096623389303837,0.0,-0.94374641635505,-0.03939706858550164,-0.0011046621741306458,-0.2779212548584859,0.004365556238241938,0.019261058376544505,-0.42380050713888684,-1.4826573644152867,0.06794089140343613,0.06498625357715779,0.16866987236397302,0.178398153831195,0.13443789677762835
6341,-0.2672312563964357,-1.1499963561232112,0.06553715259987443,0.020443635470552664,0.09482165813466152,0.05797363304584881,-0.2700728299685611,0.0,-1.1501119763908507,-0.04385618441248606,0.007769461614439007,-0.24963683796341818,0.06484495950864448,-0.09079172011343697,-0.2593490989351214,-1.3757471216519768,0.061412489482925915,0.06767643934525201,0.15373798485791554,0.17663366275476794,0.14429875463875189
6341,-0.2804810821016702,-1.1878679179914098,0.08723155163165244,-0.17999408026007005,0.052301217061870055,0.053749636707555656,-0.1743951800488814,0.0,-1.0867588769820682,-0.0659087755934131,0.026710490754630355,0.01623812391661899,0.03216837401156936,0.061565033313953604,-0.6833301005886832,-1.2825703222974552,0.05833954269051662,-0.35881689565551705,0.131714498021235,0.15838955751896733,0.16106192663884938
6341,-0.25469177553339317,-1.2503699216580118,0.06627134506927339,-0.22095997581079327,0.11241722709325634,0.06117773015734269,-0.2282443855605608,0.0,-0.6441507854736143,-0.07689367579073669,-0.05943352820184317,0.08660436723507399,0.06100923618640208,0.0850424797785193,-0.15443815753041515,-1.303246125170136,0.0523799989050201,-0.36632329568870264,0.1635254348946068,0.17944214063323644,0.15617241380026448
6341,-0.2800866292042314,-1.2480655040954953,0.051498715709911796,-0.31849040749437085,0.07507612298660822,0.06535087459946902,-0.24042081457655184,0.0,-0.17526054983098452,-0.004303911074194223,-0.06467406254221367,0.0327254181051168,0.018815022542869948,0.0398912897589546,-0.7746251539562653,-1.3218847033131496,-0.07706501792160245,-0.35677633014269544,0.1652497128027136,0.16259095491781161,0.15308494755079716
6350,0.0974180136117774,-1.1666241918432105,0.07454121493995453,0.024130928867618494,0.10762631195655682,0.07583663358692376,0.1302144966969014,0.0,-0.010605746955785767,0.043210235623959294,-0.008004120862639389,-0.05860786290846054,0.08440317108537877,-0.3830975795471735,0.06522605858664604,-1.8318838808818525,-0.1054738004094229,0.07907219423917912,-0.3246236531857989,-0.36853384686837143,0.11557836781728824
6350,0.09527624310032633,-1.1364672971971834,0.057727387828083274,0.013294064160316331,0.09900034066356345,0.07981092737689205,0.11865975569991682,0.0,0.03378396575663885,0.04616223710980782,-0.08620714873771086,-0.07641691907970771,-0.04146047301220096,-0.4301494469515369,0.05724754407295031,-1.7823645331353168,-0.0282917995739566,0.07725799714790581,-0.28933938453831975,-0.3862185309709216,0.12393970019403128
6350,0.09266276227792603,-1.0252192883588886,0.06830862342374373,0.005640815209485021,0.1040854741494933,0.08146599174164391,0.13084646795830387,0.0,-0.011302990590157049,0.032674423410980105,-0.11578892800521477,-0.07301711680538156,-0.053130779317723906,-0.4035562418976628,0.042419700128936325,-1.764458863262157,-0.10774755030640816,0.0775555367499007,-0.31066674159644675,-0.36947693348250876,0.11480376849719605
6350,0.09127289907312916,-1.1464327384213486,0.06260002865884755,-0.00021683937483191776,0.09433223311117737,0.08139384867513832,0.12970711108520908,0.0,0.02694671807073284,0.02847534270944471,-0.14817523037790045,-0.06512815551957625,-0.07954117643458515,-0.41233221905406114,0.06729866454739564,-1.7499221892924512,-0.11310121060951878,0.07937944002867553,-0.2919528756713287,-0.35552945717604895,0.1203172288084817
6350,0.1065557579271851,-1.1754057804292428,0.07416190222119183,0.006425927945349271,0.09442120028224592,0.07897817534680526,0.12169997993390574,0.0,-0.003909482311191542,0.04154910681851403,0.008310976536581223,0.03853716149373092,-0.026741643865684936,-0.3842455181739304,0.04720402324512128,-1.826331506680675,-0.12225076117312893,0.07135883251541003,-0.3059525553177569,-0.39944145523409724,0.11158964470911381
6350,0.11129052236510167,-1.2497347043658436,0.07220524664065535,-0.0019282374640871855,0.08696658226087599,0.07822066318040194,0.11369947302160513,0.0,-0.007461969434977346,0.026788374619184072,0.008617384827944016,0.07506955672489111,-0.05842359024460859,-0.2666308975633881,0.017846624123856375,-1.8272666068701813,-0.11032809760739092,0.05502562148049578,-0.29936053791579226,-0.3911580923572383,0.12435777692258099
6356,-0.30652316199046936,-1.166271892978864,0.05719721758019579,0.06484090792594699,0.09636897615377837,0.07235426824905272,0.14212863777334392,0.0,-0.06633541828734832,0.05300573938947863,0.08501105750312819,0.02984004241190987,-0.09391478707695938,0.10276138361817856,-0.01118440806387539,-1.735170749404759,-0.09949784975530226,0.07484022286206846,-0.39783490647364966,-0.4547962724172649,0.14648482676065058
6356,-0.28757526204954303,-0.4614844232423214,0.07242082353266617,0.06563109956634759,0.08881210533152607,0.07441866195526141,0.14419669736822827,0.0,-0.22047735234059163,0.02009639359929147,-0.1122333090481385,0.04356125405782819,-0.13427221497126535,0.021325171580703167,-0.30766816691896826,-1.6974209001405869,0.05134340480922633,0.06892293694730228,-0.5187538996068437,-0.4518921427203229,0.18119161333666128
6356,-0.33391331414432684,-1.0872234511734868,0.07006821514407663,-0.1742840845239464,0.09295094464264599,0.06759602482584084,-0.2024182103286402,0.0,-0.08152381072084179,0.029194905733679877,0.03160702211865636,0.007892802571596885,-0.10969767954504138,0.005261818517825208,-0.18232215744374625,-1.6154440968411612,-0.010797733206870776,-0.303812889500526,-0.31664727568733964,-0.38060841248856453,0.16312662774451075
6395,-0.3048531777606104,0.094547171516718,-1.313406014755297,-0.10238126282215093,-0.025244083707048448,-0.10049222627268113,0.15478385405260248,0.0,0.032499805212604274,-0.09023849429362556,-0.09138670592624362,-0.11136698421639508,-0.19223623921001504,-0.45192586898610493,0.03163563020872648,0.04492813589530598,-1.1639149575303267,0.05287950838901255,0.15593829230610887,-0.30247928156168985,0.13668824436817767
6398,0.12501647409941713,0.0001949609367368279,-1.2479104680500221,-0.0020459201148085595,0.07990881620070962,-0.036530632088728164,0.14105625503232724,0.0,0.07297126629713205,0.03619723310615161,-0.09972855932637999,-0.1652436488934312,-0.1693889839844984,-0.4629299956591206,0.01111592590818382,0.05221529141877412,-1.2143239530281702,0.011114474961841612,-0.3134301997703398,-0.36091670904505313,0.11589888009457928
6458,0.08070034691922397,0.06978905430497043,-0.05581949413462339,0.09894570618079497,0.06811130986163258,0.044446310104671816,-0.2762415405582163,0.0,-1.52283446918101,-0.5166493456227361,-0.07649843876699655,0.004635891807725765,-0.13598422758173428,-0.22363704063647918,-0.5986539270007968,0.04021708109868572,-0.17794067964750052,-0.017250106480346635,-1.1312271212561635,-0.7732634299945943,0.14216562255474952
6458,0.0762800617276628,0.0710067343654523,-0.001429217494688709,-0.3044070765623614,0.09295404358893265,0.06272058019302555,-0.3547172715031225,0.0,-0.37372103827234443,-0.3646679131397849,-0.09747214283256779,-0.1656271005242961,0.0893511260143567,-0.44216263210725615,-0.09874625240768416,0.046771142321995675,0.05968806211177357,-0.027777834428756077,-1.2061934915925638,-0.804622780313956,0.15360941206706638
6487,-0.12530688412824625,-0.5502872697447597,-1.3087010550003635,0.05515098215387246,-0.09248407698150851,0.0207402186441604,0.12203040121852948,0.0,-0.015285129116744596,0.024215149512019477,-0.08210349381843153,-0.1318542640738928,-0.08263469098522166,-0.3532587794201351,0.02328754146364353,-1.1968177918978498,-0.9058331344885222,0.024652847504366675,-0.9007063092388874,-0.02645938593477726,0.08574119659671524
6645,-0.28346878299562117,0.07591222080482857,-0.018467208387222017,-0.23238739322208063,-0.2440244549482764,0.052635500363357464,0.10374075871473232,0.0,-1.622437416832862,-0.9292813718119188,-0.06337932272155301,0.015760523539845406,-0.18474040544791406,-0.11706221768829492,-0.9191217307269327,0.03885265208700695,-0.26216101164690203,-0.5072940520948566,0.1341826963498365,0.14671130948491065,0.0006479653268326695
6645,-0.34775790175689203,0.09705585800772891,0.0692199843501496,-0.24098237222352437,-0.3555292740779048,0.0692531304375228,0.10436431155103786,0.0,-1.7459581735142535,-1.0507046556142827,0.021012934748736306,-0.06308868261692485,-0.04640416960182728,0.10344544352250244,-0.4399410230271108,0.046059595984912265,0.06647464011345865,-0.4619633773279975,0.1796759469744981,0.17073154284809744,-0.011111165797132554
6701,-0.35720733664993215,-0.029159878238549982,0.058773010975882674,0.038026137800607554,0.1196444489590481,-0.0362773530701836,0.13481325568448072,0.0,-1.711628711520133,-0.45980128770884804,0.05527185872469878,0.04530646314273234,-0.06609563959691521,0.06014207211022653,-0.9391736810041994,0.045855098139522175,0.053079443402204746,-0.19418906384768228,-0.35153220357987097,-0.3316105633674301,0.10071686195141226
6837,0.08156756671254427,-1.0568571293040356,-0.5993337050842332,0.07049671384495615,-0.03869715067350477,-0.006913478568862457,0.15350512391400645,0.0,0.03378671306901044,0.03656406306238208,-0.041298445081967526,-0.21666688595608236,0.00488084760057241,-0.398239580073194,0.030114437463988026,-1.535176423077552,-0.2272954861336319,0.03333554233990953,-0.29269450402017233,0.02902065322394541,0.09971705771245742
6968,0.08981664161613237,0.08384432372588799,-1.429138440762467,-0.3318916224199516,-0.16746334192698675,-0.05672615274176309,0.1321694694550161,0.0,-0.006286743830239201,0.058706195105923946,-0.09190141865714649,-0.17829377358712303,-0.18816890053895524,-0.3801234176079171,0.003006426951078851,0.047370768923933895,-0.9947072996306466,0.08116981526694239,-0.26694265941836093,-0.38604225815836146,0.0812698552368663
7005,0.14260157950224997,-0.9579225702039564,0.07944153723086082,-0.12445925188821408,0.12700369302706532,0.05471753766596987,-0.2566898749944246,0.0,-0.9852954711015126,-0.02720046832830022,-0.0007751726892379302,0.00409548795332848,-0.03244680851721318,-0.021018859644737133,-0.8308688779198615,-1.498416901663776,0.015232827308773438,-0.15425764191001032,0.1317125225381807,-0.14924819706272907,-0.22294108650826183
7012,-0.2738943110303357,-1.1191944012764337,0.03334649259475831,-0.0678142580432147,-0.036202704379614474,-0.025190510799243664,0.10447811621591059,0.0,0.08993184847313887,0.03978426112738825,0.03192296255446755,-0.19160810932526084,-0.07950722239884311,-0.4287814819753153,0.05998004877630052,-1.5911469459988754,-0.09174623521249237,-0.07240637295434724,0.16702519398290036,0.18123713710766143,-0.33784904805441407
7012,-0.23369443308608182,-0.9784724152847482,0.04252812540566637,0.002179173188966533,-0.0490920151558032,-0.02637733185615644,0.12297273210253988,0.0,0.07335961405569029,0.04450896426243971,0.06012182608508499,-0.07313836020098125,0.09236653510127384,-0.44672936806119673,0.0398279863399812,-1.715903774870153,-0.08521603648611355,0.054933880126135454,0.15020418254543869,-0.3005145422823166,-0.34176267973304336
7082,-0.2979111481329006,-0.686830558810941,0.027119648297051782,0.08109796076755518,-0.8368696946699564,0.015980328299125778,-0.04473907997382084,0.0,0.019188338308638624,0.05071909232608331,0.08742592233800041,0.02417730864106651,0.04525295020593259,0.12536024938850723,0.028759689401380944,-1.4776865750785562,0.10967769674131649,0.02103693413438845,-0.4061837574720956,-0.3917341279549036,-0.17974828362503137
7103,0.12055656930914196,-0.2879697633712578,-1.195738349139176,-0.18582736254823884,-0.05864252571094782,0.0381285410376741,-0.16295381291897817,0.0,0.014643592294920082,0.03390959590131683,-0.0789343535601814,-0.14990603341357328,-0.15321775436535562,-0.3662516658948606,0.011120352771573607,0.04566970184979696,-0.7055515135184962,-0.3930008088577371,-0.26299313401039687,-0.34186445886883077,0.071146632244199
7103,0.12050317420631247,-1.2029810476419187,0.06649331646679141,-0.1316438721870511,-0.08236605888878717,0.021714636125368673,-0.13016910536963044,0.0,-0.04325984307672002,0.014352370790240493,-0.008349249177647596,-0.12538083735881822,-0.08877127198628916,-0.3760861720977222,-0.010722152819359183,-1.4871686602171434,-0.10101380364123107,-0.359126638231049,0.17447804118301988,0.1591929350314606,0.11468797144606557
7109,0.08740651797866585,-1.1824390607889843,-0.02341734483071863,0.029165321825962872,-0.08136623023525799,0.07731005542736949,0.14442453057598217,0.0,0.028664693302746416,0.04508579582377105,-0.09857261191028337,-0.2393510989156312,0.059392474436235534,-0.46969239107596117,-0.18447508625700035,-1.7370664206040358,0.057928500186691316,0.07413306734315327,-0.27691648074723924,-0.4028980151785812,0.07754674178035328
7181,-0.2330180454378417,0.060718191287402114,-0.7451715060626908,0.05686305546668475,-0.11516180183353028,0.011864723055873773,0.1520552041504633,0.0,0.0944400714876919,0.030252479835109265,-0.14174013378829578,-0.12042429631717341,-0.14307580510867438,-0.4020486338533105,-0.003894978598750917,0.04991443200961657,-0.9249477326315961,0.08325660825853538,-1.1246039916452988,0.000378979541512204,0.07560800452234438
7261,-0.217414622152861,0.001100008923009322,-0.486123410993422,-0.01253453812277823,-0.3370307918905464,-0.1505587277894722,0.1442210228047021,0.0,-0.08261369766124775,-0.4839159053821587,-0.02914631046779223,-0.07121143627252212,-0.008913141651374922,-0.2943795426374428,0.0348190988998178,0.04390221905195369,-0.5897801893150026,0.022664973624310435,-0.9642763063281055,-0.6740649320027721,0.1074411629461224
7261,-0.19795698495361172,0.04673736389111842,-0.7992000418346715,0.07576175106972587,-0.2644096889177024,-0.12734836309534733,0.14442521638710007,0.0,0.09560500204096276,-0.10844888774626503,-0.05913943132286061,-0.13261643872335324,-0.04358074391561464,-0.37294612391502574,0.027441985638267854,0.04507977812203713,-0.8552703516060994,0.06786427048002276,-0.8579627293425149,-0.639387873505366,0.08188756717466761
7261,-0.21188396334458456,0.058981012769132285,-0.5884795082534378,-0.028164401051512723,-0.3520547022190686,-0.15897107168559665,0.15631750423693264,0.0,0.10223206178650995,0.008299645730969103,-0.07904697288408039,-0.15152882457650943,-0.033831632944841795,-0.3816606475671102,0.03123471222176638,0.04545011597986589,-0.3046524401761624,0.09103354158205602,-0.9153295897555405,-0.7418332377340041,0.11342158035898697
7261,-0.20006475464300755,0.05920555237755354,-0.21058187877604198,-0.09436501554863358,-0.4705795223476573,-0.1228945646989234,0.15124815128009278,0.0,-0.16442638129314055,-0.5412569984400888,-0.024910206851658293,-0.18354407599165767,-0.09066389470757558,0.06891298061630191,-0.10228643279459762,0.046937964188920135,-0.29219425891128775,-0.06075831574271188,-0.9457338252359654,-0.6904163015870294,0.15030321779611186
7261,-0.21399107998816724,0.06623305087035786,-1.0342409092524483,-0.5767998383128868,-0.3927047201245019,-0.15258809394501363,0.13806873806632536,0.0,0.06125390934581379,0.056508479650162,-0.10630857872150365,-0.1900342605261789,-0.04665728200227792,-0.3152882298349284,0.0058947612545731855,0.04410441255255408,-0.2722768623717137,-0.006661673510926736,-0.8727762409153639,-0.6971948345767239,0.12091996530616103
7266,0.09456056765133906,0.116095364705352,-1.2133429102645557,-0.06598168029034854,0.0750323868966625,0.05248233890788175,-0.27502125677039896,0.0,0.02076391188670191,0.036267335669960994,-0.10316446946061571,-0.21093694799369758,-0.18286847453172328,-0.4208528873488814,0.007593679151713815,0.045371796880077996,-1.0117104759710278,0.0021280342963181527,-1.139574051859803,0.022490230747255917,0.079325935395142
7424,0.09660037708634556,-0.6809208540727061,0.0753739935235897,0.02480194072768413,-1.084152834050749,-0.013666185432011403,0.11191583308815808,0.0,0.10944390396825755,0.028749849186534022,-0.07574274514664457,-0.2496879921049194,0.04822173349896064,-0.403024055527458,0.0783326651972111,-1.4459075832411685,0.0391416533687768,-0.15796806031505248,-0.29046672894736086,0.017544130253626822,-0.17978304503382045
7496,0.09431855801811609,-0.9940781481485335,-0.0649712232887774,-0.10287786443162496,-0.45995853368089934,-0.45685502759100927,0.1027070018377409,0.0,-0.0013232906185424225,0.014382794309756575,0.003690452158685348,-0.19155969719482013,0.02711138743649358,-0.33515080706761874,0.031304151232093555,-1.3276213124748317,-0.11821248936277647,-0.4253716042869858,0.14098115809314443,0.17257342058620573,-0.004648003230243176
7516,-0.29600437628995474,-0.05246940261177354,-0.22497875297630152,-0.5347790131814517,0.09822590245881258,0.03602568057452392,0.1279660808536368,0.0,-0.5828869323028861,-0.052067834165046394,-0.027958789308584617,0.04679519098088447,-0.2324800208494786,-0.05142592904581828,-0.5276465046230506,0.045325055704469666,-0.44987957630300246,-0.39905307923673883,0.15939186123744709,-0.3569897206380453,-0.4217227199687951
7523,0.1110118178172078,-0.1122523115724356,-0.9761359844643589,0.1055603684856227,-0.5226483412013488,-0.0011207594537308966,0.12783999366133536,0.0,0.06061363847367326,0.05745048757255736,-0.13538286616336612,-0.15942635273661168,-0.11456851991143105,-0.3001485019868202,-0.011643547507902433,0.0487290800990545,-0.7313404257086552,0.05236447228711865,-0.9300102028355336,0.04769460301439989,-0.01541200187060764
7579,0.07434803266764213,0.038191532089286835,-1.1041837826616692,0.10334853146187446,-0.20518051508828183,-0.016363333536634835,0.15013456051530152,0.0,0.09054437235353772,0.048191861585220055,-0.09722301966639256,-0.18336418224127954,-0.036006378938745136,-0.36990120564600415,0.027774574585456187,0.050340059601204745,-0.8049381690454783,0.037694780368993035,-0.987357848502138,-0.7117639886047706,0.09014320786717948
7579,0.13660365808708666,-0.0038517355555044903,0.024735380627355974,0.07197010735520784,-0.3275351591555247,-0.02032358067788628,0.10396144268338144,0.0,-1.1155600199730826,-0.11807242313638008,-0.09216993795900458,-0.22118655479483806,0.07920146433130854,0.0291991775727869,-1.0269171472152197,0.050029215005108894,0.09887709809306829,0.005410651097281905,-1.1586788745412635,-0.7789920981314813,0.11130988846466644
7643,-0.2359241194839312,-1.206795491525613,-0.8445718939353731,0.039572058802697985,-0.08837139200133395,-0.2642688994947967,0.14080260111570597,0.0,0.022654522553664735,0.049855727962424726,-0.021681324419624583,-0.16012928376776958,-0.0680016735757473,-0.34356190616661353,0.014746874507830757,-1.4280190494094904,-0.006896016655091934,-0.2582510316285484,0.1117489015938644,0.17525589918489778,-0.03361068755370212
7653,0.10448080598754517,0.10207821909388815,-1.466772286026711,-0.2874550471890187,-0.1575619512170251,0.08681707619471268,-0.17598539301305452,0.0,0.079952917175957,0.053472353819238955,-0.09317881035957555,-0.19902067116438787,-0.14976348967390582,-0.36305945139757767,0.019862240623020593,0.04665119156146703,-1.0056088013690136,0.06828121605629485,-0.24399421030552054,0.010302882077276294,0.06135760852815275
7671,0.05015765900237579,-0.004690345301267851,0.07470389810799807,-0.10760689510030347,0.011677898549369799,0.011218039606671932,0.13077253212742862,0.0,-0.012817766992499455,-0.6510758950800513,-0.028977772024743196,-0.12391750844797596,-0.14036744002420126,-0.3316287682495471,0.018279654179346835,0.042695160564946995,0.018057904474294756,-0.8085310671222659,-1.0921634216510632,-0.7343437181632367,-0.14720029361580003
7671,0.036754245354371246,0.022565929192924758,-0.37009769709667134,0.013824904830562309,-0.04294886328394752,0.024053004019336178,-0.18686470556190218,0.0,-0.0034712011905671213,-0.9936938416297607,-0.08385855927808335,0.01633009810510798,-0.14005788121995016,0.049716428595464005,0.02530106732282788,0.04248699676083473,-0.4252534329867998,0.0791640934061453,-1.1821303844711417,-0.813408616456922,-0.1703378777801646
7671,0.07013023585116368,0.06794740740720472,-0.5402248437898193,0.10107012380410121,0.005459104497568514,0.031514187676292986,-0.32073159502853743,0.0,0.06148883943272195,-0.4041247189906966,-0.07760468162609421,-0.195243252548438,-0.06611090764138802,-0.2877634251578166,0.028353052315080552,0.04372955145145149,-0.3024141632835591,0.1053141697928761,-1.1348776938976024,-0.8037969858753041,-0.09172381591174185
7671,0.041418607360632506,-0.015386275783104995,-0.49275290034843416,0.12725185772221936,-0.01435359731182022,0.025372854914909614,-0.296864090196243,0.0,0.07521185821869805,-0.6569468679072792,-0.12506344259023416,-0.007427279590623517,-0.10806200499022647,0.0480726148391967,0.013807708534421946,0.04450821396509202,-0.37400188726726513,0.022317298919776126,-1.1456908153954186,-0.7942784829093816,-0.14917324083520922
7671,0.034814338562766584,0.06918608102136665,-0.5187342523594042,0.01234219544674248,0.018953877799295384,0.020490959433771324,-0.2583483974205539,0.0,-0.03811998303673981,-1.0061162853821717,-0.09447914848105463,-0.15494191771582674,-0.12362682897090292,-0.30932313337976447,0.020280864149981467,0.039321297580513496,-0.691696914452494,-0.07138793294987947,-1.0272515661949433,-0.6954430797691563,-0.09701779351525557
7671,0.04045210525657485,0.03786791407818984,-0.507195584477855,-0.10682240366587736,0.019863408989627015,0.02742986929069756,-0.26245571514519334,0.0,-0.015551834922791592,-0.9185263193329183,-0.0743164565676408,-0.14055756991957397,-0.12563275397325935,-0.34747613149058404,0.0185869254672517,0.03911279150543288,-0.7096262024435008,-0.11992115849725704,-1.0187076306422582,-0.6898347125571371,-0.10744729436680882
7671,0.04242646984287218,0.07962599196909424,-0.3144987375930138,-0.1284367249884395,-0.0027680646830801664,0.02221185110672533,-0.22928960136609317,0.0,-0.07039449992540965,-1.199735291743117,-0.1144014251784299,0.02227196259247334,-0.13237038107761281,0.06062005852195251,0.01975190876924837,0.04031603315001712,-0.36539627965218996,-0.07824106030003009,-1.1074548098900094,-0.7870846957818672,-0.16151580813120017
7671,0.045625559085977346,0.03250438957942097,-0.5432066581360693,0.08380841128522953,0.003470629873034601,0.027125913467266404,-0.22187169468597273,0.0,-0.033369618804425995,-0.9168446816729701,-0.07034763711522868,-0.14104479507521267,-0.12175214236374347,-0.32130613183439727,0.024136025378343254,0.04267737519228599,-0.7162456397086882,0.05513694196563755,-1.0645942364121552,-0.686756482558789,-0.10080362134942251
7671,0.03886991453613137,0.06311193576637678,-0.5186965798337412,0.09556934815156228,0.013970354532031886,0.021357050836194522,-0.23742316491854454,0.0,-0.0618845509415197,-1.0861409564222244,-0.09203479413489463,-0.15462443237393383,-0.11384451590103496,-0.3141925092785181,0.022058029021605134,0.0388147967802994,-0.678665151301141,-0.03968742297410694,-1.082234152989613,-0.6872307974734094,-0.09825302738168527
7671,0.037208536536588926,0.04199165796799769,-0.5185704612885701,0.05147087425279875,-0.007091668317373325,0.019136233475192374,-0.23500074278869346,0.0,-0.05951357825199694,-0.9093943112953388,-0.11065213731139907,0.08395741844474418,-0.14631686913213546,0.05598602606269881,0.022783293832460954,0.04347631730260679,-0.7044760700151679,-0.04830911068637541,-1.1111783524686134,-0.7230226157213058,-0.1463945434977455
7671,0.0653899152758782,0.08075159485079182,-0.027860206212738044,0.027478752814028982,-0.003336424655999022,-0.0005272173556141278,-0.2590844325367658,0.0,-0.06460514460705753,-1.1930029191235194,-0.10433707777698951,0.017898957218096506,-0.12915644291649445,0.06296360998790598,0.020313146003105614,0.042422023289319606,-0.17089266535680225,-0.051806226870857564,-1.2360181882236942,-0.8067906366214053,-0.1395181061814067
7671,0.055608701547800635,0.06486672615845546,-0.22699548369610187,-0.0010761941436608067,-0.006371861294983654,-0.01905886236867613,-0.29833411035861285,0.0,0.05804133505797802,-0.7272332488844617,-0.14092820992132293,0.002045315617249343,-0.11945347569519675,0.13667797016865318,0.060814424466178775,0.041227477907387226,-0.24107684549395073,-0.02641876736611842,-1.1105458388739287,-0.8454317110402231,-0.13634609326880012
7683,0.1527214828391451,0.10372393599262966,0.06234559272019478,-0.16968330177810784,0.030493708098042884,-0.04086196486459035,-0.195236784850842,0.0,-1.1842767060967472,-0.06989020043112573,-0.02504463933645044,-0.14136492233367906,-0.07164308932489265,-0.3665678331649472,-0.7760654212670345,0.0497096321977957,0.005105892613836834,-0.2137009163161446,0.17138135916494354,-0.22567237055469283,-0.43724918594482703
7852,-0.217229457886771,0.04206400406532064,-0.8007130134977356,0.0733848091134742,-0.09488547133756725,0.038201631361405475,0.12832452302002867,0.0,-0.15698658739950386,0.032400584053633476,-0.04049321005353315,-0.08271583827014888,-0.14006921507170866,-0.3543700967956793,0.02471830526253605,0.0463303587014836,-0.9065495521363567,0.08075706128128185,-1.0734402925029227,-0.009537541453467614,-0.1046290309982711
7876,-0.2292461651035077,0.029651368848672924,-0.8893352957725198,-0.1387334430404838,-0.04516351173909937,0.011776663382425744,0.094923421950547,0.0,-0.02119302211963693,0.004677293553791589,-0.04082841068726819,-0.1151487004144012,-0.06827052111494955,-0.30214310592448707,0.028936449303772042,0.04632583507669533,-0.8703664812066878,-0.7856514898567585,-0.850570687283774,-0.6640086235093743,0.0864278353642873
7913,0.0950014571830724,0.08865120268990319,-1.1187644645697405,-0.4680659635916241,-0.06625855602598803,0.0006982396254433034,0.09824778106415206,0.0,-1.2478714189546878,-1.1114353472851697,0.004124995778278542,-0.12157264679984367,-0.12401567823594196,-0.22361659906125778,0.022445026546532763,0.038196903113946835,-0.9506404071816829,-0.5016742570944674,0.15172040803758202,0.12777139701754836,-0.02309033384796857
8048,-0.29877629463658556,-0.020504690900244,-1.330899221780107,-0.031038271250974376,-0.04441008272489491,0.07313111046300395,-0.35753455745810153,0.0,0.08510001590038457,-0.23016928930125877,-0.06821668769511809,-0.14750947271149198,-0.20157519334788768,-0.4263109913060788,0.028708486933669213,0.043509473909489046,-1.025993621710451,-0.4441481759134748,0.153214320513166,0.15193039894060892,-0.1588166254177168
8048,-0.2918509368493577,-0.24661260418427158,-0.14638564913791588,-0.10496334593592202,-0.03544524700033432,0.06648449757676964,-0.299389175451799,0.0,-0.016296323852467206,-1.088629065894455,-0.08210632251566999,-0.1802394812736103,0.06215303856977644,-0.48759672248848773,-0.11268033904555902,0.04420702812060118,-0.1856633969033904,-0.6620076879088678,0.16963264486979054,0.17698355874196664,-0.1834508955659718
8058,-0.23793451667771673,0.08156602229393606,-1.5682369757019363,-0.27990934474716583,-0.03584581058277206,-0.0035198844369896346,-0.22674203403839707,0.0,0.03849087462951829,0.057258979288498005,-0.10579943930889857,-0.13878497648432633,-0.17509140525003844,-0.39368420886179495,0.032994694141285974,0.04590047060734941,-1.0099457924294322,0.08731151801282651,0.16535329014436972,0.17635234013120432,0.09005050356559652
8059,0.08064904571830987,-1.0724703464901817,-0.3416689162323175,0.06211311572593703,-0.16544836089894158,0.026229095760972956,-0.238471974501842,0.0,0.07133615048637511,0.03687489755183619,-0.09666675663714328,0.012141793076105738,0.002362160303852023,0.04325830278958583,-0.018866021477976027,-1.5526703621154663,-0.1482736911088891,0.06234772469885374,-0.28242215389918235,-0.4067920732441032,0.14198311013920245
8059,0.09536690198720824,0.09311940101241682,-1.232022278398913,-0.37006161761553424,-0.08250545482079819,0.08531997435389387,-0.26414888094042577,0.0,-1.2748858704464152,-0.6643476681651488,-0.025229994766220603,-0.14885532338410637,-0.16451539293927503,-0.32068489346557927,0.010594049506059753,0.04187055955327169,-0.9490278438122547,-0.20848691041536013,0.15486166831576753,0.12932734287785977,0.10173218776619791
8144,-0.34511877102727745,-0.03254351007394567,-1.5410168138077491,0.036560644955083696,-0.043921006181499016,0.07708967055099208,0.14319809447895718,0.0,0.0038450490918552874,0.05630998667452551,-0.13781590817854975,-0.10514609020245755,-0.1810086541950013,-0.46277087379202914,0.03734826407474855,0.04696331306616145,-1.0397528735312558,-0.022420664806284393,0.15642485063028166,-0.2766981677264762,0.10489580753042305
8169,-0.1627034328408332,-0.10735224478424467,-1.018094797541982,0.041579158756939225,-0.08603649521347197,-0.0054769140793386115,-0.2713166908770329,0.0,0.006979579189925263,-0.054371274971458466,-0.09249140479587008,-0.13547850421416976,-0.1259994931853579,-0.39597986427566484,0.026952570986369353,0.04093887956586872,-0.976643799884645,0.015556196413676534,-0.9977949928455827,-0.6599612170107244,-0.06445730669117508
8169,-0.23500030086625756,0.02915651948015479,-0.5051401620224543,0.025142108690266635,-0.08360078973977321,0.006930920129170742,-0.31320753112539834,0.0,-0.04764105661853825,-0.0719766948984174,-0.06093920108282931,0.013688870941844358,-0.16580837529200596,0.03559238418079943,0.03239827827203287,0.042281786437699344,-0.5619972068144153,-0.010935042382173943,-1.14154412732376,-0.8606594412966304,-0.11633198931116892
8256,0.11655574905320885,0.08784682984533945,0.03900331004088932,-0.061673725416946094,0.046031543462063694,0.03376737647410547,-0.05336851961145151,0.0,-1.781732237996579,-0.710801874540719,0.041139755428500804,-0.047699919577121004,-0.1115526363650396,0.07881440983838964,-1.1588753704565895,0.04501359941396399,-0.027618804183386497,-0.1601076513140047,0.16606179408557384,0.15435577475673534,-0.23010104653129507
8266,0.09981301190918243,0.08379518685048364,0.005337745336129705,-0.15402466572291573,0.08619026942014614,0.045224961294838446,-0.04629483025990586,0.0,-0.7787365453275055,-1.2246360226228743,-0.08411987751910377,-0.13801850344688035,0.05571058012439209,-0.11420197524691507,-0.2098551907292827,0.047213598159079564,0.00763795009194425,-0.1216450311849253,-1.1397289054729847,-0.731134844091778,0.14429255362355486
8319,-0.22797498293970625,-1.007540354117975,-0.05000763095495343,0.06302630231419361,-0.13579958954779914,0.021735689976881925,0.16367791996078984,0.0,0.06454677812482273,0.04760497642329439,-0.05227966630657308,-0.06430865974430178,-0.05887131486224714,0.06843833125446525,-0.07040795786330112,-1.4714552247701707,-0.013394311941944908,0.06376712679385081,-0.310708494587308,0.019261681905347307,-0.42097444982002225
8369,0.12216258796462803,-0.020558619931276386,-1.5974374746162352,-0.21944284812168646,-0.02356377402729619,0.04872180188658077,-0.30442617914195197,0.0,-0.0272131700899922,0.04087576515730993,-0.06766346029847872,-0.1294721417975188,-0.15181241868303147,-0.4428115512980372,0.03532949435253792,0.046439869699409365,-1.0887586964946474,0.015821126953675282,0.16951128816825337,0.15230920571712997,-0.17062581914737654
8517,0.1446502656665558,0.09069915881729117,0.056216665378583816,-0.20935160963255015,0.10116707217617268,0.07160529113836085,-0.3374843819036768,0.0,-1.8913778975927444,-0.08595525281390076,-0.10087256251496363,-0.22014751689761325,-0.1192638980224683,-0.060908297863480836,-1.0783084807134988,0.04633747927853634,0.05294504961443191,-0.17586585807462876,0.1714704057254973,0.1532366455504147,-0.04773441337878207
8549,0.10866266492706396,0.10972361605784987,-1.233932713868664,-0.1457667246500946,-1.2054441832719094,-0.2367777682720637,-0.3408157088148411,0.0,-0.015931791360172504,-0.1004514235574938,-0.0631940334653672,-0.2012256257997054,-0.13063773132766798,-0.32829948678884113,0.03330507215221007,0.04043205560665641,-0.8694839886822691,-0.320076381271982,0.12968284359830146,0.12697735169566965,0.06862021919641664
8602,0.0781144566515212,-0.02537434402017853,-1.3175353732682578,-0.2985446719059778,-0.6528884961189646,-0.12868122832605597,0.1269086550104547,0.0,0.030138076108621112,-0.05680110583975505,-0.10233443818813742,-0.14866805906082944,-0.14843669819940097,-0.37402108617897567,-0.0019385278427396927,0.04756250832839667,-1.0583904205004415,0.023120134860561397,-0.274586517605656,-0.35641909858447135,0.1029567991201279
8602,0.09011029826816663,-0.028652457353351573,-0.03835865678013016,-0.3680181115887232,-0.8582067410896552,-0.09815117930646754,0.13387521219238918,0.0,-0.7079145224226752,-0.6038860628731814,-0.03544642539783366,-0.15805264087182092,0.016945268757242057,-0.39959210063879463,-0.28456905637494545,0.0460618394481975,0.011819959414864425,-0.06495164773061696,-0.3918613679319163,-0.3348239650971342,0.15444039106938584
8622,-0.1464863495549167,-0.06734153438846602,-1.0947712180557974,0.09373304299545257,-0.08293049356139602,-0.010128276561497281,-0.3428964843978367,0.0,-0.04748641000611557,-0.4650673943764554,-0.08278918085920853,-0.10460906554843051,-0.09903373551606957,-0.34162560515833496,0.020543730827401584,0.04154892666037182,-0.8475321444560665,0.016548041092277244,-0.913890260476467,-0.6178738394119865,-0.15460840947836754
8622,-0.23833078846944583,0.08240673742975264,-0.5397073762978146,0.1056193472806796,-0.11610466882614491,-0.0157797815523956,-0.3598575486399772,0.0,0.026185875337781016,-0.33087768396955203,-0.055367440342459745,-0.13525055273540432,-0.08713144347204854,-0.3760671651683584,0.024296170142843125,0.04448900988990653,-0.42783575818712993,0.0415270742755717,-1.0651797449787501,-0.7052139706699612,-0.16628736907972008
8633,0.07109236339779991,-0.9112436267267964,0.06677256878070971,-0.11146997875986417,-0.09903254667924466,-0.044231123797909805,0.09818020828363293,0.0,-0.035779907078231366,-1.0103728055445953,0.019743716743392016,-0.09281056416724452,-0.03837091758862494,-0.36038688603678426,0.026812302892376447,-1.4428026881237126,0.08075025733402177,-0.2363764015926733,0.172861323962321,0.1672135049440376,-0.06317222591547798
8648,0.08674900799388806,-1.0273982499084457,-0.6325369523517747,0.05525443043508057,-0.08594096007744424,0.03199394641611294,0.131274238028892,0.0,-0.019421548789310586,-7.634347721518562e-05,-0.05482437108096777,-0.15344221868729294,-0.030397598944109396,-0.3940812901490391,0.023660265082456475,-1.57434166118373,-0.22670413356927568,0.04885757033176863,-0.29625024807326594,-0.3757737832402573,0.09821253391250123
8680,-0.18719289124210872,-1.1480389020450106,-0.025823007649575295,0.0772162410075151,-0.15141236586477524,0.023866836556218428,0.11953159882737707,0.0,0.09125898652411514,0.04832332199023771,-0.06198680313963,-0.23784710274953066,0.04428331490620307,0.0681955508472425,0.06376055402630958,-1.6114768816144793,0.04015628701800862,0.08568396827364405,-1.012068450507605,-0.06794711284302506,0.10871662035248957
8680,-0.25597258599606354,-0.13891743513863827,-0.5335447005758269,0.026324325233348746,-0.12271442568817606,0.024696241022880212,0.13435516790343616,0.0,-0.08898107816502039,-0.0876263841804027,-0.11092139923024774,0.0037279757930208826,-0.09884571655612287,0.1063032951368684,0.05143456862247608,0.0441002876808545,-0.9276113338132216,0.03461850056047319,-1.1762017168334282,-0.6886366940097491,0.11529950931545323
8680,-0.2219461186310162,0.06801193168560357,-0.6447757821364359,0.09200984901295582,-0.03935930744826372,0.02411086655492983,0.140564244885072,0.0,-0.25544121829990524,-0.10877808445452333,-0.023725607685839867,-0.0978865636728199,-0.07274700392588393,-0.32779711732931865,0.028501193015401403,0.042039299353283065,-1.0004405628225277,-0.08120174411223235,-0.9654878789758062,-0.6326867961335214,0.09430290421806307
8716,-0.32036690138662877,0.05964646393264385,-1.4708918634857011,-0.2044943686145055,-0.06511169700403595,-0.15755938667625632,0.0983894779124773,0.0,0.012808986338052995,0.046059388369274576,-0.10049213496117332,-0.10153912912248297,-0.180102882595722,-0.3426869428253845,0.031397654516680064,0.04456581259825847,-1.0498947302602177,-0.8583519628968613,0.12640637113042186,-0.2687084541125781,0.08315327743470127
8794,0.0999333374982517,-0.9894288623277662,0.06330025178164687,-0.04595103207581656,0.10593001040549807,-0.05905444971983915,0.11955953618277528,0.0,-0.9509058633843833,0.002982893581247488,-0.11530131413423768,0.03545642154042786,0.10612718583108578,0.14044790705788612,-0.15125499272064324,-1.6746122887701678,0.05285650710970667,0.048259915113103284,0.18312056480105326,-0.25328892251104523,-0.2054288269288049
8828,0.09738399555008731,-0.4816264051614166,-0.9031118331934093,-0.10670986420715559,-0.03293997558029505,0.005249997905500569,-0.12045513132779759,0.0,0.05510181784790651,0.05565726847718909,-0.03534747432409857,-0.07859688026912207,-0.00560750439857193,-0.3339741522612162,0.028783856724611357,-1.4617569501270897,-0.3323093030202089,-0.14059329455313876,0.16868107873438645,0.18850437067497872,0.07423640053547287
8863,0.0707811150756022,-0.6520666567772901,-1.0671579830904645,0.07839007666427619,0.00573549096710834,-0.010363206238850252,0.11261933822087673,0.0,0.04265548614117569,0.04004267593422329,-0.02371036088477757,-0.1489278163869209,-0.058620122949061576,-0.32772896182857175,0.008564191313318464,-1.5264758650428103,-0.5607005846331875,0.05420740154652388,0.15229459950521995,0.19106888141269526,-0.13234449425747405
8910,-0.2177269281483395,0.0906750952645537,-1.1398132188937722,-0.024857137803306416,-1.2213056970567049,0.022441254629150673,0.1805443852553366,0.0,0.1100982104710909,0.05290499565312188,-0.13302094455688182,-0.1779198429142452,-0.13805494527147402,-0.31015642771181107,0.03682253393664292,0.04288280685474511,-1.0360274859795513,-0.093275269065724,0.1268299921525447,0.16254367278576135,0.08772844040715856
8970,-0.27039649128999566,0.0766948962168585,-1.3479040271137215,-0.1218957701581902,-0.04545393858465141,0.0233729626499441,0.17590608524445367,0.0,0.012281018042125365,-0.0236115988809304,-0.06748664149652972,-0.1375500102939007,-0.22451469220209755,-0.3936243243993636,0.03760398665939396,0.043011877478441325,-1.175024431035282,-0.34722163798008004,0.17522570405718124,0.18327662097537495,-0.0177988547602202
9024,-0.22735366306686275,0.09769805837693253,-1.3258423603205178,0.0932511668684886,-0.5827247322688892,-0.5289697229414495,0.1407946619521319,0.0,0.09258636174497417,0.03640858411040025,-0.08378113901485872,-0.18104659508922932,-0.11979609356407697,-0.33151113917724534,0.03729020812438501,0.04283667411613201,-0.9493664579905646,0.06917324178230964,0.134678982376501,0.16846751090660375,-0.1660156262625137
9221,-0.23004299027239608,-1.1149104893058326,-0.41044633871864855,0.06286006054351538,0.015991026338226112,0.03957050291357957,-0.2740173916125758,0.0,0.0722688130913998,0.010781747957185926,-0.11438931512374927,1.264231903952553e-05,-0.06021118603745871,0.051844072659932454,-0.007059775933452119,-1.3073850966604845,-0.3036337427258851,0.04493309732571669,-1.074209403189278,-0.03188950252381587,0.12852466579841332
9303,0.15297056674742193,-0.005450535772817266,0.09962538550420498,0.024461666577773423,0.07150402793840659,-0.11628901134721067,-0.32335002517391565,0.0,-1.9513839970247435,-0.42110794082512665,0.04640749210712664,0.03000898181213923,0.09795844195219282,0.06313716814664105,-1.1240760406068446,0.046674237643508094,0.012484104884274148,-0.19069161749868044,0.1512648052958316,-0.1486125937646715,-0.05725956733857391
9303,0.15081078009774468,0.07769641329741134,0.10265032156718157,-0.09859604907233706,0.07308090352124474,-0.11624613180916697,-0.2932843560732798,0.0,-1.7986005357822081,-0.8815014991009648,-0.06472533453682493,-0.05263484080078687,0.0916441179860692,0.010241332620279774,-1.2215833878403433,0.04132636432082372,-0.022949373697559203,-0.3398727398835898,0.16827862976808736,0.1455285137301275,-0.0733150903768189
9303,0.1468904000451864,0.05495610438791879,0.0826424944804512,-0.1022412520906983,0.06995385407568114,-0.11223146172123713,-0.3165876764061203,0.0,-1.0279244394666172,-0.13559587485477095,-0.13780338679784143,-0.1476737226018484,0.0763582698978561,0.06470110486567761,-0.21271020628413068,0.047893268718262536,0.09553028131251201,-0.1592994900048909,-1.1016197675599209,-0.8771042306597664,-0.07971424560449361
9303,0.14140453420298452,0.07505318078635595,0.06620244842950844,-0.023855998425651285,0.07583387664641549,-0.07762792134161398,-0.2886738544916082,0.0,-1.046735939760066,-0.14115403101746754,-0.19651993510747545,0.0324196929396935,0.08894851984326461,0.10250676309836235,-1.083833764570081,0.045097233148555904,-0.10199585816153094,0.056052279426967284,-1.1417909457081843,-0.8696068104734174,-0.08849438514551296
9513,-0.3284772609589862,-0.4278210937548971,-0.8344940356408362,0.0319199416969169,0.06982947036936131,0.043159375019074304,-0.3065172079644023,0.0,-0.10577283861290059,0.051333636008019545,-0.07050091261853937,-0.13799961479715467,-0.15865491721567715,-0.40213472168365577,0.019429681699474788,0.0470415874966297,-0.7882039615335299,0.06547603215280645,-0.29887929514010314,-0.40574470271497176,0.08177990798452242
9513,-0.3549534906657855,-1.1192535250819442,0.0780506212116296,-0.20895022355199178,0.10728473246106641,0.06439960440446303,-0.23430853672811403,0.0,0.028665059339959456,0.04988390067298976,-0.0672745187747594,0.03907192298367304,0.06567178730329103,0.12729065573693052,-0.01017809553720161,-1.4558850262842762,0.07338022055631123,0.07238790482812148,-0.3461431098657863,-0.4451850115195314,0.15915349952919833
9513,-0.31951122264570797,-1.2422124745390923,-0.09134509671029765,-0.18827115393459837,0.08306675511267658,0.06808000323540364,-0.26224310521784827,0.0,-0.01994614943016878,0.04560885660114842,0.036044774564048254,0.06640899909466697,0.07276181968407365,0.13672905631761467,0.01736899282436932,-1.4660624691005228,0.018758272399479758,0.06774915966210349,-0.2956864005864496,-0.4180761749788837,0.13628470265965226
9528,-0.208445271480932,-0.16037674475804886,-1.2736868915484405,0.03922211604670895,-0.5820135287233382,0.08078071844456884,-0.18658957829891923,0.0,0.02524241334621318,0.043697481042154346,-0.1121979042854582,-0.13083252595285821,-0.1565103049341492,-0.3387578565153174,0.0278302793087377,0.04260818301868604,-1.04601215182054,-0.3905825002614285,0.13243630340587917,0.15867414530738433,0.08722413238957637
9542,0.05360153691966336,-0.1439334655677243,-0.8415737068622088,0.09626407919292161,-0.09095453267222504,0.05408235585950582,-0.30045150064211645,0.0,0.06157846053917352,-0.0640730406615433,-0.08289920212530594,-0.18615782184780422,-0.06254665060274706,-0.39175568957350926,0.012334083129921094,0.045065815607198544,-0.798938437314776,0.043590386667246135,-1.013438524723104,-0.6967077352008295,0.0755752586194926
9542,0.05401576032700256,0.06833259547218251,-0.630640338796355,-0.055939779131897856,-0.06598197076050748,0.04850355752520354,-0.31039652975057347,0.0,0.022965955191522593,-0.6288331679845075,-0.08595733526328483,-0.1532183574344448,-0.08042434835296824,-0.4016039361870799,0.01889446283020606,0.04262221460555469,-0.9284005522666089,-0.11569111955297888,-1.0006063986454004,-0.6460619194732187,0.12683867246811548
9542,0.04083054534466088,-0.09766345878106122,-0.7227306057524855,-0.2791446029414544,-0.10388217665746775,0.04352249261049817,-0.23938999939895098,0.0,-0.1822533810724155,-0.9918883212517363,-0.0746039143560025,-0.1342264163960608,-0.13224596215970455,-0.34176360340162615,0.010814057885939133,0.03965107974154232,-0.8515733083568984,-0.3222288717971834,-0.8684723728974789,-0.5389768793389081,0.08585879464109056
9542,0.08086346359376331,0.054300157886650775,-0.2149786875794455,-0.3218363108830301,-0.12506834719251306,0.043136539832268256,-0.19757855360329613,0.0,-0.20166539130725625,-1.0472353069248543,-0.1001751970703752,0.029561842755384208,-0.14444650863529374,0.06081937929783509,0.011701041657532826,0.041312293502539725,-0.7564281367012996,-0.32516245685830364,-1.022292179139019,-0.5551256771246048,0.14697549394236817
9578,0.15143880664867768,-1.000086744690787,0.10501056682362497,0.03354567031950497,0.037449888156824346,0.07590523186226192,-0.16340488955713303,0.0,-0.13207706668581431,-0.09897948647694453,0.050987743274210774,-0.08199979816423,0.08589510562869641,0.018836954296535383,-0.24148026181642007,-1.7681255319053253,0.0903291193551351,0.05302495652550331,-0.41322256698244947,-0.3801805763500461,0.14659817699773336
9580,0.08850097631224664,0.09683799765190773,-1.373033756863429,-0.33760194957206835,-0.07973137238879252,0.02234806788962581,0.002362895565031429,0.0,-0.05113757068916948,-0.571498369759942,-0.06050277759121765,-0.10887118549361317,-0.11804530153253819,-0.33814365229858623,0.0344710284746298,0.047743929661481235,-1.1934701290890803,-0.062003809623086575,0.16265138920127106,0.14480671891167116,0.11931625865316135
9711,0.0791903405145559,0.06416638023764744,-0.5675244316106478,0.04980746676495737,0.04902940578339141,0.06421282339129163,-0.16631896982542616,0.0,0.08712454523264995,0.06146836501233555,-0.053255533137941895,-0.1850908334305044,-0.08583358317778854,-0.32917896278235925,0.029379306178340878,0.04535148831173248,-0.6277891875432725,0.01898582129858818,-1.199353844296671,-0.7811570845901395,0.09426464951475212
9760,-0.27184798032984286,0.04214974100320135,-0.7704237983476026,0.10869685696946378,-0.42351431208674273,0.04019737043460348,-0.3295838558524231,0.0,0.05212895588518818,0.06249070804066169,-0.06780253077555295,-0.1255356325670457,-0.12196425123192278,-0.32348463184227566,-0.0031070218230883945,0.046166082298952776,-0.40825685049076876,0.011829768046235844,-0.9719774148628492,0.03848004119735053,-0.035893695809765216
9846,-0.24443504198646812,0.06462423519821092,-0.6023917608660835,0.08524808837083184,-0.11453572520272554,0.003654671520992858,-0.2871109904838565,0.0,-0.01985444082286415,-0.3099693594121253,-0.08120635875849815,-0.11764506369407893,-0.12536276436136695,-0.34262437077783453,0.02672982473590439,0.044316313603844054,-0.7397255634747317,0.06986604833620165,-1.0740155810805374,-0.7110256712690063,-0.08499420778165583
9977,0.09839711420967373,-1.1304332485376742,0.036783293481485485,0.07411839004877116,-0.6031198296579757,0.025771514353610334,0.1283635736810119,0.0,0.024729539018388473,0.038409538377554134,-0.006189438063782625,-0.18723851169838632,-0.07480045958821942,-0.37700720825861683,-0.15707342058811963,-1.5212482126103366,-0.10128611028321101,0.033943847933989996,0.1727425914531352,0.15345364656196064,-0.1513717898831161
9989,0.13212052892354947,-0.9009543858298584,0.028232211700102424,0.049515124286697125,0.03417203152609064,-0.5059713576738216,0.08582176292744306,0.0,-0.9613283084743139,-0.1599419235493941,0.04955115951774804,0.008224182673049318,0.039695834609574446,0.06739225023360187,-0.6180962642836195,-1.6416418541170512,0.011748559954374248,-0.032096633623998665,-0.29094200146135085,-0.32247606864514416,-0.4279608721546755
10044,-0.21082116563651596,0.061567404321456465,-1.120455718719928,-0.08471379473116587,-0.061990908433498304,-0.14176801477416254,0.15661095030455047,0.0,-0.07553215471870657,-0.4214012401146974,-0.04249993521223638,-0.15868050122113217,-0.10841072901460423,-0.3405208560343942,0.030185215484521827,0.041236132813086405,-1.0545645815434348,-0.04865955331180774,-0.8905769468961989,-0.6612686192535218,0.10807589358523562
10044,-0.21275493201664875,0.047501417467468984,-0.764921643495348,-0.26694000936882595,-0.08230112083231125,-0.19177364466398292,0.1449291202579844,0.0,0.07972365828291215,0.0589717824450269,-0.09476147169608909,-0.19212021789264305,-0.0750974807394891,-0.38306322968364703,0.026726566971111414,0.04685635932977985,-0.2701590960340623,0.019452663443070912,-1.0288312725739868,-0.7651254605050105,0.12196915552349896
10276,-0.43419719386416006,0.09802682888916074,-0.021285408239429048,-0.4309500866296187,0.04014486088309668,0.05831440749406216,-0.09651122007145573,0.0,-1.2864625929009503,-0.019173109175894293,-0.0886172270331361,-0.04332696666447207,0.06675018208381686,0.09129047691073024,-1.1832462438620703,0.043414947589612875,-0.07267593137565266,-0.47752377754712133,0.14669786669826743,-0.2266670673972472,-0.14470298318709787
10276,-0.4079029810438425,0.013487117159682838,0.07385506998888604,-0.34742334243316547,0.0510074843006502,0.056835849629460915,-0.08049765950187907,0.0,-1.6763665381591832,-0.10029653557948519,0.004563002621290459,-0.03731403419506778,0.11136216854761413,0.09049230436996189,-1.1837785279335653,0.0463336290179753,0.025959691753339027,-0.5521808794488814,0.15608563913262638,-0.16548359419049394,-0.17343463869724507
10321,0.09695408104391537,-0.9910601579123965,-0.6544682309693027,-0.17859164462721044,-0.10714108427803326,0.060397474112313075,0.09503832214528084,0.0,0.05927850851877684,0.046065889025879464,-0.044345285277035094,-0.010437132801918582,-0.0934916594235608,0.03751439688860095,0.02889070012156386,-1.5013213217175527,-0.21602414912594875,-0.9918161497307451,0.13770937265917754,-0.3342722973938984,-0.028708761130121035
10346,0.11506589085940838,0.10846909695854788,0.07354863453708242,-0.21843019169258768,0.09043704554560156,0.027926697235358636,-0.1388771825239582,0.0,-1.5564131934685606,-0.7339199266574474,-0.024283482605846674,-0.07696122080734145,0.07007052366514462,-0.010388260688904338,-0.7377888352617629,0.04945269172997927,0.02143414281936382,-0.025612029942562634,-1.1541654533580687,0.04319940812104925,-0.19503032730893816
10346,0.11345816837947519,0.11008173000863808,-0.11739144276634209,-0.29452028128710933,0.12294447224167669,0.033942453990455174,-0.2119322153777007,0.0,-1.4707725074370148,-0.7377239648877105,0.00017546379230330987,-0.13955793199313712,-0.16485313559675233,0.03403799451508592,-0.6160779573139147,0.04573323153599355,-0.2234793470247689,-0.1461155078526978,0.17594447691710843,0.16693317321237344,-0.23825681472612056
10352,-0.15758790295204697,-1.1182585081767031,-0.44461523940802067,0.023494889425605486,-0.2940799442656331,0.011153257169631864,0.14621382855151382,0.0,-0.08879714124350353,0.04285964233336162,-0.03423725476083008,-0.11522696346272177,-0.04248161835404141,-0.29669134243717743,0.04222929502765932,-1.3933110504195407,-0.5477240278860263,0.042274118664999694,0.1560992702404346,0.18813121336531535,0.0963109491138367
10356,0.11105148998317169,0.11063767214569618,0.043410947145187076,-0.06051931752323837,-0.4177141303405479,-0.06681362635068845,0.1290826011960314,0.0,-1.4058626680094768,-1.1387163724505684,-0.1113577939819612,-0.12550980710878681,-0.11290731213172306,-0.38424817161677666,-0.7096168987448447,0.04804549869185629,0.05442541095733122,-0.0024169623670305582,0.1729708214287209,0.16907258869932645,0.08710628511695881
10399,0.0685834749540827,-1.233458877313391,0.08622548011689773,0.006489381663358608,0.10373986932855268,-0.05440257197054945,0.12669136915170298,0.0,0.07228957293225438,0.02725455361315811,-0.1700864298289201,-0.2697950176170709,-0.1137500871632898,-0.4652138266289449,0.05307983471338982,-1.621356536463798,0.03669633339634152,-0.24126203832948717,0.15278855510462327,0.16868137738410338,-0.16517874106855146
10399,0.11643302390756573,-0.9672635507390652,0.03205979238320869,-0.08002509311253829,0.12256716695750872,-0.04261430426268704,0.1311423555960147,0.0,-0.3385938014684484,-0.2016447454437011,0.03309028725490695,0.05045933903987479,-0.011020314086027461,-0.011626344028399859,-0.27019315383384696,-1.6609266878311475,0.010946238071208302,0.021428911382043586,-0.3583812806866367,-0.32801317347183545,-0.0628803423184218
10399,0.15289185861043805,-0.22660623270945152,0.07262540707982028,-0.16764048685817037,0.09609506651461021,-0.020935423165037197,0.14242687723670155,0.0,-1.720549861231964,-0.6942920541486057,-0.0034101406547860785,0.014598586213561868,0.0493433639827874,-0.03062170322478886,-0.6791580916177689,0.05000392991799578,0.08194327044105167,-0.02556869057383519,-0.37966634913789316,-0.28057306543583826,-0.016545950475972317
10399,0.14600919489225286,-0.04666395747769995,0.020079299636413944,0.08209491324574912,0.09761573327338638,-0.004453392987805774,0.14382476965257623,0.0,-1.6137026753839034,-0.6333555566902098,-0.16068895039595105,0.0008941262485921658,0.08096998636439483,-0.1203631483399517,-0.8811680437932926,0.05061483084257133,0.026656548302522384,0.06877357703576123,-0.34062916479189537,-0.3059824718943993,-0.00741843843745573
10399,0.10076460308674343,-1.287696759617978,0.0673655162966075,0.058552067306163524,0.12548635205408917,-0.05560125618171584,0.10379524267482595,0.0,0.010671055755076344,0.003135381143851197,-0.08994360776451726,0.0862017207538307,0.08725205554004892,0.03501299873873826,0.07475899904992978,-1.8124970073291895,-0.1244953449669611,0.06270373402268731,-0.3406870102900944,-0.3128091199874491,-0.12476954437194879
10448,0.13927611340506726,0.011049362585224674,0.026535545998864093,-0.3465078098277285,0.11270094001745153,-0.03561056903680613,-0.29803876065846513,0.0,-1.370107753408884,-0.5723502079594772,-0.012578570440535265,0.06426136919515134,-0.12941065976389063,0.1079621651282403,-1.1895081598781236,0.04780521340885907,-0.0062093118291737135,-0.38319199143107835,0.1560588496225994,0.15117109235691223,0.17919504835350866
10448,0.17534500387544782,0.04668270893517741,0.07550827465531182,-0.3017102256320203,0.07662956532460374,-0.03678956520701477,-0.23095145535351985,0.0,-1.753453365514956,-0.9899750557917245,-0.05375882792622821,-0.05188071820063416,0.12583655717756895,0.045630784479466086,-1.045471105603697,0.045886368848057094,0.020466970462739924,-0.4711001124325299,0.15216043499244758,-0.14103202938920306,0.11627924997872413
10448,0.17992970828503538,0.04828305172181062,0.07880688853756215,-0.3352775076275042,0.08033253000077062,-0.04388146399499756,-0.23652595865938675,0.0,-1.7967362413102534,-1.0124782512209132,-0.046647070812607994,-0.06591483134811398,0.12871162350230766,0.04024308858354807,-1.0731816725142265,0.04463217786875992,0.014003799891989107,-0.47795735963470126,0.1698660911593656,0.1352723712671072,0.12582812693369147
10496,0.05417205603083782,-1.2216735881592586,0.06419552864071687,0.051519601641285134,-0.6509836669481516,0.01844904515319204,0.08655175153565227,0.0,-0.07408874439027341,0.04437803069222339,-0.08342004096647823,0.026856176438101453,0.05524974285982116,0.032992507172797426,-0.00047019052452430143,-1.565739956181573,0.07436974450011752,0.08409491911145049,-1.1947863634770752,-0.08124204873692857,0.10196087860098259
10517,-0.18742794682390024,0.06884465790614694,-0.4998154488549288,0.08638551424797755,-0.09811501274387645,-0.31437591325569614,0.11469556719520302,0.0,0.03423191066417927,-0.836051984886837,-0.04007457831156715,-0.131603276726341,-0.07276384825416117,-0.36203248036037633,0.029349517614094187,0.039850347659528336,-0.8629918024711797,0.05111080626604517,-0.9947789852169361,-0.6929243508341063,0.11499242660653379
10517,-0.166862662084049,0.07831808863391293,0.06441485900218609,0.07655418926928592,-0.10362230730306522,-0.38096777754470457,0.14112032361949503,0.0,0.030629650671402022,-1.1544305110279303,-0.04532365157130569,-0.13460399137400594,-0.15452864431369376,-0.40081355769623184,0.01775841753979129,0.04670358961348407,0.08966972566531638,0.020010953146636014,-1.1368386322748338,-0.7388821363215563,0.13286855072238735
10517,-0.18555568444797815,-0.005750509756603583,-0.5576766714500794,0.08355795240579295,-0.09620211675965734,-0.3452875758253954,0.1105380242598286,0.0,-0.016495658576296007,-1.0049940266593969,-0.02136641280779991,-0.12298165386986706,-0.08393660831892741,-0.34888732146556933,0.030496792607547476,0.04285202443622897,-0.941476045214738,-0.02741182124792706,-0.9921670213881096,-0.6303063930357882,0.10879921048374527
10518,-0.20600928907683164,0.00517817371504696,-0.5946479290927128,0.07189978875909418,-0.09563903577968913,-0.024946005683330705,0.10906810528160336,0.0,-0.08074396619779158,-1.266177801380981,-0.04125166281517472,-0.08247883739283357,-0.08177839011953615,-0.292113767528557,0.02701417355960832,0.039999617479050134,-0.9551844163561273,0.03691779884823533,-0.9659499583435673,-0.6310734732204951,0.07564536092151945
10518,-0.16453158908258675,-0.07190455845710442,-0.590312135256699,0.08632941855669984,-0.09876745721824812,-0.022220499460432242,0.10941758928794412,0.0,0.019824713802213807,-1.1394803041354733,-0.04141021734065653,-0.12163707431541446,-0.0921070749290157,-0.37706181298780445,0.027764008716976485,0.038656528445146714,-0.9335833406713072,-0.0060858841642762816,-1.0055281865224874,-0.6453989536201611,0.08427967968522855
10560,0.09349744672473484,-1.1669015870431232,0.09359751158416711,0.06646536044282446,-0.4092217215108766,-0.04282419908069926,0.12432889414619154,0.0,0.0656616475932183,0.048365659064793336,0.05654526125694826,-0.25845427023709155,0.08952753554562608,-0.47242421077811436,0.045489298656469154,-1.749605011706843,0.06982997307360357,0.06923571711807308,-0.2724094999910928,-0.36765079865822775,0.09009686645686338
10560,0.10401025947365262,-1.242369118588111,0.0939913322091161,0.06755759586333962,-0.47807755170484445,-0.04813167372151616,0.10792228213070801,0.0,-0.0037483778884731447,0.03275692469694339,-0.012408039162787201,0.06130975081786712,0.03862627155140618,0.14678572833074377,0.04370759097405392,-1.787994615701907,0.08797605101525792,0.07541955893703077,-0.28612669717281963,-0.437487427255289,0.08528993965388948
10560,0.10154195193608209,-1.2575324164451716,-0.04921518602773515,0.047895337412910736,-0.44978813382366123,-0.034792999351999074,0.1243445347832436,0.0,-0.05349845397119122,0.027923288623193123,-0.00569571039834124,0.07484651486071338,0.024672612768612094,0.1032223475246606,-0.13877172122083803,-1.7256209412997583,0.018934217524517186,0.06525251723755035,-0.32253963782461764,-0.4178304279559563,0.10502046834090782
10627,0.0892174301326341,-1.0872407593749673,-0.09269276089621645,0.05128126626441568,-0.38167275351627095,-0.0026154584813215436,0.1378243691067654,0.0,-0.05973260423923017,0.02390285533358497,-0.04953482477742165,0.007233396658502047,-0.009039051024745254,-0.07177534077589062,0.011956435364210186,-1.5377409208996955,0.02249142195635436,0.01729081805207625,-0.3418887161272687,-0.40553860674660447,0.10181639749412388
10823,0.13840332826002646,-1.0940347454564021,0.0662929246471043,-0.15368344788605157,0.03581335291570277,0.07773215856067905,0.07562507912319365,0.0,0.05196966308543643,0.04421157982551641,-0.07182865797996177,0.0036570262914723908,-0.18403712125575974,-0.21975294573464055,0.0553305073609039,-1.5553619899204545,-0.011131852276348227,-0.6650254791436704,0.12938201965766338,-0.30300496310059744,0.11964073713595505
10843,0.09936114758624424,0.022782317645124096,0.08204245661198731,-0.10440236068781715,-1.2986634088833802,0.030765013724277316,0.13168725304187628,0.0,-0.873655735926258,-0.41609826524066,0.0012251006471539145,-0.13516897990385693,-0.1318265179255597,-0.26724991110631174,-0.0060359297579412625,0.04636205981008946,0.008876460845486501,-0.7730652553381615,-0.2886480595946624,-0.3382074985745547,0.15335440059388936
10843,0.08780725227990017,-1.0057961628720937,0.07850505044503726,-0.07166417487315985,-1.1449427276607533,-0.004352179092427354,-0.1699719754337427,0.0,0.057050797756865564,0.038392564957762054,-0.07199251690647769,-0.1876677630492027,-0.12333565240754392,-0.36705567348302925,0.024856389951510068,-1.3140423327336213,-0.0025757884121918274,-0.3866802379591465,-0.21452919370480125,-0.29094428806178346,0.08421631480045103
10843,0.0806149217586583,-1.0259602243956467,0.017972904948443124,0.00448683673265597,-1.1374854991996186,0.0037897946925965526,-0.2316391966185219,0.0,0.09597768671861741,0.02411358017893318,-0.05771669921471156,-0.2244004287614956,0.05061719713813823,-0.47506329672744846,0.056392420222314735,-1.4688715573596929,0.07627087802410523,-0.13117920947419429,-0.2143396116109854,-0.2780756314634365,0.07044801408619022
10859,0.09621269644543134,0.09419037920739778,-1.2749699768905516,-0.058918721714655856,-0.04572536615852593,-0.022770377055956314,0.15845900499373242,0.0,-0.4706860363543227,-0.008689809747002623,-0.048016296038379654,-0.08287084400760938,-0.17796263916492217,-0.43104988045241244,0.023822439439722298,0.04682010567149947,-1.1763025197968882,-0.06051854448002899,0.1512068384835641,-0.25954329617050487,-0.11032643385230104
10945,-0.3165006040895529,0.078011270511136,-1.4628071054997709,-0.20070134037124213,-0.04104974085143647,-0.06284176634869718,-0.403552671192326,0.0,-0.04817325339584148,-0.08220804868976483,-0.07037023431474163,-0.16752651768430873,-0.23001938287496043,-0.41265304278651616,0.03224712652221395,0.04393001982658274,-1.1281908323246381,-0.14762796352327157,0.1694270889915638,0.1561688567170635,0.09144310189973119
10960,0.0821222403751366,0.035502623124002645,-1.1055898136665763,-0.06667437697675611,-1.214743516200486,0.07565117865143463,0.15574570069380547,0.0,-0.10033410544633055,0.050116282189419686,-0.055696862807308,-0.1684921540406714,-0.08443416541679286,-0.34222788535462684,0.032153147234936626,0.03888087786390338,-1.0632779991213852,-0.11296931836183143,0.14890535065458468,0.1395854456302232,-0.34331700319994535
11035,0.09170671843204678,0.10621304630671427,-1.8197435494990526,-0.3398213114428364,-0.03772260203751859,0.01932161077888866,-0.3485058157713244,0.0,0.04210854576527506,-0.09867778737490215,-0.07538200305630446,-0.15025333779553995,-0.19396240894835504,-0.47496733683415676,0.029347689444209114,0.04545812369602943,-1.1450302333878735,-0.14172337629157797,0.1662273650315598,0.14562916015198302,0.07824631336037137
11053,0.08837872005870587,-1.0794735870671979,-0.6673887291442444,-0.027481194328290586,0.07504562843051184,-0.07972796800124124,0.14674163633549075,0.0,0.08074218499373735,0.04459241481407214,-0.053261945428245715,-0.1807073220756973,-0.07376160017777836,-0.41394223969317556,0.01877233436634298,-1.4354242538723483,-0.2431109386744425,0.05601120575747513,-0.1855552109445191,0.03200419262618776,-0.0003245803109275165
11075,-0.20209500248396933,-0.3166277011968374,-0.8417745817296322,-0.1375635124579343,-0.10266064745854195,-0.07258608176230641,0.11652526393691051,0.0,0.08221453395517822,0.018310549339069844,-0.07359016944480493,-0.14446681585827054,-0.04233536712159494,-0.28784295746354427,0.027922114419909792,0.04857416470192006,-0.28491202007458255,-0.5861101360363052,-0.9315179489001664,-0.6697009442386227,0.11207434299785152
11075,-0.22173657613683553,0.044403072459040197,-0.6573387279098452,0.09475963982091867,-0.09587259826395737,-0.06678392887298422,0.14979550099394345,0.0,-0.07728951817946911,-0.16747891913933935,-0.059705509904378236,-0.12446691326395289,-0.06048975852608607,-0.32801171531858725,0.03250008672465413,0.04930871912363375,-0.8149409847738788,0.06585027379164406,-1.0952659448171327,-0.7161493601369088,0.11270647499303277
11119,-0.2581671677250324,0.0541657601176775,-0.6140099572448094,-0.1350694327857719,0.041400532413716676,-0.010208762054198267,0.09970969154717658,0.0,0.0629419481397907,0.05344319586197192,-0.042552229428116144,-0.15235212793759978,-0.03182193235462217,-0.2889241755027722,0.030205289513892033,0.04558840984436711,-0.1978545758455344,-0.9035534106334622,-1.0242531431293445,-0.7350959293562049,0.12700667787632985
11119,-0.22785766749392553,-0.07436164542441016,-0.23738482222535506,0.004958175073855824,0.008224632337231197,-0.0009122892506136153,0.12866259284899162,0.0,-0.962322480053235,-0.46054966392774804,0.006291593238284626,-0.2039833883905897,-0.07686106403531837,0.03525567717141245,-0.09636829290206686,0.044695413812983295,-0.7835977180616729,0.001810053327826125,-0.938739803777787,-0.6089551141941154,0.14532815689106698
11119,-0.23502326251753733,0.051787632449055175,-0.6139682640012644,0.09862570727204908,0.012571506680883873,-0.009964976940996675,0.13683658253583617,0.0,-0.07239083626436264,-0.13601049145072994,-0.09846893897907577,-0.021594541604182265,-0.08702032072303592,0.022591694945883367,0.06358616916045362,0.04197239226307273,-0.8431990649294249,-0.005840836859933027,-1.1750642427534899,-0.7027399399515478,0.1355541100816216
11119,-0.22248531632714444,0.0822398105944496,-0.024211795423446064,0.08115905878947773,-0.0011883945519094528,-0.0034749029553837883,0.1083053512355324,0.0,-1.4805175783938618,-0.5860700342206328,-0.02083679631034754,-0.23901212062802904,-0.09782933564650527,-0.05832002641673658,-0.6622770083062534,0.04276448468375348,-0.2486693633430615,-0.11206052127181093,-0.989915318418593,-0.7067764687266493,0.11813609103366261
11132,0.11275387426130294,-0.9926167127324365,-0.48791706392697876,0.044960810958819306,-0.19516221774887516,0.0357422432681831,-0.2852838045728837,0.0,0.08002245635743625,0.04092950150960476,-0.06385414128607035,-0.17398037340217187,-0.027713908356817075,-0.35559536319141966,0.020905291276874863,-1.3614361469369334,-0.12636369769654654,-0.017775949225909513,-0.3041882955706432,0.023285493049029448,-0.1632148825954852
11159,-0.1959503582846548,0.011756294229246667,-0.4007323958792614,-0.16028630876279013,0.10858781982709209,0.00361642052555663,0.13310157747710924,0.0,-0.07723400985828388,-0.1585439310343035,-0.052883811176929856,-0.004274880712315642,-0.08190770361545392,-0.13813146416488584,-0.25062602112848154,0.04233625596553402,-0.3108537308927151,-0.3499780995523939,-1.0024019642276303,-0.7172176265505142,-0.4015692313788553
11159,-0.22684921268197863,0.08994766049330921,0.016524382204820255,0.05811676612088756,0.08860339597673308,0.024997185537156793,0.12017910458947638,0.0,-1.4002649295871326,-0.6401008304074817,-0.005249224515843476,-0.08099311738665196,0.0383407342208119,0.08596412839066726,-0.5092145354643782,0.04429909683473434,0.013537626987616872,0.0011910683421971762,-1.0731486556914969,-0.7403604924466859,-0.38963239576595843
11159,-0.16963006376711526,0.06488948789513972,-0.10056784972693236,-0.13964289314818343,0.08515700729009673,0.015922744364810854,0.1401735203121993,0.0,-0.04682669456401574,-0.2588055453828307,-0.003311066994127713,-0.041543119714231795,-0.06393820870440722,0.07145413353527247,-0.10218529620986065,0.04430249159575044,-0.17988556446267814,-0.87209421604539,-1.0247257225423139,-0.6679967779645515,-0.3495097962117645
11169,-0.3246562949097854,0.10399808827623269,0.06668436401989808,-0.13310112238952138,-0.1179148641740918,0.027649362566762172,0.12059993530360351,0.0,-1.7081314644993473,-0.872085245152317,0.05897380847598739,-0.1007246747223112,-0.20872146306018952,-0.2611149627692026,0.033656392627649884,0.04592168183908166,0.054966234933305706,-0.8031947850821836,0.16143075828903072,0.19394444413129042,0.1137315304257903
11272,-0.15835488492131214,-0.06606798590389525,-1.0115847030643146,-0.23861050719393642,-0.6063016593665878,0.0005635013267166243,-0.23507547398935438,0.0,-0.21789917355908012,-0.9364824217055796,-0.08276129970276774,-0.10509013349834885,-0.13349150124518983,-0.27836235917795243,0.011306432668513382,0.033260910600171466,-0.7787495479552939,-0.2603033850191812,-0.7041534812835136,-0.4702123339608317,0.0656193586166227
11272,-0.2127812045934373,0.0195967116170591,-0.21125510163848724,0.061027107591357266,-0.8340851138475871,-0.01567669281146166,-0.28145830825157686,0.0,0.07718237110139442,-0.5309928686117955,-0.0749806572006603,-0.013703286267518603,-0.10252802673828777,0.08179864077554509,0.042666970407363156,0.04159738665476508,-0.33296206350988167,0.09095580211804276,-0.9798381269755585,-0.6758105532398679,0.13370358439295021
11272,-0.20984260432562277,0.05116523946105944,-0.03602109248257572,0.12230980642428058,-0.8617341798614985,0.023766338658974727,-0.2927942244156922,0.0,-0.17248424122063655,-1.1536944169474026,-0.03762497384161783,-0.033415154678227726,-0.14272660941438284,0.05472487509903217,-0.1839766389235292,0.04012910267918453,-0.25740421021908727,-0.006203100438310117,-0.9399124803690986,-0.6372835128635379,0.09090140060403243
11396,-0.22776875463386828,-0.3846411666148649,-1.2320528139035403,0.03910447940649891,-0.2661687434292248,0.05126724651677028,-0.36559382430197,0.0,0.06543018090185566,0.020176408766999162,-0.11315661640489784,-0.1511089571040036,-0.13259431875260128,-0.427070231986771,0.026131612345428643,0.04321440372667454,-1.078146795069596,-0.11466758979090698,0.14760254776986984,0.15814735396257132,-0.06679898902252114
11396,-0.1960735472603099,-0.42230782343729817,0.07139530895506609,-0.10920477099948231,-0.39984584205890294,0.07834241862798781,-0.3209400860540544,0.0,-0.1834531425638135,-0.1228757237562122,-0.032013483996760614,-0.1612855566411235,-0.045454967559288253,-0.45527229649961615,0.0001821588823335642,-1.3482072172502795,0.06418388406685994,-0.43420295267782166,0.18008117002928176,0.17799001794844382,-0.052394941829231954
11396,-0.27432923023113936,0.04617183512808039,-0.5977487439679615,-0.2870585463872145,-0.23748573781209592,0.04977402221144662,-0.3300789525224907,0.0,0.06522371578340695,0.06687320481162726,-0.11235274159286543,-0.1327146558031999,-0.11874196983409996,-0.38024017027839385,-0.00046017800201500166,0.04284552417733164,-0.20826770602421035,0.09064068630492222,-1.074956931918613,0.019208342777512877,-0.06950930424727303
11491,0.08062876192786571,-0.3239342518183742,-1.605224049108201,-0.1858105238821033,-0.020749996007853374,-0.020160168295232532,0.15621670218300376,0.0,0.017780792326415034,0.049070716805072113,-0.041172234345795394,-0.12726529379468723,-0.16407493887519242,-0.42681444679887875,0.026550009471582453,0.04754520835763555,-1.1887638817719544,0.06148067284611579,0.17272417667033024,0.15790509162109628,-0.12348172359651703
11515,0.1183229150968377,0.0757236013825831,-1.5292360558281097,-0.5931810056153878,-0.049752604879547774,0.09595865944235142,0.16256498964917815,0.0,0.084347420566906,0.055580209243125046,-0.11769581957246245,-0.24197047261670626,-0.16250790670982745,-0.3815417310604143,-0.00365872500972657,0.04869892761631939,-0.8234985644860977,0.05533797484934876,-0.28375410721851624,0.007248788562455227,0.09218196270391477
11554,-0.20944290668548657,-1.1866282381385995,-0.02793994466108862,0.0029470606231622645,-0.10005955668507419,-0.20664208621449584,0.13945352386703452,0.0,0.031761762947014924,0.03226209602687831,-0.03821549293293029,-0.0660718402035989,-0.11487701196490953,0.03215654675453061,0.046656819039939554,-1.4107113554531854,-0.06941957648167177,0.059741861557789766,0.14155531532454513,-0.41738262552574545,-0.09043170399576128
11568,0.06279612064453469,0.06180860404996434,-1.0519960280064105,0.008886108579526507,-0.07336300791308857,-0.12101127994037851,0.15064798116361783,0.0,0.07037788253046778,-0.3092988819836807,-0.08527458072674114,-0.186428828565804,-0.07592034437853966,-0.3977734752787657,0.022292338681475128,0.04681527103422391,-1.0754869849826227,-0.009596499596225626,-1.0731463767157805,-0.6524811438417204,0.12101650804018219
11568,0.0765567778845745,0.07166985818344329,0.07134925056917248,-0.02930945002594461,-0.07173490491438302,-0.12346098240758653,0.14262077350360794,0.0,-0.018538841971701855,-1.4142824134635905,-0.05272680468639043,-0.2132344726329547,-0.1886863095998722,-0.4041529416018065,-0.10795123769144986,0.046298877375722094,-0.09635022131645596,-0.1928154186146058,-1.1982972518693409,-0.809534180669815,0.14032957067951105
11660,-0.2927607686175965,-1.114497052556722,0.09019491258266508,-0.04374358913651387,-0.15580185588384368,0.08054232383771183,0.1265115664356249,0.0,0.0673547191704638,0.03403382321077237,-0.09737531732282538,-0.19769707852579438,-0.0855963974308946,-0.42536263495898696,0.04864775148797771,-1.4452368240721514,0.05995903155246131,-0.24957095419368136,-0.24601938406315063,-0.38522378624622355,0.1168313523348908
11701,0.1254234211902426,0.08009636391776952,0.01069461870078366,0.1054811660255423,0.11579512666214219,0.043472052296053894,-0.34704043655967254,0.0,-1.900901811188627,-0.47632004747316986,0.040050316621882784,0.025757104725665246,-0.1377158680165618,0.07435931794266241,-1.3858871804945079,0.043104189641785,0.04384163546043754,-0.3345908988866869,0.16404276111666494,0.15241698081179325,-0.07609594557909011
11720,-0.35078702501482195,0.08429821973978568,-1.5307207919842702,-0.16919809646564818,-0.05063228816985427,0.0638430585550201,0.12163391261758968,0.0,0.03127383765326009,-0.0931629757259843,-0.08415810184371544,-0.15576013151911913,-0.1854432436050149,-0.358540814724185,0.036058916116976744,0.04916667575930746,-1.1147326126989152,-0.7244755377826961,0.161974464626416,0.17037745746498276,0.07374370570832987
11830,-0.11089846777768399,-0.6394816591585901,-0.8128966132333645,-0.048344547953341796,-0.24657541597908844,-0.02277790578848767,0.09898550733193776,0.0,-0.3118017804738379,-0.716335519350455,-0.04183367621201977,-0.1235489330598326,-0.050182471151063925,-0.2927854099355502,0.018339226027835283,-1.0400332238160983,-0.773681434424798,-0.16714299633472948,-0.6793613453204282,-0.41168136662691496,0.06093251808206274
11830,-0.1520693408914583,0.06783038878358978,-0.6519618458266417,-0.26006163515264424,-0.2470991183904377,-0.019648124309844122,0.10228803963178408,0.0,-0.32623827755087137,-0.8875255458478288,-0.03417072228305431,-0.08195661725332906,-0.09640582100184493,-0.31989611014599867,0.02688570195839986,0.04153446103084899,-0.8515614421456738,-0.30967403926812903,-0.7819995066346063,-0.5402235373792699,0.07522596056502791
11830,-0.2340462528325591,0.06189994419206581,-0.11067773612399708,-0.3185011312603206,-0.39637182632154355,-0.02632529690497406,0.14674489997186907,0.0,0.03737228278935111,-0.16653615264050592,-0.09738046579865449,-0.22147597038260006,0.08708059131154854,-0.45812609723522446,0.06901241496966769,0.042230091277894906,-0.15335933451871067,-0.10909054125834956,-1.0478092534242922,-0.8649233923676065,0.10944117205999655
11830,-0.11475518543454595,-0.9972515332381037,-0.1930588097018753,-0.2468832214206786,-0.3474618323454503,-0.06240056921844664,0.12582493601366293,0.0,0.06242057186726509,-0.018119723320846173,-0.10570620400415841,-0.0767938409168004,-0.015394916004216714,0.11754899936753727,0.04767409449774639,-1.0839436287858857,-0.2896570433142742,-0.03392891770277282,-0.8779492195681851,-0.5204658992342488,0.12750067015991023
11830,-0.1974374992455676,0.05737234648519325,-0.5654159728198082,-0.48159545057276043,-0.30355035156606724,-0.019226989650827656,0.14338445195832475,0.0,0.06560144041793371,-0.1278709741013477,-0.056908815808868446,-0.1487696157731829,-0.053543175977597696,-0.3494804157948217,0.02238042823752909,0.03955946120106753,-0.7862441108672162,-0.09461074025749258,-0.953575978372187,-0.6609020016582435,0.09763318257897641
11830,-0.19631995060262303,0.04028016851049257,-0.5766243414612265,-0.6210847390988067,-0.32032828282061193,-0.017216020619251683,0.14887166044653682,0.0,0.06368359774209574,-0.0735548896852271,-0.06707491295850654,-0.13881402530648942,-0.05958400279783857,-0.31869820247908404,0.020369116938847947,0.04011961556694435,-0.7548311518761388,-0.09217099149733407,-0.968373041283462,-0.6684535808084093,0.09611816041586184
11830,-0.1967934218279098,-0.017010204156188796,0.008967306088354669,-0.6635264017720042,-0.4434738870649136,-0.02993254657451938,0.16449288421546923,0.0,0.056027123569257264,0.014360218418524839,0.038482417276857285,-0.21213001187394867,0.10647209868988186,-0.41428560991117197,0.05444959381245207,0.043007187011268384,0.061981015483196164,-0.017959116817016434,-1.1858271712921544,-0.8132868167184627,0.1134098403737531
11830,-0.216623918082098,-0.025717638005663672,-0.5544589621829148,-0.6586076106746465,-0.33599095155258624,0.004006992842446325,-0.07019349632811699,0.0,0.07219284831612749,-0.055126355019103825,-0.05988795588125412,-0.0029718529608528804,-0.07808371351959263,0.027712919991697976,0.005327440233360707,0.03963220976878018,-0.4940758163126457,-0.1070944052741109,-1.115467440458395,-0.6882445250931458,0.14661281056809544
11838,-0.3049716417152717,-0.13962385389782936,-1.0418630829192757,0.09904326462897287,0.08328599139730507,-0.11230876120090622,-0.33891817974568017,0.0,-0.12324726845254337,0.028651282468557436,-0.05064371853755741,-0.11148748731978718,-0.19277710602980427,-0.4205700808776236,-0.01097637405425038,0.04483182424541061,-1.1715513770511603,-0.022202156702750435,0.14247635647211995,-0.2709372837043327,0.10754003309762633
11838,-0.23244809212217038,-0.32852770553339405,-0.09043143683715373,-0.028154013953675602,0.10048658439773958,-0.09960209450456789,-0.3246509284341183,0.0,0.11597131452365046,0.06168127931088402,-0.0752950023113564,0.08242009952324965,0.0199892473319623,0.1355353494232251,0.07313039517480178,-1.3245210064571016,-0.025809549292102236,0.047420480959114664,-1.0607690279711663,-0.7614159180499526,0.15476984872948563
11842,0.1329326711586055,-0.14657051613700636,-1.150509756053955,0.005315151347138771,-0.06368655307330326,0.0684004622924742,-0.33135997966349046,0.0,0.09510689159074218,0.03166257650684381,-0.09474227992584898,-0.13495090301781631,-0.15451326353208325,-0.44571356727549893,0.018685693815912816,0.04925999475695008,-0.4963687085450776,0.04674895124832979,-0.28725227170072737,-0.3592768553314829,-0.17188309945136296
11900,-0.2593984824240215,-0.07408103608547388,-0.5879658131892765,0.08896282077614918,0.07809466861834154,0.0521276217272907,0.13978152608416755,0.0,-1.0293554161292082,-0.3576949106079887,0.01244827372684893,-0.06714992678292665,-0.08534184571725043,-0.33622916953326926,0.029715567398426877,0.042457432637078206,-1.0758517092226583,-0.11215420077896711,0.14777946437196002,-0.33076372248767827,-0.1354284994863955
11900,-0.18519949922919227,-0.04014424000917055,-0.08507364980806383,0.010528158733787013,0.1158253338979583,0.04068191224681993,0.10544312346835157,0.0,-1.840232163202307,-0.8730193171545296,-0.031163904643659746,-0.19152882929225187,0.06667719951215603,0.07337718165663724,-0.6836029600498522,0.04520031663592513,-0.2152855619399075,-0.38994601100176,0.1634292343180842,0.1847211152809733,-0.12796579666504349
11901,-0.21562797554075222,0.08283004983840583,0.0826320134480587,-0.07788549630303404,-0.028400072397096028,-0.3431569815396579,0.14472200933256907,0.0,0.008081171791464531,-1.4063548600892017,-0.039768244646859546,-0.11290128152397186,-0.08633803540153938,-0.24987865073756516,0.03632979767451849,0.04391189346238775,0.07428238511579398,-0.1400364350375617,-1.0422178279574237,-0.7074632911041884,0.12298104735766816
11901,-0.19547446283880104,0.02679449843755095,0.07640895287984029,-0.07500640273493711,-0.02262145320602743,-0.4330040384845012,0.13424916951801738,0.0,0.05619186321211403,-1.2914711803845957,-0.057487168341188596,-0.14695424212106897,-0.1364170315829396,-0.3124652524983567,0.03578028718126531,0.04124972710390222,-0.05888377046806347,-0.15065757961472362,-0.9938194919422255,-0.7324947037152757,0.11738593725346594
11901,-0.22576166146001705,0.0774142191925543,0.07371615654055369,-0.07384217726216039,-0.041287787569395926,-0.3499845961967721,0.14094169052512565,0.0,0.034005578438779674,-1.3572991146905768,-0.0522796666744724,-0.11725856851925112,-0.1451216744925927,-0.3080784083126244,0.03523176373692935,0.04370209806486294,0.0893241871762209,-0.06073911872391818,-1.0257293454206446,-0.7000796289911448,0.11491422601745696
11901,-0.21455739891473932,0.08365572017095742,0.06706452396408268,-0.07458743027847434,-0.015159339849309814,-0.410614592362095,0.13121205360353305,0.0,0.05184478066452192,-1.2433826608361174,-0.06101534534989614,-0.14809509397464068,-0.1497973078301611,-0.3355149279895797,0.0353280415413005,0.0419505094651834,-0.06970226380891911,-0.08741375451276398,-1.0297829173368538,-0.7515535885758493,0.10976247913974142
11901,-0.19618471943985707,0.08042739113565224,-0.24732557552287032,0.024438942658160785,-0.08827930050631479,-0.38552744293924995,0.10021525242737075,0.0,0.056602264297303036,-1.1152747908470637,-0.09650140401092969,-0.024943242911173027,-0.12125109410435446,0.020536879532375967,0.06471637568721703,0.04071779431207388,-0.3557693741661491,0.07151053242634939,-1.0747810742101216,-0.7630809590926746,0.1543085271921992
11901,-0.20969991923585896,0.08245104846797935,0.04789670931179964,0.04661332861989696,-0.10995497320941867,-0.455118521482697,0.11430233008268197,0.0,0.04254100279300261,-1.2652646160779908,-0.129136637774089,0.0018443638159300743,-0.12968352877108816,0.1406818952828587,0.06264234090822209,0.042541349271179106,0.06850525380202888,0.07803682487829537,-1.169716155119736,-0.7525782003399517,0.1299631749910211
11901,-0.2662043458457259,0.10119387530572423,0.046138489994169266,0.034030250603341944,-0.10617220853943071,-0.4604378593684137,0.10313209493209377,0.0,0.06839523288764252,-1.4076688080303799,0.045914905075036566,0.021106288662593835,0.12482458484129398,0.07479567254566248,0.01752232291532516,0.04728027787060084,-0.04407478155652799,0.07117643262987113,-1.1835893558470247,-0.8276752204055838,0.12586294261697967
11901,-0.24138934644084686,-0.08417986722457232,0.08351647260032655,0.04427887137874098,-0.09104082861023302,-0.39735241588385967,0.10646970787858033,0.0,0.07785803793999319,-1.5005905512417184,0.07946451361073123,0.06136348676118646,-0.07875484064012435,0.01450328171199305,-0.02296865528646765,0.04841992612303271,0.06718257402105886,0.041313357146893825,-1.1626621841948062,-0.8078561136180895,0.10116001376084303
11901,-0.2594706700289284,-0.2555118070777797,0.05968204148556605,0.07583549556234905,-0.09470477767104621,-0.3910629690755118,0.09987034974705009,0.0,0.10095212341183188,-1.3867415673156775,0.02897305191967775,-0.0020300490564984833,0.1207665360629765,-0.00979233890612417,0.014960463643475206,0.047772591154506966,0.10678644944010433,0.036483013159303475,-1.1628762283438119,-0.6463210674443411,0.11820377133520293
11901,-0.28215925388839147,0.07897344644358666,0.06947459920853138,0.05981280691450354,-0.09924725808397064,-0.37721429365653525,0.0939524864385214,0.0,0.056325257216180404,-1.4407713010676904,0.026187531198504505,0.013019126923638684,-0.21820662852805175,-0.08993157625031871,-0.14210793405240474,0.0476124989490762,0.04335250537684202,-0.0005722025822723663,-1.1634331850094017,-0.7959742330271006,0.10066596984414684
11901,-0.275081850107074,0.05724027623298794,-0.030043254796746344,0.09343511744084357,-0.08028505162736785,-0.37953837638497734,0.09424655392798084,0.0,0.06047507038126828,-1.6158287826123003,0.07649446044270809,0.03137708938230021,0.10639594749375296,0.06432865236141536,-0.08745921045685719,0.049622714665959834,-0.14720452346872112,0.012010250072927223,-1.110056242759107,-0.8065976387287268,0.10795198049505401
11901,-0.18938100559439075,0.0765012132515626,-0.19348073548835537,0.11718261633462367,-0.10133450898825887,-0.27044351233403474,0.1034054293549026,0.0,-0.08181547943092166,-1.5101526798087386,-0.05032305926817145,0.03576977295414128,-0.08401414563188597,-0.17326404947013316,-0.2926023790928335,0.04113560855142336,-0.4831824843490122,-0.06912009800527955,-1.0462881542860656,-0.7040709502090116,0.12869416462296032
11901,-0.3013010298414149,0.0761822348881311,-0.06935185491944265,0.11208388718768834,-0.07094587644176197,-0.37047137331396507,0.10936686226397685,0.0,-0.056233542021614444,-1.5029901129685728,0.07458996507397057,0.015760048091631288,0.08551541792787261,0.08510573702907852,-0.12058237724927014,0.04805261742401131,-0.29438985149747793,-0.05595548688972022,-1.0970212161259782,-0.7671219940471846,0.09841801434014079
11901,-0.2321193245288999,0.08792709084164253,0.05545632733196863,0.10609091624473639,-0.06832721746178934,-0.37797274530134795,0.1249105324760834,0.0,0.0993141111939205,-1.5219756163751061,-0.12173622737804925,0.024344610516212988,-0.12245079505436021,0.07702319620131808,0.05058255659137401,0.04578802878523882,0.0848654185108753,-0.008610832271481765,-1.1305341209376183,-0.7345816388682174,0.1478680993707664
11901,-0.2723883527658958,0.0792353212107585,0.061293211116031185,0.10947363352927657,-0.09721472704065509,-0.3417260170731358,0.11473716082133414,0.0,-0.1563763027989355,-1.6351857845838371,0.05486113054080729,0.0032339786051881567,0.0906253523977089,0.03846894403885205,-0.11504522810205174,0.04926272811119063,0.028922782029681186,-0.05940716332134438,-1.1362746605728151,-0.7721555895690638,0.11243987846363712
11901,-0.2684916921957445,0.02086184628793512,-0.013103377557684972,0.10485493414909171,-0.061962241557945594,-0.4034768381663466,0.10615294493871112,0.0,-0.004848070212659868,-1.5373781069998904,0.07006346689888393,0.03914512428642167,0.08301285071731827,0.09342534728108179,0.03471036322991874,0.049277854225799285,-0.22096523444123636,-0.0513224791261009,-1.106426093775095,-0.7349823343659475,0.1291617695884897
11901,-0.22963151566896814,-0.07676314380367699,0.09505843428341818,0.10517354354710304,-0.07577417612952617,-0.4147569115843535,0.1254736651795258,0.0,0.00904962841061957,-1.4539481366036344,0.016621582057657364,0.01889536378997973,-0.000609517369558784,0.03609659756503163,0.03200819715710532,0.045484805089304886,0.10207458924996485,-0.06044319126703654,-1.147175563668084,-0.736704359341965,0.1245133470334535
11901,-0.17463723954415647,0.01350183669436317,-0.023709642106641875,0.10933439627576343,-0.07103923188156194,-0.44055846338932053,0.12850478106720292,0.0,0.0809039153279338,-1.3186614089654163,-0.10196047479892018,-0.03388056303279088,-0.068572005604252,-0.037777839157974266,0.06449084451240895,0.0426484368952497,-0.2503784799024692,0.003353990557311229,-1.1087715168542993,-0.6862475250096041,0.12241425818621857
11901,-0.29047934098944517,0.05644552226116449,0.0845958441398614,0.10178446846955573,-0.08559078016383312,-0.4076411719696443,0.11214249894860659,0.0,0.016283627540830445,-1.5553183415979435,-0.00566040209182836,0.006233480397836,0.09258875470164289,0.06688607158571568,0.045367563391271064,0.047567970899893466,0.10769906093507668,-0.06450045456606515,-1.1339856291147101,-0.7292917837747165,0.13371433352887105
11901,-0.2685307523929465,0.007570884686991661,0.057537339900493714,0.10288206182990192,-0.08713274630602097,-0.3407084652286957,0.10493822524263567,0.0,-0.163705379886667,-1.689295545286446,0.046052672415912724,0.04209491925105735,0.08432420037074038,0.1046175081139979,-0.015966174124217126,0.047562640224485704,0.04287195705024422,-0.08675029325382312,-1.0990399330105398,-0.7170491832117701,0.1463415350197886
11901,-0.24653425311043367,-0.08885078610211462,0.045051122999467175,0.10459807946260757,-0.09051661768307841,-0.4809074030592978,0.10240535370293648,0.0,-0.00923190270462717,-1.4021061172807432,-0.025191797526403326,0.020344722656413752,0.09021210415201157,0.11278245485934674,0.07468145170691493,0.04786783610283594,-0.013354759533978291,-0.0667115186486261,-1.1087725875178251,-0.7661702820064438,0.12884509842583264
11901,-0.27326703581795436,0.019348559316625557,0.06563030397662745,0.11142673889589491,-0.0718998519385173,-0.40986600353687963,0.10121324663274887,0.0,0.0550572612185044,-1.549486405312353,0.05697760051329879,0.05488345278852754,0.09284377336784956,0.0772818792402718,0.052917524923119436,0.04912060990730008,0.020534580353743788,-0.07257615088720172,-1.1511892257758167,-0.7574731972871085,0.14848230430866097
11901,-0.26529716575304363,0.06551109924363346,0.047951916869896076,0.11369571224973922,-0.10131022281315157,-0.3688631413047046,0.10721852520507065,0.0,0.014570283694011293,-1.5372841853169938,0.045006982687402886,0.03897649248976766,0.11110123004779558,0.09985263290601666,0.01721952425728299,0.04794681042658754,-0.044951034670797994,-0.029305829854558558,-1.1496890351941493,-0.7507581528232434,0.14095440473404022
11901,-0.2852728208230111,0.09334031343723527,0.034652065812163235,0.07682464377967102,-0.06789875673260332,-0.37546029744749826,0.09517528647636272,0.0,0.04923950257952257,-1.5650139755436465,0.06393314806022227,0.04004603566080527,0.03742336225503548,0.09652663768102503,0.035521663554980834,0.048366502140635724,-0.06988736733488478,-0.07731031883483254,-1.1224497424498252,-0.7916501412318707,0.11406369146058455
11901,-0.324631222537613,0.07698808513491966,0.05301634923381191,0.06121055494219125,-0.10595676652677338,-0.32735020484516886,0.11053646345979416,0.0,-0.13222402723141483,-1.6357048631294067,0.04750478184903825,0.047784567230039425,0.10609215763812054,0.11611501659881808,-0.13738029674651964,0.05224119083286752,0.09513103619786993,-0.1566621945340485,-1.0428266801827815,-0.7778114420985399,0.13204471491386888
11938,-0.27087361350482453,0.07497077214164855,-1.4412629420260017,-0.24260909882660522,0.02083527641073553,-0.14354092434648477,0.1427335751522334,0.0,-0.7253301715707247,-0.3789091087230682,0.007390419849021308,-0.14374179930228406,-0.09980851258646507,-0.2962410248243688,0.03930481662044691,0.039918527591403526,-0.9201395231819455,-0.46625954666267894,0.1447916219424671,0.1517185792225237,-0.17109498898778136
11944,-0.27634783324962436,-0.12636039144879016,0.0791006776779885,0.02278780916371494,-0.05310670237266401,-0.01009170129884655,-0.39340212298101,0.0,-0.012849478332230572,-0.05673681677809074,0.06040556678340764,-0.18578602907828576,0.10818594347204022,-0.44014970724572516,-0.06692095426324954,0.04885443686791226,0.06413252283393552,0.006892134418983139,-1.1353786704443205,-0.8353215854678968,-0.17083427387019204
11944,-0.24502487754812313,-0.9172577351513372,0.04688156301391282,-0.03760129082891322,-0.071173571555373,-0.01993399924152249,-0.2704735100255236,0.0,0.09931452129614317,0.04054298917537272,0.05641635782560253,-0.013135136286640453,0.05682568013604323,-0.009222954943248148,0.049230137827185536,-1.4523762663986812,-0.05879145272931457,-0.2263616032891265,-1.0102806142760965,-0.6424347463245568,-0.15377863640698025
11944,-0.3316151141034572,0.01123150205920041,0.08954462084211967,0.08791808398766941,-0.035115602553788684,-0.007653844371177569,-0.3046632822256316,0.0,-0.026806274519662228,-0.06877993947959167,-0.1778163325030691,-0.00939545253718003,-0.12898538773294355,0.06646461629667634,-0.48540519348905875,0.04700687503582384,0.06620159586765013,0.07846197432990411,-1.1926432034494543,-0.8719897210675119,-0.20706214123153502
11944,-0.2813341657501747,0.0832046148199445,0.05528488977097685,0.0713468050289804,0.002344459383435583,0.005893504767780575,-0.17990551619070888,0.0,-1.5404381234759765,-0.3948792268952118,0.0016551256431765967,-0.13502969935881343,0.07229977676471479,0.03444370803870513,-1.1071213292484698,0.039224333886965154,0.02822196971889727,-0.033640540334730996,-1.0044071885105308,-0.7938553200937928,-0.15032499884712597
11944,-0.23136018619671664,-0.14392223285332095,0.038134593258414715,-0.021735853368545312,0.007227537167858876,0.0008549571392808782,-0.12873299427465215,0.0,-1.5847648820496318,-0.3990238683458972,0.02627294066843781,-0.07106345928832919,-0.10891204658942152,0.050701294144521555,-0.9027761393609889,0.03744355471202261,0.011613010813197029,0.06943873753094951,-0.9212371446337624,-0.7827628363032823,-0.14117157984840015
11944,-0.1701724655848915,-1.0166207791372674,0.026137192413058504,0.09215379020713906,-0.07914712249718661,-0.019965544620175246,-0.041203481733458,0.0,0.07142161270927522,0.03959108896999908,-0.09424424381241212,-0.01946531147206268,-0.1561086427432665,-0.04656616467291019,0.059598784991320895,-1.2633400671379258,-0.10076052005147455,0.047075662573175775,-1.0150994940147182,-0.6264936092308703,-0.2182751044318928
11944,-0.22905980555658767,-0.006504275372831786,0.05318920678400064,0.08994072384114264,0.003460066532893924,0.003038037263985171,-0.1130282566805383,0.0,-1.5429140985066407,-0.4423083060687875,0.0337717248022771,-0.10261470840395526,-0.0355906762148633,0.034966455329678625,-0.7089050929100378,0.0399692384375674,0.06561369465256255,-0.023653440313589905,-0.959045748137883,-0.7927844611695619,-0.16238320440211534
11944,-0.1967531138471465,-0.9282913158011915,0.02320610614583271,0.06902918179509936,-0.04805881430532627,-0.020427681566186955,-0.025366841934040797,0.0,-0.10635577607293802,-0.09834991222171262,0.02858607813381723,-0.10361997642067448,-0.03444973211797458,0.08586205681495705,0.019939994920499988,-1.4014162017863072,0.005206808879971391,0.026849809417720024,-1.0009133576706404,-0.6199115666427935,-0.20886560345441527
11978,-0.18953823209232415,-0.014943283410604597,-0.60768196776512,0.10006101901971802,-0.47617890766603177,0.03999909940070222,0.14663500022013726,0.0,-0.15038010959633857,-0.1710202498744994,-0.0298653691891864,-0.07704241045524488,-0.05508790973971287,-0.2252805068004971,0.029152076668973535,0.041591371448737834,-0.868815032896627,-0.07192267478878574,-0.8885037163032001,-0.606999404910049,-0.15793185574600807
11978,-0.1986414516658317,0.06552597806217735,-0.5263347191248958,-0.09626007243744855,-0.6156749977561599,0.03984478608310158,0.15306179472175283,0.0,-0.032391127469707494,-0.09088358552445219,-0.07577407087522013,0.05349384531553451,-0.10572278253527621,0.09332570136883465,-0.009272258309994114,0.038478656507748,-0.7685330267737455,-0.1734746600066052,-0.9919132018816142,-0.6884446326337509,-0.15536682066998367
12026,0.1567153372031889,0.1050205209603903,0.079064000175678,0.06721062818402516,0.13437458633204738,-0.20908943649151562,-0.3865337370240911,0.0,-1.877825377786933,-0.43681842858200487,0.0001683356843717769,-0.01772035078414007,0.09228733015790261,0.08033172861287521,-1.1210042041995263,0.04504380398063372,-0.06372813347162952,-0.024968053269563795,0.14774561624424992,-0.1737674504254745,-0.07692487559179848
12124,-0.3366049196460092,0.10246736297574255,0.056218566670988256,0.06538489269462776,-0.18131847766825349,-0.12706486462560576,0.1468936550681782,0.0,-2.0658821877911273,-0.581641135204383,0.00047589167116698764,0.08038268487875881,0.04897756236488433,0.04266420111089971,-1.388313860478817,0.046192298170406806,0.04493513844836646,0.019074796555611145,0.1722498572347452,0.19511416510769647,0.1037660418087684
12147,-0.3207701666644619,0.09809368249002065,0.08021403802825425,-0.15014930438561416,0.101797013630382,0.06468722244723822,0.1291787980305832,0.0,-1.7909858210435134,-0.8515204088181505,0.02504707609249614,-0.1489762681999092,-0.2532796075734242,-0.26620814697735057,0.004465975152496716,0.04374265816048141,-0.0008512487084306121,-0.5988178681420976,0.16681265511387044,0.18226691576423984,0.0920326582650776
12147,-0.3263141301991079,0.06668326476138849,0.0071573209894223045,-0.08701551426015044,0.11160130472555203,0.047746015305992165,0.10780114431757024,0.0,-1.8530805042370537,-0.8763077508876759,-0.03980742165926085,-0.0715948912897566,0.03093920526144942,-0.05775203869643709,-1.2059582070734531,0.040976503728370736,-0.275097703647189,-0.6387292907246411,0.1408396296866379,0.15777905759357022,0.04989121215443382
12147,-0.39466091551355426,0.09584119625697936,0.07952997960368292,-0.08327550509595541,0.1312751656103507,0.05451142782436334,0.11893575927491491,0.0,-1.8564908056161287,-0.9120086807930795,0.025291417090042536,-0.23981936117743516,0.09907684610121287,0.04344009449172376,-1.0166241499846262,0.04645214206724251,0.06008922363856092,-0.5959838904503595,0.16169429793460977,0.15576435694675253,0.09162452244641103
12147,-0.3638319816027603,0.0854512263037013,0.011358072859344634,-0.22351081373537474,0.11785997161509108,0.04836675970231542,0.08652793631812891,0.0,-1.744326155066286,-0.8070400964371821,-0.017984895539195914,-0.17084552826093155,-0.059715379384307925,0.060649418257457836,-1.1762592422248495,0.04213900773314926,-0.005458580020410501,-0.6431919145960318,0.11332956858757667,-0.13629899261504447,0.08797096113873824
12198,0.06851056986065929,0.07098683732979687,-0.4563645645274637,0.06646031899155092,-0.09189920591259884,-0.10188472613446284,0.10043796013953904,0.0,-0.019631834477415698,-1.2811211939504945,-0.027903071919555194,-0.12801197211906126,-0.11945011800493344,-0.3268900791524755,-0.005046650743019256,0.040574964819932155,-0.9867850376881822,-0.02118941349286716,-1.1304581315394218,-0.679519962255474,0.11891973748270429
12289,0.12882954740224056,0.07931659299974697,-1.4473602620344308,-0.10011507166915458,-0.32687184206539704,-0.21781941660352672,0.08738280799470333,0.0,0.03894623885768459,0.03417920306107715,-0.07380455758462509,-0.21005644463461876,-0.1884891912291233,-0.36366789913862124,0.04124501020800175,0.04379809726725894,-0.9438799372745365,-0.7116703557011084,-0.2398314109603085,0.05011512473770734,-0.015336841692217022
12358,0.1034884968428715,0.060054036684795295,-0.2582043838727457,0.049376721434751775,-0.37079700937002075,0.021346177619643445,0.1690821034645299,0.0,-1.0773757808500133,-0.6931136750077787,-0.039355811142474134,0.02025162929291931,-0.18711604549905184,-0.14609523693662615,-1.0934074231209219,0.045161230410816496,-0.32896006294851954,0.051897296504700666,0.14667559052674428,0.15472328852391654,-0.32393626464987424
12363,-0.2334131420589036,-1.0375305936122792,0.04224890747097583,0.0734451145608916,-0.6515014383619616,0.05423917703130383,0.1489407793465618,0.0,-0.07645529160608792,-0.4742550482908665,-0.00832683182913289,0.03014474961539935,-0.14311812368968857,0.08842990308140751,-0.004623867220357287,-1.4078403044313896,-0.142581297265085,0.04999697411163738,0.17196457025837736,0.18765826960573181,-0.09293594221826847
12364,-0.36292534099300805,-0.037361280148934486,0.041232946673979524,0.061469801952823,-0.05846142176594123,0.011619701648768844,-0.19318392137105386,0.0,-1.706436809579242,0.0016545710051236665,0.00924532762045778,-0.1611607277924609,-0.01349956109049319,-0.1277014261044117,-1.003600701018395,0.04777211663673867,-0.01591515748214882,-0.004079395953338947,0.16954493591921332,-0.24479313572270409,-0.42091028619283166
12521,-0.18014526599597655,-1.1420531577456607,0.048905896515552494,-0.08130469600166665,-0.6759346370552466,-0.15768502195501738,0.10199701663266972,0.0,0.08086602667856613,0.043229173169085124,-0.05292626122398387,-0.2204261612604521,-0.15971652560635025,-0.2619220745009711,0.02859555827355362,-1.3540571032272717,-0.10722464690107801,-0.7207374998507327,0.13144038469562028,0.1756803383946223,0.10610896435667969
12530,0.09101892909734362,0.029565420821528614,-0.6146998055099285,-0.3441144208628391,0.1018834122361786,0.0048690969289245005,-0.32026216267212393,0.0,-0.2593924982963632,-0.412041494925979,-0.04592534048933366,-0.1385849512158637,-0.15240404438954636,-0.37409342315747623,0.013093404189676666,0.044636870158901644,-0.4283986962045852,-0.061411011094903545,-0.38043908755486583,-0.3472401180170459,-0.44918731959726477
12567,0.054836951654775916,-0.1619255390581855,-0.8490401197943269,0.03170267666616537,0.05531873839596963,-0.01071865173725249,0.13315663733792119,0.0,0.09160900558337738,0.0378828552998931,-0.0715333135905836,-0.16950477524707677,-0.061790267246457496,-0.3567888487161904,0.03097319025093181,0.04788001345658793,-0.9155717588867655,0.06012915438557166,-1.0900480744946586,-0.7218595087489224,0.09856036435674219
12587,-0.1998135487190433,0.06432501720488668,-0.6768990722045349,0.08590040618564979,-0.09843296978336992,-0.3090656486827579,0.13221680099708255,0.0,0.014642544398512555,-0.03489481204572801,-0.06294573714364336,-0.20187032301744348,-0.07210972763377871,-0.36516591598179005,0.03359305316251726,0.04593742214491146,-0.8838935585666663,0.057246163300149686,-1.0456570539283412,-0.7317066297016032,0.1039174822601106
12612,-0.20986723559358386,0.06937622476439378,-1.0374381050333252,-0.08417612446582563,-0.06323771538817191,0.002532618517512424,0.1182936656667412,0.0,0.03267519884570215,-0.8669563864368269,-0.05644063903021922,-0.1358025890530243,-0.12589332518362462,-0.38865971725361664,0.020982043291602297,0.03762706161494948,-1.0165439469535849,-0.1800389010740846,-0.9016431662141563,-0.6192425558836401,0.0820512582344733
12612,-0.1686017478443733,0.06599842919807032,-0.6703926822945417,-0.2537083167254355,-0.08141465445071289,0.004757425740750006,0.09516043565741845,0.0,-0.025159649439419684,-1.1632079893078857,-0.04832066545151015,-0.11447302812921539,-0.10560921763789756,-0.3384861090306511,0.020050566005273687,0.03913358580385845,-0.9465384284044465,-0.28375948048892896,-0.9026521234988459,-0.5785183013147581,0.07236668811622321
12699,0.06969565313868706,0.10011872729498325,-0.5299882784342435,0.1095248166360332,-0.2592142528095295,-0.5444963071634988,0.11580323711763717,0.0,-0.3688571240783974,-1.2008576753179434,0.0005795612673842158,-0.015229212781652646,-0.12005130423430041,0.09855695604128954,-0.2020971998262325,0.045764341558663005,-0.8624134809054369,0.02187746313836177,0.18394100621683598,0.18073024148307204,-0.20605779263136081
12699,0.08081236750469345,0.0765121029514783,-0.541568926147126,-0.1324397700779688,-0.2197546693431446,-0.5548118143488021,-0.07829366022819642,0.0,0.02936686945483472,-0.7678304191608966,0.008892454057926625,-0.08445962050123232,-0.08216274668699243,-0.2642891983844492,0.04043168215969247,0.042869146811555445,-0.7041688549763657,-0.6997438479547591,0.15516091218217107,0.16761647969873134,-0.16437860530265258
12726,0.07049475940865998,-0.011919506975519557,-1.0989214937234968,-0.3083949400534306,-0.027267975018872927,-0.04741127849387204,0.14190566103492278,0.0,-0.18953763476557217,-0.37500046533813525,-0.021566101628055726,-0.10667938128936781,-0.1337110786470127,-0.32259573141964204,0.028901559313323555,0.04649758490118978,-1.0436530936095143,-0.4417962040063073,0.16313355439849422,0.14991873470662997,-0.4123822978172038
12729,0.1078845425744479,-0.15404332396316495,-0.5801529416737313,-0.14663929189514102,-0.2746966698496697,-0.7030726461295714,0.1252895021279954,0.0,-0.04330651804264629,-0.4517594618130529,-0.03332283421801001,-0.10529414626307954,-0.0021930621738721107,-0.26736242413155165,0.03398742164752231,0.041400315211912,-0.7542464727781687,-0.24821687746325366,0.13179172259026684,-0.2710976987472633,-0.036050401995883004
12798,-0.22998153835950325,-1.0607772906560198,0.09542704080084405,0.08618755599369356,-0.0158222504867776,0.06035057186197754,0.13537014785430126,0.0,-0.6610853023755999,-0.014558133041462227,-0.10410537619361829,-0.10787791401711581,-0.08189838351646123,0.08328688161777656,-1.1712372198602525,-1.462237091095191,0.06794227091121319,-0.01552088062712825,0.1539509410448519,0.18148099056873393,-0.0770515720595257
12881,0.11894143247451658,-1.1920808026246326,0.09515367496308413,0.030670325797797347,-0.5109466524588105,0.07656049841152587,-0.21876762565292265,0.0,0.02924520610578824,-0.07954580970764571,0.01791781457713682,-0.31489024628855306,0.037222577542916996,0.038807031314176725,-0.19287288382675152,-1.6788199271883333,0.08805240863766577,0.02153254025708117,0.16229289604069783,-0.22139958295629295,0.08873218936207618
12882,-0.2633378914318704,-0.07398375595814694,-1.109414377064843,-0.1390918367607006,-0.07001921539646111,0.06403221815655097,0.0996302699905393,0.0,1.8071522721428137e-05,-0.045062382073290434,-0.09372878334974981,-0.1272228631591949,-0.08562548634228616,-0.3390269400100679,0.021340272629562913,0.04204420669597648,-0.9221293222477392,-0.3845041696202029,-0.9225298637619485,-0.6279391899131718,-0.04056052915284465
12923,0.09273677585033696,0.05691075487304136,-1.667788394682706,-0.7298866080034232,-0.041709822791981634,-0.003245216188167261,0.13689231115377062,0.0,0.029012302973419907,0.05946765195184234,-0.0682056349855192,-0.1748519839573606,-0.1398516560624591,-0.2636279665566026,0.00337693729261538,0.043999843683094,-0.7641225163429542,0.07780968416569004,0.16179975825365533,0.16577194336996923,-0.39538673279662356
12960,-0.26491830280035583,-0.06090672032235901,-0.7846019118989236,0.07691595204919825,-0.09995563444126224,-0.010156201978980789,0.14385286365252403,0.0,-0.007816389334167038,0.05210266910980265,-0.11531435595448003,-0.13133242905221304,-0.13763764734147566,-0.3899529072044897,0.024524005485985878,0.05315594584422069,-0.9011376041272443,0.08323244926854964,-1.1718584571672845,-0.009616562536604915,0.09950022612294214
12995,-0.41668693205700114,0.0184825022727998,-0.06312206714099929,0.0860145563932343,0.12381820474395935,-0.12554603529142197,-0.363550366076817,0.0,-1.1530753531069338,-0.03156759922400821,-0.048270151719183536,0.06064503851587377,-0.2293303068664102,-0.17396916231014972,-0.7150010090954705,0.04851156021008038,-0.2836540695588138,-0.2885824774114066,0.14362479172026452,-0.2882658547986927,0.17958756834305245
13057,0.10286687877244288,0.10904882210782578,-1.6410825338573325,-0.5449220889860931,-0.46818524534413186,-0.18033388428184804,0.14304990966104117,0.0,-0.0008417624755203952,-0.026512118248694195,-0.05822884138912282,-0.15065876826349303,-0.13050479881231658,-0.36345985224313376,0.026268398871063144,0.0426599155445485,-0.9645949926027424,-0.5264004900031521,0.16470885229898993,0.14221644535764963,-0.00847929388572569
13202,0.07011550205665011,0.07964548869338639,-0.1786698874403939,0.05772454696033671,0.03713204648016652,-0.299323495935971,0.10534198884699185,0.0,-0.016824956739793864,-1.4244342648742783,-0.041783989835791485,-0.14189108293214878,-0.07725568990866226,-0.26448162006836445,0.03567069472680909,0.045095863941919376,-0.315152783881924,0.080785489832912,-1.206308596671328,-0.7253765565589562,0.15708998280167744
13202,0.07125540507502226,0.0769398200318526,0.08434070262699568,0.04319885560317791,0.04310692620871851,-0.42503365295314516,0.10761825006076198,0.0,0.019990251764046174,-1.44906937199859,0.027525401013983056,-0.27668042806960014,0.13405630190709866,-0.3590207921690892,0.04389539247315824,0.04927810024629813,0.10534368805663022,0.08566918067270404,-1.20752869750037,-0.8538165565547676,0.12165601343856285
13202,0.07070909055866947,0.08309405218591043,0.07865948666171359,0.057671260649970045,0.052058639829532384,-0.3571247163650284,0.116226809094715,0.0,0.062050875656851655,-1.4450205462456986,0.010539271138382943,-0.2509779225309274,0.04474541063981878,-0.3028867977241315,0.030296321763977844,0.0474491581083878,0.11131233173431233,0.07455524578020672,-1.1847281783340315,-0.8878926091948364,0.12435564810155324
13202,0.07066781586416895,0.05181726750942239,0.07290867852436302,0.028481010928054686,0.04159423242203651,-0.3678786259588243,0.10172126005027597,0.0,0.0070322299382764445,-1.3995823318804563,0.0038121186744605323,-0.24703741645102986,0.05340026879653656,-0.3656639225477162,-0.026446869664073485,0.0487382005472844,0.0966050980649871,0.045377566163957515,-1.2403228187047708,-0.8685121149762112,0.1089223824306821
13202,0.06253384318577193,0.09278097667133815,0.07169204158224307,0.0497412348129116,0.06148164897892823,-0.3628531169024053,0.09367189902708152,0.0,0.06335694692013749,-1.3436585426264258,0.053620871951242655,-0.28931847657944976,0.12036315490519611,-0.3680094897105032,0.04376002485012674,0.048630878326386094,-0.06398903221358454,0.08360328777721149,-1.2629223531748477,-0.9097232614733974,0.10738123349383899
13202,0.06847760257081688,0.09498521195031935,0.07245207100329928,0.05146640675206605,0.05515750606338817,-0.35515215466386824,0.10567094560185433,0.0,0.04731837342565176,-1.3748793624615483,0.025227641480406363,-0.2865669272446807,0.12179941164594654,-0.37199522968201004,0.042988675039572904,0.04800463592501399,-0.07838423084341642,0.08294428431541997,-1.2534553771000632,-0.9147174355363671,0.10810108508776985
13202,0.0649126887970544,0.0840956339742219,0.06444505049513365,0.04249806437759989,0.03463311327651641,-0.36275693723725355,0.09261229070707261,0.0,0.03020125406712758,-1.3077624134489003,-0.07243951556582673,-0.2358177059353779,-0.1572459180623635,-0.38711674413236796,0.03453978932125978,0.045164501127093026,0.061416042071557014,0.05657246338311221,-1.2033419113954762,-0.8875595401988526,0.1332341978031186
13202,0.07342929265591759,0.07633489828242696,0.07603763893655802,0.018985941807559838,0.03750876264941405,-0.3471978209164453,0.08369346647875475,0.0,-0.03841855432846681,-1.3989663233122818,-0.007542277949223911,-0.2655328693630166,0.042584300051093205,-0.37920189368868706,-0.2331723789055768,0.04787912589555956,-0.07414272667487139,-0.020497691770973915,-1.2387453812607458,-0.9279861582273272,0.11222134550644902
13202,0.087127822883943,0.07187810954779232,0.05447988001622326,0.04863861811936091,0.03144428429023574,-0.3615868178761504,0.11154512760817545,0.0,-0.004008992259518282,-1.496253691099866,0.03593041445679221,-0.08111857552762859,0.13234698927082172,-0.34911688738893776,-0.10163995091387085,0.05048294466139643,-0.051137280755400076,0.0292843748869619,-1.2118691368063292,-0.8837424221233149,0.1412744198538941
13202,0.09049359316005426,0.04050315455743645,0.05511884511753979,0.04512721690866741,0.027106438947337923,-0.35549373021224584,0.10326407948483646,0.0,-0.01833685607180856,-1.541271803449497,0.009030211170568863,-0.12324404705944027,0.11815298783834263,-0.3468382784166053,-0.13060100676887498,0.04976120158523566,-0.052207354721199216,0.02597497219971076,-1.1878868491300791,-0.8417047132393635,0.137114599026197
13202,0.061487386793565524,-0.30172381841286045,0.05938532044708735,0.06272262128053217,0.03747632376436928,-0.42130440765522714,0.09804721005034789,0.0,0.029969193609525602,-1.147667504182275,-0.020272135105946294,-0.14072734279299356,0.12672578552243,-0.33503149977694835,0.06376867352327038,0.04656149725400301,-0.0007255252328227735,0.07483553611262919,-1.1730757852634182,-0.8588067227403822,0.14627669919246136
13202,0.09283807973786887,0.08888159773778484,0.05771395438732061,0.05504147229969967,0.0044309997726941705,-0.3395431465716068,0.09652284057258949,0.0,0.01405978091406603,-1.6536470848024591,-0.05581405426941971,-0.021492427344696634,-1.700540104726658e-05,0.10054593021333826,-0.12084305811711422,0.04817961954723106,-0.038489928704234476,0.01006913139258816,-1.2429742919293973,-0.8060695349417,0.18179686143301496
13202,0.12129387906632748,0.08258506068461242,0.0630430492210922,0.07484804741572484,0.0077740530316836145,-0.3676910032831098,0.08091419625027572,0.0,-0.0873292628581272,-1.5057893825487407,0.042506531474880815,0.06641382519673558,0.12582660724258407,0.09242332955450815,-0.22731029726784652,0.055236465509919806,-0.06167218652695204,0.021248766179566232,-1.2935978853763261,-0.8415637213158231,0.19008135677753749
13202,0.054926578972303394,0.06123189833255056,-0.2902742706146612,0.1226393996355604,0.016642554217593964,-0.3216991677059616,0.10852656865025245,0.0,-0.0784298946140925,-1.4019504792874622,-0.09118064397181959,-0.055440169028521995,-0.12128214986528775,-0.17842249781293226,-0.017625989815472587,0.04333677242734549,-0.6726287818163612,-0.036633654297754205,-1.109803270078588,-0.7498764544486063,0.17796002295255633
13202,0.06725029245046125,0.08542621665563287,0.04504718543964125,0.11431388105238295,0.015027135637748079,-0.4068846737497225,0.11848157114588344,0.0,0.06757890253896487,-1.411421880638501,-0.13850972057249672,0.017321498250323617,-0.17891907948328,-0.1184228993382845,0.05277353396500377,0.04307541163045306,-0.08148403710402417,0.0035023803132217275,-1.2931665870032814,-0.8138248308157628,0.17554502857814008
13202,0.06522260794741734,0.09191929114723707,0.049337653720668374,0.10768163994267958,0.02245505531093532,-0.35577673925526576,0.12270921663502411,0.0,-0.015458411646600192,-1.5235324348547918,-0.1301116583819245,0.019394370663349356,-0.19294595652807067,-0.03712797828465427,-0.011158071625852637,0.04471217332592317,-0.07463696033247948,-0.018529330523254686,-1.286494936044654,-0.8098892419191224,0.16774178764651831
13202,0.0787251171302498,0.0915240790086448,0.05463016890240436,0.10939028282102553,0.0311142626258726,-0.34237378655076955,0.09788787611699348,0.0,0.039773650876017065,-1.6056354661248486,-0.11374139238683385,0.04308745126058137,-0.18797559304222078,0.05608516597806917,0.03001678858500743,0.044709688585514516,-0.06654500322988896,-0.010564962552755441,-1.2841925720488812,-0.7962336269128841,0.17652560570248504
13202,0.10387910080395658,0.07555918128529318,0.0598626416446312,0.1032361354746571,0.007313743573832307,-0.3513493683380348,0.11269854461436465,0.0,-0.029256368960742112,-1.635202953847823,-0.09047366634151052,0.021255273475925263,-0.18812034599504052,0.09111860377305427,-0.15549993752488914,0.04626351528483014,-0.06932149386286678,-0.052668664706229266,-1.2558838627248006,-0.8298330860080995,0.1923159003512319
13202,0.0915043800333751,0.07163188407691023,0.05260728955871994,0.10114328157835442,0.041057049770982415,-0.3606463788409259,0.12089747664025004,0.0,0.028824799759538583,-1.6183882595827737,-0.10077909977722284,0.05355452202558142,-0.18069797324164721,0.07468364064897974,0.028810071930800183,0.04832593449782581,-0.06727959870725374,-0.012748972020328186,-1.264810242823133,-0.8306239162059911,0.186866163319211
13202,0.09679562646238496,0.08013743934169097,-0.029329597475221212,0.10485234342883412,0.013379153025941816,-0.3517232251242094,0.06335284224635204,0.0,-0.033767085990531166,-1.593548515088161,0.04388829487385671,0.08749480353850551,-0.11003888549038311,0.08798209080118448,-0.05771584476771547,0.04742646620150313,-0.18804566883196622,-0.060823614523350805,-1.1946683170041508,-0.8807391349623459,0.15959574710593225
13257,0.09569547398541782,-0.10652648207502201,-0.8671386400822456,-0.1218532681094908,-0.09946042592924935,0.04647900446369377,-0.20208291747463075,0.0,0.062089868816906806,-0.010931567129967871,-0.06966233296682307,-0.15541065512089827,-0.07797714805737553,-0.300035638271109,0.019247405740090016,0.04804528176504693,-0.43475940767795457,-0.37530301301716007,-1.0451838772418742,-0.7750173917764264,0.09618255027225174
13257,0.06990581754415477,0.06561375623025696,-0.46216064295771886,0.09732192295105442,-0.07716657480345845,0.03952063690269144,-0.3179405544823875,0.0,-0.15872493892274678,-0.6019316741685639,-0.05245880103106691,-0.21997587822623144,-0.11410056404429054,0.05937988206396925,-0.1159823845724206,0.04879554463585765,-0.5936311060709702,0.04060684557694671,-1.2085236453965098,-0.8046792766929279,0.16174139615236882
13429,-0.2224194979504694,-0.10950703965691999,-0.614548556462623,0.0858995591412608,-0.10627404443492969,-0.16244972988730338,0.1453425385851074,0.0,0.059859464630062476,0.003244339837037661,-0.09729392966259859,-0.14804218857239343,-0.06534806285949078,-0.38173606525846115,0.03019087100577303,0.04828265199553189,-0.6972551700678254,0.04075838487561702,-1.0661698073640506,-0.7020546470504522,0.11217582211241625
13429,-0.21424703642657741,-0.01696335039857436,-0.6760549674032832,0.08352817098505244,-0.10282622749435172,-0.1960842467127902,0.15132038085547975,0.0,-0.08294947822486808,-0.2851151277274652,-0.023805159964012335,-0.12246049789725177,-0.07993869518827959,-0.3419133845777538,0.03672381548386546,0.04555030119245507,-0.978959630405298,-0.01736131045068213,-1.024977150489063,-0.6497799363979382,0.11693847574555531
13446,-0.2881713245633755,-0.46536562427811107,0.056787182373450165,-0.05818360099428767,0.0165518143722944,0.02212515643581896,-0.319601010987608,0.0,0.041336989624500046,0.04636452949761818,-0.09725074008063232,0.0036341925928738495,-0.14883789525145605,0.015599010861716625,0.05063541793177435,-1.426348956843843,0.10289310507267697,0.0031756511036273175,-1.2034890613441493,0.04534240387988338,0.14688934244605004
13465,-0.2662688743441724,0.04582265771227482,-0.6470597698554624,0.0881024677816723,-0.0923213386897053,0.0443890371360827,-0.3870055141784577,0.0,0.010513419805969438,-0.07668148128611689,-0.08099042972785546,-0.15425417665923277,-0.1154232025839048,-0.3602595488533353,0.020826315496583182,0.04400032349108772,-0.6049210156677391,0.06043850321058413,-1.0964907379310556,-0.6754929297481461,-0.32525370850696156
13600,-0.3051228814211119,0.040952348815880384,-1.3354873981967759,-0.147453886713831,-0.043140441073014596,-0.017006856807841725,0.107209766444659,0.0,0.030124349979676546,-0.018721795810095802,-0.08164476844880782,-0.1310004156609886,-0.16833082440316618,-0.3716394855615991,0.038332555142585094,0.04850286964834451,-1.1187219911771007,-0.5791472233304158,0.15886889514923017,0.16815994398583345,-0.1326694569482902
13660,0.060774703610761996,-0.6849494868530719,0.04628223806895471,-0.04294974781430147,-0.6971046386581384,0.07010283110507169,0.12249886936445105,0.0,0.028352798800870528,0.05101015326342147,-0.16079716865434562,-0.29018586459472684,0.00993589758209708,-0.27659080850454176,0.06080393477299326,-1.5685876059327444,-0.1261428273072387,-0.17411852141896977,-0.31424762622322683,0.02279222876710245,0.09215113961672401
13660,0.05022281575455879,-0.5123458225296345,0.0408589519216235,-0.05970799879238388,-0.6698168168035248,0.06595683828913011,0.1101349060459185,0.0,0.06678220890599951,0.05802776476833026,-0.15513943206209269,-0.25215232920939806,-0.1071151603948037,-0.32054328765560547,0.06534694644341353,-1.5182387726042874,-0.12465937654541971,-0.2078007935923301,-0.3072198890245276,0.016616605721456693,0.09247980511840605
13791,-0.25069789037998513,-0.13656383890001955,-0.9742846978343696,-0.31794877126524557,-0.12972664840459686,0.05372366651519324,-0.19247457399947795,0.0,0.02876274752330556,0.05031345185934062,-0.109785373985586,-0.09560638982254362,-0.1874498936917356,-0.3511373725846289,0.034819604643599456,0.041270112192184745,-1.0678583038764824,-0.250970241248604,0.14403301314037686,0.20071105718354615,-0.02555375918705221
13818,-0.234471630410571,0.08028767452276997,-0.758941476417675,-0.15952890281393484,-0.435639141133652,-0.4991484405002603,0.11154110714143346,0.0,0.0197759664709254,-0.11662285498802166,-0.02195022281862713,-0.10170743896011475,-0.10791760925041095,-0.2633592166136204,0.04157531973993388,0.048154607320955015,-0.8151392745633349,-0.8193240455914906,0.1380419782377474,0.20307519774680002,0.08922228491507389
13818,-0.2280670408364579,0.08662226126135222,-0.6133187628537132,-0.14458063504942337,-0.45283964795395293,-0.5096070246756744,0.11440410514010586,0.0,-0.06484653836936739,-0.2856863934151109,-0.03034996293815046,-0.09274328467664684,-0.06203338819844833,-0.23482592426847562,0.04581153944116288,0.045351265483276684,-0.7053219613241128,-0.8008321551077519,0.14814962687745697,0.20216508622706772,0.11791179750825075
13818,-0.1722559377528353,-0.9697348743737855,-0.44411097733583704,0.09901202650191268,-0.5278947795010062,-0.4565680928390835,0.1399896642442913,0.0,-0.007921321126807818,-0.12251414357990001,-0.01647701911950367,0.0750402363224961,-0.06475634597488289,0.05614714863674674,0.031403085491159624,-1.2682690056197274,-0.7287885059213245,0.012187572203419384,0.16778907712199978,0.18134544608172787,0.12059070153624002
13886,0.1377272901774726,0.08466618903407007,-0.2946599360735964,-0.29171627184569093,0.02121439728384959,0.03546248711583402,-0.3028697413747126,0.0,-0.5078349689599656,-0.5908264623911663,-0.06838110770706357,0.028719723894961333,-0.17940604776316768,0.03625461507206198,-0.20253029326172822,0.047886065121492766,-0.8521062932443147,-0.37778272284473874,0.16383590468604342,-0.09125847999330447,-0.2857266823179353
13892,-0.2474957072634371,0.04516810086879988,-0.6864019246810144,0.017061458082890543,-0.08606087772125033,0.02490418819906094,-0.0330182405049067,0.0,0.017260659184447986,-0.055085031699376515,-0.07131369109812181,-0.12921940869303666,-0.0890498564269581,-0.349710346192678,0.03328252219911158,0.047240442243324715,-0.2535928042870174,-0.050995073768743536,-1.093622669591012,-0.7506069416762412,-0.13265192412277801
13892,-0.25433540721013437,-0.08396659252919209,-0.5727518719957133,0.097110725582017,-0.08716956342539973,0.02208231855734878,-0.06887443565676556,0.0,-0.03543398035618295,-0.11513179740548382,-0.02837250380397397,-0.11790725637666138,-0.07697315922728418,-0.3319435464064371,0.0275441146812326,0.04402595266480716,-0.25109969974293045,0.027288757832688068,-1.110106653473074,-0.7284361472740525,-0.13941945566373573
13936,0.035093782085789636,-1.1010434922570267,-0.060839287912131626,0.08690161490368728,-0.30718526567627713,0.07030429340459031,0.10632295645050935,0.0,-0.1620465020104473,-0.6353812651921502,-0.10500980031512981,-0.13674909994494386,0.011281021375319014,-0.3897662944811047,-0.10195671536319068,-1.430965987838061,-0.14872872667384684,0.06624921918507784,0.14972989947171544,-0.2860827512556141,-0.0011058754876467557
13990,-0.2668520431981575,-0.19608655824869017,-0.750233063115385,-0.06850061370079846,0.059759134094507685,-0.3501202096302813,0.12467795746259724,0.0,-0.5540962771231759,-0.05677643954467783,0.0008126496394773984,-0.08894182909412561,-0.14342833908852823,-0.3409817725552236,0.04397401299674264,0.043782157640503375,-0.9624451389476759,0.04169772830272348,0.15049568351768136,0.2076808239565224,-0.353762477722656
14112,-0.18414154868472127,-0.8085095713415471,-0.8416061192288022,0.05896562259475573,-0.2771369843067048,0.014024559546127071,0.11457597326475571,0.0,0.06518334365442034,0.029848402488562204,-0.058604483499846205,-0.12224861737138,-0.09962371592976264,-0.36643150873488267,0.003279326193544406,-1.2547852669658293,-0.6741505197734761,0.07236260823345259,0.11425869306476202,-0.2697720563466074,-0.2517202487874052
14112,-0.21242821966940412,-1.0011476341423124,0.02009271447634718,0.06545626445702113,-0.434584095698945,-0.0009322412503759036,0.13743567127189107,0.0,0.04713917055929723,0.010447166128671036,-0.01607270824912123,-0.16531145295626315,-0.1013927495039275,-0.4010257177564113,-0.007080124314278395,-1.4671304247701968,-0.11108878763852942,0.04387273901591651,0.1566003282016762,0.193275992993572,-0.32194385918474294
14123,0.17245366454558483,-0.37095965208733683,0.0780230029107913,-0.2708249537530577,-0.03545606323667118,0.020164545615593166,-0.22033421963760377,0.0,-1.3182648843201583,-0.1460012880669451,-0.02497171005175051,-0.1336011008538952,0.015903862278066484,-0.02334596976560013,-0.3245002050369991,0.051287433812312155,0.0796295109935527,-0.07152345554880032,-0.37515731318199697,-0.3674552740941026,-0.21663563953094536
14156,0.0943185312230289,0.0867186675791339,0.06034163451239823,0.06142455842161353,0.06412933170466872,0.021467805529659652,0.1239133876132598,0.0,-1.3899310844381776,-0.6521090371189648,-0.09089586654490545,0.052237448262617926,-0.16649142229818387,0.011046439154188252,-1.0149311408274984,0.043406485001173674,0.0945183635404042,0.00767231621559771,-1.084868858075791,-0.8659381395357274,-0.11687888983041478
14252,0.11631126327640118,-0.5134633628548227,-0.06459786623940852,-0.05691920045775822,0.11689262371653082,-0.026532470635933864,0.1313499985480652,0.0,-0.029697309369573693,-0.002864274394357305,0.007795165004375983,-0.19530163806715356,0.03757812754962804,-0.4254923647978261,-0.13910513441362565,-1.6312379825478547,0.01839057568134414,-0.1537650478296928,-0.38505841049121414,-0.36178575944293456,0.009038534428326337
14252,0.14269089316654765,-0.07948265537829947,0.0673294524570008,0.07660349614490918,0.10651872105945719,-0.05739755397186006,0.1373233666606372,0.0,-1.7434998082551,-0.5184552061776624,0.043884621909633895,-0.12193784576205671,-0.13368488429137235,-0.20400182425299854,-0.9221554349186791,0.05388316603832809,0.07558188937527176,0.05422712949985625,-0.3533213233923195,-0.27896025820200543,-0.05913920382132396
14252,0.1582754816447654,-1.1435415072158277,0.06545883249911974,0.07571205521735566,0.13554730284458608,-0.02891569636063607,0.11294896864909386,0.0,-0.13030216645183496,-0.14811566702670861,0.07259371464810033,0.027915783445865747,0.027374363171921927,0.034745201184122644,-0.16172871019700444,-1.815016224247935,-0.10654422512802458,0.07290015178352116,-0.41972948592960224,-0.3330666525725935,-0.035577942983648754
14252,0.15085707479634022,-1.0903147645690159,0.06709704350729652,0.07933261425927948,0.1364684683681038,-0.0209958787014605,0.10834411444583845,0.0,-0.08470767374218834,-0.11155943305203239,0.0725227064120443,0.01942699616017661,0.0881213939041793,0.02987210922297373,-0.13996434674036992,-1.8620378376441518,-0.10434920630842379,0.07299437913022852,-0.407282345284599,-0.3535595076007955,-0.04268108088856953
14252,0.11828887118637971,-1.092292986450879,0.06380346506132256,-0.006898897796478618,0.12391456323206329,-0.016720677473088114,0.09240487668715268,0.0,0.019074101024383904,-0.013322105896408892,0.02055564125888174,-0.18434657731711185,0.007573384941912158,-0.20515206303967817,-0.14228506623188678,-1.7295084088314627,-0.10676650396534032,0.0722878650399589,-0.3482051360444457,-0.3879244397889053,0.015611268245578921
14252,0.11925429763454992,-0.9820454861826331,0.06439036438825566,-0.008763095137508824,0.12844471578163266,-0.012705848092533993,0.10000977214006618,0.0,0.005467273368027505,-0.008806760377225714,0.011242353739836093,-0.17117589184947166,-0.06760531756474501,-0.267668117925784,-0.040373600084923175,-1.6850378582392747,-0.10770209817406602,0.08322159454999274,-0.35255994619915904,-0.41428716355807693,0.013382905110186324
14252,0.12487269734449265,-1.1240514257523386,0.058792608637121116,-0.0671719643717462,0.1251229774551672,-0.03540112817388071,0.10298153692744401,0.0,-0.08964638359255458,-0.09241474710650013,-0.06659451832637628,0.034878556582999695,-0.15354797468065826,0.08818469538623727,-0.02720400451335853,-1.5375618421054318,-0.12426209706257114,0.029119357412365016,-0.3710967831829625,-0.3896336508179613,-0.014659753453583462
14252,0.14125909826685115,-0.7390387923672014,0.05937694035416485,-0.20145285325139783,0.11565407941925542,-0.08738341240505532,0.09951244183307063,0.0,-0.8176546524728293,-0.1742813913874144,0.0688998186871843,0.04201322446223328,0.010469757811243164,0.07477381898301992,-0.6872503845216092,-1.521926499374177,-0.07255954694583393,0.042147989679123206,0.17126862074589766,0.17528881224035373,-0.09463612897093383
14325,-0.22488957235601134,0.04102675878820135,-1.0306115415671306,0.05168908203757907,-0.05123928321386166,0.010320786207549483,0.11745134966132921,0.0,-0.06261307575764845,-1.226134200934488,-0.03805988947770415,-0.08811256387463834,-0.16527014491908398,-0.3533573290133576,0.030134970213617267,0.04329551511855006,-1.0678418471772853,-0.3885739386006844,0.1571588798338138,0.16025573845304225,-0.05980523146651233
14342,0.10510737277460687,-0.4741589995039363,-0.9746026787735778,0.07211400404709326,-0.041866885651269066,0.06624268785686661,-0.28179065934426517,0.0,-0.8752653736193947,-0.02203483599670458,0.02126467060607923,-0.13516566732549862,-0.07280568462382027,-0.29500220221973256,0.034482750004613046,-1.206511530857287,-0.944787473468964,-0.04983646149839374,0.15997293795316142,0.1867875473058202,-0.0026797933130544033
14342,0.08585532853113957,-0.3862683554280407,-0.7029486231259553,-0.03027209747383129,-0.021136676116582966,0.05626974780465413,-0.31151046910613744,0.0,0.08446094273599966,0.05764821964249899,-0.07488940181318157,-0.16790426036355918,-0.12548177352372236,-0.4144298835293428,0.05453042146837926,-1.3552763504049918,-0.3219285602676007,0.0948734493226953,-0.9945549044966461,0.0739377886072716,0.004988824767956591
14342,0.11387777292780181,0.08817766135286666,-0.9651492005119344,-0.2923871090316741,-0.06649817608725075,0.08832824219277548,-0.3620490536215492,0.0,0.02696296703785751,0.05205702113054375,-0.06819112620865445,-0.12912015219948225,-0.21056685295468436,-0.4399223331068559,0.022286898183283853,0.043796055432510944,-1.0612675851756201,-0.1222934053083362,0.1508647598331732,-0.2741047944390277,-0.034796737223312
14342,0.11228395376630486,0.021860989348698363,-0.5965542649988305,-0.15335741840900682,-0.010463174956883866,0.0493378078250876,-0.26237685537999494,0.0,0.04804771057687019,0.05720214977830973,-0.08213235239891656,-0.1519712064370143,-0.11218376157295455,0.04877998203074509,-0.1346973633162243,0.045373314451746534,-0.2608284681965555,-0.692540728921813,-1.0826278110518115,-0.8105508014203299,-0.09208233094440815
14353,-0.20941770179407665,-0.005235387885239042,-0.4572234839710887,0.053997999447828564,-0.09162283550769582,0.050553002967389675,0.15738466914288038,0.0,0.008883765501070449,-0.38042045534493535,-0.05365407491531728,-0.10659629231592693,-0.046034038897575444,-0.4035534329435707,0.03651335916736651,0.04487793851519329,-0.36690661756003995,-0.005570712292958341,-1.173044839033215,-0.7290254567842364,0.15573329158415394
14353,-0.21705965873921634,0.058620199354160636,-0.5501670442149762,0.10019046574175267,-0.09358516103932026,0.04223454141495712,0.16102906679854592,0.0,-0.0026832900416957567,-0.35694440740252936,-0.04612490091158862,-0.14329526166167497,-0.04911565195715145,-0.3805480310720831,0.03456793973085106,0.043865204835327715,-0.6871368469979424,0.07099717429114051,-1.15443006299713,-0.7110836002970975,0.11490310518313702
14464,-0.23378100181013153,-0.21338121256838155,-0.9739963079927072,0.0760556562537787,-0.08222365828086949,-0.03267055709162777,-0.17753463906075942,0.0,0.0347286861190876,0.05912069289533383,-0.11951238002283503,-0.17885956735604108,-0.15839052544049176,-0.3882675808646109,0.01975193276641991,0.04675061932490261,-0.6028404035507774,0.056813494531414155,-0.3160750837460372,-0.02420456874962569,-0.3735355008180447
14638,-0.2309983716863864,0.10294349001502853,-1.5401332848612148,-0.29029638588342643,-0.2638269167521101,0.05785592910742248,-0.048479641090060976,0.0,0.10241178378987054,0.05562418968422908,-0.13604182239511137,-0.14125816905778568,-0.1420028206598109,-0.3617562184867906,0.0321898496855915,0.041886586482183345,-1.1549827758853697,-0.01738093206459253,0.1460801920352941,0.17073202971992585,0.10843556348255858
14871,-0.14970596087041207,-0.9238206041187638,-0.9210151779815436,0.005463393143410571,0.07913106270077624,0.017094451106580918,0.13748297693317213,0.0,0.015995907559796112,0.040269281868473644,-0.02154316894973042,-0.15053992274977962,-0.09878614866851947,-0.3432918881145408,0.023115301489584697,-1.3034261013202373,-0.9184048271607751,-0.05163305628976638,0.12287107422896927,0.17877000041625357,-0.2862416562107857
14871,-0.18472777505644863,-1.1989486019108777,0.03296359894010109,-0.004194580179248275,0.1212130384264335,-4.1236664462957146e-05,0.15524622287095322,0.0,0.009417366438770149,0.049036831061173965,-0.030854505046900342,-0.19060915616681323,-0.17890363166406997,-0.4021752195492495,0.02579353002713886,-1.4709267280371066,-0.05282125042265994,-0.03417804292186266,0.15944282612787272,0.2146071714012803,-0.36451613150441237
14871,-0.26065903989956085,0.06165196922268656,-0.30299287639093253,-0.036402939106226176,0.10607484121921516,0.04909228243660016,0.13623849151611792,0.0,-0.7837584130963614,-0.4232393499967595,-0.026471167918904085,0.03515187355037588,-0.1597560561685509,-0.09337821320320104,-0.7226676895659563,0.042848689027382855,-0.8925388934857377,-0.5429613665444947,0.15021170104493303,0.18017794062082926,-0.4263754905835935
14871,-0.30463494130857044,0.04931186418654439,0.07489186423195611,-0.42330109848529573,0.12464532481101272,0.053066883950268026,0.13280598378678596,0.0,-1.308490375751683,-0.4956810868074734,0.0243422674945979,-0.17136675409779437,-0.2036906030540085,-0.3377593086264326,-0.2188085279511753,0.0435091346329764,-0.030538975153592128,-0.6011135388154623,0.1810633651392005,0.2027699924386584,-0.3558283869760321
14919,-0.11918279016259137,-0.295789258812823,-1.0020274370220132,-0.0161577996854845,-0.07363552000483076,0.004897134457434817,0.13949132357643865,0.0,-0.04173741839162084,0.03555548635028269,-0.07867563295803373,-0.15529112974658021,-0.04406881098321703,-0.35547740802966826,0.029421328811227915,-1.1664784125321597,-0.962474399221406,0.08345374238813053,-0.8915431032076728,-0.5522324385748616,0.07778414477238953
14930,-0.24707956789530924,0.0904423531247431,-1.1075303237845133,-0.174433546918527,-0.07756210019060394,-0.2942511656348176,0.09140291935301473,0.0,-0.0009158795871643436,0.026765010488163286,-0.0881742990616598,-0.17468587725753568,-0.10626296478631107,-0.3326139639082966,0.021191901569233788,0.04480084022505203,-0.8277658662658356,-0.7670660768171469,-0.8410288740038357,-0.5889203014793051,0.08272860564693527
14954,-0.19457967142594038,-1.1327360014859793,0.09270785221208841,-0.13209026299106702,0.12375923522858091,-0.07390710750449993,0.15915183218822473,0.0,-0.017651200483721863,0.012111870007961906,-0.03553716297505913,-0.19681801767937426,0.06819108527342717,-0.32439076605071604,-0.1354975073419743,-1.641442818017486,0.03979754890335232,-0.2772507039693342,0.14118949363029665,0.19322695734736875,-0.31825810708220503
14956,0.09937270985920234,0.09930906272288824,-0.7847090214532634,0.12393179668845099,-0.6080573421006142,0.03575690453911242,-0.31202010098125393,0.0,-0.7595410122720969,-0.5599892974821964,0.0013568974015961681,-0.11972133311211065,-0.09074713369242915,-0.3170301514602957,0.027055212415435837,0.047391548801713375,-0.9770513567292194,-0.054613242800822,0.15612719772176267,0.18695271076427059,0.10773020391948641
14956,0.08457998386697058,0.08485642852866665,-1.1110092710039248,-0.23183112523574467,-0.6313384675569876,0.022491185533042735,-0.27096558669524284,0.0,0.06864366467442572,0.04350141391520859,-0.09660963207130024,-0.1647520705420392,-0.15946601703998511,-0.40698085283735297,-0.021074311159282058,0.04635227876524965,-0.929968527194183,0.04382250306005493,-0.2588146869598895,-0.3000529200597498,0.09378282409825994
14962,0.07992264333808691,-1.339057524726994,-0.0818621858929041,0.02461756726858713,-0.04529851065705833,0.015267415431723882,-0.39199101756374877,0.0,-0.13689442008190938,0.01373313528103983,-0.05133068379158782,0.028362341107148817,-0.03165980026938358,-0.046909519824301804,-0.14445629450094505,-1.469840558904697,-0.26638072966131854,0.0059991726502386196,0.17210957895300247,0.19325308376350905,0.14080780911863838
15165,0.10487526952460081,-1.1055667101034017,0.08166964205086281,-0.10606365676692849,0.0384613137359582,-0.18794665029768115,0.09131610705671929,0.0,0.06971293963654442,0.04898405255175625,-0.022821984237116996,-0.1962582294915086,-0.06848333868877077,-0.37869571832692406,0.021064749124635157,-1.5006572867856327,0.052445007973155114,-0.5194421810541409,0.13783403971705066,0.17604531012400004,-0.2094222420907476
15202,-0.30506673657470734,0.06931132065233186,-0.9168797294916836,0.06915426916067266,-0.08855728608524635,-0.08632830644339928,-0.32319686736688097,0.0,-0.010949567073607886,0.01550582518220584,-0.08124958703323275,-0.18774539933349582,-0.16029200345483208,-0.4257333535699029,0.028617310899352388,0.048114800260137376,-0.40894911650691823,0.03621616639195101,-0.340534205600601,-0.0409363194023408,-0.3954405040150976
15215,-0.2847663215348687,-0.13175451203497646,-1.2749087572911337,0.049755317481898965,-0.04368287989180386,-0.1380252509813825,0.1369058743511424,0.0,0.023455586774212108,0.047194930425929676,-0.1505869320284192,-0.09958832541660258,-0.17145389153545465,-0.446475412048685,0.02808757916852898,0.049427360764411,-1.1021537199767453,0.060748272336601065,0.1534770110778192,-0.30692742846816584,0.10589919189758559
15394,-0.1859780544551645,0.020298173205586932,-0.49181552456969435,0.12056960384072933,-0.7244176759269045,-0.652979131485613,0.1420329707566768,0.0,-0.014063882944480249,-0.5930410602649341,-0.03880510968404239,-0.08829148106529014,-0.08118880581138073,-0.28783084294008066,0.03770811815744862,0.038374617273949065,-0.7078202875328814,0.014908213058720804,0.15017893577553568,-0.3130602614747261,-0.16484912099311155
15394,-0.19570481933772127,0.08352069349940093,-0.5234877412167577,-0.004316406765381115,-0.8224956331591857,-0.6222372736844334,0.16958779482282935,0.0,-0.02724377955146002,-0.6139568863820154,-0.044231428634352386,0.048548180432297756,-0.14401400254021066,0.08455923653722698,-0.022104798616850618,0.04037057568468614,-0.7985685987526434,-0.06227651829313163,0.14258693928222696,-0.2790534761521946,-0.14566359835895118
15394,-0.18216646748216794,-0.12980329529447246,-0.5284664062886263,-0.029534501780755652,-0.7707531661191472,-0.5753655093665305,0.15877599263092093,0.0,-0.021797837834525338,-0.6331876370417039,-0.07197156746434155,0.051595692817129904,-0.14598384242371562,0.044767087888762686,0.03176012063554472,0.03859420191032952,-0.7615961458963019,-0.07979789086974094,0.13798574862883808,-0.32590785498296043,-0.1341891882678365
15394,-0.16408502493997426,0.05612780842590294,-0.547554319224199,-0.28473807531089007,-0.8353264678670697,-0.5679570654053859,0.18247683721795804,0.0,-0.006692285246979847,-0.6272593007241972,-0.04440638126781421,0.035637856839361506,-0.1205468797282706,-0.1359673148104907,0.03366066617376518,0.04269679172371201,-0.725701455015913,-0.0678776656939717,0.15701316622584366,0.18465496931936082,-0.1777816209053161
15394,-0.1541996969814361,-0.058573870899400415,-0.4675375159907437,-0.33954573199782834,-0.716107035378635,-0.5788244749918798,0.14199262490817632,0.0,-0.030913730213024522,-0.5583996669795401,-0.04598048863080035,-0.07752976158268822,-0.1039928196550987,-0.291128859316127,0.033106074078485884,0.036768309026593136,-0.6596996109744349,-0.15333245041791158,0.13169999542478572,-0.27590070698374436,-0.15250775212902773
15466,0.11600997295374982,0.10876952731431554,-0.9364427519991655,0.08057117421997118,-0.025254776415467656,0.023078348849713014,-0.09101692831439735,0.0,-1.7862475530874558,-0.05721584390911281,-0.0187995349365418,-0.17464315003485292,-0.1411631640616279,-0.2628485409523974,0.02937723854826765,0.046643225056699246,-1.1865626864227055,-0.010346261950360787,0.15752422593907955,0.17242447085102072,0.0761628546544643
15543,0.12255212810545035,-0.8711797831097675,0.07219354873825706,-0.07706316088770683,-0.12848712208652158,-0.05934598195129723,0.09067179550968359,0.0,0.04024837859063149,0.02201081739531884,-0.062264863806713325,-0.1528275169478746,-0.0927542612572624,-0.40992647674176763,-0.019985838123043862,-1.5165107209809403,0.03435510533767025,-0.5562034851615645,-0.23837542229319955,-0.39037519540060867,-0.18558971856594242
15543,0.09195464626986243,0.0418145690622956,-0.5207195013927608,-0.20036216378440547,-0.015825211695189453,-0.1574963147078814,-0.08547168161016552,0.0,-0.042862010050568444,-0.9795001517390164,-0.014092195425386988,-0.174601227191464,-0.14601053573892858,0.05356782898713965,-0.17155045177774775,0.046292204950099954,-0.9222373465688519,-0.47951202137050597,0.1694675657508701,0.14962353247470025,-0.14596585936086467
15588,-0.23305124456459372,0.058998121415472074,-0.5846731428332225,0.08010545585729766,-0.10658024328620946,-0.36417340813948423,0.14259058252427603,0.0,0.08275882963183288,0.050804087716477576,-0.10037239116822577,-0.16220234065345004,-0.10723966361369988,-0.3469077344989537,0.023838096701986698,0.042811564290156215,-0.760776140191857,0.06486952620314441,-1.0288865595700236,-0.7562558965834079,-0.0492563529427431
15588,-0.1787054819870619,-0.9771487942215701,-0.044498175847627455,0.06910706901405048,-0.07513452372335593,-0.43886364075050144,0.14923275568955588,0.0,-0.022173273316938073,-0.11597751349862942,0.029026578487343045,-0.03589086352630498,0.05842616039861597,0.05369299125963054,0.004696393526390225,-1.3623231492149297,-0.1852869491437683,-0.04921738157069697,-1.046885468191723,-0.5785724376454947,-0.06899576001590003
15639,0.08874917080368189,-1.1421154713682147,-0.11158181610514357,0.03905917084256303,-0.11679665557176515,0.0096132458102547,-0.1510232031497242,0.0,-1.0721828469572217,-0.06497801987091656,0.04042668418694287,-0.09106834362730126,-0.030170666443528994,0.07072152432773517,-0.11343203209408294,-1.4008859564831968,-0.27875669701276845,0.059492397208412644,0.14088722708805257,0.19308775873046832,0.10945335802830918
15639,0.04350310519206336,-0.9948626095369022,-0.020175283914705803,-0.061859008677426955,-0.062433014891319,-0.03386298746091792,-0.18503831783462474,0.0,0.04220305223189797,0.022319753679150792,0.005993430085648659,-0.2745928925809043,-0.006005194507116161,-0.4596138118091249,-0.11175734886898558,-1.4490024925022693,0.034191074468813865,0.029191446160878702,-1.0140456743832642,-0.6292757551988472,0.09827662007401403
15707,0.11059686695194981,-0.9049145475834263,0.08750914098854755,-0.04727119209253467,-0.2613579624350201,0.04334737630863735,0.08500428065549757,0.0,0.051175323082647384,0.02119180154029263,-0.058985360125469496,-0.1562647590129879,-0.08792767698688109,-0.3898447935580683,-0.006325952589128355,-1.4122182274456174,0.03204300286239752,-0.7848382817635813,-0.249809111414904,-0.3917245848913589,-0.15914207347980522
15707,0.10387421015876655,-0.7216048781992039,-0.5596900209934558,0.08920581907705587,-0.2684524050060707,0.038628663725686165,-0.22755161289231168,0.0,-0.05198745688550051,-0.013131069252821453,-0.06878310921463156,-0.1186854219629219,-0.05189006781759628,-0.3804980867781211,0.021156275273059695,-1.3470856514012908,-0.22876221832409271,0.0494827598393547,-0.39744055107365095,-0.3650371888256748,-0.1569760530065714
15707,0.12901931444403167,-1.0934936944371805,-0.010297129014512432,0.08152105879734092,-0.34378785474489437,0.017121312413498947,-0.19307748104572472,0.0,0.01147219242653695,-0.006795301445884872,0.0749696158300723,0.0051166245564614994,0.05703882667976847,-0.1498642966561445,0.01845178277047037,-1.5973600292727022,0.09000137843687099,0.06811377949641059,-0.33712317165796457,-0.3428025733994903,-0.10371707044111257
15867,-0.2668384356852762,0.03113090445092375,-0.5130134453029035,0.10056745943934467,-0.2476663464890251,0.05301828449641111,-0.32569750528022096,0.0,0.07484831663830771,0.051890143142935954,-0.08760407129201646,-0.16630453549253935,-0.06538404624870112,-0.3476750170059206,0.026586794460492735,0.04415833236696023,-0.260643947494595,0.019393061625038947,-0.9764692342254304,-0.7335948292012343,-0.2034734678042527
15867,-0.25699303457752787,-0.06778314305345931,0.023838915452652116,0.09427325837691052,-0.3408519223251282,0.029350066659791688,-0.3513999804171485,0.0,0.06539243582506714,0.04395339810443964,-0.021073044540944195,-0.1918613671464234,0.06920883776282213,-0.43413764044562003,-0.14510600993495312,0.045908780223001294,0.028257367004152267,0.008769317010042655,-0.9931656805858673,-0.7840636839254868,-0.17385621938946005
15867,-0.21283323078288044,0.03153118134216798,-0.16216828301180147,0.0494709141574364,-0.29520770914582345,0.03381861709657512,-0.3701044381524385,0.0,-0.0006471455839757616,-0.04182149071908549,-0.07851340681249867,0.050331992919224605,-0.09882965022885273,0.10821960861155014,-0.1313908758879424,0.04332632685136193,-0.22678493533475594,-0.10001727057002023,-1.0257142492841604,-0.7518332176290798,-0.20552940070305778
15867,-0.2082813967792165,-0.9558242977462854,-0.11956323466098732,0.051026564515386945,-0.29142832565582044,0.029243189840694787,-0.3021634097193325,0.0,0.08922651924719008,0.04445350164930479,-0.09304155446563164,-0.06247420348272024,-0.058458984667941916,0.13775127313822869,0.0635930609355104,-1.2841971444921056,-0.2124066465456382,0.09253495650159209,-0.9438288934510266,0.014513144684965396,-0.20528297883739657
15934,0.08097894845838009,-0.034327488014549566,-0.5543256544266946,0.07317884650134845,-0.057612672642968925,-0.1346453014691385,0.13414014263834975,0.0,-0.11246408738587484,-0.13276795615419595,-0.052038425703509694,-0.19559809995082664,-0.1343217905969636,0.04702504590275612,-0.09638197567585498,0.0445271422583652,-0.8503477243479063,-0.007536736065247132,-1.183659205697851,-0.7894394402944388,-0.10957976198652167
15934,0.07484611875281995,0.04550047582882619,-0.5670094398957324,0.07614095271662763,-0.11301522408961333,-0.1299872820960381,0.13195379693962098,0.0,0.005241081975460936,-0.05521351203441124,-0.06882591262892397,-0.1590864587514544,-0.10737137849192145,-0.37470920030859267,0.027071395143386034,0.04369032311930685,-0.8022850117652603,-0.006745561944430538,-1.2572792428959185,-0.7989708065569512,-0.07424480707765277
15953,0.10738480119215685,0.09185009880464766,-1.3332977531043315,-0.12620825532377306,-0.029813137459677508,0.06988582480022255,0.16794570010040147,0.0,-0.063769801071709,-0.5997153406202044,-0.03192688216810006,-0.10594229095900486,-0.12022000590952919,-0.35597063871150353,0.03419269614755498,0.04432045165816576,-1.07875650685046,-0.33158798004047735,0.171069600137074,0.1459799684484301,-0.19718707427323734
15967,-0.20074735062056306,-0.4024520539630007,-0.722007155964068,0.04385251617453659,-0.06424172051966973,-0.676817951984465,0.1417211616960252,0.0,0.008883966829653896,0.050123203626130194,-0.04535918747546995,-0.10385580365958154,-0.06345771217594681,-0.3541441681223796,0.05112045841803636,-1.3249566255363743,-0.25337058531196244,-0.14211935502181217,0.1409953310517832,-0.3050770156632762,0.11286092659294414
15971,0.10306231569291262,0.11179677479864362,-0.12545820703360244,-0.0423470422509422,-0.013809458110501554,0.028742242505020787,0.10505608114622877,0.0,0.03497685710424948,-1.8356470010208246,-0.026806627435425726,-0.13443830387174538,-0.058495989880024135,-0.35515461873971466,-0.003613094476214288,0.043289097972704825,0.03864802359361587,-0.19867631631558158,-0.31567536036337085,-0.32301239284672284,-0.45371153704184725
15971,0.09621974857448118,0.00032645934811892927,-0.24705847341891726,-0.19217424258660876,0.018618668453181737,0.022317331395046984,0.09213563135546177,0.0,-0.6202299460067928,-1.9324785910881743,0.003347977345051377,-0.15586670712360456,-0.11131342322198126,0.06716500445005953,-0.17122284399198237,0.04154331506972542,-0.2927128927282809,-0.6530758398658135,0.12836245372732244,-0.19813693737077245,-0.41010156223202
15971,0.12671284106764452,0.09485162388671681,-0.2874482906944549,0.05455985962319067,-0.01116851567040963,0.028642141870809008,-0.08079298971970969,0.0,-0.9828293728022742,-2.1484112112251603,0.04840198108051184,-0.0420518002844603,-0.13805287833293065,0.0821261817993166,-0.280812966628044,0.04321602817934109,-0.22955135498933332,0.0934971252819137,0.15739951890323278,0.15823633102879062,-0.376591543519373
15982,0.08488115194553865,-0.3913353621442458,-1.4158508439739523,0.05138890735906235,-0.04604108527804542,0.0001476779956467286,-0.16728147324847972,0.0,0.037634795463012974,-0.13827142033424727,-0.036241799145944054,-0.12032807345176956,-0.1299061213530871,-0.41702364651722285,0.0221640489206626,0.04876993029676639,-1.24661995027485,-0.10702206765064716,0.17252177349767442,0.1506839432442998,0.09528138610488164
16012,-0.1516362036165607,-0.3779516498498099,-1.4159334276084259,-0.22580026435394615,-0.026260538357638905,-0.0018729642049631124,0.14456643462734536,0.0,0.023464246573659725,0.008436820337337251,-0.05835413636670299,-0.14662861219348958,-0.15640894371818015,-0.33806900852969185,0.036983215956075045,-1.1570212041356953,-1.0747547082816016,0.08264301969004516,0.16676848637633362,0.16603396098455486,0.09802103912056397
16064,0.043824741509048346,-0.009148735023673985,-0.9453867656256907,0.021432448946220033,-0.09074678267638887,0.026929145997772425,0.08829635075488661,0.0,0.049201201915645205,-1.1451220745008757,-0.07240740325742903,-0.12205023120430128,-0.10548071262870927,-0.3618263842046118,0.016322929781373865,0.038036517293986376,-0.9469986542504564,0.06364205509146174,-0.9862466966440311,-0.6457640655193643,-0.3172030452356079
16064,0.032784120132289055,-0.6676545258954425,0.04532555860525005,0.025249279836175677,-0.11388434130360812,-0.011726628367086316,0.09013534286775393,0.0,-0.04232072445836389,-1.1028311671290953,-0.011050282874106147,-0.12748217811499896,-0.09776141818124813,-0.29350523128636147,-0.04056194322039335,-1.2367532570122899,-0.0012620397281792699,0.032958202981150306,-0.9554465283429524,-0.5676911385765602,-0.2664588442189259
16085,-0.2108479563648697,-0.11406596506140328,-0.5022623276990512,-0.5737192098406241,0.029359387457315762,-0.13053042072628163,0.14000419785497553,0.0,0.05281882580771339,0.0468149191304105,-0.057254725540494336,0.009699384950650876,-0.11524366522739585,0.02582603328653747,0.007978130386054551,0.03862420060201818,-0.3573134586398503,-0.09652703150238173,-1.1005086330394123,-0.7709885067892004,-0.10842034944693822
16085,-0.28211546789099845,0.09412482552807884,-0.15122917824210522,-0.4981549097134596,0.05334180025264598,-0.05616994806759182,0.11711551365896483,0.0,-1.649915834582674,-0.523526964865978,-0.0034074466623437412,-0.24424726175185066,-0.14993882088345295,0.025537085274234587,-0.4252142739118874,0.03921383393183066,-0.42367832150665463,-0.587600120037898,0.15191779231162555,0.1672669693144278,-0.054017785693520316
16085,-0.2556169280243648,0.06477822048998855,-0.07992245728527869,-0.7259913845877203,0.03541297009279497,-0.14489406409431663,0.12632332791213405,0.0,0.004341133830387403,0.021654262448082,-0.09218758801540296,-0.23765536437288773,0.1197750852397586,0.04316243769853154,0.06405738828244623,0.043227166316551484,-0.20172027127933612,-0.21897912608944378,-1.0876653617319807,-0.8139695199525796,-0.05724679400642048
16103,-0.23265450755736528,-0.042890232450810806,-0.7636031488236801,0.07567901092640048,0.06079037361049872,0.012362857739819957,-0.4044268260283461,0.0,-0.19941993248516113,-0.060574169161377124,-0.04800181222718263,-0.1236163784609455,-0.11811533058226932,-0.3042091119914015,0.021152775641058438,0.04241964562689506,-0.8777721825973532,-0.000601056838921895,-0.9494900836497662,-0.6285745422888549,-0.1507526493269761
16103,-0.36560052345812216,0.03490378649096518,0.07074803051461179,0.10250718814828087,0.06299085558916014,0.011889994939730548,-0.4278286789581363,0.0,-0.25529625871417405,-0.05120366383216638,0.06032079869329313,0.029326427138670886,0.10270258600463543,0.03702312181443553,-0.5650312772355723,0.0553978207860958,0.07017556502378841,-0.00848350349925904,-1.2433598690676724,-0.8924320184590129,-0.23651097041628252
16103,-0.26261008616395237,0.07656105128747752,-0.03334023879331166,0.08268093217315478,0.06442813269280698,-0.008672762747120387,-0.41779455577522234,0.0,-0.6549402868792739,-0.08792597239108102,-0.10582749583068128,-0.10479356941790285,0.08117143589035342,0.0951478948666797,-0.5152191503714506,0.045734536178383876,-0.10953150481202069,-0.037207059491961125,-1.136206591966178,-0.7706589828997068,-0.22754153435673163
16103,-0.2750363327580752,-0.024793112053682963,-0.13626677776023666,0.0031417522199807444,0.07393167905020201,0.014698918254464967,-0.44666975489663713,0.0,-0.3808959923167079,-0.07306075527066186,-0.055395672200318706,0.03842100848182147,-0.14803382094397263,0.002467763414410338,-0.10987731524431323,0.04792884817381386,-0.2494469360760063,0.039766878913379745,-1.1248226536106103,-0.7559936114434068,-0.2468667731832137
16119,-0.20870488843869942,0.00012373846934641433,-1.2065145299530053,0.07033820099616166,-0.07527280039580787,0.00484179632459683,0.15243073107516794,0.0,-0.05947506164605541,-0.11155852305982242,-0.054989713047932806,-0.1124234739030005,-0.09420621180515801,-0.33096894590297715,0.02437226247064185,0.04126433655835226,-0.9782155710293173,0.02293923033472182,-0.9373410460706785,-0.6037257179495954,-0.3159914340103729
16245,0.08514491721098198,-1.0029845753739095,-0.6006401251762872,0.06546347804044503,-0.08768213469518774,0.05239999262386156,0.1293695822342592,0.0,-0.08348820063927723,0.03387008209814933,-0.058889339246250595,-0.1212023128425546,-0.10322135352613152,-0.3776613482785122,0.010546189007083366,-1.483061822622755,-0.39553136547462986,0.05946475870938363,-0.3464064576673787,-0.3628844694444123,-0.035962309329667985
16332,-0.24783246138585482,-0.09379209779449084,-0.62369168679088,0.09568757641246324,0.028693118518606186,0.030294914479429877,-0.18515127709193932,0.0,0.0364039378082288,-0.12544976904951916,-0.05078628262426443,-0.1438188437565193,-0.09181590135681275,-0.352661864499041,0.026789707293060676,0.04380268228127011,-0.8317590273295037,0.045145953342619845,-0.9764254203760202,-0.678426831023126,0.08391755693511499
16332,-0.23740963122243353,-0.018928055562369515,-0.6114587611094503,0.08551239660134351,0.045399413565713066,0.036691965570200206,-0.26416351383783304,0.0,0.0036445184782385757,-0.11405472737871361,-0.047724454809344556,-0.10623563740713411,-0.09321953020275925,-0.3916138792464538,0.03545293007256777,0.04468068862186914,-0.7909928674372564,-0.03415010004729551,-1.0143359807029486,-0.6494846174085185,0.09686402731886964
16332,-0.24637623288425836,0.007182482393029845,-0.529260083760835,0.06423382565598638,0.03287069289161739,0.0480946456549762,-0.31491000775984457,0.0,0.05158471435107203,-0.09333442291620712,-0.09121518900535738,0.06279214819511389,-0.1214076476469503,0.04490058966119308,0.036748886678170514,0.04387666856241606,-0.6032191025069615,-0.015383308518410622,-1.117833832036809,-0.7560223175411599,0.13690983493079864
16332,-0.25223151068308336,0.08994065418843136,-0.49270171134068497,-0.058883997949779124,0.04511468598156595,0.03638614517063444,-0.31070830313188397,0.0,-0.2051278299857634,-0.4233936118241338,-0.03968490837489149,-0.025500650607217387,-0.13639696887070435,0.05111688403160351,-0.0679126763134433,0.04246625853787223,-0.8449900088993236,-0.09516629504194274,-0.9643557091392211,-0.6538952838057285,0.13235173489446686
16332,-0.23053167400560373,0.11669248566219761,-0.6299310326114432,-0.21403598710454735,0.0551164975299259,0.04034411949468448,-0.27819355014671804,0.0,0.029393420620305595,-0.11309831083631827,-0.07193881420553505,-0.13488984002659496,-0.1047962571586844,-0.3812860972987713,0.03263469755727445,0.040711087289899486,-0.8111097896647982,-0.12058879226376398,-0.9312735585413981,-0.639574302584152,0.09625839505527936
16332,-0.2381762998823014,0.1215221739374237,-0.5800465596512123,-0.26401497327142187,0.036305040732552175,0.05308515838362273,-0.3071337450521282,0.0,0.032151439755767,-0.11818961540713693,-0.08203640918406815,0.0092375468924384,-0.1365236922077211,0.04189568404079104,0.029888849350458317,0.04107007595273166,-0.7327064311200553,-0.11653285897983898,-1.106671454148009,-0.6474983494529137,0.1287449344191863
16332,-0.21552553083785522,-0.02347249148872478,-0.4767796297713817,-0.32636486902005846,0.03188081140373863,0.051737509042497166,-0.27586747992397065,0.0,0.04561833692789033,-0.11179618103633576,-0.04157844133795508,-0.19197757797200402,-0.09151501341601122,0.04269845163962044,-0.1151496168102553,0.04427451632787216,-0.6632946503056754,-0.08984360150583828,-1.0208818202228864,-0.6223551777518892,0.13358383558538423
16332,-0.25814640971347175,0.04236979582603221,-0.21940788445432738,-0.44857221313105644,0.03125337706956955,0.043704615741604703,-0.28248462682626646,0.0,-0.1109499492714195,-0.32528439777300666,-0.08049922203298676,0.04845113815386484,-0.12170122437368786,0.03711451780111499,-0.011721174222724454,0.04249121449965427,-0.30027456093653876,-0.20392353317560163,-1.0874418713929748,-0.6578691533588735,0.15933419833541734
16332,-0.19434003740160444,0.061079550529945355,-0.5972504148409639,-0.5352786134354638,0.040266054429978375,0.040400022022139624,-0.3064177637601214,0.0,0.037746862696151365,-0.02191730490322291,-0.0622060677852321,-0.15781846035813543,-0.0997848987789885,-0.34689483196261456,0.02519931639177676,0.03902809768172795,-0.7885874408925561,-0.123547296568331,-0.9794392216360849,-0.6516959387006591,0.09103177666911463
16332,-0.23748742931544478,-0.12600328461176213,-0.476457080022079,-0.6207894511881806,0.02573278016334763,0.05500031444346316,-0.2571813352764287,0.0,0.05606040202120933,-0.05817734356288435,-0.0845153160233367,0.02011259925889518,-0.10381269063982934,0.04123580360478872,0.01588769742060134,0.038968281885832345,-0.33831506195334016,-0.11529218624376347,-1.1565403209115994,-0.6866563934974238,0.1501714090823938
16343,-0.23692291230011445,-0.028294063364393236,-0.7876217897534091,-0.10558907593912492,-0.015626920990669573,0.05216967055681342,0.1002943341269638,0.0,0.07281491859517368,0.05016865289474745,-0.07147604748984236,-0.12921684515071433,-0.0859674292611015,-0.28780066261538717,0.025255854646214763,0.04516181526250243,-0.6520803048084969,-0.805243500715208,-0.9472148706509838,-0.6559619840797168,-0.11806091322479964
16376,-0.35472761531039737,-1.2420043724499397,0.07079827575958281,-0.027962459129814262,0.11979831088865804,0.05750948758199283,-0.26452176123257953,0.0,0.08761008937673799,0.0345085379164094,0.01900386844157251,-0.014718545882006268,0.052196895794762534,-0.1777157071984519,0.054324111464826144,-1.5870326810785298,-0.11895651277342527,0.06315591656446336,-0.2774138389497189,-0.3718811753969797,0.14918086005472983
16376,-0.31143526851065007,-1.1082996005761667,-0.025846246733782993,-0.025378865476247302,0.09929831887137347,0.06873765535876887,-0.29514993609002094,0.0,0.02455954187856016,-0.021777885757279007,-0.06168881324101731,0.04449101538710961,0.02934308690066368,-0.049326450595736475,-0.3553213499979873,-1.49449663873669,0.007904325969445899,0.03794060214209605,-0.35539271045153803,-0.39733096810095264,0.16266331523326968
16376,-0.34045277212247527,0.09310915991364191,0.06195784555314653,-0.021071352629975507,0.05242470274669395,0.029132099277579683,-0.29990645236759156,0.0,-1.7996097079753068,-0.7679238534247705,-0.05417952778566237,-0.21141029439174877,0.1008721594349157,0.051364873416608045,-1.1110075245977835,0.04151926883726073,0.02258240668183746,-0.27332247761812617,0.15680903326320686,0.15149001137965656,0.12133735719960752
16376,-0.27101203678626545,-0.08008725563549444,-0.0168514172938797,-0.12646186164084228,0.0757192963591682,0.026575604273596013,-0.29918204120781094,0.0,-1.5534596651036694,-0.4009297299385466,-0.09371458764413859,0.052808439994879865,0.02284192739787385,-0.02259001718816557,-0.43258963467620204,0.036826713855004425,-0.14627465783413274,-0.04866883042334619,-1.0419930127176882,-0.669968853271618,0.1239053027075969
16376,-0.2786217403585563,-0.10408525354607875,-0.061141930020395564,-0.24457947101226943,0.09720060102037253,0.04184341095852481,-0.38937614255879954,0.0,-0.0170096137712436,-0.04400505051990398,-0.11789016305030513,0.0649152688722452,-0.11751456103739644,0.020701205814428386,-0.20514866357660777,0.04413771132191987,-0.19230362586094865,-0.020994659644199908,-1.3006033898705776,-0.664669225481687,0.14413835386580293
16376,-0.31335454671654633,0.07697526511399123,0.007329605962530807,-0.2932202436591827,0.08662956611538607,0.03596103012849254,-0.3520511828540682,0.0,-0.7798998061307126,-0.29680089039912316,-0.11527790390241063,0.08485084032992311,0.014727767833914607,0.06150073421329799,-0.6887277889903584,0.041485514138146745,-0.015644113960677886,-0.06686346252037573,-1.0546091151090682,-0.7118916131199724,0.13776136724089796
16505,0.12582997170813967,0.09421971760698747,-1.0254553462116647,0.09144359149652515,-0.037840547516763474,0.046065445808677184,0.12396418651248561,0.0,0.042399112186797275,-1.3885990438633071,-0.033505782618735325,-0.13651949656085266,-0.15340131373327778,-0.39356486489892784,0.026908652750524342,0.045871753896537665,-1.1904752170064157,-0.18516138299227233,0.17003131929582008,0.1708379964084757,0.09780315616022506
16537,0.0893191455443555,-1.0579020552238083,-0.6169741900918712,0.07614133777122277,-0.07324907223409524,-0.11721714596602019,0.13596060272322338,0.0,0.037640477554442026,0.04206543482084673,-0.006300464190187628,-0.12083076837852942,-0.0658731672442078,-0.37803812791121927,0.022956398635637563,-1.483749126293031,-0.2941316894613092,0.046935194978771445,0.1596366849089515,0.18756671174749637,-0.31289126439025483
16551,-0.2275193850186077,0.041195161657154984,-0.5405587634832177,0.0849796221516733,-0.23884350799192552,0.050098196197185446,-0.3179621303126148,0.0,0.05379194490030512,-0.09162607393518246,-0.0732910414034848,-0.11126792259042448,-0.08987230151163943,-0.3461086200422279,0.023742538852676753,0.03860916399949659,-0.7028831210367358,0.008792655661904715,-0.9528758122517743,-0.6419684797709369,-0.31290176045685547
16551,-0.23007384443242884,0.035526697714805384,-0.07483716373346815,0.1003801560846817,-0.29137277565404873,0.0596586966351944,-0.4670240030404728,0.0,0.04936538260302552,-0.11980974343461495,-0.06264343367530029,-0.03346706403368524,-0.10270459598758538,0.05222960571463759,0.02874583281152363,0.04238258848087903,-0.18427379976520428,0.007207646781922118,-1.1359569631130124,-0.7252051684210641,-0.38616264754718016
16551,-0.2010201705967988,-0.11376944132096563,0.06572011913911434,0.13067740314395887,-0.3341572256766745,0.07491350445240923,-0.37055596019007303,0.0,-0.1365400695757489,-0.44938173442710444,0.03117743545030968,-0.06997099073648283,0.019494252140892242,-0.11847639354274468,-0.18644900499554068,0.042308245671574866,0.02796859823443101,-0.04091108086078382,-0.9436374231144778,-0.6464341652298898,-0.42060020080527116
16564,-0.26591475520328706,0.09702791740704743,-1.118240056340589,-0.1445942700967037,-0.10364029253276895,0.013135054249621882,0.11688020661307853,0.0,-0.17776241580690383,-0.45708566202907597,-0.03395068111640275,-0.08588564357119212,-0.12626348944789004,-0.2902015460343807,0.03602118659871873,0.04881092891288335,-1.0743389289879361,-0.8491068168390346,0.13232488631306483,0.20145937863540644,0.09259137178953228
16658,-0.27032926339078894,-0.7293641751185159,0.09964609952930087,-0.07203114938661687,0.01899516615224087,0.0679521221546915,0.13458500148082664,0.0,0.09273268178610154,0.05116737722319583,-0.09137529110806372,-0.22744216652539553,0.04858559142863172,-0.3831618526514734,0.05252596858010818,-1.5758069985347412,0.042942582743222504,-0.4596012022254736,-0.27582285185397815,0.05605541088775458,-0.2541218561595106
16658,-0.3311245234843699,0.09265416570526544,-0.30528815615258414,0.011615638922492913,0.059648507575103864,0.06511466614901927,0.01137513578811386,0.0,-1.1749684319575968,-0.05897493686873572,0.01578170564618523,-0.2583187099805119,-0.17712791144098228,0.045271620790752816,-0.4962011234204024,0.04332809375353334,-0.8683802270366248,-0.21752648595134233,0.17607710019040212,0.19788010798169214,-0.2079009728973808
16675,-0.16673248218330947,0.07668271005794698,0.07757827628216714,0.11471094610252125,0.012009497132657698,-0.029042889795357407,0.134519619168342,0.0,0.05188367265728512,-0.616692971627976,-0.17397745928851893,-0.11277660373567075,0.11208887458021327,-0.15107805152082884,-0.746854393497549,0.04770000063736161,-0.07189514110098506,0.06094479327436022,-1.132705047777919,-0.8475894083898015,-0.18535863140038664
16675,-0.13881125863925886,0.0421069112755067,-0.5885691055078723,0.09647491775385857,0.03150784654023115,-0.00969278980481341,0.12480456848164603,0.0,0.03864122307600813,-0.6983463690236127,-0.09014228654780057,0.009628811835804052,-0.11806215057123694,0.08703410865254707,-0.1458064603969197,0.04420596841787455,-0.7879315472231281,-0.00906969932106797,-1.0039241702819892,-0.687280167726459,-0.1807592644818901
16675,-0.1507150894564757,0.05533507872009741,-0.5957526750842392,0.03810410030902385,0.05937570951538083,-0.012123455993910983,0.11143635466570322,0.0,-0.07074764127859037,-1.2065623103469367,-0.04104637064331047,-0.11547040009967866,-0.08654232602402558,-0.26354002309778735,0.03210733661899764,0.04003664953779715,-0.8502238636518757,-0.1305668010491438,-0.879049793971766,-0.6511725622776886,-0.10426261521331284
16675,-0.1198538229510983,-0.03367057676855661,0.07455937272453253,0.00909446768685716,0.03597998742207142,-0.017204856525819576,0.13544902588720253,0.0,-0.3703596537585272,-1.2991727792988632,-0.046207305109497374,-0.11626126757295341,-0.15016105177594566,-0.31728762918828246,0.01913489159388382,0.04216383565490741,0.07668661762221247,-0.17727340736990382,-1.026025006365061,-0.7108150732206624,-0.14102180747568482
16675,-0.14495533977396885,0.08275501899987421,-0.33198376710132627,-0.0197942359101663,0.030995086232830864,0.0027443105596279315,0.09968455547744236,0.0,-0.10296074449063616,-1.2908215392154148,-0.09056942407267553,0.037859282083379735,-0.11989577660943976,0.08753085951676763,0.040075875568402364,0.037292535950748475,-0.7907097198605686,-0.15693491603958654,-0.9220830425100918,-0.6877224845988328,-0.17657722848774898
16675,-0.15734753416250066,0.07831798658751156,-0.09577268733784525,-0.0023779233248746004,0.014749525814554753,-0.011015768543602557,0.1115547498604434,0.0,-0.05326516264927843,-1.2683953943123898,0.09160037996900522,0.04455581577629863,0.09258399421147506,0.06646986518772147,0.048545492036139073,0.04709328071697427,-0.22347503573886038,-0.13789489723877482,-1.0744246084116844,-0.739793252170001,-0.16671572061032122
16688,-0.22942799886081033,-0.7336783667671217,-1.13483065287939,-0.08996388507208605,-0.04397642129070833,0.05579969913428235,0.09643166925423567,0.0,0.03865300691654592,-0.09764244356550121,-0.027189696936582637,-0.12544061631273148,-0.06558654997898966,-0.34343395697799756,0.029297065776973375,-1.2597064878284812,-0.8979550810501001,-0.3557708186802161,0.1438502197796163,0.1518138097552717,-0.2509835359342093
16705,-0.22717754854608155,0.08971863703826613,-0.051954147974962145,0.06138336982049739,0.022966307660067825,0.04425532979978582,0.12369658260374994,0.0,-1.862956001250647,-0.724815009163155,-0.011973146072514282,0.08053970996995448,0.06156298617494996,-0.048215329685573356,-1.23998551740623,0.04109432685525063,-0.22049004431786018,-0.11396604037466655,0.14891721583506976,0.18688047105621775,-0.026907697912967925
16739,-0.23909873541393278,0.054125318798290974,-0.5813141633772081,-0.08272117444191913,-0.09046567126836459,-0.2659737687857189,-0.2539893428366443,0.0,0.09034137051839804,-1.0816316912475175,-0.10277276966274283,-0.18661940893134202,-0.16457354637099325,-0.33755973626871405,0.03188182764203284,0.03844294924464166,-0.6858403620324558,-0.40490654788379093,-0.852131706085991,-0.6016862079737277,-0.06283713367415468
16739,-0.3187866875114727,0.07156377119626371,0.06786333256486772,-0.13749565105913159,-0.07998933395705321,-0.49550446341365817,-0.44319019182547104,0.0,-0.05112413316743778,-1.7897326341180408,-0.020332971872329332,-0.16680033391323473,-0.23901630910854552,-0.3402462186692343,-0.13292878053268636,0.04228419686733259,-0.061876506446858874,-0.5238695437316805,0.1520957736143702,0.15125826385946692,-0.06448044313797505
16744,0.12981024308029887,-0.5031439227298559,0.037410085972316924,0.020032501674434117,-0.38598252937350475,0.09486686977209985,0.09970369339344691,0.0,-0.4717842070438907,0.04604371819968976,-0.017713044726310963,0.02381574853135615,0.04751615029136163,0.10582930001184075,-1.1541470059204821,-1.6816312105936033,0.052115467147960795,0.03921218357809846,-0.31518979979395706,-0.38771385247215595,0.10018846786836791
16744,0.16062901235807964,-0.13275655350360654,0.07033084216871816,0.03481515227193209,-0.32381186775588366,0.07772486312096678,0.14828342711245523,0.0,-1.8375388830919666,0.0390533022681085,-0.13732733948199408,0.07515354467957981,-0.11878287824504821,-0.047822208821393104,-1.3596647498492296,0.04858340643906394,0.06306925229401848,0.04924836838296099,-0.29842253019444126,-0.3117890939707123,0.09372050107194524
16744,0.11369308847235389,-1.03331467310202,0.019478660562029623,0.071160580224045,-0.34558279036641576,0.08151903916027682,0.09865283113280375,0.0,-1.7841234763286076,0.011238038501951089,0.03144905857545036,0.007479743113208152,0.012705159632254347,0.04170881307103884,-1.1750731457954369,-1.3917871767799626,0.05282647451194798,0.03383573231081013,0.12908182979361107,0.14561819558651273,0.06516536844303997
16744,0.16482087510624685,-0.12398862674677166,0.0752674018653828,0.0308536780806889,-0.3932918927203426,0.07110479906942946,0.1490113847240257,0.0,-1.958670869320668,0.020272359943902803,-0.044420038581584664,0.05718853992842929,-0.12755627073599551,0.05980751772827442,-1.3230860535570355,0.04844262028089701,0.06735169962669468,-0.037630063560229375,-0.3112629947812638,-0.2455772166849982,0.11915632691595013
16744,0.180482822822546,-0.1767421613147345,0.04753969932490225,-0.0395678581010942,-0.4325689671419854,0.08244282803156319,0.1415299937349364,0.0,-1.9596856920222248,0.04309646332778663,0.0003276811339669604,0.03486748912949688,0.07369986222917696,0.08533441067435066,-1.1126812753245856,0.04983224227002148,0.004896694897456777,-0.005833956210641467,-0.30419435477962614,-0.3234590181346694,0.10623666039704155
16759,0.07425740169450913,-1.210255740910682,-1.361822204110649,0.0169868767103131,-0.004872090502241815,0.055290800121541965,-0.34535362686185095,0.0,0.05462458490014319,0.03793322822213141,-0.08581304240136518,-0.1955837627829986,-0.032398425561853066,-0.43850522137545367,0.01671134979543783,-1.408393455541768,-0.33714125440627,0.017207054227711994,0.11982854899290879,0.1324900369477971,0.06196059439201029
16794,-0.3120367681207279,-0.968061639218678,0.037433669500611666,0.054499198877390145,0.06987321259474696,-0.041772343634188136,0.0948341625841915,0.0,0.0791856991380844,0.03569736532672033,-0.08346938525835707,0.06031463589533729,-0.02695836416418565,0.11428119171532806,0.0612254714310771,-1.6241483364891236,-0.058191947856928536,-0.18958390506658968,-0.3330028349529223,-0.3734640992159316,-0.39662606999719074
16794,-0.3067676013730731,-0.5196441138923388,0.026534542381174784,0.03530727970169214,0.07201604885082773,-0.023420292520933063,0.10188661243673452,0.0,0.08505797537422617,0.040619878398668104,-0.0979523892294702,0.06393012751513517,0.06656167292310207,0.10808047728435442,0.07576277308687535,-1.7494929852668468,-0.09219414235537592,-0.12410383332936291,-0.43433780166927577,-0.3743302706409394,-0.415704269891561
16794,-0.2685630067540473,-0.5428295269785658,0.0465779072530379,0.04509052031244997,0.07372927834623307,-0.0171432490898423,0.11053963426903876,0.0,0.06740033599018543,0.01632027724691357,-0.12307790580856612,0.033968151386485505,0.08059425198755418,0.12633443139948275,0.06697032738692091,-1.6896198831490967,-0.09940319133685611,-0.02575892786838511,-0.44677780485117485,-0.40808965279938136,-0.42723177058656936
16808,-0.27167604755194,0.05215530404686052,-0.5765368693173425,0.11485658007247716,-0.254881129061204,0.04616408641398648,-0.36552039188947727,0.0,0.08937408662606129,-0.28925186700958017,-0.0718931582598009,-0.11407053272875507,-0.07983521169277773,-0.34647717255622223,0.028242573956350166,0.04579617399790295,-0.4247197865177235,0.01513014246977692,-0.9302819099580235,-0.7172725285230988,-0.17695380751127163
16808,-0.1684577799469739,0.05755435451588339,-0.5097627179290077,0.11872758110579133,-0.3075232604310105,0.04539123446319472,-0.27330091670801393,0.0,0.04828443732177269,-0.689883673327455,-0.07492495049780332,-0.042621051012144036,-0.10890662964365067,0.05686828844273404,-0.09180548904233782,0.04304138290165298,-0.4699854912848189,0.032256727516636004,-0.9443990073502825,-0.7361992477095273,-0.19241341435393577
16808,-0.17320798537357954,0.018240808539000775,-0.4685556269555278,0.06084289912111921,-0.32212102426148914,0.04491783328393051,-0.3212847292884324,0.0,0.019439670389769823,-0.8167919408418084,-0.09853755581157718,0.001707328060445244,-0.11334536566219226,0.05731264471444437,0.025533791200938693,0.04106511759657356,-0.5826248969904684,-0.01406553447438279,-0.9615747714842314,-0.6737925971161103,-0.19423653174630864
16808,-0.17463225167879748,0.022104128045606592,-0.44424971684281267,-0.08383739447566593,-0.3083969480181207,0.04367803606953087,-0.3182809736838409,0.0,-0.017617695858164046,-0.8148522997085788,-0.07786793246881052,-0.11997405271545575,-0.1103365174298687,-0.3909447119885168,0.02553530840071454,0.03819413371771026,-0.6049769275680923,-0.05106244754591063,-0.8943822149839833,-0.6084095269891782,-0.1756752477256551
16808,-0.18780917284682405,0.057215751132309194,-0.4983354958348535,-0.1870499707371781,-0.30328474957379664,0.040809973307913805,-0.3280335758268158,0.0,0.017478849646028898,-0.6868850398187546,-0.09191183400101473,-0.11332397132221386,-0.10100463785407333,-0.38560853772718173,0.029259903536738532,0.037509904222115545,-0.4765424073932137,-0.031573705428657346,-0.8764328810124631,-0.6914044724580892,-0.17775028569764034
16808,-0.15964025090846537,0.0686142498791783,-0.4760438238061505,-0.3002544469879544,-0.30252843732920237,0.040754985507421765,-0.3322871513202664,0.0,0.019429058536823297,-0.7459214441743229,-0.07202128693982233,-0.12747317328306185,-0.11822705855859868,-0.32389203768421726,0.024960062746943058,0.03675864469072178,-0.571319433992011,-0.04494467834051821,-0.8628292387708343,-0.6352745844144293,-0.16850754555178515
16808,-0.17757909284441675,0.07010340195870113,-0.10667927292991973,-0.30993983027595107,-0.406387654729931,0.06372324689133334,-0.2831071582967267,0.0,-0.03638398035319254,-0.8896619153545409,0.016471482345854487,-0.1711103873271639,0.06404086043880404,-0.4119862201935022,0.00922424816200913,0.039362785617849505,-0.012329703518918862,-0.053414693876605183,-0.8976722044125802,-0.7135164503462056,-0.18281300272225529
16808,-0.17561052725157952,0.021602855529263717,-0.23094311514973004,-0.33411342449852727,-0.3656019936255312,0.049434248804908015,-0.2893600339594827,0.0,0.028634809755431326,-0.8441264735034528,-0.11048972695513244,0.0012878333070331523,-0.13797173293548146,0.11764391033695047,0.03316975068421849,0.036295767741684026,-0.2824137011356949,-0.05391562987745206,-0.8969217805640182,-0.7137115113819884,-0.22700632534870008
16808,-0.21316871360919956,0.05802282538292202,-0.0279656230444479,-0.3958568433121799,-0.41912604576538337,0.049224116658608354,-0.25540598778740525,0.0,-0.19890975522322532,-1.1796177295290393,0.00996007053160014,0.038849392275200754,0.05799706805856505,0.04774870528117335,-0.1312556680367932,0.04179425816151467,-0.07291717380749867,-0.10397355483232329,-0.929556949537308,-0.7142521287877523,-0.21986137275634626
16940,0.12864685550664698,-0.012699647468495437,-0.02792420183979527,0.08341444703740848,0.05552348917049134,-0.6273429413478524,0.16360713873046062,0.0,-2.044616304791918,0.04434601702627969,-0.0904650081657932,-0.10278509411784531,0.085920075836976,0.08681720476476493,-1.106929106719445,0.046904988682030704,-0.07588364909504135,-0.057401842398791966,0.12875174993268027,-0.20077403463301555,-0.07299991512922699
16940,0.12882435137933584,-0.3655279174633046,0.07443273756760126,-0.2500154526655862,0.04161480538813054,-0.5169295722139583,0.13131662304608852,0.0,-1.9701324206346562,0.030053037830274635,-0.051489116178198256,-0.05394752104319866,0.09420243883522951,-0.03658232262968983,-1.3351219386112094,0.04682648429586753,0.08958120767152597,-0.19087732792261944,0.14085849096806627,0.1431728270262338,0.010357261027431819
16940,0.13142245498567814,-0.022533100060570403,0.09638100886321292,-0.4234349784706165,0.04470171916151457,-0.5333784664153775,0.1322032860316921,0.0,-1.9297010486290505,0.04984785263137377,-0.03328473734576215,0.08278289110734294,0.02636501915484835,-0.053115680810722196,-1.3946536057277028,0.04467506344710624,0.09915020101768145,-0.3061505297044598,0.14617369435440733,0.13436199266015403,-0.012808955363471652
17028,-0.24212457195741308,0.015490086739964883,-1.0376914308488494,0.07672998818970636,-0.0832728756953608,0.05216166988142827,-0.19668261705117082,0.0,-0.02677041114852625,-0.08446930049859536,-0.0921894752347677,-0.11111687595585035,-0.15341026653658657,-0.34819962291740275,0.02266714382756126,0.0435651107545579,-1.0138584719628851,0.06619344665677354,-1.0205279371560083,-0.6933772993745805,-0.06663807885214613
17045,0.15239176900224824,0.10299013797914995,0.054186532107237506,0.03025733297564299,0.12052095890346896,0.05401151978804841,0.0843581953577934,0.0,-1.6456943895710754,-1.1484370683862677,0.05777730966486208,0.08378397874460855,0.02559198127244035,0.05471281701710564,-0.8735629388740385,0.05277978768462011,0.012847810506960182,-0.4052492865942166,0.18105374775932023,-0.14078069193549564,-0.47134362669680496
17202,-0.21733754085677634,0.06591968557840486,-0.5014305073353018,0.07768583434794821,-0.05247621715721684,0.030632170587170847,0.10379846592034501,0.0,-0.09577400754513238,-1.1409818470119526,-0.04701460753167376,-0.20018671630900534,-0.12290529643805378,0.05828175384378256,-0.09542582866625161,0.041359564323667004,-0.950027464199856,-0.005962645177968774,-1.0436475828177378,-0.6935309865982113,0.1072796478519947
17223,0.06663609686552308,-0.4424595029687551,-0.1475887636959892,-0.14008918960074293,-0.004509190462360455,-0.014223179393838888,0.11693404855930961,0.0,0.04823022095006177,0.05474316159736089,-0.07298356589995943,-0.06884743701374042,-0.08283393661322454,0.11453880155586504,0.0649340553281386,-1.351222177545164,-0.24290553031242257,0.009878663636373904,-1.1310594377266507,0.04161780934591336,-0.43182403347844056
17223,0.1702068820825039,-0.020110687892028235,0.07375641419192769,-0.3081025325902023,0.04657208300566309,0.017212824266084614,0.11192467154855276,0.0,-1.712452313808579,0.005764715678933301,-0.04642517003147384,-0.04909027750048119,-0.05877895004356116,0.05771378471744108,-0.9171905364085143,0.05134679820979593,0.017382913454054464,-0.503811174606745,0.16268509086939642,-0.18589101344339248,-0.42754618770270014
17315,0.08057712125830185,0.10007302827167397,-0.5061852939857292,-0.13953216042715655,-0.8786989202059835,-0.1946697668461056,-0.33744476126088335,0.0,-0.006432563247465625,-0.46967648573358456,-0.05923381700673556,-0.13321695497460215,-0.080281969743695,-0.3578380625360061,0.036248953096484036,0.039449791294569526,-0.7337664913928926,-0.15451262441893132,0.14438906031107815,-0.25077628283260694,-0.198040605949229
17315,0.08535871754344213,0.09863283053859456,-0.5528800950152041,-0.2150114781030883,-0.9808521623802463,-0.22399154245803,-0.30750378787313937,0.0,-0.02651204280212318,-0.459369623361497,-0.06366175922136703,0.021723684713733267,-0.11241010187998095,0.05538027732537438,0.04397823739921165,0.04078378289934856,-0.6506739380807889,-0.13986420849838013,0.15290768091133145,-0.25017361475991684,-0.209542154448469
17326,0.11201981694852042,0.04469376318666946,-0.8250128705620244,0.10567702231228905,-0.10522263971409566,-0.09718466281467478,-0.28102431138178546,0.0,0.008745759877054969,0.021990936865202836,-0.10869550878459074,-0.20176042720378068,-0.13376340221250255,-0.41102493003980184,0.014936432302019416,0.05301017963185478,-0.7673483080017756,0.06540912021814907,-1.1975811890364685,0.034961169900041916,0.07306922444900228
17358,0.09781072942485665,0.07243831533843838,-1.2338055333660594,-0.3337380529507106,-0.3359689086958618,-0.33055173203762045,0.13419690817144764,0.0,0.03381907254501084,0.051900675324363925,-0.0723012424800745,-0.13350614117138201,-0.12028902939302094,-0.400786480985959,0.033202721727972194,0.04642333508645081,-1.052634332393561,0.012679409806634607,0.14904680710336027,0.15277682459664146,-0.1692432281181476
17421,-0.24508438140285912,0.060548773124730185,-0.3986798056933887,0.05019803288734112,-0.10504537637250214,-0.07624651454433824,-0.3071794324666242,0.0,0.006094875075947863,-0.6923345997506575,-0.06560644689043986,-0.14568862612155278,-0.09585085623024833,-0.40751928326812714,0.02510955795276041,0.042681356719810104,-0.48081491365537715,0.017329705177906034,-1.1078137512642119,-0.7453922934486307,0.13424915528479742
17423,-0.20359829054370637,-0.004350836960994304,-1.0683620897424007,-0.02145660145718616,0.06514948150606678,-0.3472035113038409,0.16258065656978538,0.0,0.03145023952818826,-0.09128782456415026,-0.06052085554584616,-0.14873589964064565,-0.13493078643944031,-0.3228891014956806,0.02585439754009817,0.04110840749654781,-0.9871185586153709,-0.09496650184313445,-0.8572248120964497,-0.6093195913805822,-0.3147478557138959
17423,-0.21851401248493107,0.0709519606817512,0.07881743867398958,-0.03812314333635835,0.07889162179213666,-0.4657501585735716,0.16113377205785848,0.0,0.02512713872850895,0.05872404863315899,-0.09862827740658191,-0.23851450618918424,-0.21176455487204712,-0.38978338221534464,0.035612339163258434,0.04193710214009756,-0.09082548926538027,0.08919241528246857,-1.0139842368396796,-0.807884664307765,-0.41639268296605997
17423,-0.17767290028469768,0.017355316641682238,-0.043719458217642004,-0.022549785407508502,0.10176184639206053,-0.4015459635329534,0.13273207504349013,0.0,-0.39414504330749944,-0.49042673681580495,-0.040368883313164135,-0.051708891445720016,0.03736822544712577,0.06851520206738715,-0.5429829020273458,0.044541678219612295,-0.1691724968978086,-0.2895771323109161,-0.9078247329297424,-0.6940813317444736,-0.37740630148568555
17423,-0.2174059295363465,0.04310240962064783,0.08053746281221795,-0.03758860263325081,0.10469075655292062,-0.4404691696772158,0.19026556862346675,0.0,-0.11051434902369246,-0.4015588861428591,-0.04994620956156944,-0.02340138881399994,-0.007797158151043801,0.08317503568278631,-0.10303962192276314,0.04530833947335348,-0.08265391912910264,-0.25587377539347633,-1.0319766022132628,-0.7769737440581267,-0.4015303133675632
17423,-0.18407498328425156,0.08939254309326465,-0.2901580846081675,-0.20858212346118507,0.051397748543213856,-0.42129553236025824,0.1561422867409656,0.0,0.06821836992704322,0.023250155546883797,-0.10960517737531196,-0.07168423121630653,-0.15808493433335888,-0.06749757292333904,0.06183380783771011,0.038725494797804946,-0.25281528892406124,-0.00790833103535776,-1.0622092205428486,-0.7422782060328008,-0.4133366254216794
17423,-0.21030042637354493,-0.24368458654449507,-0.08779195843087734,-0.2192383857848908,0.059487617254499865,-0.3966093540983951,0.15865423424702782,0.0,0.03505111128918265,-0.1391573716127361,0.005757522204217853,0.08516634043119463,0.0786371593004201,0.09693942321387523,0.03247746280694722,0.039527002484668505,-0.20205741919513517,-0.1354860028270136,-1.0999391256710203,-0.7804652602710107,-0.4254178742946192
17423,-0.1675519407496157,-0.5804794385071821,-0.08347379474229492,-0.19626110879773598,0.10416391889126651,-0.4266179024637238,0.14160670630960667,0.0,0.0019424123048761774,-0.35626139232664483,0.0341688983025722,-0.09538444741598945,0.05420927014239463,-0.03334351002906749,-0.10123845781923545,-1.2435058170979951,-0.025462367314248637,-0.1668656281466247,-0.8798048054438551,-0.5505465910420754,-0.35772713833591585
17423,-0.1974865189377031,-0.004200211239787362,-0.06947868338543636,-0.2639401440853988,0.08928932949502841,-0.42209461866364817,0.1761824250124469,0.0,0.03570704813022154,-0.09050176704300056,-0.08341858831607013,-0.019582941120241743,-0.15460099568750718,-0.051418885523049546,0.03522827105188274,0.040486498953829754,-0.24644356327684033,-0.15397092246054736,-1.090796077615414,-0.6925649739095746,-0.39139618826160244
17423,-0.2228614594714962,-0.847303162426964,0.007966227264244773,-0.17370206009285954,0.10408467389337796,-0.42084814325048553,0.14342760979768315,0.0,0.012975319125034284,-0.13378530723387597,0.014417531892424135,0.04025871041937809,0.05325636132170535,0.09151631074841733,0.020700658665811174,-1.2705006931467706,-0.0253027693373856,-0.14169450186460816,-0.9285009758868444,-0.6073882492475935,-0.33538284934370377
17423,-0.2328152465282797,-0.18122960854640524,-0.075505321581636,-0.3362633701886975,0.07913696702949514,-0.3959265091758016,0.11529435681645459,0.0,-0.12424588737871492,-0.5128659951290582,-0.017380466947011942,0.05537432579850273,0.046700957307893226,0.054420906322223586,-0.2122384205368608,0.0388073558133376,-0.1766535127048503,-0.29258999852510204,-0.959127549596556,-0.7129979325751963,-0.405420857003279
17423,-0.17448399323391875,-0.08531743701586063,-0.029648113358543827,-0.315417900226737,0.06750183198653312,-0.4400964748758669,0.16557548673900513,0.0,0.058981027243886645,0.02120025288812026,-0.07377153069955233,-0.07779676267576169,-0.11368508171978613,-0.10127634130191267,0.07248158297377374,0.04004908869117555,-0.09273409429831204,-0.06087963091661082,-1.1039841881832841,-0.7012462969001901,-0.4180836837651515
17423,-0.23531759846693898,-0.03992790196601354,0.07219395524174636,-0.42936305290789445,0.12222030143688117,-0.4191141837030719,0.14034916056157673,0.0,-0.2293552595246565,-0.4507960117192904,0.018250740600239332,0.0666870569869146,-0.04813811285703322,0.06728350880979825,-0.3920602775432948,0.04336380698667323,0.09489405101061096,-0.32232074960429674,-1.0300882006860768,-0.7428930481315769,-0.40365096860198557
17423,-0.1768572562973911,-0.17976869455508793,-0.4566268599616205,-0.4480413720076738,0.05381423359013939,-0.24622107594057566,0.0988541278561414,0.0,-0.4638043718307772,-0.4558720120386389,-0.01600566502244978,-0.047815034262576495,-0.10975832178397273,-0.10812158029109063,-0.5315289177120877,0.037615388216666226,-0.7681871860657254,-0.32670714506245413,-0.8341078997221114,-0.5555070816996223,-0.31768401844354055
17423,-0.2138046191153868,-0.03588355744449562,0.07982674129302277,-0.48679244243436054,0.09794424499778072,-0.415275620197174,0.17267457263419406,0.0,-0.08295874036230251,-0.42702665825287767,-0.014245413778351321,-0.01652447085451318,-0.15993105624753381,0.03182730270359613,-0.09383895310031767,0.04277016409847293,-0.08255829956017204,-0.32596883911418356,-1.055787781715195,-0.6583331655029432,-0.3615026637863982
17423,-0.22788575771582065,0.08563666258207554,0.090920820270391,-0.5184922830093672,0.10112581086822829,-0.3891616534193202,0.17041379122168934,0.0,-0.18255006274804134,-0.4487155539339236,-0.011992468506781066,-0.07920916149408617,-0.17073558828048646,0.05368730430811207,-0.08530223023801478,0.04123774134985347,-0.06387534664030763,-0.33875971712249653,-1.031481128404077,-0.6773908648484996,-0.3789485617843195
17423,-0.2063005925291228,-0.18163836906282452,-0.5085948478802771,-0.4856917271312786,0.05758766485634307,-0.32453525540415445,0.14666299474543662,0.0,0.052800521445807415,0.00047856839755714054,-0.0655800697985539,-0.11066980191478375,-0.13501356636187345,0.09492216990785522,0.04697811564641767,0.03906830614815243,-0.47444403194472096,-0.05252336573861921,-1.0423115795990938,-0.7112553548621681,-0.3709496396992238
17423,-0.21631418707785136,-0.09735043740502486,0.07037899718890796,-0.5156111017160443,0.06618597852704597,-0.457090180824038,0.15382884414788678,0.0,0.0220557451740901,0.040422511404423926,-0.10014594704316818,-0.0805891268947019,-0.1813932595227274,0.10636565734865833,0.059344188735246904,0.03871406190057715,-0.0827384366693482,-0.002048956595177113,-1.1516694106975083,-0.6964585176454267,-0.3855755660841207
17437,-0.28484605037851085,0.05716521035577429,-0.5836359824522799,0.07489371827835288,-0.09369104806239317,-0.5262035922823418,0.13940835376840507,0.0,0.0005262447386788645,0.017235963383383707,-0.04530578735364888,-0.10418717472428893,-0.17979914961427634,-0.41138981171585676,0.023066458512572444,0.04644802737903039,-0.326718823893789,0.025660359585786573,-1.1354141565657494,-0.020285887803117898,-0.4430571446892921
17496,-0.20958806950699177,0.09467016747372681,-0.8346006024601327,-0.10029892280094231,-0.08148793650547825,0.008646777247377616,0.1379622869074904,0.0,0.09789921787420049,0.056798479989056926,-0.09019268023488781,-0.16354600179756568,-0.04880187501470411,-0.31647665603712205,0.03029594246962886,0.045733727327751175,-0.7402256147369698,-0.11882376668645266,-0.9267155407922141,-0.6879724218326017,0.08704151365242974
17548,0.08267309044141091,-1.2067055045808934,-0.5714129409504863,-0.06135381846004433,-0.28544072594401904,0.06232545404265612,-0.32015174104537986,0.0,-0.011196177933147184,0.03638103908224201,-0.03907958216196597,-0.10156602991208939,-0.04660560636480606,-0.3845503808988761,0.042509311958600506,-1.3318362424743988,-0.4104636616745171,0.009120583410449669,0.16306554647338636,0.1766620836902291,-0.0013325963886287298
17966,0.13630725088016235,-0.39554703811613745,-1.1956498038252732,0.09685185025328925,-0.056742010017275586,0.06784533441588385,-0.3073216667578995,0.0,-0.025100857618744584,0.04709627575441933,-0.08489543177189804,-0.1665680037613444,-0.14447041675947858,-0.4492237115922093,0.0024858919012673204,0.047240999450907026,-0.655837140396838,0.0560202743887625,-0.3531188030348406,-0.320209054835532,-0.3157294599153774
18104,0.09362602457418515,-1.1778792815226775,0.08133400305673578,-0.08261203122377815,0.02515461531690726,0.023231944985483855,0.13667398446803122,0.0,-0.4375700042974849,0.0011669561428988748,0.0076858189719021894,-0.22301040655562104,-0.09982933007836207,-0.4286642428588436,-0.15742377351003306,-1.6647435626878389,0.05132340490127108,-0.05879978323519867,0.15842333168009454,0.1551387211301861,-0.03136379812079558
18105,-0.29952322498836187,-0.07101321553935545,0.062315783183486156,-0.14473748034289047,0.06467580032593401,0.034461197621505554,-0.2678979103686806,0.0,-0.8931795820445145,-0.02405098162620415,0.012759341118399391,-0.1357259598794915,0.05449797233692612,0.12027317257361572,-0.6897519061105034,0.045010795704543735,0.046051977659647005,-0.2261787368520275,-1.0746435789102293,-0.730031206827231,0.12098111656132697
18145,-0.14322202267683934,0.03060239622986247,-0.7487732302155722,0.10392011797406109,-0.9398597205047133,-0.08177033737554934,0.13664677601380995,0.0,-0.026772314787304973,-0.44867506617992026,-0.06396110124355926,-0.1184912160024909,-0.05653908217058458,-0.27262035437964166,0.034013578192922285,0.04078925715702947,-0.936725282669125,0.05643373342585716,-0.8417762091202161,-0.6056018521270945,0.07576476359137611
18145,-0.16503438210473598,-0.014275274044789127,-0.37107152935169807,0.11578224518303785,-1.2491412974331517,-0.046731622495457335,0.12242984008276497,0.0,-0.08656038590582063,-0.7102569747499088,-0.08206137851645695,0.0223069023768589,-0.07763892474065863,0.024037606796785155,0.02598106421900864,0.03871843225722778,-0.3033974643558326,0.07286056491008792,-0.9847609650255794,-0.697796404635351,0.13171572237681864
18145,-0.15080520202141154,0.073114476998698,-0.5103796053925977,0.10800579981201214,-1.0261559657055226,-0.06675912909911699,0.1348918026007599,0.0,-0.03113063654243712,-0.48929380674851797,-0.04963979778850259,-0.13480335004656638,-0.052788753568258864,-0.27172262641733896,0.03835496339049852,0.03665931950685125,-0.7481603072197296,0.04851688188369069,-0.9032177082367506,-0.6707409489594519,0.08059507258982151
18145,-0.18560153443013952,0.07206119424193926,-0.4926158460682243,0.11622423525579136,-1.2076276536186354,-0.03952885449577694,0.13116551292528103,0.0,-0.0539131982223448,-0.5479967892445767,-0.07694555706860662,-0.007384274812577917,-0.07943798985753481,0.01992284583015321,0.03405130397510342,0.037748765300526614,-0.6068945304168923,0.07243764705340523,-0.9862460493675893,-0.6885990151946648,0.1084441703698874
18222,0.04428858537722939,-0.9299734286492828,-1.3425983371128671,-0.2250737691597107,-0.026023148765778055,-0.02365943415098569,0.13201353230331123,0.0,0.03218604837910288,-0.008955378556083103,-0.029957330420199903,-0.15966786332963387,-0.06667871038312721,-0.3327080589217609,0.03082702355543648,-1.2647206116481498,-0.971179532065829,0.04024139299187502,0.15755949974430328,0.14637356582536484,0.05952475739393062
18242,-0.2790413019061737,0.08093592870390082,-1.0075496155030574,0.09284618048120573,-0.03670312716671352,-0.07901118144031558,0.12568879710588254,0.0,-0.04882682760848218,-1.4065236147930356,-0.041455882670836414,-0.10053495974639692,-0.1696167616786261,-0.31515914225750075,0.03139315097168277,0.044103416613545374,-1.1820270850155468,-0.18946110888552098,0.1577181367615344,0.1813776799173619,0.07023497990743903
18245,0.09394853861495105,-0.1630998949506923,-0.26788952502797747,-0.1678376408111396,-0.07592368651399244,0.056156839390920664,0.08088939689298458,0.0,-0.028103809842930545,-1.2363719157861908,-0.07653200930161605,-0.06738694273171374,-0.08288349569171595,-0.31311028882528436,0.019214780783409574,0.043101196248486795,-0.6980898231798204,-0.6271504831573962,0.1573347772654597,-0.19944142724946567,-0.08077019082802545
18309,0.08795552917391185,0.03833401511674641,-0.7363515278651953,0.09142820577719636,-0.11062963834321435,0.04623508975053023,-0.3231131995056151,0.0,-0.0007594763786252448,0.05117242725129572,-0.07512134567688802,-0.212561046656222,-0.0730625290573257,-0.40346499830581395,0.02175223335659279,0.051383654013687954,-0.33998711336631754,-3.9006308962027145e-05,-1.200565566445277,-0.8500535032397719,0.10117487238155658
18313,-0.27591783760253424,0.03495341710946387,-0.15189095697957303,-0.21118145605559502,-0.02675495322428059,0.06569551449024592,-0.3315504757619478,0.0,0.004430208867288831,-0.002261409224270633,-0.10861766423655307,0.0891591969578422,-0.14750531741646047,0.035303078699375254,0.028210546868719703,0.03720346955767308,-0.23882109560278358,-0.01769099901499885,-1.1945695574015995,-0.8374419474263713,-0.09172239224463073
18313,-0.3033545557915337,-0.030470428438935826,-0.05367676536569238,-0.24994489576814702,-0.007299516813276003,0.07033426065465552,-0.3163179696602598,0.0,-0.01099429785241159,-0.03665852564525848,-0.0942080249841958,0.045826360461889516,-0.1686831856430174,-0.009857017408060734,-0.18202583710181502,0.03821582230435262,-0.16100435871509583,-0.07393098902510419,-1.1563351655958705,-0.7263405870152786,-0.12911727781613655
18313,-0.2631262738622395,0.1018461663430191,-0.07317094744030689,0.10601594934578787,-0.009773311540020754,0.06254033653092189,-0.3684645417106282,0.0,-0.16896195296648325,-0.10081001899577369,-0.10053270196495338,0.09521343111108006,-0.10729869399459167,-0.21999483197990663,-0.40698196593106845,0.038491620608925456,-0.15431790856522148,0.02843154250378771,-1.1846377408164381,-0.7942653185473858,-0.1022654392489393
18313,-0.33555985622903084,-0.0555317069302474,0.044905034227146284,0.10705033837777697,-0.03624840318430027,0.0738275682798708,-0.34656947787845505,0.0,-0.24769181258768982,-0.12064782150119074,0.0779328689405694,0.03252750154002247,-0.08555691991327612,0.09620664120813255,-0.5563512111525952,0.049613657212266224,0.03644021386137773,0.039205741941553185,-1.227977937726396,-0.8599330017181895,-0.12218261906295412
18313,-0.2277577729635523,0.018759025555693674,-0.13884357302573425,0.11033492376496429,-0.0008238105036181389,0.0747057517628683,-0.35835097056700366,0.0,-0.3301421883926594,-0.09546604195445292,-0.06908872765926408,0.07171099553834791,-0.1470452921426143,-0.1554906926600595,-0.22211830550501382,0.044832431150711775,-0.23018344975540148,0.002555835022919761,-1.1398981687947247,-0.7402154289607518,-0.09354024249852914
18313,-0.275296893640394,-0.3056625333921403,0.09379509330977667,0.1061634725634623,0.010288021876175748,0.07416700246860071,-0.2919387931491915,0.0,-0.706111908478546,-0.13420564273586177,0.06009425308106633,0.051038085188776484,0.07738040973838498,0.08343725573812863,-0.28438377942815274,0.05219938839936274,0.07966268139152163,-0.02327080489370759,-1.2379745672896676,-0.7505681461541228,-0.09516498418202027
18313,-0.2239822369497012,-0.1575452432808471,-0.046146633095697796,-0.15068866347701204,-0.00560887533505256,0.043974906630781366,-0.24715334580449214,0.0,-1.466223236118348,-0.404431327005186,-0.08677345900557955,0.024408667714480296,0.018048650820660622,-0.0013214106908766494,-0.6238922691397267,0.04004250411410688,-0.15297586127629376,-0.2082870347166602,-1.0061243009634722,-0.7225578491438063,-0.07376758851529151
18315,-0.16733231829345324,-0.11993491622766532,-1.2997283710570968,-0.2671797877457788,-0.007677989883303243,-0.0022027516527297927,0.15774553045824996,0.0,0.06187093682180187,0.04751033083584987,-0.0892314347814231,-0.10896205419334552,-0.1782574084536478,-0.33483104935233793,0.003961602988789503,0.04207952891689407,-1.0158041715932153,-0.024225359807807587,-0.9119893802502805,0.0006592041617726864,-0.025187507581868468
18348,0.06341676562213895,0.05959214090752132,-0.9798797544858531,-0.03536084383055535,0.04623087203408329,0.05008805505212619,-0.27467996778349035,0.0,0.014908748755455753,-1.7694700615539947,-0.08523636314856733,-0.18028467591853675,-0.11271073954078391,-0.31721402218848,0.019292761075564446,0.03668758230700412,-0.8041221163800609,0.02374177080090836,-0.9041433910156633,-0.637711329069391,-0.10685755994891004
18348,0.10779962115201934,0.05958748315540864,0.002205959230458358,-0.018594854712013678,0.01619690553360824,0.036059066515258614,-0.2605797280276416,0.0,-0.030279215856660737,-2.192860987416748,-0.21845535498047672,-0.0027739005368072798,0.08177530310659153,0.12141838299802135,-0.017024848859420714,0.04205817098968582,0.04782020471837337,0.02364055022073831,-1.0822335030734949,-0.8742874975996137,-0.2596007815764597
18348,0.1004323463990121,0.0628904566181155,0.08037424479095802,-0.041282829934915576,0.019112504804236867,0.03815563569884639,-0.28863120087111055,0.0,-0.01227240221374878,-2.239570029770215,-0.16022408987976,0.015358365713996963,0.016320929595019427,0.05911686443604543,0.004972959911577382,0.04280834965061426,0.005026872923498798,0.013492506909714638,-1.1120820857025673,-0.8944805744709027,-0.2160227377719927
18348,0.17271471198520677,0.061892416828276675,0.09199385249129773,-0.10753068621691035,-0.008897953866421672,0.06356619569319158,-0.2668612116703397,0.0,-1.128056450386438,-2.334521046002396,0.05677904116267213,0.005992744008838456,0.09695166421245306,0.08961660006166461,-0.4472461627716331,0.04974569039491309,-0.009594195058212017,-0.03603087229681171,0.16019484294229996,0.1719616162372396,-0.24257649010953977
18348,0.098819789265595,0.08284515887300171,0.05977063089731142,-0.19362781455863962,-0.009776957244923902,0.056339628132630805,-0.2097539312117748,0.0,0.03395734241156006,-2.2479995709852214,0.017953228115345107,0.04199663369677443,0.07301645562575428,0.11850316772723044,0.05431725308831586,0.04146509021398436,-0.06584898385736479,0.054375983511770816,-1.0841819739020273,-0.7972171206877701,-0.21477770963026202
18365,-0.2045061951818704,0.018373787541152573,-0.5834309139208645,0.1148657453494685,-0.745685824961621,0.059244747792812316,0.1373521768015571,0.0,-0.024521865264237493,-0.761392343088589,-0.024656118517461627,-0.09635851440941837,-0.14808115488631038,-0.29331917881570124,0.04002077030501687,0.04126769126935162,-1.0418905701268888,-0.081389683916622,0.17167725967711506,0.19873617047558417,-0.19069101201863026
18430,0.03409324512592404,0.03300290830932303,-0.6002217716686445,0.09283909193926285,-0.12442238464828873,0.011101987281547708,0.1179775125277329,0.0,0.0008210890857364009,-0.6496811587043023,-0.0329042347053203,-0.13239470153492444,-0.09123498397507689,-0.34776444150685043,0.02207358683755441,0.04173282386163543,-0.8447415126342195,0.0032924700803604184,-1.0883942155636739,-0.7082039865487444,-0.3683550217018432
18430,0.005088696904565055,-0.281796477577293,0.06817555392929624,0.08543852413445516,-0.10311376693717302,-0.02709564086678321,0.12810727575564657,0.0,-0.0111057693207226,-1.0969904473671246,-0.0426981283038194,-0.16284430418533255,-0.23125665540490126,-0.40894352788487315,0.0024069169388461513,0.040570461855881104,-0.0020428083392396695,-0.000409417835390524,-1.1534713317139376,-0.7571538013418879,-0.3523235729605392
18430,0.04510588149880773,0.04889285054049199,-0.5421555306079423,0.09487209276726351,-0.12634206995476704,0.02045807384728863,0.13197899295697507,0.0,0.055492673485520776,-0.3784346277372542,-0.042678071233679754,-0.16447094503089926,-0.1032906661784181,-0.33926487851817416,0.021323088262159496,0.04182083584476715,-0.7242939287436071,-0.01107388307522252,-1.1267425041127084,-0.7114999343559189,-0.3904205390308705
18461,-0.3118565976581921,0.09629654556448553,-1.0184581157535917,-0.1310721283197779,0.03188020314666224,-0.029468929142449647,-0.07731372245932056,0.0,0.014595413206337471,-0.21496121717027067,-0.016138983478409516,-0.11778117673473788,-0.1510880415057109,-0.29870395418502255,0.03961099858129308,0.04689051016575006,-0.9025243587631006,-0.6520717336174616,0.1592267972138177,0.17903425955003796,-0.13341121503971257
18461,-0.25800851901778576,-0.2782223843181211,-0.5154058690495554,0.1434435686318889,0.02449240055842537,-0.05510957937870524,-0.2068834462885961,0.0,-0.6253401812424672,-0.8497505084168114,0.004533977963598944,-0.09754559438816718,-0.19659134463426076,-0.07040443033356815,-0.22160416477608896,0.04437315045134894,-0.7787140170576948,0.019583645921081787,0.1863458309512018,0.1773498038179237,-0.1471939144978457
18461,-0.23284857583797233,0.09770545324584698,-0.3370599046742199,-0.038914351689132404,-0.0009002391923316955,-0.06600238293833607,-0.26031478845025374,0.0,-0.6081796511717714,-0.9124798384762971,-0.012370096685024923,0.0511819924550214,-0.21929649536967283,-0.16864747450622358,-0.5681613462169213,0.045977878257624644,-0.4350573353352746,0.025385314269833047,0.16794968637629581,0.16817146995808138,-0.19833715528497528
18470,0.08892589224524877,-0.005520908283006902,-1.491030340818064,-0.3069165274562145,-0.028786333606673178,-0.045368662242958956,0.16215905613991216,0.0,0.00968948729261601,-0.3497839579773773,-0.03561109128468528,-0.10747442080836209,-0.1968165921603084,-0.3315737024980819,0.022890042727627125,0.04510938780390694,-1.1698155325072577,-0.09526870642446321,0.1804102775024579,0.16433541579983113,-0.05590338797380627
18532,-0.3376537351142723,0.048257111223440896,-0.808212821543498,-0.04677591653854893,-0.2989528956044108,0.056989266156387094,0.16277656779185207,0.0,-1.0506097502452576,-0.015282303367397774,-0.004212292655821742,-0.11676691055523705,-0.13646367771865617,-0.34348502300939876,0.034293462749084326,0.04705581467280622,-1.067167437187861,-0.2008356478105593,0.14348634299931773,0.20083763404127922,0.10408968641390937
18781,0.13904216162624816,0.027474851503421625,0.07260595297999266,-0.2214679612211213,0.07216578130663279,-0.27530590956384254,-0.37237473812260374,0.0,-0.9444466923818877,-0.534815539200646,-0.03105187003816565,0.010756999616931256,-0.18127441197894364,0.05450882707358349,-0.99032508795411,0.04914992872300416,-0.05362759434656983,-0.013870068948621975,0.15362339909543826,0.16697375167276796,-0.4745547237020506
18883,0.1553688305945515,0.02581222484639387,0.10173982036738906,-0.4696389739564441,-0.020383204049747552,0.04798288812019114,0.11183766221242492,0.0,-1.8933139166120565,-0.5292787312194136,0.058348039322857564,0.04115658820794864,0.11017267600136553,0.09060053449603771,-1.243079808661213,0.049874039393924645,0.06949581403646506,-0.5452521572934413,0.1554984804021477,0.15220406550442583,0.11169222037679596
18935,0.11865694194522307,-0.36299521339320834,0.037626024026529294,-0.49890958386342016,0.029675562069827188,-0.14868795123596698,-0.12341217067696005,0.0,-1.3392399894655036,-0.401832234960745,-0.0987953573333257,0.05039474594293491,0.08347319746805745,0.06807422349131333,-0.9975392231590816,0.045789572525353976,-0.013908336883240746,-0.425484696081918,0.17653085217920814,0.1678995887418278,0.17089066675822087
18945,-0.3130227336026597,0.09267585865583779,0.07454505640631631,-0.06550624291951666,-0.0036999520207338767,-0.4288491813281074,-0.06817154497940797,0.0,-1.5305202999550114,-0.473449452598475,0.03777699943634861,-0.09345408542171406,0.0808648794132946,0.052037758069312205,-0.8989521010466264,0.045730860552740275,0.10587410928119688,-0.2297577931255888,0.15042990222625646,0.17763032344218843,-0.4009738445602399
19011,0.07045919659888461,-0.06806186913097298,-0.9318915051741437,0.08710694756520236,0.04185390313923096,0.019481073851169803,0.14194037296181375,0.0,-0.006816657455963066,-0.003862366426242617,-0.05994867847925683,-0.18595162700968287,-0.09398631964893404,-0.3519709221562394,0.02606962709646311,0.04717748315147865,-1.0263206150519204,-0.062475664488022636,-1.1142332630616438,-0.6942488196077271,0.10129909291660187
19011,0.03233444294221735,-0.7841658032175114,-0.5060106238047625,-0.00010127509707569667,0.06998755035304738,0.0005607409309754465,0.11511979528602793,0.0,-0.19089870134322606,-0.06394322270701273,-0.027420202962601177,-0.17878177799567374,-0.0439073352416694,-0.2925227136966414,0.024568038978345606,-1.2265275625609018,-0.7748325173396527,-0.08272879540625536,-0.9851803975737927,-0.5220146697146764,0.08878678717361486
19034,-0.33871659254161546,0.0952954148092009,-0.4317736973911425,0.023116836105884303,0.10970393297173914,0.07538534983897933,-0.2822218704233353,0.0,-1.1593946906049524,-1.0824798198528043,0.0290971323253051,-0.10514111253113444,-0.13727322586438323,-0.3087637584077276,0.02829173564423602,0.04164075653767541,-0.7864426742296717,0.06748909965558726,0.17676181360722087,0.17598841507927804,0.09968003209519626
19034,-0.2328952358249011,-1.1554925235716862,0.07202070895555487,0.09652493233595001,0.12789469489128635,0.007598910728849921,-0.22615512188011394,0.0,0.02680833475977602,-0.38292248185557437,0.015830469222112318,-0.1651776661669677,-0.16925584265281127,-0.38234693926801877,-0.18574658553042997,-1.3816584640388372,0.031137339700969456,0.06854611030600254,0.17897782057545808,0.18326774183012473,0.13288838844748127
19034,-0.2643365622768359,-0.39994661064927867,0.059712489057927864,0.11572129972854557,0.11208206204331199,0.03230910852019858,-0.19564428517114743,0.0,-0.5990183319305656,-0.7808250969957292,0.03789439673886233,-0.14030207926656327,-0.19938501902160374,-0.3695823191220364,-0.308368938975965,-1.3202463673543388,-0.0330046367775958,0.024188433042745074,0.19751911762941032,0.17984100690024124,0.13463634076319614
19034,-0.1918921709171301,-1.202700949113291,0.05324647862042255,0.09989192941460459,0.12923654744262084,0.0074405778135529675,-0.14739042295760446,0.0,-0.07711690736841403,-0.4613385596676367,-0.02054226004406487,-0.1918694894924907,-0.014349049313047948,-0.3348859437077813,-0.08637794559639533,-1.4383230187965235,-0.08626351008873152,0.032032131747481644,0.17398544760688017,0.17604291141023953,0.14097599687712115
19035,-0.21923983494389723,-0.4764004778804592,-0.20991744316100203,0.0722009872435012,-0.3830400986475927,-0.019471053093434512,0.1254459466366012,0.0,-0.0013026327341467382,0.043824726224999354,-0.058841343796339436,-0.24055888766827072,-0.0627503534903725,0.06372929159916378,-0.3746411949904495,-1.3990580853996735,-0.10232342637292338,-0.017603511421138543,-0.4005915267136903,-0.34602113833415715,-0.017185149162496242
19035,-0.22869104655978187,-0.15364879935570375,-0.847436928308715,-0.03194016699085675,-0.47332835244258725,-0.009199068409903557,0.14537457796575406,0.0,-0.06124880034608605,0.0533438851341204,-0.08445031547114214,-0.11423524382675422,-0.1294054477569269,-0.40381795532083553,0.016874302757382036,0.049226730486344385,-0.4732132187830929,0.06627467378911543,-0.3093417094802832,-0.4485764014707053,-0.05554070600165663
19113,-0.28616942874472207,-0.3881626619986817,0.0257964274603378,-0.021364300022365997,0.10992304240306279,0.026091205595744953,0.12131344056570852,0.0,-0.7792397432711197,0.04465748564416448,0.008851556512089551,0.021821701526078763,0.05701752058223027,0.029727624505896416,-0.11812959681551287,-1.7592492261555441,0.001262822960168375,-0.15784867232928676,0.1726490127381845,-0.38615672650315697,-0.46393502115649693
19405,-0.16646759537084493,-0.8679521550349132,-0.6039790166289248,0.045000750127545695,0.017172277839091248,0.03395987477592956,0.11168828887836685,0.0,-0.4190417835501274,0.036234108855530404,-0.0304593148050624,-0.10683999405898754,-0.0932341550101112,-0.2650151458208149,0.019068642324168723,-1.2232325651023876,-0.6594798040556995,0.07668898688356343,-0.8557121501182864,-0.00200612359828081,-0.10365787515401424
19454,0.13301527484011005,-0.1640954430512285,-0.21973969188676803,-0.017407373148516838,0.047354466927913196,0.07166300632984937,-0.1334248492418776,0.0,-1.9005054930547716,-0.08592993782255438,-0.02423972358501274,-0.2288475662082601,-0.2130898718527835,-0.1726485368372846,-1.13028064625172,0.039274833290868935,-0.30819800122736213,0.04046906865343109,0.15132659002194399,0.1748291578808122,-0.1703358763415312
19479,0.10377804667525262,-1.0468858824521965,0.0675659166564849,-0.11136790130489134,-0.1197647127016499,-0.029954731102990004,0.09896710961011955,0.0,0.023814010287488842,0.042372787163788915,-0.035140757805391346,-0.13318733967812588,-0.08734282190122737,-0.3602353706652323,0.01199131882203922,-1.5982491275596444,0.05055752579086862,-0.6607867278625251,0.1345382154240107,-0.31592522272681994,0.13245959626352286
19665,0.08994804217835047,-1.0168770878635296,-0.39014222526432196,0.07614118833969474,-0.10871249937236893,-0.02747079171874992,-0.22982395875822462,0.0,0.08959365035689001,0.03776600142113048,-0.09225099286774885,-0.14366237094368797,-0.06643836176306145,0.14724119816425446,0.047041144755457724,-1.466953218658045,-0.05630805804020469,-0.11082394016591009,-0.2680257776097757,-0.35368096248350417,-0.22928813642264567
19665,0.08623329326320664,-0.9626679121319403,-0.5656159061242959,0.07589263428381911,-0.10005105971817738,-0.02537644262660732,-0.2336799729541238,0.0,0.08364652381875592,0.018143640473110522,-0.10495889811896017,-0.09773411175329555,-0.057056322063326725,0.11360657823480888,0.0640043598355851,-1.476140904560811,-0.23562298873652457,0.08637874459980655,-0.2497765834946566,-0.3866149395045804,-0.23620446329076483
19764,-0.38640656059035944,0.09037501484483104,-0.17886601180182,-0.258026005493639,0.012488555141523625,0.04520227148792733,-0.2809075506579971,0.0,-1.5043429019715473,-0.41360243613121095,-0.0032121092887016783,-0.26860874708737315,-0.17385948448263208,0.06428827943146562,-0.20094932764799586,0.043272763071101346,-0.5382031956718696,-0.4290901456869117,0.16981227327911336,0.16496346637791007,0.1300875107004932
19764,-0.37579244744852436,0.046340763704049236,0.054782439676524276,-0.31614772253945855,0.006985054786362612,0.04767287524072807,-0.3009048267503722,0.0,-1.638355142918798,-0.40970207581243134,-0.033454413475720056,-0.26989183286651725,0.11221565163616885,0.0592421615082438,-0.5899818934125216,0.04653488186725789,0.051532592904815905,-0.5894315672465694,0.17446102195040308,0.17704138138592598,0.1396615234577484
19781,0.08037596915400483,-0.8300146064159549,0.04771313120766032,-0.04238070115989673,0.06609747495040663,-0.01259035306567922,0.0756109408203101,0.0,-0.502048780185859,-0.8835993307211941,0.03839939331198388,-0.018883991811572194,-0.04085636967489255,-0.3018426104095509,-0.44406283684453735,-1.5954991621923846,-0.020273936583596587,0.03774272333350318,0.16469260065929658,-0.22027346751720878,-0.3804270961542245
19860,0.09034145276095958,0.09121051821842767,-1.145270687683237,-0.3195471072280038,-0.08002599580682929,0.05912877270697781,0.12764070014088166,0.0,-0.643333017201292,-0.4065968741976967,-0.048181020201244,-0.10895123755927323,-0.09236708134712009,-0.31425537149415483,0.027131656390821227,0.044100713947389486,-0.990805209644697,-0.3876031804693058,0.14080661640597317,-0.1518489221839846,-0.20229073718987067
19918,0.1281276018079117,0.11475488657004775,-1.159623286339252,-0.07753974024526074,-0.04252337276550586,-0.5162738111375723,0.13558582656995602,0.0,-0.018785242719248283,0.007407443061007682,-0.048585409129589335,-0.1952846366744491,-0.15489632158556288,-0.3687391681848617,0.020149497236514914,0.05024681038970171,-0.4798318311940756,-0.13110636985411322,-0.295734092238544,-0.3156873662341861,-0.17260420801759
19925,-0.22712554060863677,0.059793070456537534,-0.8621681068292966,-0.03939701588731535,-0.04574671520912068,0.0238058651829052,0.1573648239720425,0.0,0.02970272336454261,-0.6572803227731049,-0.029500116565038845,-0.10259985928189125,-0.15197460876202515,-0.4015041549450284,0.04303091691901595,0.045015997154115625,-1.10003536618344,-0.4395733336694924,0.1647423443457822,0.19364070931491362,-0.15243953837135854
19962,0.1042430476769305,-1.093282693082837,0.08868479341812611,-0.41433423192679786,0.14032975780460014,-0.2990052286781096,0.12704462107244277,0.0,-0.10150663053767298,0.05406942931738392,-0.003779675506277988,0.0014681828819096713,-0.10748667517363392,0.10411352181794926,-0.012273157701507146,-1.5818042680660134,0.081015699611474,-0.05010272262731752,-0.2699636412410495,-0.39891408404027523,0.13765345763657214
19962,0.15176593485363157,0.08470972618261259,-0.10740950173357984,-0.5202518798552753,0.10876085718525995,-0.35230427664273567,0.14598854914110587,0.0,-1.5853545408415943,0.015649468056214474,-0.0029089142417382937,0.011366752792751827,-0.16951098972272186,-0.11736115231640916,-0.9707293150656949,0.04758913690615223,-0.18090588848149183,-0.03972756976267337,-0.26203142079827185,-0.28612936641195313,0.12160271194315245
20065,-0.31772574590861685,-0.06644133909583093,0.06603392693471172,0.09244714358979715,-1.5162609245572078,-0.06989128496096707,0.11322911394820052,0.0,-1.6525581608452748,-0.00298121039324859,-0.01962793190646783,-0.17420011708083447,0.03778955697660509,-0.06496487764169043,-0.7117369784091188,0.04496092102946445,0.055523569293799535,0.018131933546014504,0.16248464635146206,0.16148960432047987,-0.408582465802844
20067,0.1259016759592205,0.1034658109426135,-0.9443230732365119,-0.08370197327788656,0.07981717821903944,0.004099263817717812,-0.3360466531849166,0.0,-1.3308481468172528,-0.4624317916197227,-0.013966498770919678,-0.14729746240243666,-0.17757186756455956,-0.34315840780946555,0.024685713710653003,0.04375734699887403,-1.0217578276655601,-0.3637839717145812,0.15878746640990196,0.155811409021756,0.10786350062543114
20078,-0.35045083538993765,-0.20100678626496302,-0.361185033351793,0.07090805653151018,0.08671715051138106,-0.18648587253466906,0.13028903286586033,0.0,-1.5265038324044826,-0.25774919800457735,-0.0023047911460738497,-0.09593524954698365,-0.10349561353951021,-0.28843135525637503,0.03776518533022521,0.03919103084533692,-0.9303113197506997,-0.061502582380884546,0.15865666907420942,-0.31188656300752504,0.14437638055821989
20188,0.09211147264713454,0.031977442066330186,-1.4015064573397207,-0.3829431383111797,-0.054743833163755674,-0.05440364196832144,-0.009330661068176876,0.0,0.03532626559685252,0.05031935287152059,-0.07855050007685292,-0.2227002559188641,-0.13544255371435784,-0.3310257507127186,-0.002634208648231406,0.042799106114610935,-0.7770004020437855,0.08391906877640122,-0.2695326979185812,0.025244376596087897,-0.40210350947026446
20212,-0.14290397564725552,0.06350416813988063,-0.9391054074436423,0.062080305006755036,-0.6180212517766439,0.046131073723727094,0.11761244157810109,0.0,-0.07885646784645142,-0.8341867771665824,-0.05172232589613726,-0.12263165469467269,-0.09440579013335594,-0.2629402292750047,0.026998083071906827,0.0382410087505776,-0.9053008412739627,0.004941025493433978,-0.8384162297981395,-0.5963587277218786,0.09584602526874882
20212,-0.1932584429100853,0.058320559052292435,-0.07054319114583613,0.015872862783920343,-0.9540998618640494,0.03636421791924518,0.14378852983999973,0.0,-0.06495129615912577,-0.9883405839816312,-0.058153804025670164,0.04137487595223566,-0.08259486947396494,0.06553097081319136,-0.14714446767840028,0.04148303075821274,-0.2272829798120954,0.00833115683260456,-1.0030353638502452,-0.7219757357002462,0.11524798566134746
20249,0.14380571088634825,0.08670913750716525,-1.1375183503633521,0.05779924576040398,-0.06606452966892865,0.0753166322855067,-0.2560566501471928,0.0,-0.0011228743595955036,0.02558885053061497,-0.10157465675773497,-0.13995121244073996,-0.162152721622384,-0.4182973709603487,0.02279172433294478,0.04867447453119178,-0.9082017867694091,0.08196504327502017,-0.333957788345869,-0.2767536502953552,-0.11927179042968317
20429,-0.23291492449945309,0.10509521554450721,-1.0739020696415658,-0.002729159071727213,-0.0868579229744298,0.0515201942979625,-0.2888365852307421,0.0,0.07641817978303851,0.05812535540633692,-0.11933155255841534,-0.17629026337218065,-0.10651742573979489,-0.42559140695192815,0.013669888824373316,0.04136484208857066,-1.01722297917341,0.04066999977125067,-0.9432874070288934,-0.6840201055275247,0.08013729192155555
20429,-0.27096543314247407,0.035603445274967956,-0.6009897767100607,0.025316098729335122,-0.10987663938229487,0.05270913777716043,-0.4218383891383328,0.0,0.06491648526331012,0.04809790320289158,-0.07943802059629197,-0.18996067941985625,-0.09105190516355237,-0.4472069844344593,0.024709716895560195,0.044269560460896605,-0.732536921187121,0.04442290652403796,-1.0654314538125351,-0.7166320945426857,0.10377406841800219
20429,-0.2467926630718557,0.02383349986526747,-0.5185370770528495,0.0882633646357993,-0.1120370409444847,0.04337265569745135,-0.343047190405807,0.0,0.006235024924629268,0.03899929241719713,-0.0633240846136143,-0.1975517110948933,-0.07116858539236359,-0.4193781673602273,0.026382798044259637,0.040884050533870654,-0.6851111107707235,0.04931807788530126,-1.1623916007793325,-0.7150307501997912,0.09734675889783168
20429,-0.2655769150251111,0.061749622249803335,-0.4546424824895743,0.1040795842689486,-0.0661649618811054,0.05701686695820971,-0.2826433566485458,0.0,-0.21774906356217047,-0.04727330586781933,-0.019784061276585125,-0.040585577325895024,-0.14261055319044716,0.045329106333306154,-0.061824444872742246,0.043497802538553176,-0.8437457034729458,-0.06631647769326676,-1.1304035699430401,-0.6580469540771959,0.1400863099894404
20444,0.07365444638561727,-1.0182652003418424,-0.6811553607381365,0.027654500360070635,0.12009398452283943,-0.03592266671467024,0.014556352188647452,0.0,0.07571967766648684,0.04332785744152778,-0.05028067296893437,-0.157030258501385,-0.04372589442868276,-0.42188050516451625,0.007118382919409504,-1.5409835981056654,-0.27993758199733426,0.06626291892542137,-0.25874081796839404,-0.3464368610412276,0.08478997532494183
20444,0.07655998242051643,-1.0667807731231915,-0.5360132519140266,-0.14198152370850153,0.12033259631685025,-0.035138708123445876,0.026584153648216508,0.0,0.07832779333999083,0.05228456494235276,-0.07295369142389448,0.009272752153465895,-0.04407572278162137,0.06508282853884674,0.044183214836175655,-1.5045099087335227,-0.23428988570268472,0.08504053619527087,-0.2604047564559699,-0.3908374134763206,0.14312640858434084
20476,-0.18683395948950782,-0.8293284858621465,0.06201288772822436,-0.07047481277697229,-0.13666313389476412,-0.07492343357413064,0.11051723060278468,0.0,-0.08174959233305758,-0.7340360629533177,-0.0028892729846457777,-0.16459017853196975,0.02005643479933799,-0.3049605739862307,-0.18275463830919494,-1.5592624010365423,0.07925724377718554,-0.006969765152490909,-0.38729252977855344,-0.36867124742357665,-0.029413782884437162
20486,-0.28593463426094434,-0.30816672319716637,-1.344541426692692,0.07656833203728934,-0.046467926499390924,-0.047934126219078124,-0.3369699658513353,0.0,0.01907995534865176,0.045616852739625326,-0.09020377804694778,-0.17036946948638376,-0.14887607893031166,-0.44268975391971205,0.037482796632232626,0.04906721417931003,-1.0861778798464043,0.09283858895249936,0.16237139522174518,0.17283787043010745,-0.13838088318288058
20498,0.08530277759156259,-1.1728797155656225,-0.5565237124523799,0.09106193013560247,-0.21115787226219992,0.02682234334851727,-0.230507429346815,0.0,-0.20578886525957724,0.01862171509330966,-0.02479251850956482,-0.06739311210233002,-0.04614918281786017,0.10872667512287008,-0.24385292228357766,-1.4974497612811943,-0.36569673594553803,0.04284940607775674,0.17084960495031623,0.18092520559352784,0.11521022232667952
20524,0.10738332579684765,-0.3714782498110372,-1.1148627537639877,0.09582428377111678,-0.05630812597738725,-0.48377336978294466,0.13849170495424096,0.0,0.09043315852638271,0.05614956807240729,-0.15698554073313606,-0.14087568848688714,-0.2024988340978444,-0.4048645462989849,0.006453303430007286,0.04626268390229508,-0.8475987508831024,0.0408247580655387,-0.3081517641125231,-0.33158181034422063,-0.01747437005682865
20533,0.11876327904115098,0.085378250557456,-0.9935735285655687,-0.17150900227691251,-0.05244689038848678,-0.259833543400705,0.08016323439352945,0.0,0.04592447305256918,-0.08501463452428824,-0.010904109375693244,-0.16420052430962168,-0.126066179862771,-0.343985845859172,0.043087274213837734,0.04991843829817973,-0.9976585595830685,-0.8370575691060861,0.15180191352189007,0.18722449711218206,-0.12163316068330188
20536,0.08530401384069847,0.014669513549691895,-0.835694808386545,-0.0965805815114931,-0.199727561386929,-0.12013590868740796,0.10195561144606394,0.0,0.03146197749720938,-0.18096305092605972,-0.04682558797647775,-0.1514959224472127,-0.03989771991410397,-0.2862947211379768,0.02658745904734236,0.04948979452988466,-0.7394183034321076,-0.5405512229085032,-0.9488971241015828,-0.6379996850423284,0.09614660249608999
20536,0.061228978882043594,-0.021646875341918295,-0.7877309872367064,0.0949599297422692,-0.2364738820491867,-0.11089730821838024,0.15135073513460118,0.0,0.07419637925277046,-0.10971454616094137,-0.0901571907220892,-0.17564511255459794,-0.03797996429484654,-0.3470561805218043,0.027222285066454417,0.04905712287509949,-0.789593040427342,0.0773417798828172,-1.042140279675454,-0.6883410021552971,0.09181572434895062
20536,0.06037234568833366,0.05203301888440079,-0.03758425269438981,0.03574874177856788,-0.35912772198335924,-0.11137390409985803,0.12427692471419177,0.0,-0.47447076148884754,-1.1291232513812242,-0.03736756687207068,-0.15827777266767237,0.07282179112964353,-0.4400484809337464,-0.12628122239988113,0.05100918772990885,0.04523184159380496,-0.03673992869865258,-1.1339912951557058,-0.7186880093864574,0.14199423934649566
20609,-0.18260614266247815,0.07422524900939823,-0.8563578335649138,0.08324243303774098,-0.08087773153169495,0.02333042033920872,0.1441554359497815,0.0,0.006170488934771611,-0.14761296522007258,-0.03887893359159648,-0.1616456580773913,-0.09106256747685526,-0.3743280322309183,0.03132165215339714,0.045129914889781624,-1.0529249019391327,-0.0739597309896677,-1.0195961354182184,-0.6688236004797725,0.09957310015340654
20625,-0.24487923780798107,0.10140438979206551,-1.2803638828048594,-0.14466391125053063,-0.07728244487410832,-0.35536930311029524,0.10787198396834255,0.0,-0.005431994220346981,0.00804541466651357,-0.08795183033131326,-0.16432455557644435,-0.09478852127248519,-0.32548554637147203,0.021084124568885674,0.04303206170867671,-0.918577492766769,-0.5111074666255548,-0.8422974524992686,-0.5629834086737818,0.08771166120346313
20649,0.09399302453867343,0.04380512139736683,-1.1399193065851934,-0.4065500593958875,-0.29231334310753004,0.028583555404708347,-0.32554222847932923,0.0,0.06156928725517046,0.021450276080089103,-0.1032823300288933,-0.1782515524046536,-0.1675656379845865,-0.4043270100122559,0.020310888222372335,0.04447452749836231,-0.802863555337966,0.04673987221761375,-0.2923048772427265,0.018488741571107678,-0.021830055972086034
20736,0.11828316141251849,0.09400277489318015,-0.8961782393061919,0.0768733511664621,-0.0626165952234267,-0.38270709698532274,0.12556902705250236,0.0,0.024091881213977293,0.033713611299841816,-0.10235821069917204,-0.17061360621020463,-0.1634297025815197,-0.37708647611098867,0.003691176165707921,0.049153181800200924,-0.874383140355087,0.08554726866742955,-0.3557126164906355,-0.35351631070559075,-0.3984492756964936
20749,-0.2225432888732175,0.08472868305141357,-0.8144485442741013,-0.29093203564600606,-0.7167157245553761,0.04262798028723913,0.15316684134639488,0.0,-0.02088512801081409,-0.3986839220956601,-0.050307224411971635,-0.1039085601868936,-0.0860978224821486,-0.2797066555107148,0.04528104668298543,0.04308600465710545,-0.9756241499387182,-0.47668219028138525,0.13437263392486062,0.17386635359672703,-0.1747075599097992
20774,0.025242026764859714,0.034393507543747315,-0.6789499537783761,0.11345781974326387,-0.49659422481083926,-0.02912831140332938,0.11614822818995404,0.0,0.06755218111673521,-0.9632488694638748,-0.06586932388097365,-0.16986844020159161,-0.06631141207481703,-0.30964805816742,0.02185450403487732,0.046017323230842073,-0.77872511564993,0.05853314000032406,-0.9533776961420631,-0.6572289001053153,0.111485139826534
20774,0.046169094845458926,-0.005305167411207118,-0.19968254085939308,0.09758063855508804,-0.6018887687531369,-0.00867638223456333,0.09829128209322774,0.0,-0.1480671560378529,-1.6624085439021654,-0.039286466327092776,-0.20787309981207971,-0.09610629146432204,0.052546775252965465,-0.12694972113503802,0.044460948328284254,-0.37221252615989775,-0.006914860603258679,-1.0645134821441318,-0.6707777599832941,0.165004328626051
20774,0.052133632455692,-0.11358045003417803,-0.5695390558099205,-0.04666362771449979,-0.46736122061873764,-0.005779369832150414,0.12569795995896083,0.0,0.07947961865783443,-0.8617761969148687,-0.08747978605412218,-0.16872722694361236,-0.061680691649035106,-0.34086164504286975,0.02980515372407295,0.04449790577945723,-0.46359614288406287,0.06468405654443649,-0.9597298252934848,-0.7370339856849829,0.138450511506776
20774,0.06729653298308977,0.05129320284242646,-0.20999059463265035,-0.045190701105479174,-0.6134474120450818,-0.01886430755807033,0.09387993996225896,0.0,-0.05643486226523366,-1.7294435972232671,-0.05169841756663443,-0.22651013979205198,-0.11813797742494289,0.06671261140156813,-0.11992913856701395,0.04431644899843533,-0.2914878497443984,-0.05647763033587005,-1.0358946910418114,-0.719524283184201,0.15883149313225298
20831,0.08085714559344191,-1.132564575683181,-0.09972708264735243,-0.30350905278830603,-0.01728539385095025,-0.1656633388819013,0.12887303009852288,0.0,0.022442215164067105,0.04143008808894507,-0.06851925479001664,-0.03590715114615489,-0.048045277755557406,-0.11320349488613768,0.015606606683814493,-1.4646039332667573,-0.06321715636147178,0.05219470356732639,-0.2415455338584929,-0.4185032775956632,0.1474992801743461
20898,-0.15954315210968292,-0.226442898518864,-1.1012515924399668,-0.011760979970217354,-0.01903933217610201,0.021173219767534012,0.14506680181243692,0.0,-0.004948775495681144,0.05540576181876659,-0.08725612805899143,-0.13046084707383537,-0.08070959656879488,-0.35715952757804653,0.028522272394897522,0.041372040179791826,-0.9121054149360187,0.041113989514245074,-0.8701543949531494,-0.6166392486906694,-0.298042721278868
20965,0.10803729115395219,0.07671624431547959,-1.4631573791716406,-0.0046581724579040865,-0.346511406748303,0.08667660431095865,-0.3556518317717713,0.0,0.04433715266673942,0.05328181119872721,-0.08466402420693594,-0.16402805891978564,-0.14470160961951317,-0.5053501584130133,0.03282496657593801,0.04696220680617729,-1.127081861888008,-0.023100089198517443,0.1550971993238253,0.1484678402362243,0.09222846340875644
21000,-0.3025384114297666,-0.1045221462578198,-1.3907501913755478,0.09455228727864641,-0.08216605798217405,-0.020739515326117692,0.1621620657939942,0.0,0.03847340065257194,0.05555975506421571,-0.15425374533375016,-0.1825355085170646,-0.17588677051032298,-0.4018843649921535,0.029471685326904685,0.04530080255022633,-0.7739829078675564,0.03946663564388157,-0.31024893904005274,0.015582111714557829,-0.009730739494312315
21111,-0.21890445693183644,0.05141957899900783,-0.6522379695844185,0.07579708507722147,-0.05787896949220109,-0.1425348774342618,0.1366179875850931,0.0,0.032751326721399285,-0.0893239551216978,-0.06789766026026878,-0.10994245478920908,-0.0812012224611643,-0.3321331115930849,0.031712385674434865,0.04469468872103383,-0.7594666566508557,0.07497727028596685,-0.974753847315407,-0.7077554111736576,-0.13874570939592884
21111,-0.21668461010859918,0.05628764065296225,-0.5438384505616971,0.10319586375998761,-0.07762442684568394,-0.13820204962170893,0.1483039788581389,0.0,0.03876861003975461,-0.1043613753139073,-0.0648106463392271,0.021313794389136515,-0.10388930919299268,0.02617858509127634,0.029215747596576067,0.043098024274739265,-0.738838423058682,-0.0006547624885449097,-1.0940072523390523,-0.6996820397935442,-0.17165410999555566
21283,0.11660843927383124,-1.0158402625518443,0.0756893814126113,-0.06958899318722611,-0.34449476134718365,-0.41066609371038654,-0.21088311028183943,0.0,0.06585726577602541,0.030300062691875226,-0.07697925705272539,-0.2530592151750258,-0.09154650985281416,-0.40838989536373843,0.028557822541991542,-1.301492238445282,-0.0032072297003153537,-0.33340691351136303,-0.25267357588920136,0.017280444192094825,0.11584106608654683
21313,0.13238337909388032,-1.072591166762195,0.03729369700197455,-0.011341198488262663,-0.1505689046607951,-0.018554621225039557,-0.029754213619387224,0.0,-0.045867005004006006,-0.007408228837512257,-0.015909196712797714,-0.11990760678205585,-0.09758013076837538,-0.4250337945691883,0.005420191853596271,-1.5584043377832795,0.07173284269070913,0.05136700662302574,0.17083211540888296,-0.266453514157652,-0.16786667581380094
21315,0.13545555201905476,-0.11512194659838931,-1.2906600304670581,-0.2562791011374543,-0.4016513478674741,0.0843297947512872,-0.17313021239748846,0.0,-0.02188697128203421,-0.02265300038867905,-0.11175042632577721,-0.10887723705353823,-0.16206653079418318,-0.4125625748892066,0.01443617233191492,0.047472999413565704,-1.1135085568809004,-0.017284772068143293,0.14263052445272767,-0.23186510403816726,0.1035539135486922
21375,-0.15913869521916604,0.06720340059381351,-0.9458556578633814,-0.030791883475700776,-0.06692003756505702,0.02583588260581621,0.11383057544491959,0.0,-0.07194115864064768,-0.9829201823274152,-0.053431666563740134,-0.1148357596820796,-0.1296143011676313,-0.34408834572128716,0.02764089076919247,0.03874629637244082,-0.9574888046578598,-0.16299310440276982,-0.8557064235913957,-0.6433705674606572,-0.12896239373832782
21375,-0.1346965296209278,0.059571868483338127,-0.5586877955819458,-0.05340834869091285,-0.05555162940289841,0.02494420202848527,-0.05038586613046946,0.0,-0.004380703423362073,-0.763978962512482,-0.06751956239334622,0.052349874469814095,-0.15499146972436081,0.07856106755459748,0.030737253762017833,0.039283859874304425,-0.8637345151465592,-0.17921389059522955,-0.916750588244172,-0.7300476733091029,-0.1491906009284513
21375,-0.1648642806307977,0.015501372631470603,0.04546470889787343,-0.0753853833495754,-0.06503463840556316,0.014633582054719204,-0.10973626894996269,0.0,0.037011978262510854,-0.7027481322741111,-0.11226914422321177,0.016121174822383996,-0.2213817994205256,-0.13557526531449557,0.04907155640966739,0.04224675734010632,-0.08007781445248005,-0.2030331073756112,-1.0323959093368893,-0.7926047479931936,-0.16964082257570312
21375,-0.19767606895123074,0.04977929120683725,-0.6866142447330614,-0.2101272372783596,-0.08502321710270856,0.031694596697576294,-0.21082412836178685,0.0,0.07275791113992382,0.03665563413899756,-0.08769763448586357,-0.10477561506092781,-0.11846665563992526,-0.3158710910291216,0.0213070291674775,0.04424711267343414,-0.7693005062989529,0.030203961782952878,-0.9708921254675767,-0.6698516353498064,-0.1174446771154004
21379,-0.1684202333452177,-1.0450657014442564,0.05615060083658541,0.07559457250809307,-0.42997032364250565,-0.10650294420702115,0.14181264162750284,0.0,0.009957868492476445,-0.4881030416861812,-0.007529305668975026,-0.13713334423984705,-0.14772832116742235,-0.34036928700597224,0.026113925107037337,-1.3954531351682244,0.042070663181667176,0.071349351989837,0.1602084204835189,0.19394358683560814,-0.07215309226616227
21379,-0.28137821166340926,-0.9463769689286737,-0.008260569648598155,0.10076133207842572,-0.36067589618643553,-0.1496010960085107,0.14050371205864598,0.0,0.07021171017402571,0.023408510618722515,-0.07331593416635887,-0.07660476985312516,-0.08689703018132401,0.061501961002151585,0.06359935934454701,-1.3238336634780525,0.06933476732700504,-0.14019186619086108,-0.24602832230018526,-0.37119217374955416,0.006009563641407215
21437,-0.14774404819390347,0.027162844489720218,-0.7895213163689349,0.014775507390719374,-0.08205748451422756,-0.30921033681163634,0.14068187843237398,0.0,-0.018446044909512103,-0.47024438217159337,-0.04870127334126883,-0.08296072899477346,-0.07281037483593783,-0.3210381157174449,0.03301961600890301,0.04592811152460339,-0.9279706300714695,0.03605407127185609,-0.8775204142807697,-0.6663556344150436,-0.13097588914291522
21505,-0.17752089959145828,-0.026637959121953027,-0.7479649192909691,0.08783056774210876,-0.11221604297793551,-0.12981991958448744,-0.3230704368508013,0.0,-0.042661731819540645,-0.35102940375887154,-0.055220563406412695,-0.14174000041889445,-0.1215334704741188,-0.3410960963993256,0.022890401967890682,0.041261944052855104,-0.9113083213097379,-0.03960815014689164,-0.9793367560779188,-0.6132821594278307,-0.09374159070578314
21524,0.11074657161671979,-1.2159652967939414,-0.059403675537574606,0.07688675869428392,-0.41236991285665753,0.060858764591336885,-0.21790286361203204,0.0,0.050533311943393826,0.02660947525680726,0.06158721617026892,-0.031044517348057996,0.02763322095093623,0.13171055366946638,0.07210834422472547,-1.608166677626592,-0.016580837708833375,0.08598736228360834,-0.24339861762186343,-0.3873310240464618,0.07605946996293343
21626,0.05101058399082857,0.0748506420190443,-0.6632451755317945,0.11194360835070101,-0.1866781572371654,-0.03755155708602743,0.11036889816421681,0.0,-0.05078506617423766,-1.1919585821221146,-0.03525325390576274,-0.14270111257040224,-0.07017933806581199,-0.3296637529050065,0.029163328110286973,0.04395380950473907,-0.9606526333573725,-0.0456328075281933,-1.0026215058650854,-0.6420361897509584,0.0918712819447271
21626,0.06835403480258209,0.04882084697271179,-0.14231461358827924,0.12470274625374762,-0.3113816064940989,-0.04071135153303658,0.10396627634552165,0.0,-0.0057126179171127795,-1.234960361618353,-0.08433269670834312,0.09731627984111713,-0.08024535221865807,0.06017567810936016,0.03259936218740318,0.04865252398488421,-0.2878996609341931,-0.024818919840122244,-1.2211111572422484,-0.7169836748850641,0.17088267770109022
21626,0.07720548680556918,-0.002956606659043439,-0.44162307822851604,0.11286234069361784,-0.29003992879493024,-0.010074183878130923,0.10349066412857214,0.0,-0.0390301387139705,-1.3102066168486348,-0.06125521764057322,0.02359602943750958,-0.1160686623365514,0.05684985265961024,0.01847586910511851,0.04608667146566582,-0.6803278502169329,-0.06341021804439473,-1.1273064982535541,-0.6790184356708989,0.1472918450620876
21626,0.0784458231157951,0.07795896941260916,-0.04711308296487559,0.038730233130384505,-0.33153611870975247,-0.032350193342903386,0.11757899186350372,0.0,0.00027427184208852226,-1.3560143526864168,-0.037114809895192946,0.008798956070073381,-0.07676949442663276,0.08706891729376472,-0.21947290236455536,0.0480064334483872,-0.2229236854409867,-0.062230435941800624,-1.2091445580751583,-0.7355616192956455,0.15686047760619387
21626,0.07185882984858231,0.08369485181489467,0.0697266820505312,0.01398234298155786,-0.3396364626579869,-0.034732945491853434,0.12084144453016901,0.0,0.029023605522057894,-1.3166991694179875,-0.05280539919451849,-0.15667750492124347,-0.18502187359626973,0.07455251162224512,-0.13606463421940998,0.052023484263615645,0.08201699215075237,-0.06572467641673099,-1.1953311033546066,-0.7763986791688204,0.1635101154987233
21626,0.07689968462052559,-0.029943852067306098,0.07912599231625833,0.009183127365529451,-0.3297361180429993,-0.04553940547312246,0.11004604535065564,0.0,0.0014573404918136281,-1.2690644000192555,0.035799059498722884,-0.3092861223726309,0.12879538070521054,0.03592032059854228,-0.016222356161155378,0.05327206056921381,0.0978566966367947,-0.11012171016382373,-1.1969836874794384,-0.8362102579560454,0.15170900622467987
21626,0.06121034675670774,0.06882673022782598,-0.030319768210574475,-0.007906540068253172,-0.3281380594216287,-0.05600415279318112,-0.05435952222812841,0.0,0.02190001550225311,-1.0474397532702675,-0.03860573401212971,-0.24790718873225445,0.06273451916432261,-0.07399534801199438,-0.006063856014051159,0.048693038979527745,0.028464223518682035,-0.07404796094124898,-1.1627697136760853,-0.9087182540601996,0.14443435347733066
21626,0.044562601357629315,-0.6709570297657941,-0.21213699060723068,-0.05958151452200636,-0.3006828172940604,-0.0715206562227382,-0.05387062089227294,0.0,0.08094601537098749,-0.2203037858853352,-0.10981248166213618,-0.11210679686867586,-0.02185070843007433,0.02873058284722866,0.05686131506043802,-1.1968301583285814,-0.2935613433949678,-0.0004451877607802696,-1.0317977447737354,-0.6303839011695692,0.13042975448101218
21626,0.07398291793717321,0.08495424918013537,-0.5679904211693149,-0.14108606082152805,-0.3019037578285455,0.001311188342892887,-0.07980136209865538,0.0,0.08172893428585706,-0.4549475099811951,-0.07939327527454366,-0.017629129260971002,-0.08268149271936572,0.06334667545838062,0.025655624768741645,0.04374220768856242,-0.33492820258105555,-0.05820906102038829,-1.1464140223497508,-0.7648674194931531,0.1627505977972846
21626,0.08525004672245416,0.06912180512646236,0.06221862847655233,-0.16427838218158117,-0.3587949501494392,-0.03534300510205501,-0.04907007633277947,0.0,-0.06308438032100872,-1.2530590822780523,-0.07149983239285151,-0.1849903418937413,0.11108051815876199,-0.45014504001194966,-0.25870679884337766,0.046895876552195646,0.0857024315971142,-0.19286595530081754,-1.0893665637695817,-0.771659393706784,0.11664878251514796
21626,0.08621277508975951,0.053312809939403814,0.05612520693495435,-0.19079202983360952,-0.3813476885570925,-0.03260000672040394,-0.04903811808424491,0.0,-0.01383856636853579,-1.2943544995084164,-0.07861469566400174,-0.22932126930865665,0.08185258720084235,-0.43398436812959473,-0.1045307761868117,0.046526540270111875,-0.08985770355566676,-0.1747587864842995,-1.114426111173206,-0.7843007204100811,0.12448226510629698
21626,0.07749256625329339,0.06416300186952544,0.07267683016390443,-0.21101841380375486,-0.3218226347611148,-0.05385014942749043,-0.08953150707094906,0.0,0.027813741393188363,-0.9922185206427312,-0.0197158853695283,-0.25208460387627324,0.07182014107614243,-0.24136737555221355,0.01597248643915049,0.046176936462899526,0.0707165100211169,-0.08116316428100832,-1.104909181194192,-0.8797983192797978,0.1449937509030252
21640,-0.2894811431680527,0.06993306840805004,-0.8195074204315278,-0.13840326768760497,-0.07624233594363138,-0.10957756268554655,0.09987674809860671,0.0,-0.2303386261942717,-0.09250135350833565,-0.02135490508086444,-0.09805945574230888,-0.12964355341456849,-0.320227268777705,0.025427564926928544,0.0470917664092548,-0.8436333332681052,-0.5959469448556739,-0.36561120778435463,-0.30814816113179094,-0.12994916546630075
21644,-0.31982029471416046,-0.11098606252370243,-0.8791016874378128,-0.31723679006423255,-0.30957754530956505,-0.5115641885621536,0.08226457629672182,0.0,-0.0061176922049876676,0.061068815772265854,-0.09429585470286157,-0.10203436928238606,-0.16533890845289634,-0.28676962086488345,0.007317383169259276,0.04426409118934241,-0.025240289765119415,-0.7186741685617998,0.1029856368031644,-0.26240007268530585,-0.22246638063434493
21679,-0.22266432262237976,-0.8185854828103647,-0.24370439071809663,0.045833748068668335,-0.06784225064943923,-0.2632453434094763,0.11784837784412434,0.0,0.05087111115713769,-0.053743060859408755,-0.044582969998158396,-0.17018016888535342,-0.016250431634069515,-0.34394557221043337,0.020491881146904034,-1.2567059788464827,-0.12942953827400488,-0.03977316829707139,-0.8981050628730783,-0.51746729203387,-0.2016739489665649
21679,-0.24748689250582137,0.09266902169435695,0.07379122774109727,0.12305740304047282,-0.0802258656307075,-0.3121003375859626,0.10247350830373464,0.0,0.061137907325724876,-1.1347222632965253,-0.037875233635470254,-0.17379552729809059,0.10318819862748063,-0.037837542980897705,-0.6080599822204685,0.04849077769447514,0.08672600556227203,0.05426980757159868,-1.0499874472547803,-0.7156809614885828,-0.17594226089000672
21679,-0.1861489138103495,0.0669096847640491,-0.21367141152219715,0.0924289745849588,-0.034493458143659526,-0.2362479684714507,0.10417358214518053,0.0,-0.9600659736849372,-1.3591280276647453,-0.006847969089038171,-0.04878293281015664,-0.10062748994366796,-0.04645582593634814,-0.6255344883695221,0.03981409424558898,-0.6451339548403999,-0.028541263971156083,-0.7635416479852533,-0.5950041449357277,-0.17118829944706043
21714,0.07695418514874118,-1.1134071619341093,-0.6684638619210153,0.04925186856154933,0.052051904867166925,0.03304120130472792,0.1551041896237941,0.0,0.08070258944405569,0.04657851058302996,-0.06909008912645846,-0.23518990238989837,-0.019227304173596797,-0.40020478377684127,0.030908358258238,-1.5137619682340777,-0.21297946166580248,0.032764399207250994,-0.2169885596945531,0.005002864058432029,0.09849073316642006
21723,0.0903836418756975,-0.07799752306941596,-1.155772699281136,0.02920687087430403,-0.08652436043736775,0.05606120821800906,0.14154386646297748,0.0,0.019610185369808564,-0.49150362549982723,-0.0913360954078506,-0.16478872865919353,-0.07637805909183261,-0.349050794608148,0.024187312396106532,0.04667908650641759,-1.004549422370667,0.05034557635501009,-1.061430082539417,-0.6494820609121741,0.1251929202035404
21959,0.15591558981468406,0.10356666138246579,0.09545680570817718,-0.37867751666360444,0.0515306937340494,-0.028993547277502137,0.12357398303906375,0.0,-1.7001313764804573,-0.5077242886220524,-0.02363457790839375,0.07085898878103443,0.07928770426257452,0.07509755543137685,-1.1871280888228932,0.05225064689790654,0.0001253934253386422,-0.4917734137491804,0.14319087054353058,-0.11434812387876594,-0.05288919225773591
21959,0.14442922842298078,-0.015667233854471625,0.0891309272711709,-0.4130840292875379,0.05600369133886363,-0.05346179991454366,0.12011878959671007,0.0,-1.665097346315886,-0.5154841158944676,-0.04762478081741542,0.03228351154798607,0.11811376272890976,-0.06778545850665714,-1.1004560364186722,0.05006716577415771,0.016709126072365504,-0.4636010198626423,0.15259871511516104,-0.09992100481026958,-0.06137394965931301
21993,-0.24019830222056754,0.08521192552997942,-0.9174729666244124,-0.2857585941800457,-0.3575971100794262,-0.33269764223917336,0.16522884709867722,0.0,-0.1429085920931932,-0.08169340023307073,-0.04719422077572183,-0.12732328467168585,-0.14539045005903067,-0.3380686466367075,0.03726117151456507,0.047347671012917696,-1.0278188571555542,-0.21455422085789105,0.15151920229762328,0.19878478161167318,0.11867369741705917
22046,0.09101619010534089,-1.0683214651587454,-0.4666845880131997,0.03300764094851035,0.09302125826254791,0.06803872381855464,0.12869776502216895,0.0,0.03151482957706287,0.04138137321829445,-0.058940711221357,-0.18702795340831338,-0.01924316702145551,-0.4215600556523156,0.015614546093153622,-1.5488548228115029,-0.30110600496745016,0.04219103724944727,-0.32265000479629113,-0.39100289818889156,0.11375316975469603
22085,0.06368408323944502,-1.0940306809015465,-0.6125782291358061,-0.1768774626475561,0.016206286344743977,-0.00023593373293693274,0.011341850553883133,0.0,0.062451476636725504,0.05069737450519592,-0.04733679264452854,-0.1824467202807332,-0.012243450157919084,-0.4097288009686044,0.02480261742820367,-1.3784226183380544,-0.19336404444920963,0.04103842520699966,-0.2277163455043711,0.012802658224135052,-0.1302998327742502
22093,-0.2491022858457839,-0.9528121713094638,0.050326133313857616,0.046965720606573384,0.05438874207986567,-0.03774898945985257,0.14673039568688323,0.0,-0.37814492787568116,-0.006123279634154315,-0.007928047101444742,-0.20277421152763278,-0.01094753297697745,-0.08293874043192014,-0.7911373715695135,-1.6558468673341757,0.0676848332537595,0.03796255142925192,0.12983190217557836,-0.2918407549626375,0.11799197577862942
22182,-0.29787984054912725,0.07176293609882861,-0.8811275545189744,0.07660976691950971,-0.08825651759644325,-0.10880006840006731,0.159645596021593,0.0,-1.2639879695659235,0.022775138308008726,0.020297105715653543,-0.1311671851004366,-0.12816533867958296,-0.286794053873005,0.03599846200405743,0.044291105535368386,-1.0395083400490424,0.0048543027086856,0.14368316637952824,0.2172426292678633,-0.0862010892021232
22222,-0.27190958383709635,0.06070193953467382,-0.24991852273989648,0.02623356440783406,-0.05774922553186392,-0.06210485857381538,-0.3073582636873468,0.0,-0.09310589587842434,-0.06224503225315181,-0.06931565565576926,-0.13973312449969724,-0.07769550125832295,-0.34833150734980994,0.034236822867387356,0.044366564791009463,-0.3721559446414179,0.05651450441095059,-1.1635516957672392,-0.7680166014910352,0.1239940120613636
22222,-0.20041793371022568,-0.062278294109851695,0.060984809597298205,-0.1575151861210455,-0.019061014918852447,-0.005535148744786235,-0.17673462549273805,0.0,-0.4909047639810182,-0.1479191610469261,-0.02205199513474098,0.0661720422096904,0.013993091818142575,0.05203426746857549,-0.8116685520437716,0.04945799648466662,0.05263474810363905,-0.2123982194107139,-1.1698589448321084,-0.7727456612953497,0.13388997435421002
22222,-0.35942421260806984,0.0982007856912609,-0.022142281344826247,0.07014313252377286,-0.012297643652697678,-0.05698576665711788,-0.24924276190423728,0.0,-1.7126902703908848,-0.4564941493049841,0.012836594173816383,0.04401075572047051,0.029159918272519837,-0.10299525590035104,-1.0250030617469277,0.0426097345920679,-0.20857178988909683,0.019510009216013653,0.1529516329961013,0.19534400901949062,0.12955291699142066
22272,-0.2406574245312337,0.026517770282021638,-0.5878037203009696,0.10103774489062502,-0.11282212645097628,0.05158322408432497,-0.3352275881608775,0.0,-0.0036179404317441387,-0.36456885348091744,-0.049001840123243545,-0.1512845392115488,-0.07733773540837278,-0.39860172406041483,0.028572817901652014,0.04433002429583706,-0.7718657610264223,0.05902820568036886,-1.0456377351246564,-0.6653216044692003,0.10073932541238503
22318,-0.20460743465130266,-0.030501785981548193,0.028694631461607143,-0.08356831166534413,-1.3966247401828595,-0.6051958522697927,0.11940136396962105,0.0,0.04677385776955661,0.034956489250303265,-0.008494861368527815,-0.15717059122053142,-0.09095957723436247,-0.3318631743264185,0.04550226082712479,0.0417752726355898,-0.04231692535685487,-0.8337820488541913,0.1324053515521629,0.20124554428433813,-0.3696685398652882
22318,-0.26146760258491386,-0.050362064126955146,-1.0318755026586155,-0.16704371242262894,-1.0289143723036873,-0.42752333133936915,0.12817806830146242,0.0,-0.30587996353005614,-0.017587187785370238,-0.04880230746145029,-0.1486592823229519,-0.10434200543228407,-0.2826917203477098,0.024027084816732457,0.03416111528048049,-0.8443389602639667,-0.38400984618971273,0.10597667964827641,-0.22415628737296864,-0.3240936882594455
22318,-0.13699273320826488,-0.11772913998571957,-0.44940179536720126,-0.31931485819651206,-1.2182539617248702,-0.4664392729622103,0.1422831813128165,0.0,0.04444857834560879,0.04362169860110431,-0.07118796168479558,-0.15828178226523695,-0.09079355904631989,-0.2944395183658591,0.03937703913595646,0.03740860697193437,-0.6946526059889764,-0.24642478011505156,0.14248394187002755,0.17508531023314128,-0.3058927707328369
22318,-0.18722494117406316,-0.06126748330807953,0.05129871683086872,-0.3636209658209718,-1.5242650691109803,-0.5827852311189087,0.13706864810229274,0.0,0.051454428575821394,0.04597604222490713,-0.0757281313159855,-0.20656350043441205,-0.18690989375149372,-0.35191089801705544,0.025564851269505574,0.03896823448717591,-0.062339295520628106,-0.28254900413214856,0.14222059236797557,0.17556542816460355,-0.38379885698155686
22318,-0.1857436163947796,0.06870916300701958,-0.5093490469915474,-0.39992748700938013,-1.2979256975337203,-0.4367354893500661,0.11969183114738899,0.0,0.058496105728692814,0.039981837184114605,-0.028347119231193995,0.01410160828484504,-0.16414096809997095,0.12460159389911356,-0.03373838544219233,0.03815320916813058,-0.803668483296731,-0.37321199601065685,0.13072991399425934,0.1918873867879318,-0.34966551004872864
22338,-0.2786889163460618,-0.4792526746465217,0.04819263412120852,0.0664336643227488,0.033889326162903126,0.05915154803150624,0.10290115371519068,0.0,-1.8276909883338,-0.03201394752570185,0.014235231593900501,-0.2226665233832254,0.04800746314756414,0.07580730375798965,-0.684876359839747,-1.493792279515724,0.06406176579973444,0.01682373221137144,0.1521653437839164,-0.2643506884911186,0.12643309609887812
22393,-0.2168381086040968,0.1116637652178765,-1.0367083631826837,0.04872261622047283,-0.09175624369227052,0.05067523175804616,-0.2839017335794997,0.0,0.007682324990659291,0.05855418977334003,-0.10200096742760398,-0.175101269490012,-0.11787903134928132,-0.4128589667523852,0.022321149363472178,0.042957414380279994,-0.9658975867627214,-0.004320867149076885,-0.9500183690496924,-0.6684011785307344,0.10079637697306822
22398,-0.31736832169450213,0.08187593351308586,-1.3430465725165868,-0.03709286434001777,-0.04286900829367576,0.01768203299795406,0.15490707866375944,0.0,0.011838060168016931,-0.4216458963734755,-0.04910573886338566,-0.1458974330462635,-0.1884018576091838,-0.3776158837092711,0.037884589051171425,0.04315490945344442,-1.0708424102536789,-0.543167947051678,0.16250254713237156,0.16822109750621017,-0.16785780036621395
22487,-0.26163313205211075,-0.40633197984123715,0.05070127206726353,0.05168530192153339,0.12449643196049605,-0.0748184171003302,0.08997704689254185,0.0,-1.5674667513441605,-0.7976683974003412,0.043837328769108064,0.017510761076549752,0.04321817986773374,0.04979888041488797,-1.1197532152555918,-1.2584219447406735,-0.015053561985349604,0.06528126319397434,0.14508430188469285,0.1899786438832679,0.12068430053215508
22487,-0.2399673873300422,-1.0327332291880342,-0.6594519179529844,0.09583736794944012,0.13331141679725994,-0.08655708448413624,0.15566087050217584,0.0,0.09097747348485134,-0.038692726018768185,-0.03770737912518415,-0.17191497760353044,-0.07753588375824559,-0.37827761974960294,0.04614540737977173,-1.3725088464909818,-0.3034647839803879,0.05393982184688373,0.17054366713593505,0.19542867505524944,0.12023994685254433
22536,-0.3693071085241822,0.10125791818232825,0.041297869724926,-0.47206335630263757,0.139399918033941,0.04396640332588111,0.13080452540822432,0.0,-1.552694083839136,-0.3084589652964159,-0.05961186430260234,0.07371567051900713,0.07121918161919676,-0.058636585883039834,-1.1909128399874354,0.04511021379777669,-0.002316004373557987,-0.5197837836790838,0.17396542749613092,0.17571832594118883,0.0901598099367365
22574,-0.3611134355249333,-0.003940683688617103,-0.03213528881076647,0.13029809359045735,0.08748858075643362,0.07093221170876815,-0.3401851018801937,0.0,-1.3681642925844508,-0.626245211625445,-0.10232307947328355,0.04153255492128052,0.05595460228357574,-0.13300185041230367,-0.6908315407788904,0.04559495779992665,-0.24711604141776342,0.0023266481174828895,0.14528153926855078,-0.2552407429048095,0.17423814544386884
22574,-0.3857294431434137,0.07387804631694257,-0.09303485110541329,0.12102739750831387,0.07776954847422267,0.055062747908075964,-0.3006818520600848,0.0,-1.3573260044145816,-0.6196953838655405,-0.11333235843510746,0.04336846556157445,0.04211850999265496,-0.13143106458628243,-0.6919258304834465,0.04589926106152236,-0.2322511593605363,-0.0773952653130025,0.14174256781678282,-0.2580109510455189,0.17826424428406903
22574,-0.2452907523503083,-1.0660521036791002,0.0875292112721947,-0.24465650065498232,0.08544734687241354,0.07549192658765548,-0.29102028281648157,0.0,0.09691144645219964,0.03789829162263667,-0.10021689504479488,-0.35150448015290753,-0.050900050438034875,-0.17473515075021906,0.06459416811336925,-1.4105762736586036,0.056760744557754254,0.06412288861730779,-0.2136013447195691,0.01975420968053832,0.1337761682454774
22696,-0.16727492734235422,-0.2314890437517327,-1.3934829148589267,-0.1937717792733252,-0.046303737647455205,-0.5216428921606139,0.15401278204754382,0.0,-0.39609032299965136,-0.4753107693571434,-0.04187144571882528,-0.13809435570075487,-0.16556555501380318,-0.30486326618873627,0.03481012292567807,0.04072557581594568,-1.0055385840340587,-0.1966647126406907,0.13639627218245232,0.14519541924748258,0.11789498833714375
22696,-0.24113572502529282,0.04181133553189048,-0.5069172024427103,-0.29001552799599883,-0.084520935465244,-0.514958892040874,0.16490126182987372,0.0,0.07352514437471135,-0.0028107643000671455,-0.10649015368366285,-0.15606148482992901,-0.1771005798428512,-0.3596116121438124,0.02322652908953036,0.04277777138836971,-0.7053098754681266,-0.05215992571886168,-1.0978316156458598,-0.00935591281187451,0.08398867781927222
22702,-0.28510453741820946,0.006904808735110828,0.06143212870953144,0.06979054410659905,0.007655798541009609,0.03638759342755519,0.1395340806848303,0.0,-1.5989616536505364,-0.3392455752000832,-0.010550647452701466,-0.19799202765519916,0.07980091569337955,0.0659040470728528,-1.1339366499252568,0.04995247545760208,-0.012562392485207352,-0.32956452403994285,0.17303887456745473,0.185875472066017,-0.3929203731105196
22702,-0.3061470023668988,-0.05064490649897676,0.0682368500903301,0.023581859804396414,-0.014194861277313849,0.0328671382025862,0.1389792769305022,0.0,-1.6990631372967782,-0.42585556878142344,0.00925144653471959,0.05515059594559016,0.03435934201722754,0.08481420288077977,-1.1578542075237401,0.048233379629835434,-0.011683586399625938,-0.49736808739935956,0.1735761280296929,0.17639664862927734,-0.3580938279236471
22703,-0.35108568562734344,-0.16911829030139822,-0.8236600859031913,-0.14496396974529965,-0.1946351510386296,0.02028990509342305,0.10595144494188534,0.0,0.04850736051269312,0.056892329860969364,-0.0757277854338083,-0.1643258758346584,-0.18769160532414456,-0.3292909515494848,0.017636639893479612,0.04679563775450617,-0.1980837660061071,-0.7380325873389387,-0.2626781895068996,0.00782686409734586,-0.011856624298755742
22802,0.048236566423224575,0.04246282404080233,-0.8127245688435317,0.09397485689006732,-0.08018191245798323,0.059317752981444184,0.11147913517707889,0.0,0.002692592203087811,-1.0428047350055838,-0.026630779608834632,-0.15440997201757203,-0.09915983661526637,-0.41101412781312996,0.021329277432552453,0.04541559782761906,-1.032067469556565,-0.038879902751209464,-1.0904569126383747,-0.6648878045540518,0.11025891468950368
22836,-0.21771124840385625,0.05824551478542324,-0.5854230401899041,0.1022178271290605,-0.42186168730766554,-0.04325655243428325,0.14861730189741648,0.0,0.10700862691751625,-0.13133218714463704,-0.07431209392729721,-0.14473938881472878,-0.04410660324225399,-0.27995100733484596,0.024109367632079964,0.046597966544970615,-0.6246376302229001,0.06542739237366633,-0.9709338158761117,-0.6959175612855845,0.0965717229899037
22836,-0.17811287281080962,-0.0990871115939061,-0.6071215381707974,0.10151270932393654,-0.3601856690207305,-0.02167862841699817,0.11836860082124032,0.0,-0.0430143859444461,-0.7029158757895205,-0.050755374538276755,-0.11731535059711168,-0.05659298768438097,-0.3013361551816848,0.029649907140588735,0.04229984410875826,-0.7994133825119588,-0.007877911081021757,-0.8831986113807405,-0.6154893643765343,0.10096535982687181
22836,-0.15425824899356774,0.07317220537040159,-0.5009161957064356,0.028552041142281943,-0.4225794153255431,-0.021639854643433175,0.11793261298095542,0.0,-0.08671983157012222,-0.888610767633216,-0.03530816901764532,-0.10521718357079617,-0.0616792435842319,-0.27664924188404366,0.029011568565273843,0.03983013757809261,-0.7798390115965547,-0.06697143037272302,-0.9074879091228278,-0.6336415410605635,0.10139593669468489
22836,-0.19004918098450918,-0.0002715146497352752,-0.5598442316563054,-0.05589045907160476,-0.5681663104704523,-0.035385575805776726,0.1436365223948689,0.0,-0.06346185644931482,-0.5976456890321376,-0.0901334866533057,0.04655983140892779,-0.07852147486523564,0.04839942120013522,0.03126890453621005,0.040884413898976964,-0.8314453225568728,-0.053286916696692825,-0.9690558708642187,-0.6021783604793653,0.11674933162524519
22836,-0.13672429998928037,0.06350368543730533,-0.6935467817694075,-0.367001156649593,-0.4059788137628053,-0.033782074560388765,0.1364692804547494,0.0,0.03262604467001734,-0.3283687614515685,-0.06105062683528114,-0.13262441687826412,-0.032351922323421343,-0.26201257078032514,0.03207098809159622,0.04148310919359835,-0.843986473575424,-0.05471582805787499,-0.8628445003792332,-0.6167352573138479,0.08393882196013165
22847,-0.24648223320300675,-0.03113827056282071,-1.387226621686732,-0.293837508766262,-0.1001159819288706,0.047421019388929744,-0.31831051865860843,0.0,0.08261291436033574,0.06042907434709176,-0.10525029616082969,-0.12290694100733801,-0.1491029812444968,-0.3994233720444626,0.03670583957547713,0.043997555351280956,-0.9583663465404335,0.0854647040562235,0.1441835763331401,0.1761420419983872,-0.007499375642283489
22847,-0.42381137580486644,0.01979007504706132,0.040212296968967165,-0.4955908151000632,-0.12061549907355491,0.016262664997382135,-0.34331310241348906,0.0,-0.9725376180942672,-0.10976589066271136,-0.06914163950364038,0.06498588446534284,-0.2811618444782406,0.05961982429622023,-0.7527248026434906,0.043574655674867846,-0.02770706224065493,-0.17738972492374963,0.16293719517692742,-0.31869682799408466,-0.08307176432886412
22891,-0.23725513951591912,0.07277430157170289,-0.4931920284053187,0.09430624485993319,-0.23585695704744572,-0.3577748547109432,0.14366238775823062,0.0,0.08293845244397469,0.05627869350634027,-0.08202659493039312,-0.17093449989391804,-0.051165266119991074,-0.2642403089054776,0.03224836699873706,0.04445004716193112,-0.23735616620147984,0.10394205982514516,-0.9258989577211211,-0.7581430146178323,-0.20435772393682886
22891,-0.21047485932914098,-0.011618190559826975,-0.48682340126974466,0.04728989640438177,-0.2845924815124455,-0.3754708521864959,0.15727735433446077,0.0,0.09188984365137061,0.06127693863435271,-0.07873540540750042,-0.1433352875339581,-0.041495930398542526,-0.29737095691246007,0.03397269268853714,0.044522067722836636,-0.30618708400849026,0.05405320867817455,-0.9008020774027746,-0.7151599928478288,-0.2017858056221489
22891,-0.20516461481123102,-0.04124662821931541,-0.4793525684338511,-0.029246436682097626,-0.28854163709956343,-0.38081769776628865,0.15513351132519854,0.0,0.08420286847910963,0.061759579116565,-0.06722021038457181,-0.1396274734404267,-0.03507952072469701,-0.32773756812865346,0.034038435764333255,0.044014600036414504,-0.30416089692373305,0.03754020461291209,-0.8868049662348922,-0.7086744186634721,-0.19798115782657824
22961,0.04644311057032886,-0.011051031749036907,-0.5781727512434321,0.11010045401231484,-0.4472434927292901,-0.08465106607412522,-0.09044745061464902,0.0,0.02939800180743967,-0.46255158871324326,-0.0497923552991346,-0.18640703523826252,-0.02612938485214841,-0.2794225770844259,0.02476075363556867,0.04406042099207394,-0.7381718056703164,0.06645193863958286,-0.9957225579183097,-0.7087429424260654,0.09168329721242414
22961,0.03930334710746472,0.05851507123317106,-0.5293187781826559,0.11066821284518681,-0.49098225299125886,-0.06513848554010598,-0.05877245553784287,0.0,-0.01595270152837493,-0.48484469754112514,-0.04392315614708368,-0.15562799336885189,-0.035879622194794236,-0.2939432638481655,0.02880716960286236,0.043315940330482895,-0.4846825880005345,0.06479244125901602,-1.0642911689389254,-0.7462048522856531,0.10398799094177587
22961,0.06520140991535626,0.07751959466566723,-0.42675571428864423,0.12051836879636114,-0.5946016621520288,-0.05500624164854301,-0.015023191023762927,0.0,0.01898380724806337,-0.5632540098141697,-0.07750145154240573,0.025792303113788245,-0.07169468219778587,0.0397532822184297,0.024525029247659424,0.04311270750750652,-0.31658750136149616,0.07080300336305566,-1.1569735554978764,-0.7633881316755603,0.14708539790585293
22961,0.041445007272076104,0.05694419268177434,-0.462756570600904,0.11468898754052691,-0.45713278866718415,-0.0953071353091331,-0.04729564398615608,0.0,-0.204404737751608,-1.131728115907941,-0.04388348153757211,-0.1393881845083499,-0.059760985284738936,-0.2881405946440972,0.02144703854876933,0.0397882800852282,-0.775467617663235,0.019438366902951906,-0.9842435089048795,-0.6583042213385942,0.09651278891414487
23005,0.10894870981348914,-1.2076333736322382,-0.0615338247036173,-0.18597460591554285,0.059325495372615875,0.08575639584258461,-0.3564816562521513,0.0,0.07684144464546447,0.04094009909982989,0.056935136099144065,-0.3003188664849104,0.0190943088536861,-0.5401676952335669,0.016678676667313774,-1.4538227880142145,0.10762359399929958,0.04955653328853004,-0.2449865634824083,-0.0005452910775621912,0.0012024525754398482
23005,0.11494991170210624,0.021875480460006463,-0.21798953617209504,0.017310373662155768,0.07161893528148829,0.07212743738235411,-0.26349748379638804,0.0,-1.176191931937551,-1.0094300150071327,-0.02479211785101561,-0.20787407056714735,-0.22809782884635132,-0.13245875423540385,-0.7991004445523063,0.040971768111295305,-0.27424841009676254,0.06574149222782415,0.15711261442357033,0.1615260565490508,-0.13004906194113414
23012,-0.19541229537557764,0.06711018671410482,-0.8327891478265261,0.08974292933820058,-0.09660345529622559,0.03147361091749839,0.1426323495311775,0.0,0.09662855569268174,-0.12041314987321566,-0.06667481890539632,-0.14760675080905197,-0.064320097741986,-0.36215980927696323,0.030522106753123394,0.044326454189424803,-1.0044698702757173,0.03483439895169159,-0.9514069895858308,-0.6433261548830709,0.08564414690863535
23012,-0.18565058306411272,-0.29887374606060135,-0.8381207315914528,-0.1993483524492609,-0.10686329993814829,0.03201718932209959,0.14921149196064404,0.0,0.07559077576617008,0.0373386159224638,-0.11125688226362915,-0.13202978192755324,-0.04314183775613105,-0.3340710348001224,0.01928036629450839,0.04386417374101694,-0.7644748573801441,0.08742464830349046,-0.91927189511615,-0.5949480907746392,0.08629013136761542
23012,-0.3320261470057125,0.06861266472645842,0.06405133391370421,-0.26615768053906746,-0.22112391965309078,0.03761698143374082,0.12269874570525786,0.0,-0.9776385934047902,-1.4378461240449494,-0.032890693630533464,-0.10489953938620593,-0.2303704000001993,-0.3893370221456597,-0.1132447195119809,0.044411674575195265,0.07133439055528919,-0.399205731213178,0.16272680059862493,0.16993016078249934,0.13947518708024412
23026,0.08246216871012253,-1.0476654680378499,-0.9314149414370667,0.05497300942900176,-0.13711161621923637,0.06858607676736508,-0.25706711310312796,0.0,0.08403895316580204,0.0403909641630073,-0.08494356857961603,-0.18004683028493643,-0.013718651571278299,-0.39265793191831655,0.005543059054310121,-1.4377019022566833,-0.20960334187440696,0.004556110275469489,-0.20531696318539314,-0.3249602455070263,0.07476848354722376
23029,-0.28083080617266254,0.053274950185114606,-0.10805525067763055,0.00288393248588504,-0.3089008887464687,0.036066622747912135,-0.2990248418172784,0.0,0.05522315160980076,-0.06482290462315315,-0.07858922878428592,-0.1400984161373086,-0.04796491655039894,-0.393471268559042,0.030292004591284543,0.04266337115848895,-0.1935183173349415,-0.008966696862532044,-1.055502022854567,-0.7737486968187173,0.10417167449541184
23029,-0.21023498348695227,-0.1326670535103206,-0.15674848809623043,0.13327372194854625,-0.26545609022810407,0.05016707088456237,-0.2507521076458984,0.0,-0.05497741432579856,-1.0384703622148488,-0.06909760769434412,-0.191016121227938,-0.1192598761721769,0.059913004460903745,-0.09692286801556359,0.04460413151093711,-0.46363266878266196,-0.09058819229130295,-0.9496122340652847,-0.636509578508561,0.1256470040823746
23029,-0.2422298893583489,0.03976580325797279,-0.2630906585111042,0.12973759169976684,-0.3397135128010066,0.03708912025276192,-0.24426968280006323,0.0,-0.1100737271267874,-0.9363720518018616,-0.07009185463859008,0.022602551255774626,-0.11643075952033287,0.04229278804909111,0.020270305646317266,0.041726174313224104,-0.7847814214065393,-0.0864438268153218,-1.0376589865486154,-0.5458408634454893,0.12351817446149761
23029,-0.2312631452909238,0.09829384638509112,-0.5666889479709923,-0.019058363473903685,-0.29742495621064924,0.03658538330195528,-0.3467035584271521,0.0,0.06071540576488392,-0.08110069473551375,-0.09749046867926783,-0.1348494630092865,-0.0734462121667488,-0.42310643998303077,0.02046112914228213,0.04169284874395791,-0.7423666724151038,-0.006998501071064619,-0.9075189639109451,-0.6646060136838288,0.093728768586483
23029,-0.19180555860085816,0.05741274317687111,-0.47415084657363554,-0.14004547673116619,-0.2654857177089796,0.030351139682252636,-0.2467391973805695,0.0,-0.0775289878251828,-0.9420753952805966,-0.06601997042217414,-0.09392528267279741,-0.10539750043231619,-0.37569912131322286,0.022226970366809352,0.036643430779447816,-0.7561979102939288,-0.30427936358370045,-0.8517416186270726,-0.5548314758862789,0.07958745083115273
23029,-0.2971725139950648,0.10111784161959898,-0.5082338993619463,-0.24581457420204852,-0.4492893045695944,0.018597568929800565,-0.2685927060459072,0.0,0.007337753571684958,-1.0411274199240863,-0.11255244584954635,0.042290170558337725,-0.1771123937237366,0.0917395091831742,0.037912592623669965,0.04390950468760818,-0.8759730653309108,-0.47956641009286083,0.1586096522528759,0.16300384958383626,0.10994753201575544
23029,-0.28140552596561874,-0.15239452088765867,-0.09043769251138853,-0.22529143867809873,-0.44099715363542447,0.040932523285774125,-0.34000348565649374,0.0,0.09532394537481481,-0.18856404804200452,0.024682319295427965,0.037092433059833715,0.08141969542382428,-0.16835211327525976,0.07809782231565268,0.043051673306459544,-0.19245031450999694,-0.09557167931047963,-1.0306545456655705,-0.7671693269804386,0.1423232706361208
23029,-0.2960435620277116,0.0696060480676779,0.07151660601455499,-0.24358169116396733,-0.44190888238043596,0.039578759614150624,-0.24490176462068758,0.0,-0.06472903004136604,-1.0587834820298343,-0.12896752296924077,0.04181754180869906,0.08133661156052317,0.05174623844961066,-0.1213998642752508,0.04562512043317885,0.09228273247020287,-0.3077507654313634,-1.079454515944785,-0.6343261671553095,0.16280138339160827
23029,-0.23218762381370583,0.06476402160509373,-0.176644613155587,-0.34273601154999406,-0.382356951689606,0.035875546532129106,-0.2224216940053224,0.0,-0.09728636178947932,-1.033609491784738,-0.08390431862220687,0.05246442966199104,-0.14569978792323302,-0.006367805257948901,-0.07476018758231798,0.04353624503635631,-0.6532524644267956,-0.29641640312208795,-0.8946877848407562,-0.5621181963178322,0.11388107040705339
23064,-0.17818883714921926,-0.04685979831466616,-0.937277755120876,-0.5440472588451816,-0.05061176688353719,0.03221796380017877,-0.07430162148368466,0.0,-0.3271072663036056,-0.5919289522503158,-0.04629871668821638,-0.06789075616387799,-0.12465147464230719,-0.263094243104999,0.03011727307537221,0.039143817986489395,-0.9825986929516789,-0.397752625231421,0.14711993515646624,0.18913262030747852,-0.009402080773287745
23082,-0.18727501319196696,-0.03219605148979291,-1.0646630185243142,0.08802581600897022,-0.9098039379393261,0.032711962890704355,0.14325152839118183,0.0,0.008368885005812584,-0.04903503854697011,-0.0982086245844016,-0.14413213964242075,-0.07204007130852842,-0.26717295582366746,0.02655507895187231,0.037778582971047185,-0.8243452122135706,0.04889016975659209,-0.8099958446614467,-0.600005333322186,-0.1242061256246871
23082,-0.18646884152121704,-0.26046353839703557,-0.4659033835083266,0.0518913121405599,-1.0083982011032244,0.032899652181526795,0.13840719993455625,0.0,-0.028316947433734602,-0.04990786303986701,-0.06040192610700989,-0.13266681863456245,-0.05009165878495494,-0.2792464465679526,0.029351542125465986,0.0374215921033695,-0.5039648995166732,0.04667986849411573,-0.8897634839071329,-0.631303934016634,-0.13488417299660813
23082,-0.18210001934766742,0.05415459045001631,-0.4916231691925503,0.06782332335118689,-1.083654189741624,0.038052796866892905,0.1480745003113256,0.0,0.025638120496476513,-0.0433740755978366,-0.05424874139812446,0.01359613507865219,-0.0841889352639587,0.03446807892040963,0.02735538145629311,0.03754412179668054,-0.5140867912523415,0.045181435963031424,-0.930073259971291,-0.735818049492513,-0.09843966020727565
23082,-0.1234673080058999,-0.10629103400820555,-0.6151706314597797,-0.22678836268599392,-0.9682065861072948,0.04382503910830547,0.1483312834806222,0.0,-0.04675250999981776,-0.049992098697195474,-0.07086692397404704,-0.1072957146435673,-0.06295032225479728,-0.2681155139544821,0.028721250219780087,0.0372471785046837,-0.7688350340809467,-0.06059415656574905,-0.8258162694732837,-0.6299470613433364,-0.12241672675409487
23082,-0.14520627728086366,-0.11650898377206198,-0.4502011166286464,-0.3172309593374691,-1.054333790598797,0.034643970986002345,0.14196789439807464,0.0,-0.02824582186441729,-0.0488254398276392,-0.06921634465435397,-0.1149197795522417,-0.06384561964892171,-0.26879567486663886,0.029962250681943685,0.034991669776978894,-0.5922902754088373,-0.07714002070821002,-0.8646251652855942,-0.6458116358247831,-0.13345007730251393
23082,-0.17580831585419465,0.03307674421594065,-0.4790380062968775,-0.3780725897198666,-1.0875293960333134,0.039867627022933574,0.13447093144469266,0.0,-0.03709769656586618,-0.06325769519170188,-0.04268581202251437,-0.0030960467668215545,-0.0839818887223811,0.016765141899584047,0.0103410626973635,0.03420512719092717,-0.6304123223807585,-0.06742516953489948,-0.9193798722745073,-0.6497945454811401,-0.1292958322749544
23132,-0.26110929504605745,-0.1260299170102917,-1.49244943922602,-0.2276112337619527,-0.033541650177665604,-0.32639254227060294,0.1587854956465579,0.0,-0.16475606724849345,-0.05918032249737186,-0.06203561743493372,-0.13460613378846828,-0.21157854703273835,-0.3422154699427279,0.033881347470629306,0.042925488632476846,-1.048772671412345,-0.4943018598822075,0.16702554878060688,0.15677844019051707,0.10562559373733178
23192,0.07712499229526293,-1.002247076104761,-0.30593274644591345,0.054290892039271975,0.10613035557101251,-0.009823662598566247,0.12050450177607272,0.0,-0.8293045593139918,-0.061223606094586984,0.027976291446929986,-0.2145341248871797,-0.047301433418209235,0.035323019374139744,-0.11521504927514696,-1.4732281661280582,-0.5804386881344845,0.09123733460661071,0.15643532496260568,0.17534412855848877,-0.20727439135088496
23192,0.08376828510199569,-0.9688086531489549,0.06197896632098525,0.06760712757678175,0.10810333258269042,-0.05502081989470628,0.09545019256626427,0.0,0.08672536069548961,0.04985431715899016,-0.11204887678016019,0.003916441442066085,0.02072991280769949,-0.005256478214694591,-0.005943279596031529,-1.730051809040211,0.07611114760382455,0.09089305578713712,-1.1848066044992747,0.0036689235816163178,-0.18954834077206514
23192,0.08696014858427052,-1.1308134738818887,0.06654622797344657,0.04622195485672665,0.11960965426456753,-0.04946052373772347,0.10918138831191197,0.0,0.11417796937497539,0.0532177058130332,-0.06885075862706798,-0.01688025823387221,0.09718345779878518,-0.008450200401301919,0.07186965034123222,-1.8450326125128154,0.06673587798188046,0.06928856418789238,-0.9802750836119267,-0.01777057248406674,-0.1624515050411895
23192,0.06506517623959977,-0.9150750035142804,-0.12582756040288934,0.008547248552190785,0.09805344515709022,-0.057289534381405355,0.1297968228718933,0.0,0.08609755384238331,0.04975326485326437,-0.08595495889829295,0.003291126136067674,-0.08907340645609678,0.05035350764482887,0.0685727246168273,-1.5261200169873175,-0.041008196996673886,0.08600921351872122,-1.0609776554056258,0.026402637547406283,-0.22762652922915602
23192,0.07695512249706998,-1.153717176906255,-0.11209538307168848,-0.1463075423164958,0.09849730170853317,-0.05889893775726503,0.11141881925143594,0.0,0.0885997591947595,0.05596891816796365,0.05176135777735768,0.05103265233054329,0.06482964839525142,0.02492677759850059,0.012507196147134383,-1.6160931041240743,0.017075245150747043,0.07459347083251212,-1.110653909512188,-0.007797521772660261,-0.20436847324367918
23277,0.12102392537710162,-0.09863701555206912,-1.3284185560746749,-0.00598130877949504,-0.032258567379407396,0.011312276991556168,-0.36736829601197696,0.0,-0.16583579696473905,-0.008191769688614538,-0.061374282607167124,-0.11761863470616851,-0.21847722961311195,-0.4108452876611467,0.024906068047213625,0.04448204429252164,-1.0621086900063001,-0.27823059310883175,0.17991461249413565,0.16395428429825223,-0.0547550127734492
23302,0.1435204229791641,-0.3405953683606189,0.04978189842667953,-0.4530188287127853,0.006450724234926426,0.06000015395638171,0.13403302621174237,0.0,-1.866156788795917,-0.30144325950673756,-0.011868198749359184,-0.24410902260864292,0.10664677650637408,0.057754591557090625,-1.1499043982478665,0.041347585860349166,0.07503253673089187,-0.18145168116084362,0.18295473265883402,0.15118000931159034,0.10611022759854431
23309,0.0865877995313012,-0.9431876783286038,-0.686951776283018,-0.15688934681079242,-0.02902222903329297,-0.4378554851152537,0.13091787503672508,0.0,0.07915806973663386,0.04472758485583911,-0.08040490239860372,-0.07391082384899167,-0.05742727479821916,0.09993246458136744,0.06808405879530577,-1.3917947648515137,-0.26051222954363845,0.09961150912651957,-0.12416804899107618,-0.33386375585513794,-0.016922860063856154
23309,0.10668524779732681,-1.0219207875771943,0.07366156999937637,-0.14793664733450837,0.024635325925552842,-0.4110859039970809,0.10700712864226303,0.0,-0.00435406102930704,-0.009073701962166175,-0.047887178238629174,-0.19322858817751404,-0.1428244464529927,-0.45015323131010193,-0.12220868897527157,-1.4266994020554176,0.019560897425074733,0.02013516907728003,-0.2826922042967919,-0.40507977203220574,-0.027667436034730566
23330,0.08191669988788958,-0.9355766638787221,-0.6337460858569641,0.10833558237770735,-0.08298888582104513,-0.5147888811779507,-0.24372118966191814,0.0,-0.12255164477800704,0.025795499704327592,0.0017848253374617743,-0.1554858848351183,-0.020667958230718386,-0.3394917249789851,0.041579467476088885,-1.299963702091802,-0.25859351385922824,0.04728935114079606,0.152584643799116,0.18108006930214887,-0.3054910986143098
23330,0.11468491432189722,-1.0334652375766735,0.07849453744624733,0.08394841489817662,-0.14639524432505197,-0.4465014937363407,-0.22385880609000666,0.0,0.10580911496921008,0.044320359154260934,0.0025421433790314466,-0.024443323924330927,0.04283933852526527,0.03464679437745016,0.04987162222400531,-1.5717480276316327,0.0596093075209115,-0.05876724585801377,-0.2462227809578043,0.06314485715320604,-0.41185527148655654
23345,-0.26012549707265165,0.08900072250468732,-1.0755232898631173,0.047103699317500906,-0.04422549752267044,0.04132418361243284,-0.3703897450752131,0.0,0.07737093701252414,-0.055680361188504404,-0.07477318667312975,-0.15793747891735882,-0.20927445448383492,-0.453409907897341,0.027861904378678082,0.04291874593223387,-1.1039819979918992,-0.14312873129366394,0.16672816844630206,0.17204475453016038,-0.3654681765254184
23375,-0.3218788550411297,-0.29147047586964026,-0.6029623276694799,0.06820784461768689,-0.044464197025943994,0.03884640228423878,0.1531705904082042,0.0,-0.99509784962825,-0.02037159909157252,-0.0012145879919541966,-0.06707208961249399,-0.10217371224171827,-0.3365594244502403,0.026523431005222697,0.04545236124271972,-1.1852325157914587,-0.08779024899130469,0.14188581958027585,-0.32791805340248276,0.11768899003349267
23385,-0.2877607894351143,-0.07467581289014436,0.029816456135704987,0.03555648402996251,-0.45512439000819516,0.07173631749169648,0.13484419285620458,0.0,-1.8153548732973992,-0.2967944640017432,-0.0548084332367481,0.029134840569075404,-0.08568180509943737,0.08156380296754001,-1.14084494110144,0.04635542769063585,-0.027249164579115095,-0.006206261499536178,0.159498122337618,-0.17509573264602157,-0.02417184259037256
23397,-0.22743415620705446,-0.11636503155915108,-0.7435939204805826,0.0904065373922259,0.041372560500389996,0.052933443202685,-0.28874284613643236,0.0,0.05339495871310864,-0.12648038747328127,-0.07727879414341741,-0.16348533857451658,-0.11043755488987035,-0.3557084424797956,0.02005517222942163,0.03862722137247479,-0.7643439918004366,-0.0038427785566653282,-0.9332320004767645,-0.6047513952030522,-0.33384712823195356
23397,-0.1883622243456463,0.030304862399399685,-0.5921855721748345,0.03333251023962519,0.051766098900189905,0.052931346588285966,-0.3294920780200551,0.0,0.06740547145228716,-0.3331860714216382,-0.062042392366034996,-0.11741661536308104,-0.10639390247146659,-0.33582328982753923,0.02386636170409658,0.039976566930279116,-0.8144737683607938,-0.11763394796645486,-0.9465254793681069,-0.6045212224745574,-0.3635276090452912
23397,-0.25980980409201876,0.053258682364583615,-0.4608020381189422,0.032802542879343595,0.02467045444475732,0.04268115096386186,-0.3594457405547359,0.0,0.07442058186389312,-0.149022371505936,-0.08866734898172257,0.03448429453398692,-0.15910337640304661,0.058681728782860515,0.03918953516028673,0.04018498460130161,-0.41158950774330477,-0.04293661921067952,-1.0718002126443806,-0.7205725352172245,-0.4085397416478707
23397,-0.2186624657831915,0.052001772881191656,-0.43870350589632817,-0.10571108749282337,0.028492138220228915,0.04307615235991625,-0.3269114146358896,0.0,0.06642418899959965,-0.1876312019973533,-0.09044258242354553,-0.19104990768840438,-0.10507084300467467,0.057786693887497215,-0.14662587570558736,0.03952835600550379,-0.7173614098564726,-0.10771142967194262,-0.9595966533154732,-0.6592668913551266,-0.37521016148117015
23397,-0.20671131430522324,-0.14921269321494116,-0.09784481526319486,-0.23466312230588468,0.006035660850071245,0.05055786410620641,-0.22770732550949482,0.0,-0.04552440994450834,-1.1177475633356067,-0.08636753124204166,-0.1567112894038194,-0.1340719190288542,0.08711721679083885,-0.17418577975449642,0.03622219081916177,-0.29583361362225885,-0.316175654271404,-0.9124050179044616,-0.5485675347470355,-0.37507614905640707
23397,-0.21407675684737734,0.07943659836496722,0.07370761430490064,-0.23027391927795568,0.01591862325436636,0.05658576574514996,-0.3619781205115206,0.0,0.07276542989347812,-0.6057660841355427,-0.15043986329774262,-0.20922891335955404,-0.18782423529123404,0.050973297703100835,0.034956062260122725,0.0413749692312984,0.07503008949124838,-0.24353640771921947,-1.0707122845183148,-0.656674629928817,-0.37510613808505905
23397,-0.31688482783863,0.10764402574129182,0.056691583826281255,-0.24663459460851392,-0.010402497679916575,0.056139267215817905,-0.2436182340796627,0.0,-1.4319994899884942,-1.489049565735367,-0.01989401340538947,-0.16055814491664921,-0.1858432638452272,0.019949113142624042,-0.4074821514902086,0.042871426276838216,0.0013286373416509564,-0.4759425054890622,0.1629134590126998,0.15534833260995307,-0.3096984665363059
23397,-0.23249232670927505,0.0909270155072589,-0.06863755316553191,-0.23281564440707475,0.018597382890967972,0.05084299544711453,-0.38731174246214994,0.0,0.0810681155284212,-0.12912027353564323,-0.1220047394070034,-0.10566551330762815,-0.1420649052783102,-0.07422125168363909,0.034639361495039336,0.03689433932331771,-0.21614112209153802,-0.06935563198709821,-1.1421187835895292,-0.6961366422666885,-0.3950273776691086
23397,-0.25839437490972633,0.06147935424552944,0.04891652093160373,-0.433591951102682,-0.005690616114666285,0.0516279605530748,-0.35886749997707096,0.0,0.050138000555816895,-0.44024258203551503,-0.13398346046593249,-0.18895610547998054,0.07342283713061827,-0.02908430278840244,-0.30935267208779577,0.04082259709656121,0.022502636633441656,-0.18158784198138953,-1.0368696628676513,-0.7203533558948698,-0.4336806623584766
23397,-0.2293082838989763,-0.05316180150954454,-0.03274059735864873,-0.40187277802209953,0.005700238009645084,0.06223196667705052,-0.2496739147149236,0.0,-0.08973443674976488,-1.1977651691850044,-0.05786648375383988,-0.06369887866916596,-0.11920826658985396,0.08122743874800509,-0.16651221498417368,0.036872103090166,-0.1926765890021004,-0.3939678409050259,-0.9474216552997782,-0.5580324383093735,-0.35012539255457853
23397,-0.26759480244999534,0.08158791271426158,0.06711675204836987,-0.5631234366386552,-0.027636556547126153,0.04635481761223619,-0.3438334241477624,0.0,0.06534045725926531,-0.5255001224961097,-0.15468569355827558,-0.0032591901790425958,-0.009853885223079322,0.0919428563664605,0.040714703295167055,0.039419022695227554,-0.055710197280462205,-0.24159362554724362,-1.1841632700614235,-0.6367827653064247,-0.4195954876873867
23397,-0.2739909934494344,0.036566057902175146,-0.7139329881613155,-0.5832083940871285,0.01855995998652678,0.0569231260769916,-0.3075692503581016,0.0,0.039115085720497204,0.0679472381358997,-0.05922580689823594,-0.1354560269668872,-0.14256722600035734,-0.33181795646080575,-0.013939435445439116,0.040844838587836364,-0.20474214195846505,0.09331280342772635,-1.0747281369605464,0.022819823911380318,-0.40978161852212136
23412,0.08818166332523807,0.0051211875987610105,-1.2199683314687317,0.1078557737868704,-0.04709805933089084,-0.15019092604948023,0.12413173325630528,0.0,0.0323584445805811,-1.2219760455309232,-0.03186544528202452,-0.08440217234484353,-0.1517594858122903,-0.3793436899326508,0.020434397828997104,0.04547955576284625,-1.1704329442082402,-0.1132039921232076,0.16826719160927245,0.14872539888454675,-0.19006788999660965
23511,0.12360593672635725,-1.0380527165138558,0.06998791482472545,-0.005248639370730484,0.07103299402688128,0.08778657502346361,0.10383288168914094,0.0,0.07724014011056128,0.04734784901295152,-0.04973325665461391,-0.19586732196897225,0.039224700859202995,-0.3961525159001509,0.05420787996673365,-1.7401565348186567,-0.011791003520460641,-0.12353286102127144,-0.27965715555724885,-0.34072735321885844,-0.20306457813163545
23533,-0.353091326126669,-0.10064055481370562,0.08343482888564387,0.07950414015877795,0.08310802630022865,-0.25485863471443315,0.12363965867408601,0.0,-1.7257550262464008,-0.3083304991397249,-0.011293508186697849,0.07389549294371078,-0.10106089935549405,0.08934105984785211,-1.1137471522495133,0.05181741782260565,0.051151802046759565,-0.019347378447724013,-0.4057022265289621,-0.32548014988869894,0.12893205909507238
23536,0.08820616309075664,-0.9105816364591991,-0.26091058404187134,0.028215543128520437,-0.08158675412393793,-0.38159853664365095,0.13063684394639347,0.0,-0.10618277302694457,0.04639205319197599,-0.050821383822348916,-0.09825102370556633,-0.03553431155471828,-0.3496267070169397,0.018873395784235105,-1.5215840893734582,-0.1329645200667803,0.02283862837187567,-0.36778700691835037,-0.3530164046591842,-0.0050640408913844885
23536,0.10057995693537493,-1.0518685219083006,-0.43515659940403245,0.04854601756038372,-0.07581874399010605,-0.44813079808554296,0.13210496335782554,0.0,0.0887157415945662,0.042386570203018926,-0.08241460012867292,-0.1122367421771049,-0.05373187115512032,0.04075612970663333,0.05906615058047823,-1.5251822068152305,-0.04558300568911915,-0.12687689629034712,-0.2515059846323758,-0.3377661069501726,0.010991417024392765
23675,-0.2043544532143539,0.05503408537040444,-0.8382077553799385,0.07436148061191379,-0.08711178235075656,0.05464323173730673,0.1322690574653872,0.0,0.0065331917978283804,0.005503919560390157,-0.05036901197734779,-0.1361460641145895,-0.10489453702451305,-0.36037842056140496,0.026396144969644396,0.04302687103162598,-0.8647564713326324,0.06771090670008682,-0.9796009050992247,-0.7025471063117019,-0.30616896060241855
23718,-0.38453900804995456,0.07184010186884991,0.054008103897344666,-0.2660887963168366,-0.013065659487253108,0.03276956888093058,-0.14705607543253574,0.0,-1.598110108479334,-0.5354539417293331,-0.03523065764693853,0.05185576553302804,0.05384225320851453,-0.10416252113133825,-0.9962283791674234,0.04683853437488385,0.06492984184472542,-0.11272982172763461,0.16088180237980507,0.16533471725722115,0.12795265962124164
23719,-0.17458863100449115,0.056283785393868996,-0.7162527294625949,0.09074258365620037,-0.8919802254945859,0.043071439592509246,-0.17895975303088676,0.0,-0.04288647295776078,-1.139487757470723,-0.09022615493119188,-0.13680422448877913,-0.10587466006422319,-0.2283539047328506,0.021877134200740625,0.03315408983296247,-0.85225658897876,-0.15274668246210205,-0.7612742306605687,-0.5628654155861004,0.0466769138723283
23719,-0.16336445136791158,0.07048587286834823,-0.41235594555192806,-0.04400008734859038,-0.9073888983121019,0.03834127297865465,-0.151642786343057,0.0,-0.03456958151597968,-1.198339804643136,-0.07275683607873323,-0.11620811203153476,-0.09958209740429413,-0.23540191454925055,0.02184141836430778,0.030374816014340004,-0.8089066050736683,-0.23758373798678406,-0.8018826223214626,-0.5499200929331529,0.04711561952137006
23719,-0.18423375289597574,0.11815299376989802,-0.44970074379061126,-0.0805787311746683,-1.11145923664793,0.03427234354427523,-0.13388478951580376,0.0,0.09146090304946594,-0.45867620049802704,-0.08109164788467521,-0.062135981127559886,-0.1329789437418743,0.039704996125320115,0.0419765060629918,0.03342123697986921,-0.7166468486517811,-0.08539637971128446,-0.8687239243204113,-0.6380318072204583,0.1017445594810072
23719,-0.1496858083213084,0.05568787439090522,-0.416661466284798,-0.24421655215873928,-0.9532103859366107,0.043632821778714005,-0.09507278714669434,0.0,-0.03818287932635295,-1.1657677113024947,-0.06687473880589972,-0.11081407715784224,-0.09487740729930341,-0.23372158311254565,0.02110715901439171,0.03060935135040663,-0.8367142855483507,-0.29643082002446164,-0.7887062742148924,-0.525228781377688,0.055789268971252685
23719,-0.14129346394676912,0.003583514172056267,-0.4063347517562597,-0.297261882011875,-0.9453604629176933,0.0461912452270032,-0.025071277191009537,0.0,-0.009664951751467157,-1.1987938628769281,-0.08275438865474397,-0.1370752178299071,-0.08748956658158086,-0.2494373305347917,0.022275044345825612,0.02875937817131384,-0.7420473483720014,-0.31418354896275125,-0.7805145428666455,-0.5628250824360651,0.05316147041531689
23738,-0.23080253610057172,-0.02654339863724002,-0.7393697348236564,-0.134253095050818,-0.05013533437467671,-0.5505154428144894,0.12565186957185878,0.0,0.043103408717753984,-0.44722275424909774,-0.008623157614163154,-0.08863968990510401,-0.12692929042609694,-0.3108350752107829,0.04453195981652411,0.04793150852468996,-0.6669615693170652,-0.8252957669818634,0.15230990959097362,0.1961906003090777,-0.11537517533464126
23759,-0.18396921050212228,-0.11202882143907811,-1.206586272320096,-0.026502340198772036,-0.06012755993936376,0.010689123836907684,0.16335086921916525,0.0,-0.1002286212801502,0.0493552243757474,-0.07597172805955331,-0.11531246995287135,-0.20358450120719926,-0.35829429042811944,0.023096383960066497,0.0442430078663111,-1.069863922042796,0.029183787344087272,-1.0367379955708462,0.08671605152423362,-0.03570274887517639
23811,-0.2099864989648864,-0.10325473720287638,-1.0555807333169698,-0.02233928957098023,-0.06652571506000658,0.05135509844261855,0.15848810152589526,0.0,-0.21202012973049594,0.03332483175383168,-0.06637527190072386,-0.12466801968793828,-0.13743248652390055,-0.3585924393020815,0.025012069510537856,0.04210030835516665,-1.0821196556308061,-0.2236722312123338,-0.917586792952444,-0.5940463536187341,0.09339722895267347
23830,-0.24838589702033434,-1.0624986818856101,-0.22768132644339903,0.024575521695618968,-0.05043010800582925,0.062104335290278104,0.128507178680639,0.0,0.051099009408077684,0.005473174895848961,-0.06191660462370908,-0.14006662853561533,-0.05003293611644459,-0.3986571777890003,-0.0010911151104970856,-1.38537687392868,-0.17079394613362053,-0.005982693404803526,-0.30462257079690647,-0.3831136086455869,0.12469716287001976
23830,-0.29069525955734393,-0.5635647501946631,-0.06032326567653401,0.014898393533436947,-0.03437762945043907,0.07274902926229058,-0.0654972438231087,0.0,0.06774143394595292,0.04662822050301023,-0.09750454806096685,-0.18068290980196797,0.04559679734020168,-0.4326261605361889,0.09028404562011175,-1.4287406241987444,0.08388914050193984,-0.24193483958143552,-0.34017720166335347,-0.37010035676771447,0.1401479025854503
23830,-0.2746425643406959,-0.4940845189709035,0.04095758459893063,0.039597423041417064,-0.0803454038488442,0.07064668594472483,-0.07073705800371874,0.0,0.06242200158779532,0.03726525377613722,0.004989162531956925,-0.19137428207841056,0.01114021339416097,-0.3555515712521964,0.014000557396697129,-1.4839270558018558,-0.0648154084284085,-0.09903325534524927,-0.3655348062291284,-0.4187526762745883,0.1520757108427084
23830,-0.1997022047219824,-0.39655191828164105,-0.9557174688653807,-0.04047822276419355,-0.037100873282139596,0.054862645841431246,-0.2207645223124413,0.0,0.021783719651101194,-0.3126791864530311,-0.07899854037498841,-0.11297008847939663,-0.09547051589396083,-0.39730919135088033,0.01780211751128351,-1.2126278229957472,-0.9612113333246238,0.02181991923944738,-0.27806101106423514,-0.3583462005844514,0.09306355661413357
23830,-0.3520430392327094,0.03889248472520538,-0.028431554592392078,-0.29531234564326336,-0.02394276582268105,0.05077253095421,-0.2677620115031418,0.0,-1.5760084395019491,-1.2443773514635676,0.013005972400588858,-0.049496427461725584,-0.1258249762983748,0.0691074623237017,-0.34068828899118353,0.041940071937811525,-0.16394855746285827,-0.2472562994903926,0.16430204864135128,0.15589983932309323,0.08054681875744875
23901,0.165095530912145,0.10230279481378377,-0.18815589432152605,0.06475341776024075,0.11280142543630692,-0.23416736201650545,-0.2988246708093477,0.0,-1.7202341400872216,-0.06317547268454546,-0.04055459997478066,-0.171169803573408,-0.17715795189663877,-0.06946462710112221,-1.0686962866928145,0.04601447801140727,-0.2528181482548209,0.022148488400525513,0.14798920043014846,-0.12830541321548625,0.1479959494298339
23930,0.09819336639084693,0.06447630571690727,-0.9436247282602905,0.08922586572143595,-0.04128652545120729,-0.020579528225331375,-0.25212328148982616,0.0,-0.011172782142943077,-1.2348082811375978,-0.01931087349737601,-0.13315162707781655,-0.168485141038085,-0.4047562350600824,0.034018885188420625,0.044689313396360404,-1.1454229840011707,-0.01753289641646772,0.17070771523693667,0.17313609800854332,-0.1454881501041665
24020,0.13307732218801294,-0.05667857421792049,-1.5916471442257316,-0.2458496025447183,-0.026901723873904118,0.09978891131011017,-0.30854105552981465,0.0,0.003327656735452261,0.05428220785245064,-0.06588591143027551,-0.15690160182679905,-0.1460832937616529,-0.43904447432697236,0.03216628826231955,0.04687835308178522,-1.0375561108604412,0.06765177874978719,0.1655628604445213,0.15116081343585486,-0.15413036042720987
24034,-0.3018314423716548,0.03529325023790891,-1.3397762899335008,-0.24544187798810366,-0.0712234622294417,-0.017354127967599813,0.14586419002893308,0.0,-0.017582214923788076,0.016441263442629393,-0.106959103963654,-0.14290640322357961,-0.1860735880794988,-0.3556825445141601,0.0226479499490994,0.04367248990999882,-0.9730236025428308,0.07777915634008671,-0.33154678008994,-0.006884889028534714,-0.029266821434363727
24054,-0.26057126536578173,-0.03293067139507956,-0.6399703046966713,0.07913179525416254,0.06597093227716364,0.05700159503326499,-0.319291054134175,0.0,0.0031357271991465617,-0.06586712292699508,-0.09022169423491061,-0.1460697914187957,-0.08984415809884186,-0.42412350732989346,0.03822250592095054,0.045192479078026704,-0.2898765767501623,0.013579495642575037,-1.0266548028443194,-0.736142356582484,0.12859580603460788
24054,-0.2790607831955118,-0.1068867089925741,-0.5361531750404892,0.06921019734475906,0.06918621797657279,0.041310446502875346,-0.3038024415240041,0.0,0.06290275460407095,0.02210292681623248,-0.09801145412417873,-0.18329425668010166,-0.07428461117680324,-0.3539875293464511,0.03523991115605435,0.04374917977464197,-0.23943970273714038,0.08309008028621089,-1.0294121922913897,-0.7495445306892063,0.11984000699434126
24054,-0.24279544884803209,0.06265591113786952,-0.5611774661011042,-0.04170907909244173,0.0681289389345291,0.05517366387388229,-0.3298115663849401,0.0,0.013882180522049486,-0.07945437594106751,-0.0838295567006258,-0.16213121514811427,-0.08324735848325618,-0.4361596225542106,0.04119717999904305,0.04318526743709302,-0.2998534797641713,0.07193167003791978,-1.0859765324494557,-0.7778793917226737,0.11332729360368454
24054,-0.20016883791700224,-0.09436102300481378,-0.5871986466733885,-0.08857150962476767,0.06766180938358128,0.05077500309577659,-0.34400793295011634,0.0,-0.010583489011146746,-0.08351657045860539,-0.07114718038970501,-0.1336830790418542,-0.09004382062849037,-0.4124500587856532,0.03923854313897862,0.04321620617059689,-0.3190588488854019,0.045106177613004596,-1.0724523453677723,-0.7337074070734054,0.12030703374506237
24054,-0.23252914765971133,0.027895636507588518,-0.5452587247888455,-0.19621189484277532,0.07113486972514756,0.048316062039566,-0.3508468083414476,0.0,-0.03771407133014959,-0.11773622895623677,-0.05939303804545643,-0.11118476545213639,-0.08236148741023472,-0.3895811701916449,0.037280123362547934,0.04419571705112095,-0.29918143749365067,0.048034525121364344,-1.0722565650554565,-0.7064947884305347,0.1257039215916837
24054,-0.26201500370141473,0.03948284650490895,-0.5694412601126951,-0.23227862441836927,0.07604471487177371,0.04322522982192165,-0.34404154605140336,0.0,-0.12316301083497856,-0.14261052839122013,-0.07416570151744253,0.0021930356900898883,-0.13167051564209176,0.030374369229357254,0.02435899184701607,0.043184034688253096,-0.38157396024468454,-0.04140261020420574,-1.1616984433951358,-0.6958886917465441,0.156473588492787
24054,-0.20707492499193758,0.09775635842957096,-0.5413195271307416,-0.33192636950640725,0.0752724452589308,0.049697775221771524,-0.3585436781574898,0.0,-0.056270858904987855,-0.13401656424474692,-0.04453717641312451,-0.13183185178047976,-0.08850179583199527,-0.3545356729535397,0.02661992433399175,0.04108672506765331,-0.3712550371280559,-0.03220548187200831,-1.0385128185933017,-0.6901771539876713,0.12473975268289915
24054,-0.1974456324913507,0.06056238689176061,-0.51858086524484,-0.473984536268596,0.05236185249932237,0.035562156285205766,-0.33693837892448886,0.0,0.055021761519207096,-0.011875316573022855,-0.06371936312718637,-0.17829424113351863,-0.06424362140436313,-0.34769804888839057,0.023223522476337098,0.0416592101130516,-0.27063890740534463,0.05498321488827673,-1.0834790643853485,-0.7193656118804135,0.12426801321678885
24066,-0.272714435092446,0.10179026687543324,0.06042806854298967,0.09438751288977935,0.06725793494725925,0.0034011889916370384,0.12920868631530819,0.0,-1.8738939325634094,-0.5295059376993895,-0.06361891925309143,0.06785189751475938,-0.018474872087769687,0.08665237214761273,-1.2728122060419396,0.05090909860562027,-0.011758197492422394,-0.20085268175717993,0.16941855214013127,0.1660845828680939,-0.1770886462098354
24092,0.10624853802119158,0.03886505671047876,-0.6258493692542385,-0.16596398174491167,-0.05697575257887664,-0.07945719595954137,0.07273093526419579,0.0,-0.03577213258228479,-1.0171471232979243,0.0077405753112085585,-0.06324596736215302,-0.12763140410582904,-0.3232210965762019,0.03956809135160418,0.04571886529541138,-1.0706401657043982,-0.7148572534353085,0.16050361549875497,0.17855732661661292,-0.1179122431463327
24115,0.07539125019157415,-0.4194772984529019,-0.019200813028697968,0.06862712688466877,-1.285307186147717,-0.03443277065527798,0.11768323651300305,0.0,0.050244927451079675,-0.1426034874555751,-0.11311320013543166,-0.14004344138813632,0.04482659111943355,-0.2525875969472714,0.06657378194352938,-1.4821885748954706,0.019274140176704757,0.05760793586505078,0.1648910474834533,-0.25398092451168797,0.031409294346529275
24115,0.07430567867547123,-1.1569061630912088,0.06605360130412027,0.05409480016196919,-1.3849453339571804,-0.04994567224410742,0.12872383588317288,0.0,0.0905781639550995,-0.13130684658289102,0.06853166073274265,0.028854921106176053,0.06447125047134966,-0.2693184715009531,0.05458061500275148,-1.5097630272366618,-0.1297056370434624,0.09173710254424743,0.17442179803215077,0.14751660768169605,-0.022403001638973966
24200,-0.2561735844005279,-0.11819216579469455,-0.9214568417143216,0.071442410044895,-0.08072061392445506,-0.25947493602509547,0.1484464193590092,0.0,-0.009445688376819417,0.05835825185035327,-0.10058699284374618,-0.16544482140363315,-0.17302021525146388,-0.4239309137919418,0.0212061477843376,0.04935499774598028,-0.7269248757441718,0.04182543802486445,-0.31541882270917454,-0.040861912855425106,-0.35882456394427303
24238,-0.2728628659584913,0.03828837557697391,-0.582182828614725,0.11007003099388141,-0.8443286283461674,0.055692294851512884,0.13727264134170644,0.0,-0.7687835314854935,-0.10053572160422165,-0.03869321526117429,-0.06191891859529878,-0.16548716474190409,-0.281556058993838,0.027474949622042364,0.04073420764100474,-0.6336695724994531,0.0513314986453966,0.13836560411291945,-0.3509064241621635,-0.06054354211809534
24288,0.1145196306959905,-0.07465485661810847,-0.44948018480216806,-0.15379488622044155,-1.2316490965110358,0.05296061346248286,-0.09502159237828744,0.0,-0.0555502136132685,0.06108723798629691,-0.054890135690881574,0.032126864039627744,-0.15869663930961742,0.08307865452720786,0.02995862314535308,0.04402390180671813,-0.2001038776708274,-0.7680452345525178,-0.9898843163450463,0.045613916850145916,0.09301233422754619
24304,-0.3337433547902553,-0.39154772407926386,-0.225463184846747,0.012921023918605676,-0.14560387855417187,-0.11257341165705767,-0.40917286899450894,0.0,-0.09907544777453994,-0.06545619845918026,-0.057728485924212994,-0.17004868216849936,-0.05826519023285936,-0.433150972111508,0.03807842781543231,-1.345021376025209,-0.07171483469375897,-0.030267753304281778,-0.4169317101342003,-0.023888837983592023,-0.28980763230508805
24363,-0.27978927419803234,0.06525736238577627,-0.07346507803198518,-0.023793369258309577,0.07236869225483981,0.04440735641230636,-0.3235559749974259,0.0,-0.0752052709250672,-0.4378613710089699,-0.09788164729059808,0.0030659143524861205,0.05747584115570865,-0.09802972555547994,-0.17667259396357626,0.04758730670819345,-0.1621390776511364,-0.27412435381766825,-1.055549585950285,-0.7070638280794792,0.13762647050591634
24363,-0.27023481413714945,0.08236553026095056,-0.5704821670988967,-0.13292699612897602,0.07672052254551205,0.03570544659348001,-0.32345925741530873,0.0,-0.11428547945636254,-0.4655336533722664,-0.057314013185312734,-0.01916142418849744,-0.11706701685075725,0.058238999706621546,0.025290577557335242,0.039210364961333136,-0.974167591119304,-0.3214962336620535,-1.0191930731128998,-0.6034839366003532,0.13568828804269092
24363,-0.2890778617342983,0.05425681204131987,-0.038743372245492055,-0.2301554169335622,0.0678349663550185,0.05388034675910778,-0.37851198923014306,0.0,-0.08926785911995663,-0.4754063451878778,-0.07442375142226233,0.03222711199690713,-0.12495128216560909,0.06772320175336777,-0.10868045512841501,0.04468794272811493,-0.24975015002159562,-0.3349475355528521,-1.0646650132701816,-0.6742912055368042,0.14738712232900378
24363,-0.18682777837122858,-0.0710243943935649,-0.5685176537167345,-0.2845566833333325,0.08928314023290944,0.04261025377653296,-0.3080107429723063,0.0,-0.06727876339991463,-0.3573790285634016,-0.05630917503141169,-0.08933626032982289,-0.0871598667421843,-0.30685832599530105,0.029091147137516933,0.037811104165710874,-0.9098617812888647,-0.3359081665855637,-0.9290439926872763,-0.5328008440314096,0.09790367289046963
24363,-0.2068735384217122,0.009219949919200656,-0.5065615621051235,-0.43451368055200784,0.08192514942760386,0.0511900301591926,-0.3491061539745271,0.0,0.07351233298475832,0.006645879802991163,-0.07779354871524627,-0.1611116469490231,-0.07892820376926989,-0.37115612095821576,0.021919912039060855,0.03934645369242516,-0.7496473647891451,-0.20116164500737835,-1.0497132372928775,-0.5936363546991815,0.10943427907686928
24363,-0.2493904779447346,-0.06344109047839422,-0.08117422367143624,-0.4479649266154329,0.06550344267700951,0.04599598647063402,-0.3616596621841947,0.0,-0.0399372586727558,-0.4128203501019021,-0.07382707290264795,-0.14536322718206243,0.0493883672342079,-0.3990623692135889,-0.10147376179305816,0.04253619345262914,-0.17584822393336058,-0.3718047452586259,-1.0135900927207357,-0.6445440233180502,0.12410050366628485
24363,-0.2860067901186498,0.04182233729955839,-0.06523826863523452,-0.5783080330432576,0.05296228464289524,0.044843870224309246,-0.29792030342282816,0.0,0.039751304859878274,-0.09759636795102779,-0.01610285299497053,-0.20345913814527886,0.07593516950928142,-0.09216380355982888,0.03711028046046577,0.04467727211050936,-0.11007421576751864,-0.3202231982619534,-1.1391011076534525,-0.7089443419048661,0.11161852099288401
24377,0.1342668862489679,-0.6931261602894773,0.066751772141384,0.058980008053507234,0.05078400462211411,-0.025296624137602978,-0.13291102685112294,0.0,-1.5276555933340248,-0.10564369577336453,0.007531467770380054,-0.020777986415112137,-0.001289940031334853,0.0466924221898956,-0.7097328411710361,-1.5813168337595351,0.0578431280085477,0.05426254839491029,0.1697627042344497,0.19065999508621165,-0.2046040959314083
24382,-0.17953035959737212,-1.2333855956223656,0.06481871852906602,0.07373906459821063,0.04427577860834138,-0.10661195213445278,0.1704094578242331,0.0,0.07045103750453559,0.04954877868591698,-0.1165949139674147,-0.2862849629353385,0.09634889923427561,-0.4024523781367761,0.04348204983778712,-1.6190607651502773,0.05989976981526231,0.048127503314224,-0.19771564796447116,0.05682180311963262,-0.1420762256166472
24421,0.12662103541338107,0.08887105252612247,-1.5976687704592638,-0.15402704793165495,0.09059196456957312,0.020370524374891882,-0.1928732553574668,0.0,-1.41787190720355,-0.519626299741559,-0.02139776927636484,-0.09282865016250053,-0.14474816224686207,-0.2431680417571917,0.030018859048200314,0.04175870493727882,-0.9961651761102991,-0.5169898031369499,0.14307299812519464,0.12669449661408513,0.08805519082690609
24445,-0.2282956639011147,0.06395065325137664,-0.6069131453123262,0.0847382494020769,-0.09928955867221927,-0.016604289907168796,0.15556966236441508,0.0,0.060217211371264984,-0.11249409324314583,-0.07900963244124846,-0.16058980677061763,-0.09274349475995786,-0.34408158618413687,0.029037197156100838,0.047688924650779285,-0.5339728874947689,0.08900096975344608,-1.0772159719230425,-0.7384713634231871,-0.1560589803203662
24445,-0.1714035725434278,0.06367826543491961,-0.5982205520059816,0.08911282306293077,-0.10258122348283279,-0.025065197483198028,0.15358242789383952,0.0,-0.03905603044597789,-0.40089279994163546,-0.04813970366835328,-0.10532209016362908,-0.06861227943032601,-0.3297228148151057,0.0357015938220148,0.04332496091450902,-0.7498435967911032,0.08566011000257213,-1.033801820420917,-0.7227128313291569,-0.15550342699283948
24445,-0.15176650341820308,0.06482706913051381,-0.7917722431415115,0.0933938111516789,-0.10231060646209687,-0.0288275371750375,0.1476590550125263,0.0,-0.039244362274111995,-0.3935370731324022,-0.040976566662831615,-0.11971643097061792,-0.0695615550438548,-0.32903885504423,0.03523678139042894,0.044920762695728006,-0.8990200165198208,0.08416072505350834,-0.975793042878089,-0.7085727648775442,-0.13611112201729456
24445,-0.1631128007890298,0.07136086413420073,-0.5722254433328879,0.09691112480592214,-0.10718635968244133,-0.02204523918592149,0.14604444542398853,0.0,-0.028371712262846766,-0.4731355111456104,-0.039581117226017606,-0.12675934486173787,-0.07404779129326296,-0.32794856777819625,0.03419364142360105,0.043165483077362114,-0.715327265545261,0.08022216438474057,-1.0564040895568114,-0.7288466023756883,-0.15959662178791711
24582,-0.23763532000222257,-0.061264571091244065,-1.1671299340905483,-0.08081847010596614,-0.3858680879050395,0.041342077109137655,-0.3192775065556342,0.0,0.06570344627970626,0.06256702272220475,-0.1500010653110965,-0.20055054978171347,-0.1314102110883546,-0.4444097634589849,0.006224931778615344,0.045497454470596665,-0.8918334842576036,0.04935506615407121,-0.22831126770433155,0.03460691179675486,0.08780740716502759
24674,0.07637832063228403,0.0824671293662587,-1.0419274211874587,0.002190452138393462,-0.06520508849270971,-0.3194089543321774,0.14451652561412937,0.0,0.014386862651240062,-0.04441839984354001,-0.0733851948451877,-0.2125391896197685,-0.10051652829308604,-0.38349807155433446,0.025620768001187743,0.04738455717682173,-1.0786560172310775,0.033595438147255276,-1.0691517542399835,-0.7037278026843965,0.10297920184425867
24687,0.1180617608536246,-0.4417592338215276,-1.316166279575066,-0.01723104551202111,-0.005489733414200167,0.05314892658420169,0.11961221245352602,0.0,0.02157095173022494,0.048789320791957184,-0.09529708916711734,-0.127641066413635,-0.14453880899629754,-0.39560313569700106,0.020267885300992692,0.046135284805654306,-1.1495512617259849,0.06472988867408444,0.15160196271419646,-0.2552943107905037,-0.03420712471079852
24794,0.12227497439786211,-1.0375048236926354,-0.1146449925134567,0.03248823204412663,-0.0629900332475288,0.06651250574448624,-0.21929859397132598,0.0,0.0882140825941877,0.04314161768357276,-0.10780865059536965,-0.06973431932910745,-0.078159115121274,0.11211190229745518,0.06984172400468534,-1.451634632085318,0.06885495410026068,0.03695445567001397,-0.2845993360554608,-0.3506432443941391,-0.341298662731249
24794,0.1144086406761313,0.0935564225904749,0.06974952361900845,0.013341041655857006,0.0030772253043685484,0.06722872310767494,-0.2514633212204376,0.0,-1.8053912084652972,-0.8723052823901484,-0.0009409034814361558,-0.14986353590312973,-0.10321544745478431,0.07863746606109205,-1.239375912956653,0.04320770155779915,0.07604919404819767,-0.05726348857218067,0.17577846621362897,0.15907752444295958,-0.37546787377638585
24794,0.09279708277331533,0.06285083394324463,0.07500545275470193,0.021028156373043925,-0.008025995360008378,0.03864706789778475,-0.26550797929276676,0.0,-1.67462831840692,-0.63550016467012,-0.18251552898756696,0.028498743746395837,0.052213469997357514,-0.04698809486516789,-0.6526289594603586,0.03947260246895768,0.06915696033451824,-0.02142442160227495,-1.059285077505662,-0.7176737418216245,-0.41284926747577616
24794,0.13132510008961662,0.05503153874173718,0.06928521722083972,-0.1523542047229754,-0.0299204271985436,0.04029152357966084,-0.19949062755090746,0.0,-0.9658083380839887,-0.4562654309572061,-0.10128128398095992,0.03618861915169264,0.06400383873009374,0.10664072517515187,-0.5294377793527477,0.0423314478002945,-0.0797687015685113,-0.045738832344597836,-1.1901058747714715,-0.7419862820765554,-0.49133886189134757
24794,0.1129400148869867,0.026354212536557783,0.07940063249097558,-0.06138100072641107,-0.0207738215760263,0.06090529211557513,-0.17121475284543766,0.0,-1.4805584318251253,-0.5459334076263178,-0.0770249993596404,0.03371105800494833,0.059046807664056115,0.08912406343584026,-0.8282121299171191,0.042405367898526336,0.07916353680504837,-0.01161505403924349,-1.0866904896324876,-0.6885966858174281,-0.38341810932700787
24794,0.12916450757029213,0.06828285013406406,0.08273083057770556,-0.1631701711700381,-0.03922616742197847,0.03903567108865813,-0.1797629663492353,0.0,-1.6858974066024912,-0.730296746483099,-0.15938649104639324,0.08089911969840044,0.10226570904480997,0.10418145930560298,-0.9921845628615662,0.047611472551538504,0.0821465388296005,-0.14130375403768577,0.16549660769155308,-0.16272693162882002,-0.43145908629870966
24794,0.08521175434983297,-0.10052906891211186,0.052366085054408165,-0.22416737816660307,-0.04698610333690533,0.06974686235898038,-0.2444251007408227,0.0,-0.5178198266974208,-0.14140912520556814,0.02833451452661385,-0.02023419518265274,-0.09027220031648095,0.12531190720240773,-0.131004938403551,0.044305230062350064,0.09910671668045813,-0.053102902223081005,-1.202020536455957,-0.7769520728798107,-0.4704757068178138
24794,0.11465650647485295,0.07300829094910685,0.08150943788776578,-0.1889552696265619,0.012870423520499592,0.05738641552814887,-0.17629068221146668,0.0,-1.531202742415566,-0.5280900104859468,0.019404499603913748,0.0661371215239244,0.09374538359346965,0.10781357647489952,-0.5899879628724259,0.04475723744526978,0.08477105149748533,-0.002563318931152542,-1.0834354990035215,-0.6992726427384295,-0.4168411154369271
24797,0.09895036799474903,-0.16482653112535064,-0.8983513506906595,-0.13300667119546433,-1.1051829550152819,0.010621855556856043,0.1091971765419572,0.0,-0.08311915266783525,-0.06620908163689136,-0.03154509883442006,-0.15156136320661542,-0.08792997717055064,-0.2587050452013295,0.032393892098302894,0.042141167881938384,-0.9693768494290526,-0.3474647454997154,0.1512869805622814,0.16920428776221538,0.03060957076247432
24797,0.09583292178019981,-0.05739966811527538,-0.868918792167514,-0.016882438355149805,-1.1918641460312942,0.023723187825250933,-0.36327219414096457,0.0,-0.005834621657347177,-0.01988383471892826,-0.0613837256171523,-0.13447132610827908,-0.11507453811186233,-0.3668055511475836,0.036022438199853554,0.04110597793048287,-0.9782386394798976,-0.047545798682867804,0.1582406358897461,0.1822180554621194,-0.0159587682288301
24877,0.09494344941072105,-0.4680226067830155,-0.06746364478062802,-0.2557889042874398,-0.014619993997100261,-0.3898869348189863,-0.3450094070233768,0.0,0.06252530116674068,0.053875166032560526,-0.013738578899058572,-0.30858484718558793,0.0175830622789887,-0.5265440109829559,-0.035253592277460166,-1.450896927879939,0.07125964044478714,-0.002332851531602578,-0.2863106149943837,-0.0007424857727457412,0.11607309255399312
24904,-0.2689285167536542,0.06811320147058267,-1.3491614092101232,-0.18965728518440203,-0.05478508240449724,-0.1910851091535727,0.09676378254190789,0.0,-0.043342477251988955,-0.08638166152005294,-0.06479885024258138,-0.16389607021699354,-0.2019987462337891,-0.3579196161701208,0.028423278521357936,0.046747562488673,-1.027374145318985,-0.8857317796121447,0.13364700550501504,0.16552725110715538,-0.12953775285208066
24973,0.13313312140988282,0.1053431247238898,0.04374546128652151,-0.21440643582296637,-0.20424858761313175,0.028161016022271442,-0.17882017714624035,0.0,-1.660097339208143,-0.5249750409809864,-0.10422962238005694,0.06657972904484172,0.05372569267727639,0.026837896979573082,-0.5768836496565759,0.05051879604077511,-0.02285817955574359,-0.8343200398109909,0.16556186146712948,-0.2783318088768392,0.13004288771055722
24991,0.07625796040857089,-0.9677040807370324,-0.9729120633104958,0.07690468873070927,0.05133633676482306,0.0051532269043239026,0.11336448814430299,0.0,0.05635150634316232,-0.2153324493798388,-0.0005263603722391876,-0.13750654830554793,-0.032212035729958774,-0.31700985701165707,0.026820134735155304,-1.4045221888333246,-0.9106579264085025,-0.023213519807992154,0.15126518069914222,0.17171657511140928,-0.13315126128066695
24991,0.05559995492809548,-1.2441684429129047,0.0736055141909916,-0.0644049319045301,0.021490397419085244,-0.029004791166005697,0.11609242274807505,0.0,0.012914018813430201,-0.5909000512307707,0.07349251579581163,0.03415689686767162,0.029565597554516987,0.0820896243044356,0.013437734545208512,-1.9039264173372705,0.07509538173124726,-0.20418275360074797,0.15494384807944075,0.16414191501741876,-0.2458067712459076
24991,0.06630921425157928,-1.1628212151189399,0.07290076531629171,-0.024091079536385784,0.01630014641862538,-0.03828044598108381,0.104197892954149,0.0,-0.18202528460410228,-0.722650331079208,0.06762282937821354,0.03323109961814765,0.027544179999942152,0.11643785720183374,-0.12478697513910168,-1.814180643356635,0.06834119696661707,-0.24329873489293533,0.15154506530576284,0.15983032911307607,-0.2409647522112891
24991,0.07892804808569831,-0.9732885836431201,0.09010318155987453,-0.03576638590866968,0.026033380419427554,-0.042251342260987285,0.10075066057721761,0.0,-0.18448081460575488,-0.7831855141144898,0.06271099518697482,0.04582171318689834,0.06976447678012687,0.11724731759341951,-0.13522455828055763,-1.703338721192023,0.05023420054613582,-0.32865641505363746,0.14869220281694615,0.21051989953884306,-0.2312640608102355
25366,0.09737605411901905,0.07544110140822369,0.09248126680912902,0.009319453003419709,0.07501051940259125,0.054656226472716916,-0.3126581194026136,0.0,-0.3439231710590784,-0.16829256909779414,-0.08201079055272768,-0.08205768866567036,-0.08592616943718336,0.07926208977522005,-0.6715900140005203,0.04502146883421212,0.001108744727046528,-0.1738734175216927,-1.216669138601613,-0.8922164576325982,-0.11408280506785487
25366,0.15588112682954863,0.08478850910797178,0.07838627689801807,0.0748279868453808,0.1365466301650807,0.054040715552181706,-0.30321444636239464,0.0,-1.8277740106882774,-0.49886853944586573,0.02578389129455091,-0.20235586495298213,0.04924715030775411,0.06007731084901726,-1.1590617649476511,0.05001585558064783,-0.0361281139036995,-0.1795878151009997,0.16112290714450045,-0.1641793311642944,-0.06155311863189168
25366,0.11838536126930113,0.06572856660567818,0.06745387355271552,0.037386921854412086,0.06330637992676903,0.05175833872060112,-0.2936005546570211,0.0,-1.1832829302893724,-0.49002320504292235,-0.14583970866048895,0.0642895454343145,0.021340933838429808,0.05868070097963115,-0.6092968058922271,0.04782141677200992,-0.07776602888751916,-0.14527890759434767,-1.082423415527224,-0.8978157193801158,-0.09642851683944069
25371,0.07517025761184726,-0.49722503457924055,0.09378121127129063,-0.2382124933855543,-0.02918063930721765,0.01151555546985102,-0.034214608850379226,0.0,-1.724378249316851,-0.1000146165535823,-0.04463673472897111,-0.2002107836937734,0.042558192590787115,-0.171135533869357,-0.3950605520594041,-1.4057762551661697,0.023964360171047198,-0.04776103632369576,0.18565191260403566,0.16692436589242013,0.10318029332942058
25441,-0.24324770574228086,-0.48679374388807867,0.000829065422118,0.02584148474769459,-0.30924698819498675,-0.5140872531320624,0.13716785942353502,0.0,0.059604630204122586,0.0423567608622623,0.03265068455280546,-0.24656843642767068,0.03991683140248051,-0.37231358072818016,0.008365465825433537,-1.5347884229802187,0.08563906424591512,-0.0052262676834413735,-0.33384519181549055,0.030012589985602092,-0.21807472077095552
25441,-0.2934059680229046,0.07411268972533405,0.08045098139638844,-0.05097693732971369,-0.4638362712059526,-0.4547046146807001,0.11956496840749274,0.0,-1.4052375610462036,-1.2374620895473676,-0.004320723045691091,-0.06975768745213119,0.03450742354022331,0.08823030350225174,-0.6508179202073906,0.044396788035834224,0.055040055194192326,-0.1921929773790557,0.1476582780229797,0.1505136393446902,-0.21103534342597927
25493,-0.2000272682853321,0.056987755540350064,-0.5054036932516047,0.11390550456245734,-0.2041334921483792,0.03301038641341375,-0.40279591069533727,0.0,0.06279928278716318,-0.5458381359070836,-0.09126037136077264,-0.135583240970479,-0.07076202962370591,-0.31409187285696716,0.027501898512949405,0.03974095216491233,-0.5183870167654784,0.11348225968644256,-0.927735149209123,-0.6692445613739857,-0.1409184667494149
25493,-0.2140474431115219,0.0627969423289567,-0.46689415271872925,0.11059257894917182,-0.21381102093816018,0.03703450531850931,-0.3105276616488529,0.0,-0.06782347842445148,-1.056378323849396,-0.07497692759999697,-0.11355977497569034,-0.09648091648229172,-0.2902155460329428,0.023069498846894482,0.036434248055324116,-0.6474043262891593,-0.04200955715840748,-0.9434009359509429,-0.5999311739067071,-0.13774323862748816
25493,-0.20190664157294969,0.06424213835029242,-0.5000333790404827,0.05493229242209015,-0.2619894532649832,0.029359494668865074,-0.30592405128395644,0.0,-0.06421143718303081,-1.0746457906074747,-0.09132385406402568,0.026963390032021778,-0.11547607221914678,0.07550704908833944,0.021561077609214867,0.038869428630546835,-0.6711367834668335,-0.08392564352203968,-0.9526917045965386,-0.6317878423786205,-0.15950801364699738
25493,-0.18800033528430263,0.053370587024664795,-0.1968770645459998,-0.012923042154731064,-0.27050770739526553,0.04128813643627432,-0.37384843386913824,0.0,0.08646463147521471,-0.6645669647854511,-0.14252844811689477,-0.04645406872067367,-0.11424284276871054,0.13311211452566088,0.06709361223614364,0.039023798849493925,-0.25857510309228465,0.006690135941919882,-1.005582707037338,-0.7347458535221275,-0.24015242208961612
25493,-0.27925933836089434,0.06456450075099168,0.06938358620195549,-0.034964317931547306,-0.3890947324664968,0.04576396501227883,-0.31900545911730055,0.0,-0.040356143063645884,-1.2400807207883093,-0.060576503993936964,-0.054999288717032725,0.09134738820291306,0.01492610835763731,0.017762960748687964,0.04259150447980019,0.0683051585761614,-0.06262780448121141,-1.0223334496339953,-0.7208207947254489,-0.2110520917181072
25493,-0.21970341539516905,-0.09668828123280591,-0.19919121686232732,-0.0872503647778678,-0.24238443710929783,0.043270901368209456,-0.3739819065710799,0.0,0.07258040437685048,-0.5209667760260939,-0.16157851269711052,-0.02379979465594021,-0.10566631675594249,0.08374323204397889,0.05583141600109239,0.0384464349207935,-0.21120277276644853,0.03862607495455658,-1.0251091346943775,-0.7520805434479751,-0.21381671172995428
25493,-0.20367632937437266,0.04103171036719754,-0.14206611028884591,-0.09382678647136725,-0.30521768356704004,0.046083063814616874,-0.3186286962276368,0.0,-0.015659417270647853,-1.1818747364753053,-0.11100143692891962,0.031168989715423253,-0.1181783330537277,0.06903821408884461,-0.1321624572008678,0.03961949796434427,-0.2490766920881847,-0.08245546610679924,-0.9322401872453177,-0.7421335279910725,-0.20220632654576803
25547,0.1088347721291102,0.06120314422439357,-1.710183543094541,-0.12923830137633752,0.040213238032497024,-0.5636983089970986,-0.2294931733178625,0.0,0.09018535871643207,0.0429957679727803,-0.061118443357467876,-0.21449285509083918,-0.17303178142036396,-0.3823385866714845,0.031491094885577664,0.04544293559638667,-0.885642220927998,-0.7011063033824534,0.13051789676988196,0.1416448613520549,0.061094200883834535
25547,0.10414859329647264,-0.12013898671905461,0.047694222011286626,0.12094913224847803,0.05043595244287635,-0.5099527632866608,-0.34681637504818147,0.0,-0.9245547455756856,-0.5445584181395736,0.038707418428455924,-0.3302117480389465,0.12510575887609587,-0.07468399647326635,-0.06576943974607644,0.05361141060776086,0.09894258212780183,0.059513359225673974,-1.143244751609239,-0.1602386620723573,0.13738295547165447
25573,0.09554789198771639,0.07340624182402716,-0.11448747867813096,0.06708939279760921,0.1066226061130253,-0.05104330218120698,-0.1276319376495949,0.0,-1.5476261485724274,-0.4679967112024186,0.048492728705636624,-0.08201320374317701,-0.1089873322099906,-0.17275949912408492,-1.1187970945757042,0.0388147306502225,-0.20890469027289177,-0.01426997955738597,0.174557012524203,0.16761977339280748,-0.3880094533893583
25610,-0.21013756988107832,0.07048743744533134,-0.8690353878002903,0.08315808991616758,0.01140227658172949,0.05051914920873505,0.13733554212198695,0.0,0.0939328381909784,0.055718455270710794,-0.09565021392775737,-0.16912695047955437,-0.06487446861240276,-0.357037992505385,0.024988899126771755,0.045113954166187915,-0.8531532939905987,0.05433154575075319,-0.9911304820116025,-0.6991814271793729,0.09269184908940836
25610,-0.2777719752133025,0.051061436030548746,-0.5571420949700394,-0.10071713365843499,-0.00785819102179979,0.046689708357846145,0.1505655624625982,0.0,-0.08178630104877274,-0.11603805763734339,-0.04039527570184471,-0.07684989567880209,-0.17720552318061758,-0.3618429134202331,0.025051543077994533,0.043239181623621954,-0.9878038681933426,-0.21425981367844013,-1.145053090686595,-0.016164379393993917,0.08876123139065306
25695,-0.22842722670692187,-0.009299344085913564,-0.49436869771160685,0.10500617277517982,-0.02574480353369138,0.001832873931406001,-0.2559647589376567,0.0,-0.12295103638642138,-0.22273850698820274,-0.03548959710180846,-0.11428618448417839,-0.05997626563286641,-0.32186642741312255,0.02897115610516094,0.040690665338930246,-0.789550241201836,-0.04131754888459358,-1.054835393979404,-0.6760701389047798,0.09995218311017222
25695,-0.25165300405313124,0.11174901139540189,-0.5638153358578692,0.05923306732315259,-0.06795533733141991,0.02168656574999992,-0.2795714916396156,0.0,-0.0464124886923463,-0.1256398231717089,-0.05181191414075984,0.030232708374406354,-0.13450143449014254,0.04380691832310278,0.043168291200670506,0.04562678154353106,-0.7192397914274375,-0.03734520166212125,-1.1131004529574282,-0.7289981957738881,0.12160033159538175
25695,-0.20568168160729558,-0.2615427248637299,-0.524558261684901,-0.16026237245496938,-0.0396130703395833,0.03824913896518301,-0.14749186410767923,0.0,0.08521761626830442,0.046077276189030986,-0.0682063764478498,-0.1430118727825578,-0.004994507848167719,-0.3801479665257403,0.027387203882357596,0.042402179003875884,-0.30806220777968174,0.07446946394459181,-1.037111837180199,-0.7274607425967906,0.12235109799873396
25695,-0.28680499698510076,0.031834457342723665,-0.20208845147546886,-0.20096059358408075,-0.0548166160316129,-0.0013188881300762562,-0.16884857180019755,0.0,-0.09556660397626583,-0.11980061842399559,-0.0183218054295556,-0.212808847941892,-0.10525631066371187,0.025913754167731076,-0.11591864507269077,0.044576417090039004,-0.2756454537973885,-0.08976798783368492,-1.0566215230435705,-0.7171650738092712,0.13134542901319443
25718,-0.1736022532712072,0.0785493275826507,-0.6423554382095866,0.12000231329327012,-0.30183249205264046,0.009515505397143069,-0.19417296243037138,0.0,0.006591628643426034,-0.6188247514680038,-0.05794679699254895,-0.13900776043738025,-0.07116516235230859,-0.35241598830823734,0.029712199643836743,0.04266914309127037,-0.8406917033692005,0.045531978998255423,-0.8729433031612618,-0.6656271476506264,0.0866974663565838
25718,-0.163013037139616,0.06928285227602335,0.047861148891936746,0.1308871048582887,-0.4484662987893827,0.025742370108748542,-0.23064946422783844,0.0,0.0032984843141840164,-0.6383298487983504,-0.06539113270881447,-0.16188774218848703,-0.15174281378260526,-0.36550551078905474,0.024434894266684458,0.043101377080491006,-0.09012193828447637,0.05362882861160396,-1.0674436261197695,-0.7834715695511817,0.11755523741014717
25718,-0.2147607872173816,0.1016776443517879,-0.4180583046530583,0.13747343527229325,-0.4238048540208752,0.03036673937892497,-0.24607110566681778,0.0,0.055084486313813866,-0.627482154265706,-0.09673789340508987,0.06003941124516438,-0.11313629547830717,0.12374913784039737,0.0440389201426125,0.03980504175644492,-0.35899067859242045,0.03412868959517056,-0.9952063200573769,-0.7117716292175352,0.1447545072316656
25718,-0.19670012305700024,0.057769095452431245,-0.49322425458341423,0.010469684467742069,-0.3386657949859318,0.019716524678416596,-0.13821152227584532,0.0,-0.04491365780884289,-0.6493692747176132,-0.04206003302253066,-0.12114618106685528,-0.07945493504341235,-0.34486218136493224,0.0321827053813373,0.04191224024823372,-0.6771719852384398,-0.015413206199776677,-0.9265203658798352,-0.6578080189548825,0.11123716599741326
25718,-0.19910358550402418,0.07562015926288759,-0.478649614968918,-0.13191011234755828,-0.3495380909602733,0.02334550222563323,-0.18286976782564462,0.0,-0.022693290136521296,-0.6622008332345563,-0.055158245579516256,-0.12003622000472407,-0.09999440183501675,-0.36295238950658526,0.02919549630382133,0.03964706217928161,-0.7242422529761566,-0.04004182280831888,-0.9300348992007696,-0.6620879408777145,0.10696399979256291
25718,-0.20533025566621246,0.01863577699052742,-0.5359246433312496,-0.16337862815782966,-0.4357434846855375,0.03772480382691935,-0.21693640848275839,0.0,-0.03929187631118417,-0.6682048760067887,-0.07759009206581949,0.018090267102378692,-0.11710181823535266,0.06549054500309315,0.024645558751951267,0.04171056859312686,-0.7328187359733342,-0.07054318512884522,-0.9629716809810858,-0.6179126763040563,0.13522211325955236
25718,-0.19388281103548172,0.07719162714931654,-0.46880362849873886,-0.3178620614390646,-0.3592239937602958,0.023373474232055665,-0.17108160980916354,0.0,-0.03293260115444796,-0.7074239005683448,-0.05920896633494766,-0.12599333696792342,-0.10758744632753962,-0.3087295880367144,0.02832671990722054,0.03940673304220486,-0.6681523726133299,-0.08827539079337597,-0.9171633943891662,-0.6396603667013009,0.10893878122258699
25718,-0.17869308426620195,0.06519564847370503,-0.49931228820138407,-0.34803351992812737,-0.3698527252738886,0.027275183784936742,-0.2224594730400315,0.0,0.07994164137636518,-0.3874489172747266,-0.05904595347926283,-0.14319915066091968,-0.05980411945923192,-0.32336986627547565,0.03187833593507421,0.038333463308485416,-0.3735310677182146,-0.0014313993882239537,-0.9411300740254054,-0.6962355359175308,0.11452690564274139
25744,-0.17694010724038461,0.07532560363906825,-0.7321789914329961,0.10590903460466071,-0.0831695274604029,0.05359231088186452,-0.22334319960284943,0.0,-0.18128042437722297,-0.946060927088989,-0.032630700768588136,-0.1263650668791895,-0.10002003847717329,-0.34045154530587257,0.023064228464879072,0.04002380813034084,-0.9451585765656139,-0.02237519833496582,-0.9013556716303656,-0.5789532497580929,0.07341224423120477
25744,-0.2916551518902518,0.05820700542501281,-0.24920744889623866,-0.11146794880009837,-0.10139864915704108,0.06840863721667592,-0.2144504453601561,0.0,0.08710916257028459,-0.039922452898588076,-0.10624802796760972,-0.10007808796758873,-0.11979171732856,0.01939253387424866,0.0455041496611282,0.044827353801452835,-0.19402879414395643,-0.8118179256835636,-1.0413746098367418,-0.706873455371074,0.1563421649774592
25744,-0.2260958250104423,-0.15760642097875274,-0.4011320693002504,0.08307798542668889,-0.10573400051914188,0.054293377889903204,-0.22716819694423465,0.0,-0.4194386482972875,-1.1423238174139982,-0.06499025229475795,-0.17111967758336924,-0.15059550077670447,0.07848258910808344,-0.10206058640717458,0.04042140032719588,-0.686360781214426,0.02035050387786396,-0.9281256661555395,-0.5700136645123103,0.09560693564933608
25744,-0.21261607287556777,0.059912415043436626,-0.5582740260564234,0.10412214210495153,-0.07563621589377796,0.05544263737161504,-0.31247856653694206,0.0,0.010740898006407238,-0.5115890663928824,-0.07007524838910595,-0.12757082558670094,-0.0756195630346745,-0.3873750463730237,0.031723852382349156,0.0412482914196455,-0.7469150967636469,0.0056856508364542535,-0.99053911716296,-0.6388774199075868,0.10023090634857074
25744,-0.23881685393815538,0.10907055643445185,-0.5870910137876981,0.05016148136162135,-0.10373987076606532,0.050770885283592755,-0.33770127331251515,0.0,0.08095374999351661,-0.09391969967836725,-0.0978707922642686,-0.14776615226798925,-0.07542957527773259,-0.3976503655630385,0.02762546141211152,0.043074262886951896,-0.2805632538983103,0.07990109904824885,-1.025686789456529,-0.7609602885671488,0.10743154040079518
25744,-0.23443820174476415,-0.24193909440432532,-0.582569680865403,-0.02896895048220044,-0.1335402163558535,0.05321711851451711,-0.34065487014893914,0.0,0.0664796820501513,-0.18074436652819018,-0.11285773149805683,0.007190565739439963,-0.08385618165486167,0.05582127071483112,0.021250460325668238,0.04083669959353681,-0.4345809041078846,-0.0040625254170161655,-1.1125993215996122,-0.6896013355327132,0.12873386854754998
25744,-0.2624299876958572,0.055161394259405326,-0.5015215121278095,-0.20843284667268502,-0.13295622796286585,0.054513805681075396,-0.32918476783105416,0.0,0.06880900984800764,-0.27037400853966154,-0.12446741705505614,-0.005478248175598032,-0.11243225452261743,0.05713955782016977,0.0250195785801408,0.03973383185005436,-0.3460746157067081,-0.012306682428872862,-1.1355631606349907,-0.6948286839733779,0.13044120121852953
25744,-0.17335181027124716,-0.0901595122392274,-0.5411938323733151,-0.3079555632663928,-0.0981223171510925,0.046953324522277844,-0.3547633178506396,0.0,0.05146339271674777,-0.3135664737453671,-0.08683906633267538,-0.11924672133334542,-0.08807628526403768,-0.3437273057941001,0.026708544589042236,0.03758772131900726,-0.6612095126898323,-0.047972897087707696,-0.9676597912275683,-0.5993602271359841,0.09010787566947864
25747,0.11108726639837248,-0.15167691763291352,-0.8089288354417317,-0.25716823084826784,-0.04707666388363444,0.046261996396223436,0.12328805107191547,0.0,0.05029346813013981,0.06925707775858075,-0.10208705305030703,-0.14393678476253569,-0.16194813393512866,-0.3488237267857714,-0.019684338917995738,0.04354411335132979,-0.8488436479096506,0.056617251418495176,-1.0121244470968742,0.0360616074784939,-0.3956267891434097
25812,-0.24004554916149495,-0.11493504278555332,-0.7274526726052425,-0.15462924932738922,-0.07894480603998667,0.05875263230883345,0.11042036366068225,0.0,-0.7023821490360489,-0.38927551418212986,0.008920144590299635,-0.09984785901098304,-0.030678247873556407,-0.27949183899382257,0.022572961546625747,0.04279247431788671,-0.8811056678512632,-0.40191239244833143,-0.8565653620942536,-0.6136252793554744,0.09800669879616418
25812,-0.2039395650379779,0.05120496287622943,-0.9544507025458937,0.05987780607710353,-0.06429477728993695,0.04955067518460365,0.14147843380289474,0.0,0.041551356720199994,-0.0007445711963182318,-0.09916189240349209,-0.17179888578975808,-0.10998362600381506,-0.3940472889404776,0.0272867704179742,0.04271534465414982,-1.0848739996362033,-0.012267319372129465,-1.020101190720791,-0.6762821476215743,0.08783556654447827
25812,-0.20353510547500714,0.060059761111939725,0.057705995828835406,0.020596627875515434,-0.038379101539815545,0.04010851286014209,0.16252392948193742,0.0,-1.255369292294703,-0.536608015098443,-0.03743957173946521,-0.18146214849667677,-0.14230414525103732,-0.3516740221728226,-0.07904278376645697,0.04099019640233668,-0.06979995601980783,-0.16981092292134348,-1.0527247461123042,-0.7200253825924267,0.10693050906141716
25812,-0.2864334734588888,0.043379313336850564,-0.5806422483508933,0.003809337625991974,-0.03435116008336723,0.04914126620011301,0.14410000319743063,0.0,-0.8289510387437993,-0.4353223877877666,-0.014300415935482497,0.07718043273534572,-0.11122259879394288,0.10854512378171566,0.022954829406476963,0.04292245749012299,-0.975401057595414,-0.16707664010358184,-0.9660787263847771,-0.5954898674720269,0.1395688721634566
25812,-0.2580499531529538,0.06799691332918402,-0.034180964199845,-0.06101984736754902,-0.02144246430074993,0.037289377483116136,0.16158268411693866,0.0,-0.570808089677349,-0.4122471496101161,-0.04174721694990112,0.055958118805985876,-0.10033551324450635,-0.15619596427956292,-0.3916499162600665,0.040510678485403434,-0.22707181759896822,-0.2270277210200715,-1.044551714637763,-0.6704206123925752,0.14953006915387682
25812,-0.3080302624525135,-1.3031901841860616,0.042070326948473555,-0.18647043761324283,-0.07325467916390618,0.08643220187900862,0.09460255753664666,0.0,0.042747636885308735,0.044527053557003635,-0.07199182456437651,0.0894634303604372,0.03919637120431733,0.11717296541248759,0.0866784410358008,-1.5416238293034614,-0.09308526138706472,-0.023353556812687436,-0.30673734558402843,-0.38880788753143364,0.14781134391663694
25826,-0.23256393786534169,-0.09397471737079963,-1.3236586577987182,-0.15356527582236112,-0.044089540573039744,-0.010989372869968917,0.09791699627971563,0.0,0.03486843431987474,-0.8630308129782895,-0.07334233710197374,-0.09945520266023299,-0.15769322788743637,-0.3278335953389463,0.024629591826815733,0.04636820542085605,-1.1481942039627642,-0.8284129455864181,0.14539781567548726,0.1501834688068409,0.061392711571476306
25913,-0.1680602057970716,0.068778275214855,-0.6867579775653362,0.10067647949631853,-0.960996807968994,0.06429479711506496,0.13017901537418466,0.0,-0.05605549841692041,-0.25143082010352247,-0.06280790190593048,-0.1431978931268255,-0.04718542387749833,-0.2563926094652672,0.03501021854865461,0.03946929499621345,-0.8998975031745787,0.027050650228360427,-0.8893496863529854,-0.6545127978472438,0.07014999739689039
25913,-0.2184203656725582,-0.07656151670056388,-0.3942157285276005,0.10222203105624726,-1.1953856667771625,0.05868288954773105,-0.05090363892966205,0.0,0.025425977991738707,-0.15669134241485402,-0.04428254857346103,-0.008694234158871056,-0.09046339139849607,0.02299713184854473,0.03044239972825541,0.036715865256005634,-0.41159582333511935,0.07517284401598173,-0.9962997043049151,-0.727525525987798,0.08839720750488325
25913,-0.23063008760115986,-0.03241652119306494,-0.4029554217205942,0.10259935952710811,-1.2456469521035414,0.06594920613211351,-0.1267744092487373,0.0,0.02076675391411767,-0.13521419382428165,-0.0496759352964273,0.009387717177043493,-0.08566438028700091,0.026427771436463368,0.029186633148882788,0.03723173101217026,-0.42312092827081166,0.07686235266579375,-1.0071994939517006,-0.7041646900351041,0.0924080223422228
25913,-0.19861706780689434,0.06635842915923823,-0.5103977123654886,0.10275127574693872,-1.0390743050087041,0.07012014920890924,-0.12492776581340369,0.0,-0.016496078173031108,-0.15476358705994955,-0.03888676672514272,-0.1462035535330873,-0.08237705516821642,-0.2770020456124006,0.027839256483807424,0.03596301236912418,-0.7276765271019132,0.028054579347660525,-0.9010971830807049,-0.6804878033326301,0.060648494099821385
25913,-0.21028649910717753,-0.007961961089922974,-0.493831142701558,0.11198568553375964,-1.1800963447619195,0.060459540878807526,-0.15103239747224165,0.0,-0.05732427680571731,-0.2572411476886118,-0.05065874357551344,-0.013937696101998385,-0.09138583534148688,0.01914412676990683,0.024184058103000006,0.03630049920644377,-0.7851836614053642,0.019907283724286268,-1.021422519661858,-0.6365400908562412,0.08788885034162298
25952,-0.3222618689656936,0.10893704977908959,0.039581962608128525,0.06944211502283279,0.09036208266713766,0.07039312372208655,-0.2094900131988539,0.0,-1.7361287007826063,-0.6533929375977878,-0.020533182743688535,-0.029888502055208724,-0.30477037890104475,0.09062196497188447,-1.1974527770029026,0.045066606769491126,0.0029603405220746935,-0.1687777223435748,0.15540699851397236,0.1627979277120728,0.12209588149506499
25977,0.06619753821910568,0.0636486915361818,-0.4545232657448866,0.10324994343124763,0.0305262043300715,0.04791211395004137,-0.2022236603988303,0.0,-0.3724304488339239,-0.8523039201550467,-0.038571760119116824,-0.1431988999381636,-0.18284071936154936,-0.04239002552424003,-0.2117958742237711,0.04715257193100587,-0.7374137259734355,0.009329622297365697,-1.1000130980084433,-0.6391306334725025,0.15028248938841068
25977,0.07511681102660103,0.053214789656393584,-0.4610843261164511,0.11942088631996682,0.02524325760614513,0.03634938199144091,-0.3055620540637727,0.0,-0.0438065951154696,-0.6892030139698598,-0.10389162389585531,0.01333668059227434,-0.13666625764263857,0.10191271044997555,-0.1314149685641938,0.047510135316000304,-0.5792085624208373,-0.016007852042994333,-1.2400300750393993,-0.7451851975563436,0.18462801856134936
25977,0.08462385826798649,-0.10325826579104938,0.05301674600562015,-0.11865748431730766,-0.02077840264359095,0.037257116600207564,-0.303136934005037,0.0,-0.19303891712303894,-0.9101874310494028,-0.09456672724836378,0.03897437414295432,-0.2111372874914698,0.10391168026165924,-0.4138814627728717,0.04989379203686348,0.09225948815646638,-0.01007598928797397,-1.3191199548924852,-0.752233500083711,0.1583400326337949
25977,0.08188155916001288,0.07727794933013651,-0.030126887863136383,0.011807867933342464,-0.008819560305111643,0.042572366958667736,-0.2707773058453008,0.0,-0.16781897673929722,-0.7720051969995184,-0.06400313295646456,0.0656059701125558,-0.13810331860954608,-0.13698533314486278,-0.231448650294716,0.04960714731054739,-0.22985649336121272,0.037719744228274454,-1.2836465209657275,-0.8201486130124258,0.1766896901108856
26001,-0.29184693506728315,-0.11559064556649763,-1.1560952825094069,0.04641545323878207,-0.49227420678557005,-0.1265095403748903,0.1388013834775265,0.0,0.08367528992328353,0.06355661560941224,-0.1448841312407984,-0.1480939179363869,-0.16727142700670564,-0.33809462448284033,0.011478565551145754,0.048314749074427114,-0.2305382898480121,0.007688839414069023,-0.2655357352610059,-0.43299258490829073,0.1482210590377542
26067,0.09207451300360801,-0.009911814466408344,-1.1049156991861646,0.054067633679165124,-0.07162281550785932,0.07252130996769009,0.13142581949332505,0.0,-0.047974183554257706,0.05837305810820914,-0.11674287522271592,-0.16007045510878057,-0.17194614698970667,-0.3564716463281951,0.011352821089446418,0.050686639167423934,-0.7750200218654295,0.056668522443996075,-1.1662093071014945,0.05978503177642629,-0.31349676870362975
26089,0.07123800782740264,0.07188420770936507,-1.380166526297535,0.07509705791384008,-0.09020847508206499,-0.13422528140808923,0.1230849842478782,0.0,0.015686500649286093,0.05415383560340363,-0.08435918136738695,-0.15049395671109994,-0.1043982445009887,-0.3628866134565491,0.023113223131826885,0.04689378747050397,-0.9197884641210408,0.04992273697333273,-0.9897421071408321,-0.7130487205173391,-0.17021388436590626
26089,0.061801063479463285,0.043258738651789704,-0.6317274773172448,0.09045049393830563,-0.10712656736739887,-0.1299631731595533,0.13381900364077826,0.0,0.01449376200574844,0.05209033858647986,-0.06260425042751698,-0.15004950075572254,-0.09606713323441947,-0.375166367635704,0.029221587082281997,0.047992075779284896,-0.7652019603765592,0.06108228175606359,-1.1069462133213865,-0.8027956374350055,-0.14159948138435915
26221,0.07843714284506566,-0.5874766222390903,-0.6733560132823779,0.057905486666559945,-0.08252789728285952,0.0537240315481372,-0.06365305178815557,0.0,0.04800610682289619,-0.46235220348597744,0.018742554868061277,-0.06326898954915094,-0.06901789862019547,-0.3148516343866699,0.03678322959586028,-1.380601317601837,-0.7808603905262386,0.032219108156618534,0.19950008295798266,0.2082464885401387,-0.14822915091542965
26313,-0.1749519992390783,-0.08812313898608685,-0.6084373173366451,0.0693464064475391,-0.09835649586064517,0.011863213798362155,0.15058241075155757,0.0,-0.21226640093748766,-0.056078213910044125,-0.03939697588548659,-0.07721632106941922,-0.0831662118591749,-0.31953577703584213,0.03271708487695301,0.04303302036201431,-0.7575452917373515,0.08535996692614685,-1.037066733715099,-0.7019320634432596,-0.14422301054333095
26313,-0.20217393418071888,-0.015251943516120905,-0.5556799330652915,0.020535036408920883,-0.05658216191744103,0.002000549430724466,0.15643328933608586,0.0,0.031018926291822287,0.032646621958960106,-0.05886492951553607,-0.24404361661403162,-0.10235756365057157,0.05864096450497944,-0.13582349781878583,0.04535349734744208,-0.3669242550932477,0.06928351457521585,-1.0461766341726517,-0.7858066134535125,-0.2244986360580969
26339,0.07487840021372165,-0.06287045244702713,-0.7477617327049422,0.09863214162291871,-0.09563659485163478,-0.07039271693579312,-0.2478070662149722,0.0,0.024390881448771738,-1.2276454067629372,-0.05768226662230623,-0.19348902456763503,-0.10957968412920864,-0.3665790078811362,0.011526806186938044,0.040760446744076854,-0.9243277070052079,-0.05636531034936888,-0.9986003364369485,-0.645758460945158,0.09274267894728193
26397,-0.2233208041017314,0.05462702776070257,-0.5844809936388576,0.11314197441586411,-0.39364282031090553,0.0030298001933481743,-0.2767633911029136,0.0,0.028607240420889454,-0.07375113151332185,-0.06540789519228195,-0.15021711097475998,-0.07887152533531097,-0.29769021901717746,0.036703421639518855,0.04538689576424085,-0.6574021634708113,0.06065944850345817,-0.9344327966903648,-0.7058591038705748,0.10112971535891963
26397,-0.1946605904579417,-0.25270153243457616,-0.5281174451956315,-0.03708321785948802,-0.40456307220610294,0.015348887251440334,-0.3308290211972623,0.0,-0.016129574948368308,-0.07140953807959427,-0.05485581358008392,-0.11969864215110058,-0.0586293517686427,-0.3756806172769491,0.034225303731267545,0.04412665951631447,-0.5434410311773458,0.03609898911350029,-0.9567620763905086,-0.651989321907274,0.09551293328173058
26415,-0.23027522971190426,-1.0745173993592316,0.06162623811454763,0.08543905053876537,-0.37184754190284786,0.06901151347061077,-0.2792446637670746,0.0,-0.016948750821275376,0.037701614000951726,-0.09005422178846448,-0.1867261636998322,0.07037636150989655,-0.40908447699772277,-0.14830654439132882,-1.4350229256523606,0.03541476854597736,0.04008450305995873,-0.3383681945692597,-0.37783117552956985,0.10503022794786934
26545,-0.28664036301289064,0.06023742321304782,-1.5201930276940494,-0.25904118963210504,-0.04985745667166816,0.052072307127882085,-0.35817672985624616,0.0,0.007168566695840633,0.040342672023843694,-0.08688822206483109,-0.15520705494032427,-0.21538885838984106,-0.4162068133252829,0.031517791185871766,0.04080641507779549,-1.0234935862173704,-0.2997485704209507,0.16546202500556004,0.15803533067044806,-0.09810626413752138
26683,0.15172376252889752,0.11073560795133862,0.04605445643859059,-0.10215387999294298,-0.14035133489138224,0.04551331477338132,-0.3323350124675633,0.0,-2.06709251830428,-0.3331892610802127,-0.03942743563594351,-0.1372969585852724,0.0405660999590195,0.07635604311698681,-1.3929725294836328,0.04652914538496804,0.06833113918704412,0.0289288072940758,0.17321458754903354,0.1800954126362034,0.1049255805666666
26722,0.06880286670033745,-0.8700666012799482,-0.5888350709211,0.036684202577740015,-0.10218102144623115,0.07027818963082862,0.09886283084460533,0.0,0.0023222857935911714,-0.4049413172000587,-0.036355814712808854,-0.06694552846392861,-0.046429810481087457,-0.3444842772270241,0.023275224163222624,-1.4916213917612544,-0.6756783244768262,0.07098500471433734,0.15361824148684766,-0.3349121136182284,-0.13397953857518033
26744,0.13145130422790055,-1.1330237839832902,-0.1801243886687669,0.10713541150433444,0.07717941932314418,0.09341391080874958,-0.30724994330830907,0.0,-0.05474184612612894,0.01862793589173024,-0.07764486973255062,0.037604105299647625,-0.09090974347830409,-0.01257257824152984,-0.09717882798394722,-1.45921690339097,-0.2629537879098359,0.04522137878606284,0.1958572828862013,-0.2247558808004346,-0.2074455493926007
26746,0.09514291819895689,0.07763981041456795,-0.11917037313425972,0.0799662180897335,-0.02675055826704448,0.06230597802737296,-0.150359196628905,0.0,-1.720695969100092,-0.6821023580359767,0.020502585498495127,-0.040536689456329794,-0.19618393040191892,-0.16382082284679483,-1.1604704927599452,0.03624347712731097,-0.3542301477389137,-0.07007304398505583,0.15401110985257113,0.18264127246904993,-0.11722032816780498
26746,0.13226330964832575,0.03818138489681817,0.05785644891476622,0.08274167591759865,-0.03368730940905463,0.06277999581521496,-0.25134463910723503,0.0,-2.0040737525982473,-0.864661196555635,0.03667394144032503,-0.09714249800894166,0.08659350383835676,0.08461381419330691,-1.2747997799367494,0.04318655332996027,0.06965855132683138,-0.05726439403095781,0.1644047155466487,0.1705349216107818,-0.05785794213978389
26842,-0.28145860043913834,0.09418618618648467,-0.59709946893438,-0.0013623580182376398,0.02376720418982182,0.014158681506876214,0.12037824649105779,0.0,-0.9328806734574634,-1.261808404761004,0.041261812858096235,-0.0781764172372877,-0.1151750829848374,-0.28552141742477766,0.035705154144710975,0.0386703444240467,-1.0505903425786787,-0.15565401379083094,0.14348990641951187,0.1876998955853348,-0.01642470122574806
26868,0.12941079575391026,-0.15236846667558737,0.07104772933731386,0.0652152376131201,0.05676099433101246,0.048647864520360615,-0.3804100903420655,0.0,-1.7001376281537106,-0.40515845180481963,-0.14492330990598182,-0.1528923581906584,-0.09984507847357603,0.029483626240147765,-1.0078295559024169,0.05051575633084034,0.08529672957438346,-0.008306475179458634,-0.3192209285935775,-0.31576268796075957,0.1329647924400935
26868,0.12926841191020536,-1.1300501235039544,0.08788613304161337,0.06843294722017691,0.04085307141326265,0.06431781322533626,-0.33919970007722744,0.0,-0.024648822438504685,0.005145615468687537,0.009852063501439997,-0.012506016872065026,0.05775017786190603,0.08162826107605023,-0.010140234112056055,-1.73606695814698,-0.09981048929031751,0.05897841458770342,-0.34172863038355505,-0.4114166745648225,0.1254702860146025
26868,0.15049347299631077,0.1091619761353142,0.06085755667544136,-0.2050304861804174,0.052820349706288704,0.046661374045507166,-0.3549028729560589,0.0,-1.8854489181788474,-0.5897033552690755,-0.08366345335579768,0.03613331734655575,0.06065828118950491,-0.18317833429025748,-1.2077277833834246,0.04557146241081644,0.054379059811329726,-0.2748660007097315,0.16268899788911376,0.16804920366034862,0.11702168851952549
26868,0.12313610878749601,-1.012108621626222,0.08625779521728061,0.07893267234535044,0.04921472625803773,0.07043448326550356,-0.34092812934511846,0.0,0.07611326422021547,0.04370850968742308,-0.09576785904465808,-0.23428062725753826,-0.15894223520928702,-0.23534049739675064,0.06741359715217693,-1.4709882636481524,-0.015129208324625658,0.05690365446728759,-0.2906463587209199,-0.3685907012255516,0.13310943713847354
26868,0.10968112440418418,-1.0648667119895752,0.08613587746116952,0.08260967488875319,0.05585743541721207,0.0796325762373937,-0.34626228688725574,0.0,0.10779423325978015,0.0326209400157364,-0.11089451788201175,-0.2782185229289598,0.044869262047701225,-0.3449487834439927,0.033766224137782574,-1.671939394231505,0.07110174652265203,0.033246759374376995,-0.2605618321419978,-0.3104964986070889,0.09061942618558923
26979,-0.3445469757323557,0.05847433636209916,-0.18278798060064338,-0.1840551130848025,0.09258223590013764,0.0697167153799181,0.11437227882017219,0.0,-1.856582523150262,-0.09451855619430964,0.04000755341349909,-0.1600288011087448,-0.1458574276847048,-0.25973580706513466,0.042420858648186635,0.04408011201089067,-0.49255050415524027,-0.879395540143018,0.1533010564698086,0.20057464375670467,0.09890268525627331
26979,-0.3883942073322579,0.08049599116079292,0.06471992774105166,-0.28993598421394423,0.13794529140978373,0.06127875033428917,0.12476747272006335,0.0,-1.9791963968085429,-0.10271015357080798,0.026308898126316677,-0.173595090055993,0.09002394861785079,0.08415790713096633,-1.3250404170095036,0.044001296798657025,0.07182290463650508,-0.5901724273771826,0.17196367343336189,0.16630487433073823,0.07736788253818767
26993,-0.17338300014501806,0.06612334539492656,-0.8534659875098232,0.08082075505472165,-0.09303327792592929,0.0020865801482548994,0.1302439269279264,0.0,-0.25053150809272473,-0.27197997100549426,-0.0402948192517747,-0.10531546377495614,-0.10056571809723912,-0.30928884355437497,0.029666184453689123,0.04326649545805693,-0.9876887532451013,0.07412586802180907,-0.9383737014374349,-0.7002146589187063,-0.054517294547916005
26993,-0.21012459423303742,0.07619498580028716,-0.590060373378862,0.08684039372587406,-0.10411759042789162,0.013676362426448718,0.15286787967464507,0.0,0.07500708362164658,0.03743955535409432,-0.07511142938923861,-0.16782869298954164,-0.09827524082727124,-0.3652444078716984,0.031094217483273984,0.042970285142067306,-0.44928906306302274,0.09836723919654594,-1.1451144030040346,-0.8078367328137932,-0.060905362024201014
27005,0.11639163480805137,-1.0579863703201542,0.09644089140622732,-0.09867473933130176,0.032525402968991535,0.04829738413884359,0.12766836015314434,0.0,0.010128310391020691,-0.04616972691434932,-0.04889736842142207,-0.19892173726536752,0.04410695631212558,-0.38023720242156517,-0.14889410427497382,-1.6951227603465082,0.08212774439367147,-0.2313406823343228,-0.24347459193261223,-0.3963195551422452,0.12608408662770793
27005,0.10734470196359949,-1.1135943186114763,0.07400122818719619,-0.050240924748001965,0.05123438477309802,0.034720638589618186,0.11861222353136743,0.0,0.07780624810218935,0.021605301799494082,-0.048827304779536715,-0.1893043358337797,-0.06076152585455252,-0.34549657450712123,0.012653506656297702,-1.5582854356772724,-0.07540864969787692,-0.15893941391901953,-0.224633362270081,-0.3966884150712266,0.1336002152566601
27005,0.154449093925245,-0.20167422576627433,-0.08138496575429681,0.10999614429771627,-0.0030576099446677,0.025947604793133072,0.11770874115025964,0.0,-1.5388470239214578,-0.6090966847850015,-0.03254809014106272,-0.20702297993792634,-0.11539448421570069,0.025730128322997644,-0.6856393658581139,0.04848035370905606,-0.1895491914887446,-0.0007837165548293064,-0.35446234513406805,-0.3231847774037928,0.17423477499176346
27005,0.11802953272888471,-0.9471030356820611,0.06691560454822727,0.06782528653114803,0.005506030186316186,0.04280910947432332,0.09295954388746684,0.0,-1.052303861038119,-0.6027505233085123,-0.07825393886995184,0.021229956975649646,0.026855773412293976,0.09990204641361018,-0.2652259083352517,-1.606930484689784,0.06816505929414761,-0.009333754690967533,-0.3008222088099726,-0.38765339779898916,0.14387774076669943
27005,0.1059033266857994,-0.9784755174607418,0.05004657991098923,0.0760160341329412,-0.00626573045075715,0.034076486171209674,0.09118717346480253,0.0,-0.6733444017378268,-0.5406677940331707,-0.10953575463086426,0.018225486095132803,0.059898202630630976,0.10844350621551962,-0.08800581720183158,-1.7834568023824031,0.10653872438430186,-0.002576230710883464,-0.32886964407479446,-0.42693457698326037,0.15043835607302325
27006,0.06602353525588925,0.07269417669382697,-0.42842222462191026,0.08560183921023869,-0.11241448138519454,0.009380545386256012,-0.25167559765086345,0.0,0.002348358262634201,-0.979138638125485,-0.06374594048972934,-0.1702139801811254,-0.07298381331485015,-0.4102930315809506,0.019019690656112476,0.04651172500619341,-0.24386733386667367,0.016936859618753162,-1.2353044120776069,-0.7735111146600885,0.14739655214763825
27006,0.06972691739329727,0.0026574061741783915,-0.8531200972720803,-0.025316870273584015,-0.06617199137669522,0.014425655930690924,-0.250842593732431,0.0,-0.02976660744000018,-1.209906792255791,-0.10708759867784647,-0.19221062300718797,-0.09631995933599256,-0.3914295046552062,0.010993814011622062,0.042718969761391126,-0.7484283357435368,0.041829740242187365,-1.002831808395739,-0.7135929152093371,0.09335904540549887
27056,-0.18119717932369866,0.077699259809276,-0.03397063147883645,-0.013440444747164524,-0.023076494559661872,-0.11227296852123549,0.14786694964071048,0.0,-0.7783804245380543,-0.029383129660315404,-0.04604570859530475,-0.06906020704987025,0.049311161318741095,-0.12544246649520144,-0.1434036626555743,0.04696296122042944,-0.11337701088402964,-0.15435707700974394,-1.0546742597317373,-0.7720452658096223,-0.1980569461630611
27056,-0.23019650277033735,0.08756560146190187,-0.047450640963518045,-0.1932272498397906,-0.03617212641835597,-0.09626117765918565,0.011816683855913638,0.0,-0.7392454164523717,-0.018435191184861584,-0.030383848492124062,0.014715125046705631,-0.0899535937209693,-0.13299259053792756,-0.9762400822770436,0.03745962180407092,-0.21026196473298292,-0.2693597047249266,-0.9307970446136888,-0.6334091566133208,-0.18706124524733195
27056,-0.25236458701215486,0.06911827044314424,0.03668088254421901,-0.5487013731903911,-0.010003448272855424,-0.16565341500895794,0.009389021514885859,0.0,-0.4318955162872483,-0.032006630051934555,0.06664357309556576,0.03375134307707854,-0.06176130916356587,0.11198601380614993,-0.6929944527091727,0.04597128931039667,0.061880302002226294,-0.2444380030511655,-1.053448007998906,-0.757531829773098,-0.2113605188783708
27056,-0.2017030351726655,-0.007827681559750825,-0.15649146121790158,-0.5510582790097895,-0.0045400076597959796,-0.1664572083316621,-0.07353993998333387,0.0,0.06035828158945892,0.056451614074657354,-0.05945282027644101,-0.08643235357697254,-0.1459594545702964,-0.18971124422368907,0.005761807857129578,0.03963266842579142,-0.2457575912366908,-0.09946349832300597,-1.1149558705226235,-0.7528322338568044,-0.26066803194460614
27056,-0.28777712661688254,0.0759883209729348,0.0808916029103059,-0.5404895577750082,-0.014335417675416611,-0.16579047576806255,-0.05438271455639407,0.0,-0.18691274697767915,0.009695237065815356,-0.02547367730407968,0.012850844713657904,-0.11698454340756999,0.08831116422245501,-0.7138464329193726,0.042426866342323996,-0.08123156597257605,-0.2583697506022046,-1.107508253241899,-0.7385717564686175,-0.2333483042871945
27056,-0.3038456358674388,0.07131023990401426,0.09567089222469195,-0.4676315178146887,-0.01384367652744587,-0.09664166543592123,-0.03663068391107534,0.0,-1.6520061111036672,-0.4570786371279098,-0.015692466408189554,-0.15024155594088406,-0.1299741625596605,0.05350245346181167,-1.1529682054501962,0.04000627799774387,0.050339670800477535,-0.5796522595538761,0.15276115877790378,0.14321350805865296,-0.14617869253176444
27335,0.1009582626009138,-0.9118164744569889,0.08796384457060624,0.03329548683313742,-0.5622815002173281,0.05051053691495623,-0.2546432914893781,0.0,-0.2644417822841545,-0.04205026601273259,-0.10099764863813487,-0.16471901583959597,0.0348324936058875,-0.3867672527897165,-0.23898522423574894,-1.6073793883365426,0.04792390609671995,0.02982341009810183,-0.3979190813370459,-0.2984362375394798,-0.13041861654077508
27343,-0.2271749135313677,0.05777988607289354,-0.9575961148363011,0.03467926816490053,-0.08358455260406579,-0.3590867322483572,-0.04919140431118451,0.0,0.07284400043531329,0.057447042271663785,-0.10309379250227473,-0.17620280729880947,-0.10179072641521589,-0.336105832247269,0.01711231756819032,0.04575135333946404,-0.6912253318111845,0.04627147805365276,-0.9048746436027036,-0.7237442065601918,-0.15119576266195733
27343,-0.16491961477960634,-0.06507039241577522,-0.05708770902037666,-0.042874512352897486,-0.06370598492502587,-0.44894763047257974,-0.08131526625406552,0.0,-0.06759815333236259,-0.41439139803483815,-0.025702349215659046,-0.2266904466313307,-0.1055574652001518,0.05629283077767082,-0.10858819658415662,0.042512424829902376,-0.18242806336717032,-0.084440768084123,-0.9876697428527252,-0.8010622294344428,-0.224136682016133
27381,0.13377031388190258,-0.14256209093358183,0.10530631204925674,-0.02732134172461804,-0.00036901828394207237,0.04550946744526194,-0.24879843372522872,0.0,-1.787124486082761,-0.9092808986222266,-0.06999891476925212,-0.18495607103889103,0.08368764448494088,0.010794515286238333,-1.2194127231297547,0.04219656686563876,0.08366401488737607,-0.3680102745496902,0.14813320806468294,0.15595873142119568,-0.2010211212837481
27381,0.13935263184658245,0.10791582802171842,0.10543858511746211,-0.030329110464261358,-0.0008437068417076996,0.038256439817632486,-0.2610538242175405,0.0,-1.740400064322066,-0.91926063734721,-0.0043575582242897605,-0.21168829682781673,0.0924239287249348,0.05340409854775072,-1.1014660845328617,0.04520680134876888,-0.005433164711119011,-0.36420531497657654,0.15819400174545648,0.15484196051771518,-0.19217130724026113
27381,0.12549477865141792,0.016026333785372517,0.10751197516740585,-0.02100608584980936,0.002689217213158848,0.04974754173978205,-0.27139047432126256,0.0,-1.6864987521276915,-0.9744607258003807,-0.06235200645788743,-0.24113846750301257,0.07499829860914106,0.04361426160661927,-0.9296818657902419,0.045505159127221195,0.0632518605329227,-0.3583415227663112,0.15963136878958237,0.1642935954188345,-0.20784368250273616
27381,0.1320284517670168,-0.16096186668695897,0.1087356916291765,-0.015829931532595903,0.007093863589641772,0.04770957469621859,-0.2691369118234434,0.0,-1.7119170931769871,-1.0161179474946538,-0.08950669210576735,-0.21756822290077432,0.09700182690273133,0.04080512823785144,-0.5870016723996099,0.04613353602749865,-0.00846430134010069,-0.3588423307543656,0.16151462206925962,0.1594106994289261,-0.2143664154364284
27381,0.07936105104160303,-0.8958172493977689,0.06703550395668414,-0.0218222727302866,-0.024343930076148507,0.06283383682848023,-0.32557905403909787,0.0,-0.48674653007857904,-0.5588530445024453,0.06867360716533534,0.048178382344809416,-0.10327708799059956,0.1393479216519724,-0.12461278272031896,-1.5779215279473464,-0.09657431222355907,-0.22762516950353792,0.14949226647792593,0.16748388397644687,-0.2561820755880652
27381,0.1451535598859752,0.10356832901406134,0.10854382392883441,0.007505418598604445,0.018210074941686395,0.039657926358971786,-0.21856165019395,0.0,-1.722547514245499,-0.9835761920483364,0.05765011004446786,0.05793292939449231,0.1030215719142622,0.08776298844619401,-0.9987758659277606,0.052329731762373634,0.01280911541691105,-0.33810583707660086,0.17257216943329265,0.14948074865174202,-0.22702135375243662
27381,0.12409499278091458,-0.8849513890343014,0.08476370782253263,-0.21994792401473162,-0.02380738238518408,0.06359979897800484,-0.272174372607815,0.0,-0.012783241813556867,-0.37977804888152916,-0.03514641267576032,-0.24196663129258755,-0.18733571549076827,0.0873432945941252,-0.6075687729666587,-1.4480041104923942,-0.030854158425584487,-0.27903925563874565,0.15235636095641114,0.1520813631420704,-0.23885546790168904
27418,-0.12820061038980998,-0.8708694744155466,-0.0665461400218027,0.0935988957339877,0.08181015678836526,0.05573062681374497,0.1555236980939705,0.0,0.06366419977267775,0.023832299019150505,-0.07982079223069097,0.04713644612801412,0.015433550180289727,-0.06266681332996134,0.03789668683705411,-1.1969344274067928,-0.14591830961195995,0.08538094587746728,-1.1399527185467706,-0.5360265627067716,0.1552506952384282
27418,-0.1788398330027535,-0.9700718038781069,-0.06853402600152667,0.06991390285223614,0.09367063404561891,0.050806840403055664,0.14016893897197655,0.0,0.03613473980812519,-0.044207108375014466,-0.018986359141029426,-0.006567002692216439,0.035245193362013476,0.041782395318320946,-0.11239968609264747,-1.3925297325246433,-0.07891941441000389,0.06621973528757304,-1.1954126864337633,-0.5364586725600855,0.12938649907580888
27446,0.10016343982589139,-0.06498178935613239,-1.1388935296915947,0.0858767184300199,-0.08485470698143498,0.05607264065918414,0.13052464466228517,0.0,0.02047836996505461,-0.1139459864790257,-0.08028192677595804,-0.17678186116196407,-0.08545558217132036,-0.3193891662078388,0.021728176368314343,0.04698677052818987,-0.9605943628595732,0.06983558964373791,-1.0349650975349118,-0.6995385801498805,-0.12556598346144954
27502,0.11500953829260814,-1.0376523554026795,0.05728049545091981,-0.08718025086647654,-0.16707354110790226,-0.14750004138160838,-0.03720810321965439,0.0,0.0567077959160614,0.024191599353865837,-0.034926363997129097,-0.18336079230857738,-0.1373631436230759,-0.3014481995951741,0.04994242949406399,-1.4598265765864116,-0.07359163960884967,-0.44380113456036874,-0.2095525210996029,-0.3238191205222416,0.11636896279795904
27555,-0.17693527041038526,0.06082428800302727,0.0882554567530055,-0.09874347479819964,0.08894533066969133,0.00436524636933291,0.15218387637328515,0.0,-0.03842748169315489,-1.2404968880539409,-0.06697482938349263,-0.11836243886589128,-0.08904917089503929,-0.3368644140131615,0.039696070012835295,0.0428781368067034,0.07634323706650396,-0.06474428327372866,-1.0849895791423367,-0.7419806814658667,-0.06076863612391387
27555,-0.19999287640689717,0.02204158341530133,-0.760346540556602,0.0788015608732237,0.08110209336098574,0.028615472427700007,0.1535224018931407,0.0,0.0776561660161058,-0.0800162631561218,-0.0992399365255052,-0.14146227831364966,-0.09272369508917172,-0.35341203088448664,0.02511068789931177,0.047781296542666836,-0.7862931655661491,0.0783617686124741,-1.004304485726729,-0.6617241629943368,-0.07102174848344181
27555,-0.15537217399858264,0.07915073836500403,0.05814219144199439,0.09309639705320372,0.06613970689924216,-0.004841284570820174,0.14459890239763376,0.0,-0.0083238431617608,-1.2515859328126302,-0.05656188963581145,-0.13540255234897539,-0.1615297755649384,-0.3302918954567965,-0.13295799189536692,0.04385573250497509,-0.09571726755645449,-0.00015208091877063105,-1.093646361503365,-0.7538176586896937,-0.061440773576928065
27555,-0.14903299909989234,0.0284666663069607,0.05144315411547529,0.09396595155293028,0.06500000140239794,-0.021683791950079325,0.12502273579972467,0.0,-0.3188612227509012,-1.4093304777693827,-0.05809743138921132,-0.13460167897314837,-0.16327483561612716,-0.31556958579596767,-0.21729086300248804,0.04095345747853464,-0.09748986287726001,-0.06075925376337085,-1.0408278518931982,-0.6887120906662373,-0.053894522742565426
27555,-0.19264130732378235,0.08406545298297453,-0.11926196708708553,0.005270589399480702,0.06645917850292099,-0.007984317981194202,0.11683686579804847,0.0,0.03255708881641883,-1.0973906967734532,-0.08524508829861255,-0.12365744000973682,0.06814928209393716,-0.03587739432989197,-0.3084449180440985,0.04954777371222137,-0.16712882249423744,-0.06226716500719624,-1.0649995341785157,-0.7862845200784471,-0.027586286938971753
27555,-0.23709555087654222,0.07850024414909103,0.0501873494585864,-0.01564149727494685,0.06256085796323252,0.006768225621462778,0.08647000198034792,0.0,-0.6934922065839313,-1.313410890719882,-0.04471941214199347,-0.179625285561303,0.09280715334980172,-0.03635672708507477,-0.6015856021207112,0.04763781077955952,-0.06766802921434074,-0.17554228662347351,-1.015386091791496,-0.6863475169258628,-0.047764316306369715
27555,-0.16673783928802158,0.06603409318189525,-0.030544410968674454,-0.018224736643580784,0.05059933715843266,0.004506763874357578,0.12807595210659528,0.0,-0.14872656188093705,-1.3935709079375345,-0.0583352156192883,0.03446259967365218,-0.11561271914449539,-0.16186997285235724,-0.2998192298961771,0.03912436802744755,-0.22998820356612526,-0.17204863417811486,-0.9940387591622536,-0.723214075347069,-0.04943467571490639
27555,-0.18296200344184213,-0.024238262377703497,-0.44025969563599865,-0.21289078476607634,0.05572954324796014,-0.0008336718117483021,0.08997266611158719,0.0,-0.347195623559544,-1.3093696927504765,-0.04199345478073868,-0.17626812280484008,-0.14760725532986438,0.026492503431428095,-0.10102411685502825,0.03791577770750392,-0.814169163671047,-0.2799571630589141,-0.8463126230448541,-0.5631005070359458,-0.033194381328321275
27590,0.10350037316548197,-0.14210526508291452,-1.335263096005292,-0.5935412594507535,-0.4479918408917078,-0.009030194858410485,0.13140146161319394,0.0,0.020966925231638886,-0.011135489926182324,-0.08143391890213354,-0.13426329289704772,-0.12663728897605198,-0.3668598565160947,0.013528611861568137,0.04036065621990948,-1.0281965555433905,-0.011742659271502894,0.14227073474634674,-0.28058013866090253,-0.369764222029193
27668,-0.3364990783266297,0.06658019080910359,0.07003436953209545,-0.0889772447333533,0.0723168034579008,0.04672821503409587,-0.3273069970477044,0.0,-1.963281271519005,-0.24010228680513404,-0.06462850611602167,-0.050470787105654065,0.056309908809998796,0.046820462840039954,-1.5679211185969684,0.044228181761047605,-0.03278586363278706,0.05446352022081821,0.18205272992474675,0.1787465195024739,-0.07335211063048966
27668,-0.3488306019098494,0.10299304156339315,0.060891165856647396,0.06817231387586417,0.06485336141097206,0.042629728607948,-0.37729681820941696,0.0,-1.823915639016757,-0.11077395678325826,-0.0716517312539288,0.057415085430650895,0.07576133728113012,0.012549274406222536,-1.3613753851636912,0.04503799836957634,0.05618986733506508,-0.05247642419047996,0.17551442504177595,-0.20622963808534642,-0.07000460049268496
27674,0.1694517053502534,-0.1381824606599899,0.054087784693554186,0.06491795561304252,-0.017616819277700726,0.0795884089870859,-0.15050746350017447,0.0,-1.7227636547738745,-1.2483217817622816,0.08856395085610405,0.04915709485255321,-0.06803938741409797,0.05791906957134948,-1.1604115925984309,0.046309936700900514,0.057979926539742606,0.02930383045433086,0.15201910644777597,0.1789950170711114,0.1077301238444843
27674,0.12396784159309261,-0.9996067033880532,0.0705243472777375,0.09031929807466753,-0.009459203587795107,0.08883057298686557,-0.11317356790429581,0.0,-0.6761780144174835,-0.9584839807420631,0.08297852738677612,-0.007205231877710065,-0.1026961175360997,0.04369179660832873,-0.48198862342489085,-1.4681269745158965,-0.07131217647136362,0.01951135055479978,0.17272663021020312,0.19468746708396706,0.139983852204502
27674,0.13391296181658616,-1.1179206202618777,0.08094288286942243,0.10729446405098741,0.021941954532904578,0.08813365674375939,-0.11845010701134033,0.0,-0.6744040194361048,-0.9483914174296258,0.0770947997340075,-0.0013731427657759261,0.032018370559946344,0.11651519115738496,-0.3224115698759649,-1.57651932072971,-0.042540951352999554,0.03367458173414651,0.17369935458070526,0.17234236733173833,0.13650077473774053
27767,-0.09943116209900618,0.09996772883178871,-1.1978385295668201,-0.22758079024325933,-0.21825611778912749,0.04758664663986584,0.14552900379328204,0.0,-0.041377061008241435,-0.10956443520604718,-0.08723514199602964,-0.1584261819046893,-0.09375680890216266,-0.2888253887142949,0.023501427824141465,0.0402271397960644,-0.8572724476318299,-0.18052363262456342,-0.9378565153432705,-0.5790162074743843,-0.10718423612865392
27767,-0.1433589035763872,-0.10116327358278324,-0.4575976125356992,-0.3363307379346774,-0.24078878042644863,0.040319659798685695,0.13559786666552606,0.0,-0.018434459736457777,-0.3528953561556783,-0.060593454194392465,-0.0369301882075479,-0.06810276375295779,0.06267887060358585,-0.0938400470378381,0.03950264222328817,-0.7692677851319352,-0.19365115791197485,-0.9857444415470609,-0.6260643911473995,-0.15654171840906314
27767,-0.1438640837109885,-0.34901984834807137,-0.16538225317719343,-0.33055878228052293,-0.3079883299698799,0.062270046461797665,0.1550147260218006,0.0,-0.013203506826892761,-0.10066636001703204,-0.10029481741708801,0.10553455876466247,-0.06664825506704554,0.04468425605033797,0.034332186460121025,0.040626241599724826,-0.20171314344159494,-0.16727589733015188,-1.1461585880292982,-0.6181142208285411,-0.1358697390753537
27767,-0.1168896889745692,-0.9391726327139064,0.07925149588946061,-0.3145039146671155,-0.38428394450949094,0.06655762292890974,0.10776121323351208,0.0,0.06409635875855572,0.035647428606204894,-0.06297180996879075,-0.05090727575089759,0.054142555763908605,-0.22456035315424222,0.051171086725354885,-1.3242185978707073,0.06861665011782214,-0.02209557122377395,-0.9021290889275027,-0.6102482407481705,-0.09739829665400777
27767,-0.14284623964211735,-0.23392144117434424,-0.26882965662101427,-0.5666174377362739,-0.2902737003336316,0.05158856170030087,0.15183863065818487,0.0,0.04630545727116269,-0.09799950564377326,-0.07415232873341211,0.04374382685277036,-0.11330432431961775,0.09764413599130177,0.014780919109963464,0.03631669326230155,-0.39536886707549934,-0.1988284109470837,-1.056971464798037,-0.6933711208864456,-0.17282999518512948
27767,-0.13222957229359814,-0.2626664657965169,0.0023159407229719747,-0.6045175162669726,-0.3396055618870599,0.06972939179537489,0.12355403260386191,0.0,-0.03362248144111648,-0.4405318742362085,0.014691019898273025,-0.01462632552689199,0.07671425867437037,0.03156831324484207,-0.09765244513200842,0.04268290108200585,-0.002381146919548006,-0.39262891805008043,-1.0222880011592326,-0.6908373449070807,-0.19067390055972064
27767,-0.1321068348330971,0.057448529383258604,-0.5320337556498712,-0.5879018760300264,-0.23113808890399307,0.04334251556377434,0.11280476316328522,0.0,-0.03373756234033802,-0.37761168035356574,-0.06683395613636983,-0.13284882773620937,-0.06567626567351359,-0.23997221387054785,0.02099994433445544,0.03874706966495936,-0.7323767380430092,-0.3527801184991708,-0.9581160010007735,-0.6062984634010047,-0.12727120443809592
27770,0.1060954773657206,-1.26801793671309,0.08780661616433103,-0.031306359454914244,0.11911078090626788,-0.14472054900704057,-0.3294882911711096,0.0,0.01977805493130787,0.02874418263595655,0.08489781164415175,-0.3139429795470561,0.04404195736329145,-0.4932300620999956,-0.1998644634725253,-1.6458364632822233,0.06770689514213224,-0.00044923927929516077,0.16877359992737545,0.16809410769540092,0.1344603014473634
27775,0.13696696375051493,0.10165723199890164,0.047668853823518445,0.04064250625370325,0.1275966837126413,0.04521576491031353,0.12996140244024063,0.0,-1.9918583829125924,-0.4742564386101339,-0.04713509592413888,-0.08222878441947731,-0.1142917523920388,0.0756830694038282,-1.4583181370977598,0.04540991468166093,-0.017035242115851217,-0.461010188883811,0.17666727215826428,0.16077666766867255,0.14159503829145514
27790,-0.29625519278207624,-1.1319727075756438,0.08088398890477555,-0.09618572173824548,0.07648192312672863,0.0746954662116778,0.1268257166366947,0.0,0.07581420344212238,0.03490254633287443,-0.0009515619769624795,-0.20434707506783192,0.06750731739158337,-0.4188902167377742,0.04835622474470372,-1.6287572804931139,0.056250887757635815,-0.41772921808951563,0.1315024526936464,-0.2900161744638493,-0.18202025641193004
27797,0.040191653189406304,0.0724531903024722,-0.5078744980878913,0.09561016258377925,-0.11754041922794839,-0.013610589206907407,0.12911192654387782,0.0,-0.008123120381506914,-0.6186176714168125,-0.06713093070872932,-0.11966187352897355,-0.0804984658825468,-0.3128256073231624,0.029723504102853016,0.04567878772322287,-0.6689806655039205,0.10258910680735601,-1.1448004418296747,-0.7990316356909746,-0.1799192779323969
27797,0.04141128081283041,0.00800846550856148,-0.5362569783717833,0.0953017500731013,-0.10996232682721588,-0.011850978113868212,0.13843855438846706,0.0,-0.009636316368250512,-0.6035572443969072,-0.06273898877169298,-0.12022837748518492,-0.07865765957323707,-0.3280020239195641,0.027977251013060773,0.044563781052960966,-0.6406087452495535,0.04276138561561736,-1.1166838230059521,-0.7483797967191335,-0.19153919571121839
27797,0.03211084470611045,0.04530133504768322,-0.5660256127862895,0.07259755395612821,-0.05398310252162376,-0.010720815599367394,0.1584790905849211,0.0,0.03589732205246566,-0.6626769194781936,-0.09976027755602757,0.0657872789701777,-0.12792949795670774,0.05279493071913165,0.03122750151535372,0.04727561928349646,-0.5449056594710534,0.030932770451079096,-1.111660370735816,-0.8319226203636246,-0.23567449615332645
27797,0.027871999355664572,0.0673212616066308,-0.46012489806709367,-0.0017673057802349167,-0.060098667750199626,-0.02039530457337843,0.12633575322124355,0.0,-0.05719715189824872,-1.0535197356933688,-0.05564702970043306,0.031181417333257043,-0.15053446781391125,0.05680630222778178,-0.0007111139820320059,0.04497746034759817,-0.5557393994126004,-0.006935735885300791,-1.0782202412239743,-0.8722539021580823,-0.22523112286638972
27893,0.13172818814576648,0.003155137549895679,0.05990172010454905,0.031448337687394176,0.055565145990349445,0.040018750188636376,0.03024075263531402,0.0,-0.7152405422858857,-0.031576160511963394,-0.14827459860615522,0.02816873638598273,0.07243568448048865,0.09573315837063741,-1.14120660457324,0.048882297208021765,-0.09229131468928835,-0.12797069247971246,-1.215775581307323,-0.9212442774742585,-0.08297246646641519
27893,0.1346089273367016,0.022074246525984127,0.08017231352637229,-0.08310565345590161,0.07902924703688291,0.029371734991723356,-0.1030628239140107,0.0,-0.7450127555879416,-0.040247698982026375,0.016567801580551884,0.033790520601910366,0.07453656135824925,0.1129617576890929,-0.947838635845319,0.047719030905780446,0.10689037758641287,-0.1632219368366526,-1.1401493836518433,-0.8413912823955211,-0.07698285782979813
27893,0.13460218843638141,0.003849480129822052,0.07171121128938998,-0.1745412720130759,0.07652693165835747,0.05179900587657789,-0.177715637514314,0.0,-0.6727372184904337,-0.04141972140478073,-0.12050011254139917,0.032615785344021604,0.05900298046084768,0.1087827454043518,-0.8818185573184488,0.04376630095664847,-0.08339488845083726,-0.2043375983038553,-1.1353138467037498,-0.7880004583963144,-0.08974812991147459
27893,0.093629067151242,0.07235730056080565,-0.050597127553754256,-0.033733052731595894,0.07842134517918017,-0.0004505825279894233,-0.17774410261226983,0.0,-0.6202865880223136,-0.011979380237949783,0.006213462613889809,0.07305010990088533,0.0865669703581845,-0.10697083015773486,-0.5579740210351565,0.04537019595820882,-0.155973155146672,0.061035401558133424,-1.1871871199256303,-0.9354291634244826,-0.042876052007560506
27893,0.11678308883917131,0.10985940455486316,0.07316214073988227,0.07774302383546029,0.0525249386457766,0.025280021149339863,-0.21891131339457165,0.0,-1.9713996557426825,-0.43506949036829273,-0.12604549572323448,-0.0055034102207572695,-0.11880652310187807,0.04697499424354726,-1.3748277655536312,0.04506419593387899,0.06148112518608574,-0.04103325638174969,0.17621079399312584,0.1733421359205228,-0.0807529368048924
28093,0.07585021956510811,-0.9883331526702831,-0.6221373766794912,0.0879579215529362,-0.06876580831120645,0.057467729068312955,0.11258533041933254,0.0,0.038029515638125636,-0.31354762209332826,-5.067939538954912e-05,-0.10448472480378093,-0.037424727962319895,-0.3299697307325773,0.028812711208711927,-1.4751231159997036,-0.611133647699113,0.09568247097860653,0.16918908138004812,0.19067760708255932,-0.11562228645563444
28107,-0.35232709710252813,0.03326140387643975,-1.4183263520825296,0.09170567070949451,-0.053392119908785646,-0.515530168422463,0.15086240504355375,0.0,0.08504886533450846,0.05119215635170672,-0.08025638411711403,-0.13682650863546103,-0.16862353388890255,-0.3660356858965345,0.009546403797286924,0.04818712489968875,-0.3659185795510752,-0.0900319629339559,-0.3372533645548137,-0.34208661951154745,-0.23437972680820565
28129,0.13153892282025878,0.10446349070254471,-0.9907722951624478,-0.13433131004444399,-0.062093275353552004,0.07515976571347088,-0.23312677328582154,0.0,-0.1336418778868765,-0.566859785548674,-0.04664204047028825,-0.10813920045916482,-0.09187326174019605,-0.33402528073539894,0.03374654603333885,0.049786642468686935,-0.8867659193268358,-0.7222780469633977,0.14643416821277394,0.18409372614959268,0.1144967673914027
28138,-0.2858165225668045,-0.1513927512974384,-1.5880629629501024,-0.18059441755376932,-0.05165651797723275,0.03879954566379252,0.11434560940428448,0.0,-0.7413159666777744,-0.03281645643355636,-0.045255402103686185,-0.14887033973090188,-0.13358778411292246,-0.3170528401403319,0.025749426904144026,0.04473472647437084,-1.0441660622931745,-0.818450985742281,0.13298400898163915,0.16112300515369296,0.07257130633131031
28208,0.1296448835714355,0.07721700180499722,0.04477693113465652,-0.300093249209843,0.0887296606010199,0.061856349270407104,-0.0118532772157434,0.0,-1.4796478622219797,-1.1798968475902314,0.06299267857951127,-0.07294777332309325,-0.0821580065663013,0.0724645348200309,-0.8352921846449236,0.04421595739327274,0.04415644358615592,-0.27314984793544544,0.17708132922760036,0.1489320253253547,-0.18723118164712776
28208,0.06546627578123225,0.07990589648170744,-0.6425571236756573,-0.5272905007190837,0.05059920093733745,0.049498501965369944,-0.17401090598246802,0.0,-0.2291453517174173,-0.8210121205431022,-0.06603217270166745,-0.10424843915028986,-0.20799651628845928,-0.07269593627276931,0.028555846566546035,0.04496784228859728,-0.8533373246169115,-0.12889508071074743,0.16721533711908892,0.1775612812444687,-0.28791739643542086
28208,0.13004009299834404,-0.8804499499726518,0.052106818660243734,-0.5446569368510824,0.08758563810766094,0.011502132646658244,-0.08581582864423482,0.0,0.07078344567163751,0.04891103298765092,0.03426370068552306,-0.21923473102888902,-0.04185523422067865,-0.22134446387609957,0.05522677056476862,-1.591396666543012,-0.0324862077455692,0.06391254490856046,-0.24258508051878472,-0.33211861921101515,-0.22260517561678558
28221,0.03189840941604015,-0.6871713025017964,-0.06302639937854078,0.09741564460333085,0.09553932912210378,-0.07642903561945577,0.1269861811218069,0.0,0.0776254353441694,0.04074721945360528,-0.02653571585202734,-0.06899336724127873,0.02526724651122391,-0.08892053323469104,0.058351675309919686,-1.4926478024991332,0.07566800582927558,-0.23505409952344175,-1.1589561220074156,-0.6752081677139095,0.14024092477448366
28437,0.11991587734303222,-0.12932484079886694,-1.6654783211188764,-0.5626287159779239,-0.015609442338269473,-0.18293952959424217,-0.3451242517201409,0.0,0.07622965138286866,0.0595165534796619,-0.07231842996806402,-0.1602123562701733,-0.14715789840119603,-0.4024053250208419,0.026728592989545386,0.045220491291050886,-0.9879767645868344,0.04551578204664985,0.13902107494771374,0.1377559015545773,-0.1693157368919245
28437,0.09216209540343544,-0.13988884430617082,0.09965395250038288,-0.5885368533023063,-0.07589731872362389,-0.14497841673253012,-0.3492420592441924,0.0,0.07854218612122528,0.049094246233919246,-0.10095841326822831,-0.21065441381923744,0.11719566604360203,-0.45744988652083407,0.048732757744273505,0.04595115468432312,0.0957857589587748,-0.04464811315879765,-1.020827796831738,-0.9034518551517221,-0.1596143178249723
28437,0.06033166049425786,0.06889934399804323,-0.5264918908255409,-0.5586473186331508,-0.06476710722970243,-0.11980080129411806,-0.3239946253958902,0.0,-0.006228973311403869,-0.05354445186439787,-0.04895395700920658,-0.16359068406361113,-0.11000627878583512,-0.317328562896191,0.010102220384183706,0.04143445931891507,-0.6259084541543126,-0.15456985053469505,-1.0683391050261364,-0.6902775819196844,-0.16613477535755
28468,-0.2409095658598957,0.07841763030733151,-0.27897330111944996,-0.14070287425336067,-0.06488262285674616,-0.4372938820036557,-0.012660236634102573,0.0,-0.02747070831061392,-0.5940523743944514,-0.03493464078356375,0.04074213722847442,-0.12915390720338157,0.10313888926109725,-0.10582572838937565,0.04364370133003424,-0.8465618206355675,-0.42563962851532566,0.150284267592771,-0.26223849143730593,-0.17320425705830303
28515,0.1030182644574407,0.08936372270566997,-1.181731910014185,-0.5939619090628396,-0.34929624669461123,0.06497033236330474,-0.31074804244408555,0.0,0.012295429657601917,0.05564139763544599,-0.11783707279812534,-0.1638140597186712,-0.17526751390574213,-0.38646004280832164,0.0010192995274157146,0.046476815917128295,-0.8199461125223302,0.08725336950181661,-0.27986442885827506,-0.32583461919494916,0.08152549047793015
28539,-0.2998431275268066,-0.1298070538132058,-1.383680322708905,-0.05492357385672234,-0.04182387811001941,0.02933073345255232,-0.36411842937200656,0.0,0.06582943977293455,0.04797923708350247,-0.10294899647196269,-0.14778011478546296,-0.24700437586690527,-0.43421783320291685,0.027760262469682287,0.04055460185551526,-1.087903976184553,-0.13475585944634674,0.1586228085149664,0.17812909361927975,-0.036081662958853546
28625,-0.28825047072137716,0.006204484537569915,0.03721222392881885,0.030058623548352217,0.05752067000750234,0.05633329200698273,0.1315523942749883,0.0,-1.9077685371852502,-0.3734025853067416,0.07079547130595604,0.056896249716521984,-0.1786405524844163,0.04242451754151983,-1.1477650369921644,0.045521052275879235,0.047195772764745444,-0.4199162513639801,0.15237105224737407,-0.14188755725266594,-0.044058460065503284
28654,0.07931414221725154,-1.0881216814666221,-0.7058433961682431,-0.24288841731373256,-0.21099395693201656,0.06812270445855591,-0.3062692833924587,0.0,0.06308344412982816,0.03904626871792352,-0.10773670482497132,-0.2163903707745358,-0.037724955472408075,-0.4074882024837429,0.007574069360261445,-1.3656380241844484,-0.15462000476773569,0.030076905070792224,-0.22064986678935422,0.01100422859067066,0.07565074151107923
28715,-0.2958940748593877,0.04226418315385126,-1.0649962362066097,-0.1546575501452635,-0.04798759180832051,-0.47607095972269475,0.08638455422561703,0.0,0.01218424604114458,-0.023124829736887852,-0.06599963272047968,-0.12283176284351927,-0.19310760258680584,-0.35875522103513935,0.03045420380885436,0.044818086951537946,-1.018676387228417,-0.8451396741432289,0.1302620935705242,-0.27840634999452496,0.003672669870249313
28719,-0.386284291548715,-0.1338028804506449,-1.3438800715114827,-0.15005667935380898,-0.09997921306209558,0.03432587076811615,-0.2917902267163027,0.0,0.04293842976432721,0.014223395804478676,-0.1607904410417125,-0.20389646390214294,-0.15287133005539907,-0.3796706549692032,0.02070730571948509,0.04323067789991083,-0.8079787913170938,-0.16314021602064932,-0.30056516231329644,-0.030993423430861835,0.0574314837158421
28724,0.08506591335139227,-0.3615405147532931,-1.3712557587488492,-0.32440899407452556,0.04899351766690498,0.06040043715857072,-0.34108203774885193,0.0,0.06369175175599347,0.05975436923588346,-0.1044201609067171,-0.2501709965346296,-0.12583666143302133,-0.4461335524298994,0.010292851024489926,0.0492075127057272,-0.3914550517187144,0.04086286560828676,-0.23075182146572648,0.01648512612939134,0.09536101864222751
28724,0.10560200046699135,-1.1543734660812066,0.08752870148585255,-0.31756797232565603,0.05595573409773554,-0.012289666890936739,-0.23682003467647775,0.0,0.07812163272119713,0.05122137035385313,-0.1265530342588999,-0.3442148925823713,-0.019165400752546132,-0.1984699669518028,0.06931999422687583,-1.5303050738204649,0.06347011367682351,0.05704794021678919,-0.1748721533185948,-0.0028359254924674743,0.10725311634355884
28778,-0.19021709062295575,-1.0205038061974312,0.07831017525678172,0.10942900052168424,0.08807206259376471,-0.19359228332322004,0.12213008954219808,0.0,-0.19543795925106588,-0.5139634464879819,0.04232134768831288,0.03834792037581278,0.07444442443222662,0.09365114741727024,-0.11693502545664444,-1.709019998337755,0.07583574792024528,-0.061768737662946854,0.16727572885277328,-0.3276004355587609,-0.17248500269437084
28800,-0.19277857826029507,0.09463236178724899,-0.7122420403965366,0.08114129144251829,-0.10265980277155123,0.004104389018257119,0.1358156776407546,0.0,-0.07396902831703342,-0.09877883474874535,-0.0344252766476315,-0.11367082994019927,-0.07941477113655711,-0.31812346380053597,0.03114869624421183,0.045380196769724435,-0.8875042901490735,0.0698438802014401,-1.0016220475138993,-0.7181994103128173,-0.12258350643758344
28840,0.14575858221062699,-0.0822805218930461,-0.6764741577087938,-0.17174831285804482,-0.06608366931848124,-0.6177527491930236,0.08584088684517543,0.0,-0.0243159071319261,0.05656120879199913,-0.01944946038231937,-0.1713356467698741,-0.13360842955437538,-0.3150928955689205,0.02760307584016503,0.04838697117775041,-0.17855513584030624,-0.8621019509348005,-0.2482032162772349,-0.39885813067041204,-0.011164088621933375
29215,-0.20086460986281615,0.060903107486237014,-0.8720559288630783,0.08051752182687857,-0.0853886434981451,0.049319971708596345,0.13083676173987868,0.0,0.00649216713620984,0.042754738272732525,-0.05649933441480287,-0.15891281245058794,-0.09836494804631447,-0.40118201202412923,0.03024040090351561,0.04498148329928778,-1.061565121885324,0.011196813582732626,-1.0375950408921921,-0.688270126240684,0.09502526331152793
29291,0.07824699780612988,0.05468486650571727,-0.46391050902279063,0.09260406522033691,-0.11033589939683656,-0.08889293866433387,-0.267767087653274,0.0,0.05882398172142233,-0.18382298477121362,-0.1035296476044839,-0.015756125452291152,-0.12164329799612236,0.08499691755054574,-0.20717441650307739,0.045384770106596126,-0.48265538455697027,0.030771636902813735,-1.2223953382780113,-0.7795569870241756,-0.09575086293984557
29291,0.056179213676337623,0.0790430307915591,-0.6055121643575785,0.11060220338462166,-0.05517382617689869,-0.06802050770192437,-0.30669249667491466,0.0,-0.12291112049046866,-0.49836361604376556,-0.04710557483775982,-0.12832713538422144,-0.08083140534215641,-0.337605323985568,0.025339348607310002,0.04162431821384469,-0.8321323248598607,-0.10242567473800908,-1.0206169851654165,-0.6206656236594449,-0.0569793240752306
29291,0.09093547243392902,-0.12528273333582848,-0.5377945065964552,-0.016986364415676407,-0.07915714011649676,-0.09250683807215056,-0.29610779455955477,0.0,0.031155745765321537,-0.08961560623697629,-0.07796648114027907,-0.15469303091952533,-0.05234614047208875,-0.36550345728799766,0.03236535838961297,0.04299443876720457,-0.48456335183448535,0.01271032198497564,-1.1044668177360566,-0.7543568044087309,-0.10885006423565076
29291,0.0784684505774831,-0.03885681616964056,-0.6220961341189674,0.0910070903707296,-0.10357059273058804,-0.1061795201396225,-0.30167507945620553,0.0,0.08543236562134465,-0.13377698564628565,-0.09700083568216707,0.0044404470244713366,-0.10331128335163547,0.022919090352697055,0.024682531745339895,0.04523963532763182,-0.5490909904325227,0.07098661216098028,-1.2236934301268914,-0.7541725454381927,-0.10473906307885368
29291,0.056536980803693695,0.07909183568359444,-0.45254657636849255,0.1032019048377462,-0.06757394625685663,-0.08832270702636101,-0.24000301112682512,0.0,-0.5508938060815655,-0.7633980535522695,-0.0460954927921052,-0.1623062333120033,-0.10004714933031256,-0.3462355919583231,0.0198937417193527,0.038043444651864995,-0.7577802724469107,-0.09557020930431484,-1.0381822979042024,-0.5759412514191254,-0.051340514447914334
29291,0.057037206874429335,-0.29210144200370447,-0.5526559750309916,0.0393389144346854,-0.09348766264983067,-0.1039219316253323,-0.31875088443696625,0.0,0.06308142581428741,0.04297053175666965,-0.08958479209770505,-0.15505174098416985,-0.08381947623981671,-0.396306138734157,0.01910390223804675,0.04189246698600362,-0.3086383137543272,0.056222444383177944,-1.0685665798440218,-0.7230807876940986,-0.10491442315413792
29306,0.12344695384689709,0.03172046855840115,0.09238708221144121,0.018204552987485693,0.0804664875345578,-0.06375915391103737,-0.2721722164128593,0.0,-1.5269578468260852,-0.16106712826493466,-0.14062821073999385,-0.0533351074856367,0.07186965788579017,0.07712872425611185,-1.0619872702865643,0.04289325663682756,-0.05474727903930905,-0.2121474625937894,-1.0834361676837303,-0.5105394506677362,-0.025549535027584096
29306,0.11446025716187284,0.059546775551966934,0.027011847137701956,0.0069658690272127125,0.09011713725133119,-0.07260827503066383,-0.2605057132548307,0.0,-1.73217616986992,-0.30283696288459167,-0.16278920440994502,0.04881713649967597,0.07335835540296543,0.000896971043978258,-0.8839850571977133,0.043162328225676026,0.03348855439584332,-0.27411817728404847,-1.0523921082352283,-0.7939641200154983,-0.06025154757703613
29306,0.11794981226985796,-0.17929996153026567,0.07982232289532844,-0.19093573408311051,0.08506696495037985,-0.09660809076920622,-0.33069894531910904,0.0,-0.6489792640812737,-0.06690801652529771,-0.04403885479323816,-0.03497891513143219,-0.20312894992525218,0.09246485242514466,-0.18848691514324323,0.041881238994668245,0.07951915433231925,-0.21862397492515445,-1.0885134222357422,-0.9188564597890738,-0.06917032956333308
29306,0.14041623918033985,0.08229767114793195,0.09556580368875964,-0.09647136974872186,0.07236117852155619,-0.08475947578955802,-0.3095621464643527,0.0,-1.1091408650508379,-0.1498701380213858,-0.11725743611587976,0.06307462012535867,-0.06861510671718947,0.08007260438651709,-0.9539772744291491,0.036532710551527056,0.023166919561036635,-0.20238780279825666,-1.0582104526879563,-0.7405374415871934,-0.1024538103598055
29306,0.13370934348520727,0.002602470325656669,0.07316063487288739,-0.2424325630840776,0.09052083194946658,-0.11498275592153871,-0.32224523509737074,0.0,-0.7629963743998601,-0.10274501808434361,-0.09179180293048304,0.038103381974476526,0.09579289198308281,0.06787949976638857,-0.6557251040510447,0.04514780262820696,-0.08514216470698449,-0.14678807055814286,-1.1418230941034364,-0.7702659510028962,-0.10397188004942258
29306,0.15432957803662145,-0.00910501310248539,0.08310526819155642,-0.21957564913876484,0.09915742656534451,-0.05958794148507441,-0.2688368158777803,0.0,-1.0155290848178768,-0.12743454937458712,-0.1417322540312702,0.038629724868072014,0.08011050693109306,0.10630291725387336,-1.077953261228057,0.04464519764880978,0.09046511424263376,-0.22035707076533254,-1.0848854738294675,-0.7114548215259642,-0.07359257155364035
29306,0.13105048887561907,0.05967004157902561,0.08885700480100105,-0.31781291621694135,0.0918704020387395,-0.12957239637292042,-0.24106007005888852,0.0,-0.7143600826068301,-0.11546913432354379,0.07440444623598766,-0.03819950538565512,-0.008805083669421237,0.1090267834035736,-0.9003907825157406,0.044993253067247246,-0.07313876444460611,-0.2106356521146646,-1.0705471855106419,-0.7903954500198521,-0.09443745974876336
29306,0.1375371665806388,0.06941978405020535,0.08190471984770314,-0.3362923590636713,0.08789319942031901,-0.07022459175990227,-0.27468748150320554,0.0,-1.3976766991712053,-0.181891385470331,-0.1306732659396953,0.038566305522545356,0.08146100345975074,0.06902963669751856,-1.0634220584732934,0.0401993627764272,0.02850616987880083,-0.22912173923323736,-1.1022541690422263,-0.7732245983686653,-0.07481955220724423
29306,0.1580305510978675,0.005682536005430729,0.09922878233338733,-0.4559357771635103,0.12581416738249987,-0.12503656656398238,-0.26654892325610796,0.0,-1.730262799623129,-0.5605461777203355,-0.09431358418105644,0.04203883281334973,0.08870589290207234,0.04766927685824115,-1.1065374101727268,0.04316210677129488,-0.011344707357330607,-0.3573127783085723,0.18288328624267147,0.1510005912314826,-0.10530247156796108
29306,0.09826468323409539,0.0507701553394439,0.06529995581153979,-0.5469147171161457,0.10500717221336375,-0.09424074164910912,-0.30555671746733537,0.0,-0.619261321389,-0.06348849446152591,0.041081759894461854,0.08356130807073837,0.09026955951170325,-0.07065057740159104,-0.08822693299613087,0.0475456231521528,0.06876985619434997,-0.2899115492884003,-1.193190232377235,-0.8597700217992855,-0.05974311428382408
29345,-0.3188681605574085,-0.06370754199699245,-1.3336894814973097,-0.25106253565155656,-0.048876532608578785,0.048449743844486075,0.12779912729206178,0.0,-0.024967758691847555,0.0561799004090749,-0.10721041090364158,-0.16825245950510243,-0.18903657260854442,-0.3846864595964694,0.012561442095548917,0.04418837338732346,-1.0799534611353327,0.04564682641383219,-0.325225368799427,-0.3990793418063838,0.10257988532597237
29397,-0.249366505139544,0.11458792506720616,-1.530128605876932,-0.2362685489088109,0.01709510867238616,0.0760600567232877,-0.38718233969201227,0.0,-0.010172381955628227,-0.10936454352443387,-0.08218730182926481,-0.13992611324855517,-0.21125305024768534,-0.43624491886042793,0.029076534079563315,0.040356664919234876,-1.1041158159955387,-0.10205938365691447,0.15691472211675547,0.14941224000255746,-0.09196813606899432
29397,-0.35619060642511075,-1.198296933886687,0.06249264054514648,-0.23718856224535909,-0.06071155647675146,0.06415956119364122,-0.27334716833037,0.0,0.07112449825897185,0.03694494345252231,-0.009289747640302019,0.0861680457194134,0.0698942305847958,0.0336040676103354,0.057279657193730044,-1.3392461868752599,-0.1058438648988809,0.09075345500705546,-0.2417869104807202,-0.3767821818774091,-0.06344926924321176
29439,0.1375183871584639,0.07425611491000088,0.008049752834936606,-0.1474824618816088,-1.0176576453869242,-0.6074414555585327,-0.3197148025461877,0.0,-1.2564980774630727,-0.06968517725036937,-0.06003612751911551,-0.2593380688926832,0.04374673069592582,0.003393644370077998,-0.6023788116379882,0.050659334351241515,0.06693947802264764,-0.05463733369897828,0.14338804017179307,0.1919156691384484,0.17691496232265358
29581,-0.2188340583049199,0.06252502878439262,-0.60242792273516,-0.08943636182641863,-0.011292311514406923,0.030674164037685678,0.15155389573183645,0.0,-0.014578615361352631,0.04374652893359631,-0.04947100613299186,-0.13200454479275822,-0.05925253752947272,-0.3864966206583621,0.034219294136986406,0.04268906089804129,-0.7188268084500009,0.01121800858093693,-1.1110982969953054,-0.7020007018502704,0.09971720356834911
29581,-0.20526933322670587,0.05287542235597166,-0.5754003041819822,-0.2530830253439647,0.015663537867500615,0.0362823710773692,0.1430341110028976,0.0,-0.024241710458123743,0.04219230036483416,-0.0504080992459106,-0.12461651790967296,-0.041210321445141224,-0.3216822523020868,0.03375292115944373,0.0413602931056055,-0.7706068549716424,-0.026622758253190756,-1.081695877354741,-0.6788064175991677,0.10787897575131697
29581,-0.19442804639729713,0.05847939481023655,-0.6810056516721578,-0.5250841735898029,-0.0018962979736366651,0.04506965633788159,0.136181384149741,0.0,-0.02244715919090819,0.031424930625253575,-0.05346958218725085,-0.12710612598711582,-0.0508867501975504,-0.3068054546279141,0.025765585188495293,0.042911449024586774,-0.8228084028183196,-0.08352490392659088,-1.015937789754102,-0.6594798586056002,0.0944316196552354
29607,-0.10608075704998772,0.057209347392061814,-1.2118779339552892,-0.21036677763300787,-0.07819832106935963,0.011982877800571484,-0.3171022933055051,0.0,-0.04489957436076553,0.06132969999463971,-0.08338896933486972,-0.18480312818528644,-0.10203742827713458,-0.3589336815058871,0.01929051688846051,0.041950411977749937,-0.8625113725894524,0.023985484310864946,-0.9961074491373927,-0.6057577732466985,-0.0739269930804177
29607,-0.1376860267161766,0.06433040031232098,-0.5204332980025804,-0.2893387961502033,-0.07997928472556988,-0.012489032547499624,-0.34140826429954657,0.0,0.023343029694919096,0.0646520006913731,-0.07776285281893466,0.03464947804504038,-0.10883949014502517,0.047573305441347094,0.03146249232934402,0.045117480499400654,-0.2600508879927753,0.0501102401928476,-1.1454939450721364,-0.7485392839590572,-0.1267972255732547
29647,0.08852085763092465,-0.012553362655686781,-0.9537556214242574,-0.3384283820144272,-0.022918625584726265,-0.04796131742336031,0.12412605631470225,0.0,-0.02245770298741701,-0.9832466170860552,-0.0407089896585785,-0.08050498276727945,-0.17437546403021842,-0.4220216484326713,0.014359109672549565,0.04799136611869397,-1.138255648604924,-0.1892884888515805,0.15130237516164036,-0.22426470850090655,0.11946633128017785
29696,-0.2720124408490328,-1.020620160359267,0.08752960352274969,0.04009977084521758,-0.29346306953408613,0.03929396890178955,0.13726892529259935,0.0,0.10489222762243046,0.051226129464017854,-0.0890019105861508,-0.08971111913811287,0.042361846367617834,0.052941673854897085,0.08717891470398967,-1.6334486354046547,0.04473525422810928,-0.14624849797954098,-0.25314901310522747,0.07755368641523791,-0.3567404679944139
29696,-0.24437094423538253,-1.102417193178708,-0.08845564942417035,0.09500937303149024,-0.24483131206193312,0.04216024161296149,0.13692075072457546,0.0,0.06908525110933422,0.05097881838238089,-0.09187072971043088,-0.061480906627152075,-0.07974609424343354,-0.08715926447767691,0.055712338295572136,-1.3734494714219692,0.01216110919415844,0.053181130192415736,-0.2988840170166812,0.047255724921083306,-0.4098496577028904
29729,-0.21074040729033686,-1.0978187665243877,-0.2582541227444157,0.05856327381333402,-0.032992324781408976,0.0007399608494999255,0.1318376352009893,0.0,-0.39625633209166755,-0.006503007274497242,-0.00029892194753825343,-0.08451055792086129,-0.07636124234309812,-0.3167807052687929,0.044911650313426185,-1.3388566531213157,-0.47626440588023433,0.11545269946348488,0.1783703913151826,0.1794311390843943,-0.018543912596534002
29729,-0.28487553849991154,0.04579479662229319,-0.0607752876539427,-0.49331330181829414,-0.048860065486232916,-0.01901779689563608,0.139613378492709,0.0,-1.5072616822789107,-0.0799373517484518,0.020447996531328057,0.0317296520820321,-0.20629096255500673,-0.19149808792107326,-0.8153710730954669,0.0407430325854217,-0.1920942987990045,-0.48797699121341886,0.16429914400052312,0.1975881116830313,-0.030895421336974146
29782,-0.3228750331664539,0.050119412685556565,0.08690776513615717,-0.2243833514374365,0.12205270830779488,0.03691550679835272,-0.3130466165265551,0.0,-1.7863013709738436,-0.014405127152024463,-0.05422558010811748,-0.06456084419920984,0.07806471807760247,0.06378408647548829,-1.1478520104956271,0.04321694669043345,0.01112531979325026,-0.34196331144744546,0.19157049606366797,0.1669667630560197,-0.36395851306108634
29790,-0.24130003805565253,0.06487072120913881,-0.17857613969600386,0.04612598859642014,0.08548101633987194,0.04107773516441208,-0.24170821619995306,0.0,0.03229285101392258,-1.2803950590363709,-0.07362396643328385,-0.15502885657571994,-0.10779593704372961,-0.3504811704657872,0.02319769739363836,0.03862409679387049,-0.3281767730513865,0.07765166086682217,-1.0894578282774214,-0.7473314878800116,0.10969264264061446
29790,-0.20763317855599675,-0.054706039217832306,0.08399793330053514,0.041422767423592737,0.10809100537006702,0.0543045914226816,-0.2584618111643063,0.0,0.03476643896767987,-1.246225421968536,-0.08876482556381854,-0.17919720606457237,-0.18914019277290328,-0.4043519540134395,0.029879732402093084,0.03788977576054662,0.08440110809467315,0.08414383671945522,-1.1372800714249558,-0.7303332032012966,0.09655681026071562
29790,-0.22587575632030196,0.06932853223436776,0.07633190696489836,0.0478037440708917,0.10214393669363024,0.055254152090517074,-0.2644276784795635,0.0,0.009506289314302158,-1.378088867384716,-0.08056622970651008,-0.17935307101910417,-0.21155006905283763,-0.34669815404619836,0.012104095927109293,0.03727141820100418,0.058006453126202895,0.05859875058150065,-1.1268802937829523,-0.7427135505072002,0.0930132929543905
29790,-0.2244717478701405,-0.061669098798408574,-0.05839438695956282,-0.00476868733876933,0.12003363724908606,0.05984038621776689,-0.2820860860036606,0.0,-0.19574342417343246,-1.5875798890721344,-0.09374261357624127,0.007047642198612196,-0.14616985012024675,0.00295311176154163,-0.18273293383505773,0.04225933678443173,-0.2856082413292682,-0.002324714532522619,-1.1226582351384196,-0.6875510370524517,0.11265402022316151
29790,-0.2170228515838283,0.07245426843378241,-0.18836678186454128,0.11856614940429758,0.08669805120946629,0.03275662906370854,-0.2745453613254155,0.0,0.05170162518010965,-1.1984399967928026,-0.10898712800536534,0.0034340046339355924,-0.12784244035324868,-0.03722021506388206,0.022777288146578836,0.037916699105858535,-0.3835174390414028,-0.016882631618474652,-1.1371190919708645,-0.7352522800829997,0.14263414597496224
29790,-0.27807738613186345,0.0775468747958989,0.05362578974916599,0.11683626083928932,0.09052382451487216,0.054465205215293896,-0.2745717437283077,0.0,-0.027912504087879972,-1.469757258886581,-0.11609490849044184,-0.009962593599568087,-0.21947861571973426,0.0981835910620363,0.01517575433637474,0.04220184751392077,0.022187745318082326,-0.03762663174876212,-1.1761173016553859,-0.7301904852689571,0.11992397807749676
29790,-0.21797975717248025,0.0746261058404861,-0.04539421705354848,0.12075012943212486,0.10995583365293896,0.061072140978355956,-0.30823799280107234,0.0,-0.008299186180302637,-1.3262876071144878,-0.09480525112872466,-0.0010235798679048406,-0.10863778695994103,-0.15390329307445255,-0.11265839264033282,0.0438014851445415,-0.23146868550416913,-0.07904262402455542,-1.1352975990206213,-0.7141255726179847,0.11851090441162547
29790,-0.2773282428165685,0.05866019445161715,0.08391487673090313,0.11422254597148404,0.10484328634582454,0.06622873904494822,-0.24926884764085624,0.0,-0.10537559059054556,-1.5510145318396875,0.02515181313715436,0.04917150896406696,-0.01669571255243784,0.055755084451226976,-0.20955844986065814,0.046030802177420685,0.0973248494478998,-0.0734178295699933,-1.1205445248244104,-0.7205525337999176,0.1192085292510133
29790,-0.19936797394572295,0.06863094050978683,-0.22791520299812998,0.11491071075939942,0.08410293457788533,0.029426564765148076,-0.28564588269058777,0.0,-0.0007696484370355596,-1.3306778737782008,-0.08237116962868112,-0.021432331187643535,-0.1363916525267997,-0.15946520299765407,0.017870115047622596,0.03788241843389772,-0.5631467408684007,-0.11267434269222433,-1.0898642730753676,-0.6795134884429144,0.13218029534268408
29790,-0.2670141939671724,-0.21460791378574964,0.04997249054429405,0.1162140086126798,0.09389201726057077,0.07512508612481696,-0.29897940388254496,0.0,-0.029733080645266412,-1.5075930183068378,-0.12604665863235537,0.02758236869900061,-0.22218696819989125,0.061438878687303786,-0.04076756050158919,0.04121849805579788,0.01858262802404655,-0.10334743601751517,-1.1157301975530023,-0.7016118107213394,0.13255010005704912
29790,-0.2258256332137949,0.06238863811186293,-0.16318122078026465,0.10680257973051611,0.090439893997089,0.05758436616093761,-0.29743946458306814,0.0,-0.11012847875541902,-1.30729359692318,-0.10676548326975095,0.06148567226511431,-0.14976226636093892,-0.04607654375263775,-0.10040686225710749,0.04197845912813,-0.334174644580544,-0.1532222943114992,-1.0709748451215424,-0.6668067629989793,0.1486904786236392
29790,-0.2654667272742084,0.06278380819473586,0.05287710065056211,0.10558852034026739,0.10191242943636575,0.06787516856426433,-0.30908921506601483,0.0,-0.06904107469192908,-1.4818670450702331,-0.10841418180280807,0.007802148583599202,-0.20853753863278357,0.06233723343743069,-0.11064139281285329,0.04411183051617094,0.011412927230525923,-0.21936279093801728,-1.1607706414882009,-0.7229219372823747,0.1268158784511482
29790,-0.3091765580265882,0.06798090562571323,0.06814594642181071,0.09305583356759456,0.11911021596710071,0.06812015351802944,-0.2540857998645422,0.0,-0.15136901801493624,-1.5135860809566324,0.0772882850660355,-0.003679538728728079,0.12714020813913154,0.10636802236778449,-0.11599708197089131,0.04695669594762667,0.04929709216969338,-0.19427729024450122,-1.1144601199063466,-0.723829972043692,0.1003194974113498
29790,-0.19643755278109237,0.04138436683479737,-0.22843854173184805,0.03204006468622537,0.08588377407613572,0.0450294331326398,-0.28448710841748515,0.0,0.04851431392186237,-1.167246728241791,-0.1315686267833168,-0.04459944782913308,-0.13174725277465033,-0.06555730550789429,0.021247845241017187,0.04023235756657641,-0.3657227333522774,-0.10076963536162294,-1.1028558127726775,-0.6723243658835616,0.15914271458683824
29790,-0.2869539944035873,0.08324864381076746,0.04666640389336415,0.005019875984809506,0.10341437751638764,0.06814947294267716,-0.30604438104248155,0.0,0.05503834962226291,-1.2565121943507935,-0.15292935063310076,0.017813241866468137,-0.19787934115698524,0.07377948235828066,0.040357336713890135,0.041521411896824824,-0.0709210101626664,-0.09345486277502642,-1.1726820232286053,-0.7400267683440869,0.13649616654300978
29790,-0.2962452973141114,0.08513239742565047,-0.05752318440629449,0.02518692563389273,0.09589568970471682,0.034952235607636786,-0.24562061583048767,0.0,-0.024322614613567068,-1.4265671201826264,0.06379865910449317,0.061768112207292815,0.10287194345695842,0.06235291263491638,0.024478352872640812,0.04483934239846014,-0.1327052919538604,-0.1360940594913102,-1.1218987968059668,-0.7821078148832078,0.1062408895820135
29790,-0.26549953940289817,0.03782636807758013,0.012222765100582993,0.025973216423002633,0.0947835292400484,0.048267676671441516,-0.2749904653225082,0.0,-0.06829103205506643,-1.4119998715127424,0.0665978477877718,0.048261212542531184,0.06781199088779195,0.07671350307608546,0.015490845405631889,0.047416275849966875,-0.044584602363391665,-0.1566956693510089,-1.1266013255886098,-0.7911022463587549,0.14715431288913328
29790,-0.31158673581540175,-0.08437274737484708,0.07426010864676753,0.04008415078198785,0.08631405536839595,0.05033218444563256,-0.28222158843372064,0.0,-0.012392503282326862,-1.5495473275921932,0.09458202469909682,0.06228750510032693,0.1285857932028985,0.08490261743193371,0.013779535748478263,0.047471148504946326,0.06466981233300063,-0.21825317238334085,-1.1352713640095866,-0.7898758138673885,0.10388850618646073
29790,-0.25698165226906333,0.051624274870805856,-0.029563195363784264,-0.030584140808558275,0.10661668531669971,0.045385703010546154,-0.26706590843825173,0.0,-0.13690786784366693,-1.6495553948455628,-0.11907510932068606,0.028954097607460393,-0.14885515948955758,-0.05711484103277018,-0.1544801696738529,0.03703852923818619,-0.22123891585414074,-0.2925798000562778,-1.015685609994605,-0.6804489774681887,0.10520379461434905
29790,-0.33108550861010705,0.07422479318283874,0.020331785218558808,-0.021225587850121568,0.09963843255164681,0.04434471348671097,-0.2833824738021274,0.0,0.03217668836878278,-1.3957041056611403,0.04277886496711287,0.06081539930458037,0.06187333477063406,0.06979582760317547,0.03471399558183235,0.0478309148216568,-0.022890543489457363,-0.10031206824117612,-1.1041050717623189,-0.7976436882702654,0.1320652420963497
29790,-0.23233811346911418,0.06891915228436771,-0.09053028171316235,0.021130416124118645,0.09704491178239254,0.05880658539757173,-0.32181573339411945,0.0,-0.002097507274256393,-1.4269228064347845,-0.09682758743444497,0.009016620316204097,-0.11754315861743099,-0.04126510960498588,0.022588522202809016,0.04219846214229007,-0.29995933777698797,0.06442966201646669,-1.164653944207697,-0.7358758345852567,0.10914976940175475
29790,-0.27486596918094147,0.057943523146057455,0.050574407037590884,0.014013030859848244,0.10369011617303932,0.06422958675423711,-0.32641956721601284,0.0,-0.05910864725721809,-1.5032179469627982,-0.10500148961510351,0.029807480356635305,-0.20648291298573646,0.0683808947911898,-0.03150941975081105,0.04536463007737532,-0.035122295170084944,0.06392135207321745,-1.2078443412697724,-0.7845784323442705,0.12378192931492579
29790,-0.3071971191674836,0.06100490699193977,0.08495529088958685,0.008362944435373321,0.09924465569266341,0.047077322318479754,-0.2998501646963081,0.0,-0.05994435349025534,-1.530935072810716,0.021101878135513393,0.03968910015226271,-0.018158747344106205,0.082873536855228,0.024827475225500287,0.045427415603496425,0.0991196172886131,0.05927157923822002,-1.2055466835603943,-0.7404830281125381,0.11702302051221367
29790,-0.32324528449167844,0.062431965113119256,0.03274152480751704,-0.02139054845301085,0.09566333453064901,0.05772354897665152,-0.30204338143966253,0.0,-0.07334683028003454,-1.4299678762879766,0.07153251410179905,0.024309323826117914,0.05403066615421742,0.11347984649051213,-0.016398294074509944,0.04842088915813815,0.008819248427471027,0.0587152028820984,-1.2378585580831054,-0.8232482311693279,0.10914428113392274
29790,-0.2335240024914648,0.07216172527517642,-0.10872796655795419,0.08040131245792373,0.09756305910907932,0.047021235699710624,-0.2969085053123677,0.0,0.047280203387095085,-1.3062844946347858,-0.1176070265076073,-0.006242076335374469,-0.13003530764503946,-0.08751142117081159,0.02624301237149496,0.0378789960828052,-0.3253467912689648,0.006705643570174988,-1.1372880378241184,-0.7524573242142927,0.13255384795010036
29790,-0.22437026328373358,0.06330314425526351,-0.04350976418699907,0.11343226656110403,0.10493094989542667,0.05982267991619159,-0.3424566995844283,0.0,-0.1586914655422141,-1.597741785385185,-0.07806865408268611,0.05971217657314609,-0.12091088289577218,-0.11597501659364146,-0.14785598513512707,0.03968772923524445,-0.2785543267085718,-0.06175298963530185,-1.0979488477890074,-0.6949666788176997,0.1269737189065872
29790,-0.30944420098911557,0.07255208613215004,-0.08639813309174851,0.10033324290913924,0.09848619588477418,0.05280606000494001,-0.28688680175595105,0.0,-0.015566048364693413,-1.3224325536384203,0.04398123016623917,0.015433416020051554,0.11183295971839961,0.09228656375970719,-0.0003724269521198402,0.046590436734135425,-0.23890631240647864,-0.0009255223704931445,-1.2062533014067047,-0.7243098607002887,0.09723182243373446
29790,-0.2848933039991931,0.06112668297078266,0.059333237756177076,0.11898555873536554,0.09010043243561427,0.05738573608623558,-0.3129916351064341,0.0,-0.02599596762022516,-1.5051398772427278,-0.015382726009055136,0.019226108579328046,-0.011073763009354356,0.10089081639089374,-0.005453174446256386,0.04571478471801728,0.04397305666322045,-0.04802173136341275,-1.1571608716553363,-0.7575490281573805,0.1189188516781679
29790,-0.23363440735819005,0.06932123490373601,-0.18483057599044714,0.13294631662854592,0.08089285598031697,0.045996560596534335,-0.29659419594525915,0.0,0.05542860772174779,-1.2018606175304336,-0.11407695153045504,-0.00117948995768563,-0.1297994852022371,-0.033496615051726415,0.029400532452000895,0.0378217452730284,-0.32515282594291856,-0.03553118604529648,-1.1501959705052962,-0.7205013172715128,0.15195866888510912
29790,-0.2135855798659271,0.02092506877399855,-0.18620709523706555,0.12381220040775374,0.08019497803162141,0.045974771547998526,-0.27618806859791356,0.0,-0.009536142623109381,-1.380185971386719,-0.10258170070463858,0.039389626718524334,-0.1275482394756855,0.030619741103487086,0.02172800568098438,0.04236427444890893,-0.36183780324459,-0.10387165444174006,-1.1130575753549288,-0.6723188139780372,0.15706584980293473
29790,-0.22168889771471947,0.025363440033686277,-0.20844017763956987,0.0640113029186698,0.0792586313291318,0.04180647109773037,-0.28121901229516494,0.0,0.05439563249855382,-1.2125531094603859,-0.13092555295854796,-0.006068428845179052,-0.1354161209010712,0.03374639231000661,0.048519198378323476,0.04043586474156781,-0.40570663515629424,-0.09869136762487772,-1.0909552309014872,-0.677495516035955,0.16585557265405718
29790,-0.2649183177733477,0.03128707556945759,0.011175001385880338,0.033034960215760016,0.08785270478756468,0.051270883286025255,-0.3256492782237458,0.0,-0.005782456175772767,-1.4216167290614203,0.07091411958841552,0.04328178929018242,0.06252341360047692,0.10498212335578067,0.0496712680566967,0.04520660723944186,-0.0830241191435999,-0.07737960898576705,-1.1615067329583388,-0.7529852603789389,0.14532420558673878
29790,-0.2537889579125116,0.07705931137547839,-0.18848709824012144,0.021819620808959297,0.07355977944282631,0.040352019445091834,-0.302956928144049,0.0,0.08545224804927867,-0.930987582393971,-0.13547112342470788,-0.002440722769779343,-0.16851543795540594,0.1259745397975427,0.05940738172597119,0.0391059440112419,-0.3115453136958444,-0.04535548704681513,-1.0957426338420804,-0.7451023653728801,0.145364200711633
29790,-0.25281380246501683,0.02937619489924649,-0.3955179869480269,-0.017798532214784942,0.07965359194642288,0.044807183632462305,-0.25649438244649425,0.0,0.05025885794364554,-1.2455976369755224,-0.10696434835811401,-0.05409945089332602,-0.1495777131915178,0.07556945725230037,-0.05207312758754838,0.038056193054233294,-0.7410945964039934,-0.19541192121268997,-0.9643620620113248,-0.6517236093959443,0.11878905825251536
29973,0.09159974395127415,-0.927026250477556,-0.6294487683391483,-0.10788857688404496,-0.08440373179757568,-0.17306655112927183,0.09797942581773773,0.0,0.042932326757520116,0.015221980616326736,-0.0010796693815983114,0.006465144252816189,-0.07173051593472679,0.052414112187086845,0.02340311755565933,-1.4802051590765848,-0.29970772204546753,-0.7852693662956806,0.15569515247958418,0.18676583250575768,-0.26842353496260857
29978,-0.2041669951836645,0.049391658459012125,-1.3268691354058502,-0.30246350053364174,-0.5791992929121684,0.0033436887260262834,0.13587927061857405,0.0,-0.07919474470975083,0.056242766172512816,-0.09748475924680301,-0.18613742810667314,-0.11294818129778163,-0.27249896836166226,0.028595327653908095,0.04308406675271505,-0.8190010037779798,0.07374828252890123,-0.2801845685602653,0.011656586620324087,-0.18580693258673586
29978,-0.188226451341708,-0.5755237132666098,-0.21377733326400278,-0.616198345189342,-0.6502111994686177,-0.0064242065545443315,0.13987769324464333,0.0,0.05987525426953221,0.0530590637835116,-0.04565858326068879,0.048907788941510495,-0.07678765045433623,0.05049934121867653,0.040314506585797494,-1.2543659120901727,-0.04868936574871867,0.0377144598070587,-0.35471557545998467,0.0456743452842586,-0.30028860545045843
30014,-0.3598552093801211,-0.2988890884738087,0.04128419203669939,-0.21438093974451236,0.0711706657738332,-0.1046865397173781,-0.2326117233450972,0.0,-1.5596621786201084,-0.4227188791810555,-0.06257648552512456,-0.06411663078346001,0.04823913670410712,0.04513861646302034,-0.7882117202422061,0.04387698815380582,0.028539173404358013,-0.5805174114593291,0.14893323221921265,-0.20406667085380353,-0.032695397132057324
30014,-0.3722461663432182,-0.017760205362652725,0.11098682291747859,-0.23952620427541413,0.05886094446806484,-0.12251985780113762,-0.2859424890403039,0.0,-1.509833874181019,-0.4611101462418576,-0.04249238736305834,-0.20891469567706142,0.09773680251618289,0.06949578431171179,-0.28927379082899346,0.045804386567939934,-0.028131344525877944,-0.5504692193251483,0.18818087784426504,0.17502154399358572,-0.09184099102778756
30020,0.16228573514630915,0.10034862419460232,0.09341961943158145,-0.030041025913649124,0.07583207999140908,0.01904745268018148,0.09145078710400431,0.0,-1.689988954841189,-1.12188668823519,-0.10512990360096107,0.016238826667380198,0.05333728418993359,0.06372042184321788,-1.1056880900558985,0.05043991401019448,0.03624801682988946,-0.35108407457985225,0.14506816242999926,-0.18321982791802022,0.11483711076017396
30020,0.15580418477247604,0.028242299633636787,-0.04822681634439928,-0.13403513132154893,0.07818083851897586,0.03680142150678485,0.07454555879294254,0.0,-1.7593861954637173,-1.193984580909043,0.018485087941436138,0.10156186979918291,0.11887289430679925,0.07441856802714182,-0.8727530065639446,0.051420789474040766,-0.2699342038384117,-0.38907762214871927,0.17473345370467191,0.15404122475205778,0.14634068509382922
30078,0.1460142443749365,0.10828806732228066,0.044410943628280845,-0.1847866906687143,0.029480706358783033,0.05424702184914842,-0.2583848463148905,0.0,-1.8495084989159487,-0.5892332873579547,-0.07159149653175938,-0.10768502669078028,-0.0008814422719837531,0.07432280504483149,-1.1280434763940121,0.046322204448798456,0.017487453665007723,-0.40093354817808,0.16783205588746772,0.13207377526427425,0.16334627607949043
30091,0.11532296459839657,-1.2290946538309258,-0.011264141256978027,0.10145304044189447,-0.16332293003624485,-0.00995924384253715,-0.18643744896660494,0.0,-0.5032995801254728,0.0037853645906633813,-0.07025283123913324,0.08921615823344553,0.072259421456564,-0.04604243692995064,-0.5111021169028143,-1.5605368080308277,-0.11860330331917014,0.0385555499074555,0.17488906748205307,0.19034263012954056,0.125433346706623
30302,0.0892886075802283,-0.15212515848335464,0.05976970951994707,-0.5613639502919018,0.009251326033525333,-0.03129487888388862,-0.06950823501418738,0.0,0.017135322278715982,0.06640932034692985,-0.041294501953807496,-0.2558179396806727,-0.14651446966805773,-0.3873357516766549,-0.1566164772910297,0.043388116038374384,-0.08495385079915489,0.024771931146830215,-1.3022519546033011,-0.8244306301810574,0.11325532424243681
30302,0.11065428320799386,0.03172759881019835,-0.014144526773367621,-0.3889095981242704,-0.003698640807690695,0.00395041032534348,-0.06470170139046322,0.0,-1.372568642755811,-0.0451346749151149,-0.05764767509388608,-0.07451687517480132,0.04772148193355163,0.10209777186984523,-0.9355505757355137,0.04462211119540291,-0.02111924121577964,-0.26743315715035115,-1.140570673049965,-0.6557925243357928,0.12000625537143282
30314,-0.36609628480231926,-1.1658257145838364,0.0361055438157579,-0.16197717418927568,0.0300347946731181,0.060613214515061624,0.11440303813045652,0.0,0.04877741033702668,0.05129764353765926,-0.10371785098015811,0.012227057477113414,-0.19043694402688252,0.07963708611844676,0.06469459179694746,-1.374435006277346,-0.034009142450673435,0.07060369056116725,-0.29298863910261896,-0.4247612465041477,-0.033652622163308055
30314,-0.355307369097674,-1.0819718133434206,0.04512343184927111,-0.16804756292932388,0.03542904088291282,0.06567282879510489,0.1303410632674164,0.0,0.08033213776327147,0.0512602305376687,-0.10357230506099141,0.030944322953992666,-0.2131181749555104,0.1353834078123218,0.0681108773091997,-1.3563029943709835,-0.11551901839895455,0.09141304486225746,-0.26968507711800344,-0.4553533872300449,-0.020423180220112
30345,-0.26594803596359273,-0.9250902568001298,-0.04301954179350102,0.04822404582857742,0.07956238043582413,-0.023373826406156394,-0.055363203976118484,0.0,0.04685185887093438,0.04061411650322234,-0.04423568445050461,-0.11185690657557727,-0.09555068978509877,-0.12210151402847248,0.06681811046463065,-1.4125446233863452,0.023666102110509186,0.07313529505857881,-0.34433949532672414,-0.3147596673016762,-0.3739891605376782
30345,-0.23678687423179096,-0.5305985859892478,0.06226668262459406,0.060564591911427414,0.08946308946465693,-0.02259887881163853,0.003838023766714654,0.0,-0.6932037986812083,-0.5876850659133023,0.03405839457779364,-0.06726209374501221,0.0014401425161122536,0.07577875244535948,-0.973404422337074,-1.5281567528938538,0.07534692087468549,-0.03037408311309013,0.1665405359124159,0.18489716634034234,-0.4361945149946608
30345,-0.3027301670105612,-0.7726190086653717,-0.0008399783306701672,0.07836915765882932,0.08654516962250455,-0.03298984374796316,-0.04267321793911334,0.0,0.060728813556843106,0.04550049237524803,-0.10887320115991612,0.05233348432228062,0.07739671232168371,-0.07081239208759468,0.0825800476068189,-1.58027188248659,0.041219873904013805,0.102081165368755,-0.39883376566835144,-0.34942515362889287,-0.43047766925975617
30345,-0.22502490953510568,0.09716171596628577,-0.1165427195161804,0.1125755934650168,0.07440277251468258,0.01594719405804288,-0.03570711401981877,0.0,-1.5390714793482099,-1.015433106497785,0.04587378344511495,-0.06796679637526115,-0.10971476663554411,0.025653907172588745,-0.42823075810363287,0.04000377165765417,-0.42262945277934905,-0.15142326049015306,0.17221649601659583,0.18677134471710388,-0.41358640984909045
30345,-0.2742057468550536,-0.8757958338503876,0.022358029786938724,0.07672640826242068,0.07691930716865752,-0.019212730112898584,-0.009239700519704373,0.0,0.0631689248587653,0.04353255436540793,-0.07142600072199769,-0.05473481800787631,-0.17167241797597815,0.09552654825929166,0.06322956571721247,-1.468867334138693,-0.11563227585395185,0.09888151913238132,-0.3607387008366023,-0.3844462922531443,-0.36313688836248026
30345,-0.2438744188170173,0.042447963139658214,0.009130769182967631,0.022150963162578405,0.06800117269659434,0.01423753080648445,-0.021862414122885195,0.0,-1.7310669458672578,-1.0328406680137328,0.07908351870495615,-0.08933233331397998,0.05711140562376713,0.07905621442207404,-0.7741134257707513,0.04596281831672956,-0.06520547051308659,-0.38274605791867594,0.1526470760960043,0.17527236888598002,-0.4219427521112316
30345,-0.2945078362233699,0.10683918906864351,0.04609566225033065,0.03376673482260728,0.0710793676215851,-0.009291747258105821,-0.009788828774040689,0.0,-1.6119983399013156,-1.0182096754516474,0.035356266534181974,-0.014046024013231894,-0.12444965419336515,0.07746219680735027,-1.0159686084386028,0.04476722311113322,0.02891292591456405,-0.4793404164692724,0.15195910525434775,0.16586645641438505,-0.38121713844709737
30379,0.06076391170960378,0.043961862684914074,-0.9919617381182323,-0.053602600069510356,-0.06072580542815368,0.05384057114546925,-0.35368162921647683,0.0,0.007422811718671056,-0.5398730941187474,-0.07404123920890109,-0.15773773579528821,-0.12348451335704601,-0.3718992034717371,0.00977304846330072,0.039235838359194475,-0.9262540762573772,-0.056582102389566895,-0.9854037786828894,-0.657795446741946,-0.32488593921158976
30436,-0.2385130567687011,-0.0466491003967466,-0.5021227949619023,-0.06398419084052742,0.11663053295106167,0.04913847351141607,-0.25026569927768244,0.0,0.08821458116796449,0.03801048592353052,-0.07204278645578954,-0.1303467142078898,-0.08417522246657969,-0.3688100817979627,0.03447335825243651,0.04213820819494877,-0.6305849645071426,-0.005028889657949627,-1.054346283599413,-0.6774272142961524,0.11350290338706737
30436,-0.227011572707712,0.06668377519366371,-0.5092529880231315,-0.16979413349277714,0.1173673342268378,0.05066667568077763,-0.2398770195038129,0.0,0.09517892275244189,0.03929314376693851,-0.06651752681190282,-0.14418044324599225,-0.0759676453813754,-0.3804175036259262,0.03690777426262693,0.04009728840899288,-0.6295869385862257,-0.041150667115410294,-1.0547293684888828,-0.697175682299318,0.10647527350956663
30436,-0.31838643824084795,0.06123540267389623,-0.03847131361849584,-0.22882254334878838,0.08510213800774773,0.03262489607913454,-0.3035756978097239,0.0,0.0409411255900627,-0.10720645077691525,-0.09232443797075532,0.0336739801268432,-0.12210635381577994,-0.0022481131901489434,-0.4046187330823306,0.04508658715109105,-0.16423587198563894,-0.2236410072460118,-1.1835435953389564,-0.6978542317817241,0.13612638420494463
30436,-0.21696209629976768,0.05952754437967154,-0.5177368238229081,-0.2939352171173956,0.0945932013568739,0.04197049712820853,-0.28893817562457047,0.0,0.04192104080633559,-0.08013816034466231,-0.06154342042458377,-0.14996365984223867,-0.07214511140227489,-0.36825055652330413,0.037079179037962894,0.03764250304266294,-0.831174451313563,-0.12691180517992515,-1.0280524979372176,-0.6546611373416616,0.08167466441239811
30436,-0.19774117680997835,0.08455298092800317,-0.5128128980532414,-0.43469524434711,0.08501357420024706,0.0549274480306192,-0.2931649218631466,0.0,0.06470569778591148,-0.020638990259950675,-0.06252699564914313,-0.1449937093012917,-0.07961946549121884,-0.3788182664173615,0.02787878768734952,0.03786805987284134,-0.7707109798978007,-0.12522337918981785,-1.0181049118593553,-0.6596972023297344,0.11477068153410547
30467,-0.33110917123270284,0.08785393350764815,-0.7452644525372476,0.11237477179455496,-0.34379077897961735,-0.11716823706456934,-0.32157676279472186,0.0,0.07227472170937678,0.06286199923367426,-0.11797314512279314,-0.14395135373882637,-0.16666354668393543,-0.40848065802399447,0.01360604928522361,0.046873454546030376,-0.6994917315695846,0.08222336105914667,-0.23825601042011793,-0.4237019669662294,0.09294194457480473
30467,-0.3125602495277597,-0.1544183484266278,-0.6281922231953319,-0.07815581428284273,-0.40446317316340874,-0.11672097193096655,-0.33795322832978647,0.0,0.0976432583390196,0.060907769586754375,-0.130832214938861,-0.13470990839471342,-0.14735519249298204,-0.4562985811798323,0.014603583297902161,0.048371920197732066,-0.2522446082916502,0.08809366798307049,-0.25524097410096186,-0.439406384321783,0.11109576779146742
30720,-0.2751191158858985,0.07711651336790414,-0.01475872783683176,-0.18597246146657562,-0.04681945016046771,0.03237954126372484,-0.1551915154319486,0.0,-1.822066949898979,-0.6723968689143905,-0.09916858251868983,-0.009271081252928597,-0.0907529016955327,0.08846928990299155,-1.1950729305863588,0.03954679150739491,-0.06981940460996403,-0.31168469268832244,0.13273956783203208,0.15023678858223102,0.10499904899412595
30720,-0.36543629032978747,0.08784565719821341,0.040484517365673635,-0.23385379351192234,-0.0440424430138717,0.015842571141709127,-0.14592029841700932,0.0,-1.495816609556236,-0.4531573506206584,-0.07946938401194074,0.0791157218837185,-0.11091948390597385,0.0948329087091684,-1.1480507044582093,0.04429968251439686,0.06866815852197271,-0.15541377148112243,0.13049374083627446,-0.19280242932297756,0.12529319191999644
30783,0.13458278462840412,0.07870842130270969,0.10204327461067302,-0.14312222658088192,0.11228862127242199,0.0691549278978026,-0.21067694196314976,0.0,-1.7219777116480952,-1.5030879911761372,-0.017049760513135875,-0.17922184740383645,0.013332418529363088,-0.2448044003843947,-0.28372783085497394,0.04483302166885075,0.04103069785634447,-0.002211224541040248,0.18218051889504236,0.17711254841857998,-0.07052690703858394
30864,-0.22214321562467876,0.09942341707993398,-0.5976648397332748,0.09485788076303393,-0.18978023811857747,0.04248676038499451,-0.3172508494906084,0.0,-0.40571660533271986,-0.0771159890339964,-0.04557032487504654,-0.07348764141309201,-0.07745512270960571,-0.34415500605798627,0.019146209229749106,0.04362769856607663,-0.7656696326534521,0.012075332369588193,-0.9108598320654399,-0.6191961411737803,0.08757400092385964
30957,-0.22504483976487377,-0.4690036187420314,0.07067506862300002,0.04333838479938998,0.0439981424519856,-0.09266994616596153,-0.2862691554931884,0.0,0.09852035054402072,0.04284191818785774,0.0929259951283376,-0.05339237614380384,0.06867173635152937,-0.1557036436160384,0.01061075801283576,-1.7372517998712522,-0.06392962881941083,0.07038613795031778,-0.3697541594258602,-0.4105144491353477,-0.17884900751733596
30957,-0.22119464644158363,-0.43005099960531806,-0.06633578058369914,-0.03997887825354076,0.06458837818263022,-0.0734121271017385,-0.30173665919095,0.0,-0.04056736984646565,-0.009122410797562167,-0.14899963456552903,-0.1811997895680141,0.051670464694248776,-0.08893377053398288,0.060150107854532966,-1.614205712508953,0.010170657029004918,0.10020613480203461,-0.32965316850996706,-0.36723054549728174,-0.13573882752990785
30997,0.05841726472634979,-0.3362463584003612,0.052135079215875735,0.0027120381465023536,-0.4139635359306307,-0.0501168089259874,0.14604357846597374,0.0,-0.03362925302701308,-1.0636588782170004,-0.04819484024693226,-0.14477409929419155,-0.21888574047521847,-0.39293539773993796,-0.11770396415935888,0.04741852132972814,-0.05123124498441957,0.02343754662033207,-0.42853890987539,-0.2970276411662251,-0.19055737485507623
31100,0.07898439454495891,-1.0618600235928095,-0.9171246543057678,0.04481212051094804,-0.231952781846679,-0.13230243951686035,-0.2753080806483922,0.0,0.06224288498565208,0.04303871640672275,-0.0709541811291433,-0.1958191795037897,-0.08525697986400646,-0.3582343567879376,0.0055979300526315875,-1.342788526038165,-0.23471150391669668,0.04732830931172916,-0.20582719532295007,0.026632795193193524,0.012916229146761101
31103,0.10686158667528349,0.06679845979018582,0.0915028239007907,0.06215850002183754,0.042194275818637446,0.032110832912427646,-0.2829622863566309,0.0,-1.8200241184914467,-0.42056193901405264,-0.17027692886991014,0.03364544851594894,-0.03092420134562699,0.06298050790109545,-1.1485691535638767,0.042730911876739726,0.07656318041584896,-0.01787961934840792,-1.08532467242544,-0.5335881248184379,-0.051853587853459476
31115,0.10560178848928639,-1.181796998422687,0.08925998711556724,0.032870989817379286,0.13274904899496673,0.07493295034955914,-0.22685828414606116,0.0,0.029569430196180323,-0.005969397970426257,-0.024158481691550805,-0.003971919232900433,0.0857437048949123,-0.28436483797847595,-0.007338127705626163,-1.7857463181047672,0.08083126246599494,0.06576110490468098,-0.3132995545956125,-0.373464721400501,0.13407925982121516
31115,0.15773165287766744,-1.00633531273153,0.09189635754933936,-0.007841754560136818,0.12467533895142213,0.07217372501447279,-0.23616651106544667,0.0,0.004093389792438248,-0.016866562522886545,-0.09746486277314015,0.03881711797697745,-0.1903503558090952,0.13757326647816887,-0.19922871640225873,-1.59299035708283,-0.09824292108681087,0.06726401143627732,-0.38174975964095675,-0.43762261078362,0.141130947532317
31115,0.1156376724209981,-1.2017875394057482,0.07687826328146613,-0.21630914215136984,0.13007010043820583,0.08235004859983436,-0.20150549013025024,0.0,0.09672800098784202,0.027585191389132915,0.06805833071480465,-0.29806989972091763,0.06358520974750836,-0.4295850826725887,0.05169361251727045,-1.5958035375273512,0.029945231974335868,0.0693312913824129,-0.2608843931089923,-0.3021156950249928,0.1062167206722597
31131,0.07181541429457235,0.0613811265102578,-0.12945998070298,0.10399880020711928,-0.10723197222757966,0.01496758859498404,-0.20326385538474623,0.0,-0.07898637759539753,-0.7929126344362418,-0.1088457066779335,-0.24109361114775127,-0.10824555890126086,0.07726303995496626,-0.20850021417219783,0.042412442534398354,-0.24448961986508894,0.06027882224895132,-1.0869782935886723,-0.8299151399165804,-0.11417617947298826
31131,0.04201687547070193,-0.003426556402470225,0.05709276991269647,0.11694846220189838,-0.16096337902263447,0.01734738616585301,-0.19960074962877,0.0,-0.35952104179907207,-1.0449593454073351,-0.15414949839103304,0.010969531655772847,0.009567982026644764,-0.13329671465449422,-0.17824554139137594,0.04519762129707543,-0.07678677417143362,-0.009306870811760704,-1.099851888346658,-0.7545557437821938,-0.0976083787906852
31131,0.046180134505690945,-0.123378437797041,-0.5225365706214969,0.02265961439450589,-0.06509721959071717,0.05539506897446044,-0.30581682939925836,0.0,0.0038416303959129014,-0.3737386462623072,-0.07100383279182361,-0.12420336761614352,-0.07673477845480156,-0.3270968929923669,0.023729801409768263,0.042551794083246296,-0.5160482786780733,0.01974900678066501,-1.0593312779024235,-0.7429339307098854,-0.07799081120763575
31131,0.060359787615661936,-0.10130927600764109,-0.5617402141014182,-0.0023716903047730953,-0.09052693040554553,0.04145041482909263,-0.3113783803246639,0.0,0.052810666895134646,-0.5784856775309761,-0.09449107279370177,-0.010777247164784266,-0.11164395825530024,0.06212578999368541,0.028500244662193728,0.04208414343390907,-0.4815824241089545,-0.0001420017025257807,-1.0744292916644789,-0.7998605100448452,-0.11095716684137129
31131,0.09813309544076232,-0.0065447444803017965,-0.5097188151784968,-0.06106550157177457,-0.14908668975287098,0.027155196547540218,-0.29789724256578587,0.0,0.08622374062548623,-0.05112063256919986,-0.14529171118656062,-0.046039814730349654,-0.15675320481124555,0.05912748611029965,0.06885677680937162,0.04163965396160919,-0.26250298244529413,0.07731106488424132,-1.1087402853993535,-0.9088836153108648,-0.08823382058847852
31131,0.03964735805780142,0.05434506686672911,-0.5363074231681295,-0.2552777350083886,-0.08113459257224442,0.042848785948929775,-0.26094157108453203,0.0,-0.14486505985153114,-0.7554358150448887,-0.07444300122053205,-0.11788650987802361,-0.13470832632896712,-0.30803817510746495,0.017970459651664696,0.039196096434831025,-0.6972000722796026,-0.10893916643408372,-0.9882824881717167,-0.6456370452151702,-0.10488062463803748
31142,0.10977055138112879,-0.014122050599627735,-1.1982668619069194,0.021171636905971264,-0.053129958181526014,0.06762378025425414,-0.32798546754364694,0.0,0.004308850125344521,0.026542047439574553,-0.08552384918674773,-0.15970425183355927,-0.17956275246385944,-0.4454816009188636,0.013882512189325593,0.04632766210784812,-1.0171033898061541,-0.06981110226786778,-1.0845797712916776,0.07250410471072534,-0.12049622111248182
31157,0.07559221231199535,-1.0904893485044849,-0.9696741992151436,-0.08241283383912398,-0.11570848281264128,-0.02760706363002863,-0.11266313601448137,0.0,0.04388181781198524,0.04294020051117115,-0.03821752999602043,-0.1275200844996305,-0.05283921298668123,-0.3897383748789965,0.006099744449607701,-1.4681321431456422,-0.25152194274404427,0.045406307400681384,0.12799285657191772,0.1682968232260407,-0.11158109445089423
31157,0.09731034233965549,-0.09276076424193276,-1.0843741082832408,-0.42434034308485913,-0.07482467591154675,0.002472389655562069,-0.15131800922578192,0.0,0.01420347922036161,-0.05598700829040951,-0.04574516943668013,-0.10277681493847786,-0.13847235443199146,-0.35363397013154224,0.02395841641321634,0.04566210136496885,-1.1198198733097648,-0.1589710822763822,0.15705579506156478,0.19233672528156343,-0.159825431687353
31207,0.05146435864878804,0.06803017146930156,-0.4018122261632659,0.027290174919635625,0.10251912005193803,-0.08918407160151766,0.12151763403787488,0.0,-0.34107527165007606,-0.3653415334262626,-0.03353050121957895,-0.20653377285825558,-0.12117418461757748,0.04651093693967956,-0.14951968489465817,0.04555388629247948,-0.34390543364318543,0.07971206736283078,-1.1016519533750913,-0.7464162315210217,-0.48956305659743854
31218,-0.2544923402823092,0.006963981076341449,-0.14060945258045301,0.0777586928296019,-0.08949530411746096,-0.07736744662929776,-0.27059004856802005,0.0,-1.1649650031516874,-1.006051826782532,0.02104728214444373,-0.2508279175495619,-0.17221050502142132,0.05866410195765948,-0.1416757223528814,0.04439687610454297,-0.7594084059313948,-0.08873505493725634,0.15622491173591163,0.17201858867398273,-0.18660072519843482
31280,0.06821696439457706,-1.0243145843723998,-0.5412243571079369,0.08490203809813196,-0.5183959581019291,-0.29457513413287684,0.1185851731623659,0.0,-0.010514391045345644,0.03797610736584577,-0.03819550371074212,-0.10372259698552194,-0.029074294658208096,-0.3161165795542946,0.019533693286229142,-1.3391985637581456,-0.6027405362136152,0.06350414568308926,0.12526711756848516,-0.2707160051477259,-0.10523811845305965
31317,0.10122640678381295,0.09672417154638659,-0.026439928578585854,0.029282101173520744,0.01154387697145338,0.03296718251546584,0.11132098579721253,0.0,-1.8978357138428477,-0.6651433645548286,-0.11567386685537641,-0.08098022014636971,0.07844153081580235,0.037929042883395686,-1.25587409043867,0.044206643202343625,-0.20220493306583534,-0.42378910095928557,0.1537313115957014,0.16928833003464153,-0.08697575171938321
31375,-0.13096447084240082,0.015385592888650027,-1.3488437689404171,-0.5725817540463132,-1.2284840856242354,0.022801492445630806,0.13837032443434366,0.0,-0.39692062143697393,0.041434098050399465,-0.05094900177394262,-0.14023970784366083,-0.10178350017220891,-0.2580385893734099,0.02435372184411123,0.035972038623828806,-0.871272520470041,-0.19225109539307747,0.13875203762095498,0.13269383828043668,-0.04881453366697777
31375,-0.16379543444614225,-0.05226060909118678,-0.11495994197044035,-0.6435247628219004,-1.5246166222808553,0.008225443534966896,0.12605064036050825,0.0,0.01515151277771727,0.05774272059961246,-0.049521855050586164,-0.21347383224425756,0.10064154503860205,-0.35638216389522426,0.061811724780548555,0.04235071339702282,-0.009814614571350836,-0.037440080894327384,-0.9029950373003687,0.00942471416131732,-0.08130012990358707
31430,0.05010504664071659,0.07724997333932836,-1.238545861395909,-0.27758634849848796,-0.1645235505808434,0.026389425808077616,-0.3362055596136339,0.0,-0.01737146351618202,-0.41230788542828967,-0.09510604273193293,-0.18288727574612415,-0.09200963419052682,-0.3515098132129104,0.01813614943012218,0.043064304433439775,-0.9140734669041948,-0.0740505104964779,-0.9209016490955909,-0.5543845211374405,0.10871025151200103
31430,0.062376345002637355,0.027604629848918233,-0.5758672831644426,-0.46432275660377914,-0.18411630584577302,0.040681016814847204,-0.34533792670655233,0.0,0.03401378386614958,-0.36201317704752095,-0.07792060739737067,-0.15433290940736452,-0.07458105837551912,-0.3619584049887353,0.015829120193252482,0.0436705059351307,-0.6728706551133482,-0.10568321198416196,-1.0119191605364712,-0.6425482796657976,0.1121590455595558
31609,0.0972608787288628,-0.9256745871177242,0.09798632524760259,0.09739564365636749,-0.20576322554272308,0.011144872672569098,0.1222797046143998,0.0,-1.0255777528438281,-0.5528933095348874,-0.007872972947578272,0.025903529516890754,0.03427339649004172,0.05640994608211838,-0.12157224681721089,-1.487562502720548,0.03505268970890534,-0.06862517826294288,0.15832132358268458,0.20678812274175515,-0.41743996178099857
31628,-0.3040030338612105,0.07567315974357779,-1.5602775033801026,-0.12337785300434934,-0.16004432196119614,0.048590760850706835,-0.01576810449478305,0.0,-0.011106050184322572,0.005990994957789667,-0.10280963575844242,-0.11371874742990493,-0.14519475755240754,-0.34565888620083846,0.037351606732510687,0.04226575439194408,-1.0305211758230501,-0.19317821060639934,0.1486378120765836,0.1675794460326781,-0.3510246007750856
31628,-0.3085703661871517,-0.8640075196783923,0.057025945334348516,0.08423660968211545,-0.2540354344344136,0.05535529597195032,-0.005697974220805293,0.0,0.09534192740077405,0.0439262175667469,0.002156061909959957,-0.05855670542758582,0.05865921743250168,0.03308093333932091,0.06932670458144698,-1.5030869913494762,0.05506978819243099,0.05111269275405469,-1.047840447137617,-0.0572518329755449,-0.34008960400138905
31754,-0.17414350854624486,0.005330421061971161,-0.48002387971789484,0.08329983206291468,0.025655193982893506,0.012536130868829357,-0.05258976187360936,0.0,0.04041132653340815,-0.9484194057851817,-0.0399812806065397,-0.12262079766100716,-0.08728412295061781,-0.3776700765797687,0.02434729675167095,0.04357673443155277,-0.31393319271500675,0.04279835530217235,-1.062212371631749,-0.6936004563397188,0.12959901838636426
31754,-0.1853714433343149,0.02920444030125133,-0.46304779293719855,0.09196487130873637,0.05778862923946602,-9.884086782452166e-05,-0.0542132916936537,0.0,0.07130405308864465,-1.2732243749263716,-0.060033661728817224,-0.14649015735683277,-0.07837394688468723,-0.2977887381521471,0.030281120913050383,0.03852551675972166,-0.777164681279415,-0.010657251564958047,-1.0158952787901814,-0.6102273665449314,0.08171115600081721
31754,-0.16300585251247626,0.08985271651512175,-0.543531303284661,0.11110264409119461,-0.0022621079108373163,0.0031484916079791967,-0.004707974816322837,0.0,0.07596051960041388,-1.0410019332347598,-0.10478998198153831,-0.028975009680967646,-0.1173823558204323,0.062023398715515266,0.06977909348788733,0.041285799343941304,-0.34589319415699543,0.06650690943144062,-1.0339606573165896,-0.733835956036112,0.1381433874023162
31754,-0.15408120156439897,0.06463293208467738,-0.6885905980099131,-0.0974299331783466,0.05463549250554365,-0.015118322201540026,-0.0093992285568257,0.0,0.08167267607591103,-1.2730826157998447,-0.056202881031851906,-0.14484593613860156,-0.0934465274362125,-0.34561601840276895,0.026524211858441633,0.039048160433403305,-1.0092130008521802,-0.028803561971712768,-0.8834974832083821,-0.6068625297486647,0.07160939157509948
31754,-0.20613986455421104,0.029741775703293324,-0.4969952845294575,-0.1892620294622128,0.05246531966785946,0.010334964704873113,0.004878782646122313,0.0,0.062165722130516174,-1.3402391233124125,-0.07382238859319351,-0.012403761858235766,-0.10589878218027265,0.05332055199178615,0.016240862804057683,0.039439652254998916,-0.8287522660183767,-0.0685509021355739,-1.0018460804213496,-0.5751786805292591,0.11978884532235352
31754,-0.3233238350772565,0.08197492442504412,-0.4935314344667,-0.2596626911468473,0.046288017204497815,0.004646028960587651,0.011881818081383855,0.0,-0.9400489870569922,-1.5842567902805351,-0.0017440011937621886,-0.08126378903117627,-0.11340237242415363,-0.23120980689418785,0.032698702274204045,0.03536784955596047,-1.020779925353027,-0.4252108319007635,0.14445406300330507,0.16418856924640327,0.08005738987125037
31754,-0.19122518984000872,0.05487346824317949,-0.46464561142660443,-0.34428976404450895,0.013353369405781334,-0.011176249140550518,-0.011321085909025013,0.0,0.07561653836052581,-1.4235632535904474,-0.08434333924899,-0.163570325555742,-0.11504929791179393,0.03935195603411748,0.04372604226042641,0.0364867930932413,-0.5383925591396101,-0.04869817041568378,-0.9506435325764263,-0.6314002394319448,0.12157308005523469
31754,-0.16999012978566647,0.01773361409863915,-0.4409671276240575,-0.5168396918982657,0.0072360981599727415,-0.0008245279459841871,-0.013949504012841583,0.0,0.05219632601323105,-1.279467885387474,-0.0637277184769733,-0.15060255774037748,-0.0843782210932817,-0.30355880174208666,0.015018910522123608,0.03687420105319905,-0.5995407522019187,-0.05528242881912117,-0.9805483901273625,-0.5844157666642796,0.0996553680622588
31754,-0.19749207180193465,0.06757575985350275,-0.19668534868794277,-0.4728481583248792,0.011372077432129543,-0.004767149523420618,0.009143242210068701,0.0,0.04301577874376357,-1.6043764288917512,-0.048566841093908596,-0.020800296353253114,-0.08407116043868323,0.05278301219502633,-0.10195724733920085,0.03960050137102579,-0.3169389827852459,-0.18503389221793548,-1.0291239387479978,-0.6094001407212203,0.14608926976250813
31826,-0.28663799139243684,-0.017736434251493648,-0.5170774026401298,0.09489075682942069,-0.05918358712415408,-0.34006546730534953,0.12221555192809379,0.0,0.046373163631117285,-1.6257108971120406,-0.04080844674566771,-0.09924004908577078,-0.14083538429486908,-0.3500373714646331,0.03583323165345344,0.04171495005944609,-1.1839963105117308,-0.10324662937508076,0.1861056394764163,0.18801632348312533,0.11211115420735411
31946,-0.3471406762699026,0.11585069720126356,-1.1375841789676953,0.10079247560596591,-0.07004920816954938,-0.39369667541087,0.142927060296256,0.0,0.008247226691431348,0.028822814896268804,-0.13179540075647053,-0.17150761437590498,-0.16644161925534254,-0.39057265760755344,0.01822504228846174,0.04901608684232047,-0.9229419820623495,0.03048828218364176,-0.38102656253433964,-0.37181020089175953,0.12443068812898828
32076,0.1174872422319322,-1.0784767776089548,0.09862350195369615,-0.043577725726200875,0.03670215108105484,-0.01303724859478755,-0.1847227007542001,0.0,0.08692882563565947,0.03788966684479336,0.013272892266723403,-0.19031589219257847,0.05258554833305418,-0.4615010491270328,0.05585141383286004,-1.687143372098483,-0.012998455532844833,-0.15879902656254632,-0.24727099378890394,-0.31101014769334434,-0.1978752821089222
32127,-0.224728014745402,0.03759723579995926,-1.1531691158335726,-0.13344301684046608,-0.0711368796080527,0.031345801278270684,-0.36021607697696056,0.0,-0.011216221915769129,-0.130496872551109,-0.08424350321311455,-0.1657845245396539,-0.11612242316454567,-0.3836530690769885,0.021973859711603802,0.03996629154179745,-0.9834261553989881,-0.12313163157901767,-0.9264284380871385,-0.6170897649542877,0.09393463001277072
32127,-0.20493218689336443,0.07599349317355171,-0.5080848921637187,-0.27713559738547205,-0.09333269890244539,0.042551127934969145,-0.33415397014164105,0.0,-0.07225353533327682,-0.3844254201317966,-0.07407703897274681,-0.13531515980407863,-0.11069676380446872,-0.31583244725630205,0.024609677240546357,0.038906111032139507,-0.7464325341228985,-0.2194053501377227,-0.982235657575029,-0.6383484098978567,0.10073743184679215
32127,-0.18933789340585902,-0.3065897452611874,-0.5180878108480633,-0.2703972646450392,-0.08956107551639665,0.0387774664990694,-0.34645765485167407,0.0,0.020292006937995506,-0.0716630100367199,-0.04217885524475569,-0.148879774293762,-0.07285484967909417,-0.37326689949278286,0.023381525519541837,0.037635036310014865,-0.7885442929079854,-0.10557538509393978,-1.0262361952970376,-0.5785817834005972,0.09414334574800878
32146,0.08030879607121638,-1.2181414230404304,0.07836148579791925,-0.181601343240436,0.07587435673954131,-0.536886555922503,0.14165868725240927,0.0,0.03929484532496308,0.0389858304749178,0.006062486242383572,-0.2496327839418301,-0.05169261443712099,-0.5105529445895006,0.05906191188558524,-1.4969705768727655,0.07128124105402357,-0.13520096546329816,0.13037181906602527,0.15272283077914048,-0.040849649341598175
32185,-0.2327722569190818,0.04906980967871627,-0.6051396188250547,0.07915153740744521,-0.09889550926513975,0.04861143369609283,-0.32361475169959714,0.0,0.01292686744204139,-0.11804069406332846,-0.0571496184732541,-0.13567857434442387,-0.11009715728508224,-0.373069756970605,0.020888547545713308,0.04096383407243645,-0.7267464652696161,0.0450120901740957,-1.086756000227213,-0.6680958465571043,-0.3190084475319989
32200,0.053448115734665846,0.05998506132766693,-0.6137540499926981,0.10124783381308976,0.061533388208717066,0.05248269196232302,-0.18147579210301032,0.0,-0.2337827106862605,-0.7829222262187921,-0.06397297715046185,-0.12761653743149615,-0.1691332120269146,-0.2918761811899403,0.02103433494571949,0.04054583181390351,-0.9302573878903603,-0.02142251040770335,-1.0726212490186302,-0.7236117255178861,-0.0820339459441731
32200,0.05810094968820742,0.06317448628409926,-0.20784746082464312,0.09029196994044433,0.06993211152733661,0.07738480008364396,-0.24368951958332785,0.0,-0.319316894695711,-0.7446932880036565,-0.08662209804334238,-0.2435914126414537,-0.18714126881063967,0.07495731699060836,-0.21660384820815937,0.043369296918363644,-0.2191888207472889,-0.0752492438479558,-1.1284974630835165,-0.772070707909332,-0.1440197644723495
32200,0.06142444367263121,-0.0971382978261502,-0.2212293936698398,-0.01890288905622001,0.07167486012052535,0.04457880917429249,-0.24677719858950586,0.0,-0.8664923487613541,-0.9960708787242478,-0.08389095819334959,-0.21307379352326647,-0.15050662293916375,0.049736076331853646,-0.08675155399819276,0.03754482713174602,-0.4585242742155321,-0.16054176925907027,-0.9297608369879248,-0.7703554293493935,-0.10269071914167605
32200,0.10769543996068792,0.050368789991228714,0.030840329264501733,-0.1983038136021541,0.07393662269191233,0.0435271307416938,-0.25160852616818263,0.0,-1.310466081392406,-1.1287477691765304,-0.1659327798313043,0.004148397030798721,0.08697177977069036,0.000949140110040696,-0.2673448717003047,0.03890345246926113,0.024749636007490743,-0.214885397008539,-1.1010112588499192,-0.7293538797674621,-0.05289298293244167
32430,-0.1609988395593369,0.10931629020926499,-1.1508952653989215,0.0968820741291153,-0.07323778075264573,-0.13385958656008862,0.13914202290941036,0.0,0.007805040880049283,-0.0235947958822008,-0.07459294145926812,-0.12375956269251906,-0.1904692839852427,-0.46701871626672,0.030945451214737435,0.04751556250482719,-1.1865364412444042,-0.1140885373131888,0.166948935373734,-0.27870182118562303,-0.11681406029867165
32443,-0.16830113273522807,-1.4238789967332959,-0.029255339835431063,-0.07441484154431413,-0.0021905221487574806,-0.020662559956317446,0.1697062906606305,0.0,0.02912088300331719,0.020938638515054904,-0.004804373445748538,-0.2384977720714357,0.0285775466924148,-0.4688417536452331,-0.013766910803657113,-1.5610967070558062,-0.09326420485394954,-0.0525969992487608,0.1549739403546988,0.21051442929573724,0.13180395240863813
32534,-0.17374335014199177,0.0739814809321541,-0.22190249685468763,0.08755865688457895,-0.5693854040645883,0.016067571549052802,0.13757729475568936,0.0,-1.522220787981591,-0.5525163879595847,0.007059670941512048,-0.1313360199965947,-0.026121399934954527,-0.1987142191385408,0.03746687279481323,0.041325483432786414,-0.776727677660743,-0.0934472319721945,0.17744664318037817,0.17710136530843515,-0.1591382070875718
32545,0.11611976948897595,0.10559700042738407,-0.20527338363417985,0.008686851603018974,0.07271999819078881,0.062069550731261657,0.113684036269372,0.0,-1.5135965927338362,-1.1366026147278823,0.026376997107076677,-0.06191160980410644,-0.13693896789398227,-0.049107602791898186,-0.8184677968281988,0.045717573714224115,-0.40310185670928494,-0.15389046474427864,0.16354615373058337,0.1406776336940956,-0.004751776617383932
32571,-0.33791140548789256,0.05309428706102753,-1.330112317843575,-0.1393528937729679,0.071837584067867,0.044364132119840936,-0.20365581000489769,0.0,0.0932474559094616,0.02026465116280172,-0.09728008476676618,-0.17308539087661592,-0.20160358218139426,-0.3860782548097454,0.03137758283179984,0.045961986966296525,-0.9694646863915483,-0.7257307235940327,0.14648851381281372,0.16070665661449043,-0.10695037543113395
32571,-0.31611366471226887,0.11474842940226188,0.0899767819736065,-0.15502280706758906,0.11444232456286925,0.01943201499752226,-0.17251080346528522,0.0,-1.696251963805208,-0.8459423481871043,-0.014905531017812446,-0.03756856001611197,0.09941046013978054,0.08608235115688406,-1.1173946492954234,0.0461631985964658,0.0670639330517271,-0.006668781239231664,0.17304612252921273,0.17116811286772535,-0.09049762508160417
32698,-0.18996036356523865,-0.4703114602005815,-0.9473824545401637,-0.14804334676338068,-0.07464385595976337,0.061598345210302566,0.09197074885320242,0.0,0.01743393033507724,0.04797572002250433,-0.06436412357192872,-0.09496349723211353,-0.08050148287793264,-0.3168020765384839,0.0435471004214434,-1.3702920406318457,-0.29631452686559245,-0.9591836222832537,0.12570734069793574,-0.25984309756069907,0.1064547412366221
32883,-0.209161576934009,-0.016873272812110658,-0.8632950823090535,0.07273935321374055,-0.07971498955293559,-0.13144558393625558,0.12661606070068832,0.0,-0.03803762586096518,0.057266620138277866,-0.1009919601262641,-0.1579684245882009,-0.17760878962760374,-0.4040645947120659,0.02199687797324974,0.050319910995180156,-0.94660999699437,0.0741041920621018,-1.0769212272980464,0.0033379991748036008,-0.08524155496855322
32906,-0.36892118608932534,-0.04681549478419765,-0.4104422425318816,-0.007490383588726575,0.07013874316808717,-0.05305195700501082,-0.31681004648145356,0.0,-1.5739385868074707,-0.06495894337631627,0.003948611864788435,-0.12011880921335936,-0.10648886316208142,-0.30915698151148163,0.03803427114127902,0.04069085677208325,-0.87687156101454,0.026298078380004763,0.1921973815970305,0.19482264858292472,0.09995010173219053
33013,-0.2852099563939051,-1.1318277824613354,0.05901303522831258,0.004338805308693049,-0.08933507951933148,0.08306076305910809,-0.33376980503043957,0.0,-0.0002705583668447184,0.03967765890990324,0.03182754930323714,-0.249206404949199,-0.07199556463894974,-0.4135269409549704,-0.027607800063463552,-1.5335742137364472,-0.08355071428943761,-0.07813435185939963,0.14364089021400162,-0.2827628168702306,0.1275262474771949
33013,-0.30780857512627935,-0.7214446143420672,0.058379616925630054,0.002966046251162261,-0.081947505560564,0.08219309011016228,-0.3277198591279977,0.0,-0.022889337970614952,0.04027544645667964,0.06413075984725321,-0.23628885209101969,0.03206797912043092,-0.4148173608669883,-0.014152491480168962,-1.5524528656340626,-0.08230356696453643,-0.05487698943530434,0.17001442940986805,-0.2668075602810497,0.1597719857107858
33013,-0.3144677454591518,-0.7285365941471017,0.050695933984953416,-0.021348561371625035,-0.09227335447768877,0.08296814234526574,-0.375663317332136,0.0,-0.19145689771012828,0.022522877180208078,0.05754398964962511,-0.27202014575605354,0.01422909123155903,-0.41689965154849584,-0.3014248030552017,-1.570790979781315,-0.10472361668400497,-0.03491759127802817,0.17831784748156193,0.1817413008065268,0.15229652793097956
33034,-0.2577134812763209,0.11487706391775616,-0.6634463520730005,0.08128159567763327,-0.11009354582734061,0.04141782107895609,-0.3195586535765264,0.0,0.019187216651923602,0.04922963591082838,-0.09891035533360239,-0.153516979306553,-0.12509588124448506,-0.4068168469836008,0.024802870674129774,0.04586313784309997,-0.6464363434508869,0.0502516983156257,-1.0674349421040412,-0.7237361033294486,-0.09187445729538332
33034,-0.33220014449314794,0.040907076009411875,-0.5121299860933968,0.10666188835555222,-0.09267648424351371,0.0008398822614855715,-0.3688170495123185,0.0,0.10172213722127053,0.0540597315664501,-0.1126708452227924,0.045843524351497834,-0.13372743301168233,0.06419950006902182,0.042007507717273865,0.042029284821482125,-0.22899878108325764,0.0403898334509595,-1.1614923119118084,-0.8437500919431808,-0.13462422519767733
33039,-0.2680753461297646,0.01803833863757065,-0.10533532739891004,0.01211516507509854,0.07202095278992568,0.013346926909308079,-0.3407536087042846,0.0,-0.06585745475908208,0.040977951425425437,-0.16427771744606817,-0.015058470551990954,0.04969649483278773,-0.08072720383344521,-0.11512355097164431,0.0466615100339004,-0.24305593479167667,-0.17379786099803143,-1.1378930055764334,-0.9110930717776022,-0.0846615360707001
33039,-0.35618196174086747,-1.3045868223110637,0.04911322046856735,-0.017307375436161433,0.09329535383813292,0.0206282110910737,-0.2628811172276669,0.0,-0.08713517217405534,0.047819439623212556,0.014546629837299502,0.04419463740818532,-0.07021441024399944,0.09907587937954909,-0.08450020560485612,-1.5363227211348427,-0.09421663719519867,-0.33344822161782584,0.17029080536688374,0.15503858856849828,-0.06668585765031064
33039,-0.3364651576258011,0.004988135094417671,-0.10255795426039697,-0.21798878517966755,0.03437241795310436,0.01550849661572808,-0.2884086806149971,0.0,-1.5537809534151,-0.018654718447893213,-0.05983040360849542,0.021670534843279392,0.05615940274688508,-0.1340714004790396,-1.18054692804876,0.04045126164822912,-0.24162099289765496,-0.4843897191773148,0.16718557522354624,0.17503306535408752,-0.004105006384035328
33055,-0.28710790103235445,0.0972535718407784,-1.2608783806737363,0.057162273434126006,-0.04789059660126583,-0.10073365101117143,0.14847842406469267,0.0,0.03188914482986441,0.007807576586176805,-0.10687795172439864,-0.11537958223249573,-0.20341474848434052,-0.44427848174310264,0.03501387749657055,0.04740040090550297,-1.265258280764338,-0.0003460056387236545,0.153165159371211,-0.2966388778488575,0.13342054192574715
33071,-0.20897613266183787,-0.005124867357240401,-1.0920842109359234,-0.13056046126429713,-0.057746993397186946,-0.31406781002908823,0.160722557053679,0.0,-0.058545888824876526,-0.3554986896707919,-0.04510212428159876,-0.1396648709649632,-0.0863397761238008,-0.3135707192553199,0.03149966890980293,0.04171156857166616,-1.0277385558725638,-0.04818223882164866,-0.8908368785359121,-0.5954637642714751,0.11138106462622392
33147,-0.19934454377056524,0.06162992044411667,-0.704420015973207,0.07755902157805412,-0.09737496186516667,-0.20671867185929227,0.1369250874630087,0.0,-0.0016658411722236524,-0.09982520552160878,-0.028317234493358177,-0.14700379104647437,-0.10560805044032127,-0.3706154502541677,0.03229018853234762,0.04361040907561241,-0.9692894904642327,0.01303391417861524,-0.9980181091730879,-0.6911028335568058,-0.13992149401430537
33159,0.09029253441044503,0.06574661117912418,-0.8479325069645302,0.0794644744583271,-0.07879676839755402,-0.013696511968667498,0.016267283560166688,0.0,-0.0181849561611713,-0.10399279876348798,-0.11217761529820026,-0.20627680195138967,-0.13412938469630653,-0.3912898317187804,0.023313259039281668,0.055929583509957276,-0.8600488228245913,0.05717314684514503,-1.3250908112355593,0.07728608868620973,0.0872436169520407
33178,-0.18793056396769472,0.07979747298688916,0.07808799908174763,-0.06067369879009001,-0.29464741907198927,0.0027309373842118517,0.13847280876758616,0.0,0.05376268421659555,-1.3441489915828744,-0.05062083174381834,-0.1195407926883792,-0.06344937972022589,-0.37225632059104036,0.035486046179455936,0.04391453337257986,0.041815778790597107,0.00995499790892276,-1.0907575622460388,-0.7097066366804963,0.10071170539084162
33178,-0.15966329122605516,0.06063119368825167,0.042307103594907094,-0.071594053895303,-0.3028720154005277,-0.015720331654612018,0.11544476301727594,0.0,-0.23273499961675095,-1.6373851705772364,-0.041294422224916735,-0.0980174269186434,-0.13304177033263279,-0.3015232306809982,-0.2712068028362088,0.043198362755811355,-0.09031228901607995,-0.0041102567050441555,-1.038036538341143,-0.667533674591728,0.07947910864598
33178,-0.18199594531377566,0.06958260181300403,-0.10531317276772559,-0.03354747411422893,-0.3080218563961483,-0.005767605673527906,0.10542208905190593,0.0,0.025718937056504156,-1.309658740865624,-0.08655571700222589,-0.14133214741295583,-0.005413664388789293,-0.44774892068156313,0.023313210337019715,0.04153916404530453,-0.2299133138342627,0.0694618929970494,-1.0742316438679573,-0.7953535440607491,0.07652914480403644
33178,-0.21929771870178277,0.08510387806955512,-0.04484717655102898,0.02812936848868195,-0.3619979049769909,-0.0021813891015737396,0.08862270947517487,0.0,0.04887114208052901,-1.6425615942613025,0.04885435443163338,0.06305976560682645,0.07597160682621608,0.10299043818903729,0.05179617147258171,0.04539278109167493,-0.2848371970979649,0.07789829013779134,-1.1227137182201543,-0.7418882001402115,0.08681725480987297
33178,-0.20875106373082003,0.07064064232513359,-0.3673662361725963,0.07287314120095205,-0.2863916972082617,-0.0037015553792857903,0.10257824513960187,0.0,-0.03093319531324849,-1.4544423732756946,-0.08008892733471154,0.02945226070021475,-0.09194134604837137,0.07550131785656207,-0.008042861760880872,0.04242440798735378,-0.8484225586212037,-0.038224058879096245,-0.9602569117285439,-0.6491574058068005,0.09983914357594556
33178,-0.19193464182668704,0.05757996973746125,-0.06079813951343452,0.11595647140384889,-0.32327029079488123,-0.0014476933606488668,0.1147041389339911,0.0,0.049475330924017,-1.5182554229969982,-0.0808860407864358,0.0306059805114438,-0.06891190282463805,0.07900795617146653,0.036503203161064736,0.042598327520402234,-0.303207108098929,-0.024738427684200467,-1.0786665108840645,-0.666271956852766,0.10050070128271459
33178,-0.21301438693849845,0.04106985192970322,-0.16910696671821418,0.11863993725594384,-0.31804985052805196,0.01161463928164915,0.1069220308964483,0.0,0.003324890043069301,-1.5366961351406867,-0.09568886406334873,0.05731463655048302,-0.07068829215342626,0.08200255012964969,0.030788156936954712,0.04411999015714072,-0.3796611368922259,-0.07176847640775709,-1.0250800569783642,-0.6763210472722575,0.130179255942342
33178,-0.1857709199992852,0.06330283313859848,-0.4600384963609936,0.05945429879035764,-0.18421620762703547,-0.0015273178653246444,0.0991934721902496,0.0,-0.20008985109131885,-1.4567807832291857,-0.03872234978562938,-0.08452128474254199,-0.08229215281092085,-0.26206856111917926,0.027710377919446645,0.03838112704163501,-0.8852401178903901,-0.3037402238330919,-0.8112485039318438,-0.5797400872766784,0.0700878326238598
33178,-0.20757049681185163,0.0742694952096351,0.0832136977396773,0.03174008596884267,-0.3594723994203531,-0.019023656187599255,0.10923881525502574,0.0,0.023479073034758845,-1.3656330009526838,-0.0563778311583694,-0.22593570840470426,0.11052316045396664,-0.4327517147575832,0.06836506550297904,0.04380045544394726,0.10460921051956029,-0.1012848971768685,-1.038031942084569,-0.8015732896981603,0.09298204469906544
33178,-0.18345976639788303,0.07443444732138968,-0.10757532750251064,0.029355300711946114,-0.32921202192245974,-0.01123159424311357,0.1010920038856313,0.0,0.02020625276507922,-1.341161288741639,-0.020398393033987255,-0.1813369566549526,0.017293669497481873,-0.42404416317331817,0.05451313108213325,0.0415455722235274,-0.09328337934966827,-0.14558505715292167,-1.0234130750050068,-0.7505722232691895,0.09267337013305425
33280,-0.22508720929910842,0.07684068212213944,-0.4847089508184254,-0.07535768824579576,-0.2000462255463893,0.05480249105190476,-0.20821055055133986,0.0,0.038493169882196455,-0.5529411469268605,-0.03824432376652203,-0.09927705580057444,-0.11258216353961308,-0.2808092660691489,0.02534209995509778,0.03677643792618949,-0.6231794586356326,-0.6260307033947516,-0.8573014182526711,-0.5888260039209622,-0.3040597049732329
33280,-0.19712772051210295,0.008945618737232505,-0.6853268893250086,-0.09748164872435261,-0.18447189464109934,0.06176114596008358,-0.2921755468248458,0.0,0.056446664965329664,-0.5234803843142353,-0.05044876429759951,-0.12473173257002,-0.09459728038159419,-0.3037077988717786,0.023922753696602163,0.0403935110141228,-0.7085055110336563,-0.10579791021449433,-0.8503778333024841,-0.5832821921131096,-0.30101687868014565
33280,-0.21776876474184328,0.04697459153524626,-0.4805679493630521,-0.06515412113842946,-0.21333995630433464,0.06303504257225069,-0.32968303095152784,0.0,0.03723016799559691,-0.5274449606392441,-0.060675562194966184,-0.10004424479255396,-0.09155807807447232,-0.3083406521961935,0.028486265516943166,0.039788816237990014,-0.6018360821219878,-0.02323601870653775,-0.9587789087310807,-0.5989026781616476,-0.29877087609384745
33280,-0.19565206272981542,0.0714158467584945,-0.4450272837679052,0.09640042589810681,-0.20816547470662194,0.05876293702207333,-0.3063978170391238,0.0,0.02717749236477426,-0.5235975180297067,-0.06107957884475917,-0.10314837036021167,-0.09273963555694902,-0.31766133333832525,0.02893611056818528,0.04037846962315446,-0.5767182904939725,0.07076564339824963,-0.9414678903328891,-0.6390511160633836,-0.3239361202987619
33280,-0.17449633690718908,0.07375182682005282,-0.49450536153276364,0.1191576272534108,-0.25020088975988203,0.061702087896121235,-0.21918592117384045,0.0,-0.018749442056559294,-0.7875610359183799,-0.05698593446287436,0.020959187023296084,-0.1361292243840192,0.05310374504110691,0.006073845157134486,0.03891676331880949,-0.71010896229257,-0.044509580417463925,-0.9505006095674282,-0.6263853956299921,-0.3559930312022929
33289,-0.22260716760829904,0.021818083880300307,-0.8814308844937533,0.12518853943039676,-0.4523765423780211,0.05143574500553039,-0.3736259439525585,0.0,0.008999651460932555,-0.5514105394516301,-0.0349514494789947,-0.12361646322502248,-0.09390280771702882,-0.37030972511467664,0.03980472631493485,0.04386806694841517,-0.9692858027842374,-0.1931698609599193,0.1487627399222235,0.17937726651462219,-0.1671302863638765
33289,-0.24165546710312216,0.06882515368274393,-1.2158586622921816,-0.3218401009847126,-0.43419880165602615,0.06356277472940448,-0.34959586929761927,0.0,0.044051875421137525,-0.3854787429416309,-0.08693759673683547,-0.14919783409287984,-0.11742588648446955,-0.3611959330075647,0.03427660859668334,0.040950934885922934,-0.9473952560306372,-0.47181229678183867,0.13138667718678257,0.14317745307433424,-0.18770108262210602
33330,-0.28345741997489665,0.023409638237070294,-0.5829282942581288,0.0981103249965846,-0.6032971356516224,-0.08606649412331067,0.13581238054437592,0.0,-0.010799926918225868,0.04441826817957793,-0.06999032786381766,-0.10758167390266754,-0.13135916775711726,-0.32020508237931916,0.014666239393647515,0.048518478804778956,-0.6656446046402393,0.09543686595526238,-0.3801116599511545,-0.4253095340428637,-0.18155953782973758
33330,-0.2707356845796328,-0.032363409520874506,-0.6983575537171317,0.0033311606383609844,-0.5757898372008153,-0.10924550385939218,0.1296150126036211,0.0,0.03552854342520799,0.05314669607480438,-0.11028118872586645,-0.12437030446934826,-0.17894794523728896,-0.41408733510458107,0.02201518551595127,0.04648053799793954,-0.7743537021145738,0.046400434903714885,-0.31151564783933544,-0.4095111038911597,-0.14913369155016923
33381,-0.19693649404527158,-0.11736602783477158,-1.3825584507870123,-0.2589005043499709,-0.47783927014585836,-0.40986831308603505,0.14251950618437792,0.0,0.027436239695141515,0.056025502311503654,-0.10417585628495425,-0.14464553444278605,-0.11000815291040567,-0.3591097480565191,0.026789065665642847,0.04092664971470753,-0.9349479403061111,0.008475336463569707,0.13198225162395916,0.15521370039076954,-0.4151990548155417
33381,-0.31540527933382495,0.10999707588377455,0.103088989094769,-0.4609418066157969,-0.5723826612324485,-0.2944356329709333,0.12257901501691841,0.0,-1.3907714043464965,-0.456932096281732,-0.02172687993024029,-0.28611165518904014,0.06541801569962225,0.05791887595434518,-0.42736479627188667,0.04516738101780838,0.07242154595066429,-0.5768472541022259,0.16362372423043833,0.17074648578183316,-0.4370324012167633
33442,-0.2983719187004541,-0.05000856973219942,-0.949290288762246,0.06065287847404238,-0.08833130460442613,0.05510611672131061,-0.31576870862698875,0.0,-0.005246841965348042,0.05898790541439711,-0.14514591512930636,-0.1443083991010568,-0.14750909085692693,-0.4197420593519605,0.01436964887462055,0.04839483591336072,-0.8669706461570966,0.06404227747217942,-1.0823836090837333,-0.010014134994657527,0.08207535017795581
33485,-0.3183326543375986,-1.021727428011528,0.06686874377738455,-0.06730207912505133,0.07016069827894846,0.07717127391312255,-0.34001589018703193,0.0,-1.3687034346360045,0.0314110082910525,0.007906690598089494,-0.03353239048073143,-0.05324625128057604,-0.21938192708500445,-0.5286084559119603,-1.4608973332344852,0.03834039730239682,-0.005762240790869668,0.14316631552446796,0.1459445046081641,-0.3727447870020749
33485,-0.4031529457781205,-0.92447455725749,0.06785849628742596,0.028602905781247107,0.09116703682034501,0.07833916795251696,-0.2536027577437734,0.0,0.09001277951149514,0.040518421001947386,-0.0848634558698587,0.06046596276535626,0.07685609745891069,0.14575195883786435,0.06839742808696299,-1.6664571146930944,-0.11004785031259519,0.029353794741878308,-0.3145468477618572,-0.3236377732255977,-0.4122675047225859
33597,0.09832072531692755,0.11074970972226858,-0.25118351843636577,0.021538408865457496,-0.1193952004721329,-0.35061166969645907,-0.29031264350873487,0.0,0.05774140657095612,0.05601564931110461,-0.07630885196343616,-0.20637134036834842,-0.08485363251098386,-0.3983704993960151,0.0224913049553415,0.044801226316326416,-0.22659571183130764,0.025076289631712746,-1.1521205572919286,-0.8434569834036021,-0.039992803808088465
33597,0.08373157327586049,0.04996943806507733,-0.2036295961394425,0.07282810701674859,-0.08275269775189839,-0.33688990481935693,-0.3210077329096525,0.0,-0.06965254676107822,-0.006121377977651787,-0.04192853313107477,-0.0872630027095723,-0.15595040091966172,0.04264047558879174,-0.050585515872769125,0.04494002227541616,-0.30370041129531883,0.06459011636996649,-1.1652152629152281,-0.8368685747886025,-0.07893692813320727
33658,-0.27648597912236206,-0.410448661766271,-0.6505716248448985,0.06681693651850353,0.09580344804375482,0.041660848055705524,0.13444044825445864,0.0,0.07636452924076982,0.047520050802941145,-0.0797479657675921,-0.16084113906660993,-0.07188518457447186,-0.40413574863892954,0.008838250710460209,-1.3983352997282825,-0.19123409495633814,-0.023659411220071817,-0.365723936277394,-0.39414497854456104,0.14044399301473418
33658,-0.24500484142338716,-0.626283471053881,0.0758245323341433,-0.16775491869170248,0.10619716059630291,0.0915941395511525,0.1327908720346396,0.0,-0.1317456303155852,-0.31828267260176313,0.013364982082467093,-0.2135675599085103,-0.04267472012184007,-0.3429395223930144,-0.16854100725667975,-1.6065331079415661,0.07107477015079562,-0.32431944318882916,0.15881067310902341,-0.2852334295225786,0.1653273085265826
33676,-0.24937970218873956,-1.1286719257582059,-0.04117650551531214,0.1256676216434281,-0.6557386159459242,0.04934065840873173,-0.26179766728568,0.0,-0.16771582651417952,0.021704946226949712,-0.0292404221881722,0.04372964387652353,0.040514184141572845,-0.0059080898786451185,-0.2003858544338942,-1.2745819413132697,-0.03448641919062606,0.09661783518295951,0.19047883779511987,0.18833227478555953,-0.046160164200948824
33736,0.11486364290273622,0.11787912297739853,-1.6219617188199555,-0.15526190696690811,-0.06522801762442179,-0.3627302385185273,0.10562616490649704,0.0,0.036204156786576125,0.05479022706946209,-0.10296024267171089,-0.14918477203849134,-0.16051238644473745,-0.31545798276629905,0.03362336747140614,0.052140550130599594,-0.9839945277227354,-0.6378693503262594,0.15256105058984776,0.15279523116132496,0.0799416637816074
33820,0.11907210756604597,-1.0526761351744365,0.046577145792448704,-0.33357268306046267,-0.24957476776317367,0.02797924869739559,0.11029426159323771,0.0,0.0753768885001209,0.04906162165716196,-0.05783544010935024,-0.1470914044060193,-0.21414116898394928,0.06689160580929371,-0.047351998573174764,-1.451705800480808,-0.015370701796664086,0.06521942371942058,-0.2534290541046914,-0.45047923492042563,0.020831822158632676
33827,0.06751863405539171,0.08428661314964829,-1.0871044880005212,-0.027942180935243838,-0.06848082046963698,-0.1330158593504178,0.14806353478000903,0.0,0.023850125102984655,-0.06688649917627906,-0.07624141554635085,-0.20395689436749914,-0.0966775691332976,-0.41660471439275426,0.023242736584492326,0.04577021583790342,-1.086639926813334,0.028984118496286376,-1.083870786190765,-0.6852042151989488,0.10286466188757216
33850,0.07457735389382575,-1.2635588449848087,0.0827181980521688,-0.07578749835956139,-0.6769359750475487,-0.1651268771305713,0.11380799418163462,0.0,0.05344032758188685,0.051644016608207,-0.116138666817896,0.0013651128280924457,0.042603582305602565,-0.3023346193024586,0.051967324668785335,-1.6993472312038018,0.07870372249351823,0.09456644303569874,0.09762572253569299,-0.20668164219519755,0.0838058474067531
33873,0.06349419707081927,-0.1899735606793289,-0.6459384988840988,-0.6568070789766007,-0.3881589243275447,-0.5828022271679126,0.14906418083961892,0.0,0.0719209914358807,0.05750448998643737,-0.04924724567805163,-0.19745797537435825,-0.08648570222156296,-0.3731902768838103,0.0072613956761667185,0.04405771232007917,-0.15804269816000172,0.0869608441373081,-0.29577225612206787,0.0031250711581194014,-0.22383622056346816
33892,-0.31508007821470124,0.05727270403285972,-1.3327301246452794,-0.180064704072298,-0.04670237613670205,0.016989455973204465,0.16674509510383217,0.0,-0.9773016699620245,-0.013684856732293782,-0.01601064371101269,-0.12807650250953564,-0.15220500158520567,-0.3398839400714676,0.031566753021087225,0.045844395372473576,-1.134632790202188,-0.06193555753336639,0.15463137813643812,0.16951787493512213,0.09944392910741456
33913,-0.32804252468854933,0.04540698845291283,-1.7598856597813255,-0.11585093997628654,-0.22209395350182526,0.05504534035331699,-0.19771178957323468,0.0,-0.35393286662582635,-0.10568126994657344,-0.08302691298106761,-0.1065341844917699,-0.15436730256166079,-0.3804290018215801,0.03331766269882682,0.04417347734368978,-1.1495950768651935,0.018905879042676543,0.14833261364512942,0.15953284667705858,0.08145268169566058
33941,-0.23223999813535362,0.04304375265413134,-0.5392152932444756,-0.03995895737433873,-0.0935070098370302,0.04333284957311835,0.10415943140384062,0.0,-0.12800372238208352,-1.9034009492433686,-0.050085052777299945,-0.0763713819555342,-0.08279130081212499,-0.3028909064071822,0.024099839649485907,0.03874601621636689,-0.8815449856325375,0.039083159362254025,-0.9324142313690945,-0.6338890379926002,0.07503078856414187
33941,-0.19619415769859022,-0.2901156390207991,-0.0955852438368362,0.0368714547577053,-0.08617405273445043,0.03286892123753241,0.11041518701806521,0.0,0.04422320346258005,-2.1015391640039653,-0.00024556809001429847,-0.18109282853857617,0.09295316034636071,-0.4581073073021978,0.06261274793112356,0.04059409621405882,-0.0712369819964074,0.013150768099366371,-1.082872534146827,-0.6560913061758591,0.08075080946751116
33941,-0.3070426521734346,-0.1592881518044428,-1.08161327104341,-0.03659061257089303,-0.01818426347621498,0.06684889333655339,0.10429572197428605,0.0,0.04952525957459384,-2.0997339284899508,-0.11701912938636268,-0.09519731851392473,-0.14826981057909003,-0.4415923436793329,0.015307242280782106,0.03627121030094468,-1.063431969655802,0.005150110854286462,0.1250841063445778,-0.2362044015681838,0.07922645875646284
33968,0.145111583612061,0.1245876317838899,0.0900192742850269,0.0513419883880361,0.06956288771616,0.058651445949958705,-0.172103120143309,0.0,-1.8042403304374637,-1.3464427112961905,-0.04423046119248184,-0.16537852842347595,-0.0027414168306293925,-0.11210871906218081,-0.4055605145663254,0.05046029493399374,0.0706220091345457,-0.38944410690491815,0.1578499399443281,-0.11893147036291708,0.13193981473435112
34009,0.1179411674821621,0.10079833897649552,-1.4653966725481151,-0.07837625740674566,-0.10183761551829372,0.031824214540513,-0.29162751431927697,0.0,0.06731721766560565,0.05076414908232262,-0.060054499426201974,-0.15081778542449056,-0.14973178367877873,-0.3817661349679441,0.03688759646295004,0.04605301817151835,-0.9844590680479758,-0.07696500373993603,0.16040618553450794,0.16032504199653713,-0.3643476643019635
34032,-0.25980707749057874,0.08900817479483919,0.08041369010670073,-0.1260353056034478,-1.2905426643664974,-0.6452119640491588,0.10614755808311101,0.0,-0.012823834216823378,-0.3413726866276771,0.007122678472378233,-0.17841339518194002,-0.1685908781514887,-0.2816764855572211,0.023105910183324644,0.04214405047681711,0.05584722953924731,-0.8462610767651002,0.11272549366459657,-0.2590317060732907,-0.10491233903171078
34032,-0.22846552461565672,-0.17950228257392276,-0.5362452946714064,0.07962708155538395,-1.1756944464500934,-0.5901174107186248,0.13340782657451028,0.0,-0.013097733044669364,-0.3665197907858737,-0.047953517027045776,-0.13016813861897278,-0.09250733711387568,-0.29441475572313713,0.03177302626327857,0.03837394430721762,-0.6951545779183159,0.006933953119623227,0.12256373974516431,-0.2791832847343154,-0.09882593864904245
34094,0.13029645227287226,-0.04711236708146594,0.082472524750545,-0.21030657115498763,0.05592334257301988,-0.013743268547004804,-0.06206206600582438,0.0,-1.8880296413794364,-0.5781870971916907,-0.06371168679807024,0.02770772762628993,-0.08181156488296439,-0.12687906867533574,-1.3257573594277319,0.04393680586469045,0.036758326897412964,-0.0011038153518802849,-0.30628548359981533,-0.2279632867015058,0.13758605463034246
34123,-0.3237678480106966,0.10926297474347584,0.05808561147681991,-0.10701028926099555,-0.24958190456147386,0.07739035477092777,0.10909973567839873,0.0,-1.8423954177492161,-1.2300252138624261,0.01889102560278159,-0.08490749545160019,-0.11412096975779736,-0.28526245880980544,0.032087038887043645,0.04425374864851182,0.05033385056459574,-0.32941151945782016,0.15237797495636526,0.17664993120866074,0.10119575469323072
34293,-0.22570541252795684,0.04874946853126622,-1.0612639227898024,0.023842085720433785,-0.06855623227618124,-0.1242699529204178,0.15165227928079295,0.0,-0.09007260519562581,0.05062575441362083,-0.11927620643451663,-0.15903416571320214,-0.12897168919307744,-0.37116104167467545,0.024756825089185853,0.04468625375963441,-0.7692959062637353,0.04034835748118782,-1.0030353068525462,-0.7276052413799864,-0.06673575553187837
34324,-0.35219236027647294,-0.05400769008547236,-1.319945329054448,-0.07662774527818679,-0.24631730658009027,-0.18715186967420197,-0.3056430238029132,0.0,0.052246885209036434,0.05182397940943043,-0.09396135785714642,-0.1538019312523695,-0.13537528291785292,-0.39323051425763916,0.003957224072297151,0.04622430983253947,-0.31740551906737674,-0.16626455935696077,-0.22083382488419548,-0.37442859969215697,0.10912664695952963
34324,-0.24262598651617484,0.07375492940299273,-0.004970955933457635,0.03855883185203331,-0.30158859030708846,-0.15427143544751137,-0.18666752450491964,0.0,-0.6123673520300867,-1.1868381638889136,-0.06148848537188955,-0.11323755736543356,0.04824234015335527,-0.37517971440292525,-0.24026989913267688,0.04174666810938702,-0.02614866707819655,0.058238637548255916,-0.9763980371709895,-0.6413219918048493,0.0796091306679714
34420,0.14047303359610364,0.0572390977093411,-0.5292753807832719,0.10826802879822212,0.012974546575826224,0.019586992514318106,0.10257263180044232,0.0,-0.7286195945363445,-1.8797793962562461,-0.09170290524127946,0.03520924912504227,-0.1683167931612,0.07200234562196499,-0.09544553495911422,0.05021581875850384,-0.9158189342339539,0.003825786285841918,0.1582238044736016,-0.25984400973959343,0.16206775683675795
34557,0.09011614604602361,-1.2001251564558737,0.03539178018639358,0.02923641356095693,0.0781105627457695,-0.007788044919501848,0.11825286868395748,0.0,-0.49560459721911027,-0.21009537785428584,0.015333867905112684,-0.12121466061451529,-0.006327539612971885,-0.3902508095575689,-0.3504354159696598,-1.7310407752887447,-0.008673082230910375,0.033795347890065656,0.17108838325932182,0.17624205211783878,0.14194247540449867
34607,-0.24552974049866447,-0.11932976707260257,-1.4504279950984986,-0.18783491073967679,0.06869626257742247,-0.6239797957669725,0.1680553476036124,0.0,-0.01854798507244321,-0.00746532052672131,-0.09465884333323926,-0.1572067960754038,-0.20134202169328577,-0.3841932118357015,0.03556872940055098,0.04183137916396828,-1.171121839909069,-0.10148420426575203,0.1401296903045535,-0.27395798610004335,0.10534874517988985
34607,-0.2856373967186166,-1.236189105873028,0.05777929443808464,-0.2842472533677589,0.13205687512638298,-0.6701663388458285,0.13541573144501842,0.0,0.04549067002217589,0.04770997497925765,-0.08124850001624341,0.016945139129997042,0.007101511212217911,0.004300350288073491,0.049249695312160224,-1.426302991349065,0.0665552214035241,-0.009349311370339407,0.12528227611997889,-0.29900429517794763,0.13478987189166433
34607,-0.2851779403291056,-1.2194593427529568,0.07757027189568501,-0.27199185249210533,0.09980661909222613,-0.6828700237592367,0.13027567174025792,0.0,0.03413902767791943,0.04989212232651264,-0.18787282915426484,0.005945237378729591,-0.09485901022305267,0.0065441282897837705,0.0358635506176255,-1.3657662127269807,0.07009539239367125,0.004964091597674996,0.10772826616064902,-0.28887771699602594,0.12891922211798432
34638,0.09586213457144076,-1.0001107922396135,-0.11587035227964425,0.01900465278058574,-0.07235074416704589,-0.012432603516094771,-0.19694268044253635,0.0,-0.06679184150136895,0.01423292753775463,-0.041046973882933435,0.03772593859864438,-0.04402264430855325,0.1318040275163571,0.00492149080028633,-1.4850365902847882,-0.06939100755370152,0.058000182224640415,-0.36333629795192596,-0.37813553902386016,-0.36323263072198914
34710,-0.3390667840070341,-0.04316099967511712,-0.5784591148145183,-0.07139481253617934,-0.20081722294974896,-0.09403388439582405,-0.31657828583603753,0.0,-0.014183803686605989,0.052229422859052126,-0.11478013235768213,-0.12145250216840472,-0.1250357023355095,-0.4354877612576654,0.026498536771021094,0.04518579092005639,-0.2939254266902389,0.08861833954239338,-1.0657566212087568,0.015854340022362138,-0.14142838284572118
34710,-0.27038713596615244,-0.14641717043766148,-0.6084175758917452,-0.21207590323650347,-0.2160889492083734,-0.0883406788310434,-0.30298935783853326,0.0,-0.04128447403918749,0.044034016587027644,-0.106102881384277,-0.10158747881155064,-0.13084743729387502,-0.35418425540678583,0.02509415459930347,0.047271906622516895,-0.3719733474141796,0.059776063352878654,-1.071589643409067,0.01780198355995446,-0.12799102139250593
34710,-0.40166646952724944,0.0685349264472513,-0.4684438695484651,-0.12907561751099092,-0.14415570428195112,-0.06024634207765185,-0.21626126118741223,0.0,0.0013816125906975284,0.04717409422349413,-0.06524699154721597,0.028401685447813803,-0.16837304892184826,0.034426354185709766,0.03097087883897925,0.04946964030851533,-0.1991168839803247,-0.7479325036952192,-1.1027940813031432,0.020110042532899376,-0.0983435292531118
34710,-0.3238441653268569,-0.39486870954618564,-0.5569423940233705,0.10075923680597997,-0.16263534970251192,-0.08010173308189425,-0.2975923832564378,0.0,-0.014425273681006824,0.04432311306603887,-0.10321787253193616,-0.13730917021748051,-0.11789425353789086,-0.3904319471262636,0.02374221231709587,0.046199660006780406,-0.2906836938219637,0.042685605054911806,-1.1054615376425294,0.02864888315320416,-0.14709626503780562
34738,-0.2002621308225248,0.04745364383996513,-0.6727324522361162,0.08104776478416081,-0.055561031377538435,0.005367862966732927,0.13361386335275693,0.0,-0.03783136878849487,0.01855124311663908,-0.047249536131887225,-0.14626278324283534,-0.04755054106593083,-0.33658756477637475,0.03360681421991439,0.04625707307020395,-0.9398622094594884,0.003028939365099117,-1.044969720723754,-0.6952548326905272,0.0958664854902622
34738,-0.25466180654296755,0.05853637823452437,-0.305690506360429,0.08692132939005567,-0.089544670300726,0.025402782401240886,0.11324183785013026,0.0,-0.0693694935244639,0.01480110108787699,-0.04920135102300087,-0.23598235877228677,-0.09317366116470292,0.01669154347329717,-0.5562212266758472,0.04786473678029596,-0.6303128960689064,0.02059430926524217,-1.1584719720807113,-0.7671672057178496,0.13907240790822695
34765,-0.258777713987235,0.07996803985306303,-1.591816015877581,-0.29823292463962875,-0.03593407743303918,0.06817470881319222,0.17600562503901557,0.0,0.030003197912088705,-0.09755559112482394,-0.06735288139170506,-0.16818104701642564,-0.21782445025320787,-0.384667144337334,0.03829036888159336,0.0428652181221892,-1.1576840450315364,-0.03139276176686621,0.17576123703777347,0.17347297380028653,0.1010057462970712
34777,0.10721966627521935,-1.0070946722452647,-0.12040801915187807,-0.09255113958800161,-0.08457555432478797,-0.1549070511129641,0.12295967459647027,0.0,-0.07309754596090554,-0.06848189089663083,-0.013873716776561894,-0.07316950224029073,-0.012821007872560035,-0.3402912490533527,0.031109344362799277,-1.5109559114324294,-0.16886449554989594,-0.006902731282246608,0.16622672495544275,-0.3352577602437926,-0.017013967500856916
34816,-0.2694575276444369,0.116840500670053,-1.5465984204848928,-0.22144899226975867,-0.035902195656221804,-0.18522902450163878,0.17570618921729328,0.0,0.032496543988720365,-0.036298858618744836,-0.08093728732855912,-0.17892782372113294,-0.22320476978585896,-0.4276742985152287,0.039769685932552104,0.04439595802859309,-1.2365251857728556,-0.07601339458287844,0.1748402769609189,0.16820220791937449,0.12095637250017684
34864,-0.15038594423640478,0.056737245897974256,-0.2707025830660852,0.022075631063483803,-0.24217705492371994,-0.07773927010590859,0.10721474024991715,0.0,-0.07114413606686189,-1.2718833263052702,-0.03543650518194475,-0.07357667977907667,-0.09965942752463894,-0.22014477856300388,0.02943379189067999,0.03860783602536797,-0.6188834045294203,0.041945382295618276,-0.8933976936161151,-0.6344389527941453,-0.33704930799312
34864,-0.22557422117548795,0.09748257825904276,-0.5496024099875071,0.11055649968885571,-0.24505743774015448,-0.09678390971865114,0.1399593186331649,0.0,0.07810968621466298,-0.14611848709481257,-0.10889014653451379,-0.1322263641173058,-0.11302422793072964,0.044517512123003054,0.050450119835706915,0.04135695769281476,-0.2783018269013042,0.023432999499190137,-1.0379828444227204,-0.7520290021122897,-0.41686181724770144
34864,-0.20204813051787412,0.04456006292318947,0.07158854009081307,0.1286828011459089,-0.40654968987226114,-0.10937063705592427,0.11601349665955457,0.0,0.007001588126283185,-1.325962576377723,-0.12183121494797541,0.028812689737381995,0.08411679509602171,-0.13986738209400865,-0.1365434692881299,0.04825014420078501,0.07792333976499921,-0.028949227558603702,-1.009577261826352,-0.692230652642912,-0.40717800859711367
34864,-0.15080222104062843,0.07459246616539167,-0.4806373078236013,0.09409063290423218,-0.22994252360857614,-0.09480300195997647,0.10975556415181341,0.0,-0.028923426850130603,-1.1759075491183961,-0.031724877139752236,-0.09831725573365965,-0.09011039587970988,-0.29087033645150273,0.029712923725114037,0.037303371255903585,-0.6882987988021732,-0.055757545066787303,-0.9013494674038771,-0.6169637206032156,-0.3160429377502436
34865,0.1257124867505202,-1.1577013628649142,0.09149499524501054,-0.013021679336158103,-0.09605666478909279,-0.04119502733680844,-0.09400902559160504,0.0,0.0798849677471323,0.05750533063469707,-0.08829554295331504,-0.06984957670524646,-0.02888614656226006,-0.2228248820072623,-0.008427471173828001,-1.7101080072484958,0.08389977578161072,0.11251097458818834,-0.23063256624270137,-0.2873603046479085,0.03739829621332172
34908,0.12452874925143402,-1.1017952548573964,0.07803706352099715,-0.16827528553244023,0.021388619748209835,0.05411428246627198,-0.23158149088854912,0.0,-0.23506790141890155,-0.16439212310445286,-0.04902724581862554,-0.1463077553127953,-0.01703673533439081,-0.2598435098579596,-0.25067685135570045,-1.6357264661520927,-0.11896296712807584,-0.7899669841831651,0.1586610365045426,0.1521115162736193,0.13820679792938856
34933,0.0978960092890881,-1.1994393711634053,0.06897658608324993,0.07105265618835485,-0.6468767616699556,0.043143135960234634,-0.19127717901174013,0.0,0.023570784806738153,0.02932272884175145,-0.002143794052907474,0.11635837675826054,0.05698343744702571,0.04955302205706779,0.08268022105546184,-1.6409919894666714,0.05198653530231482,0.05385825661503583,-0.2534881695572352,-0.37794427042833023,0.085782335416025
35096,0.11145708209416136,-0.050098496669115145,-0.08804416228696345,-0.1695881733306446,-0.34000737925583013,-0.4741729429936969,0.14012019762315345,0.0,-1.8069042252629208,-0.11991389714386289,-0.06313468219484453,-0.18463674158991175,0.05207250159172552,-0.3768474061530682,-0.09747759802664124,0.04850951783889224,-0.016303284299407122,0.03465808697151331,0.143475552683606,-0.28747940704541575,-0.012929748262737085
35252,0.09890601500420783,-0.9666670407625338,0.04485086342310033,-0.003913296905546835,-0.32795846754688845,0.028887611568482498,0.12775455071210892,0.0,0.06303918173467357,0.03038640893166776,-0.05733038636071477,-0.21386555478835254,-0.038295474219581925,-0.33873728134629244,0.010727900175685683,-1.370981726966585,-0.06910662494093335,-0.15846908609463947,-0.2697763317950712,-0.5049459467280282,-0.1829143519896952
