CUSTOMER_NUMBER,TRANS_DATE,TRANS_HOUR,TRANS_AMOUNT,IP_Address_Proxy,Device_ID_Hash,ts_dt,tx_id,prev_ip,prev_ts,is_ip_changed,time_diff_hours,IS_IMPOSSIBLE_TRAVEL,ip_cum_count,cum_tx_count,IS_NEW_LOCATION,IS_NEW_LOCATION_HIGH_VALUE,risk_score
368360,2019-09-09,14,200590000.0,35.114.XX.XX (HP),f78dec565c2df621,2019-09-09 14:00:00,959517,60.52.XX.XX (DN),2019-09-09 14:00:00,1,0.0,1,0,10,1,1,4.0
146404,2019-07-31,13,140000000.0,254.107.XX.XX (HCM),4e5d139a90d365bd,2019-07-31 13:00:00,62699,203.182.XX.XX (DN),2019-07-31 13:00:00,1,0.0,1,0,81,1,1,4.0
146404,2019-08-07,11,120000000.0,95.230.XX.XX (HCM),4e5d139a90d365bd,2019-08-07 11:00:00,62672,35.160.XX.XX (HCM),2019-08-07 11:00:00,1,0.0,1,0,86,1,1,4.0
116603,2019-09-30,9,70000000.0,33.135.XX.XX (HN),d1e4d3f68c24f09b,2019-09-30 09:00:00,66828,117.184.XX.XX (HN),2019-09-30 09:00:00,1,0.0,1,0,372,1,1,4.0
167863,2019-03-30,10,306000000.0,161.31.XX.XX (HN),6c73980978fc316e,2019-03-30 10:00:00,1403786,141.12.XX.XX (HN),2019-03-30 10:00:00,1,0.0,1,0,2,1,1,4.0
282717,2019-04-23,15,135000000.0,245.251.XX.XX (HCM),63db0fc3836c615a,2019-04-23 15:00:00,288455,58.232.XX.XX (HCM),2019-04-23 15:00:00,1,0.0,1,0,9,1,1,4.0
62461,2019-09-30,17,48680000.0,73.40.XX.XX (HCM),e0b101f34343be94,2019-09-30 17:00:00,905731,157.46.XX.XX (HCM),2019-09-30 17:00:00,1,0.0,1,0,572,1,1,4.0
240878,2019-06-06,14,256000000.0,81.212.XX.XX (HN),7c4e35ea69c420e6,2019-06-06 14:00:00,282281,124.168.XX.XX (HN),2019-06-06 14:00:00,1,0.0,1,0,71,1,1,4.0
255269,2019-11-11,14,180000000.0,72.203.XX.XX (HN),0681d023341b54f2,2019-11-11 14:00:00,391642,227.238.XX.XX (HN),2019-11-11 14:00:00,1,0.0,1,0,70,1,1,4.0
409866,2019-11-20,16,45000000.0,41.41.XX.XX (HN),947dfc8a9fe82e92,2019-11-20 16:00:00,761161,81.104.XX.XX (HN),2019-11-20 16:00:00,1,0.0,1,0,129,1,1,4.0
74237,2019-11-20,16,510013503.0,200.190.XX.XX (NA),2a7b216061aba968,2019-11-20 16:00:00,1311897,100.196.XX.XX (NA),2019-11-20 16:00:00,1,0.0,1,0,1,1,1,4.0
424636,2019-07-30,16,70000000.0,161.166.XX.XX (HCM),43c0e83089f3622e,2019-07-30 16:00:00,780768,54.109.XX.XX (HCM),2019-07-30 16:00:00,1,0.0,1,0,8,1,1,4.0
146404,2019-08-28,14,65000000.0,183.69.XX.XX (HCM),4e5d139a90d365bd,2019-08-28 14:00:00,62677,165.42.XX.XX (HCM),2019-08-28 14:00:00,1,0.0,1,0,103,1,1,4.0
146404,2019-09-04,14,60000000.0,133.34.XX.XX (HCM),4e5d139a90d365bd,2019-09-04 14:00:00,62724,22.103.XX.XX (HCM),2019-09-04 14:00:00,1,0.0,1,0,105,1,1,4.0
46784,2019-11-26,9,150000000.0,192.66.XX.XX (HN),f7c76110bdb459f2,2019-11-26 09:00:00,1259105,174.59.XX.XX (HN),2019-11-26 09:00:00,1,0.0,1,0,6,1,1,4.0
393920,2019-07-31,16,75600000.0,39.211.XX.XX (HN),a77e3d3fd2fb216e,2019-07-31 16:00:00,76759,172.15.XX.XX (HN),2019-07-31 16:00:00,1,0.0,1,0,269,1,1,4.0
194029,2019-10-24,6,54500000.0,73.195.XX.XX (HN),84b7e3eb3126b38a,2019-10-24 06:00:00,75033,159.139.XX.XX (HN),2019-10-24 06:00:00,1,0.0,1,0,198,1,1,4.0
55634,2019-07-22,11,45000000.0,4.102.XX.XX (HCM),ffeaeb565a227150,2019-07-22 11:00:00,50514,11.99.XX.XX (HCM),2019-07-22 11:00:00,1,0.0,1,0,31,1,1,4.0
316519,2019-08-26,16,182750000.0,32.4.XX.XX (BD),37149e241d5e6fae,2019-08-26 16:00:00,119255,160.150.XX.XX (BD),2019-08-26 16:00:00,1,0.0,1,0,69,1,1,4.0
146404,2019-09-17,16,65000000.0,101.20.XX.XX (HCM),4e5d139a90d365bd,2019-09-17 16:00:00,62799,113.138.XX.XX (HCM),2019-09-17 16:00:00,1,0.0,1,0,116,1,1,4.0
356856,2019-10-12,16,83330000.0,141.159.XX.XX (HN),2b4121594ae651ec,2019-10-12 16:00:00,970854,135.195.XX.XX (HN),2019-10-12 16:00:00,1,0.0,1,0,115,1,1,4.0
30820,2019-09-13,9,42139000.0,187.51.XX.XX (TH),96007a65ee2b8571,2019-09-13 09:00:00,987603,248.218.XX.XX (TH),2019-09-13 09:00:00,1,0.0,1,0,2,1,1,4.0
146404,2019-09-20,14,52000000.0,44.129.XX.XX (HCM),4e5d139a90d365bd,2019-09-20 14:00:00,62800,42.80.XX.XX (HCM),2019-09-20 14:00:00,1,0.0,1,0,120,1,1,4.0
146404,2019-09-23,16,120000000.0,130.224.XX.XX (HCM),4e5d139a90d365bd,2019-09-23 16:00:00,62700,100.87.XX.XX (HCM),2019-09-23 16:00:00,1,0.0,1,0,122,1,1,4.0
418247,2019-08-26,9,45000000.0,164.155.XX.XX (HCM),1d0cdfca75f5d21e,2019-08-26 09:00:00,739848,173.118.XX.XX (HCM),2019-08-26 09:00:00,1,0.0,1,0,16,1,1,4.0
194029,2019-10-28,13,50000000.0,247.112.XX.XX (HN),84b7e3eb3126b38a,2019-10-28 13:00:00,75152,41.250.XX.XX (HN),2019-10-28 13:00:00,1,0.0,1,0,204,1,1,4.0
22574,2019-04-16,8,69000000.0,207.194.XX.XX (CT),dca8a058c7fcdcf5,2019-04-16 08:00:00,135839,84.86.XX.XX (CT),2019-04-16 08:00:00,1,0.0,1,0,19,1,1,4.0
409866,2019-12-10,22,102502137.0,60.67.XX.XX (HN),947dfc8a9fe82e92,2019-12-10 22:00:00,761103,152.150.XX.XX (HN),2019-12-10 22:00:00,1,0.0,1,0,164,1,1,4.0
435285,2019-12-12,16,75500000.0,92.253.XX.XX (CT),49b9717ea4b073ea,2019-12-12 16:00:00,130263,154.229.XX.XX (CT),2019-12-12 16:00:00,1,0.0,1,0,155,1,1,4.0
62461,2019-10-06,18,263970000.0,97.7.XX.XX (HP),a6cd8a0ab6592fd2,2019-10-06 18:00:00,905042,97.142.XX.XX (NA),2019-10-06 18:00:00,1,0.0,1,0,657,1,1,4.0
407200,2019-12-31,9,40273000.0,41.205.XX.XX (HCM),a92966bf30a313d6,2019-12-31 09:00:00,1171671,205.150.XX.XX (HCM),2019-12-31 09:00:00,1,0.0,1,0,259,1,1,4.0
146404,2019-10-10,13,90000000.0,112.184.XX.XX (HCM),4e5d139a90d365bd,2019-10-10 13:00:00,62730,155.5.XX.XX (HCM),2019-10-10 13:00:00,1,0.0,1,0,136,1,1,4.0
453109,2019-10-19,15,54000000.0,13.215.XX.XX (HN),6bfd5e2a83c52358,2019-10-19 15:00:00,952532,109.52.XX.XX (HN),2019-10-19 15:00:00,1,0.0,1,0,175,1,1,4.0
319900,2019-07-05,17,53459000.0,24.197.XX.XX (DN),44e26dfbb4e8ee56,2019-07-05 17:00:00,73145,73.133.XX.XX (DN),2019-07-05 17:00:00,1,0.0,1,0,214,1,1,4.0
146404,2019-10-21,10,163340000.0,122.20.XX.XX (HCM),4e5d139a90d365bd,2019-10-21 10:00:00,62783,90.225.XX.XX (HCM),2019-10-21 10:00:00,1,0.0,1,0,141,1,1,4.0
487140,2019-12-25,9,70600000.0,154.75.XX.XX (HCM),1e264bf103a2375b,2019-12-25 09:00:00,11139,50.119.XX.XX (HCM),2019-12-25 09:00:00,1,0.0,1,0,95,1,1,4.0
443359,2019-11-26,16,199100000.0,41.29.XX.XX (CT),6218f1df43f4bb8b,2019-11-26 16:00:00,1275742,184.123.XX.XX (CT),2019-11-26 16:00:00,1,0.0,1,0,9,1,1,4.0
194029,2019-11-11,11,50000000.0,101.112.XX.XX (DN),e826a24719f44f1c,2019-11-11 11:00:00,75213,211.162.XX.XX (HP),2019-11-11 11:00:00,1,0.0,1,0,214,1,1,4.0
116603,2019-12-05,15,74253700.0,54.135.XX.XX (HN),d1e4d3f68c24f09b,2019-12-05 15:00:00,66845,34.186.XX.XX (HN),2019-12-05 15:00:00,1,0.0,1,0,492,1,1,4.0
401551,2019-08-30,15,95956240.0,186.145.XX.XX (HN),99ef824362ecfc8a,2019-08-30 15:00:00,72440,123.163.XX.XX (HN),2019-08-30 15:00:00,1,0.0,1,0,132,1,1,4.0
453109,2019-11-22,22,50000000.0,122.209.XX.XX (CT),276af289c1ab7eb0,2019-11-22 22:00:00,952283,30.162.XX.XX (TH),2019-11-22 22:00:00,1,0.0,1,0,287,1,1,4.0
146404,2019-10-29,17,40000000.0,161.200.XX.XX (HCM),4e5d139a90d365bd,2019-10-29 17:00:00,62803,77.62.XX.XX (HCM),2019-10-29 17:00:00,1,0.0,1,0,149,1,1,4.0
98974,2019-12-11,15,50000000.0,244.119.XX.XX (HP),d54f8bcbd330a445,2019-12-11 15:00:00,793388,216.233.XX.XX (HP),2019-12-11 15:00:00,1,0.0,1,0,62,1,1,4.0
478008,2019-12-26,8,43000000.0,19.122.XX.XX (HN),32e36bf153ee9973,2019-12-26 08:00:00,86648,99.73.XX.XX (HN),2019-12-26 08:00:00,1,0.0,1,0,155,1,1,4.0
395462,2019-12-16,9,50000000.0,245.101.XX.XX (HN),7d7cdb91d988407e,2019-12-16 09:00:00,432120,183.80.XX.XX (HN),2019-12-16 09:00:00,1,0.0,1,0,86,1,1,4.0
427253,2019-12-12,16,70000000.0,197.76.XX.XX (HCM),4bb55689f9a245dc,2019-12-12 16:00:00,403418,2.171.XX.XX (HCM),2019-12-12 16:00:00,1,0.0,1,0,292,1,1,4.0
7012,2019-08-08,17,57747100.0,101.72.XX.XX (BD),8b997d5c82a0b396,2019-08-08 17:00:00,769968,228.249.XX.XX (BD),2019-08-08 17:00:00,1,0.0,1,0,29,1,1,4.0
190167,2019-12-05,8,215748018.0,120.148.XX.XX (HN),fb95128a08fa6318,2019-12-05 08:00:00,892573,24.105.XX.XX (HN),2019-12-05 08:00:00,1,0.0,1,0,155,1,1,4.0
146404,2019-11-19,8,97800000.0,138.224.XX.XX (HCM),4e5d139a90d365bd,2019-11-19 08:00:00,62753,79.31.XX.XX (HCM),2019-11-19 08:00:00,1,0.0,1,0,158,1,1,4.0
194029,2019-11-15,11,50000000.0,62.81.XX.XX (HN),84b7e3eb3126b38a,2019-11-15 11:00:00,75153,43.184.XX.XX (HN),2019-11-15 11:00:00,1,0.0,1,0,222,1,1,4.0
199231,2019-11-25,17,200000000.0,251.247.XX.XX (HN),afb01325066d67d2,2019-11-25 17:00:00,792382,45.222.XX.XX (HN),2019-11-25 17:00:00,1,0.0,1,0,46,1,1,4.0
216962,2019-09-28,9,40000000.0,79.37.XX.XX (HN),4567ade211388ae2,2019-09-28 09:00:00,359418,69.213.XX.XX (HN),2019-09-28 09:00:00,1,0.0,1,0,33,1,1,4.0
62461,2019-10-19,21,118660000.0,233.183.XX.XX (HCM),e0b101f34343be94,2019-10-19 21:00:00,904654,162.92.XX.XX (HCM),2019-10-19 21:00:00,1,0.0,1,0,797,1,1,4.0
87911,2019-12-03,17,50000000.0,96.222.XX.XX (HP),9d4591fe66c4956a,2019-12-03 17:00:00,1219569,116.82.XX.XX (HN),2019-12-03 17:00:00,1,0.0,1,0,94,1,1,4.0
56038,2019-12-30,18,87000000.0,246.4.XX.XX (HN),2be2e00760ae0e3f,2019-12-30 18:00:00,1182242,151.211.XX.XX (HN),2019-12-30 18:00:00,1,0.0,1,0,115,1,1,4.0
112162,2019-07-17,14,55000000.0,210.149.XX.XX (HP),855d36e3b07849c6,2019-07-17 14:00:00,243351,151.206.XX.XX (HP),2019-07-17 14:00:00,1,0.0,1,0,20,1,1,4.0
22702,2019-08-15,11,304818000.0,219.121.XX.XX (HN),a6a7b107a67d30f5,2019-08-15 11:00:00,737333,50.90.XX.XX (HN),2019-08-15 11:00:00,1,0.0,1,0,6,1,1,4.0
453109,2019-09-16,15,120000000.0,90.253.XX.XX (HN),6bfd5e2a83c52358,2019-09-16 15:00:00,952471,110.177.XX.XX (HN),2019-09-16 15:00:00,1,0.0,1,0,35,1,1,4.0
194029,2019-11-22,11,70000000.0,124.10.XX.XX (HN),84b7e3eb3126b38a,2019-11-22 11:00:00,75155,222.241.XX.XX (HN),2019-11-22 11:00:00,1,0.0,1,0,230,1,1,4.0
94293,2019-11-05,16,100000000.0,135.99.XX.XX (CT),5f38970774e774d6,2019-11-05 16:00:00,839308,72.248.XX.XX (CT),2019-11-05 16:00:00,1,0.0,1,0,126,1,1,4.0
408246,2019-10-31,15,42450000.0,68.30.XX.XX (HN),41571022335f8418,2019-10-31 15:00:00,1115739,250.54.XX.XX (HN),2019-10-31 15:00:00,1,0.0,1,0,13,1,1,4.0
22702,2019-09-17,9,266089000.0,150.214.XX.XX (HN),a6a7b107a67d30f5,2019-09-17 09:00:00,737329,236.8.XX.XX (HN),2019-09-17 09:00:00,1,0.0,1,0,22,1,1,4.0
301479,2019-12-23,12,66000000.0,235.129.XX.XX (DN),4f40d062f82ebf4e,2019-12-23 12:00:00,966863,25.119.XX.XX (DN),2019-12-23 12:00:00,1,0.0,1,0,105,1,1,4.0
221977,2019-10-29,14,40000000.0,144.250.XX.XX (HN),5cdd93cd94f81b1f,2019-10-29 14:00:00,117833,178.148.XX.XX (HN),2019-10-29 14:00:00,1,0.0,1,0,70,1,1,4.0
485064,2019-07-30,23,152000000.0,137.223.XX.XX (DN),62013d02ad192285,2019-07-30 23:00:00,658733,168.113.XX.XX (DN),2019-07-30 23:00:00,1,0.0,1,0,37,1,1,4.0
152081,2019-11-07,9,47000000.0,81.66.XX.XX (HCM),709381adaf8d5e32,2019-11-07 09:00:00,667637,221.101.XX.XX (HCM),2019-11-07 09:00:00,1,0.0,1,0,48,1,1,4.0
22702,2019-10-18,15,254230000.0,202.36.XX.XX (HN),a6a7b107a67d30f5,2019-10-18 15:00:00,737377,16.221.XX.XX (HN),2019-10-18 15:00:00,1,0.0,1,0,39,1,1,4.0
173665,2019-12-11,15,66000000.0,145.161.XX.XX (CT),46d29ae2d6cb52ec,2019-12-11 15:00:00,1309764,131.243.XX.XX (CT),2019-12-11 15:00:00,1,0.0,1,0,8,1,1,4.0
453109,2019-11-23,11,50300000.0,102.227.XX.XX (HN),6bfd5e2a83c52358,2019-11-23 11:00:00,952497,114.35.XX.XX (HN),2019-11-23 11:00:00,1,0.0,1,0,291,1,1,4.0
62461,2019-11-08,20,146000000.0,241.108.XX.XX (HCM),e0b101f34343be94,2019-11-08 20:00:00,905072,65.252.XX.XX (HCM),2019-11-08 20:00:00,1,0.0,1,0,908,1,1,4.0
190167,2019-12-16,8,67803600.0,199.225.XX.XX (HN),fb95128a08fa6318,2019-12-16 08:00:00,892629,215.35.XX.XX (HN),2019-12-16 08:00:00,1,0.0,1,0,179,1,1,4.0
22702,2019-11-18,8,743992000.0,15.226.XX.XX (HN),a6a7b107a67d30f5,2019-11-18 08:00:00,737356,100.14.XX.XX (HCM),2019-11-18 08:00:00,1,0.0,1,0,59,1,1,4.0
146404,2019-12-19,16,128700000.0,152.71.XX.XX (HCM),4e5d139a90d365bd,2019-12-19 16:00:00,62709,182.226.XX.XX (HCM),2019-12-19 16:00:00,1,0.0,1,0,183,1,1,4.0
393920,2019-08-17,17,140000000.0,95.15.XX.XX (HN),a77e3d3fd2fb216e,2019-08-17 17:00:00,76862,168.64.XX.XX (HN),2019-08-17 17:00:00,1,0.0,1,0,308,1,1,4.0
116830,2019-08-25,11,38000000.0,149.15.XX.XX (CT),b2a0dda76fd50c97,2019-08-25 11:00:00,592830,36.47.XX.XX (CT),2019-08-25 11:00:00,1,0.0,1,0,64,1,1,4.0
146404,2019-12-25,10,197050000.0,21.103.XX.XX (HCM),4e5d139a90d365bd,2019-12-25 10:00:00,62805,246.187.XX.XX (HCM),2019-12-25 10:00:00,1,0.0,1,0,188,1,1,4.0
301484,2019-07-01,17,70000000.0,207.149.XX.XX (CT),0d0d173c6d7a4bd3,2019-07-01 17:00:00,908280,86.52.XX.XX (CT),2019-07-01 17:00:00,1,0.0,1,0,11,1,1,4.0
7012,2019-08-30,17,63834110.0,128.219.XX.XX (BD),8b997d5c82a0b396,2019-08-30 17:00:00,769903,174.201.XX.XX (BD),2019-08-30 17:00:00,1,0.0,1,0,117,1,1,4.0
194029,2019-12-03,10,50000000.0,230.154.XX.XX (HN),84b7e3eb3126b38a,2019-12-03 10:00:00,75158,39.210.XX.XX (HN),2019-12-03 10:00:00,1,0.0,1,0,242,1,1,4.0
146404,2019-12-30,11,260000000.0,219.146.XX.XX (HCM),4e5d139a90d365bd,2019-12-30 11:00:00,62806,55.162.XX.XX (HCM),2019-12-30 11:00:00,1,0.0,1,0,192,1,1,4.0
449930,2019-04-04,9,73000000.0,227.54.XX.XX (CT),e484a90d4853c895,2019-04-04 09:00:00,54994,246.36.XX.XX (CT),2019-04-04 09:00:00,1,0.0,1,0,46,1,1,4.0
217195,2019-06-29,19,382000000.0,72.47.XX.XX (HN),42693a7f785f940f,2019-06-29 19:00:00,609844,232.247.XX.XX (HN),2019-06-29 19:00:00,1,0.0,1,0,6,1,1,4.0
338288,2019-10-01,9,46000000.0,161.179.XX.XX (HN),a91cbb4c312b9211,2019-10-01 09:00:00,1129702,220.3.XX.XX (HN),2019-10-01 09:00:00,1,0.0,1,0,14,1,1,4.0
221977,2019-11-23,11,116860000.0,21.241.XX.XX (HN),5cdd93cd94f81b1f,2019-11-23 11:00:00,117834,138.1.XX.XX (HN),2019-11-23 11:00:00,1,0.0,1,0,79,1,1,4.0
168198,2019-11-19,10,70000000.0,80.194.XX.XX (HN),9e0992222eb3bd8d,2019-11-19 10:00:00,879850,125.190.XX.XX (HN),2019-11-19 10:00:00,1,0.0,1,0,59,1,1,4.0
185379,2019-11-02,11,152000000.0,83.206.XX.XX (HN),7d1c2cb7ff3c0e8f,2019-11-02 11:00:00,445863,66.202.XX.XX (HN),2019-11-02 11:00:00,1,0.0,1,0,130,1,1,4.0
443359,2019-12-27,12,143400000.0,148.169.XX.XX (CT),6218f1df43f4bb8b,2019-12-27 12:00:00,1275712,161.160.XX.XX (CT),2019-12-27 12:00:00,1,0.0,1,0,52,1,1,4.0
87911,2019-12-30,15,49032227.0,188.153.XX.XX (NA),cdea68a3e2bc5c6a,2019-12-30 15:00:00,1219623,67.136.XX.XX (NA),2019-12-30 15:00:00,1,0.0,1,0,221,1,1,4.0
47167,2019-12-27,16,42524900.0,62.227.XX.XX (HN),483fbdd5432fae93,2019-12-27 16:00:00,304713,60.116.XX.XX (HN),2019-12-27 16:00:00,1,0.0,1,0,63,1,1,4.0
112162,2019-11-08,12,86700000.0,82.174.XX.XX (HP),855d36e3b07849c6,2019-11-08 12:00:00,243392,146.78.XX.XX (HP),2019-11-08 12:00:00,1,0.0,1,0,55,1,1,4.0
453109,2019-12-24,13,100000000.0,156.234.XX.XX (HN),6bfd5e2a83c52358,2019-12-24 13:00:00,952553,189.44.XX.XX (HN),2019-12-24 13:00:00,1,0.0,1,0,397,1,1,4.0
194029,2019-12-13,12,100000000.0,253.73.XX.XX (HN),84b7e3eb3126b38a,2019-12-13 12:00:00,75179,97.98.XX.XX (HN),2019-12-13 12:00:00,1,0.0,1,0,254,1,1,4.0
462939,2019-11-15,11,100000000.0,125.205.XX.XX (TH),5a1763ace85491ac,2019-11-15 11:00:00,337360,53.183.XX.XX (TH),2019-11-15 11:00:00,1,0.0,1,0,115,1,1,4.0
375821,2019-09-03,18,38000000.0,244.183.XX.XX (HCM),4fb62e61ab373a7a,2019-09-03 18:00:00,535146,210.78.XX.XX (HCM),2019-09-03 18:00:00,1,0.0,1,0,34,1,1,4.0
112162,2019-12-20,15,183000000.0,176.132.XX.XX (HP),855d36e3b07849c6,2019-12-20 15:00:00,243376,52.245.XX.XX (HP),2019-12-20 15:00:00,1,0.0,1,0,67,1,1,4.0
185379,2019-11-25,15,63000000.0,34.153.XX.XX (HN),7d1c2cb7ff3c0e8f,2019-11-25 15:00:00,445867,135.8.XX.XX (HN),2019-11-25 15:00:00,1,0.0,1,0,164,1,1,4.0
267228,2019-12-12,22,80000000.0,52.120.XX.XX (HN),aae865e874ddf37b,2019-12-12 22:00:00,502100,189.134.XX.XX (HN),2019-12-12 22:00:00,1,0.0,1,0,172,1,1,4.0
282717,2019-07-05,15,40000000.0,51.145.XX.XX (HCM),63db0fc3836c615a,2019-07-05 15:00:00,288537,81.232.XX.XX (HCM),2019-07-05 15:00:00,1,0.0,1,0,64,1,1,4.0
453109,2019-10-22,15,50000000.0,133.25.XX.XX (HN),6bfd5e2a83c52358,2019-10-22 15:00:00,952487,13.141.XX.XX (HN),2019-10-22 15:00:00,1,0.0,1,0,185,1,1,4.0
146512,2019-09-04,12,88400000.0,52.78.XX.XX (HN),f716692b8873d3b7,2019-09-04 12:00:00,790607,242.205.XX.XX (HN),2019-09-04 12:00:00,1,0.0,1,0,27,1,1,4.0
194029,2019-12-23,9,56300000.0,142.49.XX.XX (HN),84b7e3eb3126b38a,2019-12-23 09:00:00,75219,114.157.XX.XX (HN),2019-12-23 09:00:00,1,0.0,1,0,261,1,1,4.0
70987,2019-12-30,10,50000000.0,221.131.XX.XX (HP),fda1847c18f744dd,2019-12-30 10:00:00,395449,185.106.XX.XX (TH),2019-12-30 10:00:00,1,0.0,1,0,79,1,1,4.0
453109,2019-11-26,6,50000000.0,95.92.XX.XX (HN),6bfd5e2a83c52358,2019-11-26 06:00:00,952542,213.123.XX.XX (HN),2019-11-26 06:00:00,1,0.0,1,0,298,1,1,4.0
263504,2019-07-15,23,54000000.0,82.173.XX.XX (DN),e63d1f181c1cd6ee,2019-07-15 23:00:00,1016503,221.55.XX.XX (DN),2019-07-15 23:00:00,1,0.0,1,0,6,1,1,4.0
202254,2019-12-12,10,100000000.0,139.253.XX.XX (NA),3ae98fbc79f883b2,2019-12-12 10:00:00,222422,13.118.XX.XX (NA),2019-12-12 10:00:00,1,0.0,1,0,527,1,1,4.0
369068,2019-09-14,11,59000000.0,14.33.XX.XX (HN),b53c2dfec26f0cab,2019-09-14 11:00:00,1393570,171.236.XX.XX (HN),2019-09-14 11:00:00,1,0.0,1,0,1,1,1,4.0
56560,2019-10-23,7,60000000.0,251.131.XX.XX (HN),f2ec5dc04f888e7b,2019-10-23 07:00:00,997321,239.167.XX.XX (HN),2019-10-23 07:00:00,1,0.0,1,0,11,1,1,4.0
94444,2019-10-21,10,67014442.0,223.63.XX.XX (HCM),d5aed9a952b5b052,2019-10-21 10:00:00,1047189,72.205.XX.XX (HCM),2019-10-21 10:00:00,1,0.0,1,0,23,1,1,4.0
56560,2019-12-26,7,100000000.0,160.229.XX.XX (HN),f2ec5dc04f888e7b,2019-12-26 07:00:00,997319,184.1.XX.XX (HN),2019-12-26 07:00:00,1,0.0,1,0,20,1,1,4.0
453109,2019-10-23,13,50958000.0,118.45.XX.XX (HN),6bfd5e2a83c52358,2019-10-23 13:00:00,952533,174.233.XX.XX (BD),2019-10-23 13:00:00,1,0.0,1,0,189,1,1,4.0
356856,2019-11-11,19,169768000.0,181.107.XX.XX (HN),2b4121594ae651ec,2019-11-11 19:00:00,970732,41.144.XX.XX (HN),2019-11-11 19:00:00,1,0.0,1,0,251,1,1,4.0
217195,2019-07-16,17,100000000.0,19.205.XX.XX (HN),42693a7f785f940f,2019-07-16 17:00:00,609814,2.135.XX.XX (HN),2019-07-16 17:00:00,1,0.0,1,0,27,1,1,4.0
499036,2019-10-10,16,49000000.0,50.126.XX.XX (HCM),466eb11e214b319c,2019-10-10 16:00:00,1041398,130.52.XX.XX (HCM),2019-10-10 16:00:00,1,0.0,1,0,11,1,1,4.0
411687,2019-11-13,8,78400000.0,216.171.XX.XX (DN),5705fc5a7497f04a,2019-11-13 08:00:00,506740,199.129.XX.XX (DN),2019-11-13 08:00:00,1,0.0,1,0,148,1,1,4.0
190411,2019-07-27,10,80000000.0,185.231.XX.XX (HCM),1665824175f6f210,2019-07-27 10:00:00,261862,252.148.XX.XX (HCM),2019-07-27 10:00:00,1,0.0,1,0,50,1,1,4.0
80939,2019-10-18,18,90000000.0,237.187.XX.XX (HN),a9f4a133fd3eea6b,2019-10-18 18:00:00,495667,89.64.XX.XX (HN),2019-10-18 18:00:00,1,0.0,1,0,189,1,1,4.0
56568,2019-11-07,14,200000000.0,92.22.XX.XX (HN),3b42f88d4386f720,2019-11-07 14:00:00,1089384,21.199.XX.XX (HN),2019-11-07 14:00:00,1,0.0,1,0,14,1,1,4.0
438964,2019-01-18,11,40000000.0,31.194.XX.XX (BD),7dabb3ea4b97c687,2019-01-18 11:00:00,34964,236.245.XX.XX (BD),2019-01-18 11:00:00,1,0.0,1,0,1,1,1,4.0
475658,2019-10-15,8,50455779.0,135.199.XX.XX (HCM),7e5243ee73042c7b,2019-10-15 08:00:00,1353859,96.116.XX.XX (HCM),2019-10-15 08:00:00,1,0.0,1,0,5,1,1,4.0
62461,2019-12-08,19,53200000.0,115.177.XX.XX (HCM),e0b101f34343be94,2019-12-08 19:00:00,905806,229.75.XX.XX (HCM),2019-12-08 19:00:00,1,0.0,1,0,1195,1,1,4.0
445603,2019-07-19,9,110000000.0,118.115.XX.XX (TH),963e41dddd86abff,2019-07-19 09:00:00,242872,233.86.XX.XX (TH),2019-07-19 09:00:00,1,0.0,1,0,70,1,1,4.0
377044,2019-11-06,10,100000000.0,43.171.XX.XX (HN),a4d78143534c7022,2019-11-06 10:00:00,1190224,252.140.XX.XX (HN),2019-11-06 10:00:00,1,0.0,1,0,11,1,1,4.0
23438,2019-09-25,15,50703223.0,151.65.XX.XX (HN),7f3278fa19d8281b,2019-09-25 15:00:00,1225626,83.209.XX.XX (HN),2019-09-25 15:00:00,1,0.0,1,0,2,1,1,4.0
453109,2019-09-20,9,50000000.0,36.224.XX.XX (HN),6bfd5e2a83c52358,2019-09-20 09:00:00,952564,137.171.XX.XX (HN),2019-09-20 09:00:00,1,0.0,1,0,50,1,1,4.0
348242,2019-08-14,20,43490400.0,181.80.XX.XX (BD),5afac37c18190bfb,2019-08-14 20:00:00,806322,136.173.XX.XX (BD),2019-08-14 20:00:00,1,0.0,1,0,36,1,1,4.0
13886,2019-12-03,11,50000000.0,81.187.XX.XX (HN),871e66e0f299dac8,2019-12-03 11:00:00,718196,234.121.XX.XX (HN),2019-12-03 11:00:00,1,0.0,1,0,23,1,1,4.0
416482,2019-11-04,9,150000000.0,50.184.XX.XX (HN),ba45780349ddc471,2019-11-04 09:00:00,773901,24.37.XX.XX (HN),2019-11-04 09:00:00,1,0.0,1,0,43,1,1,4.0
179795,2019-03-07,18,48000000.0,57.137.XX.XX (HCM),d9b0247da5a5ed32,2019-03-07 18:00:00,153536,245.156.XX.XX (HCM),2019-03-07 18:00:00,1,0.0,1,0,1,1,1,4.0
132710,2019-04-24,9,392000000.0,31.46.XX.XX (DN),d3bfd711db3fec99,2019-04-24 09:00:00,32015,239.208.XX.XX (DN),2019-04-24 09:00:00,1,0.0,1,0,26,1,1,4.0
263737,2019-10-16,17,50000000.0,5.218.XX.XX (HN),d1b079dd5e82122e,2019-10-16 17:00:00,270641,47.2.XX.XX (HN),2019-10-16 17:00:00,1,0.0,1,0,67,1,1,4.0
295837,2019-10-17,12,100000000.0,53.161.XX.XX (DN),da6053e965fe7381,2019-10-17 12:00:00,634697,148.206.XX.XX (DN),2019-10-17 12:00:00,1,0.0,1,0,73,1,1,4.0
99912,2019-11-03,11,102200000.0,106.90.XX.XX (HN),bb58c05c2bc07ecf,2019-11-03 11:00:00,1164796,108.85.XX.XX (HN),2019-11-03 11:00:00,1,0.0,1,0,10,1,1,4.0
80939,2019-11-04,15,64000000.0,62.241.XX.XX (HN),a9f4a133fd3eea6b,2019-11-04 15:00:00,495901,190.6.XX.XX (HN),2019-11-04 15:00:00,1,0.0,1,0,223,1,1,4.0
80939,2019-11-07,8,46000000.0,141.152.XX.XX (HN),a9f4a133fd3eea6b,2019-11-07 08:00:00,495720,181.71.XX.XX (HN),2019-11-07 08:00:00,1,0.0,1,0,226,1,1,4.0
80939,2019-11-07,11,50000000.0,110.184.XX.XX (HN),a9f4a133fd3eea6b,2019-11-07 11:00:00,495793,101.227.XX.XX (HN),2019-11-07 11:00:00,1,0.0,1,0,228,1,1,4.0
99912,2019-11-03,11,51000000.0,186.147.XX.XX (HN),bb58c05c2bc07ecf,2019-11-03 11:00:00,1164815,106.90.XX.XX (HN),2019-11-03 11:00:00,1,0.0,1,0,11,1,1,4.0
217195,2019-08-02,10,500000000.0,218.137.XX.XX (HN),42693a7f785f940f,2019-08-02 10:00:00,609852,205.136.XX.XX (HN),2019-08-02 10:00:00,1,0.0,1,0,51,1,1,4.0
453109,2019-11-28,15,300000000.0,9.242.XX.XX (HN),6bfd5e2a83c52358,2019-11-28 15:00:00,952543,2.235.XX.XX (HN),2019-11-28 15:00:00,1,0.0,1,0,305,1,1,4.0
482923,2019-12-09,10,50000000.0,234.72.XX.XX (HCM),da96ada00e52e3d8,2019-12-09 10:00:00,132020,76.236.XX.XX (HCM),2019-12-09 10:00:00,1,0.0,1,0,105,1,1,4.0
360572,2019-12-04,11,64350000.0,136.169.XX.XX (HCM),4a80591de460ae4c,2019-12-04 11:00:00,1385607,93.193.XX.XX (HCM),2019-12-04 11:00:00,1,0.0,1,0,1,1,1,4.0
7012,2019-10-04,15,116670604.0,47.164.XX.XX (BD),8b997d5c82a0b396,2019-10-04 15:00:00,769988,89.109.XX.XX (BD),2019-10-04 15:00:00,1,0.0,1,0,221,1,1,4.0
440591,2019-11-08,15,106000000.0,100.214.XX.XX (CT),ff2262f16fba4b5f,2019-11-08 15:00:00,1156190,137.70.XX.XX (CT),2019-11-08 15:00:00,1,0.0,1,0,3,1,1,4.0
199522,2019-09-23,15,57000000.0,199.183.XX.XX (CT),d82e58d2fd532118,2019-09-23 15:00:00,677833,44.49.XX.XX (CT),2019-09-23 15:00:00,1,0.0,1,0,139,1,1,4.0
458055,2019-10-04,11,117500000.0,157.96.XX.XX (HN),922df0b825679152,2019-10-04 11:00:00,1067247,171.165.XX.XX (HN),2019-10-04 11:00:00,1,0.0,1,0,3,1,1,4.0
442042,2019-05-31,15,104000000.0,166.78.XX.XX (DN),c2e78be9d8eb41ae,2019-05-31 15:00:00,387198,240.243.XX.XX (DN),2019-05-31 15:00:00,1,0.0,1,0,11,1,1,4.0
282717,2019-08-08,14,120000000.0,165.209.XX.XX (HCM),63db0fc3836c615a,2019-08-08 14:00:00,288437,46.196.XX.XX (HCM),2019-08-08 14:00:00,1,0.0,1,0,109,1,1,4.0
453109,2019-10-26,8,50000000.0,179.173.XX.XX (HN),6bfd5e2a83c52358,2019-10-26 08:00:00,952629,97.25.XX.XX (HN),2019-10-26 08:00:00,1,0.0,1,0,195,1,1,4.0
377044,2019-11-20,8,53000000.0,190.3.XX.XX (HN),a4d78143534c7022,2019-11-20 08:00:00,1190234,124.76.XX.XX (HN),2019-11-20 08:00:00,1,0.0,1,0,30,1,1,4.0
279642,2019-09-04,14,91998720.0,237.123.XX.XX (BD),d2af0ec6f583d482,2019-09-04 14:00:00,756660,26.59.XX.XX (HP),2019-09-04 14:00:00,1,0.0,1,0,23,1,1,4.0
295837,2019-12-02,12,164646000.0,127.119.XX.XX (DN),da6053e965fe7381,2019-12-02 12:00:00,634662,114.123.XX.XX (DN),2019-12-02 12:00:00,1,0.0,1,0,90,1,1,4.0
152914,2019-11-13,15,41000000.0,80.120.XX.XX (HCM),b99c4e46fc548fd9,2019-11-13 15:00:00,1049334,96.236.XX.XX (HCM),2019-11-13 15:00:00,1,0.0,1,0,34,1,1,4.0
168625,2019-12-05,17,61900000.0,159.3.XX.XX (HN),09caa382a7322b53,2019-12-05 17:00:00,336788,95.169.XX.XX (HN),2019-12-05 17:00:00,1,0.0,1,0,242,1,1,4.0
382835,2019-09-16,15,169700000.0,251.28.XX.XX (HN),aacc9a1145e6de57,2019-09-16 15:00:00,950201,202.118.XX.XX (HN),2019-09-16 15:00:00,1,0.0,1,0,8,1,1,4.0
453109,2019-09-21,18,50000000.0,47.154.XX.XX (HN),6bfd5e2a83c52358,2019-09-21 18:00:00,952474,223.190.XX.XX (HN),2019-09-21 18:00:00,1,0.0,1,0,56,1,1,4.0
56920,2019-06-04,17,51608676.0,215.174.XX.XX (HCM),1b08fe84fab97fa6,2019-06-04 17:00:00,256044,103.139.XX.XX (HCM),2019-06-04 17:00:00,1,0.0,1,0,57,1,1,4.0
394569,2019-06-29,9,300000000.0,2.170.XX.XX (TH),a33809d222fafcf2,2019-06-29 09:00:00,696238,240.51.XX.XX (TH),2019-06-29 09:00:00,1,0.0,1,0,1,1,1,4.0
282717,2019-08-14,15,60000000.0,31.142.XX.XX (HCM),63db0fc3836c615a,2019-08-14 15:00:00,288544,76.110.XX.XX (HCM),2019-08-14 15:00:00,1,0.0,1,0,119,1,1,4.0
453109,2019-11-29,7,100000000.0,180.149.XX.XX (HN),6bfd5e2a83c52358,2019-11-29 07:00:00,952351,153.230.XX.XX (HN),2019-11-29 07:00:00,1,0.0,1,0,308,1,1,4.0
356856,2019-11-26,15,47000000.0,48.251.XX.XX (HN),2b4121594ae651ec,2019-11-26 15:00:00,970885,186.4.XX.XX (HN),2019-11-26 15:00:00,1,0.0,1,0,364,1,1,4.0
235067,2019-12-31,9,127000000.0,113.136.XX.XX (HN),d6dba370559e17a3,2019-12-31 09:00:00,1338284,99.212.XX.XX (HN),2019-12-31 09:00:00,1,0.0,1,0,6,1,1,4.0
453109,2019-12-27,11,50000000.0,149.23.XX.XX (HN),6bfd5e2a83c52358,2019-12-27 11:00:00,952367,239.154.XX.XX (HN),2019-12-27 11:00:00,1,0.0,1,0,404,1,1,4.0
320171,2019-09-22,21,300000000.0,23.1.XX.XX (HN),444ba2cbc9746e8e,2019-09-22 21:00:00,571980,44.210.XX.XX (HN),2019-09-22 21:00:00,1,0.0,1,0,55,1,1,4.0
229460,2019-12-11,14,197881000.0,111.95.XX.XX (HN),d781ec52c38ef2a2,2019-12-11 14:00:00,856958,170.212.XX.XX (HN),2019-12-11 14:00:00,1,0.0,1,0,165,1,1,4.0
453109,2019-10-28,17,200000000.0,212.41.XX.XX (HN),6bfd5e2a83c52358,2019-10-28 17:00:00,952434,68.160.XX.XX (HN),2019-10-28 17:00:00,1,0.0,1,0,200,1,1,4.0
483238,2019-11-15,20,51000000.0,211.168.XX.XX (DN),10979605ec1c2328,2019-11-15 20:00:00,425105,199.42.XX.XX (DN),2019-11-15 20:00:00,1,0.0,1,0,282,1,1,4.0
993,2019-09-10,14,40000000.0,251.71.XX.XX (HCM),f8568e1ffe14b89f,2019-09-10 14:00:00,639393,176.25.XX.XX (HCM),2019-09-10 14:00:00,1,0.0,1,0,14,1,1,4.0
199522,2019-11-10,15,72800000.0,70.181.XX.XX (CT),d82e58d2fd532118,2019-11-10 15:00:00,677854,152.196.XX.XX (CT),2019-11-10 15:00:00,1,0.0,1,0,299,1,1,4.0
229460,2019-12-13,14,60000000.0,208.101.XX.XX (HN),d781ec52c38ef2a2,2019-12-13 14:00:00,856997,55.226.XX.XX (HN),2019-12-13 14:00:00,1,0.0,1,0,168,1,1,4.0
222411,2019-09-19,12,81500000.0,41.64.XX.XX (NA),9ab50d9a463c0d5a,2019-09-19 12:00:00,504262,228.35.XX.XX (NA),2019-09-19 12:00:00,1,0.0,1,0,77,1,1,4.0
453109,2019-11-30,16,50000000.0,175.156.XX.XX (HN),6bfd5e2a83c52358,2019-11-30 16:00:00,952291,26.87.XX.XX (HN),2019-11-30 16:00:00,1,0.0,1,0,311,1,1,4.0
335929,2019-07-12,9,38600000.0,53.19.XX.XX (HCM),9a10834d1a219d1e,2019-07-12 09:00:00,344498,123.126.XX.XX (HCM),2019-07-12 09:00:00,1,0.0,1,0,82,1,1,4.0
40670,2019-12-17,11,100000000.0,185.143.XX.XX (HN),e09772d78ba6f576,2019-12-17 11:00:00,949724,56.118.XX.XX (HN),2019-12-17 11:00:00,1,0.0,1,0,135,1,1,4.0
199522,2019-11-27,16,63308000.0,210.58.XX.XX (CT),d82e58d2fd532118,2019-11-27 16:00:00,677729,89.232.XX.XX (TH),2019-11-27 16:00:00,1,0.0,1,0,368,1,1,4.0
453109,2019-09-23,18,100000000.0,202.225.XX.XX (HN),6bfd5e2a83c52358,2019-09-23 18:00:00,952618,22.154.XX.XX (HN),2019-09-23 18:00:00,1,0.0,1,0,64,1,1,4.0
282717,2019-08-22,15,50000000.0,77.246.XX.XX (HCM),63db0fc3836c615a,2019-08-22 15:00:00,288441,77.68.XX.XX (HCM),2019-08-22 15:00:00,1,0.0,1,0,131,1,1,4.0
229460,2019-12-18,14,268880000.0,246.139.XX.XX (HN),d781ec52c38ef2a2,2019-12-18 14:00:00,856998,3.70.XX.XX (HN),2019-12-18 14:00:00,1,0.0,1,0,177,1,1,4.0
288557,2019-11-06,16,95000000.0,189.158.XX.XX (HN),4faa0c967a6d9073,2019-11-06 16:00:00,664551,41.108.XX.XX (HN),2019-11-06 16:00:00,1,0.0,1,0,92,1,1,4.0
112930,2019-10-29,0,50000000.0,245.222.XX.XX (HP),f79f7fb8a853cdbf,2019-10-29 00:00:00,1411589,123.141.XX.XX (HP),2019-10-29 00:00:00,1,0.0,1,0,1,1,1,4.0
62730,2019-08-15,11,50000000.0,87.49.XX.XX (HN),f5fb362d5563e9fc,2019-08-15 11:00:00,1048573,197.146.XX.XX (HN),2019-08-15 11:00:00,1,0.0,1,0,1,1,1,4.0
282717,2019-08-26,12,40000000.0,103.236.XX.XX (HCM),63db0fc3836c615a,2019-08-26 12:00:00,288546,95.72.XX.XX (HCM),2019-08-26 12:00:00,1,0.0,1,0,136,1,1,4.0
62730,2019-08-21,17,400000000.0,101.235.XX.XX (HN),f5fb362d5563e9fc,2019-08-21 17:00:00,1048591,42.182.XX.XX (HN),2019-08-21 17:00:00,1,0.0,1,0,3,1,1,4.0
318677,2019-09-09,11,70000000.0,227.145.XX.XX (HN),3f1c1ac5d512f099,2019-09-09 11:00:00,744577,249.119.XX.XX (HN),2019-09-09 11:00:00,1,0.0,1,0,52,1,1,4.0
138931,2019-10-23,16,54987500.0,39.9.XX.XX (HN),f5662e9d9214e21d,2019-10-23 16:00:00,160355,144.225.XX.XX (HN),2019-10-23 16:00:00,1,0.0,1,0,139,1,1,4.0
138931,2019-11-13,23,71525000.0,101.71.XX.XX (HN),f5662e9d9214e21d,2019-11-13 23:00:00,160379,94.27.XX.XX (HN),2019-11-13 23:00:00,1,0.0,1,0,152,1,1,4.0
14501,2019-11-07,5,152274000.0,153.114.XX.XX (HN),c7c6e41f069ee38e,2019-11-07 05:00:00,1194859,105.161.XX.XX (HN),2019-11-07 05:00:00,1,0.0,1,0,30,1,1,4.0
229460,2019-12-21,14,290275000.0,170.34.XX.XX (HN),d781ec52c38ef2a2,2019-12-21 14:00:00,856941,236.105.XX.XX (HN),2019-12-21 14:00:00,1,0.0,1,0,182,1,1,4.0
174208,2019-08-30,11,57000000.0,200.15.XX.XX (HN),6e0fe50e689ab62b,2019-08-30 11:00:00,620164,184.226.XX.XX (HN),2019-08-30 11:00:00,1,0.0,1,0,48,1,1,4.0
375994,2019-05-17,7,200000000.0,28.106.XX.XX (HP),41dcaa1452750b34,2019-05-17 07:00:00,87980,78.27.XX.XX (HP),2019-05-17 07:00:00,1,0.0,1,0,35,1,1,4.0
152931,2019-09-05,16,50000000.0,91.169.XX.XX (HP),d4ad5a775aa7cf3a,2019-09-05 16:00:00,190219,213.221.XX.XX (HP),2019-09-05 16:00:00,1,0.0,1,0,238,1,1,4.0
348242,2019-08-28,17,160248880.0,249.5.XX.XX (BD),5afac37c18190bfb,2019-08-28 17:00:00,806398,163.3.XX.XX (BD),2019-08-28 17:00:00,1,0.0,1,0,88,1,1,4.0
455507,2019-10-25,16,200000000.0,226.205.XX.XX (NA),2832b2166fd35e9b,2019-10-25 16:00:00,794561,205.95.XX.XX (DN),2019-10-25 16:00:00,1,0.0,1,0,65,1,1,4.0
1101,2019-11-11,14,131000000.0,45.219.XX.XX (DN),3a458bf525f86822,2019-11-11 14:00:00,206992,254.126.XX.XX (DN),2019-11-11 14:00:00,1,0.0,1,0,123,1,1,4.0
309269,2019-10-24,11,50000000.0,129.164.XX.XX (NA),f551af99f19206bd,2019-10-24 11:00:00,1146143,246.170.XX.XX (NA),2019-10-24 11:00:00,1,0.0,1,0,4,1,1,4.0
453109,2019-12-28,10,214000000.0,53.26.XX.XX (HN),6bfd5e2a83c52358,2019-12-28 10:00:00,952369,123.26.XX.XX (HN),2019-12-28 10:00:00,1,0.0,1,0,408,1,1,4.0
14501,2019-11-12,20,50000000.0,69.1.XX.XX (HN),c7c6e41f069ee38e,2019-11-12 20:00:00,1194708,152.223.XX.XX (HN),2019-11-12 20:00:00,1,0.0,1,0,41,1,1,4.0
296038,2019-11-27,15,100000000.0,182.171.XX.XX (HN),f94577ea8e42d8bd,2019-11-27 15:00:00,118108,53.17.XX.XX (HN),2019-11-27 15:00:00,1,0.0,1,0,132,1,1,4.0
152931,2019-10-06,23,41000000.0,25.69.XX.XX (HP),d4ad5a775aa7cf3a,2019-10-06 23:00:00,190326,222.112.XX.XX (HP),2019-10-06 23:00:00,1,0.0,1,0,275,1,1,4.0
202833,2019-12-24,13,50000000.0,179.112.XX.XX (CT),4f2488177ac7873a,2019-12-24 13:00:00,777376,75.147.XX.XX (NA),2019-12-24 13:00:00,1,0.0,1,0,32,1,1,4.0
229460,2019-12-26,14,456796408.0,54.124.XX.XX (HN),d781ec52c38ef2a2,2019-12-26 14:00:00,856963,67.68.XX.XX (HN),2019-12-26 14:00:00,1,0.0,1,0,189,1,1,4.0
202844,2019-03-14,10,90000000.0,79.150.XX.XX (HCM),7a8116b905c56e21,2019-03-14 10:00:00,4382,9.151.XX.XX (HCM),2019-03-14 10:00:00,1,0.0,1,0,9,1,1,4.0
255757,2019-12-24,14,81600000.0,250.164.XX.XX (BD),2acdb89fd121c7c6,2019-12-24 14:00:00,336502,169.206.XX.XX (HCM),2019-12-24 14:00:00,1,0.0,1,0,219,1,1,4.0
444963,2019-11-19,15,48400000.0,47.92.XX.XX (DN),dd53b02460d09269,2019-11-19 15:00:00,549475,204.214.XX.XX (DN),2019-11-19 15:00:00,1,0.0,1,0,67,1,1,4.0
41085,2019-08-13,7,50000000.0,134.215.XX.XX (HCM),8f9d0bc5c4f29bd7,2019-08-13 07:00:00,795638,254.18.XX.XX (HCM),2019-08-13 07:00:00,1,0.0,1,0,17,1,1,4.0
316793,2019-07-15,9,97200000.0,113.104.XX.XX (HP),55deb1140477e760,2019-07-15 09:00:00,691133,82.120.XX.XX (HP),2019-07-15 09:00:00,1,0.0,1,0,1,1,1,4.0
442042,2019-07-26,18,200000000.0,126.214.XX.XX (DN),c2e78be9d8eb41ae,2019-07-26 18:00:00,387087,88.128.XX.XX (DN),2019-07-26 18:00:00,1,0.0,1,0,84,1,1,4.0
146928,2019-09-28,16,100300000.0,143.150.XX.XX (HP),adb80d1bb654efd2,2019-09-28 16:00:00,884731,178.40.XX.XX (HP),2019-09-28 16:00:00,1,0.0,1,0,22,1,1,4.0
339454,2019-08-09,16,45570000.0,137.83.XX.XX (HCM),9a781ca010fae60d,2019-08-09 16:00:00,759855,56.6.XX.XX (HCM),2019-08-09 16:00:00,1,0.0,1,0,12,1,1,4.0
236688,2019-11-13,16,55250000.0,183.250.XX.XX (DN),751a43e1a1d61810,2019-11-13 16:00:00,1093706,245.98.XX.XX (DN),2019-11-13 16:00:00,1,0.0,1,0,12,1,1,4.0
157905,2019-08-19,15,200000000.0,51.234.XX.XX (DN),d744e3c633218c0c,2019-08-19 15:00:00,834406,174.184.XX.XX (DN),2019-08-19 15:00:00,1,0.0,1,0,12,1,1,4.0
268408,2019-10-28,15,50000000.0,119.94.XX.XX (HP),86c26e295c31d4f9,2019-10-28 15:00:00,867213,211.97.XX.XX (HP),2019-10-28 15:00:00,1,0.0,1,0,11,1,1,4.0
288557,2019-11-22,16,50000000.0,146.139.XX.XX (HN),4faa0c967a6d9073,2019-11-22 16:00:00,664474,137.222.XX.XX (HN),2019-11-22 16:00:00,1,0.0,1,0,114,1,1,4.0
186564,2019-08-31,9,73280000.0,188.160.XX.XX (CT),1900b5d1c8fa286c,2019-08-31 09:00:00,826410,172.204.XX.XX (CT),2019-08-31 09:00:00,1,0.0,1,0,7,1,1,4.0
88775,2019-10-21,12,42500000.0,127.221.XX.XX (BD),977d29e17ff62071,2019-10-21 12:00:00,601251,153.215.XX.XX (BD),2019-10-21 12:00:00,1,0.0,1,0,45,1,1,4.0
157905,2019-08-27,10,58800000.0,45.220.XX.XX (DN),d744e3c633218c0c,2019-08-27 10:00:00,834453,132.125.XX.XX (DN),2019-08-27 10:00:00,1,0.0,1,0,23,1,1,4.0
453109,2019-12-02,11,146130000.0,226.224.XX.XX (HN),6bfd5e2a83c52358,2019-12-02 11:00:00,952649,221.135.XX.XX (HN),2019-12-02 11:00:00,1,0.0,1,0,315,1,1,4.0
157905,2019-09-04,15,100000000.0,25.176.XX.XX (DN),d744e3c633218c0c,2019-09-04 15:00:00,834410,225.100.XX.XX (DN),2019-09-04 15:00:00,1,0.0,1,0,33,1,1,4.0
449930,2019-05-27,14,40000000.0,244.227.XX.XX (CT),e484a90d4853c895,2019-05-27 14:00:00,55144,21.59.XX.XX (CT),2019-05-27 14:00:00,1,0.0,1,0,144,1,1,4.0
113327,2019-07-19,16,364000000.0,194.139.XX.XX (DN),b26cbe0cb7aae7ee,2019-07-19 16:00:00,623192,20.73.XX.XX (DN),2019-07-19 16:00:00,1,0.0,1,0,14,1,1,4.0
222411,2019-11-29,13,640000000.0,17.185.XX.XX (NA),9ab50d9a463c0d5a,2019-11-29 13:00:00,504242,14.210.XX.XX (NA),2019-11-29 13:00:00,1,0.0,1,0,162,1,1,4.0
444963,2019-12-06,9,40000000.0,136.218.XX.XX (DN),dd53b02460d09269,2019-12-06 09:00:00,549520,121.101.XX.XX (DN),2019-12-06 09:00:00,1,0.0,1,0,79,1,1,4.0
335929,2019-12-19,11,70000000.0,56.36.XX.XX (HCM),9a10834d1a219d1e,2019-12-19 11:00:00,344395,113.61.XX.XX (HCM),2019-12-19 11:00:00,1,0.0,1,0,288,1,1,4.0
477382,2019-04-03,6,42800000.0,4.216.XX.XX (HN),ca46768a73f0ec6f,2019-04-03 06:00:00,146163,93.72.XX.XX (HN),2019-04-03 06:00:00,1,0.0,1,0,3,1,1,4.0
263839,2019-10-05,16,46688100.0,51.233.XX.XX (HN),891e65538b2b6e64,2019-10-05 16:00:00,404076,38.103.XX.XX (HN),2019-10-05 16:00:00,1,0.0,1,0,69,1,1,4.0
332723,2019-06-28,7,52261050.0,138.101.XX.XX (HN),e4f30d73015ac171,2019-06-28 07:00:00,308120,44.88.XX.XX (HN),2019-06-28 07:00:00,1,0.0,1,0,115,1,1,4.0
369803,2019-09-30,10,40000000.0,126.81.XX.XX (HN),98715d295cc68869,2019-09-30 10:00:00,1138232,210.234.XX.XX (HN),2019-09-30 10:00:00,1,0.0,1,0,10,1,1,4.0
362739,2019-10-03,12,90000000.0,6.206.XX.XX (HCM),1f9e2aed66bacd30,2019-10-03 12:00:00,445057,86.203.XX.XX (HCM),2019-10-03 12:00:00,1,0.0,1,0,26,1,1,4.0
132710,2019-11-25,15,100000000.0,163.155.XX.XX (DN),d3bfd711db3fec99,2019-11-25 15:00:00,32004,254.157.XX.XX (DN),2019-11-25 15:00:00,1,0.0,1,0,190,1,1,4.0
129100,2019-10-28,22,95000000.0,91.164.XX.XX (HN),19ca023300526dae,2019-10-28 22:00:00,1163455,5.142.XX.XX (HN),2019-10-28 22:00:00,1,0.0,1,0,6,1,1,4.0
41582,2019-07-26,6,49600000.0,54.83.XX.XX (HN),aef107a6c093a058,2019-07-26 06:00:00,598981,31.233.XX.XX (HN),2019-07-26 06:00:00,1,0.0,1,0,23,1,1,4.0
311676,2019-08-24,20,40000000.0,101.108.XX.XX (HCM),a897b7705b929b13,2019-08-24 20:00:00,59621,104.237.XX.XX (HCM),2019-08-24 20:00:00,1,0.0,1,0,157,1,1,4.0
332723,2019-07-10,10,62150322.0,137.72.XX.XX (HN),e4f30d73015ac171,2019-07-10 10:00:00,308248,74.250.XX.XX (HN),2019-07-10 10:00:00,1,0.0,1,0,131,1,1,4.0
157905,2019-11-15,0,169540000.0,222.194.XX.XX (DN),d744e3c633218c0c,2019-11-15 00:00:00,834337,193.98.XX.XX (DN),2019-11-15 00:00:00,1,0.0,1,0,128,1,1,4.0
222411,2019-12-23,15,350000000.0,151.74.XX.XX (NA),9ab50d9a463c0d5a,2019-12-23 15:00:00,504277,85.75.XX.XX (NA),2019-12-23 15:00:00,1,0.0,1,0,192,1,1,4.0
174208,2019-11-29,14,100000000.0,45.128.XX.XX (HN),6e0fe50e689ab62b,2019-11-29 14:00:00,620098,182.234.XX.XX (HN),2019-11-29 14:00:00,1,0.0,1,0,93,1,1,4.0
7012,2019-11-16,21,41207000.0,210.194.XX.XX (BD),8b997d5c82a0b396,2019-11-16 21:00:00,769876,219.148.XX.XX (BD),2019-11-16 21:00:00,1,0.0,1,0,375,1,1,4.0
452616,2019-08-02,10,60000000.0,32.139.XX.XX (HCM),dc3a876aa0fb1f9f,2019-08-02 10:00:00,153027,201.94.XX.XX (HCM),2019-08-02 10:00:00,1,0.0,1,0,21,1,1,4.0
81831,2019-11-01,15,51300000.0,88.16.XX.XX (HN),5fe96ae9309fc491,2019-11-01 15:00:00,1133356,64.234.XX.XX (HN),2019-11-01 15:00:00,1,0.0,1,0,16,1,1,4.0
217876,2019-10-22,19,50000000.0,120.135.XX.XX (DN),1c65f085189d54d9,2019-10-22 19:00:00,633263,201.25.XX.XX (DN),2019-10-22 19:00:00,1,0.0,1,0,6,1,1,4.0
302148,2019-12-26,20,130000000.0,251.239.XX.XX (HCM),bef59b41bffe3a1b,2019-12-26 20:00:00,817627,105.125.XX.XX (HCM),2019-12-26 20:00:00,1,0.0,1,0,63,1,1,4.0
199739,2019-10-18,8,43890000.0,177.130.XX.XX (HN),a18694325505675b,2019-10-18 08:00:00,605389,111.95.XX.XX (HN),2019-10-18 08:00:00,1,0.0,1,0,101,1,1,4.0
81831,2019-11-14,14,64000000.0,182.201.XX.XX (HN),5fe96ae9309fc491,2019-11-14 14:00:00,1133390,62.41.XX.XX (HN),2019-11-14 14:00:00,1,0.0,1,0,23,1,1,4.0
329869,2019-09-05,17,100000000.0,66.189.XX.XX (HN),54a58cc0da90af5b,2019-09-05 17:00:00,168083,226.40.XX.XX (HN),2019-09-05 17:00:00,1,0.0,1,0,103,1,1,4.0
113387,2019-12-30,16,495500000.0,9.241.XX.XX (HN),d4e9ff04e7a38902,2019-12-30 16:00:00,1016443,54.230.XX.XX (HN),2019-12-30 16:00:00,1,0.0,1,0,20,1,1,4.0
446793,2019-08-26,12,40120000.0,241.104.XX.XX (HCM),3adee8aa037203ce,2019-08-26 12:00:00,402580,9.214.XX.XX (HCM),2019-08-26 12:00:00,1,0.0,1,0,33,1,1,4.0
152931,2019-12-24,10,223100000.0,139.96.XX.XX (HP),d4ad5a775aa7cf3a,2019-12-24 10:00:00,190509,30.130.XX.XX (HP),2019-12-24 10:00:00,1,0.0,1,0,424,1,1,4.0
236955,2019-11-29,15,88900000.0,222.195.XX.XX (HP),b5104a6fc7b96c93,2019-11-29 15:00:00,1206063,32.232.XX.XX (HP),2019-11-29 15:00:00,1,0.0,1,0,8,1,1,4.0
81831,2019-11-22,16,81000000.0,203.33.XX.XX (HN),5fe96ae9309fc491,2019-11-22 16:00:00,1133328,148.239.XX.XX (HN),2019-11-22 16:00:00,1,0.0,1,0,40,1,1,4.0
41670,2019-11-26,21,60000000.0,2.135.XX.XX (HP),c5ebe298246eb05e,2019-11-26 21:00:00,56369,72.48.XX.XX (HP),2019-11-26 21:00:00,1,0.0,1,0,106,1,1,4.0
320744,2019-10-04,9,44899000.0,121.83.XX.XX (DN),6c440dea927a3f9b,2019-10-04 09:00:00,1144072,221.151.XX.XX (DN),2019-10-04 09:00:00,1,0.0,1,0,1,1,1,4.0
453109,2019-10-30,18,50000000.0,210.48.XX.XX (HN),6bfd5e2a83c52358,2019-10-30 18:00:00,952491,205.234.XX.XX (HN),2019-10-30 18:00:00,1,0.0,1,0,208,1,1,4.0
58361,2019-04-02,15,94000000.0,64.21.XX.XX (HCM),f6d4cd44363b1692,2019-04-02 15:00:00,249476,136.54.XX.XX (HCM),2019-04-02 15:00:00,1,0.0,1,0,16,1,1,4.0
356856,2019-12-10,16,144908000.0,64.158.XX.XX (HN),2b4121594ae651ec,2019-12-10 16:00:00,970982,182.88.XX.XX (HN),2019-12-10 16:00:00,1,0.0,1,0,482,1,1,4.0
494376,2019-05-16,9,650000000.0,168.189.XX.XX (CT),5407cf2b1fbbb7c8,2019-05-16 09:00:00,355658,242.230.XX.XX (CT),2019-05-16 09:00:00,1,0.0,1,0,3,1,1,4.0
41670,2019-12-12,12,65000000.0,19.205.XX.XX (HP),c5ebe298246eb05e,2019-12-12 12:00:00,56426,199.76.XX.XX (HP),2019-12-12 12:00:00,1,0.0,1,0,122,1,1,4.0
455123,2019-12-05,9,76600000.0,176.116.XX.XX (DN),d92d8929b91d0d0a,2019-12-05 09:00:00,784300,25.112.XX.XX (DN),2019-12-05 09:00:00,1,0.0,1,0,17,1,1,4.0
113423,2019-12-27,16,49900000.0,129.115.XX.XX (HN),74a05cda8c512a04,2019-12-27 16:00:00,1335017,181.201.XX.XX (HN),2019-12-27 16:00:00,1,0.0,1,0,11,1,1,4.0
186564,2019-10-29,8,1000000000.0,71.11.XX.XX (CT),1900b5d1c8fa286c,2019-10-29 08:00:00,826421,203.103.XX.XX (CT),2019-10-29 08:00:00,1,0.0,1,0,60,1,1,4.0
81831,2019-11-28,15,40800000.0,142.51.XX.XX (DN),5fe96ae9309fc491,2019-11-28 15:00:00,1133351,99.90.XX.XX (HN),2019-11-28 15:00:00,1,0.0,1,0,52,1,1,4.0
428378,2019-12-30,13,200000000.0,84.4.XX.XX (HCM),5bbc4ca25b064362,2019-12-30 13:00:00,1047774,6.12.XX.XX (HCM),2019-12-30 13:00:00,1,0.0,1,0,19,1,1,4.0
7012,2019-12-01,16,54207670.0,253.252.XX.XX (BD),8b997d5c82a0b396,2019-12-01 16:00:00,769830,158.143.XX.XX (BD),2019-12-01 16:00:00,1,0.0,1,0,412,1,1,4.0
250608,2019-10-29,17,65000000.0,122.185.XX.XX (HCM),9049c676d93266d7,2019-10-29 17:00:00,993305,25.141.XX.XX (HCM),2019-10-29 17:00:00,1,0.0,1,0,10,1,1,4.0
81831,2019-11-29,14,69400000.0,213.60.XX.XX (HN),5fe96ae9309fc491,2019-11-29 14:00:00,1133364,53.103.XX.XX (HN),2019-11-29 14:00:00,1,0.0,1,0,55,1,1,4.0
360753,2019-11-01,12,100000000.0,217.11.XX.XX (TH),e0cc05b29706784f,2019-11-01 12:00:00,451952,233.200.XX.XX (DN),2019-11-01 12:00:00,1,0.0,1,0,40,1,1,4.0
81831,2019-11-29,17,114500000.0,194.65.XX.XX (HN),5fe96ae9309fc491,2019-11-29 17:00:00,1133363,117.56.XX.XX (HN),2019-11-29 17:00:00,1,0.0,1,0,57,1,1,4.0
237040,2019-05-30,9,138785000.0,205.158.XX.XX (HP),1adfc31891230cba,2019-05-30 09:00:00,317553,7.142.XX.XX (HP),2019-05-30 09:00:00,1,0.0,1,0,20,1,1,4.0
182074,2019-09-26,12,60000000.0,160.31.XX.XX (TH),a6bd183eeee45da3,2019-09-26 12:00:00,104383,133.195.XX.XX (TH),2019-09-26 12:00:00,1,0.0,1,0,199,1,1,4.0
129100,2019-12-16,13,50000000.0,76.184.XX.XX (HN),19ca023300526dae,2019-12-16 13:00:00,1163460,27.146.XX.XX (HN),2019-12-16 13:00:00,1,0.0,1,0,41,1,1,4.0
72411,2019-03-16,19,175716000.0,71.77.XX.XX (HCM),b6ae27092a230dc6,2019-03-16 19:00:00,70227,118.223.XX.XX (HCM),2019-03-16 19:00:00,1,0.0,1,0,58,1,1,4.0
186564,2019-11-01,14,39000000.0,15.83.XX.XX (CT),1900b5d1c8fa286c,2019-11-01 14:00:00,826471,60.244.XX.XX (CT),2019-11-01 14:00:00,1,0.0,1,0,68,1,1,4.0
14501,2019-12-27,19,55000000.0,254.127.XX.XX (HN),c7c6e41f069ee38e,2019-12-27 19:00:00,1194763,98.104.XX.XX (HN),2019-12-27 19:00:00,1,0.0,1,0,160,1,1,4.0
222703,2019-09-18,17,169000000.0,188.156.XX.XX (HCM),86d978a47e64814f,2019-09-18 17:00:00,1393663,195.185.XX.XX (HCM),2019-09-18 17:00:00,1,0.0,1,0,1,1,1,4.0
282717,2019-11-25,8,155000000.0,122.234.XX.XX (HCM),63db0fc3836c615a,2019-11-25 08:00:00,288523,209.90.XX.XX (HCM),2019-11-25 08:00:00,1,0.0,1,0,241,1,1,4.0
377044,2019-12-25,11,200000000.0,188.235.XX.XX (HN),a4d78143534c7022,2019-12-25 11:00:00,1190237,248.19.XX.XX (HN),2019-12-25 11:00:00,1,0.0,1,0,73,1,1,4.0
158122,2019-12-28,9,55200000.0,16.29.XX.XX (HN),daa204e0bdae9305,2019-12-28 09:00:00,1064027,73.116.XX.XX (HN),2019-12-28 09:00:00,1,0.0,1,0,65,1,1,4.0
169718,2019-12-16,19,407265029.0,150.203.XX.XX (NA),8e21f56abfd8794f,2019-12-16 19:00:00,1323791,229.249.XX.XX (NA),2019-12-16 19:00:00,1,0.0,1,0,1,1,1,4.0
129100,2019-12-21,12,60000000.0,104.155.XX.XX (HN),19ca023300526dae,2019-12-21 12:00:00,1163464,223.184.XX.XX (HN),2019-12-21 12:00:00,1,0.0,1,0,55,1,1,4.0
292247,2019-09-20,8,105537170.0,42.196.XX.XX (HN),0ef960c6a0faf784,2019-09-20 08:00:00,700643,231.124.XX.XX (HN),2019-09-20 08:00:00,1,0.0,1,0,280,1,1,4.0
442042,2019-10-03,14,100300000.0,132.176.XX.XX (DN),c2e78be9d8eb41ae,2019-10-03 14:00:00,387257,107.28.XX.XX (DN),2019-10-03 14:00:00,1,0.0,1,0,170,1,1,4.0
339454,2019-11-22,14,167000000.0,61.164.XX.XX (HCM),9a781ca010fae60d,2019-11-22 14:00:00,759810,225.241.XX.XX (HCM),2019-11-22 14:00:00,1,0.0,1,0,139,1,1,4.0
81831,2019-12-23,14,86900000.0,233.130.XX.XX (HN),5fe96ae9309fc491,2019-12-23 14:00:00,1133334,47.127.XX.XX (HN),2019-12-23 14:00:00,1,0.0,1,0,95,1,1,4.0
311676,2019-09-22,20,55000000.0,162.21.XX.XX (HCM),a897b7705b929b13,2019-09-22 20:00:00,59752,44.163.XX.XX (CT),2019-09-22 20:00:00,1,0.0,1,0,181,1,1,4.0
332723,2019-08-10,14,73211654.0,184.33.XX.XX (HN),e4f30d73015ac171,2019-08-10 14:00:00,308079,110.39.XX.XX (HN),2019-08-10 14:00:00,1,0.0,1,0,197,1,1,4.0
275957,2019-06-25,7,39000000.0,245.218.XX.XX (HN),5e81274bd23f42ba,2019-06-25 07:00:00,158325,205.28.XX.XX (HN),2019-06-25 07:00:00,1,0.0,1,0,16,1,1,4.0
264081,2019-12-13,13,100000000.0,77.132.XX.XX (HCM),a8e3fe7859e44109,2019-12-13 13:00:00,1281889,228.244.XX.XX (HCM),2019-12-13 13:00:00,1,0.0,1,0,18,1,1,4.0
129100,2019-12-25,17,65000000.0,223.229.XX.XX (HN),19ca023300526dae,2019-12-25 17:00:00,1163406,80.37.XX.XX (HN),2019-12-25 17:00:00,1,0.0,1,0,71,1,1,4.0
455123,2019-12-30,15,89500000.0,121.91.XX.XX (DN),d92d8929b91d0d0a,2019-12-30 15:00:00,784294,166.163.XX.XX (DN),2019-12-30 15:00:00,1,0.0,1,0,21,1,1,4.0
326151,2019-12-12,14,92433340.0,231.155.XX.XX (HP),b2e0ceb61052b770,2019-12-12 14:00:00,1300347,31.48.XX.XX (HP),2019-12-12 14:00:00,1,0.0,1,0,29,1,1,4.0
72411,2019-03-27,19,42000000.0,10.71.XX.XX (HCM),b6ae27092a230dc6,2019-03-27 19:00:00,70543,122.132.XX.XX (HCM),2019-03-27 19:00:00,1,0.0,1,0,96,1,1,4.0
199908,2019-10-21,10,46346340.0,192.37.XX.XX (HCM),16786c665e46c0cf,2019-10-21 10:00:00,560853,182.111.XX.XX (HCM),2019-10-21 10:00:00,1,0.0,1,0,107,1,1,4.0
264081,2019-12-20,13,50000000.0,37.214.XX.XX (HCM),a8e3fe7859e44109,2019-12-20 13:00:00,1281891,172.234.XX.XX (HCM),2019-12-20 13:00:00,1,0.0,1,0,21,1,1,4.0
102180,2019-08-27,19,115900000.0,217.132.XX.XX (HCM),0c440b5195c046b8,2019-08-27 19:00:00,578769,229.210.XX.XX (HCM),2019-08-27 19:00:00,1,0.0,1,0,63,1,1,4.0
326151,2019-12-16,17,72000000.0,10.92.XX.XX (HP),b2e0ceb61052b770,2019-12-16 17:00:00,1300338,115.68.XX.XX (HP),2019-12-16 17:00:00,1,0.0,1,0,33,1,1,4.0
264081,2019-12-23,20,200000000.0,246.69.XX.XX (HCM),a8e3fe7859e44109,2019-12-23 20:00:00,1281896,252.155.XX.XX (HCM),2019-12-23 20:00:00,1,0.0,1,0,24,1,1,4.0
160968,2019-09-26,16,114000000.0,105.142.XX.XX (HP),56ec9e625c5457fd,2019-09-26 16:00:00,405353,117.88.XX.XX (HP),2019-09-26 16:00:00,1,0.0,1,0,43,1,1,4.0
113563,2019-09-17,16,67550000.0,122.251.XX.XX (HCM),0e1e6b8e7920841d,2019-09-17 16:00:00,757172,9.32.XX.XX (HCM),2019-09-17 16:00:00,1,0.0,1,0,33,1,1,4.0
282717,2019-12-11,15,110000000.0,248.96.XX.XX (HCM),63db0fc3836c615a,2019-12-11 15:00:00,288527,231.239.XX.XX (HCM),2019-12-11 15:00:00,1,0.0,1,0,268,1,1,4.0
174600,2019-09-04,18,592115000.0,85.228.XX.XX (HCM),a006fa96f1ffa696,2019-09-04 18:00:00,737438,33.105.XX.XX (HCM),2019-09-04 18:00:00,1,0.0,1,0,25,1,1,4.0
199908,2019-10-23,8,245892500.0,3.70.XX.XX (HCM),16786c665e46c0cf,2019-10-23 08:00:00,560715,140.244.XX.XX (HCM),2019-10-23 08:00:00,1,0.0,1,0,115,1,1,4.0
64413,2019-06-11,13,250000000.0,18.162.XX.XX (HN),54cbb9122d25e08c,2019-06-11 13:00:00,1040263,117.8.XX.XX (HN),2019-06-11 13:00:00,1,0.0,1,0,5,1,1,4.0
199908,2019-10-25,15,42474765.0,77.31.XX.XX (HCM),16786c665e46c0cf,2019-10-25 15:00:00,560788,3.49.XX.XX (HCM),2019-10-25 15:00:00,1,0.0,1,0,121,1,1,4.0
261469,2019-12-15,2,71200000.0,114.23.XX.XX (HN),01f59c102e7bd060,2019-12-15 02:00:00,852321,198.95.XX.XX (HN),2019-12-15 02:00:00,1,0.0,1,0,158,1,1,4.0
453109,2019-09-25,16,156000000.0,100.145.XX.XX (HN),6bfd5e2a83c52358,2019-09-25 16:00:00,952566,126.88.XX.XX (HN),2019-09-25 16:00:00,1,0.0,1,0,75,1,1,4.0
199908,2019-10-29,14,100000000.0,224.172.XX.XX (HCM),16786c665e46c0cf,2019-10-29 14:00:00,560681,244.218.XX.XX (HCM),2019-10-29 14:00:00,1,0.0,1,0,126,1,1,4.0
158579,2019-10-11,15,82000000.0,134.119.XX.XX (DN),988e6c6323729c83,2019-10-11 15:00:00,517034,157.122.XX.XX (DN),2019-10-11 15:00:00,1,0.0,1,0,31,1,1,4.0
317017,2019-04-18,20,194893000.0,96.161.XX.XX (HCM),0d4e156b03e3133c,2019-04-18 20:00:00,169381,108.162.XX.XX (HCM),2019-04-18 20:00:00,1,0.0,1,0,30,1,1,4.0
129100,2019-12-31,19,50000000.0,93.52.XX.XX (HN),19ca023300526dae,2019-12-31 19:00:00,1163483,226.25.XX.XX (HN),2019-12-31 19:00:00,1,0.0,1,0,96,1,1,4.0
309475,2019-07-12,15,54500000.0,132.61.XX.XX (HCM),c506b83842e9ce8b,2019-07-12 15:00:00,253451,1.244.XX.XX (HCM),2019-07-12 15:00:00,1,0.0,1,0,34,1,1,4.0
398570,2019-11-04,10,62700000.0,56.224.XX.XX (HN),25f034adc58d08d4,2019-11-04 10:00:00,335813,205.248.XX.XX (HN),2019-11-04 10:00:00,1,0.0,1,0,47,1,1,4.0
246752,2019-12-11,10,200000000.0,109.123.XX.XX (HP),c7d0bddb3c02dfba,2019-12-11 10:00:00,433802,98.14.XX.XX (HP),2019-12-11 10:00:00,1,0.0,1,0,95,1,1,4.0
199908,2019-11-04,15,51217600.0,210.130.XX.XX (HCM),16786c665e46c0cf,2019-11-04 15:00:00,560824,182.104.XX.XX (HCM),2019-11-04 15:00:00,1,0.0,1,0,141,1,1,4.0
241904,2019-11-11,10,73065000.0,49.110.XX.XX (HN),5135229823e6a796,2019-11-11 10:00:00,711809,68.143.XX.XX (HN),2019-11-11 10:00:00,1,0.0,1,0,44,1,1,4.0
302487,2019-12-13,15,100000000.0,56.140.XX.XX (CT),8af09d00c864dcf9,2019-12-13 15:00:00,1068606,146.132.XX.XX (CT),2019-12-13 15:00:00,1,0.0,1,0,43,1,1,4.0
330616,2019-11-04,10,203576986.0,33.131.XX.XX (TH),198ea307b69d06e1,2019-11-04 10:00:00,910896,107.148.XX.XX (TH),2019-11-04 10:00:00,1,0.0,1,0,12,1,1,4.0
292247,2019-09-26,17,44639000.0,25.22.XX.XX (HN),0ef960c6a0faf784,2019-09-26 17:00:00,700600,53.210.XX.XX (HN),2019-09-26 17:00:00,1,0.0,1,0,305,1,1,4.0
72411,2019-04-10,20,149635850.0,14.69.XX.XX (HCM),b6ae27092a230dc6,2019-04-10 20:00:00,70653,6.18.XX.XX (HCM),2019-04-10 20:00:00,1,0.0,1,0,141,1,1,4.0
302524,2019-04-11,11,41250000.0,20.207.XX.XX (HP),1c8957e2b1ff6923,2019-04-11 11:00:00,915125,162.8.XX.XX (HP),2019-04-11 11:00:00,1,0.0,1,0,1,1,1,4.0
449930,2019-06-05,13,47000000.0,41.116.XX.XX (CT),e484a90d4853c895,2019-06-05 13:00:00,55080,54.248.XX.XX (CT),2019-06-05 13:00:00,1,0.0,1,0,163,1,1,4.0
292247,2019-09-27,7,66173000.0,105.174.XX.XX (HN),0ef960c6a0faf784,2019-09-27 07:00:00,700601,75.218.XX.XX (HN),2019-09-27 07:00:00,1,0.0,1,0,310,1,1,4.0
76682,2019-11-29,22,173021000.0,157.2.XX.XX (HP),da9831edfcbe2f69,2019-11-29 22:00:00,80648,74.153.XX.XX (HP),2019-11-29 22:00:00,1,0.0,1,0,144,1,1,4.0
241904,2019-12-30,16,400000000.0,227.140.XX.XX (HN),5135229823e6a796,2019-12-30 16:00:00,711795,66.116.XX.XX (HN),2019-12-30 16:00:00,1,0.0,1,0,63,1,1,4.0
332723,2019-08-21,9,53886280.0,197.32.XX.XX (HN),e4f30d73015ac171,2019-08-21 09:00:00,308131,225.60.XX.XX (HN),2019-08-21 09:00:00,1,0.0,1,0,219,1,1,4.0
292247,2019-09-27,10,50210110.0,247.248.XX.XX (HN),0ef960c6a0faf784,2019-09-27 10:00:00,700647,176.191.XX.XX (HN),2019-09-27 10:00:00,1,0.0,1,0,314,1,1,4.0
199908,2019-11-15,18,49691000.0,37.59.XX.XX (HCM),16786c665e46c0cf,2019-11-15 18:00:00,560792,208.213.XX.XX (HCM),2019-11-15 18:00:00,1,0.0,1,0,165,1,1,4.0
89828,2019-12-26,13,45000000.0,6.187.XX.XX (NA),c3943ac2722836ae,2019-12-26 13:00:00,37731,206.50.XX.XX (NA),2019-12-26 13:00:00,1,0.0,1,0,268,1,1,4.0
449930,2019-06-05,14,96000000.0,204.231.XX.XX (CT),e484a90d4853c895,2019-06-05 14:00:00,55005,9.250.XX.XX (CT),2019-06-05 14:00:00,1,0.0,1,0,165,1,1,4.0
50236,2019-09-17,11,122030000.0,150.15.XX.XX (BD),25a52e14582d45ee,2019-09-17 11:00:00,845608,166.240.XX.XX (BD),2019-09-17 11:00:00,1,0.0,1,0,39,1,1,4.0
59360,2019-10-14,9,49500000.0,53.68.XX.XX (HCM),a11b86c25ce5ec64,2019-10-14 09:00:00,1054619,242.161.XX.XX (HCM),2019-10-14 09:00:00,1,0.0,1,0,11,1,1,4.0
34607,2019-11-26,17,49000000.0,48.151.XX.XX (HCM),572fb9c6221ea670,2019-11-26 17:00:00,1230137,10.79.XX.XX (HCM),2019-11-26 17:00:00,1,0.0,1,0,31,1,1,4.0
242047,2019-12-09,16,68670000.0,78.251.XX.XX (BD),abb34e2a27947b29,2019-12-09 16:00:00,1324661,235.186.XX.XX (BD),2019-12-09 16:00:00,1,0.0,1,0,5,1,1,4.0
59360,2019-10-17,16,250000000.0,114.239.XX.XX (HCM),a11b86c25ce5ec64,2019-10-17 16:00:00,1054631,117.226.XX.XX (HCM),2019-10-17 16:00:00,1,0.0,1,0,14,1,1,4.0
76682,2019-12-04,19,146502800.0,49.106.XX.XX (HP),da9831edfcbe2f69,2019-12-04 19:00:00,80678,241.62.XX.XX (HP),2019-12-04 19:00:00,1,0.0,1,0,154,1,1,4.0
25366,2019-10-31,11,145000000.0,60.96.XX.XX (HN),a59b71fcd31539e8,2019-10-31 11:00:00,66032,159.165.XX.XX (HN),2019-10-31 11:00:00,1,0.0,1,0,131,1,1,4.0
25366,2019-11-23,11,91703000.0,205.80.XX.XX (HN),a59b71fcd31539e8,2019-11-23 11:00:00,65951,240.28.XX.XX (HN),2019-11-23 11:00:00,1,0.0,1,0,140,1,1,4.0
153446,2019-07-22,16,53000000.0,11.166.XX.XX (DN),fb2d51fac8e638dd,2019-07-22 16:00:00,449090,32.2.XX.XX (DN),2019-07-22 16:00:00,1,0.0,1,0,46,1,1,4.0
72411,2019-04-16,20,77000000.0,127.165.XX.XX (HCM),b6ae27092a230dc6,2019-04-16 20:00:00,70654,245.30.XX.XX (HCM),2019-04-16 20:00:00,1,0.0,1,0,160,1,1,4.0
42523,2019-08-20,13,47900000.0,64.70.XX.XX (DN),a1efe0a7cd9aaeda,2019-08-20 13:00:00,685796,147.112.XX.XX (DN),2019-08-20 13:00:00,1,0.0,1,0,64,1,1,4.0
42523,2019-08-21,17,44000000.0,43.102.XX.XX (DN),a1efe0a7cd9aaeda,2019-08-21 17:00:00,686006,245.92.XX.XX (DN),2019-08-21 17:00:00,1,0.0,1,0,67,1,1,4.0
16120,2019-07-23,14,81633570.0,146.216.XX.XX (HCM),00231f12684e7c6d,2019-07-23 14:00:00,740445,242.106.XX.XX (HCM),2019-07-23 14:00:00,1,0.0,1,0,2,1,1,4.0
339454,2019-12-18,16,62200000.0,67.44.XX.XX (HCM),9a781ca010fae60d,2019-12-18 16:00:00,759829,68.237.XX.XX (HCM),2019-12-18 16:00:00,1,0.0,1,0,172,1,1,4.0
212844,2019-07-25,18,250000000.0,12.178.XX.XX (HN),0a1a180157c81026,2019-07-25 18:00:00,480762,10.19.XX.XX (HN),2019-07-25 18:00:00,1,0.0,1,0,16,1,1,4.0
76682,2019-12-07,8,60000000.0,213.37.XX.XX (HP),da9831edfcbe2f69,2019-12-07 08:00:00,80655,135.90.XX.XX (HP),2019-12-07 08:00:00,1,0.0,1,0,161,1,1,4.0
242047,2019-12-24,11,106000000.0,70.70.XX.XX (BD),abb34e2a27947b29,2019-12-24 11:00:00,1324663,168.23.XX.XX (BD),2019-12-24 11:00:00,1,0.0,1,0,16,1,1,4.0
192160,2019-08-11,9,40000000.0,53.106.XX.XX (HCM),e9fbf78ac0c7990e,2019-08-11 09:00:00,212542,112.235.XX.XX (HCM),2019-08-11 09:00:00,1,0.0,1,0,86,1,1,4.0
16120,2019-08-20,10,38245000.0,205.7.XX.XX (HCM),00231f12684e7c6d,2019-08-20 10:00:00,740426,164.41.XX.XX (HCM),2019-08-20 10:00:00,1,0.0,1,0,19,1,1,4.0
65302,2019-12-11,11,40923077.0,45.125.XX.XX (DN),a5c7ec42368c6d87,2019-12-11 11:00:00,1085069,204.208.XX.XX (DN),2019-12-11 11:00:00,1,0.0,1,0,31,1,1,4.0
455127,2019-05-31,11,44000000.0,147.61.XX.XX (HCM),c32d948d666f328a,2019-05-31 11:00:00,364003,106.28.XX.XX (HCM),2019-05-31 11:00:00,1,0.0,1,0,10,1,1,4.0
348242,2019-09-12,10,108215140.0,7.48.XX.XX (BD),5afac37c18190bfb,2019-09-12 10:00:00,806406,62.115.XX.XX (BD),2019-09-12 10:00:00,1,0.0,1,0,139,1,1,4.0
332723,2019-09-10,15,44201754.0,117.148.XX.XX (HN),e4f30d73015ac171,2019-09-10 15:00:00,308262,172.217.XX.XX (HN),2019-09-10 15:00:00,1,0.0,1,0,250,1,1,4.0
235316,2019-06-24,19,76744300.0,245.99.XX.XX (HN),6a8dc03c48d178b4,2019-06-24 19:00:00,414522,209.82.XX.XX (HN),2019-06-24 19:00:00,1,0.0,1,0,67,1,1,4.0
94819,2019-11-05,17,45000000.0,141.16.XX.XX (HN),c3b2e0edfa8b375a,2019-11-05 17:00:00,710737,209.156.XX.XX (HN),2019-11-05 17:00:00,1,0.0,1,0,21,1,1,4.0
235316,2019-06-24,20,123050100.0,176.176.XX.XX (HN),6a8dc03c48d178b4,2019-06-24 20:00:00,414561,132.58.XX.XX (HN),2019-06-24 20:00:00,1,0.0,1,0,69,1,1,4.0
288567,2019-12-12,15,300000000.0,27.130.XX.XX (HCM),427e607fe2829335,2019-12-12 15:00:00,215678,244.20.XX.XX (HCM),2019-12-12 15:00:00,1,0.0,1,0,193,1,1,4.0
317017,2019-04-23,19,192941800.0,108.248.XX.XX (HCM),0d4e156b03e3133c,2019-04-23 19:00:00,169330,42.105.XX.XX (HCM),2019-04-23 19:00:00,1,0.0,1,0,48,1,1,4.0
237040,2019-09-10,8,100000000.0,82.56.XX.XX (HP),1adfc31891230cba,2019-09-10 08:00:00,317564,38.86.XX.XX (HP),2019-09-10 08:00:00,1,0.0,1,0,116,1,1,4.0
462483,2019-10-17,8,110000000.0,182.203.XX.XX (DN),11d15a7cc627ffce,2019-10-17 08:00:00,461506,123.145.XX.XX (DN),2019-10-17 08:00:00,1,0.0,1,0,67,1,1,4.0
199908,2019-12-04,11,44390000.0,16.69.XX.XX (HCM),16786c665e46c0cf,2019-12-04 11:00:00,560830,214.126.XX.XX (HCM),2019-12-04 11:00:00,1,0.0,1,0,212,1,1,4.0
129847,2019-08-20,9,116600000.0,9.214.XX.XX (HCM),49b3cd4afeb3d224,2019-08-20 09:00:00,844759,105.123.XX.XX (HCM),2019-08-20 09:00:00,1,0.0,1,0,8,1,1,4.0
42523,2019-09-21,13,40000000.0,205.145.XX.XX (DN),a1efe0a7cd9aaeda,2019-09-21 13:00:00,686012,10.140.XX.XX (DN),2019-09-21 13:00:00,1,0.0,1,0,150,1,1,4.0
208370,2019-09-26,16,40330000.0,238.205.XX.XX (HCM),3df285fa88e71e4f,2019-09-26 16:00:00,278914,43.67.XX.XX (HCM),2019-09-26 16:00:00,1,0.0,1,0,1509,1,1,4.0
257119,2019-11-22,9,65000000.0,254.96.XX.XX (HN),224ef05ae9577ada,2019-11-22 09:00:00,913809,126.125.XX.XX (HN),2019-11-22 09:00:00,1,0.0,1,0,22,1,1,4.0
313760,2019-08-20,8,60000000.0,85.13.XX.XX (NA),d85bc417466e5d10,2019-08-20 08:00:00,860932,89.145.XX.XX (NA),2019-08-20 08:00:00,1,0.0,1,0,6,1,1,4.0
65438,2019-10-12,19,38400000.0,27.112.XX.XX (HN),d9c6380503ab7d56,2019-10-12 19:00:00,439693,45.18.XX.XX (HN),2019-10-12 19:00:00,1,0.0,1,0,126,1,1,4.0
332723,2019-09-10,16,38282000.0,126.39.XX.XX (HN),e4f30d73015ac171,2019-09-10 16:00:00,308137,62.184.XX.XX (HN),2019-09-10 16:00:00,1,0.0,1,0,252,1,1,4.0
72411,2019-04-25,18,120491600.0,245.33.XX.XX (HCM),b6ae27092a230dc6,2019-04-25 18:00:00,70362,114.115.XX.XX (HCM),2019-04-25 18:00:00,1,0.0,1,0,193,1,1,4.0
453109,2019-12-05,17,50000000.0,11.139.XX.XX (HN),6bfd5e2a83c52358,2019-12-05 17:00:00,952601,101.19.XX.XX (HN),2019-12-05 17:00:00,1,0.0,1,0,328,1,1,4.0
42523,2019-09-25,12,50000000.0,39.193.XX.XX (DN),a1efe0a7cd9aaeda,2019-09-25 12:00:00,685911,165.72.XX.XX (DN),2019-09-25 12:00:00,1,0.0,1,0,169,1,1,4.0
427722,2019-11-20,9,52781000.0,46.40.XX.XX (HN),0424ba13852a7691,2019-11-20 09:00:00,1138651,48.215.XX.XX (HN),2019-11-20 09:00:00,1,0.0,1,0,111,1,1,4.0
313836,2019-09-03,10,50000000.0,162.110.XX.XX (HP),4834cf81075d3033,2019-09-03 10:00:00,1074629,221.228.XX.XX (HP),2019-09-03 10:00:00,1,0.0,1,0,11,1,1,4.0
223291,2019-08-19,9,104640000.0,34.49.XX.XX (DN),2f66eca588a909c8,2019-08-19 09:00:00,425964,134.214.XX.XX (DN),2019-08-19 09:00:00,1,0.0,1,0,56,1,1,4.0
16120,2019-11-19,15,55376056.0,180.43.XX.XX (HCM),00231f12684e7c6d,2019-11-19 15:00:00,740362,107.194.XX.XX (HCM),2019-11-19 15:00:00,1,0.0,1,0,103,1,1,4.0
292247,2019-10-04,18,97135005.0,203.130.XX.XX (HN),0ef960c6a0faf784,2019-10-04 18:00:00,700604,77.119.XX.XX (HN),2019-10-04 18:00:00,1,0.0,1,0,337,1,1,4.0
442042,2019-11-22,15,200000000.0,22.234.XX.XX (DN),c2e78be9d8eb41ae,2019-11-22 15:00:00,387227,127.137.XX.XX (DN),2019-11-22 15:00:00,1,0.0,1,0,230,1,1,4.0
483238,2019-11-21,14,144000000.0,165.119.XX.XX (DN),10979605ec1c2328,2019-11-21 14:00:00,425194,76.158.XX.XX (DN),2019-11-21 14:00:00,1,0.0,1,0,293,1,1,4.0
292247,2019-10-05,19,463397140.0,176.166.XX.XX (HN),0ef960c6a0faf784,2019-10-05 19:00:00,700648,43.53.XX.XX (HN),2019-10-05 19:00:00,1,0.0,1,0,342,1,1,4.0
199908,2019-12-12,15,117793042.0,27.190.XX.XX (HCM),16786c665e46c0cf,2019-12-12 15:00:00,560807,160.183.XX.XX (HCM),2019-12-12 15:00:00,1,0.0,1,0,234,1,1,4.0
130315,2019-07-22,14,40000000.0,229.7.XX.XX (HCM),bcd8d680c6f84013,2019-07-22 14:00:00,720957,194.91.XX.XX (HCM),2019-07-22 14:00:00,1,0.0,1,0,9,1,1,4.0
90096,2019-03-10,12,45000000.0,14.123.XX.XX (HN),3215a7a0aaa3ed4d,2019-03-10 12:00:00,99191,27.19.XX.XX (HN),2019-03-10 12:00:00,1,0.0,1,0,5,1,1,4.0
433151,2019-10-18,14,75000000.0,114.10.XX.XX (HCM),2412dbecf5db4731,2019-10-18 14:00:00,258404,181.26.XX.XX (HCM),2019-10-18 14:00:00,1,0.0,1,0,99,1,1,4.0
336423,2019-12-25,15,47450000.0,228.83.XX.XX (BD),a504376d9e3b978e,2019-12-25 15:00:00,1092866,191.40.XX.XX (BD),2019-12-25 15:00:00,1,0.0,1,0,65,1,1,4.0
424636,2019-12-25,10,80000000.0,147.251.XX.XX (HCM),43c0e83089f3622e,2019-12-25 10:00:00,780795,104.22.XX.XX (HCM),2019-12-25 10:00:00,1,0.0,1,0,93,1,1,4.0
16120,2019-12-23,9,72613954.0,87.78.XX.XX (HCM),00231f12684e7c6d,2019-12-23 09:00:00,740443,89.74.XX.XX (HCM),2019-12-23 09:00:00,1,0.0,1,0,134,1,1,4.0
72411,2019-05-05,18,185642000.0,166.163.XX.XX (HCM),b6ae27092a230dc6,2019-05-05 18:00:00,70659,155.139.XX.XX (HCM),2019-05-05 18:00:00,1,0.0,1,0,223,1,1,4.0
317017,2019-05-01,20,57668000.0,135.45.XX.XX (HCM),0d4e156b03e3133c,2019-05-01 20:00:00,169279,36.58.XX.XX (HCM),2019-05-01 20:00:00,1,0.0,1,0,62,1,1,4.0
65438,2019-11-22,18,67000000.0,90.33.XX.XX (HN),d9c6380503ab7d56,2019-11-22 18:00:00,439883,52.21.XX.XX (HN),2019-11-22 18:00:00,1,0.0,1,0,208,1,1,4.0
341953,2019-10-16,11,74700000.0,169.43.XX.XX (DN),61c2cd7a7c5214c0,2019-10-16 11:00:00,111120,151.44.XX.XX (HN),2019-10-16 11:00:00,1,0.0,1,0,105,1,1,4.0
242439,2019-07-31,16,45000000.0,251.104.XX.XX (HCM),4a09647680a785c5,2019-07-31 16:00:00,1392109,245.149.XX.XX (HCM),2019-07-31 16:00:00,1,0.0,1,0,1,1,1,4.0
329870,2019-10-17,10,64000000.0,117.17.XX.XX (HCM),42be79df73b272fb,2019-10-17 10:00:00,541227,146.164.XX.XX (HCM),2019-10-17 10:00:00,1,0.0,1,0,174,1,1,4.0
8539,2019-12-17,16,90900000.0,137.62.XX.XX (HCM),cd9e5846cc559dfe,2019-12-17 16:00:00,1321960,176.49.XX.XX (HCM),2019-12-17 16:00:00,1,0.0,1,0,6,1,1,4.0
411228,2019-08-12,20,192000000.0,97.74.XX.XX (HCM),5867fea34973d028,2019-08-12 20:00:00,610601,51.66.XX.XX (HCM),2019-08-12 20:00:00,1,0.0,1,0,38,1,1,4.0
242455,2019-10-15,11,130000000.0,86.92.XX.XX (HN),5b43701d6496478a,2019-10-15 11:00:00,697577,232.16.XX.XX (HN),2019-10-15 11:00:00,1,0.0,1,0,38,1,1,4.0
237040,2019-10-24,15,100000000.0,161.133.XX.XX (HP),1adfc31891230cba,2019-10-24 15:00:00,317574,123.100.XX.XX (HP),2019-10-24 15:00:00,1,0.0,1,0,183,1,1,4.0
474184,2019-12-20,9,50000000.0,154.238.XX.XX (HN),e23cdc701dfef6ba,2019-12-20 09:00:00,995374,24.21.XX.XX (HN),2019-12-20 09:00:00,1,0.0,1,0,36,1,1,4.0
426931,2019-06-30,19,40000000.0,212.21.XX.XX (HCM),ff039a5040a17d65,2019-06-30 19:00:00,281662,19.63.XX.XX (HCM),2019-06-30 19:00:00,1,0.0,1,0,18,1,1,4.0
332723,2019-10-10,14,39223462.0,109.91.XX.XX (HN),e4f30d73015ac171,2019-10-10 14:00:00,308144,20.54.XX.XX (HN),2019-10-10 14:00:00,1,0.0,1,0,303,1,1,4.0
65438,2019-11-29,19,45000000.0,253.102.XX.XX (HN),d9c6380503ab7d56,2019-11-29 19:00:00,439777,201.31.XX.XX (HN),2019-11-29 19:00:00,1,0.0,1,0,223,1,1,4.0
192359,2019-09-30,14,55500000.0,234.237.XX.XX (NA),ebbcefca83b481e2,2019-09-30 14:00:00,214907,136.58.XX.XX (NA),2019-09-30 14:00:00,1,0.0,1,0,184,1,1,4.0
466963,2019-12-11,10,156440000.0,136.19.XX.XX (HCM),ffb8af64afc22109,2019-12-11 10:00:00,891388,143.197.XX.XX (HCM),2019-12-11 10:00:00,1,0.0,1,0,37,1,1,4.0
107971,2019-08-14,18,45000000.0,155.195.XX.XX (HN),c0397e4064e397e5,2019-08-14 18:00:00,15644,187.12.XX.XX (HN),2019-08-14 18:00:00,1,0.0,1,0,177,1,1,4.0
449930,2019-06-21,12,40000000.0,131.129.XX.XX (CT),e484a90d4853c895,2019-06-21 12:00:00,55229,180.35.XX.XX (CT),2019-06-21 12:00:00,1,0.0,1,0,194,1,1,4.0
330818,2019-06-24,18,101050000.0,252.13.XX.XX (DN),1fb88b8bb063a5cd,2019-06-24 18:00:00,395238,116.245.XX.XX (DN),2019-06-24 18:00:00,1,0.0,1,0,26,1,1,4.0
42523,2019-11-01,15,134000000.0,148.125.XX.XX (DN),a1efe0a7cd9aaeda,2019-11-01 15:00:00,685879,139.223.XX.XX (DN),2019-11-01 15:00:00,1,0.0,1,0,268,1,1,4.0
490801,2019-07-02,7,50000000.0,116.97.XX.XX (HN),0a0e456f3dc89ee8,2019-07-02 07:00:00,615079,180.138.XX.XX (HN),2019-07-02 07:00:00,1,0.0,1,0,8,1,1,4.0
332723,2019-10-19,12,54468600.0,11.50.XX.XX (HN),e4f30d73015ac171,2019-10-19 12:00:00,307942,59.68.XX.XX (HN),2019-10-19 12:00:00,1,0.0,1,0,316,1,1,4.0
65438,2019-12-15,10,73000000.0,179.148.XX.XX (HN),d9c6380503ab7d56,2019-12-15 10:00:00,439747,27.28.XX.XX (HN),2019-12-15 10:00:00,1,0.0,1,0,253,1,1,4.0
271999,2019-10-25,11,100000000.0,101.175.XX.XX (NA),a93eb78ba46f858e,2019-10-25 11:00:00,1061003,252.199.XX.XX (BD),2019-10-25 11:00:00,1,0.0,1,0,5,1,1,4.0
35231,2019-10-21,11,48549568.0,1.190.XX.XX (HN),a421ed983317cfaa,2019-10-21 11:00:00,329918,207.42.XX.XX (HN),2019-10-21 11:00:00,1,0.0,1,0,213,1,1,4.0
192359,2019-12-25,13,100000000.0,11.47.XX.XX (NA),ebbcefca83b481e2,2019-12-25 13:00:00,214916,190.22.XX.XX (NA),2019-12-25 13:00:00,1,0.0,1,0,268,1,1,4.0
332723,2019-10-19,12,64044405.0,160.209.XX.XX (DN),e4f30d73015ac171,2019-10-19 12:00:00,308091,11.50.XX.XX (HN),2019-10-19 12:00:00,1,0.0,1,0,317,1,1,4.0
360978,2019-06-07,7,100000000.0,109.26.XX.XX (HCM),a1596e83adbd87cc,2019-06-07 07:00:00,965875,191.214.XX.XX (HCM),2019-06-07 07:00:00,1,0.0,1,0,4,1,1,4.0
2414,2019-11-29,18,51000000.0,17.178.XX.XX (HN),d8ca9e6e998df5eb,2019-11-29 18:00:00,275766,103.150.XX.XX (HN),2019-11-29 18:00:00,1,0.0,1,0,66,1,1,4.0
453109,2019-09-28,17,50000000.0,157.190.XX.XX (HN),6bfd5e2a83c52358,2019-09-28 17:00:00,952524,105.140.XX.XX (HN),2019-09-28 17:00:00,1,0.0,1,0,87,1,1,4.0
51159,2019-09-25,0,49899000.0,129.59.XX.XX (NA),680c8811bfe2a78a,2019-09-25 00:00:00,891963,134.106.XX.XX (BD),2019-09-25 00:00:00,1,0.0,1,0,11,1,1,4.0
453109,2019-12-06,18,80000000.0,106.117.XX.XX (HN),6bfd5e2a83c52358,2019-12-06 18:00:00,952458,162.172.XX.XX (HN),2019-12-06 18:00:00,1,0.0,1,0,334,1,1,4.0
449930,2019-07-02,16,79000000.0,227.56.XX.XX (CT),e484a90d4853c895,2019-07-02 16:00:00,54885,148.213.XX.XX (CT),2019-07-02 16:00:00,1,0.0,1,0,214,1,1,4.0
51159,2019-11-04,17,47000000.0,172.139.XX.XX (HCM),4f049bfcf09031df,2019-11-04 17:00:00,891971,178.71.XX.XX (HCM),2019-11-04 17:00:00,1,0.0,1,0,22,1,1,4.0
427722,2019-11-28,9,69455000.0,228.194.XX.XX (HN),0424ba13852a7691,2019-11-28 09:00:00,1138602,150.168.XX.XX (HN),2019-11-28 09:00:00,1,0.0,1,0,157,1,1,4.0
42523,2019-11-15,16,58960000.0,1.130.XX.XX (DN),a1efe0a7cd9aaeda,2019-11-15 16:00:00,685929,65.101.XX.XX (DN),2019-11-15 16:00:00,1,0.0,1,0,310,1,1,4.0
114106,2019-12-05,8,51000000.0,94.90.XX.XX (BD),3908b092415a124f,2019-12-05 08:00:00,426876,144.165.XX.XX (BD),2019-12-05 08:00:00,1,0.0,1,0,80,1,1,4.0
307314,2019-10-15,14,73580000.0,104.89.XX.XX (HN),a88c025e56e946b7,2019-10-15 14:00:00,232982,223.93.XX.XX (HN),2019-10-15 14:00:00,1,0.0,1,0,156,1,1,4.0
175333,2019-10-17,16,42500000.0,166.100.XX.XX (HCM),a2b5812e837e3e24,2019-10-17 16:00:00,625563,68.195.XX.XX (HCM),2019-10-17 16:00:00,1,0.0,1,0,42,1,1,4.0
16658,2019-10-08,12,45000000.0,222.230.XX.XX (HN),e7be4d2b69b2ef0f,2019-10-08 12:00:00,170702,39.60.XX.XX (HN),2019-10-08 12:00:00,1,0.0,1,0,62,1,1,4.0
324754,2019-08-10,18,40000000.0,100.220.XX.XX (HP),a589f5184a8be137,2019-08-10 18:00:00,135243,92.250.XX.XX (HP),2019-08-10 18:00:00,1,0.0,1,0,24,1,1,4.0
130315,2019-08-12,16,40000000.0,28.83.XX.XX (HCM),bcd8d680c6f84013,2019-08-12 16:00:00,721171,166.128.XX.XX (HCM),2019-08-12 16:00:00,1,0.0,1,0,109,1,1,4.0
332723,2019-11-09,10,44404615.0,66.89.XX.XX (HP),e4f30d73015ac171,2019-11-09 10:00:00,308095,39.77.XX.XX (HN),2019-11-09 10:00:00,1,0.0,1,0,348,1,1,4.0
51224,2019-11-23,11,304984000.0,121.223.XX.XX (HN),4ec4fb3a2aa104ff,2019-11-23 11:00:00,734994,32.184.XX.XX (HN),2019-11-23 11:00:00,1,0.0,1,0,79,1,1,4.0
65439,2019-07-03,15,73525000.0,58.88.XX.XX (HCM),c39a6d2ae8883a4d,2019-07-03 15:00:00,629000,9.222.XX.XX (HCM),2019-07-03 15:00:00,1,0.0,1,0,12,1,1,4.0
307314,2019-10-24,10,42000000.0,224.250.XX.XX (HN),a88c025e56e946b7,2019-10-24 10:00:00,232793,129.249.XX.XX (HN),2019-10-24 10:00:00,1,0.0,1,0,168,1,1,4.0
448655,2019-10-03,16,200000000.0,214.49.XX.XX (HCM),20f3b59ee81a9f1b,2019-10-03 16:00:00,472356,136.170.XX.XX (HCM),2019-10-03 16:00:00,1,0.0,1,0,64,1,1,4.0
341953,2019-12-13,19,70000000.0,206.132.XX.XX (HN),61c2cd7a7c5214c0,2019-12-13 19:00:00,111165,187.170.XX.XX (HN),2019-12-13 19:00:00,1,0.0,1,0,144,1,1,4.0
26746,2019-08-26,17,51283000.0,53.80.XX.XX (NA),47580dbcb2e0970d,2019-08-26 17:00:00,257411,177.196.XX.XX (NA),2019-08-26 17:00:00,1,0.0,1,0,53,1,1,4.0
307314,2019-10-31,10,450000000.0,194.252.XX.XX (HN),a88c025e56e946b7,2019-10-31 10:00:00,232828,7.170.XX.XX (HN),2019-10-31 10:00:00,1,0.0,1,0,181,1,1,4.0
159107,2019-11-01,12,40000000.0,184.122.XX.XX (HCM),fb39f1318f113d37,2019-11-01 12:00:00,893152,27.57.XX.XX (HCM),2019-11-01 12:00:00,1,0.0,1,0,97,1,1,4.0
16739,2019-11-20,16,46400000.0,218.146.XX.XX (HCM),b8b9d4dc63f19a4e,2019-11-20 16:00:00,1398296,228.111.XX.XX (HCM),2019-11-20 16:00:00,1,0.0,1,0,1,1,1,4.0
292247,2019-10-18,18,184678000.0,129.247.XX.XX (HN),0ef960c6a0faf784,2019-10-18 18:00:00,700608,211.163.XX.XX (HN),2019-10-18 18:00:00,1,0.0,1,0,388,1,1,4.0
187047,2019-11-20,21,53096000.0,82.161.XX.XX (HCM),b47207910e068cbc,2019-11-20 21:00:00,358315,95.247.XX.XX (HCM),2019-11-20 21:00:00,1,0.0,1,0,35,1,1,4.0
130315,2019-08-18,16,38800000.0,10.65.XX.XX (CT),bcd8d680c6f84013,2019-08-18 16:00:00,721176,185.131.XX.XX (HCM),2019-08-18 16:00:00,1,0.0,1,0,136,1,1,4.0
83109,2019-12-31,18,55304400.0,170.163.XX.XX (HN),6a1c776366523845,2019-12-31 18:00:00,1037459,6.146.XX.XX (HN),2019-12-31 18:00:00,1,0.0,1,0,99,1,1,4.0
330818,2019-07-25,12,65000000.0,249.70.XX.XX (DN),1fb88b8bb063a5cd,2019-07-25 12:00:00,395197,14.102.XX.XX (DN),2019-07-25 12:00:00,1,0.0,1,0,40,1,1,4.0
90518,2019-07-27,11,57900000.0,124.93.XX.XX (HCM),be002152368e1b43,2019-07-27 11:00:00,759919,244.205.XX.XX (HCM),2019-07-27 11:00:00,1,0.0,1,0,1,1,1,4.0
130315,2019-08-20,19,88600000.0,106.36.XX.XX (HCM),bcd8d680c6f84013,2019-08-20 19:00:00,721226,184.98.XX.XX (HCM),2019-08-20 19:00:00,1,0.0,1,0,148,1,1,4.0
336566,2019-09-25,11,285530000.0,171.248.XX.XX (HCM),3052ca4a774d94e0,2019-09-25 11:00:00,916467,163.54.XX.XX (HCM),2019-09-25 11:00:00,1,0.0,1,0,8,1,1,4.0
208370,2019-10-29,15,42000000.0,231.132.XX.XX (HCM),3df285fa88e71e4f,2019-10-29 15:00:00,278305,44.128.XX.XX (HCM),2019-10-29 15:00:00,1,0.0,1,0,1906,1,1,4.0
76983,2019-07-05,14,50000000.0,116.84.XX.XX (HN),7abf66c2fd70974d,2019-07-05 14:00:00,247159,130.72.XX.XX (HN),2019-07-05 14:00:00,1,0.0,1,0,59,1,1,4.0
121731,2019-12-12,11,40000000.0,161.117.XX.XX (HN),d9ff37ef4428074e,2019-12-12 11:00:00,1267532,211.164.XX.XX (HN),2019-12-12 11:00:00,1,0.0,1,0,22,1,1,4.0
76983,2019-07-08,10,52690000.0,137.47.XX.XX (HN),7abf66c2fd70974d,2019-07-08 10:00:00,247138,220.205.XX.XX (HN),2019-07-08 10:00:00,1,0.0,1,0,65,1,1,4.0
231032,2019-12-18,16,58750000.0,85.216.XX.XX (HCM),f47f67d673ee6e2e,2019-12-18 16:00:00,1103702,42.243.XX.XX (HCM),2019-12-18 16:00:00,1,0.0,1,0,36,1,1,4.0
42523,2019-12-31,15,93960000.0,159.234.XX.XX (DN),a1efe0a7cd9aaeda,2019-12-31 15:00:00,685839,206.77.XX.XX (DN),2019-12-31 15:00:00,1,0.0,1,0,412,1,1,4.0
329870,2019-12-23,15,50000000.0,111.204.XX.XX (HCM),42be79df73b272fb,2019-12-23 15:00:00,541141,29.145.XX.XX (HCM),2019-12-23 15:00:00,1,0.0,1,0,243,1,1,4.0
204205,2019-08-23,16,65268178.0,74.214.XX.XX (DN),6c2999ab2d888d7f,2019-08-23 16:00:00,695948,79.12.XX.XX (DN),2019-08-23 16:00:00,1,0.0,1,0,63,1,1,4.0
65439,2019-08-05,16,65000000.0,222.58.XX.XX (HCM),c39a6d2ae8883a4d,2019-08-05 16:00:00,629026,179.235.XX.XX (HCM),2019-08-05 16:00:00,1,0.0,1,0,40,1,1,4.0
283449,2019-11-04,11,190000000.0,199.244.XX.XX (HN),06daf7ff4a047e91,2019-11-04 11:00:00,1369128,174.104.XX.XX (HN),2019-11-04 11:00:00,1,0.0,1,0,3,1,1,4.0
76983,2019-07-12,15,121790000.0,66.208.XX.XX (HN),7abf66c2fd70974d,2019-07-12 15:00:00,247163,21.136.XX.XX (HN),2019-07-12 15:00:00,1,0.0,1,0,77,1,1,4.0
401313,2019-11-14,14,115200000.0,167.134.XX.XX (HN),c438bafb9e1bc068,2019-11-14 14:00:00,1117104,203.56.XX.XX (HN),2019-11-14 14:00:00,1,0.0,1,0,22,1,1,4.0
396811,2019-11-02,9,101000000.0,152.235.XX.XX (HP),87d59b6a33a67eeb,2019-11-02 09:00:00,534065,86.166.XX.XX (HP),2019-11-02 09:00:00,1,0.0,1,0,124,1,1,4.0
470839,2019-04-26,12,100000000.0,151.63.XX.XX (HN),4630476544961d25,2019-04-26 12:00:00,9620,77.83.XX.XX (HN),2019-04-26 12:00:00,1,0.0,1,0,147,1,1,4.0
307314,2019-11-19,15,250000000.0,94.215.XX.XX (HN),a88c025e56e946b7,2019-11-19 15:00:00,232987,233.217.XX.XX (HN),2019-11-19 15:00:00,1,0.0,1,0,203,1,1,4.0
310030,2019-10-14,9,54340000.0,218.251.XX.XX (HP),e634d67e9304a1d8,2019-10-14 09:00:00,728347,95.151.XX.XX (HP),2019-10-14 09:00:00,1,0.0,1,0,133,1,1,4.0
264780,2019-10-01,10,257180000.0,235.155.XX.XX (HN),ee5d588b948129c9,2019-10-01 10:00:00,341318,111.221.XX.XX (HN),2019-10-01 10:00:00,1,0.0,1,0,47,1,1,4.0
453109,2019-09-30,12,100000000.0,46.169.XX.XX (HCM),6bfd5e2a83c52358,2019-09-30 12:00:00,952624,198.194.XX.XX (HN),2019-09-30 12:00:00,1,0.0,1,0,93,1,1,4.0
332723,2019-12-10,16,42157154.0,243.44.XX.XX (HN),e4f30d73015ac171,2019-12-10 16:00:00,308230,26.43.XX.XX (HN),2019-12-10 16:00:00,1,0.0,1,0,414,1,1,4.0
268968,2019-07-06,8,80000000.0,182.169.XX.XX (HN),411b27ff0f7a5961,2019-07-06 08:00:00,5452,191.142.XX.XX (HN),2019-07-06 08:00:00,1,0.0,1,0,123,1,1,4.0
72411,2019-06-07,22,100466000.0,254.117.XX.XX (HCM),b6ae27092a230dc6,2019-06-07 22:00:00,70267,181.65.XX.XX (HCM),2019-06-07 22:00:00,1,0.0,1,0,360,1,1,4.0
247268,2019-11-25,11,48000000.0,179.212.XX.XX (BD),ad5daa0c15508d4d,2019-11-25 11:00:00,226310,155.13.XX.XX (BD),2019-11-25 11:00:00,1,0.0,1,0,79,1,1,4.0
268968,2019-07-18,9,55300000.0,172.184.XX.XX (HN),411b27ff0f7a5961,2019-07-18 09:00:00,5551,18.176.XX.XX (HN),2019-07-18 09:00:00,1,0.0,1,0,141,1,1,4.0
76983,2019-08-08,10,40000000.0,218.190.XX.XX (HN),7abf66c2fd70974d,2019-08-08 10:00:00,247079,156.93.XX.XX (HN),2019-08-08 10:00:00,1,0.0,1,0,114,1,1,4.0
51805,2019-10-18,8,89000000.0,202.142.XX.XX (HCM),2f8ce614c2e6831d,2019-10-18 08:00:00,1093054,171.197.XX.XX (HCM),2019-10-18 08:00:00,1,0.0,1,0,26,1,1,4.0
170490,2019-08-28,15,43670000.0,220.199.XX.XX (HCM),be5912e858b26ece,2019-08-28 15:00:00,579531,123.34.XX.XX (HCM),2019-08-28 15:00:00,1,0.0,1,0,80,1,1,4.0
261918,2019-09-26,15,100000000.0,16.55.XX.XX (HP),f7ec851fce4d4389,2019-09-26 15:00:00,887328,191.13.XX.XX (HP),2019-09-26 15:00:00,1,0.0,1,0,13,1,1,4.0
435895,2019-12-20,14,55000000.0,13.50.XX.XX (HCM),cf0e61272865f6cb,2019-12-20 14:00:00,323051,203.135.XX.XX (HCM),2019-12-20 14:00:00,1,0.0,1,0,30,1,1,4.0
130315,2019-09-09,17,90000000.0,15.187.XX.XX (HCM),bcd8d680c6f84013,2019-09-09 17:00:00,721139,58.70.XX.XX (HCM),2019-09-09 17:00:00,1,0.0,1,0,227,1,1,4.0
204261,2019-11-21,15,100000000.0,254.84.XX.XX (HCM),33adb4c915adb063,2019-11-21 15:00:00,1108919,149.246.XX.XX (HCM),2019-11-21 15:00:00,1,0.0,1,0,35,1,1,4.0
17045,2019-12-19,18,40000000.0,169.41.XX.XX (HN),57e49eb501b40fcf,2019-12-19 18:00:00,741580,64.68.XX.XX (HN),2019-12-19 18:00:00,1,0.0,1,0,88,1,1,4.0
17045,2019-12-19,22,50324000.0,74.9.XX.XX (HN),57e49eb501b40fcf,2019-12-19 22:00:00,741506,228.23.XX.XX (HN),2019-12-19 22:00:00,1,0.0,1,0,90,1,1,4.0
411228,2019-12-02,11,126200000.0,14.84.XX.XX (HCM),5867fea34973d028,2019-12-02 11:00:00,610588,136.243.XX.XX (HCM),2019-12-02 11:00:00,1,0.0,1,0,122,1,1,4.0
17045,2019-12-22,9,80000000.0,208.192.XX.XX (HN),57e49eb501b40fcf,2019-12-22 09:00:00,741508,35.27.XX.XX (HN),2019-12-22 09:00:00,1,0.0,1,0,97,1,1,4.0
258123,2019-08-27,16,38000000.0,223.8.XX.XX (CT),e73c15ed541dac04,2019-08-27 16:00:00,57728,236.38.XX.XX (CT),2019-08-27 16:00:00,1,0.0,1,0,200,1,1,4.0
76983,2019-09-26,7,51500000.0,11.86.XX.XX (HN),7abf66c2fd70974d,2019-09-26 07:00:00,247106,182.207.XX.XX (HN),2019-09-26 07:00:00,1,0.0,1,0,152,1,1,4.0
17045,2019-12-24,12,40000000.0,48.43.XX.XX (HN),57e49eb501b40fcf,2019-12-24 12:00:00,741537,116.166.XX.XX (HN),2019-12-24 12:00:00,1,0.0,1,0,103,1,1,4.0
264780,2019-10-10,19,59280949.0,6.42.XX.XX (HN),ee5d588b948129c9,2019-10-10 19:00:00,341248,163.213.XX.XX (HN),2019-10-10 19:00:00,1,0.0,1,0,59,1,1,4.0
332723,2019-12-19,15,46180000.0,21.150.XX.XX (HN),e4f30d73015ac171,2019-12-19 15:00:00,308007,97.211.XX.XX (HN),2019-12-19 15:00:00,1,0.0,1,0,433,1,1,4.0
370198,2019-12-17,11,265084400.0,238.178.XX.XX (HN),7848caf90922fefa,2019-12-17 11:00:00,32965,208.91.XX.XX (HN),2019-12-17 11:00:00,1,0.0,1,0,19,1,1,4.0
51805,2019-11-22,11,174000000.0,172.199.XX.XX (HCM),2f8ce614c2e6831d,2019-11-22 11:00:00,1093079,26.35.XX.XX (HCM),2019-11-22 11:00:00,1,0.0,1,0,99,1,1,4.0
114658,2019-11-14,14,52000000.0,92.97.XX.XX (HN),f22cc71df94eca2d,2019-11-14 14:00:00,1142169,90.47.XX.XX (HN),2019-11-14 14:00:00,1,0.0,1,0,61,1,1,4.0
363294,2019-09-19,9,47000000.0,53.103.XX.XX (BD),346e8617b85bb559,2019-09-19 09:00:00,1014420,46.89.XX.XX (BD),2019-09-19 09:00:00,1,0.0,1,0,1,1,1,4.0
264780,2019-10-17,12,79894308.0,124.155.XX.XX (HN),ee5d588b948129c9,2019-10-17 12:00:00,341231,27.156.XX.XX (HN),2019-10-17 12:00:00,1,0.0,1,0,68,1,1,4.0
165086,2019-06-20,15,136714888.0,169.80.XX.XX (DN),c9ddc435af178949,2019-06-20 15:00:00,329164,53.176.XX.XX (DN),2019-06-20 15:00:00,1,0.0,1,0,109,1,1,4.0
456942,2019-12-31,10,40000000.0,110.141.XX.XX (HN),e409a4ae6eb4a88a,2019-12-31 10:00:00,1339004,40.17.XX.XX (HN),2019-12-31 10:00:00,1,0.0,1,0,11,1,1,4.0
17223,2019-12-23,9,400000000.0,74.154.XX.XX (HCM),ce48146e1794a88b,2019-12-23 09:00:00,380297,207.173.XX.XX (HCM),2019-12-23 09:00:00,1,0.0,1,0,68,1,1,4.0
51805,2019-12-30,19,39150000.0,88.139.XX.XX (HCM),2f8ce614c2e6831d,2019-12-30 19:00:00,1093047,12.158.XX.XX (HCM),2019-12-30 19:00:00,1,0.0,1,0,159,1,1,4.0
200607,2019-07-30,11,72650000.0,183.238.XX.XX (DN),f43561cebb726054,2019-07-30 11:00:00,565036,74.121.XX.XX (DN),2019-07-30 11:00:00,1,0.0,1,0,48,1,1,4.0
264780,2019-10-18,17,41402873.0,115.145.XX.XX (HN),ee5d588b948129c9,2019-10-18 17:00:00,341353,81.176.XX.XX (HN),2019-10-18 17:00:00,1,0.0,1,0,73,1,1,4.0
264780,2019-10-21,17,51785717.0,82.9.XX.XX (HN),ee5d588b948129c9,2019-10-21 17:00:00,341323,190.25.XX.XX (HN),2019-10-21 17:00:00,1,0.0,1,0,78,1,1,4.0
314189,2019-11-25,14,400000000.0,118.7.XX.XX (HCM),7b75b736535b4e5e,2019-11-25 14:00:00,1267008,175.198.XX.XX (HCM),2019-11-25 14:00:00,1,0.0,1,0,33,1,1,4.0
130315,2019-11-06,19,60000000.0,92.176.XX.XX (HCM),bcd8d680c6f84013,2019-11-06 19:00:00,721197,4.250.XX.XX (HCM),2019-11-06 19:00:00,1,0.0,1,0,304,1,1,4.0
264780,2019-10-21,18,39169871.0,60.39.XX.XX (HN),ee5d588b948129c9,2019-10-21 18:00:00,341321,221.150.XX.XX (HN),2019-10-21 18:00:00,1,0.0,1,0,81,1,1,4.0
17404,2019-11-21,18,130000000.0,89.39.XX.XX (HCM),73b365a18db49df5,2019-11-21 18:00:00,946679,240.59.XX.XX (HCM),2019-11-21 18:00:00,1,0.0,1,0,35,1,1,4.0
393920,2019-11-02,21,164000000.0,173.236.XX.XX (HN),a77e3d3fd2fb216e,2019-11-02 21:00:00,76800,141.78.XX.XX (HN),2019-11-02 21:00:00,1,0.0,1,0,546,1,1,4.0
404939,2019-10-10,9,39200000.0,112.169.XX.XX (HN),3272c304072f91a0,2019-10-10 09:00:00,193272,91.10.XX.XX (HN),2019-10-10 09:00:00,1,0.0,1,0,119,1,1,4.0
193087,2019-08-05,16,50000000.0,176.202.XX.XX (HP),cf4189106eed897e,2019-08-05 16:00:00,327564,89.124.XX.XX (HP),2019-08-05 16:00:00,1,0.0,1,0,35,1,1,4.0
159221,2019-12-26,20,88000000.0,70.37.XX.XX (TH),84d7890b5c678549,2019-12-26 20:00:00,347220,29.46.XX.XX (TH),2019-12-26 20:00:00,1,0.0,1,0,150,1,1,4.0
464485,2019-06-08,12,50000000.0,65.240.XX.XX (CT),4e3217d65916a82a,2019-06-08 12:00:00,82916,55.122.XX.XX (CT),2019-06-08 12:00:00,1,0.0,1,0,79,1,1,4.0
401313,2019-11-19,15,56420000.0,72.34.XX.XX (HN),c438bafb9e1bc068,2019-11-19 15:00:00,1117144,213.46.XX.XX (HN),2019-11-19 15:00:00,1,0.0,1,0,32,1,1,4.0
200607,2019-11-22,11,51000000.0,13.205.XX.XX (DN),f43561cebb726054,2019-11-22 11:00:00,565006,64.53.XX.XX (DN),2019-11-22 11:00:00,1,0.0,1,0,157,1,1,4.0
427722,2019-12-02,11,187000000.0,172.206.XX.XX (HN),0424ba13852a7691,2019-12-02 11:00:00,1138472,160.92.XX.XX (HN),2019-12-02 11:00:00,1,0.0,1,0,170,1,1,4.0
165086,2019-07-15,9,61000000.0,132.252.XX.XX (DN),c9ddc435af178949,2019-07-15 09:00:00,329247,140.191.XX.XX (DN),2019-07-15 09:00:00,1,0.0,1,0,168,1,1,4.0
264780,2019-10-31,13,48486860.0,203.232.XX.XX (HP),ee5d588b948129c9,2019-10-31 13:00:00,341206,1.250.XX.XX (HN),2019-10-31 13:00:00,1,0.0,1,0,95,1,1,4.0
77277,2019-12-27,15,50950000.0,198.16.XX.XX (TH),c0fa37e31d4a9a8f,2019-12-27 15:00:00,1308262,110.235.XX.XX (TH),2019-12-27 15:00:00,1,0.0,1,0,19,1,1,4.0
91021,2019-03-04,11,350000000.0,254.133.XX.XX (DN),ad4c20fa86e7255c,2019-03-04 11:00:00,14392,24.137.XX.XX (DN),2019-03-04 11:00:00,1,0.0,1,0,66,1,1,4.0
96211,2019-08-20,19,50000000.0,226.172.XX.XX (HCM),706a36bb399ad47d,2019-08-20 19:00:00,561569,153.23.XX.XX (HCM),2019-08-20 19:00:00,1,0.0,1,0,45,1,1,4.0
149789,2019-10-05,9,268800000.0,30.223.XX.XX (HN),bdb4b8ff25eab465,2019-10-05 09:00:00,910375,112.250.XX.XX (HN),2019-10-05 09:00:00,1,0.0,1,0,10,1,1,4.0
84605,2019-12-15,19,38500000.0,128.168.XX.XX (HN),c0dbf01e293b0dd0,2019-12-15 19:00:00,1072309,216.215.XX.XX (HN),2019-12-15 19:00:00,1,0.0,1,0,67,1,1,4.0
377135,2019-11-04,10,50016000.0,141.23.XX.XX (HN),ac1ad60b8b56ec3a,2019-11-04 10:00:00,166022,87.155.XX.XX (HN),2019-11-04 10:00:00,1,0.0,1,0,209,1,1,4.0
261918,2019-11-29,8,470000000.0,139.45.XX.XX (HP),f7ec851fce4d4389,2019-11-29 08:00:00,887344,51.199.XX.XX (HP),2019-11-29 08:00:00,1,0.0,1,0,48,1,1,4.0
401313,2019-11-21,15,77900000.0,197.24.XX.XX (HN),c438bafb9e1bc068,2019-11-21 15:00:00,1117155,71.16.XX.XX (HN),2019-11-21 15:00:00,1,0.0,1,0,36,1,1,4.0
453109,2019-09-30,16,50000000.0,115.253.XX.XX (HN),6bfd5e2a83c52358,2019-09-30 16:00:00,952623,131.191.XX.XX (HN),2019-09-30 16:00:00,1,0.0,1,0,96,1,1,4.0
401313,2019-11-22,16,113400000.0,246.96.XX.XX (HN),c438bafb9e1bc068,2019-11-22 16:00:00,1117107,204.11.XX.XX (HN),2019-11-22 16:00:00,1,0.0,1,0,38,1,1,4.0
283851,2019-10-04,11,100000000.0,243.92.XX.XX (HN),960049b3957e57cb,2019-10-04 11:00:00,525586,30.160.XX.XX (HN),2019-10-04 11:00:00,1,0.0,1,0,47,1,1,4.0
322181,2019-05-29,16,100000000.0,59.152.XX.XX (HCM),6c5921dc97a9dae6,2019-05-29 16:00:00,433406,31.200.XX.XX (HCM),2019-05-29 16:00:00,1,0.0,1,0,11,1,1,4.0
470003,2019-12-25,20,55000000.0,209.53.XX.XX (HN),f433ab4eee9827a4,2019-12-25 20:00:00,747212,144.147.XX.XX (HN),2019-12-25 20:00:00,1,0.0,1,0,169,1,1,4.0
264780,2019-11-07,17,42698977.0,95.194.XX.XX (HN),ee5d588b948129c9,2019-11-07 17:00:00,341256,175.244.XX.XX (HN),2019-11-07 17:00:00,1,0.0,1,0,109,1,1,4.0
420391,2019-07-23,15,91000000.0,199.126.XX.XX (HCM),b4f3d0dd17ff3107,2019-07-23 15:00:00,730070,43.1.XX.XX (HCM),2019-07-23 15:00:00,1,0.0,1,0,2,1,1,4.0
377135,2019-11-27,10,95000000.0,168.116.XX.XX (HN),ac1ad60b8b56ec3a,2019-11-27 10:00:00,166093,75.25.XX.XX (HN),2019-11-27 10:00:00,1,0.0,1,0,247,1,1,4.0
292247,2019-10-30,21,168431700.0,233.201.XX.XX (HN),0ef960c6a0faf784,2019-10-30 21:00:00,700561,137.234.XX.XX (HN),2019-10-30 21:00:00,1,0.0,1,0,455,1,1,4.0
458055,2019-12-04,13,150000000.0,164.102.XX.XX (HN),922df0b825679152,2019-12-04 13:00:00,1067242,155.156.XX.XX (HN),2019-12-04 13:00:00,1,0.0,1,0,59,1,1,4.0
473463,2019-08-02,15,96259900.0,68.64.XX.XX (HCM),67f278db232a52a5,2019-08-02 15:00:00,45451,9.171.XX.XX (HCM),2019-08-02 15:00:00,1,0.0,1,0,70,1,1,4.0
247615,2019-03-05,11,151200000.0,169.81.XX.XX (HN),388d180cf50bc7eb,2019-03-05 11:00:00,17202,62.11.XX.XX (HN),2019-03-05 11:00:00,1,0.0,1,0,10,1,1,4.0
165086,2019-08-09,14,200000000.0,2.204.XX.XX (HP),79b86d80ad7d906e,2019-08-09 14:00:00,328845,127.163.XX.XX (TH),2019-08-09 14:00:00,1,0.0,1,0,231,1,1,4.0
60805,2019-07-19,8,393000000.0,188.128.XX.XX (DN),54f1bec5630159f6,2019-07-19 08:00:00,266926,221.64.XX.XX (DN),2019-07-19 08:00:00,1,0.0,1,0,95,1,1,4.0
60805,2019-07-19,15,40000000.0,168.13.XX.XX (DN),54f1bec5630159f6,2019-07-19 15:00:00,266878,145.113.XX.XX (DN),2019-07-19 15:00:00,1,0.0,1,0,97,1,1,4.0
453109,2019-10-02,17,75450000.0,80.53.XX.XX (HN),6bfd5e2a83c52358,2019-10-02 17:00:00,952422,158.237.XX.XX (HN),2019-10-02 17:00:00,1,0.0,1,0,107,1,1,4.0
303581,2019-12-24,14,50000000.0,4.63.XX.XX (BD),2b91656a0c3431b9,2019-12-24 14:00:00,793871,88.82.XX.XX (BD),2019-12-24 14:00:00,1,0.0,1,0,72,1,1,4.0
426931,2019-10-19,18,49455587.0,148.143.XX.XX (HCM),ff039a5040a17d65,2019-10-19 18:00:00,281649,151.197.XX.XX (HCM),2019-10-19 18:00:00,1,0.0,1,0,113,1,1,4.0
197593,2019-08-21,17,49569197.0,80.37.XX.XX (CT),1363b3523d0a4355,2019-08-21 17:00:00,508745,130.120.XX.XX (CT),2019-08-21 17:00:00,1,0.0,1,0,84,1,1,4.0
264780,2019-11-22,17,403182200.0,177.126.XX.XX (HN),ee5d588b948129c9,2019-11-22 17:00:00,341356,150.245.XX.XX (HN),2019-11-22 17:00:00,1,0.0,1,0,137,1,1,4.0
411309,2019-11-05,16,88209800.0,223.20.XX.XX (HN),be404484f4ccaaa1,2019-11-05 16:00:00,1157739,89.86.XX.XX (HN),2019-11-05 16:00:00,1,0.0,1,0,11,1,1,4.0
96242,2019-11-13,15,43000000.0,213.12.XX.XX (HCM),044c7f60806b0cb0,2019-11-13 15:00:00,175809,44.8.XX.XX (HCM),2019-11-13 15:00:00,1,0.0,1,0,226,1,1,4.0
264780,2019-11-26,17,417763260.0,90.61.XX.XX (HN),ee5d588b948129c9,2019-11-26 17:00:00,341327,8.136.XX.XX (HN),2019-11-26 17:00:00,1,0.0,1,0,146,1,1,4.0
197593,2019-09-18,19,56575750.0,74.32.XX.XX (CT),1363b3523d0a4355,2019-09-18 19:00:00,508776,67.56.XX.XX (CT),2019-09-18 19:00:00,1,0.0,1,0,113,1,1,4.0
201176,2019-08-29,13,44926600.0,38.33.XX.XX (HCM),ee728bfd983927db,2019-08-29 13:00:00,602034,122.165.XX.XX (HCM),2019-08-29 13:00:00,1,0.0,1,0,40,1,1,4.0
463337,2019-11-23,11,50000000.0,237.82.XX.XX (HN),3fdddbe5e17452be,2019-11-23 11:00:00,683872,214.240.XX.XX (HN),2019-11-23 11:00:00,1,0.0,1,0,106,1,1,4.0
51945,2019-10-05,19,38250000.0,227.11.XX.XX (HN),175b051ed4d87b3e,2019-10-05 19:00:00,725563,150.217.XX.XX (HN),2019-10-05 19:00:00,1,0.0,1,0,301,1,1,4.0
60805,2019-07-31,9,80000000.0,23.78.XX.XX (DN),54f1bec5630159f6,2019-07-31 09:00:00,266848,46.117.XX.XX (DN),2019-07-31 09:00:00,1,0.0,1,0,116,1,1,4.0
201176,2019-12-03,11,67200000.0,183.40.XX.XX (HCM),ee728bfd983927db,2019-12-03 11:00:00,602076,160.179.XX.XX (HCM),2019-12-03 11:00:00,1,0.0,1,0,122,1,1,4.0
165086,2019-09-08,11,40000000.0,31.166.XX.XX (DN),c9ddc435af178949,2019-09-08 11:00:00,329108,101.167.XX.XX (DN),2019-09-08 11:00:00,1,0.0,1,0,316,1,1,4.0
193102,2019-08-07,9,175916000.0,231.27.XX.XX (HCM),6870f8582eb3049a,2019-08-07 09:00:00,682763,164.225.XX.XX (HCM),2019-08-07 09:00:00,1,0.0,1,0,20,1,1,4.0
170490,2019-12-03,7,110000000.0,25.23.XX.XX (HCM),be5912e858b26ece,2019-12-03 07:00:00,579471,73.2.XX.XX (HCM),2019-12-03 07:00:00,1,0.0,1,0,237,1,1,4.0
395186,2019-07-15,14,65000000.0,56.155.XX.XX (DN),74289990f7b66ec6,2019-07-15 14:00:00,2287,78.175.XX.XX (DN),2019-07-15 14:00:00,1,0.0,1,0,30,1,1,4.0
44662,2019-12-17,15,94390000.0,88.90.XX.XX (HN),e24baed7bfe9ace8,2019-12-17 15:00:00,1247671,202.89.XX.XX (HN),2019-12-17 15:00:00,1,0.0,1,0,42,1,1,4.0
85178,2019-12-07,11,150000000.0,64.236.XX.XX (HN),4eeca26ffa691331,2019-12-07 11:00:00,1302633,134.213.XX.XX (HCM),2019-12-07 11:00:00,1,0.0,1,0,1,1,1,4.0
193102,2019-08-08,14,213459012.0,120.220.XX.XX (HCM),6870f8582eb3049a,2019-08-08 14:00:00,682774,141.51.XX.XX (HCM),2019-08-08 14:00:00,1,0.0,1,0,23,1,1,4.0
377135,2019-12-28,9,50000000.0,63.124.XX.XX (HN),ac1ad60b8b56ec3a,2019-12-28 09:00:00,166180,3.126.XX.XX (HN),2019-12-28 09:00:00,1,0.0,1,0,284,1,1,4.0
60805,2019-08-23,13,115167816.0,190.4.XX.XX (DN),54f1bec5630159f6,2019-08-23 13:00:00,266853,36.243.XX.XX (DN),2019-08-23 13:00:00,1,0.0,1,0,137,1,1,4.0
204618,2019-12-30,13,50002700.0,6.8.XX.XX (HP),3956692dca3d3a6b,2019-12-30 13:00:00,742067,155.132.XX.XX (HP),2019-12-30 13:00:00,1,0.0,1,0,148,1,1,4.0
91021,2019-04-26,9,50000000.0,181.44.XX.XX (DN),ad4c20fa86e7255c,2019-04-26 09:00:00,14360,227.124.XX.XX (DN),2019-04-26 09:00:00,1,0.0,1,0,202,1,1,4.0
193102,2019-08-13,8,284920000.0,46.212.XX.XX (HCM),6870f8582eb3049a,2019-08-13 08:00:00,682775,179.150.XX.XX (HCM),2019-08-13 08:00:00,1,0.0,1,0,27,1,1,4.0
348242,2019-10-09,18,145233000.0,113.26.XX.XX (BD),5afac37c18190bfb,2019-10-09 18:00:00,806418,14.237.XX.XX (CT),2019-10-09 18:00:00,1,0.0,1,0,233,1,1,4.0
332872,2019-12-12,11,40000000.0,211.115.XX.XX (CT),b5970f120aa34d13,2019-12-12 11:00:00,1024011,51.53.XX.XX (CT),2019-12-12 11:00:00,1,0.0,1,0,93,1,1,4.0
453109,2019-12-10,13,225000000.0,85.63.XX.XX (HN),6bfd5e2a83c52358,2019-12-10 13:00:00,952652,242.89.XX.XX (HN),2019-12-10 13:00:00,1,0.0,1,0,344,1,1,4.0
348242,2019-10-10,19,140568940.0,188.238.XX.XX (BD),5afac37c18190bfb,2019-10-10 19:00:00,806215,66.175.XX.XX (BD),2019-10-10 19:00:00,1,0.0,1,0,236,1,1,4.0
247615,2019-06-03,13,221500000.0,246.145.XX.XX (HN),388d180cf50bc7eb,2019-06-03 13:00:00,17190,228.10.XX.XX (HN),2019-06-03 13:00:00,1,0.0,1,0,29,1,1,4.0
264780,2019-12-06,17,301000000.0,188.171.XX.XX (HN),ee5d588b948129c9,2019-12-06 17:00:00,341331,124.133.XX.XX (HN),2019-12-06 17:00:00,1,0.0,1,0,172,1,1,4.0
170490,2019-12-23,7,50000000.0,17.2.XX.XX (HCM),be5912e858b26ece,2019-12-23 07:00:00,579551,155.150.XX.XX (HCM),2019-12-23 07:00:00,1,0.0,1,0,267,1,1,4.0
264780,2019-12-09,17,54312433.0,33.212.XX.XX (HN),ee5d588b948129c9,2019-12-09 17:00:00,341273,145.249.XX.XX (HN),2019-12-09 17:00:00,1,0.0,1,0,178,1,1,4.0
264780,2019-12-10,13,42000000.0,216.151.XX.XX (HN),ee5d588b948129c9,2019-12-10 13:00:00,341306,57.157.XX.XX (HN),2019-12-10 13:00:00,1,0.0,1,0,182,1,1,4.0
27790,2019-09-04,16,70000000.0,170.118.XX.XX (HN),ba72d1a42efbe638,2019-09-04 16:00:00,96890,25.203.XX.XX (HN),2019-09-04 16:00:00,1,0.0,1,0,107,1,1,4.0
193102,2019-09-09,8,288184000.0,125.167.XX.XX (HCM),6870f8582eb3049a,2019-09-09 08:00:00,682794,177.2.XX.XX (HCM),2019-09-09 08:00:00,1,0.0,1,0,42,1,1,4.0
453109,2019-10-03,9,100000000.0,137.43.XX.XX (HN),6bfd5e2a83c52358,2019-10-03 09:00:00,952421,28.50.XX.XX (HP),2019-10-03 09:00:00,1,0.0,1,0,111,1,1,4.0
453109,2019-11-09,19,107000000.0,60.98.XX.XX (HN),6bfd5e2a83c52358,2019-11-09 19:00:00,952637,250.171.XX.XX (HN),2019-11-09 19:00:00,1,0.0,1,0,240,1,1,4.0
284000,2019-12-03,17,45000000.0,113.24.XX.XX (HCM),e228cf34f830bbd6,2019-12-03 17:00:00,1399422,158.148.XX.XX (HCM),2019-12-03 17:00:00,1,0.0,1,0,1,1,1,4.0
332872,2019-12-24,11,62189000.0,138.44.XX.XX (CT),b5970f120aa34d13,2019-12-24 11:00:00,1023982,68.232.XX.XX (CT),2019-12-24 11:00:00,1,0.0,1,0,131,1,1,4.0
398997,2019-12-27,20,46150000.0,232.216.XX.XX (HCM),ba4f37bfc260ee28,2019-12-27 20:00:00,864430,118.248.XX.XX (HCM),2019-12-27 20:00:00,1,0.0,1,0,262,1,1,4.0
187980,2019-10-09,16,41000000.0,71.41.XX.XX (HP),d8231c6b7a4ec0ac,2019-10-09 16:00:00,846332,247.108.XX.XX (HCM),2019-10-09 16:00:00,1,0.0,1,0,288,1,1,4.0
150206,2019-05-16,22,76500000.0,217.221.XX.XX (HCM),e1def1cc2239f160,2019-05-16 22:00:00,178402,221.5.XX.XX (HCM),2019-05-16 22:00:00,1,0.0,1,0,65,1,1,4.0
449930,2019-08-20,13,120000000.0,95.9.XX.XX (CT),e484a90d4853c895,2019-08-20 13:00:00,55245,91.247.XX.XX (CT),2019-08-20 13:00:00,1,0.0,1,0,283,1,1,4.0
96470,2019-11-06,16,55000000.0,77.87.XX.XX (DN),e905e0f40e2ef69d,2019-11-06 16:00:00,633203,27.10.XX.XX (DN),2019-11-06 16:00:00,1,0.0,1,0,44,1,1,4.0
165086,2019-10-08,8,46000000.0,178.234.XX.XX (DN),c9ddc435af178949,2019-10-08 08:00:00,329273,222.242.XX.XX (DN),2019-10-08 08:00:00,1,0.0,1,0,386,1,1,4.0
264780,2019-12-17,16,354204000.0,136.32.XX.XX (HN),ee5d588b948129c9,2019-12-17 16:00:00,341335,217.38.XX.XX (HN),2019-12-17 16:00:00,1,0.0,1,0,196,1,1,4.0
384117,2019-10-18,14,69500000.0,28.60.XX.XX (HCM),4270662220dabedc,2019-10-18 14:00:00,1037306,250.84.XX.XX (HCM),2019-10-18 14:00:00,1,0.0,1,0,43,1,1,4.0
27893,2019-09-10,9,41720330.0,156.218.XX.XX (HCM),d2ec8ed9cdc43f8f,2019-09-10 09:00:00,137782,87.253.XX.XX (HCM),2019-09-10 09:00:00,1,0.0,1,0,71,1,1,4.0
91021,2019-06-24,23,61000000.0,16.119.XX.XX (DN),ad4c20fa86e7255c,2019-06-24 23:00:00,14372,121.38.XX.XX (DN),2019-06-24 23:00:00,1,0.0,1,0,286,1,1,4.0
322181,2019-07-22,9,365000000.0,129.185.XX.XX (HCM),6c5921dc97a9dae6,2019-07-22 09:00:00,433409,219.200.XX.XX (HCM),2019-07-22 09:00:00,1,0.0,1,0,49,1,1,4.0
315481,2019-11-04,16,202000000.0,240.99.XX.XX (HCM),a045c53fa2862efc,2019-11-04 16:00:00,1168072,213.37.XX.XX (HCM),2019-11-04 16:00:00,1,0.0,1,0,24,1,1,4.0
150206,2019-11-13,12,60000000.0,196.4.XX.XX (HCM),e1def1cc2239f160,2019-11-13 12:00:00,178529,118.248.XX.XX (HCM),2019-11-13 12:00:00,1,0.0,1,0,202,1,1,4.0
44677,2019-08-01,11,210500000.0,15.79.XX.XX (DN),292f80ef5a9c81c9,2019-08-01 11:00:00,672404,217.179.XX.XX (DN),2019-08-01 11:00:00,1,0.0,1,0,88,1,1,4.0
91021,2019-06-27,12,88994468.0,182.203.XX.XX (DN),ad4c20fa86e7255c,2019-06-27 12:00:00,14375,238.118.XX.XX (DN),2019-06-27 12:00:00,1,0.0,1,0,296,1,1,4.0
91021,2019-06-27,13,40000000.0,138.216.XX.XX (DN),ad4c20fa86e7255c,2019-06-27 13:00:00,14314,39.59.XX.XX (DN),2019-06-27 13:00:00,1,0.0,1,0,298,1,1,4.0
155000,2019-05-16,13,135560000.0,50.112.XX.XX (CT),57b73df9f8d47d26,2019-05-16 13:00:00,551061,96.210.XX.XX (CT),2019-05-16 13:00:00,1,0.0,1,0,17,1,1,4.0
327258,2019-11-01,11,60389000.0,231.13.XX.XX (HCM),450476252ee5d226,2019-11-01 11:00:00,788318,222.181.XX.XX (HCM),2019-11-01 11:00:00,1,0.0,1,0,52,1,1,4.0
9322,2019-05-18,7,199100000.0,159.10.XX.XX (HCM),381bb889bab1e1f0,2019-05-18 07:00:00,601323,133.181.XX.XX (HCM),2019-05-18 07:00:00,1,0.0,1,0,10,1,1,4.0
9322,2019-05-18,7,200000000.0,76.206.XX.XX (HCM),381bb889bab1e1f0,2019-05-18 07:00:00,601335,159.10.XX.XX (HCM),2019-05-18 07:00:00,1,0.0,1,0,11,1,1,4.0
310122,2019-12-30,13,57400000.0,77.157.XX.XX (HN),ea7dd8b62d1dbf4f,2019-12-30 13:00:00,763052,146.190.XX.XX (HN),2019-12-30 13:00:00,1,0.0,1,0,421,1,1,4.0
327258,2019-11-02,10,48309710.0,6.7.XX.XX (HCM),450476252ee5d226,2019-11-02 10:00:00,788312,226.214.XX.XX (HCM),2019-11-02 10:00:00,1,0.0,1,0,54,1,1,4.0
91021,2019-07-04,16,45000000.0,192.61.XX.XX (DN),ad4c20fa86e7255c,2019-07-04 16:00:00,14317,59.88.XX.XX (DN),2019-07-04 16:00:00,1,0.0,1,0,311,1,1,4.0
3850,2019-10-30,9,218500000.0,229.139.XX.XX (HN),a31b9694a591291c,2019-10-30 09:00:00,676969,40.232.XX.XX (HN),2019-10-30 09:00:00,1,0.0,1,0,113,1,1,4.0
28205,2019-05-23,19,47070000.0,175.208.XX.XX (HN),272ad07a232da21e,2019-05-23 19:00:00,367049,188.133.XX.XX (HN),2019-05-23 19:00:00,1,0.0,1,0,14,1,1,4.0
401313,2019-12-06,15,45200000.0,208.142.XX.XX (HN),c438bafb9e1bc068,2019-12-06 15:00:00,1117172,127.48.XX.XX (HN),2019-12-06 15:00:00,1,0.0,1,0,70,1,1,4.0
391597,2019-04-29,18,50310000.0,80.142.XX.XX (DN),3fce9fe2eaa7783f,2019-04-29 18:00:00,79599,236.192.XX.XX (DN),2019-04-29 18:00:00,1,0.0,1,0,28,1,1,4.0
264780,2019-12-25,16,480279158.0,217.19.XX.XX (HN),ee5d588b948129c9,2019-12-25 16:00:00,341311,80.201.XX.XX (HN),2019-12-25 16:00:00,1,0.0,1,0,215,1,1,4.0
247615,2019-10-02,9,95000000.0,148.128.XX.XX (HN),388d180cf50bc7eb,2019-10-02 09:00:00,17193,153.98.XX.XX (HN),2019-10-02 09:00:00,1,0.0,1,0,70,1,1,4.0
395186,2019-08-14,14,53000000.0,113.160.XX.XX (DN),74289990f7b66ec6,2019-08-14 14:00:00,2288,31.70.XX.XX (DN),2019-08-14 14:00:00,1,0.0,1,0,53,1,1,4.0
91021,2019-07-15,16,50000000.0,6.245.XX.XX (DN),ad4c20fa86e7255c,2019-07-15 16:00:00,14378,43.131.XX.XX (DN),2019-07-15 16:00:00,1,0.0,1,0,321,1,1,4.0
374229,2019-11-01,11,48200000.0,154.182.XX.XX (DN),10943d30745090cc,2019-11-01 11:00:00,114125,41.143.XX.XX (DN),2019-11-01 11:00:00,1,0.0,1,0,148,1,1,4.0
18773,2019-09-11,14,82600000.0,87.93.XX.XX (HCM),b60bcb1f99889df5,2019-09-11 14:00:00,927778,114.178.XX.XX (HCM),2019-09-11 14:00:00,1,0.0,1,0,8,1,1,4.0
367627,2019-11-07,15,100000000.0,77.7.XX.XX (HN),cb9708bbd2b1e812,2019-11-07 15:00:00,911940,217.154.XX.XX (HN),2019-11-07 15:00:00,1,0.0,1,0,62,1,1,4.0
264780,2019-12-27,17,450000000.0,220.115.XX.XX (HN),ee5d588b948129c9,2019-12-27 17:00:00,341366,157.68.XX.XX (HN),2019-12-27 17:00:00,1,0.0,1,0,222,1,1,4.0
3850,2019-11-21,10,89500000.0,163.248.XX.XX (HN),a31b9694a591291c,2019-11-21 10:00:00,677030,183.92.XX.XX (HN),2019-11-21 10:00:00,1,0.0,1,0,129,1,1,4.0
453109,2019-12-10,14,163470184.0,83.238.XX.XX (HN),6bfd5e2a83c52358,2019-12-10 14:00:00,952548,202.170.XX.XX (HN),2019-12-10 14:00:00,1,0.0,1,0,346,1,1,4.0
37315,2019-11-07,23,50000000.0,227.45.XX.XX (HP),49739d22b0df4907,2019-11-07 23:00:00,1212279,33.132.XX.XX (HP),2019-11-07 23:00:00,1,0.0,1,0,1,1,1,4.0
449930,2019-08-29,20,129000000.0,91.99.XX.XX (CT),e484a90d4853c895,2019-08-29 20:00:00,55023,193.39.XX.XX (CT),2019-08-29 20:00:00,1,0.0,1,0,304,1,1,4.0
72411,2019-10-19,7,67090000.0,234.92.XX.XX (HCM),b6ae27092a230dc6,2019-10-19 07:00:00,70511,227.162.XX.XX (HCM),2019-10-19 07:00:00,1,0.0,1,0,585,1,1,4.0
208499,2019-11-12,10,55000000.0,91.146.XX.XX (HN),e01fc128e5ddf834,2019-11-12 10:00:00,810856,216.81.XX.XX (HN),2019-11-12 10:00:00,1,0.0,1,0,65,1,1,4.0
393920,2019-11-21,14,40000000.0,24.7.XX.XX (HN),a77e3d3fd2fb216e,2019-11-21 14:00:00,76996,195.34.XX.XX (HN),2019-11-21 14:00:00,1,0.0,1,0,628,1,1,4.0
346091,2019-12-19,0,40000000.0,74.155.XX.XX (BD),591108aeebeb0455,2019-12-19 00:00:00,1321977,163.206.XX.XX (BD),2019-12-19 00:00:00,1,0.0,1,0,10,1,1,4.0
453109,2019-11-11,6,700000000.0,28.198.XX.XX (HN),6bfd5e2a83c52358,2019-11-11 06:00:00,952638,179.129.XX.XX (HN),2019-11-11 06:00:00,1,0.0,1,0,243,1,1,4.0
367627,2019-11-12,13,50000000.0,13.161.XX.XX (HN),cb9708bbd2b1e812,2019-11-12 13:00:00,911941,55.228.XX.XX (HN),2019-11-12 13:00:00,1,0.0,1,0,76,1,1,4.0
184243,2019-12-30,7,71936667.0,50.126.XX.XX (TH),df2d63a2ccb8ea16,2019-12-30 07:00:00,1292042,200.34.XX.XX (TH),2019-12-30 07:00:00,1,0.0,1,0,32,1,1,4.0
28228,2019-08-26,17,405000000.0,168.131.XX.XX (HN),e3c3738c5edd65bb,2019-08-26 17:00:00,912896,174.238.XX.XX (HN),2019-08-26 17:00:00,1,0.0,1,0,12,1,1,4.0
3850,2019-12-05,9,44000000.0,170.188.XX.XX (HN),a31b9694a591291c,2019-12-05 09:00:00,677034,112.185.XX.XX (HN),2019-12-05 09:00:00,1,0.0,1,0,151,1,1,4.0
105606,2019-05-09,14,149000000.0,61.119.XX.XX (BD),1f8b94e16d50771d,2019-05-09 14:00:00,207979,84.154.XX.XX (BD),2019-05-09 14:00:00,1,0.0,1,0,20,1,1,4.0
232265,2019-04-10,17,80000000.0,41.43.XX.XX (HCM),3dd9595d7143df29,2019-04-10 17:00:00,203370,3.18.XX.XX (HCM),2019-04-10 17:00:00,1,0.0,1,0,1,1,1,4.0
390084,2019-12-17,17,84150000.0,101.242.XX.XX (HN),f31785af113f976a,2019-12-17 17:00:00,1208273,243.124.XX.XX (HN),2019-12-17 17:00:00,1,0.0,1,0,114,1,1,4.0
401313,2019-12-11,15,127420000.0,77.199.XX.XX (HN),c438bafb9e1bc068,2019-12-11 15:00:00,1117082,58.56.XX.XX (HN),2019-12-11 15:00:00,1,0.0,1,0,81,1,1,4.0
18883,2019-05-06,10,300000000.0,44.165.XX.XX (HCM),bb93bb700796613e,2019-05-06 10:00:00,143008,25.66.XX.XX (HCM),2019-05-06 10:00:00,1,0.0,1,0,30,1,1,4.0
91021,2019-09-26,15,200000000.0,227.202.XX.XX (DN),ad4c20fa86e7255c,2019-09-26 15:00:00,14168,53.228.XX.XX (DN),2019-09-26 15:00:00,1,0.0,1,0,373,1,1,4.0
91021,2019-10-06,16,58000000.0,3.150.XX.XX (DN),ad4c20fa86e7255c,2019-10-06 16:00:00,14270,88.91.XX.XX (DN),2019-10-06 16:00:00,1,0.0,1,0,377,1,1,4.0
406183,2019-07-11,13,48000000.0,23.34.XX.XX (HCM),beee5f11ecefdfbf,2019-07-11 13:00:00,642173,180.29.XX.XX (HCM),2019-07-11 13:00:00,1,0.0,1,0,14,1,1,4.0
105606,2019-07-08,18,50000000.0,62.129.XX.XX (BD),1f8b94e16d50771d,2019-07-08 18:00:00,207983,99.197.XX.XX (BD),2019-07-08 18:00:00,1,0.0,1,0,60,1,1,4.0
401313,2019-12-12,16,47480000.0,114.246.XX.XX (HN),c438bafb9e1bc068,2019-12-12 16:00:00,1117173,90.33.XX.XX (HN),2019-12-12 16:00:00,1,0.0,1,0,84,1,1,4.0
18883,2019-05-15,14,200000000.0,216.188.XX.XX (HCM),bb93bb700796613e,2019-05-15 14:00:00,143050,159.192.XX.XX (HCM),2019-05-15 14:00:00,1,0.0,1,0,40,1,1,4.0
489106,2019-09-17,9,233800000.0,129.161.XX.XX (HCM),080b61ff6ec3153f,2019-09-17 09:00:00,806725,19.221.XX.XX (HCM),2019-09-17 09:00:00,1,0.0,1,0,21,1,1,4.0
28228,2019-09-30,10,400000000.0,62.71.XX.XX (HN),e3c3738c5edd65bb,2019-09-30 10:00:00,912900,116.232.XX.XX (HN),2019-09-30 10:00:00,1,0.0,1,0,36,1,1,4.0
453109,2019-10-04,16,52427504.0,60.13.XX.XX (HN),6bfd5e2a83c52358,2019-10-04 16:00:00,952481,71.101.XX.XX (HN),2019-10-04 16:00:00,1,0.0,1,0,120,1,1,4.0
165086,2019-11-04,15,111800000.0,231.99.XX.XX (DN),c9ddc435af178949,2019-11-04 15:00:00,328960,101.180.XX.XX (DN),2019-11-04 15:00:00,1,0.0,1,0,474,1,1,4.0
340282,2019-12-28,9,100000000.0,236.57.XX.XX (HCM),f53da2b49a35bdb4,2019-12-28 09:00:00,568425,105.116.XX.XX (HCM),2019-12-28 09:00:00,1,0.0,1,0,147,1,1,4.0
18883,2019-05-31,14,70000000.0,22.229.XX.XX (HCM),bb93bb700796613e,2019-05-31 14:00:00,143127,90.144.XX.XX (HCM),2019-05-31 14:00:00,1,0.0,1,0,51,1,1,4.0
28228,2019-10-03,17,300000000.0,177.173.XX.XX (HN),e3c3738c5edd65bb,2019-10-03 17:00:00,912873,58.143.XX.XX (HN),2019-10-03 17:00:00,1,0.0,1,0,40,1,1,4.0
77685,2019-08-27,13,50000000.0,103.158.XX.XX (NA),f6d479283000ede8,2019-08-27 13:00:00,256226,140.82.XX.XX (NA),2019-08-27 13:00:00,1,0.0,1,0,71,1,1,4.0
109915,2019-12-17,13,100000000.0,104.118.XX.XX (TH),ea889b71e10f1bda,2019-12-17 13:00:00,311076,147.76.XX.XX (TH),2019-12-17 13:00:00,1,0.0,1,0,97,1,1,4.0
298617,2019-11-29,10,80000000.0,75.23.XX.XX (TH),a95d5f94937c3a8f,2019-11-29 10:00:00,1206204,227.151.XX.XX (TH),2019-11-29 10:00:00,1,0.0,1,0,27,1,1,4.0
258898,2019-12-07,10,50000000.0,224.250.XX.XX (HN),46cc6db4bd7ce6ca,2019-12-07 10:00:00,798218,144.142.XX.XX (HN),2019-12-07 10:00:00,1,0.0,1,0,120,1,1,4.0
307748,2019-10-13,16,55000000.0,141.202.XX.XX (HCM),766470db8a16d43c,2019-10-13 16:00:00,529376,133.176.XX.XX (HCM),2019-10-13 16:00:00,1,0.0,1,0,72,1,1,4.0
44677,2019-09-03,10,278000000.0,28.21.XX.XX (DN),292f80ef5a9c81c9,2019-09-03 10:00:00,672188,3.109.XX.XX (DN),2019-09-03 10:00:00,1,0.0,1,0,194,1,1,4.0
453109,2019-12-10,15,134544685.0,252.26.XX.XX (HP),6bfd5e2a83c52358,2019-12-10 15:00:00,952603,201.142.XX.XX (HN),2019-12-10 15:00:00,1,0.0,1,0,348,1,1,4.0
150603,2019-10-18,14,200000000.0,163.117.XX.XX (HCM),9e6e56aa7efe29cf,2019-10-18 14:00:00,1136811,174.110.XX.XX (HCM),2019-10-18 14:00:00,1,0.0,1,0,1,1,1,4.0
155000,2019-11-05,21,200000000.0,174.198.XX.XX (CT),57b73df9f8d47d26,2019-11-05 21:00:00,551103,119.248.XX.XX (CT),2019-11-05 21:00:00,1,0.0,1,0,93,1,1,4.0
187980,2019-12-17,17,43500000.0,202.36.XX.XX (HCM),d8231c6b7a4ec0ac,2019-12-17 17:00:00,846590,198.148.XX.XX (HCM),2019-12-17 17:00:00,1,0.0,1,0,695,1,1,4.0
407568,2019-10-28,22,105000000.0,177.11.XX.XX (BD),b535e75671e8988f,2019-10-28 22:00:00,771884,211.95.XX.XX (NA),2019-10-28 22:00:00,1,0.0,1,0,423,1,1,4.0
187980,2019-12-20,15,88300000.0,145.32.XX.XX (HCM),d8231c6b7a4ec0ac,2019-12-20 15:00:00,846592,33.193.XX.XX (HCM),2019-12-20 15:00:00,1,0.0,1,0,712,1,1,4.0
201928,2019-07-17,2,100000000.0,15.136.XX.XX (HCM),228278d1134a2a5a,2019-07-17 02:00:00,561009,218.160.XX.XX (HCM),2019-07-17 02:00:00,1,0.0,1,0,5,1,1,4.0
485126,2019-11-11,17,153480000.0,247.152.XX.XX (HP),47799186551f438f,2019-11-11 17:00:00,778700,93.181.XX.XX (HN),2019-11-11 17:00:00,1,0.0,1,0,57,1,1,4.0
453109,2019-10-07,15,400500000.0,167.64.XX.XX (HN),6bfd5e2a83c52358,2019-10-07 15:00:00,952577,147.39.XX.XX (HN),2019-10-07 15:00:00,1,0.0,1,0,128,1,1,4.0
96772,2019-12-24,10,243930000.0,67.44.XX.XX (HN),91aaa477dfdc8ec2,2019-12-24 10:00:00,1256610,3.180.XX.XX (HN),2019-12-24 10:00:00,1,0.0,1,0,13,1,1,4.0
110068,2019-08-27,14,170000000.0,234.107.XX.XX (HCM),400b966a1109392d,2019-08-27 14:00:00,743829,74.204.XX.XX (HCM),2019-08-27 14:00:00,1,0.0,1,0,41,1,1,4.0
348242,2019-10-20,19,293132000.0,105.56.XX.XX (BD),5afac37c18190bfb,2019-10-20 19:00:00,806220,209.222.XX.XX (BD),2019-10-20 19:00:00,1,0.0,1,0,279,1,1,4.0
72411,2019-11-06,19,45926100.0,251.78.XX.XX (HCM),b6ae27092a230dc6,2019-11-06 19:00:00,70607,25.192.XX.XX (HCM),2019-11-06 19:00:00,1,0.0,1,0,664,1,1,4.0
454598,2019-09-17,16,50000000.0,38.190.XX.XX (HN),43fd623ab08d5c84,2019-09-17 16:00:00,1044157,150.50.XX.XX (HN),2019-09-17 16:00:00,1,0.0,1,0,4,1,1,4.0
370765,2019-12-28,9,100000000.0,24.237.XX.XX (HN),109b301317a2b2f8,2019-12-28 09:00:00,1099793,231.165.XX.XX (HN),2019-12-28 09:00:00,1,0.0,1,0,64,1,1,4.0
44677,2019-09-16,17,207720000.0,127.242.XX.XX (DN),292f80ef5a9c81c9,2019-09-16 17:00:00,672323,81.51.XX.XX (DN),2019-09-16 17:00:00,1,0.0,1,0,232,1,1,4.0
379541,2019-05-20,14,166000000.0,44.41.XX.XX (HCM),d89f9e1aee0463ab,2019-05-20 14:00:00,573164,89.13.XX.XX (HCM),2019-05-20 14:00:00,1,0.0,1,0,1,1,1,4.0
453109,2019-12-11,18,50000000.0,14.210.XX.XX (HN),6bfd5e2a83c52358,2019-12-11 18:00:00,952359,185.27.XX.XX (HN),2019-12-11 18:00:00,1,0.0,1,0,352,1,1,4.0
9996,2019-07-18,9,51018000.0,124.93.XX.XX (HN),edce8e2f96e02c6f,2019-07-18 09:00:00,866635,184.238.XX.XX (HN),2019-07-18 09:00:00,1,0.0,1,0,15,1,1,4.0
193157,2019-11-19,9,100000000.0,220.13.XX.XX (HP),acec56874871f8a4,2019-11-19 09:00:00,573679,181.175.XX.XX (HP),2019-11-19 09:00:00,1,0.0,1,0,119,1,1,4.0
333246,2019-08-30,18,119770000.0,106.247.XX.XX (HCM),fdad9c2c01386985,2019-08-30 18:00:00,947595,95.102.XX.XX (HCM),2019-08-30 18:00:00,1,0.0,1,0,1,1,1,4.0
299073,2019-07-14,0,38000000.0,189.184.XX.XX (DN),71c0043cf332e014,2019-07-14 00:00:00,470834,140.188.XX.XX (DN),2019-07-14 00:00:00,1,0.0,1,0,11,1,1,4.0
208586,2019-12-13,15,99000000.0,229.43.XX.XX (HN),0d831d45cad9c7f6,2019-12-13 15:00:00,920266,53.60.XX.XX (HN),2019-12-13 15:00:00,1,0.0,1,0,51,1,1,4.0
4391,2019-12-18,16,47450000.0,183.87.XX.XX (HN),60b22d55f361c89c,2019-12-18 16:00:00,1327992,96.41.XX.XX (HN),2019-12-18 16:00:00,1,0.0,1,0,9,1,1,4.0
72411,2019-11-10,20,63163500.0,153.157.XX.XX (HCM),b6ae27092a230dc6,2019-11-10 20:00:00,70713,180.15.XX.XX (HCM),2019-11-10 20:00:00,1,0.0,1,0,681,1,1,4.0
307748,2019-11-21,19,144000000.0,32.104.XX.XX (HCM),766470db8a16d43c,2019-11-21 19:00:00,529378,238.223.XX.XX (HCM),2019-11-21 19:00:00,1,0.0,1,0,90,1,1,4.0
377387,2019-12-20,17,104415000.0,121.123.XX.XX (HN),d94dd54ad159cf62,2019-12-20 17:00:00,875461,107.121.XX.XX (HN),2019-12-20 17:00:00,1,0.0,1,0,15,1,1,4.0
280942,2019-09-30,15,109400000.0,189.222.XX.XX (HN),98f747080cb050bc,2019-09-30 15:00:00,294135,225.148.XX.XX (HN),2019-09-30 15:00:00,1,0.0,1,0,209,1,1,4.0
198338,2019-12-13,12,79200000.0,55.218.XX.XX (HN),f1032a409892de24,2019-12-13 12:00:00,402498,157.253.XX.XX (HN),2019-12-13 12:00:00,1,0.0,1,0,84,1,1,4.0
44677,2019-09-30,10,43343000.0,191.34.XX.XX (DN),292f80ef5a9c81c9,2019-09-30 10:00:00,672424,130.56.XX.XX (DN),2019-09-30 10:00:00,1,0.0,1,0,277,1,1,4.0
198338,2019-12-16,19,75475000.0,65.123.XX.XX (HN),f1032a409892de24,2019-12-16 19:00:00,402504,106.253.XX.XX (HN),2019-12-16 19:00:00,1,0.0,1,0,86,1,1,4.0
317017,2019-07-07,15,53578000.0,76.126.XX.XX (HCM),0d4e156b03e3133c,2019-07-07 15:00:00,169193,76.100.XX.XX (HCM),2019-07-07 15:00:00,1,0.0,1,0,249,1,1,4.0
290221,2019-08-03,9,202400000.0,74.214.XX.XX (HN),36042f049220a7e0,2019-08-03 09:00:00,557472,68.202.XX.XX (HN),2019-08-03 09:00:00,1,0.0,1,0,42,1,1,4.0
259043,2019-11-26,11,40000000.0,48.221.XX.XX (HN),d383da047d0a2559,2019-11-26 11:00:00,1245726,65.127.XX.XX (HN),2019-11-26 11:00:00,1,0.0,1,0,18,1,1,4.0
401313,2019-12-20,15,92000000.0,245.40.XX.XX (HN),c438bafb9e1bc068,2019-12-20 15:00:00,1117116,124.229.XX.XX (HN),2019-12-20 15:00:00,1,0.0,1,0,103,1,1,4.0
436249,2019-10-31,13,47978535.0,172.80.XX.XX (CT),9951aceb28deb5d4,2019-10-31 13:00:00,264031,217.83.XX.XX (CT),2019-10-31 13:00:00,1,0.0,1,0,144,1,1,4.0
44677,2019-10-02,15,66550000.0,66.8.XX.XX (DN),292f80ef5a9c81c9,2019-10-02 15:00:00,672426,166.103.XX.XX (DN),2019-10-02 15:00:00,1,0.0,1,0,290,1,1,4.0
420801,2019-07-29,17,40000000.0,210.24.XX.XX (BD),936a3cb2438e7b01,2019-07-29 17:00:00,259027,161.238.XX.XX (BD),2019-07-29 17:00:00,1,0.0,1,0,70,1,1,4.0
467692,2019-06-11,12,42000000.0,214.114.XX.XX (NA),e141d1113f61e007,2019-06-11 12:00:00,246193,79.236.XX.XX (NA),2019-06-11 12:00:00,1,0.0,1,0,42,1,1,4.0
489903,2019-11-19,15,69000000.0,187.20.XX.XX (HN),a9c84b69fd22af28,2019-11-19 15:00:00,288973,211.143.XX.XX (HN),2019-11-19 15:00:00,1,0.0,1,0,42,1,1,4.0
198461,2019-08-12,15,59455000.0,103.158.XX.XX (HN),699567c947b3f5a7,2019-08-12 15:00:00,835430,82.71.XX.XX (HN),2019-08-12 15:00:00,1,0.0,1,0,3,1,1,4.0
77685,2019-11-23,17,70000000.0,99.90.XX.XX (NA),f6d479283000ede8,2019-11-23 17:00:00,256156,64.155.XX.XX (NA),2019-11-23 17:00:00,1,0.0,1,0,134,1,1,4.0
97246,2019-09-27,15,49500000.0,158.122.XX.XX (HCM),8c4bdb9bd52b2655,2019-09-27 15:00:00,302242,253.174.XX.XX (HCM),2019-09-27 15:00:00,1,0.0,1,0,38,1,1,4.0
235600,2019-10-10,11,50000000.0,25.92.XX.XX (HCM),009c3e89fe6dc54d,2019-10-10 11:00:00,881143,131.25.XX.XX (HCM),2019-10-10 11:00:00,1,0.0,1,0,26,1,1,4.0
37975,2019-10-09,9,600000000.0,4.117.XX.XX (DN),6c81624df4ceeaa6,2019-10-09 09:00:00,549680,118.120.XX.XX (DN),2019-10-09 09:00:00,1,0.0,1,0,98,1,1,4.0
322181,2019-10-21,11,50000000.0,107.4.XX.XX (HCM),6c5921dc97a9dae6,2019-10-21 11:00:00,433445,177.174.XX.XX (HCM),2019-10-21 11:00:00,1,0.0,1,0,114,1,1,4.0
445603,2019-12-06,19,50000000.0,35.32.XX.XX (TH),963e41dddd86abff,2019-12-06 19:00:00,243039,38.210.XX.XX (CT),2019-12-06 19:00:00,1,0.0,1,0,192,1,1,4.0
413715,2019-12-16,11,59300000.0,103.76.XX.XX (NA),a565033b02acd1fb,2019-12-16 11:00:00,1190531,157.72.XX.XX (DN),2019-12-16 11:00:00,1,0.0,1,0,14,1,1,4.0
105606,2019-11-07,14,300000000.0,131.204.XX.XX (BD),1f8b94e16d50771d,2019-11-07 14:00:00,207825,216.155.XX.XX (BD),2019-11-07 14:00:00,1,0.0,1,0,226,1,1,4.0
337274,2019-10-09,16,150000000.0,198.48.XX.XX (HN),aa2b482f80268bb1,2019-10-09 16:00:00,634462,125.117.XX.XX (HN),2019-10-09 16:00:00,1,0.0,1,0,56,1,1,4.0
105606,2019-11-13,10,100000000.0,41.240.XX.XX (BD),1f8b94e16d50771d,2019-11-13 10:00:00,207861,9.141.XX.XX (BD),2019-11-13 10:00:00,1,0.0,1,0,231,1,1,4.0
467808,2019-12-11,8,40600000.0,96.193.XX.XX (HN),99fccd5bf2b0e68b,2019-12-11 08:00:00,1382170,13.90.XX.XX (HN),2019-12-11 08:00:00,1,0.0,1,0,4,1,1,4.0
232744,2019-12-02,17,71628950.0,192.4.XX.XX (HN),bf984379f8e4e5bb,2019-12-02 17:00:00,322959,41.13.XX.XX (HN),2019-12-02 17:00:00,1,0.0,1,0,84,1,1,4.0
374669,2019-11-28,10,50500000.0,211.151.XX.XX (HCM),156a0fb01598915a,2019-11-28 10:00:00,1307314,218.57.XX.XX (HCM),2019-11-28 10:00:00,1,0.0,1,0,15,1,1,4.0
18883,2019-11-22,16,40000000.0,156.58.XX.XX (HCM),bb93bb700796613e,2019-11-22 16:00:00,143146,18.16.XX.XX (HCM),2019-11-22 16:00:00,1,0.0,1,0,241,1,1,4.0
492395,2019-10-19,12,86000000.0,108.216.XX.XX (HP),0969775cd7cbeba1,2019-10-19 12:00:00,827504,88.10.XX.XX (HP),2019-10-19 12:00:00,1,0.0,1,0,38,1,1,4.0
307748,2019-12-27,8,50000000.0,36.247.XX.XX (HCM),766470db8a16d43c,2019-12-27 08:00:00,529385,199.44.XX.XX (HCM),2019-12-27 08:00:00,1,0.0,1,0,120,1,1,4.0
273957,2019-08-14,15,200000000.0,131.250.XX.XX (HCM),13ec680df37a8c2b,2019-08-14 15:00:00,795163,148.78.XX.XX (HCM),2019-08-14 15:00:00,1,0.0,1,0,11,1,1,4.0
37975,2019-12-18,20,144500000.0,225.21.XX.XX (DN),6c81624df4ceeaa6,2019-12-18 20:00:00,549689,213.82.XX.XX (DN),2019-12-18 20:00:00,1,0.0,1,0,145,1,1,4.0
44677,2019-10-15,16,40000000.0,53.160.XX.XX (DN),292f80ef5a9c81c9,2019-10-15 16:00:00,672430,184.46.XX.XX (DN),2019-10-15 16:00:00,1,0.0,1,0,337,1,1,4.0
451963,2019-04-23,15,51400000.0,16.201.XX.XX (NA),577f19ad8f7b6edc,2019-04-23 15:00:00,223467,34.80.XX.XX (NA),2019-04-23 15:00:00,1,0.0,1,0,2,1,1,4.0
407568,2019-11-18,9,61000000.0,187.227.XX.XX (NA),b535e75671e8988f,2019-11-18 09:00:00,772334,116.49.XX.XX (NA),2019-11-18 09:00:00,1,0.0,1,0,497,1,1,4.0
449930,2019-10-04,11,41500000.0,107.90.XX.XX (CT),e484a90d4853c895,2019-10-04 11:00:00,54844,239.201.XX.XX (CT),2019-10-04 11:00:00,1,0.0,1,0,372,1,1,4.0
453109,2019-10-10,13,64093590.0,15.107.XX.XX (HN),6bfd5e2a83c52358,2019-10-10 13:00:00,952579,109.185.XX.XX (HN),2019-10-10 13:00:00,1,0.0,1,0,141,1,1,4.0
453109,2019-11-13,6,100000000.0,24.172.XX.XX (HN),6bfd5e2a83c52358,2019-11-13 06:00:00,952640,73.80.XX.XX (HN),2019-11-13 06:00:00,1,0.0,1,0,256,1,1,4.0
451963,2019-05-18,12,38000000.0,245.141.XX.XX (NA),577f19ad8f7b6edc,2019-05-18 12:00:00,223480,198.118.XX.XX (NA),2019-05-18 12:00:00,1,0.0,1,0,7,1,1,4.0
205274,2019-11-11,19,50000000.0,119.188.XX.XX (HCM),d33c26b752982b1e,2019-11-11 19:00:00,1195897,119.222.XX.XX (HCM),2019-11-11 19:00:00,1,0.0,1,0,8,1,1,4.0
325072,2019-11-02,10,105000000.0,41.162.XX.XX (HN),2c61a431641fdb4e,2019-11-02 10:00:00,347002,19.54.XX.XX (HN),2019-11-02 10:00:00,1,0.0,1,0,138,1,1,4.0
453109,2019-12-13,17,107350000.0,78.71.XX.XX (HN),6bfd5e2a83c52358,2019-12-13 17:00:00,952502,109.140.XX.XX (HN),2019-12-13 17:00:00,1,0.0,1,0,360,1,1,4.0
18883,2019-12-25,16,100000000.0,227.8.XX.XX (HCM),bb93bb700796613e,2019-12-25 16:00:00,143151,123.235.XX.XX (HCM),2019-12-25 16:00:00,1,0.0,1,0,283,1,1,4.0
386483,2019-11-14,10,50000000.0,66.31.XX.XX (TH),9eb854c38c83bc28,2019-11-14 10:00:00,910215,212.246.XX.XX (TH),2019-11-14 10:00:00,1,0.0,1,0,34,1,1,4.0
494376,2019-05-17,8,150000000.0,208.29.XX.XX (CT),5407cf2b1fbbb7c8,2019-05-17 08:00:00,355651,218.144.XX.XX (CT),2019-05-17 08:00:00,1,0.0,1,0,5,1,1,4.0
224596,2019-12-14,18,54000000.0,8.205.XX.XX (HN),145ee7e4253da4d0,2019-12-14 18:00:00,196112,63.81.XX.XX (HN),2019-12-14 18:00:00,1,0.0,1,0,179,1,1,4.0
437477,2019-07-11,11,90000000.0,242.192.XX.XX (HCM),798c022321b10e59,2019-07-11 11:00:00,683571,178.39.XX.XX (HCM),2019-07-11 11:00:00,1,0.0,1,0,1,1,1,4.0
209368,2019-09-06,10,53000000.0,150.253.XX.XX (HN),f9831c776439eb7f,2019-09-06 10:00:00,754472,241.167.XX.XX (HN),2019-09-06 10:00:00,1,0.0,1,0,25,1,1,4.0
209368,2019-09-06,15,38125000.0,254.195.XX.XX (HN),f9831c776439eb7f,2019-09-06 15:00:00,754471,61.151.XX.XX (HN),2019-09-06 15:00:00,1,0.0,1,0,29,1,1,4.0
61750,2019-11-03,11,51000000.0,218.76.XX.XX (DN),2ed7c335519585bc,2019-11-03 11:00:00,762605,162.251.XX.XX (DN),2019-11-03 11:00:00,1,0.0,1,0,151,1,1,4.0
480702,2019-08-22,10,132020000.0,187.91.XX.XX (CT),c6fe9efbee788e34,2019-08-22 10:00:00,536534,172.94.XX.XX (CT),2019-08-22 10:00:00,1,0.0,1,0,12,1,1,4.0
243692,2019-12-04,17,189400000.0,111.199.XX.XX (HCM),37216dc1c3e82cff,2019-12-04 17:00:00,864735,201.92.XX.XX (HCM),2019-12-04 17:00:00,1,0.0,1,0,104,1,1,4.0
10448,2019-11-08,10,200000000.0,84.182.XX.XX (HCM),3c84afb20022a370,2019-11-08 10:00:00,94355,208.63.XX.XX (HCM),2019-11-08 10:00:00,1,0.0,1,0,163,1,1,4.0
477647,2019-09-16,20,47100000.0,232.116.XX.XX (DN),a219b807a5fed0f0,2019-09-16 20:00:00,607804,133.253.XX.XX (DN),2019-09-16 20:00:00,1,0.0,1,0,156,1,1,4.0
209368,2019-10-25,14,86960000.0,130.15.XX.XX (HN),f9831c776439eb7f,2019-10-25 14:00:00,754436,14.78.XX.XX (HN),2019-10-25 14:00:00,1,0.0,1,0,75,1,1,4.0
209368,2019-11-08,9,300000000.0,146.48.XX.XX (HN),f9831c776439eb7f,2019-11-08 09:00:00,754552,231.107.XX.XX (HN),2019-11-08 09:00:00,1,0.0,1,0,87,1,1,4.0
322181,2019-12-08,16,200000000.0,205.144.XX.XX (HP),f580b42bb0e730be,2019-12-08 16:00:00,433452,59.20.XX.XX (CT),2019-12-08 16:00:00,1,0.0,1,0,167,1,1,4.0
209368,2019-11-08,15,61600000.0,228.190.XX.XX (HN),f9831c776439eb7f,2019-11-08 15:00:00,754523,91.39.XX.XX (HN),2019-11-08 15:00:00,1,0.0,1,0,91,1,1,4.0
371962,2019-08-16,7,200000000.0,71.8.XX.XX (HCM),37f5ab061caddcc2,2019-08-16 07:00:00,1000063,74.237.XX.XX (HCM),2019-08-16 07:00:00,1,0.0,1,0,4,1,1,4.0
474817,2019-12-05,9,100000000.0,253.27.XX.XX (DN),77a4b4206c071100,2019-12-05 09:00:00,946542,207.93.XX.XX (DN),2019-12-05 09:00:00,1,0.0,1,0,28,1,1,4.0
150875,2019-11-14,19,182644000.0,254.159.XX.XX (HCM),22db40646293cd88,2019-11-14 19:00:00,1167199,191.216.XX.XX (HCM),2019-11-14 19:00:00,1,0.0,1,0,76,1,1,4.0
37979,2019-12-04,19,100000000.0,41.152.XX.XX (HN),49da7954cd4c4353,2019-12-04 19:00:00,1249612,230.46.XX.XX (HN),2019-12-04 19:00:00,1,0.0,1,0,32,1,1,4.0
37979,2019-12-05,14,85000000.0,54.159.XX.XX (HN),49da7954cd4c4353,2019-12-05 14:00:00,1249637,109.178.XX.XX (HN),2019-12-05 14:00:00,1,0.0,1,0,34,1,1,4.0
458055,2019-12-26,12,117500000.0,82.251.XX.XX (HN),922df0b825679152,2019-12-26 12:00:00,1067275,250.57.XX.XX (HN),2019-12-26 12:00:00,1,0.0,1,0,90,1,1,4.0
232911,2019-04-24,12,48550000.0,229.71.XX.XX (HN),c29917993cf238c6,2019-04-24 12:00:00,286380,39.235.XX.XX (HN),2019-04-24 12:00:00,1,0.0,1,0,7,1,1,4.0
299904,2019-09-07,9,900000000.0,137.247.XX.XX (DN),ea2310c03b07cbb9,2019-09-07 09:00:00,694617,232.245.XX.XX (DN),2019-09-07 09:00:00,1,0.0,1,0,20,1,1,4.0
442986,2019-08-05,15,40121000.0,23.243.XX.XX (CT),21ee9890e8bf5d90,2019-08-05 15:00:00,281909,199.154.XX.XX (CT),2019-08-05 15:00:00,1,0.0,1,0,82,1,1,4.0
37979,2019-12-06,23,100000000.0,10.198.XX.XX (HN),49da7954cd4c4353,2019-12-06 23:00:00,1249598,7.4.XX.XX (HN),2019-12-06 23:00:00,1,0.0,1,0,39,1,1,4.0
116468,2019-05-09,14,98100000.0,49.202.XX.XX (NA),c5718b53fa8d3a4f,2019-05-09 14:00:00,292628,19.246.XX.XX (NA),2019-05-09 14:00:00,1,0.0,1,0,17,1,1,4.0
37979,2019-12-07,9,50000000.0,72.6.XX.XX (HN),49da7954cd4c4353,2019-12-07 09:00:00,1249614,189.69.XX.XX (HN),2019-12-07 09:00:00,1,0.0,1,0,41,1,1,4.0
393920,2019-12-31,16,164400000.0,174.116.XX.XX (HN),a77e3d3fd2fb216e,2019-12-31 16:00:00,77013,74.67.XX.XX (HN),2019-12-31 16:00:00,1,0.0,1,0,753,1,1,4.0
406802,2019-12-10,9,56500000.0,145.142.XX.XX (HN),609b8859f6cc6413,2019-12-10 09:00:00,793166,224.51.XX.XX (HN),2019-12-10 09:00:00,1,0.0,1,0,91,1,1,4.0
198809,2019-07-23,14,62300000.0,81.152.XX.XX (HCM),c543611de87301f7,2019-07-23 14:00:00,699335,146.147.XX.XX (HCM),2019-07-23 14:00:00,1,0.0,1,0,36,1,1,4.0
325072,2019-11-30,11,40000000.0,145.21.XX.XX (HN),2c61a431641fdb4e,2019-11-30 11:00:00,346869,152.244.XX.XX (HN),2019-11-30 11:00:00,1,0.0,1,0,168,1,1,4.0
407568,2019-12-05,15,55000000.0,5.158.XX.XX (NA),b535e75671e8988f,2019-12-05 15:00:00,772243,139.22.XX.XX (NA),2019-12-05 15:00:00,1,0.0,1,0,669,1,1,4.0
427722,2019-12-24,8,46600000.0,99.220.XX.XX (HN),0424ba13852a7691,2019-12-24 08:00:00,1138623,199.72.XX.XX (BD),2019-12-24 08:00:00,1,0.0,1,0,339,1,1,4.0
37979,2019-12-11,8,50000000.0,212.150.XX.XX (HN),49da7954cd4c4353,2019-12-11 08:00:00,1249644,189.190.XX.XX (HN),2019-12-11 08:00:00,1,0.0,1,0,48,1,1,4.0
150875,2019-11-20,20,206757600.0,92.192.XX.XX (HCM),22db40646293cd88,2019-11-20 20:00:00,1167221,25.152.XX.XX (HCM),2019-11-20 20:00:00,1,0.0,1,0,94,1,1,4.0
401356,2019-10-02,9,100000000.0,231.88.XX.XX (CT),35c5e03704c896b1,2019-10-02 09:00:00,353294,21.230.XX.XX (CT),2019-10-02 09:00:00,1,0.0,1,0,154,1,1,4.0
437477,2019-10-10,10,90000000.0,236.230.XX.XX (HCM),798c022321b10e59,2019-10-10 10:00:00,683562,180.88.XX.XX (HCM),2019-10-10 10:00:00,1,0.0,1,0,13,1,1,4.0
325072,2019-12-16,11,291000000.0,165.106.XX.XX (HN),2c61a431641fdb4e,2019-12-16 11:00:00,346947,6.224.XX.XX (HN),2019-12-16 11:00:00,1,0.0,1,0,181,1,1,4.0
105657,2019-12-16,12,93737618.0,171.177.XX.XX (HCM),68a242a6be9e1724,2019-12-16 12:00:00,915972,217.37.XX.XX (HCM),2019-12-16 12:00:00,1,0.0,1,0,84,1,1,4.0
438598,2019-10-29,7,187000000.0,220.54.XX.XX (CT),30d9c5d43072ac38,2019-10-29 07:00:00,914164,61.167.XX.XX (CT),2019-10-29 07:00:00,1,0.0,1,0,54,1,1,4.0
274067,2019-08-07,11,43270000.0,144.249.XX.XX (HP),e44038791bcb0edc,2019-08-07 11:00:00,204031,67.45.XX.XX (HP),2019-08-07 11:00:00,1,0.0,1,0,135,1,1,4.0
346945,2019-10-28,18,43000000.0,71.120.XX.XX (HN),d349005a070ea04a,2019-10-28 18:00:00,1146402,163.163.XX.XX (HN),2019-10-28 18:00:00,1,0.0,1,0,9,1,1,4.0
37979,2019-12-14,18,100000000.0,116.158.XX.XX (HN),49da7954cd4c4353,2019-12-14 18:00:00,1249617,131.58.XX.XX (HN),2019-12-14 18:00:00,1,0.0,1,0,59,1,1,4.0
372126,2019-10-23,12,100000000.0,195.224.XX.XX (HN),9c28f89a4138a2ff,2019-10-23 12:00:00,1125281,159.62.XX.XX (HN),2019-10-23 12:00:00,1,0.0,1,0,5,1,1,4.0
411578,2019-08-22,12,200000000.0,117.136.XX.XX (HCM),b541016d93bb24b5,2019-08-22 12:00:00,258820,216.124.XX.XX (HCM),2019-08-22 12:00:00,1,0.0,1,0,72,1,1,4.0
5445,2019-11-14,15,50000000.0,245.79.XX.XX (CT),3e8e27c62d925bbe,2019-11-14 15:00:00,580228,120.159.XX.XX (CT),2019-11-14 15:00:00,1,0.0,1,0,40,1,1,4.0
485006,2019-11-02,12,169100000.0,172.157.XX.XX (HCM),e3b0e51c82832c64,2019-11-02 12:00:00,991806,249.60.XX.XX (HCM),2019-11-02 12:00:00,1,0.0,1,0,109,1,1,4.0
471199,2019-12-19,16,53240000.0,186.6.XX.XX (HCM),4aaf45087a1cbe37,2019-12-19 16:00:00,34301,142.93.XX.XX (HCM),2019-12-19 16:00:00,1,0.0,1,0,288,1,1,4.0
322181,2019-12-30,21,100000000.0,105.247.XX.XX (HCM),6c5921dc97a9dae6,2019-12-30 21:00:00,433457,117.253.XX.XX (HCM),2019-12-30 21:00:00,1,0.0,1,0,195,1,1,4.0
5445,2019-11-15,13,50000000.0,19.145.XX.XX (CT),3e8e27c62d925bbe,2019-11-15 13:00:00,580242,56.196.XX.XX (CT),2019-11-15 13:00:00,1,0.0,1,0,44,1,1,4.0
125279,2019-11-27,9,100000000.0,224.157.XX.XX (HN),a7928dcbeda8679c,2019-11-27 09:00:00,187292,183.248.XX.XX (HN),2019-11-27 09:00:00,1,0.0,1,0,135,1,1,4.0
453109,2019-09-06,19,50000000.0,170.88.XX.XX (HN),6bfd5e2a83c52358,2019-09-06 19:00:00,952307,12.165.XX.XX (HN),2019-09-06 19:00:00,1,0.0,1,0,1,1,1,4.0
53950,2019-11-02,8,40000000.0,56.147.XX.XX (HN),0c52b9dcad6faaa9,2019-11-02 08:00:00,803908,99.149.XX.XX (HN),2019-11-02 08:00:00,1,0.0,1,0,87,1,1,4.0
337386,2019-10-25,19,94000000.0,241.62.XX.XX (HCM),62a25ef602fd928f,2019-10-25 19:00:00,530234,37.160.XX.XX (HCM),2019-10-25 19:00:00,1,0.0,1,0,99,1,1,4.0
294081,2019-09-19,18,50004000.0,147.220.XX.XX (HN),0e73bbbc3535a2d5,2019-09-19 18:00:00,74320,106.29.XX.XX (HN),2019-09-19 18:00:00,1,0.0,1,0,189,1,1,4.0
37979,2019-12-20,23,100000000.0,8.116.XX.XX (HN),49da7954cd4c4353,2019-12-20 23:00:00,1249632,150.175.XX.XX (HN),2019-12-20 23:00:00,1,0.0,1,0,71,1,1,4.0
44677,2019-12-02,9,470000000.0,95.38.XX.XX (DN),292f80ef5a9c81c9,2019-12-02 09:00:00,672224,43.239.XX.XX (DN),2019-12-02 09:00:00,1,0.0,1,0,490,1,1,4.0
206198,2019-07-20,17,46000000.0,253.14.XX.XX (HCM),671c01fd8472294c,2019-07-20 17:00:00,586037,126.205.XX.XX (HCM),2019-07-20 17:00:00,1,0.0,1,0,40,1,1,4.0
407568,2019-12-19,14,47000000.0,213.182.XX.XX (NA),b535e75671e8988f,2019-12-19 14:00:00,772366,120.69.XX.XX (NA),2019-12-19 14:00:00,1,0.0,1,0,787,1,1,4.0
317017,2019-08-07,20,98390940.0,95.122.XX.XX (HCM),0d4e156b03e3133c,2019-08-07 20:00:00,169366,90.58.XX.XX (HCM),2019-08-07 20:00:00,1,0.0,1,0,334,1,1,4.0
362375,2019-08-07,16,40000000.0,155.20.XX.XX (BD),27adc3ca7d9cb984,2019-08-07 16:00:00,447725,174.118.XX.XX (BD),2019-08-07 16:00:00,1,0.0,1,0,110,1,1,4.0
37979,2019-12-24,23,40000000.0,239.54.XX.XX (HN),49da7954cd4c4353,2019-12-24 23:00:00,1249621,128.125.XX.XX (HN),2019-12-24 23:00:00,1,0.0,1,0,78,1,1,4.0
453109,2019-12-17,20,50000000.0,221.70.XX.XX (HN),6bfd5e2a83c52358,2019-12-17 20:00:00,952464,206.42.XX.XX (HN),2019-12-17 20:00:00,1,0.0,1,0,372,1,1,4.0
393920,2019-06-18,17,65460000.0,77.47.XX.XX (HN),a77e3d3fd2fb216e,2019-06-18 17:00:00,76379,30.47.XX.XX (HN),2019-06-18 17:00:00,1,0.0,1,0,162,1,1,4.0
444516,2019-10-04,10,43560000.0,72.156.XX.XX (HCM),08b1805dc28234fb,2019-10-04 10:00:00,561109,155.136.XX.XX (HCM),2019-10-04 10:00:00,1,0.0,1,0,48,1,1,4.0
62461,2019-08-29,22,41370000.0,69.163.XX.XX (HCM),e0b101f34343be94,2019-08-29 22:00:00,905335,246.17.XX.XX (HCM),2019-08-29 22:00:00,1,0.0,1,0,56,1,1,4.0
37979,2019-12-28,0,50000000.0,122.21.XX.XX (HN),49da7954cd4c4353,2019-12-28 00:00:00,1249633,95.175.XX.XX (HN),2019-12-28 00:00:00,1,0.0,1,0,84,1,1,4.0
449930,2019-11-05,11,65863000.0,208.232.XX.XX (CT),e484a90d4853c895,2019-11-05 11:00:00,55262,104.219.XX.XX (CT),2019-11-05 11:00:00,1,0.0,1,0,434,1,1,4.0
37979,2019-12-28,7,100000000.0,181.208.XX.XX (HN),49da7954cd4c4353,2019-12-28 07:00:00,1249634,208.123.XX.XX (HN),2019-12-28 07:00:00,1,0.0,1,0,86,1,1,4.0
206198,2019-08-31,10,44500000.0,242.228.XX.XX (HCM),671c01fd8472294c,2019-08-31 10:00:00,585975,162.50.XX.XX (HCM),2019-08-31 10:00:00,1,0.0,1,0,121,1,1,4.0
401356,2019-10-31,15,70023000.0,162.46.XX.XX (CT),35c5e03704c896b1,2019-10-31 15:00:00,353465,220.186.XX.XX (CT),2019-10-31 15:00:00,1,0.0,1,0,194,1,1,4.0
37979,2019-12-29,6,100000000.0,97.200.XX.XX (HN),49da7954cd4c4353,2019-12-29 06:00:00,1249588,111.36.XX.XX (HN),2019-12-29 06:00:00,1,0.0,1,0,89,1,1,4.0
171588,2019-12-19,11,50000000.0,147.243.XX.XX (HCM),9132651cf4086c54,2019-12-19 11:00:00,1316271,146.124.XX.XX (HCM),2019-12-19 11:00:00,1,0.0,1,0,2,1,1,4.0
312829,2019-09-03,19,101000000.0,141.113.XX.XX (HCM),d833eb294462c503,2019-09-03 19:00:00,888608,21.220.XX.XX (HCM),2019-09-03 19:00:00,1,0.0,1,0,39,1,1,4.0
476044,2019-12-06,9,60000000.0,15.154.XX.XX (BD),c3c16294b01b27f1,2019-12-06 09:00:00,737851,220.161.XX.XX (BD),2019-12-06 09:00:00,1,0.0,1,0,124,1,1,4.0
37979,2019-12-31,6,50000000.0,108.78.XX.XX (HN),49da7954cd4c4353,2019-12-31 06:00:00,1249642,172.59.XX.XX (HN),2019-12-31 06:00:00,1,0.0,1,0,96,1,1,4.0
453109,2019-12-18,19,250000000.0,143.249.XX.XX (HN),6bfd5e2a83c52358,2019-12-18 19:00:00,952608,201.225.XX.XX (HN),2019-12-18 19:00:00,1,0.0,1,0,375,1,1,4.0
395462,2019-06-19,11,60000000.0,200.230.XX.XX (HN),7d7cdb91d988407e,2019-06-19 11:00:00,432140,188.55.XX.XX (HN),2019-06-19 11:00:00,1,0.0,1,0,9,1,1,4.0
254607,2019-05-10,16,190000000.0,183.163.XX.XX (HCM),20c1f28775282c58,2019-05-10 16:00:00,54460,216.62.XX.XX (HCM),2019-05-10 16:00:00,1,0.0,1,0,30,1,1,4.0
411578,2019-11-27,13,50145000.0,125.105.XX.XX (HCM),b541016d93bb24b5,2019-11-27 13:00:00,258834,104.90.XX.XX (HCM),2019-11-27 13:00:00,1,0.0,1,0,196,1,1,4.0
483238,2019-09-16,16,68000000.0,212.173.XX.XX (DN),10979605ec1c2328,2019-09-16 16:00:00,425091,135.224.XX.XX (DN),2019-09-16 16:00:00,1,0.0,1,0,159,1,1,4.0
350535,2019-04-10,17,150000000.0,104.119.XX.XX (HP),761f89759231d094,2019-04-10 17:00:00,445404,4.48.XX.XX (HP),2019-04-10 17:00:00,1,0.0,1,0,5,1,1,4.0
418089,2019-10-18,15,44226500.0,245.212.XX.XX (HP),c55b51026a1b77f8,2019-10-18 15:00:00,958611,33.80.XX.XX (HP),2019-10-18 15:00:00,1,0.0,1,0,98,1,1,4.0
269880,2019-12-09,18,49900000.0,55.50.XX.XX (HCM),ede277521ebc91e6,2019-12-09 18:00:00,986055,247.219.XX.XX (HCM),2019-12-09 18:00:00,1,0.0,1,0,43,1,1,4.0
453109,2019-12-19,10,59000000.0,132.234.XX.XX (HN),6bfd5e2a83c52358,2019-12-19 10:00:00,952462,187.1.XX.XX (HN),2019-12-19 10:00:00,1,0.0,1,0,377,1,1,4.0
62461,2019-09-03,14,42960000.0,179.167.XX.XX (HCM),e0b101f34343be94,2019-09-03 14:00:00,905160,185.196.XX.XX (DN),2019-09-03 14:00:00,1,0.0,1,0,131,1,1,4.0
11838,2019-10-15,16,40000000.0,221.70.XX.XX (HCM),280f371b5312d63c,2019-10-15 16:00:00,1319361,179.90.XX.XX (HCM),2019-10-15 16:00:00,1,0.0,1,0,4,1,1,4.0
79437,2019-10-22,9,50000000.0,229.186.XX.XX (HCM),19e6055a27dcc0f8,2019-10-22 09:00:00,993663,247.201.XX.XX (HCM),2019-10-22 09:00:00,1,0.0,1,0,20,1,1,4.0
198809,2019-09-30,16,200000000.0,103.117.XX.XX (HCM),c543611de87301f7,2019-09-30 16:00:00,699424,104.97.XX.XX (NA),2019-09-30 16:00:00,1,0.0,1,0,106,1,1,4.0
198809,2019-09-30,16,750000000.0,201.23.XX.XX (HCM),c543611de87301f7,2019-09-30 16:00:00,699459,103.117.XX.XX (HCM),2019-09-30 16:00:00,1,0.0,1,0,107,1,1,4.0
372126,2019-12-19,17,80000000.0,158.41.XX.XX (HN),9c28f89a4138a2ff,2019-12-19 17:00:00,1125330,1.209.XX.XX (HN),2019-12-19 17:00:00,1,0.0,1,0,214,1,1,4.0
453109,2019-10-16,12,62000000.0,174.213.XX.XX (HN),6bfd5e2a83c52358,2019-10-16 12:00:00,952626,85.27.XX.XX (HN),2019-10-16 12:00:00,1,0.0,1,0,162,1,1,4.0
206198,2019-12-30,16,43000000.0,171.170.XX.XX (HCM),671c01fd8472294c,2019-12-30 16:00:00,585922,59.194.XX.XX (HCM),2019-12-30 16:00:00,1,0.0,1,0,295,1,1,4.0
312829,2019-10-30,10,56000000.0,126.193.XX.XX (HCM),d833eb294462c503,2019-10-30 10:00:00,888585,42.78.XX.XX (HCM),2019-10-30 10:00:00,1,0.0,1,0,67,1,1,4.0
308320,2019-11-15,15,520000000.0,219.2.XX.XX (TH),cd4e4b440ccaa65e,2019-11-15 15:00:00,148050,158.26.XX.XX (TH),2019-11-15 15:00:00,1,0.0,1,0,154,1,1,4.0
411578,2019-12-26,11,200000000.0,50.227.XX.XX (HCM),b541016d93bb24b5,2019-12-26 11:00:00,258843,107.156.XX.XX (HCM),2019-12-26 11:00:00,1,0.0,1,0,239,1,1,4.0
194029,2019-06-13,10,100000000.0,138.222.XX.XX (HN),84b7e3eb3126b38a,2019-06-13 10:00:00,75013,197.71.XX.XX (HN),2019-06-13 10:00:00,1,0.0,1,0,82,1,1,4.0
29918,2019-10-02,14,75400000.0,21.218.XX.XX (HN),e4fae46af5a02a2a,2019-10-02 14:00:00,829836,119.252.XX.XX (HN),2019-10-02 14:00:00,1,0.0,1,0,122,1,1,4.0
178064,2019-09-19,20,100000000.0,237.231.XX.XX (HN),065036b0f16068fc,2019-09-19 20:00:00,657221,133.238.XX.XX (HN),2019-09-19 20:00:00,1,0.0,1,0,53,1,1,4.0
194029,2019-06-18,14,196810000.0,228.164.XX.XX (HN),84b7e3eb3126b38a,2019-06-18 14:00:00,75194,72.141.XX.XX (HN),2019-06-18 14:00:00,1,0.0,1,0,85,1,1,4.0
145439,2019-08-01,15,386000000.0,152.193.XX.XX (CT),1c36541b490d331b,2019-08-01 15:00:00,702942,139.115.XX.XX (CT),2019-08-01 15:00:00,1,0.0,1,0,3,1,1,4.0
348242,2019-11-18,19,119600000.0,63.130.XX.XX (BD),5afac37c18190bfb,2019-11-18 19:00:00,806501,90.107.XX.XX (BD),2019-11-18 19:00:00,1,0.0,1,0,383,1,1,4.0
497989,2019-04-18,15,49100000.0,156.238.XX.XX (HN),2b19d742e5138007,2019-04-18 15:00:00,253790,71.26.XX.XX (HN),2019-04-18 15:00:00,1,0.0,1,0,5,1,1,4.0
189658,2019-09-02,16,47000000.0,162.57.XX.XX (CT),5805d9a0c691d5ba,2019-09-02 16:00:00,367526,68.164.XX.XX (CT),2019-09-02 16:00:00,1,0.0,1,0,74,1,1,4.0
5972,2019-08-28,20,56200000.0,236.145.XX.XX (BD),580bdd26394efb51,2019-08-28 20:00:00,441803,120.84.XX.XX (BD),2019-08-28 20:00:00,1,0.0,1,0,42,1,1,4.0
308320,2019-12-03,15,155670002.0,189.45.XX.XX (TH),cd4e4b440ccaa65e,2019-12-03 15:00:00,148079,126.34.XX.XX (TH),2019-12-03 15:00:00,1,0.0,1,0,173,1,1,4.0
350535,2019-09-25,14,200000000.0,118.245.XX.XX (HP),761f89759231d094,2019-09-25 14:00:00,445408,129.138.XX.XX (HP),2019-09-25 14:00:00,1,0.0,1,0,40,1,1,4.0
274332,2019-09-27,12,50000000.0,136.159.XX.XX (DN),2ffd7066be5cb63b,2019-09-27 12:00:00,322174,161.161.XX.XX (DN),2019-09-27 12:00:00,1,0.0,1,0,59,1,1,4.0
163172,2019-05-20,17,117000000.0,108.148.XX.XX (HN),68b87f3561d7d634,2019-05-20 17:00:00,52996,5.230.XX.XX (HN),2019-05-20 17:00:00,1,0.0,1,0,71,1,1,4.0
209697,2019-10-14,10,370000000.0,143.17.XX.XX (HN),afc75a28d4a27558,2019-10-14 10:00:00,518892,181.217.XX.XX (HN),2019-10-14 10:00:00,1,0.0,1,0,51,1,1,4.0
5972,2019-09-25,14,49550000.0,90.61.XX.XX (BD),580bdd26394efb51,2019-09-25 14:00:00,441805,97.60.XX.XX (BD),2019-09-25 14:00:00,1,0.0,1,0,50,1,1,4.0
198809,2019-10-14,22,107000000.0,126.230.XX.XX (HCM),c543611de87301f7,2019-10-14 22:00:00,699370,199.188.XX.XX (HCM),2019-10-14 22:00:00,1,0.0,1,0,136,1,1,4.0
232911,2019-11-08,15,41850000.0,224.129.XX.XX (HN),c29917993cf238c6,2019-11-08 15:00:00,286314,222.11.XX.XX (HN),2019-11-08 15:00:00,1,0.0,1,0,414,1,1,4.0
5972,2019-10-25,9,45150000.0,9.202.XX.XX (BD),580bdd26394efb51,2019-10-25 09:00:00,441789,228.20.XX.XX (BD),2019-10-25 09:00:00,1,0.0,1,0,55,1,1,4.0
62461,2019-09-09,18,166000000.0,3.166.XX.XX (HCM),e0b101f34343be94,2019-09-09 18:00:00,905697,71.137.XX.XX (HCM),2019-09-09 18:00:00,1,0.0,1,0,235,1,1,4.0
405257,2019-11-25,23,57000000.0,103.185.XX.XX (HN),246c27a59f07dcd4,2019-11-25 23:00:00,1374599,228.215.XX.XX (HN),2019-11-25 23:00:00,1,0.0,1,0,8,1,1,4.0
308320,2019-12-23,23,40000000.0,197.216.XX.XX (TH),cd4e4b440ccaa65e,2019-12-23 23:00:00,148056,103.162.XX.XX (TH),2019-12-23 23:00:00,1,0.0,1,0,188,1,1,4.0
427253,2019-09-19,22,50000000.0,73.140.XX.XX (HCM),4bb55689f9a245dc,2019-09-19 22:00:00,403469,201.70.XX.XX (HCM),2019-09-19 22:00:00,1,0.0,1,0,147,1,1,4.0
438598,2019-11-21,18,60000000.0,40.59.XX.XX (CT),30d9c5d43072ac38,2019-11-21 18:00:00,914166,10.26.XX.XX (CT),2019-11-21 18:00:00,1,0.0,1,0,87,1,1,4.0
270002,2019-12-26,11,120000000.0,174.191.XX.XX (HCM),b2e9a1d38383e28d,2019-12-26 11:00:00,1321534,62.155.XX.XX (HCM),2019-12-26 11:00:00,1,0.0,1,0,36,1,1,4.0
431786,2019-08-01,16,57571000.0,228.161.XX.XX (HCM),82e40dbe5e018921,2019-08-01 16:00:00,337810,97.208.XX.XX (HCM),2019-08-01 16:00:00,1,0.0,1,0,24,1,1,4.0
317017,2019-12-10,21,200000000.0,105.250.XX.XX (HCM),0d4e156b03e3133c,2019-12-10 21:00:00,169373,61.154.XX.XX (HCM),2019-12-10 21:00:00,1,0.0,1,0,368,1,1,4.0
395462,2019-07-23,14,74500000.0,45.208.XX.XX (HN),7d7cdb91d988407e,2019-07-23 14:00:00,432168,170.81.XX.XX (HN),2019-07-23 14:00:00,1,0.0,1,0,34,1,1,4.0
405257,2019-11-27,9,50000000.0,70.8.XX.XX (HN),246c27a59f07dcd4,2019-11-27 09:00:00,1374600,122.117.XX.XX (HN),2019-11-27 09:00:00,1,0.0,1,0,12,1,1,4.0
356856,2019-09-11,11,181826000.0,140.27.XX.XX (HN),2b4121594ae651ec,2019-09-11 11:00:00,970924,59.233.XX.XX (HN),2019-09-11 11:00:00,1,0.0,1,0,16,1,1,4.0
62461,2019-09-12,15,90000000.0,198.159.XX.XX (HCM),e0b101f34343be94,2019-09-12 15:00:00,905532,199.210.XX.XX (HCM),2019-09-12 15:00:00,1,0.0,1,0,278,1,1,4.0
45929,2019-11-22,15,200000000.0,140.170.XX.XX (HN),6d37e373a246660f,2019-11-22 15:00:00,1407455,192.240.XX.XX (HN),2019-11-22 15:00:00,1,0.0,1,0,1,1,1,4.0
453109,2019-09-10,13,132072282.0,135.12.XX.XX (HN),6bfd5e2a83c52358,2019-09-10 13:00:00,952411,4.245.XX.XX (HN),2019-09-10 13:00:00,1,0.0,1,0,12,1,1,4.0
448619,2019-08-18,16,49000000.0,201.41.XX.XX (HCM),46e792d32c22b883,2019-08-18 16:00:00,859166,16.92.XX.XX (HCM),2019-08-18 16:00:00,1,0.0,1,0,6,1,1,4.0
356856,2019-09-11,17,105000000.0,59.3.XX.XX (HN),2b4121594ae651ec,2019-09-11 17:00:00,970925,126.13.XX.XX (HN),2019-09-11 17:00:00,1,0.0,1,0,23,1,1,4.0
453109,2019-12-20,6,50000000.0,72.151.XX.XX (HN),6bfd5e2a83c52358,2019-12-20 06:00:00,952655,168.237.XX.XX (TH),2019-12-20 06:00:00,1,0.0,1,0,380,1,1,4.0
429204,2019-11-07,9,100000000.0,49.193.XX.XX (BD),990ac20ee703d391,2019-11-07 09:00:00,1142868,104.238.XX.XX (BD),2019-11-07 09:00:00,1,0.0,1,0,7,1,1,4.0
331859,2019-03-28,12,150000000.0,65.101.XX.XX (HCM),bef53a22edc95eca,2019-03-28 12:00:00,49526,117.114.XX.XX (HCM),2019-03-28 12:00:00,1,0.0,1,0,18,1,1,4.0
372235,2019-09-30,15,110000000.0,3.129.XX.XX (TH),97d913559db64ebe,2019-09-30 15:00:00,941584,39.88.XX.XX (TH),2019-09-30 15:00:00,1,0.0,1,0,16,1,1,4.0
453109,2019-09-10,14,100000000.0,169.237.XX.XX (HN),6bfd5e2a83c52358,2019-09-10 14:00:00,952413,184.244.XX.XX (HN),2019-09-10 14:00:00,1,0.0,1,0,14,1,1,4.0
116603,2019-05-30,17,135000000.0,241.205.XX.XX (HN),d1e4d3f68c24f09b,2019-05-30 17:00:00,66445,48.13.XX.XX (HN),2019-05-30 17:00:00,1,0.0,1,0,135,1,1,4.0
198809,2019-11-14,15,150538480.0,14.63.XX.XX (HCM),c543611de87301f7,2019-11-14 15:00:00,699501,135.195.XX.XX (HCM),2019-11-14 15:00:00,1,0.0,1,0,176,1,1,4.0
292247,2019-07-20,19,64157000.0,143.195.XX.XX (HN),0ef960c6a0faf784,2019-07-20 19:00:00,700265,123.208.XX.XX (HN),2019-07-20 19:00:00,1,0.0,1,0,24,1,1,4.0
137210,2019-12-26,17,47700000.0,52.122.XX.XX (HP),feb3f51a91362aa4,2019-12-26 17:00:00,788001,6.92.XX.XX (HP),2019-12-26 17:00:00,1,0.0,1,0,67,1,1,4.0
111010,2019-09-01,8,80000000.0,158.185.XX.XX (TH),a4412ecf06ec0457,2019-09-01 08:00:00,357534,29.242.XX.XX (TH),2019-09-01 08:00:00,1,0.0,1,0,73,1,1,4.0
470839,2019-10-30,10,130000000.0,125.180.XX.XX (HN),4630476544961d25,2019-10-30 10:00:00,9791,241.202.XX.XX (HN),2019-10-30 10:00:00,1,0.0,1,0,367,1,1,4.0
225620,2019-10-04,8,50000000.0,211.23.XX.XX (HN),aa391fdd09170a82,2019-10-04 08:00:00,671453,120.56.XX.XX (HN),2019-10-04 08:00:00,1,0.0,1,0,15,1,1,4.0
111010,2019-09-19,7,50000000.0,159.191.XX.XX (TH),a4412ecf06ec0457,2019-09-19 07:00:00,357492,57.152.XX.XX (TH),2019-09-19 07:00:00,1,0.0,1,0,97,1,1,4.0
348242,2019-12-03,9,50165600.0,42.96.XX.XX (BD),5afac37c18190bfb,2019-12-03 09:00:00,806367,23.103.XX.XX (BD),2019-12-03 09:00:00,1,0.0,1,0,416,1,1,4.0
424631,2019-06-26,19,70000000.0,234.197.XX.XX (HN),e28cc24ade8bfb5a,2019-06-26 19:00:00,593865,163.61.XX.XX (HN),2019-06-26 19:00:00,1,0.0,1,0,2,1,1,4.0
372235,2019-10-18,12,249100000.0,82.6.XX.XX (TH),97d913559db64ebe,2019-10-18 12:00:00,941573,189.156.XX.XX (TH),2019-10-18 12:00:00,1,0.0,1,0,21,1,1,4.0
163172,2019-07-03,16,83000000.0,119.158.XX.XX (HN),68b87f3561d7d634,2019-07-03 16:00:00,52964,220.173.XX.XX (HN),2019-07-03 16:00:00,1,0.0,1,0,109,1,1,4.0
229460,2019-09-24,16,95239000.0,38.61.XX.XX (HN),d781ec52c38ef2a2,2019-09-24 16:00:00,856868,14.32.XX.XX (HN),2019-09-24 16:00:00,1,0.0,1,0,55,1,1,4.0
343415,2019-12-30,21,48000000.0,107.115.XX.XX (HN),9773d69b88c303fd,2019-12-30 21:00:00,1276015,100.76.XX.XX (HN),2019-12-30 21:00:00,1,0.0,1,0,41,1,1,4.0
194029,2019-09-10,10,42000000.0,27.212.XX.XX (HN),84b7e3eb3126b38a,2019-09-10 10:00:00,75204,106.245.XX.XX (HN),2019-09-10 10:00:00,1,0.0,1,0,149,1,1,4.0
21959,2019-12-11,11,350000000.0,129.39.XX.XX (DN),009027b2307bb3e1,2019-12-11 11:00:00,240151,94.220.XX.XX (HCM),2019-12-11 11:00:00,1,0.0,1,0,121,1,1,4.0
111112,2019-11-25,16,50000000.0,131.94.XX.XX (NA),a2e36e4867b26915,2019-11-25 16:00:00,943664,155.80.XX.XX (NA),2019-11-25 16:00:00,1,0.0,1,0,48,1,1,4.0
6316,2019-09-27,17,250000000.0,125.176.XX.XX (HN),f8ab4c688b414d4e,2019-09-27 17:00:00,1360041,145.142.XX.XX (HN),2019-09-27 17:00:00,1,0.0,1,0,3,1,1,4.0
106031,2019-10-08,22,41400000.0,93.91.XX.XX (HN),1bbe8a73cf748f20,2019-10-08 22:00:00,606445,229.107.XX.XX (HN),2019-10-08 22:00:00,1,0.0,1,0,154,1,1,4.0
492963,2019-10-26,10,102290892.0,54.155.XX.XX (HN),0c1490b1823aafde,2019-10-26 10:00:00,1045925,233.26.XX.XX (HN),2019-10-26 10:00:00,1,0.0,1,0,25,1,1,4.0
167394,2019-10-19,9,39500000.0,128.48.XX.XX (HN),62d2af5ad20cd310,2019-10-19 09:00:00,394808,49.169.XX.XX (HN),2019-10-19 09:00:00,1,0.0,1,0,47,1,1,4.0
391147,2019-12-20,18,247910000.0,32.227.XX.XX (CT),0962f0ea75a96d08,2019-12-20 18:00:00,860185,154.55.XX.XX (CT),2019-12-20 18:00:00,1,0.0,1,0,44,1,1,4.0
255269,2019-05-27,9,131267000.0,184.92.XX.XX (HN),0681d023341b54f2,2019-05-27 09:00:00,391647,76.247.XX.XX (HN),2019-05-27 09:00:00,1,0.0,1,0,12,1,1,4.0
194029,2019-09-18,13,40000000.0,221.4.XX.XX (HN),84b7e3eb3126b38a,2019-09-18 13:00:00,75114,99.220.XX.XX (HN),2019-09-18 13:00:00,1,0.0,1,0,155,1,1,4.0
418089,2019-12-09,17,43590000.0,237.12.XX.XX (HP),c55b51026a1b77f8,2019-12-09 17:00:00,958593,240.177.XX.XX (HP),2019-12-09 17:00:00,1,0.0,1,0,194,1,1,4.0
198809,2019-12-12,16,103890616.0,10.103.XX.XX (HCM),c543611de87301f7,2019-12-12 16:00:00,699409,254.26.XX.XX (HCM),2019-12-12 16:00:00,1,0.0,1,0,211,1,1,4.0
198809,2019-12-12,16,50000000.0,216.54.XX.XX (HCM),c543611de87301f7,2019-12-12 16:00:00,699506,10.103.XX.XX (HCM),2019-12-12 16:00:00,1,0.0,1,0,212,1,1,4.0
356856,2019-09-26,14,60000000.0,159.100.XX.XX (HN),2b4121594ae651ec,2019-09-26 14:00:00,970784,141.121.XX.XX (HN),2019-09-26 14:00:00,1,0.0,1,0,63,1,1,4.0
470839,2019-11-19,14,98700000.0,168.183.XX.XX (HN),4630476544961d25,2019-11-19 14:00:00,9841,215.175.XX.XX (HN),2019-11-19 14:00:00,1,0.0,1,0,376,1,1,4.0
160339,2019-06-19,14,100000000.0,232.37.XX.XX (HP),e01a372a1af3e927,2019-06-19 14:00:00,156657,253.105.XX.XX (HP),2019-06-19 14:00:00,1,0.0,1,0,566,1,1,4.0
456085,2019-12-24,16,200000000.0,127.147.XX.XX (HN),f2108741b1159f8f,2019-12-24 16:00:00,1409498,112.157.XX.XX (HN),2019-12-24 16:00:00,1,0.0,1,0,3,1,1,4.0
476388,2019-12-31,10,70000000.0,70.146.XX.XX (NA),40e69165d10509a5,2019-12-31 10:00:00,1339340,213.177.XX.XX (NA),2019-12-31 10:00:00,1,0.0,1,0,21,1,1,4.0
80025,2019-11-02,10,200000000.0,253.112.XX.XX (HN),1ec566284f817195,2019-11-02 10:00:00,342598,184.191.XX.XX (HN),2019-11-02 10:00:00,1,0.0,1,0,158,1,1,4.0
194029,2019-09-30,10,130000000.0,87.22.XX.XX (HN),84b7e3eb3126b38a,2019-09-30 10:00:00,75028,219.164.XX.XX (HN),2019-09-30 10:00:00,1,0.0,1,0,166,1,1,4.0
405257,2019-12-05,9,100000000.0,231.238.XX.XX (HN),246c27a59f07dcd4,2019-12-05 09:00:00,1374587,41.201.XX.XX (HN),2019-12-05 09:00:00,1,0.0,1,0,25,1,1,4.0
146404,2019-06-07,8,50000000.0,158.79.XX.XX (HCM),4e5d139a90d365bd,2019-06-07 08:00:00,62718,120.149.XX.XX (HCM),2019-06-07 08:00:00,1,0.0,1,0,44,1,1,4.0
106031,2019-12-05,16,129500000.0,26.201.XX.XX (HN),1bbe8a73cf748f20,2019-12-05 16:00:00,606376,161.79.XX.XX (HN),2019-12-05 16:00:00,1,0.0,1,0,238,1,1,4.0
453109,2019-09-12,15,50000000.0,219.73.XX.XX (HN),6bfd5e2a83c52358,2019-09-12 15:00:00,952614,169.174.XX.XX (HN),2019-09-12 15:00:00,1,0.0,1,0,22,1,1,4.0
221977,2019-05-21,18,247500000.0,218.13.XX.XX (HN),5cdd93cd94f81b1f,2019-05-21 18:00:00,117821,105.208.XX.XX (HN),2019-05-21 18:00:00,1,0.0,1,0,23,1,1,4.0
146404,2019-06-21,9,66300000.0,51.55.XX.XX (HCM),4e5d139a90d365bd,2019-06-21 09:00:00,62769,38.33.XX.XX (HCM),2019-06-21 09:00:00,1,0.0,1,0,52,1,1,4.0
274585,2019-11-27,15,70000000.0,143.213.XX.XX (NA),7d92fe86ddb095af,2019-11-27 15:00:00,694281,67.29.XX.XX (NA),2019-11-27 15:00:00,1,0.0,1,0,31,1,1,4.0
146404,2019-06-27,17,90000000.0,65.193.XX.XX (HCM),4e5d139a90d365bd,2019-06-27 17:00:00,62792,202.7.XX.XX (HCM),2019-06-27 17:00:00,1,0.0,1,0,59,1,1,4.0
22132,2019-12-10,9,49000000.0,48.42.XX.XX (HN),64b7802e06fa2f70,2019-12-10 09:00:00,1029834,153.85.XX.XX (HN),2019-12-10 09:00:00,1,0.0,1,0,40,1,1,4.0
337812,2019-10-10,10,900000000.0,76.142.XX.XX (BD),a949dbb911375b45,2019-10-10 10:00:00,453197,179.206.XX.XX (BD),2019-10-10 10:00:00,1,0.0,1,0,31,1,1,4.0
288075,2019-09-27,8,40000000.0,51.33.XX.XX (CT),6fbb12e4dd981e62,2019-09-27 08:00:00,1058303,26.11.XX.XX (CT),2019-09-27 08:00:00,1,0.0,1,0,17,1,1,4.0
126436,2019-12-23,15,49000000.0,68.128.XX.XX (HN),0f00eb367ecdc5fd,2019-12-23 15:00:00,1276901,69.12.XX.XX (HN),2019-12-23 15:00:00,1,0.0,1,0,10,1,1,4.0
190167,2019-08-02,11,185716883.0,89.77.XX.XX (HN),fb95128a08fa6318,2019-08-02 11:00:00,892696,237.115.XX.XX (HN),2019-08-02 11:00:00,1,0.0,1,0,4,1,1,4.0
46308,2019-06-04,17,46750000.0,191.209.XX.XX (HCM),84b2c93325ff18b1,2019-06-04 17:00:00,759633,251.7.XX.XX (HCM),2019-06-04 17:00:00,1,0.0,1,0,4,1,1,4.0
146404,2019-07-04,13,50000000.0,160.49.XX.XX (HCM),4e5d139a90d365bd,2019-07-04 13:00:00,62773,56.17.XX.XX (HCM),2019-07-04 13:00:00,1,0.0,1,0,63,1,1,4.0
62461,2019-09-26,19,67390000.0,105.202.XX.XX (HCM),e0b101f34343be94,2019-09-26 19:00:00,905400,87.235.XX.XX (HCM),2019-09-26 19:00:00,1,0.0,1,0,509,1,1,4.0
194029,2019-10-08,10,50000000.0,8.2.XX.XX (HN),84b7e3eb3126b38a,2019-10-08 10:00:00,75208,216.76.XX.XX (HN),2019-10-08 10:00:00,1,0.0,1,0,177,1,1,4.0
62461,2019-09-26,22,55000000.0,119.10.XX.XX (HCM),e0b101f34343be94,2019-09-26 22:00:00,905402,148.36.XX.XX (HCM),2019-09-26 22:00:00,1,0.0,1,0,513,1,1,4.0
55611,2019-08-03,0,69549581.0,116.50.XX.XX (HCM),edef3fed64bcbaa5,2019-08-03 00:00:00,518031,240.45.XX.XX (HCM),2019-08-03 00:00:00,1,0.0,1,0,28,1,1,4.0
146404,2019-07-12,10,170000000.0,192.191.XX.XX (HCM),4e5d139a90d365bd,2019-07-12 10:00:00,62775,4.240.XX.XX (HP),2019-07-12 10:00:00,1,0.0,1,0,68,1,1,4.0
116603,2019-09-09,11,900000000.0,171.164.XX.XX (HN),d1e4d3f68c24f09b,2019-09-09 11:00:00,66682,7.179.XX.XX (HN),2019-09-09 11:00:00,1,0.0,1,0,319,1,1,4.0
62461,2019-09-27,21,103000000.0,213.130.XX.XX (HCM),e0b101f34343be94,2019-09-27 21:00:00,905029,211.136.XX.XX (HCM),2019-09-27 21:00:00,1,0.0,1,0,530,1,1,4.0
316519,2019-07-25,17,64000000.0,113.166.XX.XX (BD),37149e241d5e6fae,2019-07-25 17:00:00,119253,16.101.XX.XX (BD),2019-07-25 17:00:00,1,0.0,1,0,55,1,1,4.0
106031,2019-12-31,15,43000000.0,218.51.XX.XX (HN),1bbe8a73cf748f20,2019-12-31 15:00:00,606457,187.4.XX.XX (HN),2019-12-31 15:00:00,1,0.0,1,0,300,1,1,4.0
39319,2019-12-03,15,156000000.0,27.192.XX.XX (HN),bd5b28cbc0c88632,2019-12-03 15:00:00,1221020,87.119.XX.XX (HN),2019-12-03 15:00:00,1,0.0,1,0,20,1,1,4.0
470839,2019-04-01,9,40000000.0,253.16.XX.XX (HN),4630476544961d25,2019-04-01 09:00:00,9856,187.125.XX.XX (HN),2019-04-01 09:00:00,1,0.0,1,0,109,1,1,4.0
329194,2019-12-13,10,49000000.0,15.3.XX.XX (HCM),dedea11eea3aebab,2019-12-13 10:00:00,1310910,195.217.XX.XX (HCM),2019-12-13 10:00:00,1,0.0,1,0,6,1,1,4.0
464485,2019-10-08,15,42600000.0,152.158.XX.XX (CT),4e3217d65916a82a,2019-10-08 15:00:00,82964,62.115.XX.XX (CT),2019-10-08 15:00:00,1,0.0,1,0,189,1,1,4.0
445603,2019-06-19,11,90000000.0,57.188.XX.XX (TH),963e41dddd86abff,2019-06-19 11:00:00,243051,75.187.XX.XX (TH),2019-06-19 11:00:00,1,0.0,1,0,47,1,1,4.0
146404,2019-07-25,9,60000000.0,66.123.XX.XX (HCM),4e5d139a90d365bd,2019-07-25 09:00:00,62720,172.125.XX.XX (HCM),2019-07-25 09:00:00,1,0.0,1,0,78,1,1,4.0
499550,2019-11-13,9,45000000.0,209.92.XX.XX (HCM),eefc63fcccfd16ca,2019-11-13 09:00:00,992422,152.112.XX.XX (HCM),2019-11-13 09:00:00,1,0.0,1,0,77,1,1,4.0
499986,2019-10-26,13,50000000.0,64.124.XX.XX (BD),3b46db380426b43f,2019-10-26 13:00:00,786553,232.83.XX.XX (BD),2019-10-26 13:00:00,1,0.0,1,0,114,1,1,4.0
502772,2019-10-07,17,50000000.0,235.180.XX.XX (HN),05e44e99adcaf6db,2019-10-07 17:00:00,780260,49.239.XX.XX (HN),2019-10-07 17:00:00,1,0.0,1,0,125,1,1,4.0
503651,2019-09-04,8,40156000.0,177.11.XX.XX (HCM),b3e306db267d4322,2019-09-04 08:00:00,475627,235.40.XX.XX (HCM),2019-09-04 08:00:00,1,0.0,1,0,98,1,1,4.0
504039,2019-06-28,9,39067000.0,111.35.XX.XX (DN),0addbf6ceb8a8f5a,2019-06-28 09:00:00,423993,59.202.XX.XX (DN),2019-06-28 09:00:00,1,0.0,1,0,58,1,1,4.0
504039,2019-08-05,16,102000000.0,86.176.XX.XX (DN),0addbf6ceb8a8f5a,2019-08-05 16:00:00,423999,186.231.XX.XX (DN),2019-08-05 16:00:00,1,0.0,1,0,111,1,1,4.0
504039,2019-09-17,15,38029900.0,250.168.XX.XX (DN),0addbf6ceb8a8f5a,2019-09-17 15:00:00,423912,236.199.XX.XX (DN),2019-09-17 15:00:00,1,0.0,1,0,175,1,1,4.0
504039,2019-10-08,14,71000000.0,40.81.XX.XX (DN),0addbf6ceb8a8f5a,2019-10-08 14:00:00,423839,235.88.XX.XX (DN),2019-10-08 14:00:00,1,0.0,1,0,209,1,1,4.0
504039,2019-10-18,10,65864000.0,54.228.XX.XX (DN),0addbf6ceb8a8f5a,2019-10-18 10:00:00,423964,67.124.XX.XX (DN),2019-10-18 10:00:00,1,0.0,1,0,221,1,1,4.0
504039,2019-12-27,15,55000000.0,178.58.XX.XX (DN),0addbf6ceb8a8f5a,2019-12-27 15:00:00,423930,23.42.XX.XX (DN),2019-12-27 15:00:00,1,0.0,1,0,349,1,1,4.0
504691,2019-09-24,10,43500000.0,205.74.XX.XX (DN),f1321cccaccaf8db,2019-09-24 10:00:00,857663,205.97.XX.XX (DN),2019-09-24 10:00:00,1,0.0,1,0,21,1,1,4.0
506486,2019-10-07,10,48350271.0,30.244.XX.XX (HN),049491d04ed1bbdb,2019-10-07 10:00:00,285280,240.157.XX.XX (HN),2019-10-07 10:00:00,1,0.0,1,0,101,1,1,4.0
508686,2019-08-22,12,50000000.0,110.47.XX.XX (HN),0bcb4c4f5e6d7003,2019-08-22 12:00:00,565338,173.90.XX.XX (HN),2019-08-22 12:00:00,1,0.0,1,0,15,1,1,4.0
509799,2019-06-07,16,50000000.0,154.174.XX.XX (HP),de8547c722d8a75c,2019-06-07 16:00:00,348474,37.44.XX.XX (HP),2019-06-07 16:00:00,1,0.0,1,0,34,1,1,4.0
509799,2019-06-21,16,297678000.0,73.170.XX.XX (HP),de8547c722d8a75c,2019-06-21 16:00:00,348407,248.160.XX.XX (HP),2019-06-21 16:00:00,1,0.0,1,0,46,1,1,4.0
509799,2019-07-19,17,59075000.0,70.61.XX.XX (HP),de8547c722d8a75c,2019-07-19 17:00:00,348524,39.97.XX.XX (HP),2019-07-19 17:00:00,1,0.0,1,0,99,1,1,4.0
509799,2019-08-16,15,59900000.0,136.187.XX.XX (HP),de8547c722d8a75c,2019-08-16 15:00:00,348378,203.113.XX.XX (HP),2019-08-16 15:00:00,1,0.0,1,0,140,1,1,4.0
509799,2019-12-02,14,46000000.0,122.130.XX.XX (HP),de8547c722d8a75c,2019-12-02 14:00:00,348354,64.33.XX.XX (HP),2019-12-02 14:00:00,1,0.0,1,0,287,1,1,4.0
509799,2019-12-24,14,64620000.0,207.10.XX.XX (HP),de8547c722d8a75c,2019-12-24 14:00:00,348552,11.16.XX.XX (HP),2019-12-24 14:00:00,1,0.0,1,0,312,1,1,4.0
509799,2019-12-25,15,70000000.0,10.37.XX.XX (HP),de8547c722d8a75c,2019-12-25 15:00:00,348400,141.87.XX.XX (HP),2019-12-25 15:00:00,1,0.0,1,0,317,1,1,4.0
510139,2019-05-18,11,74000000.0,91.76.XX.XX (HCM),9c68af095211c4c7,2019-05-18 11:00:00,375715,224.58.XX.XX (HCM),2019-05-18 11:00:00,1,0.0,1,0,3,1,1,4.0
512329,2019-10-14,11,46158285.0,14.146.XX.XX (HN),3357015d6eff3639,2019-10-14 11:00:00,427517,84.12.XX.XX (HN),2019-10-14 11:00:00,1,0.0,1,0,78,1,1,4.0
513824,2019-10-01,13,100000000.0,59.184.XX.XX (DN),c2e93c340e2f731b,2019-10-01 13:00:00,148708,250.139.XX.XX (DN),2019-10-01 13:00:00,1,0.0,1,0,160,1,1,4.0
513824,2019-11-28,17,47133500.0,97.82.XX.XX (DN),c2e93c340e2f731b,2019-11-28 17:00:00,148812,119.52.XX.XX (DN),2019-11-28 17:00:00,1,0.0,1,0,248,1,1,4.0
516252,2019-11-13,14,49100000.0,220.164.XX.XX (HN),0b084059a8b87694,2019-11-13 14:00:00,333955,9.24.XX.XX (HN),2019-11-13 14:00:00,1,0.0,1,0,145,1,1,4.0
516252,2019-11-15,13,46812000.0,227.63.XX.XX (HN),0b084059a8b87694,2019-11-15 13:00:00,333974,155.97.XX.XX (HN),2019-11-15 13:00:00,1,0.0,1,0,148,1,1,4.0
516379,2019-12-02,9,200000000.0,69.139.XX.XX (HN),5a4a8138e2f2507d,2019-12-02 09:00:00,1161442,10.44.XX.XX (HN),2019-12-02 09:00:00,1,0.0,1,0,21,1,1,4.0
516999,2019-07-10,21,40000000.0,186.107.XX.XX (DN),8503b129fdf76663,2019-07-10 21:00:00,612986,104.9.XX.XX (DN),2019-07-10 21:00:00,1,0.0,1,0,16,1,1,4.0
516999,2019-07-22,8,200000000.0,187.161.XX.XX (HCM),8503b129fdf76663,2019-07-22 08:00:00,612958,251.220.XX.XX (DN),2019-07-22 08:00:00,1,0.0,1,0,29,1,1,4.0
516999,2019-09-12,14,53089000.0,160.34.XX.XX (DN),8503b129fdf76663,2019-09-12 14:00:00,613029,237.160.XX.XX (DN),2019-09-12 14:00:00,1,0.0,1,0,100,1,1,4.0
516999,2019-09-14,14,107213000.0,104.127.XX.XX (DN),8503b129fdf76663,2019-09-14 14:00:00,613030,46.158.XX.XX (DN),2019-09-14 14:00:00,1,0.0,1,0,103,1,1,4.0
516999,2019-10-01,9,100000000.0,174.129.XX.XX (DN),8503b129fdf76663,2019-10-01 09:00:00,613065,134.89.XX.XX (DN),2019-10-01 09:00:00,1,0.0,1,0,126,1,1,4.0
516999,2019-11-08,16,40000000.0,218.88.XX.XX (DN),8503b129fdf76663,2019-11-08 16:00:00,613074,234.53.XX.XX (DN),2019-11-08 16:00:00,1,0.0,1,0,180,1,1,4.0
516999,2019-11-27,8,119207000.0,107.18.XX.XX (DN),8503b129fdf76663,2019-11-27 08:00:00,613075,57.184.XX.XX (DN),2019-11-27 08:00:00,1,0.0,1,0,200,1,1,4.0
516999,2019-11-28,9,100000000.0,168.48.XX.XX (DN),8503b129fdf76663,2019-11-28 09:00:00,612890,34.225.XX.XX (DN),2019-11-28 09:00:00,1,0.0,1,0,204,1,1,4.0
516999,2019-12-12,10,259957000.0,123.66.XX.XX (DN),8503b129fdf76663,2019-12-12 10:00:00,613099,214.45.XX.XX (DN),2019-12-12 10:00:00,1,0.0,1,0,221,1,1,4.0
516999,2019-12-31,10,84194000.0,75.176.XX.XX (DN),8503b129fdf76663,2019-12-31 10:00:00,612983,244.117.XX.XX (DN),2019-12-31 10:00:00,1,0.0,1,0,243,1,1,4.0
517333,2019-07-04,13,188000000.0,82.80.XX.XX (HN),dee3f58822e63afc,2019-07-04 13:00:00,426438,170.205.XX.XX (HN),2019-07-04 13:00:00,1,0.0,1,0,17,1,1,4.0
517333,2019-11-15,15,60650000.0,183.7.XX.XX (HN),dee3f58822e63afc,2019-11-15 15:00:00,426431,14.238.XX.XX (HN),2019-11-15 15:00:00,1,0.0,1,0,100,1,1,4.0
519519,2019-12-21,11,42820000.0,96.154.XX.XX (HN),e894343ca2323d29,2019-12-21 11:00:00,246828,47.125.XX.XX (HN),2019-12-21 11:00:00,1,0.0,1,0,106,1,1,4.0
519766,2019-07-22,11,107610000.0,13.200.XX.XX (HN),e1917d398cd74996,2019-07-22 11:00:00,52714,57.171.XX.XX (HN),2019-07-22 11:00:00,1,0.0,1,0,55,1,1,4.0
519930,2019-12-06,15,60000000.0,239.86.XX.XX (HN),1a3f40021e16fcdb,2019-12-06 15:00:00,624563,246.185.XX.XX (HN),2019-12-06 15:00:00,1,0.0,1,0,329,1,1,4.0
519930,2019-12-19,9,50050000.0,178.19.XX.XX (HN),1a3f40021e16fcdb,2019-12-19 09:00:00,624676,148.136.XX.XX (HN),2019-12-19 09:00:00,1,0.0,1,0,349,1,1,4.0
521215,2019-07-25,11,133900000.0,90.225.XX.XX (HN),3cd241bd5a39f6d8,2019-07-25 11:00:00,722703,60.24.XX.XX (HN),2019-07-25 11:00:00,1,0.0,1,0,9,1,1,4.0
521215,2019-08-05,18,356700000.0,197.142.XX.XX (HN),3cd241bd5a39f6d8,2019-08-05 18:00:00,722718,253.195.XX.XX (HN),2019-08-05 18:00:00,1,0.0,1,0,14,1,1,4.0
523566,2019-07-31,11,90000000.0,135.225.XX.XX (HN),5304a817325e443d,2019-07-31 11:00:00,676608,3.27.XX.XX (HN),2019-07-31 11:00:00,1,0.0,1,0,21,1,1,4.0
523566,2019-09-14,10,301699000.0,40.49.XX.XX (HN),5304a817325e443d,2019-09-14 10:00:00,676677,172.90.XX.XX (HN),2019-09-14 10:00:00,1,0.0,1,0,70,1,1,4.0
523566,2019-10-16,17,39770000.0,234.130.XX.XX (HN),5304a817325e443d,2019-10-16 17:00:00,676647,195.112.XX.XX (HN),2019-10-16 17:00:00,1,0.0,1,0,116,1,1,4.0
523566,2019-11-16,9,70000000.0,218.238.XX.XX (HN),5304a817325e443d,2019-11-16 09:00:00,676723,216.104.XX.XX (HN),2019-11-16 09:00:00,1,0.0,1,0,175,1,1,4.0
523566,2019-12-06,16,500000000.0,21.182.XX.XX (HN),5304a817325e443d,2019-12-06 16:00:00,676658,133.157.XX.XX (HN),2019-12-06 16:00:00,1,0.0,1,0,209,1,1,4.0
523566,2019-12-17,10,292991000.0,172.249.XX.XX (HN),5304a817325e443d,2019-12-17 10:00:00,676761,110.22.XX.XX (HN),2019-12-17 10:00:00,1,0.0,1,0,235,1,1,4.0
523675,2019-12-23,11,40000000.0,64.76.XX.XX (HN),21a6f0608b1b88c8,2019-12-23 11:00:00,1359729,133.252.XX.XX (HN),2019-12-23 11:00:00,1,0.0,1,0,15,1,1,4.0
524907,2019-12-10,13,48000000.0,78.225.XX.XX (HN),1ee60d1cc6c66aa9,2019-12-10 13:00:00,47943,36.221.XX.XX (HN),2019-12-10 13:00:00,1,0.0,1,0,260,1,1,4.0
525582,2019-12-27,15,44440000.0,126.87.XX.XX (CT),52fc8f6aff32a8ef,2019-12-27 15:00:00,1276565,247.216.XX.XX (CT),2019-12-27 15:00:00,1,0.0,1,0,18,1,1,4.0
527461,2019-05-16,15,50000000.0,85.210.XX.XX (HCM),895a18cfc7c2f5af,2019-05-16 15:00:00,229328,189.140.XX.XX (HCM),2019-05-16 15:00:00,1,0.0,1,0,13,1,1,4.0
529373,2019-11-08,17,50000000.0,89.118.XX.XX (HCM),e2bfdddf78fc305c,2019-11-08 17:00:00,1174353,27.206.XX.XX (HCM),2019-11-08 17:00:00,1,0.0,1,0,16,1,1,4.0
530183,2019-11-25,16,39000000.0,75.183.XX.XX (HP),da58cd9a07a60f60,2019-11-25 16:00:00,572217,254.93.XX.XX (HN),2019-11-25 16:00:00,1,0.0,1,0,78,1,1,4.0
530199,2019-04-02,14,158000000.0,179.118.XX.XX (DN),004e523c380d8b01,2019-04-02 14:00:00,64594,208.54.XX.XX (DN),2019-04-02 14:00:00,1,0.0,1,0,23,1,1,4.0
530199,2019-08-23,10,85000000.0,84.160.XX.XX (DN),004e523c380d8b01,2019-08-23 10:00:00,64574,80.105.XX.XX (DN),2019-08-23 10:00:00,1,0.0,1,0,114,1,1,4.0
530199,2019-10-15,8,92800000.0,73.42.XX.XX (DN),004e523c380d8b01,2019-10-15 08:00:00,64638,138.141.XX.XX (DN),2019-10-15 08:00:00,1,0.0,1,0,161,1,1,4.0
530199,2019-10-24,8,39000000.0,8.153.XX.XX (DN),004e523c380d8b01,2019-10-24 08:00:00,64639,187.36.XX.XX (DN),2019-10-24 08:00:00,1,0.0,1,0,171,1,1,4.0
530199,2019-11-02,9,63500000.0,144.214.XX.XX (DN),004e523c380d8b01,2019-11-02 09:00:00,64554,32.163.XX.XX (DN),2019-11-02 09:00:00,1,0.0,1,0,187,1,1,4.0
533455,2019-08-12,17,200000000.0,254.100.XX.XX (HN),24550952e0ee9f00,2019-08-12 17:00:00,720173,47.71.XX.XX (HN),2019-08-12 17:00:00,1,0.0,1,0,14,1,1,4.0
533455,2019-09-06,15,499700000.0,78.230.XX.XX (HN),24550952e0ee9f00,2019-09-06 15:00:00,720186,84.189.XX.XX (HN),2019-09-06 15:00:00,1,0.0,1,0,34,1,1,4.0
535167,2019-12-06,16,65000000.0,42.208.XX.XX (HN),0920a188bb2ced56,2019-12-06 16:00:00,843817,217.196.XX.XX (HN),2019-12-06 16:00:00,1,0.0,1,0,82,1,1,4.0
535993,2019-10-04,9,49000000.0,172.99.XX.XX (DN),77771628a9edba17,2019-10-04 09:00:00,1032002,147.223.XX.XX (DN),2019-10-04 09:00:00,1,0.0,1,0,30,1,1,4.0
536104,2019-09-30,9,50000000.0,164.241.XX.XX (HCM),1ae9199a01f9b8fe,2019-09-30 09:00:00,986767,243.62.XX.XX (HCM),2019-09-30 09:00:00,1,0.0,1,0,35,1,1,4.0
536626,2019-10-10,14,200000000.0,95.190.XX.XX (HN),ed08930c644a130d,2019-10-10 14:00:00,1164082,58.29.XX.XX (HN),2019-10-10 14:00:00,1,0.0,1,0,14,1,1,4.0
536626,2019-12-27,8,360000000.0,176.46.XX.XX (HN),ed08930c644a130d,2019-12-27 08:00:00,1164118,239.75.XX.XX (HN),2019-12-27 08:00:00,1,0.0,1,0,104,1,1,4.0
539345,2019-04-25,8,46500000.0,39.93.XX.XX (BD),fbc3ab2187fe581d,2019-04-25 08:00:00,150590,254.50.XX.XX (BD),2019-04-25 08:00:00,1,0.0,1,0,18,1,1,4.0
539433,2019-05-09,17,100000000.0,59.56.XX.XX (HN),fe417398b8cf6426,2019-05-09 17:00:00,213145,242.170.XX.XX (HN),2019-05-09 17:00:00,1,0.0,1,0,27,1,1,4.0
539433,2019-06-06,17,40000000.0,116.68.XX.XX (HN),fe417398b8cf6426,2019-06-06 17:00:00,213323,15.233.XX.XX (HN),2019-06-06 17:00:00,1,0.0,1,0,71,1,1,4.0
539433,2019-06-14,17,50000000.0,223.59.XX.XX (HN),fe417398b8cf6426,2019-06-14 17:00:00,213150,128.151.XX.XX (HN),2019-06-14 17:00:00,1,0.0,1,0,84,1,1,4.0
539433,2019-08-06,15,43296000.0,179.47.XX.XX (HN),fe417398b8cf6426,2019-08-06 15:00:00,213211,33.11.XX.XX (HN),2019-08-06 15:00:00,1,0.0,1,0,190,1,1,4.0
539433,2019-08-07,16,38500000.0,97.24.XX.XX (HN),fe417398b8cf6426,2019-08-07 16:00:00,213337,64.190.XX.XX (HN),2019-08-07 16:00:00,1,0.0,1,0,193,1,1,4.0
539433,2019-08-12,16,140000000.0,199.21.XX.XX (HN),fe417398b8cf6426,2019-08-12 16:00:00,213258,9.237.XX.XX (HN),2019-08-12 16:00:00,1,0.0,1,0,200,1,1,4.0
539433,2019-09-20,14,39321000.0,251.210.XX.XX (HN),fe417398b8cf6426,2019-09-20 14:00:00,213350,148.228.XX.XX (HN),2019-09-20 14:00:00,1,0.0,1,0,291,1,1,4.0
540244,2019-09-11,11,50000000.0,226.208.XX.XX (HCM),54f9e078426b5a70,2019-09-11 11:00:00,870921,98.97.XX.XX (HCM),2019-09-11 11:00:00,1,0.0,1,0,85,1,1,4.0
540244,2019-09-26,20,38000000.0,249.157.XX.XX (HCM),54f9e078426b5a70,2019-09-26 20:00:00,870927,141.2.XX.XX (HCM),2019-09-26 20:00:00,1,0.0,1,0,157,1,1,4.0
540244,2019-10-30,21,290666666.0,81.52.XX.XX (HCM),54f9e078426b5a70,2019-10-30 21:00:00,871056,65.151.XX.XX (HCM),2019-10-30 21:00:00,1,0.0,1,0,295,1,1,4.0
540244,2019-11-01,13,308000000.0,7.195.XX.XX (HCM),54f9e078426b5a70,2019-11-01 13:00:00,871106,162.207.XX.XX (HCM),2019-11-01 13:00:00,1,0.0,1,0,298,1,1,4.0
540244,2019-11-05,12,63000000.0,93.187.XX.XX (HCM),54f9e078426b5a70,2019-11-05 12:00:00,871059,90.201.XX.XX (HCM),2019-11-05 12:00:00,1,0.0,1,0,317,1,1,4.0
540244,2019-12-09,11,50000000.0,80.161.XX.XX (HCM),54f9e078426b5a70,2019-12-09 11:00:00,871122,103.97.XX.XX (HCM),2019-12-09 11:00:00,1,0.0,1,0,401,1,1,4.0
542392,2019-12-17,8,40460000.0,2.207.XX.XX (HN),e9c6c29838d2a754,2019-12-17 08:00:00,564038,132.6.XX.XX (HN),2019-12-17 08:00:00,1,0.0,1,0,405,1,1,4.0
543287,2019-09-30,14,40000000.0,132.204.XX.XX (HN),1209ae8ed0616e23,2019-09-30 14:00:00,411864,173.1.XX.XX (HN),2019-09-30 14:00:00,1,0.0,1,0,62,1,1,4.0
544301,2019-12-31,22,70000000.0,53.80.XX.XX (HN),13e187a8dedaaafb,2019-12-31 22:00:00,1402997,224.41.XX.XX (HN),2019-12-31 22:00:00,1,0.0,1,0,2,1,1,4.0
548824,2019-07-06,16,82450000.0,17.137.XX.XX (HCM),414c2a42b5416655,2019-07-06 16:00:00,505875,163.172.XX.XX (HCM),2019-07-06 16:00:00,1,0.0,1,0,24,1,1,4.0
548824,2019-08-20,14,79270000.0,150.38.XX.XX (HCM),414c2a42b5416655,2019-08-20 14:00:00,505890,199.114.XX.XX (HCM),2019-08-20 14:00:00,1,0.0,1,0,107,1,1,4.0
548824,2019-12-14,11,107186000.0,118.121.XX.XX (HCM),414c2a42b5416655,2019-12-14 11:00:00,505868,155.131.XX.XX (HCM),2019-12-14 11:00:00,1,0.0,1,0,303,1,1,4.0
