TRANSACTION_ID,CUSTOMER_NUMBER,ANOMALY_PRED,ANOMALY_SCORE,EXPLANATION,TOP_SHAP_CONTRIBUTORS,TOP_INTERACTIONS,COUNTERFACTUAL,TRANS_LV1,TRANS_LV2,TRANS_DATE,DAY_OF_WEEK,TRANS_HOUR,TRANS_NO,TRANS_AMOUNT,Beneficiary_CUSTOMER_NUMBER,Device_OS,IP_Address_Proxy,CLIENT_SEX,CLIENT_CREATE_DATE,DATE_OF_BIRTH,STAFF,IB_REGISTER_DATE,EB_REGISTER_CHANNEL,SMS,VERIFY_METHOD,Occupation_Group,SUM_AMOUNT_1H,COUNT_1H,SUM_AMOUNT_3H,COUNT_3H,SUM_AMOUNT_24H,COUNT_24H,SUM_AMOUNT_48H,COUNT_48H,SUM_AMOUNT_7D,COUNT_7D,SUM_AMOUNT_30D,COUNT_30D,HIST_AVG_CA_BALANCE,HIST_AVG_TRANS_AMOUNT,HIST_TRANS_COUNT,DAYS_SINCE_LAST_TRANS,UNIQUE_BENEFICIARIES_24H,HOURS_SINCE_SEC_EVENT,LAST_LOGIN_METHOD,HIST_BIOMETRIC_RATIO,HIST_LOGIN_COUNT,BENFORD_DEV,ACTIVITY_SEQ_RARITY
1359887,0,1,0.9445103406906128,"Flagged due to: unusual combination of high transaction amount and long inactivity period (combined score: 69.94), and sudden 7d spending volume spike relative to 30 days (ratio: 100.0%), and long inactivity period (46.5 days since last transaction).","DAYS_AMOUNT_COMBINED (+3.3846), VELOCITY_RATIO_AMOUNT_7D_VS_30D (+0.4753), DAYS_SINCE_LAST_TRANS (+0.2553)","TRANS_HOUR × DAYS_AMOUNT_COMBINED (+0.1955), VELOCITY_RATIO_AMOUNT_7D_VS_30D × DAYS_AMOUNT_COMBINED (+0.1155), BALANCE_COVERAGE_RATIO × DAYS_AMOUNT_COMBINED (-0.0808)","TRANS_AMOUNT: 74,000,000.00 -> 45,004,970.55 (-28,995,029.45)",Transfer,Outside_bank,2019-11-29,Fri,19,2,74000000.0,796810,Android,11.210.xx.xx (HCM),F,2019-09-16,1988-10-08,0,2019-09-17,BRANCH,0,SMART_OTP,Working,74000000.0,1,74000000.0,1,74000000.0,1,74000000.0,1,74000000.0,1,74000000.0,1,23214210.2125,24981900.0,10,46.458333333333336,1,1546.0,LOGIN,0.0,7.0,0.5504270894641854,-1.0631228169596971
1318076,9,1,0.9668654203414917,"Flagged due to: unusual combination of high transaction amount and long inactivity period (combined score: 64.78), and transaction amount leading digits deviation from Benford's Law (score: 1.4543), and long inactivity period (65.7 days since last transaction).","DAYS_AMOUNT_COMBINED (+2.3594), BENFORD_DEV (+1.7148), DAYS_SINCE_LAST_TRANS (+0.4925)","BENFORD_DEV × DAYS_AMOUNT_COMBINED (+0.3406), BENFORD_DEV × ACTIVITY_SEQ_RARITY (-0.2101), TRANS_HOUR × DAYS_AMOUNT_COMBINED (+0.1935)","TRANS_AMOUNT: 5,000,000.00 -> 813,679.70 (-4,186,320.30)",Transfer,Outside_bank,2019-12-05,Thu,16,1,5000000.0,779387,Android,16.174.xx.xx (HN),M,2019-09-30,1982-04-15,0,2019-10-01,BRANCH,1,SMART_OTP,Working,5000000.0,1,5000000.0,1,5000000.0,1,5000000.0,1,5000000.0,1,5000000.0,1,4317108.59,1949162.6666666667,6,65.66666666666667,1,1553.0,LOGIN,0.0,28.0,1.4543448206680314,-0.9328947891681147
1316173,44,1,1.0,"Flagged due to: unusual combination of high transaction amount and long inactivity period (combined score: 88.54), and long inactivity period (182.3 days since last transaction), and transaction amount covers 25.0x monthly average balance.","DAYS_AMOUNT_COMBINED (+3.4444), DAYS_SINCE_LAST_TRANS (+0.8597), BALANCE_COVERAGE_RATIO (+0.7428)","DAYS_SINCE_LAST_TRANS × BALANCE_COVERAGE_RATIO (-0.8299), TRANS_HOUR × DAYS_AMOUNT_COMBINED (+0.1800), HOURS_SINCE_SEC_EVENT × ACTIVITY_SEQ_RARITY (+0.1437)","TRANS_AMOUNT: 23,900,000.00 -> 57,939.34 (-23,842,060.66)",Transfer,Within_bank,2019-12-12,Thu,20,1,23900000.0,479765,Android,30.213.xx.xx (NA),M,2019-04-04,1990-08-08,0,2019-04-04,BRANCH,1,SMART_OTP,Working,23900000.0,1,23900000.0,1,23900000.0,1,23900000.0,1,23900000.0,1,23900000.0,1,956799.0944444444,8333333.333333333,3,182.33333333333334,1,0.0,LOGIN_FACEID,0.47619036281181837,42.0,0.0,-1.509743283632709
126485,68,1,1.0,"Flagged due to: transaction amount is 20.7x higher than historical average, and transaction amount is 15.2x higher than 30-day average transaction size, and transaction amount covers 19.3x monthly average balance.","TRANS_AMOUNT_Z_SCORE (+3.1937), TRANS_AMOUNT_VS_30D_AVG_RATIO (+1.4635), BALANCE_COVERAGE_RATIO (+1.1088)","TRANS_AMOUNT_Z_SCORE × TRANS_AMOUNT_VS_30D_AVG_RATIO (+0.4936), TRANS_AMOUNT_Z_SCORE × BALANCE_COVERAGE_RATIO (+0.3906), VELOCITY_RATIO_AMOUNT_7D_VS_30D × TRANS_AMOUNT_VS_30D_AVG_RATIO (+0.3096)","TRANS_AMOUNT: 50,000,000.00 -> 19,735,431.67 (-30,264,568.33)",Transfer,Within_bank,2019-11-16,Sat,11,1,50000000.0,4096,Android,199.67.xx.xx (HN),F,2019-02-28,1990-05-20,0,2019-02-28,BRANCH,1,SMART_OTP,Working,50000000.0,1,50000000.0,1,53562000.0,3,77723655.0,10,86333655.0,15,141865273.0,43,2590897.7536363634,2419415.565217391,253,0.5,3,1961.0,LOGIN,0.0,218.0,0.019460279710609454,-1.2412287000063138
126455,68,1,1.0,"Flagged due to: transaction amount is 15.7x higher than historical average, and transaction amount is 9.1x higher than 30-day average transaction size, and transaction amount covers 14.7x monthly average balance.","TRANS_AMOUNT_Z_SCORE (+3.1238), TRANS_AMOUNT_VS_30D_AVG_RATIO (+1.4707), BALANCE_COVERAGE_RATIO (+1.0598)","TRANS_AMOUNT_Z_SCORE × TRANS_AMOUNT_VS_30D_AVG_RATIO (+0.4936), TRANS_AMOUNT_Z_SCORE × BALANCE_COVERAGE_RATIO (+0.3906), VELOCITY_RATIO_AMOUNT_7D_VS_30D × TRANS_AMOUNT_VS_30D_AVG_RATIO (+0.2651)","TRANS_AMOUNT: 38,080,000.00 -> 21,204,283.45 (-16,875,716.55)",Transfer,Within_bank,2019-11-16,Sat,14,2,38080000.0,151934,Android,226.135.xx.xx (HN),F,2019-02-28,1990-05-20,0,2019-02-28,BRANCH,1,SMART_OTP,Working,38080000.0,1,88080000.0,2,91642000.0,4,115803655.0,11,124413655.0,16,179565273.0,43,2590897.7536363634,2419415.565217391,253,0.125,4,1964.0,LOGIN,0.0,220.0,0.019460279710609454,-1.2412287000063138
126457,68,1,1.0,"Flagged due to: transaction amount is 16.5x higher than historical average, and transaction amount is 8.4x higher than 30-day average transaction size, and transaction amount covers 15.4x monthly average balance.","TRANS_AMOUNT_Z_SCORE (+3.0229), TRANS_AMOUNT_VS_30D_AVG_RATIO (+1.2370), BALANCE_COVERAGE_RATIO (+1.0489)","TRANS_AMOUNT_Z_SCORE × BALANCE_COVERAGE_RATIO (+0.3906), TRANS_AMOUNT_Z_SCORE × TRANS_AMOUNT_VS_30D_AVG_RATIO (+0.3778), VELOCITY_RATIO_AMOUNT_7D_VS_30D × TRANS_AMOUNT_VS_30D_AVG_RATIO (+0.3096)","TRANS_AMOUNT: 40,000,000.00 -> 24,655,342.10 (-15,344,657.90)",Transfer,Outside_bank,2019-11-30,Sat,15,1,40000000.0,513582,Android,199.168.xx.xx (HN),F,2019-02-28,1990-05-20,0,2019-02-28,BRANCH,1,SMART_OTP,Working,40000000.0,1,40000000.0,1,40000000.0,1,40000000.0,1,50966548.0,11,204512495.0,43,2590897.7536363634,2419415.565217391,253,3.75,1,2301.0,LOGIN,0.0,249.0,0.019460279710609454,-1.2412287000063138
941755,88,1,1.0,"Flagged due to: transaction amount is 11.4x higher than historical average, and transaction amount is 13.6x higher than 30-day average transaction size, and transaction amount covers 5.7x monthly average balance.","TRANS_AMOUNT_Z_SCORE (+3.3981), TRANS_AMOUNT_VS_30D_AVG_RATIO (+1.5262), BALANCE_COVERAGE_RATIO (+0.9376)","TRANS_AMOUNT_Z_SCORE × TRANS_AMOUNT_VS_30D_AVG_RATIO (+0.5065), TRANS_AMOUNT_Z_SCORE × BALANCE_COVERAGE_RATIO (+0.4207), VELOCITY_RATIO_AMOUNT_7D_VS_30D × TRANS_AMOUNT_VS_30D_AVG_RATIO (+0.3481)","TRANS_AMOUNT: 50,000,000.00 -> 35,646,533.97 (-14,353,466.03)",Transfer,Outside_bank,2019-10-02,Wed,8,1,50000000.0,578168,iOS,14.182.xx.xx (CT),F,2019-07-15,1997-07-05,0,2019-09-03,BRANCH,1,SMART_OTP,Commercial associate,50000000.0,1,50000000.0,1,77545000.0,7,80773000.0,9,125973222.0,23,485665129.0,132,8844481.102,4369996.853994491,363,0.4583333333333333,7,165.0,LOGIN_FINGER,0.44549760921812276,211.0,0.03889746598194539,-1.441169318574772
941810,88,1,0.8625717759132385,"Flagged due to: transaction amount is 8.6x higher than historical average, and transaction amount is 8.8x higher than 30-day average transaction size, and transaction amount covers 4.2x monthly average balance.","TRANS_AMOUNT_Z_SCORE (+2.5257), TRANS_AMOUNT_VS_30D_AVG_RATIO (+1.3395), BALANCE_COVERAGE_RATIO (+0.5321)","TRANS_AMOUNT_Z_SCORE × TRANS_AMOUNT_VS_30D_AVG_RATIO (+0.3906), VELOCITY_RATIO_AMOUNT_7D_VS_30D × TRANS_AMOUNT_VS_30D_AVG_RATIO (+0.3481), TRANS_AMOUNT_Z_SCORE × DAYS_AMOUNT_COMBINED (+0.1788)","TRANS_AMOUNT: 37,439,000.00 -> 35,646,521.33 (-1,792,478.67)",Transfer,Outside_bank,2019-11-01,Fri,7,1,37439000.0,711016,iOS,50.208.xx.xx (CT),F,2019-07-15,1997-07-05,0,2019-09-03,BRANCH,1,SMART_OTP,Commercial associate,37439000.0,1,37439000.0,1,107223580.0,14,114711580.0,18,136814840.0,26,630521972.0,149,8844481.102,4369996.853994491,363,0.375,14,19.0,LOGIN_FINGER,0.4711934059425225,486.0,0.03889746598194539,-1.441169318574772
941638,88,1,0.6992864012718201,"Flagged due to: transaction amount is 8.6x higher than historical average, and transaction amount is 8.0x higher than 30-day average transaction size, and transaction amount covers 4.2x monthly average balance.","TRANS_AMOUNT_Z_SCORE (+2.6154), TRANS_AMOUNT_VS_30D_AVG_RATIO (+1.2037), BALANCE_COVERAGE_RATIO (+0.5595)","TRANS_AMOUNT_Z_SCORE × TRANS_AMOUNT_VS_30D_AVG_RATIO (+0.3906), VELOCITY_RATIO_AMOUNT_7D_VS_30D × TRANS_AMOUNT_VS_30D_AVG_RATIO (+0.3096), TRANS_AMOUNT_Z_SCORE × DAYS_AMOUNT_COMBINED (+0.1749)","TRANS_AMOUNT: 37,510,000.00 -> 35,646,512.35 (-1,863,487.65)",Transfer,Outside_bank,2019-11-06,Wed,9,5,37510000.0,88868,iOS,204.26.xx.xx (CT),F,2019-07-15,1997-07-05,0,2019-09-03,BRANCH,1,SMART_OTP,Commercial associate,41798000.0,3,41798000.0,3,73862000.0,8,116977525.0,15,346538455.0,49,699978961.0,150,8844481.102,4369996.853994491,363,0.041666666666666664,7,141.0,LOGIN_FINGER,0.4734917646528014,547.0,0.03889746598194539,-1.441169318574772
941739,88,1,0.9653492569923401,"Flagged due to: transaction amount is 9.6x higher than historical average, and transaction amount is 6.8x higher than 30-day average transaction size, and transaction amount covers 4.7x monthly average balance.","TRANS_AMOUNT_Z_SCORE (+2.6128), TRANS_AMOUNT_VS_30D_AVG_RATIO (+1.2699), BALANCE_COVERAGE_RATIO (+0.7855)","TRANS_AMOUNT_Z_SCORE × TRANS_AMOUNT_VS_30D_AVG_RATIO (+0.3906), TRANS_AMOUNT_Z_SCORE × BALANCE_COVERAGE_RATIO (+0.3137), VELOCITY_RATIO_AMOUNT_7D_VS_30D × TRANS_AMOUNT_VS_30D_AVG_RATIO (+0.3080)","TRANS_AMOUNT: 42,000,000.00 -> 35,646,543.50 (-6,353,456.50)",Transfer,Outside_bank,2019-11-27,Wed,8,6,42000000.0,581381,iOS,10.16.xx.xx (CT),F,2019-07-15,1997-07-05,0,2019-09-03,BRANCH,1,SMART_OTP,Commercial associate,42000000.0,1,42000000.0,1,45100000.0,4,45100000.0,4,57883900.0,6,470143187.0,76,8844481.102,4369996.853994491,363,0.5416666666666666,4,644.0,LOGIN,0.47791797353441684,634.0,0.03889746598194539,-1.441169318574772
941695,88,1,1.0,"Flagged due to: transaction amount is 9.2x higher than historical average, and transaction amount is 6.5x higher than 30-day average transaction size, and transaction amount covers 4.5x monthly average balance.","TRANS_AMOUNT_Z_SCORE (+2.6002), TRANS_AMOUNT_VS_30D_AVG_RATIO (+1.3517), BALANCE_COVERAGE_RATIO (+0.8013)","TRANS_AMOUNT_Z_SCORE × TRANS_AMOUNT_VS_30D_AVG_RATIO (+0.4030), TRANS_AMOUNT_Z_SCORE × BALANCE_COVERAGE_RATIO (+0.3137), VELOCITY_RATIO_AMOUNT_7D_VS_30D × TRANS_AMOUNT_VS_30D_AVG_RATIO (+0.3094)","TRANS_AMOUNT: 40,000,000.00 -> 35,646,514.89 (-4,353,485.11)",Transfer,Outside_bank,2019-12-03,Tue,8,1,40000000.0,578140,iOS,238.125.xx.xx (CT),F,2019-07-15,1997-07-05,0,2019-09-03,BRANCH,1,SMART_OTP,Commercial associate,40000000.0,1,40000000.0,1,40000000.0,1,40000000.0,1,86216000.0,7,289763377.0,47,8844481.102,4369996.853994491,363,5.041666666666667,1,788.0,LOGIN,0.47846153110059186,650.0,0.03889746598194539,-1.441169318574772
941864,88,1,1.0,"Flagged due to: transaction amount is 12.9x higher than historical average, and transaction amount covers 6.4x monthly average balance, and transaction amount is 4.9x higher than 30-day average transaction size.","TRANS_AMOUNT_Z_SCORE (+2.8864), BALANCE_COVERAGE_RATIO (+0.8794), TRANS_AMOUNT_VS_30D_AVG_RATIO (+0.5637)","TRANS_AMOUNT_Z_SCORE × BALANCE_COVERAGE_RATIO (+0.4582), TRANS_AMOUNT_Z_SCORE × TRANS_AMOUNT_VS_30D_AVG_RATIO (-0.2465), HIST_BIOMETRIC_RATIO × TRANS_AMOUNT_Z_SCORE (+0.1744)","TRANS_AMOUNT: 56,520,000.00 -> 42,555,046.92 (-13,964,953.08)",Transfer,Outside_bank,2019-12-09,Mon,11,14,56520000.0,483817,iOS,41.119.xx.xx (CT),F,2019-07-15,1997-07-05,0,2019-09-03,BRANCH,1,SMART_OTP,Commercial associate,56520000.0,1,56520000.0,1,56520000.0,1,56520000.0,1,96520000.0,2,171756852.0,15,8844481.102,4369996.853994491,363,6.125,1,935.0,LOGIN_FINGER,0.477929977504871,657.0,0.03889746598194539,-1.441169318574772
941740,88,1,0.718152642250061,"Flagged due to: transaction amount is 11.6x higher than historical average, and transaction amount covers 5.7x monthly average balance, and transaction amount is 5.6x higher than 30-day average transaction size.","TRANS_AMOUNT_Z_SCORE (+2.8846), BALANCE_COVERAGE_RATIO (+0.8673), TRANS_AMOUNT_VS_30D_AVG_RATIO (+0.3807)","TRANS_AMOUNT_Z_SCORE × BALANCE_COVERAGE_RATIO (+0.4582), TRANS_AMOUNT_Z_SCORE × TRANS_AMOUNT_VS_30D_AVG_RATIO (-0.2589), TRANS_AMOUNT_Z_SCORE × DAYS_AMOUNT_COMBINED (+0.2224)","TRANS_AMOUNT: 50,600,000.00 -> 42,555,062.48 (-8,044,937.52)",Transfer,Outside_bank,2019-12-25,Wed,10,8,50600000.0,50420,iOS,235.151.xx.xx (CT),F,2019-07-15,1997-07-05,0,2019-09-03,BRANCH,1,SMART_OTP,Commercial associate,50600000.0,1,50600000.0,1,58600000.0,3,59690000.0,5,61280000.0,11,207759030.0,23,8844481.102,4369996.853994491,363,0.7916666666666666,3,1318.0,LOGIN_FINGER,0.47838616025380176,694.0,0.03889746598194539,-1.441169318574772
1392589,107,1,0.8626977205276489,"Flagged due to: transaction amount covers 174.3x monthly average balance, and sudden 7d spending volume spike relative to 30 days (ratio: 100.0%), and unusual combination of high transaction amount shortly after a security credential update (combined score: 0.00).","BALANCE_COVERAGE_RATIO (+2.9402), VELOCITY_RATIO_AMOUNT_7D_VS_30D (+0.4423), SEC_AMOUNT_COMBINED (+0.2570)","TRANS_HOUR × BALANCE_COVERAGE_RATIO (+0.2335), BALANCE_COVERAGE_RATIO × TRANS_AMOUNT_VS_30D_AVG_RATIO (+0.1856), BALANCE_COVERAGE_RATIO × DAYS_AMOUNT_COMBINED (-0.1807)","TRANS_AMOUNT: 20,100,000.00 -> 10,278,032.68 (-9,821,967.32)",Transfer,Outside_bank,2019-08-16,Fri,15,1,20100000.0,518858,iOS,115.102.xx.xx (HP),M,2019-08-05,1999-07-24,0,2019-08-06,BRANCH,0,SMART_OTP,Unemployed,20100000.0,1,20100000.0,1,20100000.0,1,20100000.0,1,20100000.0,1,20100000.0,1,115295.11000000002,10113000.0,2,10.625,1,0.0,LOGIN,0.0,1.0,0.0,-1.0859987458586398
959032,135,1,0.9273290038108826,"Flagged due to: unusual combination of high transaction amount and long inactivity period (combined score: 57.22), and transaction amount covers 29.4x monthly average balance, and sudden 7d spending volume spike relative to 30 days (ratio: 100.0%).","DAYS_AMOUNT_COMBINED (+1.8771), BALANCE_COVERAGE_RATIO (+1.5120), VELOCITY_RATIO_AMOUNT_7D_VS_30D (+0.4034)","BALANCE_COVERAGE_RATIO × DAYS_AMOUNT_COMBINED (+0.3630), TRANS_AMOUNT_Z_SCORE × DAYS_AMOUNT_COMBINED (+0.1852), TRANS_HOUR × DAYS_AMOUNT_COMBINED (+0.1835)","TRANS_AMOUNT: 16,500,000.00 -> 15,746,090.41 (-753,909.59)",Transfer,Outside_bank,2019-09-05,Thu,18,2,16500000.0,401209,Android,24.157.xx.xx (HCM),M,2019-07-24,1986-10-20,0,2019-07-25,BRANCH,1,SMART_OTP,Working,26500000.0,2,26500000.0,2,26500000.0,2,26500000.0,2,26500000.0,2,26500000.0,2,561351.0333333333,10230000.0,10,30.291666666666668,1,988.0,LOGIN_FINGER,0.3636360330581518,11.0,0.5917514130515289,-1.3626830247620028
959039,135,1,1.0,"Flagged due to: unusual combination of high transaction amount and long inactivity period (combined score: 58.11), and transaction amount covers 26.7x monthly average balance, and sudden 7d spending volume spike relative to 30 days (ratio: 100.0%).","DAYS_AMOUNT_COMBINED (+1.9019), BALANCE_COVERAGE_RATIO (+1.2548), VELOCITY_RATIO_AMOUNT_7D_VS_30D (+0.4586)","BALANCE_COVERAGE_RATIO × DAYS_AMOUNT_COMBINED (+0.3617), TRANS_AMOUNT_Z_SCORE × DAYS_AMOUNT_COMBINED (+0.1852), TRANS_HOUR × DAYS_AMOUNT_COMBINED (+0.1835)","TRANS_AMOUNT: 15,000,000.00 -> 10,754,256.25 (-4,245,743.75)",Transfer,Within_bank,2019-11-06,Wed,12,1,15000000.0,198496,Android,252.92.xx.xx (HN),M,2019-07-24,1986-10-20,0,2019-07-25,BRANCH,1,SMART_OTP,Working,15000000.0,1,15000000.0,1,15000000.0,1,15000000.0,1,15000000.0,1,15000000.0,1,561351.0333333333,10230000.0,10,32.666666666666664,1,2470.0,LOGIN_FINGER,0.4571427265306495,35.0,0.5917514130515289,-1.3626830247620028
959033,135,1,0.8498742580413818,"Flagged due to: unusual combination of high transaction amount and long inactivity period (combined score: 59.79), and transaction amount covers 17.8x monthly average balance, and sudden 7d spending volume spike relative to 30 days (ratio: 100.0%).","DAYS_AMOUNT_COMBINED (+1.7304), BALANCE_COVERAGE_RATIO (+0.8299), VELOCITY_RATIO_AMOUNT_7D_VS_30D (+0.4015)","TRANS_AMOUNT_Z_SCORE × DAYS_AMOUNT_COMBINED (+0.1957), TRANS_HOUR × DAYS_AMOUNT_COMBINED (+0.1780), TRANS_HOUR × BALANCE_COVERAGE_RATIO (+0.1276)","TRANS_AMOUNT: 10,000,000.00 -> 4,914,913.18 (-5,085,086.82)",Transfer,Within_bank,2019-12-16,Mon,9,2,10000000.0,832548,Android,101.166.xx.xx (HCM),M,2019-07-24,1986-10-20,0,2019-07-25,BRANCH,1,SMART_OTP,Working,10000000.0,1,10000000.0,1,10000000.0,1,10000000.0,1,10000000.0,1,10000000.0,1,561351.0333333333,10230000.0,10,39.833333333333336,1,1.0,LOGIN,0.4705881430219327,51.0,0.5917514130515289,-1.3626830247620028
970991,143,1,1.0,"Flagged due to: transaction amount covers 318.2x monthly average balance, and transaction amount is 5.9x higher than historical average, and sudden 7d spending volume spike relative to 30 days (ratio: 100.0%).","BALANCE_COVERAGE_RATIO (+2.8688), TRANS_AMOUNT_Z_SCORE (+0.6181), VELOCITY_RATIO_AMOUNT_7D_VS_30D (+0.4209)","BENFORD_DEV × BALANCE_COVERAGE_RATIO (-0.2459), TRANS_HOUR × BALANCE_COVERAGE_RATIO (+0.2412), BALANCE_COVERAGE_RATIO × TRANS_AMOUNT_VS_30D_AVG_RATIO (+0.1907)","TRANS_AMOUNT: 33,000,000.00 -> 9,246,474.27 (-23,753,525.73)",Transfer,Outside_bank,2019-09-11,Wed,12,1,33000000.0,789505,iOS,5.117.xx.xx (HP),F,2019-09-10,1982-12-24,0,2019-09-10,BRANCH,1,SMART_OTP,Working,33000000.0,1,33000000.0,1,33000000.0,1,33000000.0,1,33000000.0,1,33000000.0,1,103723.49,5556666.666666667,6,1.5,1,17.0,LOGIN,0.0,3.0,0.7048483079474323,-1.5102239753915914
1262697,226,1,0.5914646983146667,"Flagged due to: unusual combination of high transaction amount and long inactivity period (combined score: 58.94), and transaction amount leading digits deviation from Benford's Law (score: 1.2583), and sudden 7d spending volume spike relative to 30 days (ratio: 100.0%).","DAYS_AMOUNT_COMBINED (+1.8617), BENFORD_DEV (+1.3679), VELOCITY_RATIO_AMOUNT_7D_VS_30D (+0.3907)","BENFORD_DEV × DAYS_AMOUNT_COMBINED (+0.3652), TRANS_HOUR × DAYS_AMOUNT_COMBINED (+0.2003), TRANS_AMOUNT_Z_SCORE × DAYS_AMOUNT_COMBINED (+0.1416)","TRANS_AMOUNT: 50,000,000.00 -> 44,515,228.27 (-5,484,771.73)",Transfer,Outside_bank,2019-11-24,Sun,19,1,50000000.0,315965,iOS,169.116.xx.xx (HCM),F,2019-10-29,1986-04-10,0,2019-10-29,BRANCH,1,SMART_OTP,Working,50000000.0,1,50000000.0,1,50000000.0,1,50000000.0,1,50000000.0,1,50000000.0,1,22270202.773333333,40000000.0,5,26.791666666666668,1,628.0,LOGIN_FACEID,0.45454504132268975,11.0,1.2582533462092105,-1.269749901092123
1412401,227,1,1.0,"Flagged due to: unusual combination of high transaction amount and long inactivity period (combined score: 68.78), and transaction amount covers 28.9x monthly average balance, and sudden 7d spending volume spike relative to 30 days (ratio: 100.0%).","DAYS_AMOUNT_COMBINED (+3.4139), BALANCE_COVERAGE_RATIO (+1.2563), VELOCITY_RATIO_AMOUNT_7D_VS_30D (+0.5105)","DAYS_SINCE_LAST_TRANS × BALANCE_COVERAGE_RATIO (-0.2468), TRANS_AMOUNT_Z_SCORE × DAYS_AMOUNT_COMBINED (+0.2182), TRANS_HOUR × DAYS_AMOUNT_COMBINED (+0.1902)","TRANS_AMOUNT: 47,950,000.00 -> 11,422,202.01 (-36,527,797.99)",Transfer,Outside_bank,2019-12-04,Wed,10,1,47950000.0,2944,iOS,129.23.xx.xx (HP),M,2019-09-19,1978-12-11,0,2019-09-19,BRANCH,0,SMART_OTP,State servant,47950000.0,1,47950000.0,1,47950000.0,1,47950000.0,1,47950000.0,1,47950000.0,1,1661362.5,48425000.0,2,47.875,1,1815.0,LOGIN,0.299999850000075,20.0,0.0,-1.0463935568080418
1391921,317,1,0.7771599292755127,"Flagged due to: unusual combination of high transaction amount and long inactivity period (combined score: 55.63), and transaction amount leading digits deviation from Benford's Law (score: 1.0020), and transaction amount covers 15.9x monthly average balance.","DAYS_AMOUNT_COMBINED (+1.3715), BENFORD_DEV (+1.2279), BALANCE_COVERAGE_RATIO (+0.7261)","BENFORD_DEV × DAYS_AMOUNT_COMBINED (+0.4138), DAYS_SINCE_LAST_TRANS × BALANCE_COVERAGE_RATIO (-0.1812), TRANS_AMOUNT_Z_SCORE × DAYS_AMOUNT_COMBINED (+0.1772)","TRANS_AMOUNT: 600,000.00 -> 132,804.68 (-467,195.32)",Payment,Credit_card_repayment,2019-06-26,Wed,11,2,600000.0,NaN,Android,202.161.xx.xx (HN),F,2019-04-22,1982-09-03,0,2019-04-23,BRANCH,0,SMART_OTP,Working,600000.0,1,600000.0,1,600000.0,1,600000.0,1,600000.0,1,600000.0,1,37697.706666666665,2105881.5714285714,7,64.45833333333333,0,1537.0,LOGIN,0.09090900826453795,11.0,1.001997935597524,-1.0845402446682986
1391917,317,1,1.0,"Flagged due to: transaction amount covers 69.0x monthly average balance, and unusual combination of high transaction amount and long inactivity period (combined score: 50.16), and transaction amount leading digits deviation from Benford's Law (score: 1.0020).","BALANCE_COVERAGE_RATIO (+2.2108), DAYS_AMOUNT_COMBINED (+1.6857), BENFORD_DEV (+1.1098)","BALANCE_COVERAGE_RATIO × DAYS_AMOUNT_COMBINED (+0.5184), BENFORD_DEV × DAYS_AMOUNT_COMBINED (+0.4125), TRANS_AMOUNT_Z_SCORE × DAYS_AMOUNT_COMBINED (+0.1789)","TRANS_AMOUNT: 2,600,000.00 -> 1,515,619.47 (-1,084,380.53)",Payment,Credit_card_repayment,2019-07-25,Thu,7,1,2600000.0,NaN,Android,125.42.xx.xx (HN),F,2019-04-22,1982-09-03,0,2019-04-23,BRANCH,0,SMART_OTP,Working,2600000.0,1,2600000.0,1,2600000.0,1,2600000.0,1,2600000.0,1,3200000.0,2,37697.706666666665,2105881.5714285714,7,28.833333333333332,0,2229.0,LOGIN,0.1333332444445037,15.0,1.001997935597524,-1.0845402446682986
1391920,317,1,1.0,"Flagged due to: transaction amount covers 47.7x monthly average balance, and unusual combination of high transaction amount and long inactivity period (combined score: 49.56), and transaction amount leading digits deviation from Benford's Law (score: 1.0020).","BALANCE_COVERAGE_RATIO (+2.2257), DAYS_AMOUNT_COMBINED (+1.6661), BENFORD_DEV (+1.1523)","BALANCE_COVERAGE_RATIO × DAYS_AMOUNT_COMBINED (+0.5184), BENFORD_DEV × DAYS_AMOUNT_COMBINED (+0.4125), TRANS_AMOUNT_Z_SCORE × BALANCE_COVERAGE_RATIO (-0.2225)","TRANS_AMOUNT: 1,800,000.00 -> 417,367.17 (-1,382,632.83)",Payment,Credit_card_repayment,2019-08-24,Sat,12,1,1800000.0,NaN,Android,58.10.xx.xx (HN),F,2019-04-22,1982-09-03,0,2019-04-23,BRANCH,0,SMART_OTP,Working,1800000.0,1,1800000.0,1,1800000.0,1,1800000.0,1,1800000.0,1,1800000.0,1,37697.706666666665,2105881.5714285714,7,30.208333333333332,0,2954.0,LOGIN,0.12499992187504883,16.0,1.001997935597524,-1.0845402446682986
1391918,317,1,1.0,"Flagged due to: transaction amount covers 53.1x monthly average balance, and unusual combination of high transaction amount and long inactivity period (combined score: 50.86), and transaction amount leading digits deviation from Benford's Law (score: 1.0020).","BALANCE_COVERAGE_RATIO (+2.2059), DAYS_AMOUNT_COMBINED (+1.6661), BENFORD_DEV (+1.3127)","BALANCE_COVERAGE_RATIO × DAYS_AMOUNT_COMBINED (+0.5184), BENFORD_DEV × DAYS_AMOUNT_COMBINED (+0.4125), HOURS_SINCE_SEC_EVENT × BENFORD_DEV (+0.2337)","TRANS_AMOUNT: 2,000,000.00 -> 312,414.17 (-1,687,585.83)",Payment,Credit_card_repayment,2019-09-25,Wed,19,1,2000000.0,NaN,Android,79.143.xx.xx (HN),F,2019-04-22,1982-09-03,0,2019-04-23,BRANCH,0,SMART_OTP,Working,2000000.0,1,2000000.0,1,2000000.0,1,2000000.0,1,2000000.0,1,2000000.0,1,37697.706666666665,2105881.5714285714,7,32.291666666666664,0,3729.0,LOGIN,0.11111104938275035,18.0,1.001997935597524,-1.0845402446682986
1391919,317,1,1.0,"Flagged due to: transaction amount covers 58.1x monthly average balance, and unusual combination of high transaction amount and long inactivity period (combined score: 49.49), and transaction amount leading digits deviation from Benford's Law (score: 1.0020).","BALANCE_COVERAGE_RATIO (+2.1948), DAYS_AMOUNT_COMBINED (+1.7014), BENFORD_DEV (+1.3616)","BALANCE_COVERAGE_RATIO × DAYS_AMOUNT_COMBINED (+0.5184), BENFORD_DEV × DAYS_AMOUNT_COMBINED (+0.4125), HOURS_SINCE_SEC_EVENT × BENFORD_DEV (+0.3722)","TRANS_AMOUNT: 2,191,171.00 -> 417,366.40 (-1,773,804.60)",Payment,Credit_card_repayment,2019-10-24,Thu,11,1,2191171.0,NaN,Android,149.180.xx.xx (HN),F,2019-04-22,1982-09-03,0,2019-04-23,BRANCH,0,SMART_OTP,Working,2191171.0,1,2191171.0,1,2191171.0,1,2191171.0,1,2191171.0,1,4191171.0,2,37697.706666666665,2105881.5714285714,7,28.666666666666668,0,4417.0,LOGIN,0.08695648393196351,23.0,1.001997935597524,-1.0845402446682986
1391923,317,1,1.0,"Flagged due to: transaction amount covers 78.3x monthly average balance, and unusual combination of high transaction amount and long inactivity period (combined score: 51.57), and transaction amount leading digits deviation from Benford's Law (score: 1.0020).","BALANCE_COVERAGE_RATIO (+2.2271), DAYS_AMOUNT_COMBINED (+1.6910), BENFORD_DEV (+1.4133)","BALANCE_COVERAGE_RATIO × DAYS_AMOUNT_COMBINED (+0.5184), HOURS_SINCE_SEC_EVENT × BENFORD_DEV (+0.4485), BENFORD_DEV × DAYS_AMOUNT_COMBINED (+0.4125)","TRANS_AMOUNT: 2,950,000.00 -> 124,751.90 (-2,825,248.10)",Payment,Credit_card_repayment,2019-11-24,Sun,8,1,2950000.0,NaN,Android,95.234.xx.xx (HN),F,2019-04-22,1982-09-03,0,2019-04-23,BRANCH,0,SMART_OTP,Working,2950000.0,1,2950000.0,1,2950000.0,1,2950000.0,1,2950000.0,1,2950000.0,1,37697.706666666665,2105881.5714285714,7,30.875,0,5158.0,LOGIN,0.06451610822061025,31.0,1.001997935597524,-1.0845402446682986
1391922,317,1,1.0,"Flagged due to: transaction amount covers 69.0x monthly average balance, and unusual combination of high transaction amount and long inactivity period (combined score: 51.36), and transaction amount leading digits deviation from Benford's Law (score: 1.0020).","BALANCE_COVERAGE_RATIO (+2.1388), DAYS_AMOUNT_COMBINED (+1.7155), BENFORD_DEV (+1.3515)","BALANCE_COVERAGE_RATIO × DAYS_AMOUNT_COMBINED (+0.5184), HOURS_SINCE_SEC_EVENT × BENFORD_DEV (+0.3859), BENFORD_DEV × DAYS_AMOUNT_COMBINED (+0.3623)","TRANS_AMOUNT: 2,600,000.00 -> 121,396.45 (-2,478,603.55)",Payment,Credit_card_repayment,2019-12-25,Wed,17,1,2600000.0,NaN,Android,10.104.xx.xx (HP),F,2019-04-22,1982-09-03,0,2019-04-23,BRANCH,0,SMART_OTP,Working,2600000.0,1,2600000.0,1,2600000.0,1,2600000.0,1,2600000.0,1,2600000.0,1,37697.706666666665,2105881.5714285714,7,31.375,0,5911.0,LOGIN,0.05263156509695655,38.0,1.001997935597524,-1.0845402446682986
90144,331,1,1.0,"Flagged due to: unusual combination of high transaction amount and long inactivity period (combined score: 60.68), and improbable sequential activity transition pattern (score: -2.509), and sudden 7d spending volume spike relative to 30 days (ratio: 100.0%).","DAYS_AMOUNT_COMBINED (+2.2404), ACTIVITY_SEQ_RARITY (+1.0908), VELOCITY_RATIO_AMOUNT_7D_VS_30D (+0.4473)","BALANCE_COVERAGE_RATIO × DAYS_AMOUNT_COMBINED (-0.2055), TRANS_HOUR × DAYS_AMOUNT_COMBINED (+0.1897), TRANS_AMOUNT_Z_SCORE × DAYS_AMOUNT_COMBINED (+0.1363)","TRANS_AMOUNT: 12,000,000.00 -> 6,334,304.81 (-5,665,695.19)",Transfer,Outside_bank,2019-03-06,Wed,9,2,12000000.0,63398,iOS,196.198.xx.xx (HCM),M,2019-01-16,1992-01-07,0,2019-01-25,BRANCH,1,SMS,Unemployed,12000000.0,1,12000000.0,1,12000000.0,1,12000000.0,1,12000000.0,1,12000000.0,1,3490298.725,6480000.0,3,40.375,1,0.0,LOGIN,0.0,0.0,0.0,-2.5092054678419475
899925,386,1,0.9692725539207458,"Flagged due to: transaction amount is 22.6x higher than historical average, and transaction amount is 13.7x higher than 30-day average transaction size, and transaction amount covers 3.3x monthly average balance.","TRANS_AMOUNT_Z_SCORE (+2.9107), TRANS_AMOUNT_VS_30D_AVG_RATIO (+1.1135), BALANCE_COVERAGE_RATIO (+0.5716)","TRANS_AMOUNT_Z_SCORE × TRANS_AMOUNT_VS_30D_AVG_RATIO (+0.4795), VELOCITY_RATIO_AMOUNT_7D_VS_30D × TRANS_AMOUNT_VS_30D_AVG_RATIO (-0.3874), TRANS_AMOUNT_Z_SCORE × BALANCE_COVERAGE_RATIO (+0.2357)","TRANS_AMOUNT: 380,000,000.00 -> 228,751,754.76 (-151,248,245.24)",Transfer,Within_bank,2019-10-21,Mon,9,1,380000000.0,456015,Android,40.87.xx.xx (HCM),F,2019-08-12,1989-04-24,0,2019-08-12,BRANCH,1,SMART_OTP,Working,380000000.0,1,380000000.0,1,380550000.0,2,380550000.0,2,383615000.0,5,416432414.0,15,114440623.53400001,16809085.8,70,0.6666666666666666,2,1670.0,LOGIN,0.0,41.0,0.061351446143111873,-1.0341287827195147
1182733,470,1,1.0,"Flagged due to: unusual combination of high transaction amount and long inactivity period (combined score: 74.95), and transaction amount covers 13.6x monthly average balance, and sudden 7d spending volume spike relative to 30 days (ratio: 100.0%).","DAYS_AMOUNT_COMBINED (+3.2440), BALANCE_COVERAGE_RATIO (+0.7150), VELOCITY_RATIO_AMOUNT_7D_VS_30D (+0.4637)","DAYS_SINCE_LAST_TRANS × BALANCE_COVERAGE_RATIO (-0.1812), TRANS_HOUR × DAYS_AMOUNT_COMBINED (+0.1627), HIST_BIOMETRIC_RATIO × DAYS_AMOUNT_COMBINED (-0.1159)","TRANS_AMOUNT: 50,000,000.00 -> 9,700,202.94 (-40,299,797.06)",Transfer,Outside_bank,2019-05-08,Wed,14,1,50000000.0,69129,Android,204.70.xx.xx (HN),M,2019-02-14,1985-08-23,0,2019-03-02,BRANCH,0,SMS,State servant,50000000.0,1,50000000.0,1,50000000.0,1,50000000.0,1,50000000.0,1,50000000.0,1,3666343.766363636,12919000.0,18,67.58333333333333,1,1612.0,LOGIN,0.4891304081994343,184.0,0.4989169656755756,-0.795191579133574
1182730,470,1,1.0,"Flagged due to: unusual combination of high transaction amount and long inactivity period (combined score: 68.15), and long inactivity period (82.0 days since last transaction), and sudden 7d spending volume spike relative to 30 days (ratio: 100.0%).","DAYS_AMOUNT_COMBINED (+3.3946), DAYS_SINCE_LAST_TRANS (+1.1852), VELOCITY_RATIO_AMOUNT_7D_VS_30D (+0.5509)","TRANS_HOUR × DAYS_AMOUNT_COMBINED (+0.2125), DAYS_SINCE_LAST_TRANS × BALANCE_COVERAGE_RATIO (+0.1776), TRANS_AMOUNT_Z_SCORE × DAYS_AMOUNT_COMBINED (+0.1622)","TRANS_AMOUNT: 5,000,000.00 -> 884,480.48 (-4,115,519.52)",Transfer,Outside_bank,2019-10-05,Sat,10,1,5000000.0,379135,Android,127.130.xx.xx (HN),M,2019-02-14,1985-08-23,0,2019-03-02,BRANCH,0,SMS,State servant,5000000.0,1,5000000.0,1,5000000.0,1,5000000.0,1,5000000.0,1,5000000.0,1,3666343.766363636,12919000.0,18,81.95833333333333,1,5208.0,LOGIN_FINGER,0.4830339224943329,501.0,0.4989169656755756,-0.795191579133574
989774,471,1,1.0,"Flagged due to: unusual combination of high transaction amount and long inactivity period (combined score: 71.35), and sudden 7d spending volume spike relative to 30 days (ratio: 100.0%), and transaction amount covers 4.1x monthly average balance.","DAYS_AMOUNT_COMBINED (+3.3902), VELOCITY_RATIO_AMOUNT_7D_VS_30D (+0.4883), BALANCE_COVERAGE_RATIO (+0.2726)","DAYS_SINCE_LAST_TRANS × BALANCE_COVERAGE_RATIO (-0.1877), TRANS_HOUR × DAYS_AMOUNT_COMBINED (+0.1769), TRANS_AMOUNT_Z_SCORE × DAYS_AMOUNT_COMBINED (+0.1604)","TRANS_AMOUNT: 150,000,000.00 -> 62,317,800.52 (-87,682,199.48)",Transfer,Within_bank,2019-07-18,Thu,6,2,150000000.0,483817,iOS,223.82.xx.xx (HCM),F,2019-06-05,1981-09-08,0,2019-06-05,BRANCH,1,SMS,State servant,150000000.0,1,150000000.0,1,150000000.0,1,150000000.0,1,150000000.0,1,150000000.0,1,36690057.17285714,69960000.0,10,43.25,1,993.0,LOGIN,0.0,0.0,0.44221233555637046,-1.0106583811507186
646922,482,1,0.7827973961830139,"Flagged due to: transaction amount is 10.6x higher than historical average, and transaction amount covers 5.5x monthly average balance, and transaction amount is 5.1x higher than 30-day average transaction size.","TRANS_AMOUNT_Z_SCORE (+2.8510), BALANCE_COVERAGE_RATIO (+0.8726), TRANS_AMOUNT_VS_30D_AVG_RATIO (+0.4190)","TRANS_AMOUNT_Z_SCORE × BALANCE_COVERAGE_RATIO (+0.4563), TRANS_AMOUNT_Z_SCORE × TRANS_AMOUNT_VS_30D_AVG_RATIO (-0.2718), TRANS_AMOUNT_Z_SCORE × DAYS_AMOUNT_COMBINED (+0.2224)","TRANS_AMOUNT: 11,251,000.00 -> 10,355,105.48 (-895,894.52)",Transfer,Outside_bank,2019-10-05,Sat,11,3,11251000.0,897753,Android,194.101.xx.xx (HN),M,2019-05-20,1997-10-06,0,2019-05-20,BRANCH,1,SMART_OTP,Working,11451000.0,2,11451000.0,2,11451000.0,2,11451000.0,2,12451000.0,3,37282000.0,17,2043493.01,1063369.5988023952,167,3.75,1,2659.0,LOGIN,0.11494251552384879,87.0,0.2149680305747076,-1.3216419008590108
1072748,484,1,0.9104346632957458,"Flagged due to: unusual behavior in feature 'TRANS_HOUR' (value: 0.00), and long inactivity period (7.2 days since last transaction), and sudden 24h spending volume spike relative to 7 days (ratio: 100.0%).","TRANS_HOUR (+4.1596), DAYS_SINCE_LAST_TRANS (+0.2806), VELOCITY_RATIO_AMOUNT_24H_VS_7D (+0.2727)","TRANS_HOUR × DAYS_SINCE_LAST_TRANS (+0.3638), TRANS_HOUR × BALANCE_COVERAGE_RATIO (+0.2671), TRANS_HOUR × VELOCITY_RATIO_AMOUNT_24H_VS_7D (+0.2661)",,Transfer,Outside_bank,2019-08-29,Thu,0,1,2000000.0,191343,Android,188.32.xx.xx (NA),M,2019-06-24,1993-10-11,0,2019-06-25,BRANCH,1,SMART_OTP,Working,2000000.0,1,2000000.0,1,2000000.0,1,2000000.0,1,2000000.0,1,4541000.0,4,8056499.062857143,4645096.153846154,104,7.208333333333333,1,999.0,LOGIN,0.49999989130437145,46.0,0.19655106327844615,-1.166028856773688
1349322,504,1,0.6252903342247009,"Flagged due to: unusual combination of high transaction amount and long inactivity period (combined score: 66.90), and long inactivity period (109.4 days since last transaction), and sudden 7d spending volume spike relative to 30 days (ratio: 100.0%).","DAYS_AMOUNT_COMBINED (+2.2440), DAYS_SINCE_LAST_TRANS (+1.4476), VELOCITY_RATIO_AMOUNT_7D_VS_30D (+0.4182)","DAYS_SINCE_LAST_TRANS × BALANCE_COVERAGE_RATIO (+0.2275), TRANS_HOUR × DAYS_AMOUNT_COMBINED (+0.2036), TRANS_AMOUNT_Z_SCORE × DAYS_AMOUNT_COMBINED (+0.1346)","TRANS_AMOUNT: 1,500,000.00 -> 686,123.37 (-813,876.63)",Transfer,Outside_bank,2019-06-17,Mon,10,1,1500000.0,36573,iOS,78.114.xx.xx (DN),M,2019-01-30,1983-05-12,0,2019-02-28,BRANCH,0,SMS,Working,1500000.0,1,1500000.0,1,1500000.0,1,1500000.0,1,1500000.0,1,1500000.0,1,948027.7991666667,1500000.0,1,109.41666666666667,1,2610.0,LOGIN,0.0,4.0,0.0,-0.9526807352979791
1304008,615,1,1.0,"Flagged due to: unusual combination of high transaction amount and long inactivity period (combined score: 70.27), and long inactivity period (108.8 days since last transaction), and sudden 7d spending volume spike relative to 30 days (ratio: 100.0%).","DAYS_AMOUNT_COMBINED (+3.4164), DAYS_SINCE_LAST_TRANS (+1.4649), VELOCITY_RATIO_AMOUNT_7D_VS_30D (+0.4857)","DAYS_SINCE_LAST_TRANS × BALANCE_COVERAGE_RATIO (+0.2969), TRANS_HOUR × DAYS_AMOUNT_COMBINED (+0.2057), VELOCITY_RATIO_AMOUNT_7D_VS_30D × DAYS_AMOUNT_COMBINED (+0.1155)","TRANS_AMOUNT: 3,125,000.00 -> 1,318,976.28 (-1,806,023.72)",Transfer,Outside_bank,2019-10-28,Mon,19,1,3125000.0,85968,Android,135.165.xx.xx (HN),F,2019-07-12,1994-11-24,0,2019-07-12,BRANCH,1,SMART_OTP,Working,3125000.0,1,3125000.0,1,3125000.0,1,3125000.0,1,3125000.0,1,3125000.0,1,1738366.7566666666,1249021.2916666667,24,108.79166666666667,1,999.0,LOGIN,0.0,16.0,0.19221788691458602,-1.215422611949282
1051280,617,1,0.9760460257530212,"Flagged due to: transaction amount is 15.5x higher than historical average, and transaction amount covers 13.2x monthly average balance, and sudden 7d spending volume spike relative to 30 days (ratio: 100.0%).","TRANS_AMOUNT_Z_SCORE (+2.6976), BALANCE_COVERAGE_RATIO (+1.1405), VELOCITY_RATIO_AMOUNT_7D_VS_30D (+0.4252)","TRANS_AMOUNT_Z_SCORE × TRANS_AMOUNT_VS_30D_AVG_RATIO (-0.4959), TRANS_AMOUNT_Z_SCORE × BALANCE_COVERAGE_RATIO (+0.4501), TRANS_AMOUNT_Z_SCORE × DAYS_AMOUNT_COMBINED (+0.2171)","TRANS_AMOUNT: 10,000,000.00 -> 6,285,076.14 (-3,714,923.86)",Transfer,Within_bank,2019-11-04,Mon,19,1,10000000.0,792156,iOS,36.98.xx.xx (HCM),M,2019-05-14,1991-11-04,0,2019-06-03,MYbank,1,SMS,Commercial associate,10000000.0,1,10000000.0,1,10190000.0,2,10190000.0,2,10420000.0,3,10420000.0,3,759126.4185714286,645416.6666666666,24,0.9583333333333334,2,3670.0,LOGIN,0.199999960000008,50.0,0.4009387427589749,-1.2187946516613175
1086929,635,1,1.0,"Flagged due to: transaction amount is 11.5x higher than historical average, and transaction amount is 8.7x higher than 30-day average transaction size, and transaction amount covers 5.8x monthly average balance.","TRANS_AMOUNT_Z_SCORE (+3.2052), TRANS_AMOUNT_VS_30D_AVG_RATIO (+1.2086), BALANCE_COVERAGE_RATIO (+0.9204)","TRANS_AMOUNT_Z_SCORE × BALANCE_COVERAGE_RATIO (+0.4226), TRANS_AMOUNT_Z_SCORE × TRANS_AMOUNT_VS_30D_AVG_RATIO (+0.3906), VELOCITY_RATIO_AMOUNT_7D_VS_30D × TRANS_AMOUNT_VS_30D_AVG_RATIO (+0.2651)","TRANS_AMOUNT: 4,140,000.00 -> 2,944,145.91 (-1,195,854.09)",Transfer,Outside_bank,2019-12-07,Sat,16,2,4140000.0,937837,Android,72.5.xx.xx (DN),M,2019-09-25,2000-08-25,0,2019-10-08,BRANCH,1,SMART_OTP,Commercial associate,4140000.0,1,4140000.0,1,4140000.0,1,4880000.0,6,4880000.0,6,7576000.0,16,708308.2566666667,360930.23255813954,43,1.0833333333333333,1,1433.0,LOGIN,0.48557689973187984,208.0,0.20172437179875902,-1.0823620743416151
1034973,640,1,1.0,"Flagged due to: transaction amount is 14.9x higher than historical average, and transaction amount covers 15.2x monthly average balance, and transaction amount is 8.1x higher than 30-day average transaction size.","TRANS_AMOUNT_Z_SCORE (+3.1332), BALANCE_COVERAGE_RATIO (+1.1315), TRANS_AMOUNT_VS_30D_AVG_RATIO (+0.9174)","VELOCITY_RATIO_AMOUNT_7D_VS_30D × TRANS_AMOUNT_VS_30D_AVG_RATIO (-0.4357), TRANS_AMOUNT_Z_SCORE × BALANCE_COVERAGE_RATIO (+0.4145), TRANS_AMOUNT_Z_SCORE × TRANS_AMOUNT_VS_30D_AVG_RATIO (+0.3893)","TRANS_AMOUNT: 20,150,000.00 -> 11,066,419.60 (-9,083,580.40)",Transfer,Outside_bank,2019-11-12,Tue,10,1,20150000.0,687495,iOS,226.6.xx.xx (HCM),M,2019-04-26,1990-07-09,0,2019-06-03,BRANCH,1,SMS,Working,20150000.0,1,20150000.0,1,20150000.0,1,20150000.0,1,24205000.0,7,24725000.0,10,1329118.49875,1356661.0169491526,59,2.9583333333333335,1,3888.0,LOGIN_FINGER,0.4425287101994994,174.0,0.36760838353631675,-1.1317807288531814
1415879,755,1,1.0,"Flagged due to: unusual combination of high transaction amount and long inactivity period (combined score: 66.56), and improbable sequential activity transition pattern (score: -2.172), and long inactivity period (91.8 days since last transaction).","DAYS_AMOUNT_COMBINED (+2.3166), ACTIVITY_SEQ_RARITY (+0.9975), DAYS_SINCE_LAST_TRANS (+0.5693)","DAYS_SINCE_LAST_TRANS × BALANCE_COVERAGE_RATIO (-0.7562), TRANS_AMOUNT_Z_SCORE × DAYS_AMOUNT_COMBINED (+0.1941), DAYS_SINCE_LAST_TRANS × ACTIVITY_SEQ_RARITY (-0.1932)","TRANS_AMOUNT: 2,400,000.00 -> 53,528.59 (-2,346,471.41)",Transfer,Outside_bank,2019-11-15,Fri,10,1,2400000.0,299894,iOS,51.234.xx.xx (DN),M,2019-01-29,1964-04-13,0,2019-08-15,BRANCH,0,SMART_OTP,Pensioner,2400000.0,1,2400000.0,1,2400000.0,1,2400000.0,1,2400000.0,1,2400000.0,1,228209.50416666665,2450000.0,2,91.79166666666667,1,0.0,LOGIN,0.0,1.0,0.0,-2.172453964726062
1365085,777,1,1.0,"Flagged due to: unusual combination of high transaction amount and long inactivity period (combined score: 65.01), and transaction amount covers 46.6x monthly average balance, and sudden 7d spending volume spike relative to 30 days (ratio: 100.0%).","DAYS_AMOUNT_COMBINED (+2.5315), BALANCE_COVERAGE_RATIO (+2.0993), VELOCITY_RATIO_AMOUNT_7D_VS_30D (+0.4308)","BALANCE_COVERAGE_RATIO × DAYS_AMOUNT_COMBINED (+0.5018), DAYS_SINCE_LAST_TRANS × BALANCE_COVERAGE_RATIO (-0.2328), TRANS_AMOUNT_Z_SCORE × BALANCE_COVERAGE_RATIO (-0.2145)","TRANS_AMOUNT: 5,000,000.00 -> 2,053,842.54 (-2,946,157.46)",Transfer,Outside_bank,2019-08-10,Sat,16,1,5000000.0,532427,iOS,236.195.xx.xx (CT),F,2019-06-05,1984-05-16,0,2019-06-05,BRANCH,0,SMART_OTP,Working,5000000.0,1,5000000.0,1,5000000.0,1,5000000.0,1,5000000.0,1,5000000.0,1,107206.71666666667,8500000.0,2,66.66666666666667,1,1578.0,LOGIN,0.0,3.0,0.0,-0.9581408352170221
1365084,777,1,1.0,"Flagged due to: unusual combination of high transaction amount and long inactivity period (combined score: 70.09), and transaction amount covers 111.9x monthly average balance, and long inactivity period (72.7 days since last transaction).","DAYS_AMOUNT_COMBINED (+3.5757), BALANCE_COVERAGE_RATIO (+2.5071), DAYS_SINCE_LAST_TRANS (+0.6129)","DAYS_SINCE_LAST_TRANS × BALANCE_COVERAGE_RATIO (-0.8644), TRANS_AMOUNT_Z_SCORE × DAYS_AMOUNT_COMBINED (+0.2127), TRANS_HOUR × DAYS_AMOUNT_COMBINED (+0.1990)","TRANS_AMOUNT: 12,000,000.00 -> 2,053,836.82 (-9,946,163.18)",Transfer,Outside_bank,2019-10-22,Tue,9,1,12000000.0,452974,iOS,219.200.xx.xx (BD),F,2019-06-05,1984-05-16,0,2019-06-05,BRANCH,0,SMART_OTP,Working,12000000.0,1,12000000.0,1,12000000.0,1,12000000.0,1,12000000.0,1,12000000.0,1,107206.71666666667,8500000.0,2,72.70833333333333,1,3323.0,LOGIN,0.0,13.0,0.0,-0.9581408352170221
1376318,806,1,1.0,"Flagged due to: unusual combination of high transaction amount and long inactivity period (combined score: 60.75), and transaction amount covers 19.0x monthly average balance, and long inactivity period (61.7 days since last transaction).","DAYS_AMOUNT_COMBINED (+2.3813), BALANCE_COVERAGE_RATIO (+0.7926), DAYS_SINCE_LAST_TRANS (+0.4307)","TRANS_AMOUNT_Z_SCORE × DAYS_AMOUNT_COMBINED (+0.1941), DAYS_SINCE_LAST_TRANS × BALANCE_COVERAGE_RATIO (-0.1812), TRANS_HOUR × DAYS_AMOUNT_COMBINED (+0.1780)","TRANS_AMOUNT: 2,379,665.00 -> 997,328.49 (-1,382,336.51)",Payment,Credit_card_repayment,2019-11-26,Tue,16,1,2379665.0,NaN,iOS,141.125.xx.xx (DN),M,2019-01-10,1993-01-15,0,2019-09-26,AUTO-JOB,0,SMART_OTP,Businessman,2379665.0,1,2379665.0,1,2379665.0,1,2379665.0,1,2379665.0,1,2379665.0,1,125165.795,4261332.5,2,61.666666666666664,0,0.0,LOGIN,0.4499997750001125,20.0,0.0,-1.303704609216112
1376319,806,1,0.7394832968711853,"Flagged due to: transaction amount covers 49.1x monthly average balance, and unusual combination of high transaction amount and long inactivity period (combined score: 53.05), and unusual behavior in feature 'HIST_BIOMETRIC_RATIO' (value: 0.44).","BALANCE_COVERAGE_RATIO (+2.3039), DAYS_AMOUNT_COMBINED (+1.4367), HIST_BIOMETRIC_RATIO (+0.2364)","BALANCE_COVERAGE_RATIO × DAYS_AMOUNT_COMBINED (+0.4732), TRANS_HOUR × BALANCE_COVERAGE_RATIO (+0.1723), TRANS_AMOUNT_Z_SCORE × DAYS_AMOUNT_COMBINED (+0.1650)","TRANS_AMOUNT: 6,143,000.00 -> 5,825,713.76 (-317,286.24)",Payment,Credit_card_repayment,2019-12-25,Wed,11,1,6143000.0,NaN,iOS,108.156.xx.xx (TH),M,2019-01-10,1993-01-15,0,2019-09-26,AUTO-JOB,0,SMART_OTP,Businessman,6143000.0,1,6143000.0,1,6143000.0,1,6143000.0,1,6143000.0,1,8522665.0,2,125165.795,4261332.5,2,28.791666666666668,0,691.0,LOGIN,0.4399998240000704,25.0,0.0,-1.303704609216112
1400856,850,1,1.0,"Flagged due to: unusual combination of high transaction amount and long inactivity period (combined score: 74.48), and transaction amount covers 690.6x monthly average balance, and improbable sequential activity transition pattern (score: -2.054).","DAYS_AMOUNT_COMBINED (+3.5818), BALANCE_COVERAGE_RATIO (+2.5118), ACTIVITY_SEQ_RARITY (+0.9405)","DAYS_SINCE_LAST_TRANS × BALANCE_COVERAGE_RATIO (-0.8511), TRANS_AMOUNT_Z_SCORE × DAYS_AMOUNT_COMBINED (+0.2232), TRANS_HOUR × DAYS_AMOUNT_COMBINED (+0.1935)","TRANS_AMOUNT: 30,000,000.00 -> 89,578.63 (-29,910,421.37)",Transfer,Outside_bank,2019-12-13,Fri,15,1,30000000.0,893473,Android,240.65.xx.xx (HCM),F,2019-09-30,1991-10-20,0,2019-09-30,BRANCH,1,SMART_OTP,State servant,30000000.0,1,30000000.0,1,30000000.0,1,30000000.0,1,30000000.0,1,30000000.0,1,43437.9875,30000000.0,1,74.625,1,0.0,LOGIN,0.0,0.0,0.0,-2.054342783442995
818221,921,1,1.0,"Flagged due to: transaction amount is 13.6x higher than historical average, and transaction amount covers 19.8x monthly average balance, and transaction amount is 7.3x higher than 30-day average transaction size.","TRANS_AMOUNT_Z_SCORE (+3.0016), BALANCE_COVERAGE_RATIO (+1.1706), TRANS_AMOUNT_VS_30D_AVG_RATIO (+1.0530)","VELOCITY_RATIO_AMOUNT_7D_VS_30D × TRANS_AMOUNT_VS_30D_AVG_RATIO (-0.4349), TRANS_AMOUNT_Z_SCORE × BALANCE_COVERAGE_RATIO (+0.4145), TRANS_AMOUNT_Z_SCORE × TRANS_AMOUNT_VS_30D_AVG_RATIO (+0.3889)","TRANS_AMOUNT: 18,840,000.00 -> 9,712,524.38 (-9,127,475.62)",Transfer,Outside_bank,2019-08-31,Sat,10,1,18840000.0,1212,Android,190.233.xx.xx (HN),M,2019-03-29,2000-02-26,0,2019-04-25,BRANCH,1,SMART_OTP,Commercial associate,18840000.0,1,18840000.0,1,18840000.0,1,18840000.0,1,18840000.0,1,20655000.0,8,953659.868888889,1383250.0,32,8.541666666666666,1,999.0,LOGIN_FINGER,0.3333331111112593,15.0,0.402341092616018,-1.2757411228936448
818247,921,1,0.8820959329605103,"Flagged due to: transaction amount is 13.6x higher than historical average, and transaction amount covers 19.8x monthly average balance, and sudden 7d spending volume spike relative to 30 days (ratio: 97.2%).","TRANS_AMOUNT_Z_SCORE (+2.8083), BALANCE_COVERAGE_RATIO (+1.1655), VELOCITY_RATIO_AMOUNT_7D_VS_30D (+0.3493)","TRANS_AMOUNT_Z_SCORE × BALANCE_COVERAGE_RATIO (+0.4501), TRANS_AMOUNT_Z_SCORE × TRANS_AMOUNT_VS_30D_AVG_RATIO (-0.2467), TRANS_AMOUNT_Z_SCORE × DAYS_AMOUNT_COMBINED (+0.2223)","TRANS_AMOUNT: 18,840,000.00 -> 13,470,099.79 (-5,369,900.21)",Transfer,Outside_bank,2019-12-27,Fri,13,1,18840000.0,338235,Android,233.101.xx.xx (HN),M,2019-03-29,2000-02-26,0,2019-04-25,BRANCH,1,SMART_OTP,Commercial associate,18840000.0,1,18840000.0,1,18840000.0,1,18840000.0,1,19340000.0,2,19890000.0,4,953659.868888889,1383250.0,32,2.4166666666666665,1,999.0,LOGIN_FINGER,0.3953487452677336,43.0,0.402341092616018,-1.2757411228936448
1344536,939,1,1.0,"Flagged due to: unusual combination of high transaction amount and long inactivity period (combined score: 68.21), and long inactivity period (87.9 days since last transaction), and sudden 7d spending volume spike relative to 30 days (ratio: 100.0%).","DAYS_AMOUNT_COMBINED (+3.4164), DAYS_SINCE_LAST_TRANS (+1.1185), VELOCITY_RATIO_AMOUNT_7D_VS_30D (+0.4038)","TRANS_HOUR × DAYS_AMOUNT_COMBINED (+0.2057), DAYS_SINCE_LAST_TRANS × BALANCE_COVERAGE_RATIO (+0.1776), VELOCITY_RATIO_AMOUNT_7D_VS_30D × DAYS_AMOUNT_COMBINED (+0.1155)","TRANS_AMOUNT: 4,000,000.00 -> 3,830,238.34 (-169,761.66)",Transfer,Outside_bank,2019-12-05,Thu,19,1,4000000.0,199995,Android,1.128.xx.xx (TH),M,2019-06-19,1991-08-11,0,2019-06-19,BRANCH,1,SMART_OTP,Working,4000000.0,1,4000000.0,1,4000000.0,1,4000000.0,1,4000000.0,1,4000000.0,1,3847040.86,1280000.0,16,87.875,1,1232.0,LOGIN,0.0,40.0,0.38608497032505074,-1.0136135246170206
359298,967,1,0.6379569172859192,"Flagged due to: transaction amount is 7.7x higher than historical average, and transaction amount is 11.0x higher than 30-day average transaction size, and transaction amount covers 5.1x monthly average balance.","TRANS_AMOUNT_Z_SCORE (+1.5978), TRANS_AMOUNT_VS_30D_AVG_RATIO (+1.4353), BALANCE_COVERAGE_RATIO (+0.8492)","VELOCITY_RATIO_AMOUNT_7D_VS_30D × TRANS_AMOUNT_VS_30D_AVG_RATIO (+0.3379), TRANS_AMOUNT_Z_SCORE × BALANCE_COVERAGE_RATIO (+0.3001), TRANS_AMOUNT_Z_SCORE × TRANS_AMOUNT_VS_30D_AVG_RATIO (+0.2460)","TRANS_AMOUNT: 40,000,000.00 -> 36,243,209.84 (-3,756,790.16)",Transfer,Outside_bank,2019-08-06,Tue,15,1,40000000.0,814606,Android,139.239.xx.xx (HCM),M,2019-04-08,1988-11-05,0,2019-04-08,BRANCH,1,SMS,Commercial associate,40000000.0,1,40000000.0,1,40200000.0,2,40300000.0,3,41500000.0,5,94236000.0,26,7819233.095555555,5161728.0,125,0.16666666666666666,1,2189.0,LOGIN,0.0,76.0,0.12684775598101508,-1.0844558166761014
359346,967,1,0.8272998332977295,"Flagged due to: transaction amount is 9.7x higher than historical average, and transaction amount is 7.3x higher than 30-day average transaction size, and transaction amount covers 6.4x monthly average balance.","TRANS_AMOUNT_Z_SCORE (+2.5417), TRANS_AMOUNT_VS_30D_AVG_RATIO (+1.2173), BALANCE_COVERAGE_RATIO (+0.8594)","TRANS_AMOUNT_Z_SCORE × TRANS_AMOUNT_VS_30D_AVG_RATIO (+0.3778), TRANS_AMOUNT_Z_SCORE × BALANCE_COVERAGE_RATIO (+0.3161), VELOCITY_RATIO_AMOUNT_7D_VS_30D × TRANS_AMOUNT_VS_30D_AVG_RATIO (+0.3096)","TRANS_AMOUNT: 50,000,000.00 -> 42,104,768.75 (-7,895,231.25)",Transfer,Outside_bank,2019-09-20,Fri,10,1,50000000.0,50420,Android,154.37.xx.xx (HCM),M,2019-04-08,1988-11-05,0,2019-04-08,BRANCH,1,SMS,Commercial associate,50000000.0,1,50000000.0,1,50000000.0,1,50000000.0,1,50500000.0,5,116620000.0,17,7819233.095555555,5161728.0,125,3.6666666666666665,1,3264.0,LOGIN,0.0,107.0,0.12684775598101508,-1.0844558166761014
359333,967,1,0.7332276701927185,"Flagged due to: transaction amount is 9.7x higher than historical average, and transaction amount is 6.0x higher than 30-day average transaction size, and transaction amount covers 6.4x monthly average balance.","TRANS_AMOUNT_Z_SCORE (+2.5122), TRANS_AMOUNT_VS_30D_AVG_RATIO (+0.9612), BALANCE_COVERAGE_RATIO (+0.8587)","TRANS_AMOUNT_Z_SCORE × BALANCE_COVERAGE_RATIO (+0.3161), TRANS_AMOUNT_Z_SCORE × TRANS_AMOUNT_VS_30D_AVG_RATIO (+0.2927), TRANS_AMOUNT_Z_SCORE × DAYS_AMOUNT_COMBINED (+0.1942)","TRANS_AMOUNT: 50,000,000.00 -> 44,391,918.18 (-5,608,081.82)",Transfer,Outside_bank,2019-10-11,Fri,12,1,50000000.0,109189,Android,129.209.xx.xx (HCM),M,2019-04-08,1988-11-05,0,2019-04-08,BRANCH,1,SMS,Commercial associate,50000000.0,1,50000000.0,1,50100000.0,2,50100000.0,2,50200000.0,3,116500000.0,14,7819233.095555555,5161728.0,125,0.7083333333333334,1,3770.0,LOGIN,0.0,124.0,0.12684775598101508,-1.0844558166761014
639393,993,1,1.0,"Flagged due to: transaction amount is 23.0x higher than historical average, and transaction amount covers 57.6x monthly average balance, and transaction amount is 8.0x higher than 30-day average transaction size.","TRANS_AMOUNT_Z_SCORE (+3.0729), BALANCE_COVERAGE_RATIO (+2.3917), TRANS_AMOUNT_VS_30D_AVG_RATIO (+0.9677)","VELOCITY_RATIO_AMOUNT_7D_VS_30D × TRANS_AMOUNT_VS_30D_AVG_RATIO (-0.4357), TRANS_AMOUNT_Z_SCORE × TRANS_AMOUNT_VS_30D_AVG_RATIO (+0.3862), TRANS_AMOUNT_Z_SCORE × BALANCE_COVERAGE_RATIO (+0.3348)","TRANS_AMOUNT: 40,000,000.00 -> 12,192,039.49 (-27,807,960.51)",Payment,Credit_card_repayment,2019-09-10,Tue,14,1,40000000.0,NaN,Android,251.71.xx.xx (HCM),M,2019-03-15,1994-12-03,0,2019-06-10,BRANCH,0,SMART_OTP,Working,40100000.0,2,40100000.0,2,40100000.0,2,40100000.0,2,40100000.0,2,45226747.0,9,693916.224,1736383.142857143,42,0.0,0,311.0,LOGIN,0.4609928751068883,141.0,0.347124829462778,-1.2768835070351365
118039,1033,1,0.8720272779464722,"Flagged due to: transaction amount is 8.7x higher than historical average, and transaction amount covers 16.4x monthly average balance, and transaction amount is 5.0x higher than 30-day average transaction size.","TRANS_AMOUNT_Z_SCORE (+1.8819), BALANCE_COVERAGE_RATIO (+1.1476), TRANS_AMOUNT_VS_30D_AVG_RATIO (+0.4099)","TRANS_AMOUNT_Z_SCORE × DAYS_AMOUNT_COMBINED (-0.4173), TRANS_AMOUNT_Z_SCORE × TRANS_AMOUNT_VS_30D_AVG_RATIO (-0.2329), TRANS_AMOUNT_Z_SCORE × BALANCE_COVERAGE_RATIO (+0.2199)","TRANS_AMOUNT: 10,000,000.00 -> 9,126,214.98 (-873,785.02)",Transfer,Outside_bank,2019-07-25,Thu,9,1,10000000.0,186257,Web,178.33.xx.xx (HN),F,2019-02-20,1981-02-07,0,2019-02-20,BRANCH,1,SMART_OTP,Working,10550000.0,2,10550000.0,2,10550000.0,2,10550000.0,2,10550000.0,2,14050000.0,7,608001.1390909092,1148933.4347826086,69,14.875,1,2390.0,LOGIN_FINGER,0.48106058783861416,264.0,0.12603061643221852,-1.1316603329547126
980273,1055,1,0.7625037431716919,"Flagged due to: unusual behavior in feature 'TRANS_HOUR' (value: 0.00), and transaction amount covers 3.8x monthly average balance, and transaction amount is 4.3x higher than 30-day average transaction size.","TRANS_HOUR (+3.6094), BALANCE_COVERAGE_RATIO (+0.3477), TRANS_AMOUNT_VS_30D_AVG_RATIO (+0.3128)","TRANS_HOUR × TRANS_AMOUNT_Z_SCORE (+0.2442), TRANS_HOUR × TRANS_AMOUNT_VS_30D_AVG_RATIO (-0.1926), TRANS_HOUR × DAYS_AMOUNT_COMBINED (+0.1803)","TRANS_AMOUNT: 900,000.00 -> 714,672.66 (-185,327.34)",Transfer,Outside_bank,2019-12-19,Thu,0,4,900000.0,789184,iOS,225.236.xx.xx (NA),M,2019-07-26,1994-08-18,0,2019-07-26,BRANCH,1,SMART_OTP,Unemployed,900000.0,1,1000000.0,2,1500000.0,6,3100000.0,13,8484000.0,34,24283000.0,117,234295.43000000002,241206.76691729322,266,0.08333333333333333,6,1767.0,LOGIN,0.021917807618690204,365.0,0.12533806997742247,-1.1207954554043411
980183,1055,1,0.9053260087966919,"Flagged due to: transaction amount is 9.5x higher than historical average, and transaction amount is 8.9x higher than 30-day average transaction size, and transaction amount covers 9.8x monthly average balance.","TRANS_AMOUNT_Z_SCORE (+2.6559), TRANS_AMOUNT_VS_30D_AVG_RATIO (+1.2964), BALANCE_COVERAGE_RATIO (+0.9181)","TRANS_AMOUNT_Z_SCORE × TRANS_AMOUNT_VS_30D_AVG_RATIO (+0.3778), VELOCITY_RATIO_AMOUNT_7D_VS_30D × TRANS_AMOUNT_VS_30D_AVG_RATIO (+0.3481), TRANS_AMOUNT_Z_SCORE × BALANCE_COVERAGE_RATIO (+0.3077)","TRANS_AMOUNT: 2,300,000.00 -> 1,967,549.61 (-332,450.39)",Transfer,Within_bank,2019-12-26,Thu,17,1,2300000.0,758123,iOS,122.79.xx.xx (HN),M,2019-07-26,1994-08-18,0,2019-07-26,BRANCH,1,SMART_OTP,Unemployed,2400000.0,2,2400000.0,2,2400000.0,2,2400000.0,2,7600000.0,16,30703000.0,119,234295.43000000002,241206.76691729322,266,0.0,2,1952.0,LOGIN,0.020460357532983184,391.0,0.12533806997742247,-1.1207954554043411
980215,1055,1,1.0,"Flagged due to: transaction amount is 13.7x higher than historical average, and transaction amount is 11.5x higher than 30-day average transaction size, and transaction amount covers 14.1x monthly average balance.","TRANS_AMOUNT_Z_SCORE (+3.2946), TRANS_AMOUNT_VS_30D_AVG_RATIO (+1.5307), BALANCE_COVERAGE_RATIO (+1.0946)","TRANS_AMOUNT_Z_SCORE × TRANS_AMOUNT_VS_30D_AVG_RATIO (+0.4936), TRANS_AMOUNT_Z_SCORE × BALANCE_COVERAGE_RATIO (+0.4166), VELOCITY_RATIO_AMOUNT_7D_VS_30D × TRANS_AMOUNT_VS_30D_AVG_RATIO (+0.3379)","TRANS_AMOUNT: 3,300,000.00 -> 1,967,548.08 (-1,332,451.92)",Transfer,Outside_bank,2019-12-28,Sat,18,2,3300000.0,349300,iOS,91.80.xx.xx (HN),M,2019-07-26,1994-08-18,0,2019-07-26,BRANCH,1,SMART_OTP,Unemployed,3300000.0,1,3300000.0,1,3300000.0,1,4000000.0,7,11600000.0,23,32503000.0,113,234295.43000000002,241206.76691729322,266,1.0416666666666667,1,2001.0,LOGIN,0.019999999500000015,400.0,0.12533806997742247,-1.1207954554043411
206846,1101,1,1.0,"Flagged due to: transaction amount is 7.5x higher than historical average, and transaction amount is 12.2x higher than 30-day average transaction size, and transaction amount covers 13.4x monthly average balance.","TRANS_AMOUNT_Z_SCORE (+1.7203), TRANS_AMOUNT_VS_30D_AVG_RATIO (+1.5514), BALANCE_COVERAGE_RATIO (+1.0908)","VELOCITY_RATIO_AMOUNT_7D_VS_30D × TRANS_AMOUNT_VS_30D_AVG_RATIO (+0.3405), TRANS_AMOUNT_Z_SCORE × BALANCE_COVERAGE_RATIO (+0.2915), TRANS_AMOUNT_Z_SCORE × TRANS_AMOUNT_VS_30D_AVG_RATIO (+0.2716)","TRANS_AMOUNT: 99,000,000.00 -> 84,748,337.75 (-14,251,662.25)",Transfer,Within_bank,2019-09-03,Tue,10,1,99000000.0,595713,Android,111.33.xx.xx (DN),F,2019-03-05,1990-06-19,0,2019-03-12,BRANCH,1,SMART_OTP,Working,99000000.0,1,99000000.0,1,99000000.0,1,106650000.0,2,108150000.0,3,154595000.0,19,7364031.087777778,13236356.585798817,169,1.7083333333333333,1,4106.0,LOGIN,0.4911504207455566,226.0,0.03316413390985802,-1.2861392070344557
206936,1101,1,1.0,"Flagged due to: transaction amount is 10.2x higher than historical average, and transaction amount is 12.6x higher than 30-day average transaction size, and transaction amount covers 18.4x monthly average balance.","TRANS_AMOUNT_Z_SCORE (+3.3063), TRANS_AMOUNT_VS_30D_AVG_RATIO (+1.6756), BALANCE_COVERAGE_RATIO (+1.2600)","TRANS_AMOUNT_Z_SCORE × TRANS_AMOUNT_VS_30D_AVG_RATIO (+0.5193), TRANS_AMOUNT_Z_SCORE × BALANCE_COVERAGE_RATIO (+0.4145), VELOCITY_RATIO_AMOUNT_7D_VS_30D × TRANS_AMOUNT_VS_30D_AVG_RATIO (+0.3313)","TRANS_AMOUNT: 135,340,000.00 -> 73,482,551.08 (-61,857,448.92)",Transfer,Within_bank,2019-10-28,Mon,15,2,135340000.0,85511,Android,28.61.xx.xx (DN),F,2019-03-05,1990-06-19,0,2019-03-12,BRANCH,1,SMART_OTP,Working,135340000.0,1,135340000.0,1,135340000.0,1,135340000.0,1,143340000.0,2,203640000.0,19,7364031.087777778,13236356.585798817,169,3.0833333333333335,1,5431.0,LOGIN_FINGER,0.47435895915516163,312.0,0.03316413390985802,-1.2861392070344557
206992,1101,1,1.0,"Flagged due to: transaction amount is 9.9x higher than historical average, and transaction amount covers 17.8x monthly average balance, and recent security credential modification (5766.0 hours ago).","TRANS_AMOUNT_Z_SCORE (+2.9718), BALANCE_COVERAGE_RATIO (+1.2279), HOURS_SINCE_SEC_EVENT (+0.4952)","TRANS_AMOUNT_Z_SCORE × BALANCE_COVERAGE_RATIO (+0.4520), TRANS_AMOUNT_Z_SCORE × TRANS_AMOUNT_VS_30D_AVG_RATIO (-0.2461), TRANS_AMOUNT_Z_SCORE × DAYS_AMOUNT_COMBINED (+0.2185)","TRANS_AMOUNT: 131,000,000.00 -> 107,970,407.49 (-23,029,592.51)",Transfer,Within_bank,2019-11-11,Mon,14,1,131000000.0,421650,Android,45.219.xx.xx (DN),F,2019-03-05,1990-06-19,0,2019-03-12,BRANCH,1,SMART_OTP,Working,131700000.0,2,131700000.0,2,131700000.0,2,131700000.0,2,185668000.0,6,484668000.0,19,7364031.087777778,13236356.585798817,169,0.0,2,5766.0,LOGIN,0.47546010811472067,326.0,0.03316413390985802,-1.2861392070344557
206995,1101,1,0.8893183469772339,"Flagged due to: transaction amount is 10.7x higher than historical average, and transaction amount covers 19.3x monthly average balance, and recent security credential modification (5959.0 hours ago).","TRANS_AMOUNT_Z_SCORE (+2.9868), BALANCE_COVERAGE_RATIO (+1.2456), HOURS_SINCE_SEC_EVENT (+0.4923)","TRANS_AMOUNT_Z_SCORE × BALANCE_COVERAGE_RATIO (+0.4520), TRANS_AMOUNT_Z_SCORE × TRANS_AMOUNT_VS_30D_AVG_RATIO (-0.2461), TRANS_AMOUNT_Z_SCORE × DAYS_AMOUNT_COMBINED (+0.2224)","TRANS_AMOUNT: 142,000,000.00 -> 128,895,778.66 (-13,104,221.34)",Transfer,Within_bank,2019-11-19,Tue,15,1,142000000.0,879329,Android,162.163.xx.xx (DN),F,2019-03-05,1990-06-19,0,2019-03-12,BRANCH,1,SMART_OTP,Working,142000000.0,1,142000000.0,1,142000000.0,1,142000000.0,1,343900000.0,7,814868000.0,22,7364031.087777778,13236356.585798817,169,2.8333333333333335,1,5959.0,LOGIN,0.4768785989341446,346.0,0.03316413390985802,-1.2861392070344557
206900,1101,1,0.9383389353752136,"Flagged due to: transaction amount is 8.9x higher than historical average, and transaction amount covers 16.1x monthly average balance, and recent security credential modification (6511.0 hours ago).","TRANS_AMOUNT_Z_SCORE (+2.4548), BALANCE_COVERAGE_RATIO (+1.1222), HOURS_SINCE_SEC_EVENT (+0.7725)","TRANS_AMOUNT_Z_SCORE × BALANCE_COVERAGE_RATIO (+0.3431), TRANS_AMOUNT_Z_SCORE × TRANS_AMOUNT_VS_30D_AVG_RATIO (-0.2461), HOURS_SINCE_SEC_EVENT × VELOCITY_RATIO_AMOUNT_7D_VS_30D (-0.2344)","TRANS_AMOUNT: 118,200,000.00 -> 101,980,438.04 (-16,219,561.96)",Transfer,Within_bank,2019-12-12,Thu,15,2,118200000.0,849837,Android,225.213.xx.xx (DN),F,2019-03-05,1990-06-19,0,2019-03-12,BRANCH,1,SMART_OTP,Working,118200000.0,1,118200000.0,1,118700000.0,3,118700000.0,3,205800000.0,5,825182392.0,34,7364031.087777778,13236356.585798817,169,0.8333333333333334,2,6511.0,LOGIN_FINGER,0.47715734829549883,394.0,0.03316413390985802,-1.2861392070344557
206902,1101,1,0.8633033037185669,"Flagged due to: transaction amount is 7.4x higher than historical average, and transaction amount covers 13.2x monthly average balance, and recent security credential modification (6870.0 hours ago).","TRANS_AMOUNT_Z_SCORE (+1.6171), BALANCE_COVERAGE_RATIO (+1.0777), HOURS_SINCE_SEC_EVENT (+0.8777)","TRANS_AMOUNT_Z_SCORE × BALANCE_COVERAGE_RATIO (+0.2911), HOURS_SINCE_SEC_EVENT × VELOCITY_RATIO_AMOUNT_7D_VS_30D (-0.2344), TRANS_AMOUNT_Z_SCORE × DAYS_AMOUNT_COMBINED (+0.1848)","TRANS_AMOUNT: 97,300,000.00 -> 90,592,214.97 (-6,707,785.03)",Transfer,Within_bank,2019-12-27,Fri,14,2,97300000.0,326400,Android,180.16.xx.xx (DN),F,2019-03-05,1990-06-19,0,2019-03-12,BRANCH,1,SMART_OTP,Working,97300000.0,1,97300000.0,1,97350000.0,2,98000000.0,3,104000000.0,4,500437000.0,25,7364031.087777778,13236356.585798817,169,0.875,1,6870.0,LOGIN,0.4778325005459976,406.0,0.03316413390985802,-1.2861392070344557
206876,1101,1,0.9701309204101562,"Flagged due to: transaction amount is 9.2x higher than historical average, and transaction amount covers 16.5x monthly average balance, and recent security credential modification (6967.0 hours ago).","TRANS_AMOUNT_Z_SCORE (+2.3316), BALANCE_COVERAGE_RATIO (+1.1276), HOURS_SINCE_SEC_EVENT (+0.8002)","TRANS_AMOUNT_Z_SCORE × BALANCE_COVERAGE_RATIO (+0.3431), TRANS_AMOUNT_Z_SCORE × TRANS_AMOUNT_VS_30D_AVG_RATIO (-0.2337), HOURS_SINCE_SEC_EVENT × VELOCITY_RATIO_AMOUNT_7D_VS_30D (-0.1585)","TRANS_AMOUNT: 121,150,000.00 -> 107,076,706.27 (-14,073,293.73)",Transfer,Within_bank,2019-12-31,Tue,15,2,121150000.0,734927,Android,177.109.xx.xx (DN),F,2019-03-05,1990-06-19,0,2019-03-12,BRANCH,1,SMART_OTP,Working,121150000.0,1,121150000.0,1,121150000.0,1,121150000.0,1,219236000.0,5,538696000.0,21,7364031.087777778,13236356.585798817,169,3.7916666666666665,1,6967.0,LOGIN,0.47804876882807884,410.0,0.03316413390985802,-1.2861392070344557
596289,1129,1,0.9004005193710327,"Flagged due to: transaction amount is 9.8x higher than historical average, and transaction amount covers 7.4x monthly average balance, and transaction amount is 6.1x higher than 30-day average transaction size.","TRANS_AMOUNT_Z_SCORE (+2.9790), BALANCE_COVERAGE_RATIO (+0.9035), TRANS_AMOUNT_VS_30D_AVG_RATIO (+0.7899)","TRANS_AMOUNT_Z_SCORE × BALANCE_COVERAGE_RATIO (+0.3968), TRANS_AMOUNT_Z_SCORE × TRANS_AMOUNT_VS_30D_AVG_RATIO (+0.2927), TRANS_AMOUNT_Z_SCORE × DAYS_AMOUNT_COMBINED (+0.2224)","TRANS_AMOUNT: 50,000,000.00 -> 41,755,628.59 (-8,244,371.41)",Transfer,Outside_bank,2019-10-24,Thu,15,1,50000000.0,560021,Android,186.130.xx.xx (HN),M,2019-05-15,1985-09-05,1,2019-05-15,BRANCH,1,SMS,Working,50000000.0,1,50000000.0,1,50000000.0,1,50000000.0,1,52000000.0,2,66106291.0,8,6751559.827500001,5118926.484848484,66,2.875,1,3676.0,LOGIN,0.0,68.0,0.09307547650272915,-1.1271101421002458
596302,1129,1,1.0,"Flagged due to: transaction amount is 9.8x higher than historical average, and transaction amount is 7.4x higher than 30-day average transaction size, and transaction amount covers 7.4x monthly average balance.","TRANS_AMOUNT_Z_SCORE (+3.0440), TRANS_AMOUNT_VS_30D_AVG_RATIO (+1.3071), BALANCE_COVERAGE_RATIO (+0.8910)","TRANS_AMOUNT_Z_SCORE × BALANCE_COVERAGE_RATIO (+0.3968), TRANS_AMOUNT_Z_SCORE × TRANS_AMOUNT_VS_30D_AVG_RATIO (+0.3906), VELOCITY_RATIO_AMOUNT_7D_VS_30D × TRANS_AMOUNT_VS_30D_AVG_RATIO (+0.3373)","TRANS_AMOUNT: 50,000,000.00 -> 41,755,628.59 (-8,244,371.41)",Transfer,Within_bank,2019-12-21,Sat,10,1,50000000.0,932400,Android,87.140.xx.xx (HN),M,2019-05-15,1985-09-05,1,2019-05-15,BRANCH,1,SMS,Working,50000000.0,1,50000000.0,1,51000000.0,2,51000000.0,2,52810000.0,4,95130995.0,14,6751559.827500001,5118926.484848484,66,0.625,2,5063.0,LOGIN,0.0,120.0,0.09307547650272915,-1.1271101421002458
1058130,1134,1,0.9632248282432556,"Flagged due to: unusual behavior in feature 'TRANS_HOUR' (value: 3.00), and sudden 7d spending volume spike relative to 30 days (ratio: 100.0%), and transaction amount covers 4.8x monthly average balance.","TRANS_HOUR (+3.4551), VELOCITY_RATIO_AMOUNT_7D_VS_30D (+0.6499), BALANCE_COVERAGE_RATIO (+0.3233)","TRANS_HOUR × VELOCITY_RATIO_AMOUNT_7D_VS_30D (+0.5349), TRANS_HOUR × BALANCE_COVERAGE_RATIO (-0.3732), BALANCE_COVERAGE_RATIO × VELOCITY_RATIO_AMOUNT_7D_VS_30D (-0.2048)","TRANS_AMOUNT: 1,200,000.00 -> 423,972.70 (-776,027.30)",Transfer,Within_bank,2019-10-06,Sun,3,2,1200000.0,313089,iOS,150.207.xx.xx (HN),F,2019-09-25,1998-08-28,0,2019-09-25,BRANCH,1,SMART_OTP,State servant,1200000.0,1,1200000.0,1,3700000.0,5,4800000.0,6,7160000.0,15,7160000.0,15,249832.7925,757183.5443037974,158,0.375,5,249.0,LOGIN,0.03636362975206731,55.0,0.19922175499751246,-1.1040446270751032
1058139,1134,1,0.8710038065910339,"Flagged due to: transaction amount is 8.6x higher than historical average, and transaction amount covers 26.0x monthly average balance, and transaction amount is 6.9x higher than 30-day average transaction size.","TRANS_AMOUNT_Z_SCORE (+2.6484), BALANCE_COVERAGE_RATIO (+1.2459), TRANS_AMOUNT_VS_30D_AVG_RATIO (+1.1544)","TRANS_AMOUNT_Z_SCORE × TRANS_AMOUNT_VS_30D_AVG_RATIO (+0.3778), TRANS_AMOUNT_Z_SCORE × BALANCE_COVERAGE_RATIO (+0.3099), VELOCITY_RATIO_AMOUNT_7D_VS_30D × TRANS_AMOUNT_VS_30D_AVG_RATIO (+0.2695)","TRANS_AMOUNT: 6,500,000.00 -> 6,176,424.50 (-323,575.50)",Transfer,Outside_bank,2019-10-28,Mon,11,4,6500000.0,853537,iOS,201.14.xx.xx (HN),F,2019-09-25,1998-08-28,0,2019-09-25,BRANCH,1,SMART_OTP,State servant,6500000.0,1,7500000.0,2,14500000.0,8,14500000.0,8,22700000.0,16,62359000.0,66,249832.7925,757183.5443037974,158,0.125,7,785.0,LOGIN,0.014705881271626376,136.0,0.19922175499751246,-1.1040446270751032
1019681,1193,1,0.5808833241462708,"Flagged due to: unusual combination of high transaction amount and long inactivity period (combined score: 59.16), and transaction amount covers 25.6x monthly average balance, and sudden 7d spending volume spike relative to 30 days (ratio: 98.1%).","DAYS_AMOUNT_COMBINED (+1.5927), BALANCE_COVERAGE_RATIO (+1.2067), VELOCITY_RATIO_AMOUNT_7D_VS_30D (+0.3969)","BALANCE_COVERAGE_RATIO × DAYS_AMOUNT_COMBINED (+0.3616), TRANS_AMOUNT_Z_SCORE × DAYS_AMOUNT_COMBINED (-0.2739), TRANS_HOUR × DAYS_AMOUNT_COMBINED (+0.1364)","TRANS_AMOUNT: 210,000,000.00 -> 187,660,102.84 (-22,339,897.16)",Transfer,Within_bank,2019-09-16,Mon,8,1,210000000.0,16043,Android,172.97.xx.xx (DN),M,2019-08-06,1991-06-15,1,2019-08-06,BRANCH,1,SMART_OTP,State servant,210000000.0,1,210000000.0,1,210000000.0,1,210000000.0,1,210000000.0,1,214000000.0,2,8188872.114,33164307.317460317,63,20.916666666666668,1,977.0,LOGIN,0.0,18.0,0.11603138968675326,-1.1999667435086945
1019690,1193,1,1.0,"Flagged due to: transaction amount is 12.7x higher than historical average, and transaction amount covers 51.3x monthly average balance, and transaction amount is 5.2x higher than 30-day average transaction size.","TRANS_AMOUNT_Z_SCORE (+2.5425), BALANCE_COVERAGE_RATIO (+2.1348), TRANS_AMOUNT_VS_30D_AVG_RATIO (+0.5747)","TRANS_AMOUNT_Z_SCORE × BALANCE_COVERAGE_RATIO (+0.3465), TRANS_AMOUNT_Z_SCORE × TRANS_AMOUNT_VS_30D_AVG_RATIO (-0.2496), TRANS_HOUR × BALANCE_COVERAGE_RATIO (+0.1914)","TRANS_AMOUNT: 420,000,000.00 -> 310,787,086.49 (-109,212,913.51)",Transfer,Outside_bank,2019-10-01,Tue,17,3,420000000.0,940909,Android,129.210.xx.xx (HCM),M,2019-08-06,1991-06-15,1,2019-08-06,BRANCH,1,SMART_OTP,State servant,420000000.0,1,420000000.0,1,420000000.0,1,420000000.0,1,432000000.0,4,1124348090.0,14,8188872.114,33164307.317460317,63,5.083333333333333,1,342.0,LOGIN,0.0,41.0,0.11603138968675326,-1.1999667435086945
1019720,1193,1,1.0,"Flagged due to: transaction amount is 9.0x higher than historical average, and transaction amount covers 36.6x monthly average balance, and transaction amount is 10.3x higher than 30-day average transaction size.","TRANS_AMOUNT_Z_SCORE (+2.6117), BALANCE_COVERAGE_RATIO (+1.5423), TRANS_AMOUNT_VS_30D_AVG_RATIO (+1.5030)","TRANS_AMOUNT_Z_SCORE × TRANS_AMOUNT_VS_30D_AVG_RATIO (+0.4983), TRANS_AMOUNT_Z_SCORE × BALANCE_COVERAGE_RATIO (+0.3284), VELOCITY_RATIO_AMOUNT_7D_VS_30D × TRANS_AMOUNT_VS_30D_AVG_RATIO (+0.2651)","TRANS_AMOUNT: 300,000,000.00 -> 229,700,660.71 (-70,299,339.29)",Transfer,Outside_bank,2019-12-09,Mon,10,1,300000000.0,789020,Android,103.6.xx.xx (HCM),M,2019-08-06,1991-06-15,1,2019-08-06,BRANCH,1,SMART_OTP,State servant,300000000.0,1,302800000.0,2,302800000.0,2,302800000.0,2,323480000.0,5,496865000.0,17,8188872.114,33164307.317460317,63,0.08333333333333333,2,1991.0,LOGIN,0.0,103.0,0.11603138968675326,-1.1999667435086945
1234393,1199,1,0.6443654894828796,"Flagged due to: transaction amount is 9.2x higher than historical average, and transaction amount is 5.7x higher than 30-day average transaction size, and transaction amount covers 7.7x monthly average balance.","TRANS_AMOUNT_Z_SCORE (+2.4904), TRANS_AMOUNT_VS_30D_AVG_RATIO (+0.8905), BALANCE_COVERAGE_RATIO (+0.8554)","TRANS_AMOUNT_Z_SCORE × BALANCE_COVERAGE_RATIO (+0.3161), TRANS_AMOUNT_Z_SCORE × TRANS_AMOUNT_VS_30D_AVG_RATIO (+0.2799), TRANS_AMOUNT_Z_SCORE × DAYS_AMOUNT_COMBINED (+0.1942)","TRANS_AMOUNT: 197,400,000.00 -> 191,508,173.56 (-5,891,826.44)",Transfer,Outside_bank,2019-12-12,Thu,12,1,197400000.0,668460,Android,170.32.xx.xx (HCM),F,2019-08-23,1989-10-24,0,2019-10-24,BRANCH,0,SMART_OTP,Working,197400000.0,1,197400000.0,1,197400000.0,1,198360000.0,2,198860000.0,3,347600000.0,10,25608143.785,21505277.777777776,18,1.9166666666666667,1,1179.0,LOGIN,0.0,39.0,0.1688588123040724,-0.9840603048357479
1405606,1212,1,0.617958128452301,"Flagged due to: unusual combination of high transaction amount and long inactivity period (combined score: 67.37), and long inactivity period (102.9 days since last transaction), and sudden 7d spending volume spike relative to 30 days (ratio: 100.0%).","DAYS_AMOUNT_COMBINED (+2.2983), DAYS_SINCE_LAST_TRANS (+1.1502), VELOCITY_RATIO_AMOUNT_7D_VS_30D (+0.3563)","DAYS_SINCE_LAST_TRANS × BALANCE_COVERAGE_RATIO (+0.2471), TRANS_HOUR × DAYS_AMOUNT_COMBINED (+0.2029), TRANS_AMOUNT_Z_SCORE × DAYS_AMOUNT_COMBINED (+0.1062)","TRANS_AMOUNT: 2,000,000.00 -> 1,096,990.59 (-903,009.41)",Transfer,Outside_bank,2019-08-03,Sat,21,1,2000000.0,890971,iOS,2.170.xx.xx (DN),M,2019-04-23,1974-07-10,0,2019-04-23,BRANCH,1,SMS,Commercial associate,2000000.0,1,2000000.0,1,2000000.0,1,2000000.0,1,2000000.0,1,2000000.0,1,1088404.4542857143,866666.6666666666,3,102.875,1,1783.0,LOGIN_FINGER,0.4285712244898931,21.0,0.0,-1.1130249627770905
1275178,1217,1,1.0,"Flagged due to: unusual combination of high transaction amount and long inactivity period (combined score: 74.72), and long inactivity period (102.1 days since last transaction), and recent security credential modification (5593.0 hours ago).","DAYS_AMOUNT_COMBINED (+3.5594), DAYS_SINCE_LAST_TRANS (+1.1276), HOURS_SINCE_SEC_EVENT (+0.5817)","TRANS_HOUR × DAYS_AMOUNT_COMBINED (+0.2251), TRANS_AMOUNT_Z_SCORE × DAYS_AMOUNT_COMBINED (+0.1582), HOURS_SINCE_SEC_EVENT × VELOCITY_RATIO_AMOUNT_7D_VS_30D (+0.1487)","TRANS_AMOUNT: 10,000,000.00 -> 465,641.02 (-9,534,358.98)",Transfer,Outside_bank,2019-11-24,Sun,12,1,10000000.0,482871,iOS,128.93.xx.xx (BD),M,2019-03-04,1989-09-12,0,2019-04-03,BRANCH,1,SMART_OTP,Commercial associate,10000000.0,1,10000000.0,1,10000000.0,1,10000000.0,1,10000000.0,1,10000000.0,1,14917065.887,5994444.444444444,9,102.08333333333333,1,5593.0,LOGIN,0.0,15.0,0.4664176299862077,-1.0479868494408155
1102914,1285,1,1.0,"Flagged due to: transaction amount covers 38.8x monthly average balance, and transaction amount is 9.7x higher than historical average, and transaction amount leading digits deviation from Benford's Law (score: 1.0182).","BALANCE_COVERAGE_RATIO (+1.7358), TRANS_AMOUNT_Z_SCORE (+1.5056), BENFORD_DEV (+1.3027)","TRANS_AMOUNT_Z_SCORE × DAYS_AMOUNT_COMBINED (-0.8536), TRANS_AMOUNT_Z_SCORE × TRANS_AMOUNT_VS_30D_AVG_RATIO (-0.3939), BENFORD_DEV × DAYS_AMOUNT_COMBINED (+0.3199)","TRANS_AMOUNT: 21,000,000.00 -> 4,116,362.57 (-16,883,637.43)",Transfer,Within_bank,2019-11-04,Mon,19,1,21000000.0,666409,iOS,142.25.xx.xx (DN),M,2019-07-31,1996-09-04,0,2019-09-07,BRANCH,1,SMS,Commercial associate,21000000.0,1,21000000.0,1,21000000.0,1,21000000.0,1,21000000.0,1,21050000.0,2,541539.8525,2169230.769230769,13,24.5,1,742.0,LOGIN,0.0,27.0,1.018176851611001,-1.503696587781348
1374987,1368,1,0.643378496170044,"Flagged due to: transaction amount covers 69.4x monthly average balance, and transaction amount leading digits deviation from Benford's Law (score: 0.9021), and transaction amount is 4.8x higher than 30-day average transaction size.","BALANCE_COVERAGE_RATIO (+1.9873), BENFORD_DEV (+0.9761), TRANS_AMOUNT_VS_30D_AVG_RATIO (+0.5436)","TRANS_HOUR × BALANCE_COVERAGE_RATIO (+0.2205), BENFORD_DEV × BALANCE_COVERAGE_RATIO (-0.2022), VELOCITY_RATIO_AMOUNT_7D_VS_30D × TRANS_AMOUNT_VS_30D_AVG_RATIO (-0.1761)","TRANS_AMOUNT: 5,000,000.00 -> 3,358,926.77 (-1,641,073.23)",Transfer,Outside_bank,2019-12-27,Fri,13,1,5000000.0,708086,iOS,132.224.xx.xx (HN),F,2019-10-18,1989-08-20,0,2019-10-18,BRANCH,0,SMART_OTP,Businessman,5000000.0,1,5000000.0,1,5000000.0,1,5000000.0,1,5000000.0,1,5196612.0,5,72040.14,1756905.4444444445,9,7.166666666666667,1,1583.0,LOGIN,0.0,24.0,0.9020675910181324,-0.9857276406644706
1374986,1368,1,0.9512136578559875,"Flagged due to: transaction amount covers 138.8x monthly average balance, and transaction amount leading digits deviation from Benford's Law (score: 0.9021), and transaction amount is 5.7x higher than historical average.","BALANCE_COVERAGE_RATIO (+2.6975), BENFORD_DEV (+0.8671), TRANS_AMOUNT_Z_SCORE (+0.6200)","BENFORD_DEV × BALANCE_COVERAGE_RATIO (-0.4544), TRANS_HOUR × BALANCE_COVERAGE_RATIO (+0.2348), BALANCE_COVERAGE_RATIO × TRANS_AMOUNT_VS_30D_AVG_RATIO (+0.2046)","TRANS_AMOUNT: 10,000,000.00 -> 6,422,052.38 (-3,577,947.62)",Transfer,Outside_bank,2019-12-27,Fri,14,2,10000000.0,768353,iOS,152.125.xx.xx (HN),F,2019-10-18,1989-08-20,0,2019-10-18,BRANCH,0,SMART_OTP,Businessman,10000000.0,1,15000000.0,2,15000000.0,2,15000000.0,2,15000000.0,2,15196612.0,6,72040.14,1756905.4444444445,9,0.041666666666666664,2,1584.0,LOGIN,0.0,25.0,0.9020675910181324,-0.9857276406644706
960189,1523,1,0.843973696231842,"Flagged due to: unusual combination of high transaction amount and long inactivity period (combined score: 55.14), and transaction amount leading digits deviation from Benford's Law (score: 0.9450), and transaction amount covers 21.1x monthly average balance.","DAYS_AMOUNT_COMBINED (+1.5353), BENFORD_DEV (+1.1838), BALANCE_COVERAGE_RATIO (+1.0038)","BENFORD_DEV × DAYS_AMOUNT_COMBINED (+0.3920), BALANCE_COVERAGE_RATIO × DAYS_AMOUNT_COMBINED (+0.3797), TRANS_AMOUNT_Z_SCORE × DAYS_AMOUNT_COMBINED (+0.1565)","TRANS_AMOUNT: 9,358,134.00 -> 4,695,961.29 (-4,662,172.71)",Transfer,Outside_bank,2019-12-05,Thu,17,1,9358134.0,845833,iOS,29.100.xx.xx (HN),M,2019-07-27,1990-08-02,0,2019-08-10,MYbank,1,SMART_OTP,Working,9358134.0,1,9358134.0,1,9358134.0,1,9358134.0,1,9358134.0,1,9358134.0,1,442673.115,4803969.222222222,9,30.041666666666668,1,2806.0,LOGIN,0.0,36.0,0.9449823132527733,-1.0476186753704901
559027,1546,1,0.5804368853569031,"Flagged due to: unusual combination of high transaction amount and long inactivity period (combined score: 49.13), and transaction amount covers 12.6x monthly average balance, and sudden 7d spending volume spike relative to 30 days (ratio: 100.0%).","DAYS_AMOUNT_COMBINED (+0.8806), BALANCE_COVERAGE_RATIO (+0.8409), VELOCITY_RATIO_AMOUNT_7D_VS_30D (+0.4158)","TRANS_AMOUNT_Z_SCORE × DAYS_AMOUNT_COMBINED (+0.1703), DAYS_AMOUNT_COMBINED × SEC_AMOUNT_COMBINED (+0.1270), TRANS_HOUR × BALANCE_COVERAGE_RATIO (+0.1253)","TRANS_AMOUNT: 1,180,948.00 -> 1,035,033.50 (-145,914.50)",Payment,Credit_card_repayment,2019-11-25,Mon,11,1,1180948.0,NaN,Android,190.71.xx.xx (HN),M,2019-02-27,1991-02-28,0,2019-03-11,BRANCH,0,SMART_OTP,Working,1180948.0,1,1180948.0,1,1180948.0,1,1180948.0,1,1180948.0,1,1180948.0,1,93487.00181818182,768031.2857142857,7,32.583333333333336,0,0.0,LOGIN_FINGER,0.18181812672177977,33.0,0.5962833139603892,-1.6158175110812043
559028,1546,1,1.0,"Flagged due to: unusual behavior in feature 'TRANS_HOUR' (value: 0.00), and unusual combination of high transaction amount and long inactivity period (combined score: 47.44), and transaction amount leading digits deviation from Benford's Law (score: 0.5963).","TRANS_HOUR (+3.6864), DAYS_AMOUNT_COMBINED (+0.5568), BENFORD_DEV (+0.4013)","TRANS_HOUR × BALANCE_COVERAGE_RATIO (-0.7046), TRANS_HOUR × DAYS_AMOUNT_COMBINED (-0.5631), TRANS_HOUR × DAYS_SINCE_LAST_TRANS (+0.3709)",,Payment,Credit_card_repayment,2019-12-25,Wed,0,1,1061901.0,NaN,Android,164.179.xx.xx (HN),M,2019-02-27,1991-02-28,0,2019-03-11,BRANCH,0,SMART_OTP,Working,1061901.0,1,1061901.0,1,1061901.0,1,1061901.0,1,1061901.0,1,2242849.0,2,93487.00181818182,768031.2857142857,7,29.541666666666668,0,709.0,LOGIN,0.1891891380569897,37.0,0.5962833139603892,-1.6158175110812043
122771,1576,1,1.0,"Flagged due to: unusual combination of high transaction amount and long inactivity period (combined score: 78.90), and recent security credential modification (7197.0 hours ago), and long inactivity period (255.8 days since last transaction).","DAYS_AMOUNT_COMBINED (+3.4941), HOURS_SINCE_SEC_EVENT (+1.2160), DAYS_SINCE_LAST_TRANS (+1.0742)","DAYS_SINCE_LAST_TRANS × BALANCE_COVERAGE_RATIO (-0.4632), HOURS_SINCE_SEC_EVENT × DAYS_AMOUNT_COMBINED (+0.3157), HOURS_SINCE_SEC_EVENT × VELOCITY_RATIO_AMOUNT_7D_VS_30D (+0.2584)","TRANS_AMOUNT: 1,500,000.00 -> 2,958.30 (-1,497,041.70)",Topup,eWallet,2019-12-23,Mon,10,2,1500000.0,NaN,iOS,170.171.xx.xx (HN),M,2019-02-26,1995-08-28,0,2019-02-26,BRANCH,1,SMS,Working,1500000.0,1,1500000.0,1,1500000.0,1,1500000.0,1,1500000.0,1,1500000.0,1,426035.72181818174,1078166.6666666667,6,255.83333333333334,0,7197.0,LOGIN,0.47368408587260896,38.0,0.519394379045794,-1.0564511194805355
1380182,1649,1,0.7406903505325317,"Flagged due to: transaction amount is 8.2x higher than historical average, and transaction amount covers 25.1x monthly average balance, and unusual combination of high transaction amount and long inactivity period (combined score: 46.72).","TRANS_AMOUNT_Z_SCORE (+1.7107), BALANCE_COVERAGE_RATIO (+1.2916), DAYS_AMOUNT_COMBINED (+0.4469)","TRANS_AMOUNT_Z_SCORE × TRANS_AMOUNT_VS_30D_AVG_RATIO (-0.4826), TRANS_AMOUNT_Z_SCORE × DAYS_AMOUNT_COMBINED (-0.4129), TRANS_AMOUNT_Z_SCORE × BALANCE_COVERAGE_RATIO (+0.2239)","TRANS_AMOUNT: 30,546,141.00 -> 30,331,503.28 (-214,637.72)",Payment,Credit_card_repayment,2019-12-05,Thu,15,1,30546141.0,NaN,Web,250.22.xx.xx (HN),M,2019-01-15,1991-10-25,0,2019-09-13,AUTO-JOB,0,SMART_OTP,Commercial associate,30546141.0,1,30546141.0,1,30546141.0,1,30546141.0,1,30546141.0,1,31595141.0,3,1218257.0591666668,3718414.1,10,14.041666666666666,0,1242.0,LOGIN_FACEID,0.4533332728888969,75.0,0.39921897710986737,-1.146478698109947
799878,1782,1,0.8462346196174622,"Flagged due to: transaction amount is 9.9x higher than historical average, and transaction amount covers 12.7x monthly average balance, and transaction amount is 5.7x higher than 30-day average transaction size.","TRANS_AMOUNT_Z_SCORE (+2.9715), BALANCE_COVERAGE_RATIO (+1.0473), TRANS_AMOUNT_VS_30D_AVG_RATIO (+0.8878)","TRANS_AMOUNT_Z_SCORE × BALANCE_COVERAGE_RATIO (+0.3906), TRANS_AMOUNT_Z_SCORE × TRANS_AMOUNT_VS_30D_AVG_RATIO (+0.2799), TRANS_AMOUNT_Z_SCORE × DAYS_AMOUNT_COMBINED (+0.2224)","TRANS_AMOUNT: 12,000,000.00 -> 11,510,375.98 (-489,624.02)",Transfer,Outside_bank,2019-12-06,Fri,8,1,12000000.0,604325,iOS,73.155.xx.xx (HCM),M,2019-06-27,1996-10-18,0,2019-06-27,BRANCH,1,SMART_OTP,State servant,12000000.0,1,12000000.0,1,12000000.0,1,12000000.0,1,12020000.0,2,16920000.0,8,942878.2016666667,1211898.1818181819,55,2.5833333333333335,1,999.0,LOGIN,0.0,90.0,0.07172641423224274,-1.182784549586363
616143,1817,1,0.9475187063217163,"Flagged due to: unusual behavior in feature 'TRANS_HOUR' (value: 3.00), and sudden 7d spending volume spike relative to 30 days (ratio: 100.0%), and transaction amount covers 5.5x monthly average balance.","TRANS_HOUR (+3.3830), VELOCITY_RATIO_AMOUNT_7D_VS_30D (+0.6347), BALANCE_COVERAGE_RATIO (+0.2489)","TRANS_HOUR × VELOCITY_RATIO_AMOUNT_7D_VS_30D (+0.5168), TRANS_HOUR × BALANCE_COVERAGE_RATIO (-0.4931), BALANCE_COVERAGE_RATIO × VELOCITY_RATIO_AMOUNT_7D_VS_30D (-0.2048)","TRANS_AMOUNT: 1,000,000.00 -> 169,369.70 (-830,630.30)",Transfer,Within_bank,2019-06-22,Sat,3,1,1000000.0,272258,Android,55.6.xx.xx (HN),F,2019-06-10,1979-05-04,0,2019-06-10,BRANCH,1,SMART_OTP,State servant,1000000.0,1,1000000.0,1,1000000.0,1,1000000.0,1,1200000.0,2,1200000.0,2,180687.62000000002,587033.6538461539,26,4.125,1,99.0,LOGIN,0.0,7.0,0.08886545995338264,-1.269462739961817
1179525,1936,1,1.0,"Flagged due to: unusual behavior in feature 'TRANS_HOUR' (value: 2.00), and transaction amount is 10.2x higher than historical average, and transaction amount is 11.7x higher than 30-day average transaction size.","TRANS_HOUR (+3.3505), TRANS_AMOUNT_Z_SCORE (+2.3065), TRANS_AMOUNT_VS_30D_AVG_RATIO (+1.1085)","TRANS_HOUR × TRANS_AMOUNT_Z_SCORE (-1.0170), TRANS_HOUR × VELOCITY_RATIO_AMOUNT_7D_VS_30D (+0.6696), TRANS_AMOUNT_Z_SCORE × TRANS_AMOUNT_VS_30D_AVG_RATIO (+0.5780)","TRANS_AMOUNT: 50,000,000.00 -> 1,208,448.41 (-48,791,551.59)",Transfer,Outside_bank,2019-11-06,Wed,2,1,50000000.0,266305,Android,132.200.xx.xx (CT),M,2019-10-11,1996-03-04,0,2019-10-11,BRANCH,1,SMART_OTP,State servant,50000000.0,1,50000000.0,1,60000000.0,2,60000000.0,2,65087000.0,7,68127000.0,16,52256272.38666666,4890741.379310345,58,0.4583333333333333,2,615.0,LOGIN,0.47058816608997556,68.0,0.23505893845611014,-1.3069872441872068
1179521,1936,1,0.8834909796714783,"Flagged due to: transaction amount is 10.2x higher than historical average, and transaction amount is 12.7x higher than 30-day average transaction size, and unusual behavior in feature 'HIST_BIOMETRIC_RATIO' (value: 0.47).","TRANS_AMOUNT_Z_SCORE (+3.0010), TRANS_AMOUNT_VS_30D_AVG_RATIO (+1.5812), HIST_BIOMETRIC_RATIO (+0.2389)","TRANS_AMOUNT_Z_SCORE × TRANS_AMOUNT_VS_30D_AVG_RATIO (+0.6145), VELOCITY_RATIO_AMOUNT_7D_VS_30D × TRANS_AMOUNT_VS_30D_AVG_RATIO (+0.2969), TRANS_AMOUNT_Z_SCORE × DAYS_AMOUNT_COMBINED (+0.2054)","TRANS_AMOUNT: 50,000,000.00 -> 39,894,294.74 (-10,105,705.26)",Transfer,Outside_bank,2019-12-23,Mon,21,1,50000000.0,141567,Android,6.100.xx.xx (CT),M,2019-10-11,1996-03-04,0,2019-10-11,BRANCH,1,SMART_OTP,State servant,50000000.0,1,50000000.0,1,50000000.0,1,50000000.0,1,52400000.0,4,86906000.0,22,52256272.38666666,4890741.379310345,58,3.0833333333333335,1,1762.0,LOGIN,0.47058820761245834,170.0,0.23505893845611014,-1.3069872441872068
973496,1997,1,0.6553407907485962,"Flagged due to: transaction amount is 20.7x higher than historical average, and transaction amount covers 14.8x monthly average balance, and sudden 7d spending volume spike relative to 30 days (ratio: 99.4%).","TRANS_AMOUNT_Z_SCORE (+2.6268), BALANCE_COVERAGE_RATIO (+1.0279), VELOCITY_RATIO_AMOUNT_7D_VS_30D (+0.3901)","TRANS_AMOUNT_Z_SCORE × BALANCE_COVERAGE_RATIO (+0.4262), TRANS_AMOUNT_Z_SCORE × TRANS_AMOUNT_VS_30D_AVG_RATIO (-0.2596), TRANS_AMOUNT_Z_SCORE × DAYS_AMOUNT_COMBINED (+0.2223)","TRANS_AMOUNT: 16,000,000.00 -> 9,183,273.32 (-6,816,726.68)",Transfer,Outside_bank,2019-09-14,Sat,17,2,16000000.0,14539,iOS,134.249.xx.xx (HCM),M,2019-05-08,1992-09-24,0,2019-05-08,BRANCH,1,SMS,State servant,16000000.0,1,16000000.0,1,16000000.0,1,16500000.0,2,17000000.0,3,17102000.0,4,1084664.1785714286,771720.0,65,1.375,1,2456.0,LOGIN,0.0,19.0,0.12999177580889687,-1.1320618740524602
698169,2020,1,1.0,"Flagged due to: transaction amount is 15.0x higher than historical average, and transaction amount covers 41.4x monthly average balance, and transaction amount is 10.6x higher than 30-day average transaction size.","TRANS_AMOUNT_Z_SCORE (+3.2758), BALANCE_COVERAGE_RATIO (+1.6915), TRANS_AMOUNT_VS_30D_AVG_RATIO (+1.5015)","TRANS_AMOUNT_Z_SCORE × TRANS_AMOUNT_VS_30D_AVG_RATIO (+0.5112), TRANS_AMOUNT_Z_SCORE × BALANCE_COVERAGE_RATIO (+0.4349), VELOCITY_RATIO_AMOUNT_7D_VS_30D × TRANS_AMOUNT_VS_30D_AVG_RATIO (+0.3096)","TRANS_AMOUNT: 49,500,000.00 -> 24,414,500.71 (-25,085,499.29)",Transfer,Outside_bank,2019-09-21,Sat,16,1,49500000.0,677595,iOS,55.5.xx.xx (HN),M,2019-06-17,1995-10-05,0,2019-06-17,BRANCH,0,SMS,Commercial associate,50000000.0,2,50000000.0,2,50000000.0,2,52000000.0,3,57100000.0,7,103072000.0,22,1194494.1728571428,3290769.789473684,133,1.875,1,1545.0,LOGIN_FACEID,0.496710509976628,304.0,0.10090772052024406,-1.344779470573237
698217,2020,1,1.0,"Flagged due to: transaction amount is 11.4x higher than historical average, and transaction amount covers 31.3x monthly average balance, and transaction amount is 8.0x higher than 30-day average transaction size.","TRANS_AMOUNT_Z_SCORE (+3.3212), BALANCE_COVERAGE_RATIO (+1.6596), TRANS_AMOUNT_VS_30D_AVG_RATIO (+1.2556)","TRANS_AMOUNT_Z_SCORE × BALANCE_COVERAGE_RATIO (+0.4349), TRANS_AMOUNT_Z_SCORE × TRANS_AMOUNT_VS_30D_AVG_RATIO (+0.3953), VELOCITY_RATIO_AMOUNT_7D_VS_30D × TRANS_AMOUNT_VS_30D_AVG_RATIO (+0.3096)","TRANS_AMOUNT: 37,400,000.00 -> 26,843,157.20 (-10,556,842.80)",Transfer,Outside_bank,2019-11-27,Wed,17,1,37400000.0,883684,iOS,141.73.xx.xx (HN),M,2019-06-17,1995-10-05,0,2019-06-17,BRANCH,0,SMS,Commercial associate,37400000.0,1,39244000.0,4,39244000.0,4,39294000.0,5,64431000.0,13,144100455.0,31,1194494.1728571428,3290769.789473684,133,0.041666666666666664,3,3154.0,LOGIN,0.49961508468348664,1299.0,0.10090772052024406,-1.344779470573237
636734,2021,1,1.0,"Flagged due to: transaction amount is 11.8x higher than historical average, and transaction amount is 15.3x higher than 30-day average transaction size, and transaction amount covers 4.8x monthly average balance.","TRANS_AMOUNT_Z_SCORE (+3.1761), TRANS_AMOUNT_VS_30D_AVG_RATIO (+1.1248), BALANCE_COVERAGE_RATIO (+0.8285)","TRANS_AMOUNT_Z_SCORE × TRANS_AMOUNT_VS_30D_AVG_RATIO (+0.4923), TRANS_AMOUNT_Z_SCORE × BALANCE_COVERAGE_RATIO (+0.4207), VELOCITY_RATIO_AMOUNT_7D_VS_30D × TRANS_AMOUNT_VS_30D_AVG_RATIO (-0.3874)","TRANS_AMOUNT: 40,003,000.00 -> 27,798,524.86 (-12,204,475.14)",Transfer,Within_bank,2019-07-13,Sat,7,1,40003000.0,526686,iOS,35.176.xx.xx (HCM),M,2019-06-03,1993-07-27,1,2019-06-04,BRANCH,1,SMART_OTP,Working,40003000.0,1,40003000.0,1,40003000.0,1,40223000.0,3,40788000.0,6,41960600.0,16,8400146.7,3397966.7976190476,252,1.7916666666666667,1,840.0,LOGIN,0.39999920000160005,5.0,0.059203318089263005,-1.3259916181717284
636715,2021,1,1.0,"Flagged due to: transaction amount is 12.9x higher than historical average, and transaction amount is 15.0x higher than 30-day average transaction size, and transaction amount covers 5.2x monthly average balance.","TRANS_AMOUNT_Z_SCORE (+3.3766), TRANS_AMOUNT_VS_30D_AVG_RATIO (+1.4327), BALANCE_COVERAGE_RATIO (+0.9424)","TRANS_AMOUNT_Z_SCORE × TRANS_AMOUNT_VS_30D_AVG_RATIO (+0.5065), TRANS_AMOUNT_Z_SCORE × BALANCE_COVERAGE_RATIO (+0.4226), VELOCITY_RATIO_AMOUNT_7D_VS_30D × TRANS_AMOUNT_VS_30D_AVG_RATIO (+0.2651)","TRANS_AMOUNT: 44,000,000.00 -> 27,717,571.26 (-16,282,428.74)",Transfer,Outside_bank,2019-10-19,Sat,10,1,44000000.0,41257,iOS,198.25.xx.xx (HCM),M,2019-06-03,1993-07-27,1,2019-06-04,BRANCH,1,SMART_OTP,Working,44000000.0,1,44000000.0,1,44000000.0,1,71820000.0,3,72820001.0,10,111100001.0,38,8400146.7,3397966.7976190476,252,1.75,1,3195.0,LOGIN,0.4859154758480467,284.0,0.059203318089263005,-1.3259916181717284
636749,2021,1,1.0,"Flagged due to: transaction amount is 14.7x higher than historical average, and transaction amount is 11.9x higher than 30-day average transaction size, and transaction amount covers 6.0x monthly average balance.","TRANS_AMOUNT_Z_SCORE (+3.3979), TRANS_AMOUNT_VS_30D_AVG_RATIO (+1.4442), BALANCE_COVERAGE_RATIO (+0.9424)","TRANS_AMOUNT_Z_SCORE × TRANS_AMOUNT_VS_30D_AVG_RATIO (+0.5193), TRANS_AMOUNT_Z_SCORE × BALANCE_COVERAGE_RATIO (+0.4226), VELOCITY_RATIO_AMOUNT_7D_VS_30D × TRANS_AMOUNT_VS_30D_AVG_RATIO (+0.2651)","TRANS_AMOUNT: 50,000,000.00 -> 27,798,509.60 (-22,201,490.40)",Payment,Credit_card_repayment,2019-10-24,Thu,22,1,50000000.0,NaN,iOS,68.30.xx.xx (HCM),M,2019-06-03,1993-07-27,1,2019-06-04,BRANCH,1,SMART_OTP,Working,52434000.0,2,52434000.0,2,52434000.0,2,55258000.0,5,106578000.0,10,164270001.0,39,8400146.7,3397966.7976190476,252,0.041666666666666664,0,3327.0,LOGIN,0.4872611309789449,314.0,0.059203318089263005,-1.3259916181717284
636758,2021,1,0.9295642971992493,"Flagged due to: transaction amount is 9.5x higher than historical average, and transaction amount is 8.0x higher than 30-day average transaction size, and transaction amount covers 3.8x monthly average balance.","TRANS_AMOUNT_Z_SCORE (+2.5298), TRANS_AMOUNT_VS_30D_AVG_RATIO (+1.3153), BALANCE_COVERAGE_RATIO (+0.5382)","TRANS_AMOUNT_Z_SCORE × TRANS_AMOUNT_VS_30D_AVG_RATIO (+0.4034), VELOCITY_RATIO_AMOUNT_7D_VS_30D × TRANS_AMOUNT_VS_30D_AVG_RATIO (+0.3465), TRANS_AMOUNT_Z_SCORE × DAYS_AMOUNT_COMBINED (+0.1788)","TRANS_AMOUNT: 32,168,000.00 -> 27,717,572.22 (-4,450,427.78)",Transfer,Within_bank,2019-11-05,Tue,16,1,32168000.0,208610,iOS,37.44.xx.xx (HCM),M,2019-06-03,1993-07-27,1,2019-06-04,BRANCH,1,SMART_OTP,Working,32168000.0,1,32218000.0,2,32218000.0,2,32568000.0,4,40601001.0,14,185230002.0,46,8400146.7,3397966.7976190476,252,0.08333333333333333,2,3609.0,LOGIN_FACEID,0.4840425403180176,376.0,0.059203318089263005,-1.3259916181717284
636636,2021,1,1.0,"Flagged due to: transaction amount is 10.3x higher than historical average, and transaction amount is 13.7x higher than 30-day average transaction size, and transaction amount covers 4.2x monthly average balance.","TRANS_AMOUNT_Z_SCORE (+3.2359), TRANS_AMOUNT_VS_30D_AVG_RATIO (+1.5690), BALANCE_COVERAGE_RATIO (+0.5969)","TRANS_AMOUNT_Z_SCORE × TRANS_AMOUNT_VS_30D_AVG_RATIO (+0.5193), VELOCITY_RATIO_AMOUNT_7D_VS_30D × TRANS_AMOUNT_VS_30D_AVG_RATIO (+0.3465), TRANS_AMOUNT_Z_SCORE × BALANCE_COVERAGE_RATIO (+0.2616)","TRANS_AMOUNT: 35,000,000.00 -> 27,717,590.33 (-7,282,409.67)",Transfer,Within_bank,2019-11-26,Tue,17,1,35000000.0,36572,iOS,155.10.xx.xx (HCM),M,2019-06-03,1993-07-27,1,2019-06-04,BRANCH,1,SMART_OTP,Working,35000000.0,1,38925000.0,2,40519000.0,5,40554000.0,6,46943000.0,20,153694001.0,60,8400146.7,3397966.7976190476,252,0.041666666666666664,5,4114.0,LOGIN_FACEID,0.48632811550140403,512.0,0.059203318089263005,-1.3259916181717284
636673,2021,1,1.0,"Flagged due to: transaction amount is 15.2x higher than historical average, and transaction amount is 13.7x higher than 30-day average transaction size, and transaction amount covers 6.1x monthly average balance.","TRANS_AMOUNT_Z_SCORE (+3.3576), TRANS_AMOUNT_VS_30D_AVG_RATIO (+1.5394), BALANCE_COVERAGE_RATIO (+0.9320)","TRANS_AMOUNT_Z_SCORE × TRANS_AMOUNT_VS_30D_AVG_RATIO (+0.5193), TRANS_AMOUNT_Z_SCORE × BALANCE_COVERAGE_RATIO (+0.4226), VELOCITY_RATIO_AMOUNT_7D_VS_30D × TRANS_AMOUNT_VS_30D_AVG_RATIO (+0.3465)","TRANS_AMOUNT: 51,500,000.00 -> 27,717,565.06 (-23,782,434.94)",Transfer,Outside_bank,2019-11-29,Fri,10,1,51500000.0,82999,iOS,187.239.xx.xx (HCM),M,2019-06-03,1993-07-27,1,2019-06-04,BRANCH,1,SMART_OTP,Working,51500000.0,1,69550000.0,3,69640000.0,4,70200127.0,5,116655127.0,21,217744128.0,58,8400146.7,3397966.7976190476,252,0.08333333333333333,4,4179.0,LOGIN,0.48674241502381793,528.0,0.059203318089263005,-1.3259916181717284
636641,2021,1,0.8215459585189819,"Flagged due to: transaction amount is 9.0x higher than historical average, and transaction amount is 6.4x higher than 30-day average transaction size, and transaction amount covers 3.6x monthly average balance.","TRANS_AMOUNT_Z_SCORE (+2.6580), TRANS_AMOUNT_VS_30D_AVG_RATIO (+1.1611), BALANCE_COVERAGE_RATIO (+0.5518)","TRANS_AMOUNT_Z_SCORE × TRANS_AMOUNT_VS_30D_AVG_RATIO (+0.4034), VELOCITY_RATIO_AMOUNT_7D_VS_30D × TRANS_AMOUNT_VS_30D_AVG_RATIO (+0.2340), TRANS_AMOUNT_Z_SCORE × DAYS_AMOUNT_COMBINED (+0.1788)","TRANS_AMOUNT: 30,559,000.00 -> 27,798,514.31 (-2,760,485.69)",Transfer,Within_bank,2019-12-03,Tue,15,1,30559000.0,382835,iOS,221.47.xx.xx (NA),M,2019-06-03,1993-07-27,1,2019-06-04,BRANCH,1,SMART_OTP,Working,30559000.0,1,43736000.0,3,43736000.0,3,44736000.0,4,195749527.0,20,296445527.0,62,8400146.7,3397966.7976190476,252,0.08333333333333333,3,4280.0,LOGIN_FACEID,0.4868651403351114,571.0,0.059203318089263005,-1.3259916181717284
636772,2021,1,0.7865588665008545,"Flagged due to: transaction amount is 9.6x higher than historical average, and transaction amount is 5.6x higher than 30-day average transaction size, and transaction amount covers 3.9x monthly average balance.","TRANS_AMOUNT_Z_SCORE (+2.6756), TRANS_AMOUNT_VS_30D_AVG_RATIO (+0.9621), BALANCE_COVERAGE_RATIO (+0.5326)","TRANS_AMOUNT_Z_SCORE × TRANS_AMOUNT_VS_30D_AVG_RATIO (+0.3056), VELOCITY_RATIO_AMOUNT_7D_VS_30D × TRANS_AMOUNT_VS_30D_AVG_RATIO (+0.1700), TRANS_AMOUNT_Z_SCORE × DAYS_AMOUNT_COMBINED (+0.1694)","TRANS_AMOUNT: 32,500,000.00 -> 32,300,736.90 (-199,263.10)",Transfer,Within_bank,2019-12-24,Tue,8,2,32500000.0,316846,iOS,85.44.xx.xx (HCM),M,2019-06-03,1993-07-27,1,2019-06-04,BRANCH,1,SMART_OTP,Working,37500000.0,2,37500000.0,2,37500000.0,2,39106504.0,4,53381504.0,11,328714031.0,57,8400146.7,3397966.7976190476,252,0.0,2,4777.0,LOGIN_FACEID,0.4882352869377164,680.0,0.059203318089263005,-1.3259916181717284
636774,2021,1,1.0,"Flagged due to: transaction amount is 10.6x higher than historical average, and transaction amount is 6.3x higher than 30-day average transaction size, and transaction amount covers 4.3x monthly average balance.","TRANS_AMOUNT_Z_SCORE (+3.2948), TRANS_AMOUNT_VS_30D_AVG_RATIO (+1.1835), BALANCE_COVERAGE_RATIO (+0.8625)","TRANS_AMOUNT_Z_SCORE × BALANCE_COVERAGE_RATIO (+0.4247), TRANS_AMOUNT_Z_SCORE × TRANS_AMOUNT_VS_30D_AVG_RATIO (+0.4034), VELOCITY_RATIO_AMOUNT_7D_VS_30D × TRANS_AMOUNT_VS_30D_AVG_RATIO (+0.2785)","TRANS_AMOUNT: 36,032,000.00 -> 31,897,915.47 (-4,134,084.53)",Transfer,Outside_bank,2019-12-27,Fri,14,2,36032000.0,103203,iOS,106.251.xx.xx (HCM),M,2019-06-03,1993-07-27,1,2019-06-04,BRANCH,1,SMART_OTP,Working,36076000.0,2,36103000.0,3,37453000.0,6,40453000.0,7,108716504.0,17,357009904.0,62,8400146.7,3397966.7976190476,252,0.08333333333333333,4,4855.0,LOGIN,0.489451469909262,711.0,0.059203318089263005,-1.3259916181717284
1032433,2174,1,1.0,"Flagged due to: transaction amount is 59.0x higher than historical average, and transaction amount covers 18.2x monthly average balance, and transaction amount is 6.8x higher than 30-day average transaction size.","TRANS_AMOUNT_Z_SCORE (+3.1108), BALANCE_COVERAGE_RATIO (+1.1697), TRANS_AMOUNT_VS_30D_AVG_RATIO (+0.8658)","TRANS_AMOUNT_Z_SCORE × BALANCE_COVERAGE_RATIO (+0.4164), TRANS_AMOUNT_Z_SCORE × TRANS_AMOUNT_VS_30D_AVG_RATIO (+0.3764), VELOCITY_RATIO_AMOUNT_7D_VS_30D × TRANS_AMOUNT_VS_30D_AVG_RATIO (-0.3377)","TRANS_AMOUNT: 230,000,000.00 -> 37,941,656.11 (-192,058,343.89)",Transfer,Outside_bank,2019-12-02,Mon,10,1,230000000.0,712611,iOS,167.107.xx.xx (BD),F,2019-02-13,1996-08-27,0,2019-08-13,BRANCH,0,SMART_OTP,Unemployed,230000000.0,1,230000000.0,1,230000000.0,1,233000000.0,2,233460000.0,3,235454000.0,7,12640694.629999999,3896242.4242424243,66,1.5,1,2665.0,LOGIN_FINGER,0.4772727001549602,176.0,0.1572682921701853,-1.2404960505148033
223458,2188,1,1.0,"Flagged due to: unusual combination of high transaction amount and long inactivity period (combined score: 72.42), and long inactivity period (79.6 days since last transaction), and sudden 7d spending volume spike relative to 30 days (ratio: 100.0%).","DAYS_AMOUNT_COMBINED (+2.9923), DAYS_SINCE_LAST_TRANS (+0.6903), VELOCITY_RATIO_AMOUNT_7D_VS_30D (+0.4691)","DAYS_SINCE_LAST_TRANS × BALANCE_COVERAGE_RATIO (-0.6803), TRANS_AMOUNT_Z_SCORE × DAYS_AMOUNT_COMBINED (-0.2875), BENFORD_DEV × DAYS_AMOUNT_COMBINED (-0.2843)","TRANS_AMOUNT: 14,600,000.00 -> 966,802.22 (-13,633,197.78)",Transfer,Outside_bank,2019-07-24,Wed,13,1,14600000.0,26995,Android,31.114.xx.xx (NA),F,2019-02-19,1995-01-26,0,2019-02-19,BRANCH,0,SMART_OTP,State servant,14600000.0,1,14600000.0,1,14600000.0,1,14600000.0,1,14600000.0,1,14600000.0,1,1841409.1318181818,2426923.076923077,13,79.625,1,3723.0,LOGIN_FACEID,0.4615383431952966,39.0,0.7205894014008791,-1.532777755151182
223453,2188,1,0.9206488132476807,"Flagged due to: unusual combination of high transaction amount and long inactivity period (combined score: 49.63), and transaction amount leading digits deviation from Benford's Law (score: 0.7206), and transaction amount covers 6.5x monthly average balance.","DAYS_AMOUNT_COMBINED (+1.0065), BENFORD_DEV (+0.6692), BALANCE_COVERAGE_RATIO (+0.6174)","HOURS_SINCE_SEC_EVENT × BENFORD_DEV (+0.3937), TRANS_AMOUNT_Z_SCORE × DAYS_AMOUNT_COMBINED (-0.1931), HOURS_SINCE_SEC_EVENT × VELOCITY_RATIO_AMOUNT_7D_VS_30D (+0.1530)","TRANS_AMOUNT: 12,000,000.00 -> 6,779,720.31 (-5,220,279.69)",Transfer,Outside_bank,2019-09-03,Tue,15,1,12000000.0,968103,Android,58.7.xx.xx (NA),F,2019-02-19,1995-01-26,0,2019-02-19,BRANCH,0,SMART_OTP,State servant,12000000.0,1,12000000.0,1,12000000.0,1,12000000.0,1,12000000.0,1,13340000.0,3,1841409.1318181818,2426923.076923077,13,20.0,1,4709.0,LOGIN,0.4693876593086409,49.0,0.7205894014008791,-1.532777755151182
960990,2216,1,1.0,"Flagged due to: transaction amount leading digits deviation from Benford's Law (score: 1.0046), and transaction amount is 7.4x higher than historical average, and recent security credential modification (6720.0 hours ago).","BENFORD_DEV (+1.4507), TRANS_AMOUNT_Z_SCORE (+1.3808), HOURS_SINCE_SEC_EVENT (+1.2693)","HOURS_SINCE_SEC_EVENT × BENFORD_DEV (+0.4676), BENFORD_DEV × TRANS_AMOUNT_Z_SCORE (+0.1538), VELOCITY_RATIO_COUNT_7D_VS_30D × TRANS_AMOUNT_VS_30D_AVG_RATIO (+0.1425)","TRANS_AMOUNT: 1,087,000.00 -> 750,162.23 (-336,837.77)",Transfer,Outside_bank,2019-12-18,Wed,10,1,1087000.0,181593,Android,63.5.xx.xx (HCM),M,2019-03-13,1981-08-19,0,2019-03-13,BRANCH,0,SMART_OTP,State servant,1087000.0,1,1087000.0,1,1087000.0,1,1087000.0,1,1087000.0,1,1737000.0,8,13500608.809999999,147736.84210526315,19,8.75,1,6720.0,LOGIN,0.4356435535731794,404.0,1.0046254434776658,-1.0294426637052132
1380769,2234,1,1.0,"Flagged due to: unusual behavior in feature 'TRANS_HOUR' (value: 1.00), and sudden 7d spending volume spike relative to 30 days (ratio: 100.0%), and transaction amount leading digits deviation from Benford's Law (score: 0.6307).","TRANS_HOUR (+4.3184), VELOCITY_RATIO_AMOUNT_7D_VS_30D (+0.6622), BENFORD_DEV (+0.4056)","TRANS_HOUR × VELOCITY_RATIO_AMOUNT_7D_VS_30D (+0.5513), TRANS_HOUR × DAYS_SINCE_LAST_TRANS (+0.3244), TRANS_HOUR × BENFORD_DEV (+0.2449)",,Transfer,Outside_bank,2019-12-08,Sun,1,1,600000.0,797163,iOS,50.248.xx.xx (HN),M,2019-11-19,1994-09-22,0,2019-11-19,BRANCH,1,SMART_OTP,Working,600000.0,1,600000.0,1,600000.0,1,600000.0,1,600000.0,1,600000.0,1,275801.81,360000.0,5,19.041666666666668,1,442.0,LOGIN,0.0,8.0,0.6307498128812288,-1.0209047488848588
1357161,2358,1,0.9889882206916809,"Flagged due to: transaction amount covers 31.6x monthly average balance, and unusual combination of high transaction amount and long inactivity period (combined score: 54.26), and transaction amount leading digits deviation from Benford's Law (score: 0.8883).","BALANCE_COVERAGE_RATIO (+1.5554), DAYS_AMOUNT_COMBINED (+1.4429), BENFORD_DEV (+0.8356)","BALANCE_COVERAGE_RATIO × DAYS_AMOUNT_COMBINED (+0.3810), TRANS_HOUR × BALANCE_COVERAGE_RATIO (+0.1641), TRANS_AMOUNT_Z_SCORE × DAYS_AMOUNT_COMBINED (+0.1565)","TRANS_AMOUNT: 6,800,000.00 -> 4,123,302.84 (-2,676,697.16)",Transfer,Outside_bank,2019-11-04,Mon,19,1,6800000.0,883684,iOS,243.115.xx.xx (DN),F,2019-08-23,1996-10-16,0,2019-09-08,MYbank,1,SMART_OTP,Working,6800000.0,1,6800000.0,1,6800000.0,1,6800000.0,1,6800000.0,1,6800000.0,1,215228.44749999998,3375700.0,6,30.458333333333332,1,1377.0,LOGIN,0.45454531680444943,33.0,0.888300460468707,-1.1536145217151519
718969,2496,1,1.0,"Flagged due to: transaction amount is 10.8x higher than historical average, and transaction amount is 7.8x higher than 30-day average transaction size, and transaction amount covers 5.1x monthly average balance.","TRANS_AMOUNT_Z_SCORE (+2.8646), TRANS_AMOUNT_VS_30D_AVG_RATIO (+0.9910), BALANCE_COVERAGE_RATIO (+0.8851)","VELOCITY_RATIO_AMOUNT_7D_VS_30D × TRANS_AMOUNT_VS_30D_AVG_RATIO (-0.4185), TRANS_AMOUNT_Z_SCORE × BALANCE_COVERAGE_RATIO (+0.3968), TRANS_AMOUNT_Z_SCORE × TRANS_AMOUNT_VS_30D_AVG_RATIO (+0.3889)","TRANS_AMOUNT: 6,320,000.00 -> 4,760,402.15 (-1,559,597.85)",Transfer,Within_bank,2019-10-05,Sat,12,5,6320000.0,642447,Android,36.212.xx.xx (CT),M,2019-02-20,1994-04-09,0,2019-02-28,BRANCH,1,SMART_OTP,Commercial associate,6320000.0,1,6320000.0,1,6320000.0,1,6320000.0,1,6370000.0,2,6460000.0,8,1230130.68625,583589.7777777778,54,4.791666666666667,1,4045.0,LOGIN,0.0,53.0,0.3239273257186119,-0.9951733909819377
1379009,2537,1,1.0,"Flagged due to: unusual behavior in feature 'TRANS_HOUR' (value: 0.00), and sudden 7d spending volume spike relative to 30 days (ratio: 100.0%), and transaction amount leading digits deviation from Benford's Law (score: 0.7875).","TRANS_HOUR (+4.4771), VELOCITY_RATIO_AMOUNT_7D_VS_30D (+0.6990), BENFORD_DEV (+0.5966)","TRANS_HOUR × VELOCITY_RATIO_AMOUNT_7D_VS_30D (+0.5120), TRANS_HOUR × BALANCE_COVERAGE_RATIO (+0.3320), TRANS_HOUR × BENFORD_DEV (+0.2128)",,Transfer,Within_bank,2019-10-12,Sat,0,1,750000.0,43147,Android,98.238.xx.xx (NA),M,2019-09-25,1999-07-11,0,2019-10-11,BRANCH,1,SMART_OTP,Working,750000.0,1,750000.0,1,750000.0,1,750000.0,1,750000.0,1,750000.0,1,1812402.6566666665,882500.0,6,1.0,1,8.0,LOGIN_FINGER,0.0,2.0,0.7874929588693371,-1.1569025344810797
1379010,2537,1,1.0,"Flagged due to: unusual behavior in feature 'TRANS_HOUR' (value: 0.00), and transaction amount leading digits deviation from Benford's Law (score: 0.7875), and unusual combination of high transaction amount and long inactivity period (combined score: 45.78).","TRANS_HOUR (+4.1260), BENFORD_DEV (+0.6703), DAYS_AMOUNT_COMBINED (+0.4389)","TRANS_HOUR × DAYS_AMOUNT_COMBINED (-0.5378), TRANS_HOUR × DAYS_SINCE_LAST_TRANS (+0.3546), TRANS_HOUR × BALANCE_COVERAGE_RATIO (+0.2985)",,Transfer,Within_bank,2019-11-05,Tue,0,1,1500000.0,120610,iOS,17.27.xx.xx (BD),M,2019-09-25,1999-07-11,0,2019-10-11,BRANCH,1,SMART_OTP,Working,1500000.0,1,1500000.0,1,1500000.0,1,1500000.0,1,1500000.0,1,2250000.0,2,1812402.6566666665,882500.0,6,24.0,1,584.0,LOGIN,0.45454504132268975,11.0,0.7874929588693371,-1.1569025344810797
1227518,2577,1,0.790000855922699,"Flagged due to: transaction amount covers 682.8x monthly average balance, and sudden 7d spending volume spike relative to 30 days (ratio: 100.0%), and recent security credential modification (13.0 hours ago).","BALANCE_COVERAGE_RATIO (+3.0625), VELOCITY_RATIO_AMOUNT_7D_VS_30D (+0.4421), HOURS_SINCE_SEC_EVENT (+0.2186)","TRANS_HOUR × BALANCE_COVERAGE_RATIO (+0.2484), BALANCE_COVERAGE_RATIO × TRANS_AMOUNT_VS_30D_AVG_RATIO (+0.1856), BALANCE_COVERAGE_RATIO × DAYS_AMOUNT_COMBINED (-0.1354)","TRANS_AMOUNT: 5,750,000.00 -> 2,651,377.68 (-3,098,622.32)",Transfer,Outside_bank,2019-09-04,Wed,20,1,5750000.0,96211,iOS,181.198.xx.xx (DN),M,2019-07-31,2000-02-08,0,2019-09-03,MYbank,0,SMART_OTP,State servant,5750000.0,1,6250000.0,2,6250000.0,2,6250000.0,2,6250000.0,2,6250000.0,2,8421.385,1680588.2352941176,17,0.041666666666666664,2,13.0,LOGIN,0.24999979166684028,12.0,0.3755902823990702,-1.1201182450943366
1227511,2577,1,1.0,"Flagged due to: transaction amount covers 760.0x monthly average balance, and unusual combination of high transaction amount and long inactivity period (combined score: 54.33), and sudden 7d spending volume spike relative to 30 days (ratio: 100.0%).","BALANCE_COVERAGE_RATIO (+3.2587), DAYS_AMOUNT_COMBINED (+1.3198), VELOCITY_RATIO_AMOUNT_7D_VS_30D (+0.4041)","BALANCE_COVERAGE_RATIO × DAYS_AMOUNT_COMBINED (+0.4732), TRANS_HOUR × BALANCE_COVERAGE_RATIO (+0.2268), BALANCE_COVERAGE_RATIO × TRANS_AMOUNT_VS_30D_AVG_RATIO (+0.1856)","TRANS_AMOUNT: 6,400,000.00 -> 750,726.32 (-5,649,273.68)",Transfer,Within_bank,2019-11-04,Mon,19,1,6400000.0,620320,iOS,32.157.xx.xx (DN),M,2019-07-31,2000-02-08,0,2019-09-03,MYbank,0,SMART_OTP,State servant,6400000.0,1,6400000.0,1,6400000.0,1,6400000.0,1,6400000.0,1,6400000.0,1,8421.385,1680588.2352941176,17,31.041666666666668,1,1183.0,LOGIN,0.0434782545683689,69.0,0.3755902823990702,-1.1201182450943366
1227504,2577,1,0.6752455234527588,"Flagged due to: transaction amount covers 754.0x monthly average balance, and unusual combination of high transaction amount and long inactivity period (combined score: 46.22), and transaction amount is 3.8x higher than historical average.","BALANCE_COVERAGE_RATIO (+3.0819), DAYS_AMOUNT_COMBINED (+0.7247), TRANS_AMOUNT_Z_SCORE (+0.1760)","BALANCE_COVERAGE_RATIO × DAYS_AMOUNT_COMBINED (+0.2304), TRANS_HOUR × BALANCE_COVERAGE_RATIO (+0.2099), BALANCE_COVERAGE_RATIO × TRANS_AMOUNT_VS_30D_AVG_RATIO (+0.2040)","TRANS_AMOUNT: 6,350,000.00 -> 3,363,996.46 (-2,986,003.54)",Transfer,Within_bank,2019-12-04,Wed,17,1,6350000.0,653383,iOS,195.142.xx.xx (DN),M,2019-07-31,2000-02-08,0,2019-09-03,MYbank,0,SMART_OTP,State servant,6450000.0,2,6450000.0,2,6450000.0,2,6450000.0,2,6450000.0,2,13850000.0,7,8421.385,1680588.2352941176,17,18.125,1,1901.0,LOGIN,0.03749999531250058,80.0,0.3755902823990702,-1.1201182450943366
1197990,2584,1,0.7644718289375305,"Flagged due to: transaction amount is 9.9x higher than historical average, and transaction amount is 5.6x higher than 30-day average transaction size, and unusual behavior in feature 'HIST_BIOMETRIC_RATIO' (value: 0.44).","TRANS_AMOUNT_Z_SCORE (+2.7297), TRANS_AMOUNT_VS_30D_AVG_RATIO (+0.9433), HIST_BIOMETRIC_RATIO (+0.2640)","TRANS_AMOUNT_Z_SCORE × TRANS_AMOUNT_VS_30D_AVG_RATIO (+0.3052), HIST_BIOMETRIC_RATIO × TRANS_AMOUNT_Z_SCORE (+0.1611), TRANS_AMOUNT_VS_30D_AVG_RATIO × DAYS_AMOUNT_COMBINED (+0.1478)","TRANS_AMOUNT: 33,175,628.00 -> 32,600,941.85 (-574,686.15)",Transfer,Outside_bank,2019-11-18,Mon,10,2,33175628.0,456015,iOS,150.201.xx.xx (HN),F,2019-09-09,1993-01-19,0,2019-09-09,BRANCH,1,SMART_OTP,Working,33175628.0,1,33175628.0,1,33175628.0,1,33175628.0,1,34175628.0,2,47105948.0,8,12992551.715,3347802.6666666665,18,7.0,1,1666.0,LOGIN_FINGER,0.4444442798354519,27.0,0.32278723038099677,-1.5585975782828327
1414912,2703,1,0.8238170742988586,"Flagged due to: unusual combination of high transaction amount and long inactivity period (combined score: 63.01), and transaction amount covers 34.7x monthly average balance, and sudden 7d spending volume spike relative to 30 days (ratio: 100.0%).","DAYS_AMOUNT_COMBINED (+2.4628), BALANCE_COVERAGE_RATIO (+1.4398), VELOCITY_RATIO_AMOUNT_7D_VS_30D (+0.4036)","BALANCE_COVERAGE_RATIO × DAYS_AMOUNT_COMBINED (+0.3644), TRANS_AMOUNT_Z_SCORE × DAYS_AMOUNT_COMBINED (+0.1891), TRANS_HOUR × DAYS_AMOUNT_COMBINED (+0.1813)","TRANS_AMOUNT: 45,000,000.00 -> 24,853,477.48 (-20,146,522.52)",Transfer,Outside_bank,2019-12-05,Thu,17,1,45000000.0,465547,Android,46.105.xx.xx (HP),M,2019-10-25,1989-09-19,0,2019-11-01,BRANCH,1,SMART_OTP,Unemployed,45000000.0,1,45000000.0,1,45000000.0,1,45000000.0,1,45000000.0,1,45000000.0,1,1297304.1,45000000.0,1,34.708333333333336,1,536.0,LOGIN,0.0,9.0,0.0,-0.8485419917882979
1381289,2708,1,1.0,"Flagged due to: unusual behavior in feature 'TRANS_HOUR' (value: 3.00), and sudden 7d spending volume spike relative to 30 days (ratio: 100.0%), and recent security credential modification (0.0 hours ago).","TRANS_HOUR (+3.7858), VELOCITY_RATIO_AMOUNT_7D_VS_30D (+0.8418), HOURS_SINCE_SEC_EVENT (+0.2019)","TRANS_HOUR × VELOCITY_RATIO_AMOUNT_7D_VS_30D (+0.7941), TRANS_HOUR × BALANCE_COVERAGE_RATIO (+0.2394), TRANS_HOUR × BENFORD_DEV (+0.1881)",,Transfer,Outside_bank,2019-12-07,Sat,3,1,500000.0,39876,Android,61.216.xx.xx (HN),M,2019-11-12,1998-09-01,0,2019-12-07,MYbank,1,SMART_OTP,Working,500000.0,1,500000.0,1,500000.0,1,500000.0,1,500000.0,1,500000.0,1,525980.9,692000.0,10,0.125,1,0.0,LOGIN,0.0,0.0,0.5031360574232665,-1.1491918611170477
1381295,2708,1,0.768767774105072,"Flagged due to: unusual behavior in feature 'TRANS_HOUR' (value: 4.00), and sudden 7d spending volume spike relative to 30 days (ratio: 100.0%), and transaction amount is 1.4x higher than 30-day average transaction size.","TRANS_HOUR (+3.1014), VELOCITY_RATIO_AMOUNT_7D_VS_30D (+0.6968), TRANS_AMOUNT_VS_30D_AVG_RATIO (+0.1482)","TRANS_HOUR × VELOCITY_RATIO_AMOUNT_7D_VS_30D (+0.5737), TRANS_HOUR × TRANS_AMOUNT_Z_SCORE (+0.2786), TRANS_HOUR × BENFORD_DEV (+0.1712)","TRANS_AMOUNT: 1,500,000.00 -> 965,556.62 (-534,443.38)",Transfer,Within_bank,2019-12-10,Tue,4,1,1500000.0,654409,Android,94.85.xx.xx (HN),M,2019-11-12,1998-09-01,0,2019-12-07,MYbank,1,SMART_OTP,Working,2500000.0,2,2500000.0,2,2500000.0,2,2500000.0,2,6350000.0,6,6350000.0,6,525980.9,692000.0,10,0.0,2,72.0,LOGIN,0.0,5.0,0.5031360574232665,-1.1491918611170477
1214423,2711,1,0.7526937127113342,"Flagged due to: transaction amount is 8.6x higher than historical average, and transaction amount is 5.9x higher than 30-day average transaction size, and transaction amount covers 6.3x monthly average balance.","TRANS_AMOUNT_Z_SCORE (+2.5498), TRANS_AMOUNT_VS_30D_AVG_RATIO (+0.8638), BALANCE_COVERAGE_RATIO (+0.8410)","TRANS_AMOUNT_Z_SCORE × BALANCE_COVERAGE_RATIO (+0.3137), TRANS_AMOUNT_Z_SCORE × TRANS_AMOUNT_VS_30D_AVG_RATIO (+0.2927), TRANS_AMOUNT_Z_SCORE × DAYS_AMOUNT_COMBINED (+0.1942)","TRANS_AMOUNT: 12,000,000.00 -> 11,429,042.82 (-570,957.18)",Transfer,Outside_bank,2019-12-29,Sun,17,1,12000000.0,771320,Android,236.18.xx.xx (HN),F,2019-10-24,1995-07-27,0,2019-10-24,BRANCH,1,SMART_OTP,Unemployed,12000000.0,1,13000000.0,2,14500000.0,3,14500000.0,3,14680000.0,4,22380000.0,11,1898241.685,1401115.3846153845,26,0.125,3,1582.0,LOGIN_FACEID,0.47692300355030715,65.0,0.48578979828818813,-1.637432428781681
1390322,2726,1,0.7708919048309326,"Flagged due to: transaction amount covers 93.6x monthly average balance, and unusual combination of high transaction amount and long inactivity period (combined score: 50.77), and sudden 24h spending volume spike relative to 7 days (ratio: 100.0%).","BALANCE_COVERAGE_RATIO (+2.9624), DAYS_AMOUNT_COMBINED (+1.4032), VELOCITY_RATIO_AMOUNT_24H_VS_7D (+0.0993)","BALANCE_COVERAGE_RATIO × DAYS_AMOUNT_COMBINED (+0.4732), TRANS_HOUR × BALANCE_COVERAGE_RATIO (+0.1915), ACTIVITY_SEQ_RARITY × BALANCE_COVERAGE_RATIO (-0.1688)","TRANS_AMOUNT: 23,214,580.00 -> 22,102,508.42 (-1,112,071.58)",Payment,Credit_card_repayment,2019-05-22,Wed,9,1,23214580.0,NaN,iOS,136.101.xx.xx (HN),F,2019-02-22,1988-01-17,0,2019-03-01,BRANCH,0,SMART_OTP,Commercial associate,23214580.0,1,23214580.0,1,23214580.0,1,23214580.0,1,23214580.0,1,42166140.0,2,247937.652,12070898.115384616,26,18.958333333333332,0,1846.0,LOGIN,0.0,39.0,0.24098334436117985,-0.8686920959468655
1390321,2726,1,0.8800615072250366,"Flagged due to: transaction amount covers 201.7x monthly average balance, and recent security credential modification (5495.0 hours ago), and unusual combination of high transaction amount and long inactivity period (combined score: 42.58).","BALANCE_COVERAGE_RATIO (+2.8899), HOURS_SINCE_SEC_EVENT (+0.4938), DAYS_AMOUNT_COMBINED (+0.3764)","BALANCE_COVERAGE_RATIO × TRANS_AMOUNT_VS_30D_AVG_RATIO (+0.2211), TRANS_HOUR × BALANCE_COVERAGE_RATIO (+0.2014), ACTIVITY_SEQ_RARITY × BALANCE_COVERAGE_RATIO (-0.1688)","TRANS_AMOUNT: 50,000,000.00 -> 42,942,571.64 (-7,057,428.36)",Transfer,Outside_bank,2019-10-21,Mon,10,1,50000000.0,999400,iOS,38.76.xx.xx (HN),F,2019-02-22,1988-01-17,0,2019-03-01,BRANCH,0,SMART_OTP,Commercial associate,50000000.0,1,50000000.0,1,50000000.0,1,50000000.0,1,50000000.0,1,67000000.0,3,247937.652,12070898.115384616,26,10.041666666666666,1,5495.0,LOGIN,0.0,138.0,0.24098334436117985,-0.8686920959468655
335434,2746,1,1.0,"Flagged due to: transaction amount is 10.7x higher than historical average, and transaction amount is 8.0x higher than 30-day average transaction size, and transaction amount covers 17.2x monthly average balance.","TRANS_AMOUNT_Z_SCORE (+3.0443), TRANS_AMOUNT_VS_30D_AVG_RATIO (+1.3480), BALANCE_COVERAGE_RATIO (+1.0914)","TRANS_AMOUNT_Z_SCORE × BALANCE_COVERAGE_RATIO (+0.3906), TRANS_AMOUNT_Z_SCORE × TRANS_AMOUNT_VS_30D_AVG_RATIO (+0.3778), VELOCITY_RATIO_AMOUNT_7D_VS_30D × TRANS_AMOUNT_VS_30D_AVG_RATIO (+0.3481)","TRANS_AMOUNT: 40,000,000.00 -> 30,629,272.46 (-9,370,727.54)",Transfer,Within_bank,2019-07-10,Wed,17,2,40000000.0,746668,iOS,128.182.xx.xx (HCM),M,2019-03-14,1994-09-14,0,2019-03-19,BRANCH,1,SMART_OTP,Businessman,40000000.0,1,40000000.0,1,40210000.0,2,40210000.0,2,40230000.0,3,90356000.0,18,2326980.4777777777,3754920.4545454546,88,0.25,2,2716.0,LOGIN,0.0,33.0,0.22971848721655996,-1.3284168158127188
335411,2746,1,0.9331195950508118,"Flagged due to: transaction amount is 10.7x higher than historical average, and transaction amount covers 17.2x monthly average balance, and transaction amount is 6.1x higher than 30-day average transaction size.","TRANS_AMOUNT_Z_SCORE (+2.9722), BALANCE_COVERAGE_RATIO (+1.0876), TRANS_AMOUNT_VS_30D_AVG_RATIO (+0.8901)","TRANS_AMOUNT_Z_SCORE × BALANCE_COVERAGE_RATIO (+0.3906), TRANS_AMOUNT_Z_SCORE × TRANS_AMOUNT_VS_30D_AVG_RATIO (+0.2799), TRANS_AMOUNT_Z_SCORE × DAYS_AMOUNT_COMBINED (+0.2224)","TRANS_AMOUNT: 40,000,000.00 -> 35,566,444.40 (-4,433,555.60)",Transfer,Within_bank,2019-07-11,Thu,8,2,40000000.0,744075,iOS,147.232.xx.xx (HCM),M,2019-03-14,1994-09-14,0,2019-03-19,BRANCH,1,SMART_OTP,Businessman,40000000.0,1,40000000.0,1,81210000.0,4,81210000.0,4,81230000.0,5,131356000.0,20,2326980.4777777777,3754920.4545454546,88,0.5,4,2731.0,LOGIN,0.0,33.0,0.22971848721655996,-1.3284168158127188
335449,2746,1,1.0,"Flagged due to: transaction amount is 9.9x higher than historical average, and transaction amount covers 15.9x monthly average balance, and transaction amount is 5.8x higher than 30-day average transaction size.","TRANS_AMOUNT_Z_SCORE (+3.1556), BALANCE_COVERAGE_RATIO (+1.2169), TRANS_AMOUNT_VS_30D_AVG_RATIO (+0.8373)","TRANS_AMOUNT_Z_SCORE × BALANCE_COVERAGE_RATIO (+0.4145), TRANS_AMOUNT_Z_SCORE × TRANS_AMOUNT_VS_30D_AVG_RATIO (+0.3056), TRANS_AMOUNT_Z_SCORE × DAYS_AMOUNT_COMBINED (+0.2224)","TRANS_AMOUNT: 37,000,000.00 -> 26,365,273.48 (-10,634,726.52)",Transfer,Outside_bank,2019-10-31,Thu,20,2,37000000.0,47455,iOS,98.222.xx.xx (HCM),M,2019-03-14,1994-09-14,0,2019-03-19,BRANCH,1,SMART_OTP,Businessman,37000000.0,1,37000000.0,1,40000000.0,2,40000000.0,2,40250000.0,3,50600000.0,8,2326980.4777777777,3754920.4545454546,88,0.16666666666666666,2,5431.0,LOGIN_FINGER,0.21794869000657818,78.0,0.22971848721655996,-1.3284168158127188
335392,2746,1,0.6321333050727844,"Flagged due to: transaction amount is 7.1x higher than historical average, and transaction amount covers 11.5x monthly average balance, and recent security credential modification (5444.0 hours ago).","TRANS_AMOUNT_Z_SCORE (+1.3697), BALANCE_COVERAGE_RATIO (+1.0574), HOURS_SINCE_SEC_EVENT (+0.5373)","TRANS_AMOUNT_Z_SCORE × BALANCE_COVERAGE_RATIO (+0.2892), TRANS_AMOUNT_Z_SCORE × TRANS_AMOUNT_VS_30D_AVG_RATIO (-0.1853), TRANS_AMOUNT_Z_SCORE × DAYS_AMOUNT_COMBINED (+0.1795)","TRANS_AMOUNT: 26,800,000.00 -> 26,365,275.96 (-434,724.04)",Transfer,Outside_bank,2019-11-01,Fri,9,2,26800000.0,840887,iOS,113.119.xx.xx (HCM),M,2019-03-14,1994-09-14,0,2019-03-19,BRANCH,1,SMART_OTP,Businessman,26800000.0,1,26850000.0,2,66850000.0,4,66850000.0,4,67100000.0,5,77450000.0,10,2326980.4777777777,3754920.4545454546,88,0.08333333333333333,3,5444.0,LOGIN,0.24096382638990044,83.0,0.22971848721655996,-1.3284168158127188
1244948,2749,1,1.0,"Flagged due to: unusual combination of high transaction amount and long inactivity period (combined score: 72.54), and transaction amount covers 11.3x monthly average balance, and sudden 7d spending volume spike relative to 30 days (ratio: 100.0%).","DAYS_AMOUNT_COMBINED (+3.3712), BALANCE_COVERAGE_RATIO (+0.6224), VELOCITY_RATIO_AMOUNT_7D_VS_30D (+0.4714)","DAYS_SINCE_LAST_TRANS × BALANCE_COVERAGE_RATIO (-0.1812), TRANS_HOUR × DAYS_AMOUNT_COMBINED (+0.1724), VELOCITY_RATIO_AMOUNT_7D_VS_30D × DAYS_AMOUNT_COMBINED (+0.1155)","TRANS_AMOUNT: 47,345,000.00 -> 15,729,907.76 (-31,615,092.24)",Transfer,Within_bank,2019-11-09,Sat,15,7,47345000.0,691412,iOS,32.53.xx.xx (HCM),M,2019-09-10,1995-04-10,0,2019-09-11,BRANCH,0,SMART_OTP,Commercial associate,47345000.0,1,47345000.0,1,47345000.0,1,47345000.0,1,47345000.0,1,47345000.0,1,4173760.8725,13997812.5,16,59.625,1,1302.0,LOGIN,0.0,23.0,0.351174317757293,-1.1656851067362646
