TRANSACTION_ID,CUSTOMER_NUMBER,ANOMALY_PRED,ANOMALY_SCORE,EXPLANATION,TOP_SHAP_CONTRIBUTORS,TOP_INTERACTIONS,COUNTERFACTUAL,TRANS_LV1,TRANS_LV2,TRANS_DATE,DAY_OF_WEEK,TRANS_HOUR,TRANS_NO,TRANS_AMOUNT,Beneficiary_CUSTOMER_NUMBER,Device_ID_Hash,Device_OS,IP_Address_Proxy,CLIENT_SEX,CLIENT_CREATE_DATE,DATE_OF_BIRTH,STAFF,IB_REGISTER_DATE,EB_REGISTER_CHANNEL,SMS,VERIFY_METHOD,Occupation_Group,SUM_AMOUNT_1H,COUNT_1H,SUM_AMOUNT_3H,COUNT_3H,SUM_AMOUNT_24H,COUNT_24H,SUM_AMOUNT_48H,COUNT_48H,SUM_AMOUNT_7D,COUNT_7D,SUM_AMOUNT_30D,COUNT_30D,HIST_AVG_CA_BALANCE,HIST_AVG_TRANS_AMOUNT,HIST_TRANS_COUNT,DAYS_SINCE_LAST_TRANS,UNIQUE_BENEFICIARIES_24H,HOURS_SINCE_SEC_EVENT,LAST_LOGIN_METHOD,HIST_BIOMETRIC_RATIO,HIST_LOGIN_COUNT,BENFORD_DEV,ACTIVITY_SEQ_RARITY,IP_HOPPING_VELOCITY,PAGERANK_SCORE,IN_DEGREE_CENTRALITY,BUST_OUT_UTILIZATION,STRUCTURING_OVERPAYMENT_FLAG,AUTH_DOWNGRADE_RISK
1316173,44,1,1.0,"Flagged due to: unusual combination of high transaction amount and long inactivity period (combined score: 88.54), and unusual combination of high transaction amount shortly after a security credential update (combined score: 0.00), and long inactivity period (182.3 days since last transaction).","DAYS_AMOUNT_COMBINED (+3.3401), SEC_AMOUNT_COMBINED (+0.9197), DAYS_SINCE_LAST_TRANS (+0.6452)","DAYS_SINCE_LAST_TRANS × BALANCE_COVERAGE_RATIO (-0.7335), TRANS_HOUR × DAYS_AMOUNT_COMBINED (+0.2517), HOURS_SINCE_SEC_EVENT × SEC_AMOUNT_COMBINED (+0.1942)","TRANS_AMOUNT: 23,900,000.00 -> 39,066.89 (-23,860,933.11)",Transfer,Within_bank,2019-12-12,Thu,20,1,23900000.0,479765,8e40262350fa0078,Android,30.213.xx.xx (NA),M,2019-04-04,1990-08-08,0,2019-04-04,BRANCH,1,SMART_OTP,Working,23900000.0,1,23900000.0,1,23900000.0,1,23900000.0,1,23900000.0,1,23900000.0,1,956799.0944444444,8333333.333333333,3,182.33333333333334,1,0.0,LOGIN_FACEID,0.47619036281181837,42.0,0.0,-1.509743283632709,1,0.7112214308695028,0.0,0.8744,0,0.0
126485,68,1,1.0,"Flagged due to: transaction amount is 20.7x higher than historical average, and transaction amount is 15.2x higher than 30-day average transaction size, and transaction amount covers 19.3x monthly average balance.","TRANS_AMOUNT_Z_SCORE (+3.8512), TRANS_AMOUNT_VS_30D_AVG_RATIO (+1.0933), BALANCE_COVERAGE_RATIO (+1.0080)","TRANS_AMOUNT_Z_SCORE × BALANCE_COVERAGE_RATIO (+0.3727), HIST_BIOMETRIC_RATIO × TRANS_AMOUNT_Z_SCORE (-0.2574), TRANS_HOUR × TRANS_AMOUNT_Z_SCORE (+0.2305)","TRANS_AMOUNT: 50,000,000.00 -> 19,252,061.84 (-30,747,938.16)",Transfer,Within_bank,2019-11-16,Sat,11,1,50000000.0,4096,f511fa8d8fb28042,Android,199.67.xx.xx (HN),F,2019-02-28,1990-05-20,0,2019-02-28,BRANCH,1,SMART_OTP,Working,50000000.0,1,50000000.0,1,53562000.0,3,77723655.0,10,86333655.0,15,141865273.0,43,2590897.7536363634,2419415.565217391,253,0.5,3,1961.0,LOGIN,0.0,218.0,0.019460279710609454,-1.2412287000063138,1,0.8480943411107081,6.679006927084327e-05,0.0,0,0.0
126455,68,1,1.0,"Flagged due to: transaction amount is 15.7x higher than historical average, and transaction amount is 9.1x higher than 30-day average transaction size, and transaction amount covers 14.7x monthly average balance.","TRANS_AMOUNT_Z_SCORE (+3.7614), TRANS_AMOUNT_VS_30D_AVG_RATIO (+1.0441), BALANCE_COVERAGE_RATIO (+0.8197)","HIST_BIOMETRIC_RATIO × TRANS_AMOUNT_Z_SCORE (-0.2574), TRANS_HOUR × TRANS_AMOUNT_Z_SCORE (+0.2260), TRANS_AMOUNT_Z_SCORE × DAYS_AMOUNT_COMBINED (+0.2155)","TRANS_AMOUNT: 38,080,000.00 -> 23,309,263.00 (-14,770,737.00)",Transfer,Within_bank,2019-11-16,Sat,14,2,38080000.0,151934,f511fa8d8fb28042,Android,226.135.xx.xx (HN),F,2019-02-28,1990-05-20,0,2019-02-28,BRANCH,1,SMART_OTP,Working,38080000.0,1,88080000.0,2,91642000.0,4,115803655.0,11,124413655.0,16,179565273.0,43,2590897.7536363634,2419415.565217391,253,0.125,4,1964.0,LOGIN,0.0,220.0,0.019460279710609454,-1.2412287000063138,2,0.8480943411107081,6.679006927084327e-05,0.0,0,0.0
126457,68,1,1.0,"Flagged due to: transaction amount is 16.5x higher than historical average, and transaction amount is 8.4x higher than 30-day average transaction size, and transaction amount covers 15.4x monthly average balance.","TRANS_AMOUNT_Z_SCORE (+3.7561), TRANS_AMOUNT_VS_30D_AVG_RATIO (+1.1121), BALANCE_COVERAGE_RATIO (+0.8343)","HIST_BIOMETRIC_RATIO × TRANS_AMOUNT_Z_SCORE (-0.2574), TRANS_HOUR × TRANS_AMOUNT_Z_SCORE (+0.2421), TRANS_AMOUNT_Z_SCORE × DAYS_AMOUNT_COMBINED (+0.1994)","TRANS_AMOUNT: 40,000,000.00 -> 23,309,249.88 (-16,690,750.12)",Transfer,Outside_bank,2019-11-30,Sat,15,1,40000000.0,513582,f511fa8d8fb28042,Android,199.168.xx.xx (HN),F,2019-02-28,1990-05-20,0,2019-02-28,BRANCH,1,SMART_OTP,Working,40000000.0,1,40000000.0,1,40000000.0,1,40000000.0,1,50966548.0,11,204512495.0,43,2590897.7536363634,2419415.565217391,253,3.75,1,2301.0,LOGIN,0.0,249.0,0.019460279710609454,-1.2412287000063138,1,0.8480943411107081,6.679006927084327e-05,0.0,0,0.0
941755,88,1,1.0,"Flagged due to: transaction amount is 11.4x higher than historical average, and transaction amount is 13.6x higher than 30-day average transaction size, and transaction amount covers 5.7x monthly average balance.","TRANS_AMOUNT_Z_SCORE (+4.0532), TRANS_AMOUNT_VS_30D_AVG_RATIO (+1.1581), BALANCE_COVERAGE_RATIO (+0.5317)","HIST_BIOMETRIC_RATIO × TRANS_AMOUNT_Z_SCORE (+0.3480), TRANS_AMOUNT_Z_SCORE × TRANS_AMOUNT_VS_30D_AVG_RATIO (+0.2322), TRANS_AMOUNT_Z_SCORE × DAYS_AMOUNT_COMBINED (+0.2149)","TRANS_AMOUNT: 50,000,000.00 -> 34,773,492.81 (-15,226,507.19)",Transfer,Outside_bank,2019-10-02,Wed,8,1,50000000.0,578168,d1c2a448db82b9e2,iOS,14.182.xx.xx (CT),F,2019-07-15,1997-07-05,0,2019-09-03,BRANCH,1,SMART_OTP,Commercial associate,50000000.0,1,50000000.0,1,77545000.0,7,80773000.0,9,125973222.0,23,485665129.0,132,8844481.102,4369996.853994491,363,0.4583333333333333,7,165.0,LOGIN_FINGER,0.44549760921812276,211.0,0.03889746598194539,-1.441169318574772,1,0.7112214308695028,0.0,0.0,0,0.0
941810,88,1,1.0,"Flagged due to: transaction amount is 8.6x higher than historical average, and transaction amount is 8.8x higher than 30-day average transaction size, and transaction amount covers 4.2x monthly average balance.","TRANS_AMOUNT_Z_SCORE (+3.2195), TRANS_AMOUNT_VS_30D_AVG_RATIO (+1.1581), BALANCE_COVERAGE_RATIO (+0.4811)","TRANS_AMOUNT_Z_SCORE × TRANS_AMOUNT_VS_30D_AVG_RATIO (+0.2322), HIST_BIOMETRIC_RATIO × TRANS_AMOUNT_Z_SCORE (+0.1877), TRANS_HOUR × TRANS_AMOUNT_Z_SCORE (+0.1842)","TRANS_AMOUNT: 37,439,000.00 -> 34,773,507.84 (-2,665,492.16)",Transfer,Outside_bank,2019-11-01,Fri,7,1,37439000.0,711016,d1c2a448db82b9e2,iOS,50.208.xx.xx (CT),F,2019-07-15,1997-07-05,0,2019-09-03,BRANCH,1,SMART_OTP,Commercial associate,37439000.0,1,37439000.0,1,107223580.0,14,114711580.0,18,136814840.0,26,630521972.0,149,8844481.102,4369996.853994491,363,0.375,14,19.0,LOGIN_FINGER,0.4711934059425225,486.0,0.03889746598194539,-1.441169318574772,1,0.7112214308695028,0.0,0.0,0,0.0
941638,88,1,0.9910459518432617,"Flagged due to: transaction amount is 8.6x higher than historical average, and transaction amount is 8.0x higher than 30-day average transaction size, and transaction amount covers 4.2x monthly average balance.","TRANS_AMOUNT_Z_SCORE (+3.2432), TRANS_AMOUNT_VS_30D_AVG_RATIO (+1.1275), BALANCE_COVERAGE_RATIO (+0.4802)","TRANS_AMOUNT_Z_SCORE × TRANS_AMOUNT_VS_30D_AVG_RATIO (+0.2322), TRANS_HOUR × TRANS_AMOUNT_Z_SCORE (+0.2124), HIST_BIOMETRIC_RATIO × TRANS_AMOUNT_Z_SCORE (+0.2014)","TRANS_AMOUNT: 37,510,000.00 -> 34,773,524.56 (-2,736,475.44)",Transfer,Outside_bank,2019-11-06,Wed,9,5,37510000.0,88868,d1c2a448db82b9e2,iOS,204.26.xx.xx (CT),F,2019-07-15,1997-07-05,0,2019-09-03,BRANCH,1,SMART_OTP,Commercial associate,41798000.0,3,41798000.0,3,73862000.0,8,116977525.0,15,346538455.0,49,699978961.0,150,8844481.102,4369996.853994491,363,0.041666666666666664,7,141.0,LOGIN_FINGER,0.4734917646528014,547.0,0.03889746598194539,-1.441169318574772,2,0.7112214308695028,0.0,0.0,0,0.0
941739,88,1,1.0,"Flagged due to: transaction amount is 9.6x higher than historical average, and transaction amount is 6.8x higher than 30-day average transaction size, and transaction amount covers 4.7x monthly average balance.","TRANS_AMOUNT_Z_SCORE (+3.2368), TRANS_AMOUNT_VS_30D_AVG_RATIO (+1.0767), BALANCE_COVERAGE_RATIO (+0.4723)","TRANS_HOUR × TRANS_AMOUNT_Z_SCORE (+0.2089), TRANS_AMOUNT_Z_SCORE × TRANS_AMOUNT_VS_30D_AVG_RATIO (+0.2008), HIST_BIOMETRIC_RATIO × TRANS_AMOUNT_Z_SCORE (+0.1988)","TRANS_AMOUNT: 42,000,000.00 -> 34,773,519.52 (-7,226,480.48)",Transfer,Outside_bank,2019-11-27,Wed,8,6,42000000.0,581381,d1c2a448db82b9e2,iOS,10.16.xx.xx (CT),F,2019-07-15,1997-07-05,0,2019-09-03,BRANCH,1,SMART_OTP,Commercial associate,42000000.0,1,42000000.0,1,45100000.0,4,45100000.0,4,57883900.0,6,470143187.0,76,8844481.102,4369996.853994491,363,0.5416666666666666,4,644.0,LOGIN,0.47791797353441684,634.0,0.03889746598194539,-1.441169318574772,1,0.7112214308695028,0.0,0.0,0,0.0
941695,88,1,1.0,"Flagged due to: transaction amount is 9.2x higher than historical average, and transaction amount is 6.5x higher than 30-day average transaction size, and transaction amount covers 4.5x monthly average balance.","TRANS_AMOUNT_Z_SCORE (+3.1865), TRANS_AMOUNT_VS_30D_AVG_RATIO (+1.0789), BALANCE_COVERAGE_RATIO (+0.4761)","TRANS_HOUR × TRANS_AMOUNT_Z_SCORE (+0.2248), TRANS_AMOUNT_Z_SCORE × TRANS_AMOUNT_VS_30D_AVG_RATIO (+0.2008), HIST_BIOMETRIC_RATIO × TRANS_AMOUNT_Z_SCORE (+0.1988)","TRANS_AMOUNT: 40,000,000.00 -> 34,773,521.42 (-5,226,478.58)",Transfer,Outside_bank,2019-12-03,Tue,8,1,40000000.0,578140,d1c2a448db82b9e2,iOS,238.125.xx.xx (CT),F,2019-07-15,1997-07-05,0,2019-09-03,BRANCH,1,SMART_OTP,Commercial associate,40000000.0,1,40000000.0,1,40000000.0,1,40000000.0,1,86216000.0,7,289763377.0,47,8844481.102,4369996.853994491,363,5.041666666666667,1,788.0,LOGIN,0.47846153110059186,650.0,0.03889746598194539,-1.441169318574772,1,0.7112214308695028,0.0,0.0,0,0.0
941864,88,1,1.0,"Flagged due to: transaction amount is 12.9x higher than historical average, and transaction amount is 4.9x higher than 30-day average transaction size, and transaction amount covers 6.4x monthly average balance.","TRANS_AMOUNT_Z_SCORE (+3.6846), TRANS_AMOUNT_VS_30D_AVG_RATIO (+0.6070), BALANCE_COVERAGE_RATIO (+0.5669)","HIST_BIOMETRIC_RATIO × TRANS_AMOUNT_Z_SCORE (+0.3251), TRANS_HOUR × TRANS_AMOUNT_Z_SCORE (+0.2246), TRANS_AMOUNT_VS_30D_AVG_RATIO × DAYS_AMOUNT_COMBINED (+0.1769)","TRANS_AMOUNT: 56,520,000.00 -> 42,101,626.05 (-14,418,373.95)",Transfer,Outside_bank,2019-12-09,Mon,11,14,56520000.0,483817,d1c2a448db82b9e2,iOS,41.119.xx.xx (CT),F,2019-07-15,1997-07-05,0,2019-09-03,BRANCH,1,SMART_OTP,Commercial associate,56520000.0,1,56520000.0,1,56520000.0,1,56520000.0,1,96520000.0,2,171756852.0,15,8844481.102,4369996.853994491,363,6.125,1,935.0,LOGIN_FINGER,0.477929977504871,657.0,0.03889746598194539,-1.441169318574772,1,0.7112214308695028,0.0,0.0,0,0.0
941740,88,1,1.0,"Flagged due to: transaction amount is 11.6x higher than historical average, and transaction amount is 5.6x higher than 30-day average transaction size, and transaction amount covers 5.7x monthly average balance.","TRANS_AMOUNT_Z_SCORE (+4.0218), TRANS_AMOUNT_VS_30D_AVG_RATIO (+0.7009), BALANCE_COVERAGE_RATIO (+0.5181)","HIST_BIOMETRIC_RATIO × TRANS_AMOUNT_Z_SCORE (+0.3636), TRANS_HOUR × TRANS_AMOUNT_Z_SCORE (+0.2646), TRANS_AMOUNT_Z_SCORE × DAYS_AMOUNT_COMBINED (+0.2166)","TRANS_AMOUNT: 50,600,000.00 -> 41,824,371.34 (-8,775,628.66)",Transfer,Outside_bank,2019-12-25,Wed,10,8,50600000.0,50420,d1c2a448db82b9e2,iOS,235.151.xx.xx (CT),F,2019-07-15,1997-07-05,0,2019-09-03,BRANCH,1,SMART_OTP,Commercial associate,50600000.0,1,50600000.0,1,58600000.0,3,59690000.0,5,61280000.0,11,207759030.0,23,8844481.102,4369996.853994491,363,0.7916666666666666,3,1318.0,LOGIN_FINGER,0.47838616025380176,694.0,0.03889746598194539,-1.441169318574772,1,0.7112214308695028,0.0,0.0,0,0.0
1392589,107,1,0.9999866485595703,"Flagged due to: transaction amount covers 174.3x monthly average balance, and unusual combination of high transaction amount shortly after a security credential update (combined score: 0.00), and sudden 7d spending volume spike relative to 30 days (ratio: 100.0%).","BALANCE_COVERAGE_RATIO (+2.8399), SEC_AMOUNT_COMBINED (+0.7792), VELOCITY_RATIO_AMOUNT_7D_VS_30D (+0.3627)","TRANS_HOUR × BALANCE_COVERAGE_RATIO (+0.2412), HOURS_SINCE_SEC_EVENT × SEC_AMOUNT_COMBINED (+0.1872), DAYS_AMOUNT_COMBINED × SEC_AMOUNT_COMBINED (+0.1389)","TRANS_AMOUNT: 20,100,000.00 -> 10,412,751.39 (-9,687,248.61)",Transfer,Outside_bank,2019-08-16,Fri,15,1,20100000.0,518858,b3068da5612a86f5,iOS,115.102.xx.xx (HP),M,2019-08-05,1999-07-24,0,2019-08-06,BRANCH,0,SMART_OTP,Unemployed,20100000.0,1,20100000.0,1,20100000.0,1,20100000.0,1,20100000.0,1,20100000.0,1,115295.11000000002,10113000.0,2,10.625,1,0.0,LOGIN,0.0,1.0,0.0,-1.0859987458586398,1,0.7112214308695028,0.0,0.0,0,0.0
959033,135,1,0.7855538129806519,"Flagged due to: unusual combination of high transaction amount and long inactivity period (combined score: 59.79), and unusual combination of high transaction amount shortly after a security credential update (combined score: 11.17), and transaction amount covers 17.8x monthly average balance.","DAYS_AMOUNT_COMBINED (+1.8784), SEC_AMOUNT_COMBINED (+0.9321), BALANCE_COVERAGE_RATIO (+0.8109)","TRANS_AMOUNT_Z_SCORE × DAYS_AMOUNT_COMBINED (+0.3754), TRANS_HOUR × DAYS_AMOUNT_COMBINED (+0.2495), HOURS_SINCE_SEC_EVENT × SEC_AMOUNT_COMBINED (+0.2000)","TRANS_AMOUNT: 10,000,000.00 -> 2,825,841.90 (-7,174,158.10)",Transfer,Within_bank,2019-12-16,Mon,9,2,10000000.0,832548,0dfb3ad3dc59304e,Android,101.166.xx.xx (HCM),M,2019-07-24,1986-10-20,0,2019-07-25,BRANCH,1,SMART_OTP,Working,10000000.0,1,10000000.0,1,10000000.0,1,10000000.0,1,10000000.0,1,10000000.0,1,561351.0333333333,10230000.0,10,39.833333333333336,1,1.0,LOGIN,0.4705881430219327,51.0,0.0,-1.3626830247620028,1,0.7112214308695028,0.0,0.0,0,0.0
970991,143,1,1.0,"Flagged due to: transaction amount covers 318.2x monthly average balance, and transaction amount is 5.9x higher than historical average, and sudden 7d spending volume spike relative to 30 days (ratio: 100.0%).","BALANCE_COVERAGE_RATIO (+2.9507), TRANS_AMOUNT_Z_SCORE (+1.6939), VELOCITY_RATIO_AMOUNT_7D_VS_30D (+0.3369)","TRANS_AMOUNT_Z_SCORE × BALANCE_COVERAGE_RATIO (+0.3301), TRANS_HOUR × BALANCE_COVERAGE_RATIO (+0.2198), TRANS_HOUR × TRANS_AMOUNT_Z_SCORE (+0.2055)","TRANS_AMOUNT: 33,000,000.00 -> 20,374,394.42 (-12,625,605.58)",Transfer,Outside_bank,2019-09-11,Wed,12,1,33000000.0,789505,a76aa9fbb10444f9,iOS,5.117.xx.xx (HP),F,2019-09-10,1982-12-24,0,2019-09-10,BRANCH,1,SMART_OTP,Working,33000000.0,1,33000000.0,1,33000000.0,1,33000000.0,1,33000000.0,1,33000000.0,1,103723.49,5556666.666666667,6,1.5,1,17.0,LOGIN,0.0,3.0,0.0,-1.5102239753915914,1,0.7112214308695028,0.0,0.0,0,0.0
1412401,227,1,0.6442570090293884,"Flagged due to: unusual combination of high transaction amount and long inactivity period (combined score: 68.78), and transaction amount covers 28.9x monthly average balance, and sudden 7d spending volume spike relative to 30 days (ratio: 100.0%).","DAYS_AMOUNT_COMBINED (+2.6289), BALANCE_COVERAGE_RATIO (+0.8669), VELOCITY_RATIO_AMOUNT_7D_VS_30D (+0.2690)","TRANS_AMOUNT_Z_SCORE × DAYS_AMOUNT_COMBINED (+0.3850), TRANS_HOUR × DAYS_AMOUNT_COMBINED (+0.2721), TRANS_HOUR × BALANCE_COVERAGE_RATIO (+0.1731)","TRANS_AMOUNT: 47,950,000.00 -> 32,676,345.35 (-15,273,654.65)",Transfer,Outside_bank,2019-12-04,Wed,10,1,47950000.0,2944,12302cd47a5982ee,iOS,129.23.xx.xx (HP),M,2019-09-19,1978-12-11,0,2019-09-19,BRANCH,0,SMART_OTP,State servant,47950000.0,1,47950000.0,1,47950000.0,1,47950000.0,1,47950000.0,1,47950000.0,1,1661362.5,48425000.0,2,47.875,1,1815.0,LOGIN,0.299999850000075,20.0,0.0,-1.0463935568080418,1,0.7112214308695028,0.0,0.0,0,0.0
1391923,317,1,0.7026116847991943,"Flagged due to: transaction amount covers 78.3x monthly average balance, and unusual combination of high transaction amount and long inactivity period (combined score: 51.57), and recent security credential modification (5158.0 hours ago).","BALANCE_COVERAGE_RATIO (+1.5356), DAYS_AMOUNT_COMBINED (+1.3759), HOURS_SINCE_SEC_EVENT (+0.4946)","TRANS_HOUR × DAYS_AMOUNT_COMBINED (+0.2377), TRANS_HOUR × BALANCE_COVERAGE_RATIO (+0.1819), BALANCE_COVERAGE_RATIO × DAYS_AMOUNT_COMBINED (+0.1660)","TRANS_AMOUNT: 2,950,000.00 -> 2,085,894.11 (-864,105.89)",Payment,Credit_card_repayment,2019-11-24,Sun,8,1,2950000.0,NaN,8a0b7ce21d15a325,Android,95.234.xx.xx (HN),F,2019-04-22,1982-09-03,0,2019-04-23,BRANCH,0,SMART_OTP,Working,2950000.0,1,2950000.0,1,2950000.0,1,2950000.0,1,2950000.0,1,2950000.0,1,37697.706666666665,2105881.5714285714,7,30.875,0,5158.0,LOGIN,0.06451610822061025,31.0,0.0,-1.0845402446682986,1,0.7112214308695028,0.0,0.625875,0,0.0
1391922,317,1,0.6328967213630676,"Flagged due to: transaction amount covers 69.0x monthly average balance, and unusual combination of high transaction amount and long inactivity period (combined score: 51.36), and recent security credential modification (5911.0 hours ago).","BALANCE_COVERAGE_RATIO (+1.5383), DAYS_AMOUNT_COMBINED (+1.3621), HOURS_SINCE_SEC_EVENT (+0.6249)","TRANS_HOUR × DAYS_AMOUNT_COMBINED (+0.1991), TRANS_HOUR × BALANCE_COVERAGE_RATIO (+0.1976), HOURS_SINCE_SEC_EVENT × BALANCE_COVERAGE_RATIO (-0.1662)","TRANS_AMOUNT: 2,600,000.00 -> 2,504,566.96 (-95,433.04)",Payment,Credit_card_repayment,2019-12-25,Wed,17,1,2600000.0,NaN,8a0b7ce21d15a325,Android,10.104.xx.xx (HP),F,2019-04-22,1982-09-03,0,2019-04-23,BRANCH,0,SMART_OTP,Working,2600000.0,1,2600000.0,1,2600000.0,1,2600000.0,1,2600000.0,1,2600000.0,1,37697.706666666665,2105881.5714285714,7,31.375,0,5911.0,LOGIN,0.05263156509695655,38.0,0.0,-1.0845402446682986,1,0.7112214308695028,0.0,0.625875,0,0.0
90144,331,1,0.7151470184326172,"Flagged due to: unusual combination of high transaction amount and long inactivity period (combined score: 60.68), and unusual combination of high transaction amount shortly after a security credential update (combined score: 0.00), and improbable sequential activity transition pattern (score: -2.509).","DAYS_AMOUNT_COMBINED (+1.7013), SEC_AMOUNT_COMBINED (+0.8757), ACTIVITY_SEQ_RARITY (+0.7192)","TRANS_HOUR × DAYS_AMOUNT_COMBINED (+0.2182), HOURS_SINCE_SEC_EVENT × SEC_AMOUNT_COMBINED (+0.1998), DAYS_AMOUNT_COMBINED × SEC_AMOUNT_COMBINED (+0.1671)","TRANS_AMOUNT: 12,000,000.00 -> 10,699,150.09 (-1,300,849.91)",Transfer,Outside_bank,2019-03-06,Wed,9,2,12000000.0,63398,925ef76ab4877be6,iOS,196.198.xx.xx (HCM),M,2019-01-16,1992-01-07,0,2019-01-25,BRANCH,1,SMS,Unemployed,12000000.0,1,12000000.0,1,12000000.0,1,12000000.0,1,12000000.0,1,12000000.0,1,3490298.725,6480000.0,3,40.375,1,0.0,LOGIN,0.0,0.0,0.0,-2.5092054678419475,1,0.831731947333013,4.770719233631662e-05,0.0,0,0.0
899925,386,1,0.7539021968841553,"Flagged due to: transaction amount is 22.6x higher than historical average, and transaction amount is 13.7x higher than 30-day average transaction size, and sudden 7d spending volume spike relative to 30 days (ratio: 92.1%).","TRANS_AMOUNT_Z_SCORE (+3.5814), TRANS_AMOUNT_VS_30D_AVG_RATIO (+0.8960), VELOCITY_RATIO_AMOUNT_7D_VS_30D (+0.1735)","TRANS_HOUR × TRANS_AMOUNT_Z_SCORE (+0.3148), TRANS_AMOUNT_Z_SCORE × TRANS_AMOUNT_VS_30D_AVG_RATIO (+0.2322), HIST_BIOMETRIC_RATIO × TRANS_AMOUNT_Z_SCORE (-0.2189)","TRANS_AMOUNT: 380,000,000.00 -> 161,942,920.68 (-218,057,079.32)",Transfer,Within_bank,2019-10-21,Mon,9,1,380000000.0,456015,3e018f4a5817a5c1,Android,40.87.xx.xx (HCM),F,2019-08-12,1989-04-24,0,2019-08-12,BRANCH,1,SMART_OTP,Working,380000000.0,1,380000000.0,1,380550000.0,2,380550000.0,2,383615000.0,5,416432414.0,15,114440623.53400001,16809085.8,70,0.6666666666666666,2,1670.0,LOGIN,0.0,41.0,0.061351446143111873,-1.0341287827195147,1,0.7112214308695028,0.0,0.0,0,0.0
1182733,470,1,0.9527018666267395,"Flagged due to: unusual combination of high transaction amount and long inactivity period (combined score: 74.95), and transaction amount covers 13.6x monthly average balance, and sudden 24h spending volume spike relative to 7 days (ratio: 100.0%).","DAYS_AMOUNT_COMBINED (+2.9817), BALANCE_COVERAGE_RATIO (+0.6574), VELOCITY_RATIO_AMOUNT_24H_VS_7D (+0.2674)","TRANS_AMOUNT_Z_SCORE × DAYS_AMOUNT_COMBINED (-0.6202), TRANS_HOUR × DAYS_AMOUNT_COMBINED (+0.1941), TRANS_AMOUNT_Z_SCORE × BALANCE_COVERAGE_RATIO (-0.1515)","TRANS_AMOUNT: 50,000,000.00 -> 12,193,918.23 (-37,806,081.77)",Transfer,Outside_bank,2019-05-08,Wed,14,1,50000000.0,69129,b329404247ca5b68,Android,204.70.xx.xx (HN),M,2019-02-14,1985-08-23,0,2019-03-02,BRANCH,0,SMS,State servant,50000000.0,1,50000000.0,1,50000000.0,1,50000000.0,1,50000000.0,1,50000000.0,1,3666343.766363636,12919000.0,18,67.58333333333333,1,1612.0,LOGIN,0.4891304081994343,184.0,0.0,-0.795191579133574,1,0.7112214308695028,0.0,0.0,0,1.0
1182730,470,1,0.7556762099266052,"Flagged due to: unusual combination of high transaction amount and long inactivity period (combined score: 68.15), and long inactivity period (82.0 days since last transaction), and recent security credential modification (5208.0 hours ago).","DAYS_AMOUNT_COMBINED (+2.6648), DAYS_SINCE_LAST_TRANS (+0.7314), HOURS_SINCE_SEC_EVENT (+0.5340)","TRANS_AMOUNT_Z_SCORE × DAYS_AMOUNT_COMBINED (+0.3651), TRANS_HOUR × DAYS_AMOUNT_COMBINED (+0.2769), TRANS_AMOUNT_VS_30D_AVG_RATIO × DAYS_AMOUNT_COMBINED (-0.1344)","TRANS_AMOUNT: 5,000,000.00 -> 1,091,299.06 (-3,908,700.94)",Transfer,Outside_bank,2019-10-05,Sat,10,1,5000000.0,379135,b329404247ca5b68,Android,127.130.xx.xx (HN),M,2019-02-14,1985-08-23,0,2019-03-02,BRANCH,0,SMS,State servant,5000000.0,1,5000000.0,1,5000000.0,1,5000000.0,1,5000000.0,1,5000000.0,1,3666343.766363636,12919000.0,18,81.95833333333333,1,5208.0,LOGIN_FINGER,0.4830339224943329,501.0,0.0,-0.795191579133574,1,0.7112214308695028,0.0,0.0,0,0.0
989774,471,1,0.905461847782135,"Flagged due to: unusual combination of high transaction amount and long inactivity period (combined score: 71.35), and transaction amount covers 4.1x monthly average balance, and sudden 7d spending volume spike relative to 30 days (ratio: 100.0%).","DAYS_AMOUNT_COMBINED (+3.3440), BALANCE_COVERAGE_RATIO (+0.3859), VELOCITY_RATIO_AMOUNT_7D_VS_30D (+0.3013)","TRANS_HOUR × DAYS_AMOUNT_COMBINED (+0.2925), TRANS_AMOUNT_Z_SCORE × BALANCE_COVERAGE_RATIO (-0.1127), VELOCITY_RATIO_AMOUNT_24H_VS_7D × DAYS_AMOUNT_COMBINED (+0.1098)","TRANS_AMOUNT: 150,000,000.00 -> 78,667,259.22 (-71,332,740.78)",Transfer,Within_bank,2019-07-18,Thu,6,2,150000000.0,483817,65ca5ccec5b9d966,iOS,223.82.xx.xx (HCM),F,2019-06-05,1981-09-08,0,2019-06-05,BRANCH,1,SMS,State servant,150000000.0,1,150000000.0,1,150000000.0,1,150000000.0,1,150000000.0,1,150000000.0,1,36690057.17285714,69960000.0,10,43.25,1,993.0,LOGIN,0.0,0.0,0.0,-1.0106583811507186,1,0.7112214308695028,0.0,0.6433421052631579,0,0.0
646993,482,1,0.7994921207427979,"Flagged due to: unusual behavior in feature 'TRANS_HOUR' (value: 1.00), and transaction amount is 2.8x higher than historical average, and unusual behavior in feature 'HIST_BIOMETRIC_RATIO' (value: 0.38).","TRANS_HOUR (+3.9292), TRANS_AMOUNT_Z_SCORE (+0.4600), HIST_BIOMETRIC_RATIO (+0.1863)","TRANS_HOUR × TRANS_AMOUNT_Z_SCORE (+0.6319), TRANS_HOUR × VELOCITY_RATIO_AMOUNT_7D_VS_30D (-0.3448), TRANS_HOUR × TRANS_AMOUNT_VS_30D_AVG_RATIO (+0.2183)","TRANS_AMOUNT: 3,000,000.00 -> 1,773,922.92 (-1,226,077.08)",Transfer,Outside_bank,2019-07-21,Sun,1,1,3000000.0,90633,8de02a9913262131,Web,168.55.xx.xx (CT),M,2019-05-20,1997-10-06,0,2019-05-20,BRANCH,1,SMART_OTP,Working,3000000.0,1,3000000.0,1,3000000.0,1,5400000.0,3,7750000.0,7,17852000.0,15,2043493.01,1063369.5988023952,167,1.125,1,825.0,LOGIN,0.3846152366864474,26.0,0.2149680305747076,-1.3216419008590108,1,0.7921388953490791,2.8624315401789974e-05,0.0,0,1.0
646975,482,1,0.700776994228363,"Flagged due to: unusual behavior in feature 'TRANS_HOUR' (value: 2.00), and transaction amount is 1.7x higher than historical average, and unusual behavior in feature 'HIST_BIOMETRIC_RATIO' (value: 0.14).","TRANS_HOUR (+3.8212), TRANS_AMOUNT_Z_SCORE (+0.1704), HIST_BIOMETRIC_RATIO (+0.1531)","TRANS_HOUR × TRANS_AMOUNT_Z_SCORE (+0.4851), TRANS_HOUR × VELOCITY_RATIO_AMOUNT_7D_VS_30D (-0.3826), TRANS_HOUR × DAYS_AMOUNT_COMBINED (+0.3562)","TRANS_AMOUNT: 1,800,000.00 -> 1,346,338.46 (-453,661.54)",Transfer,Outside_bank,2019-09-11,Wed,2,1,1800000.0,883365,a6c14c0d86c6a1ed,Android,110.59.xx.xx (HN),M,2019-05-20,1997-10-06,0,2019-05-20,BRANCH,1,SMART_OTP,Working,3801000.0,2,3801000.0,2,3801000.0,2,3801000.0,2,8901000.0,4,25231000.0,24,2043493.01,1063369.5988023952,167,5.291666666666667,1,2074.0,LOGIN,0.14492751522789635,69.0,0.2149680305747076,-1.3216419008590108,1,0.7921388953490791,2.8624315401789974e-05,0.0,0,0.0
646976,482,1,0.7264732122421265,"Flagged due to: unusual behavior in feature 'TRANS_HOUR' (value: 2.00), and transaction amount is 1.9x higher than historical average, and unusual behavior in feature 'HIST_BIOMETRIC_RATIO' (value: 0.14).","TRANS_HOUR (+3.7347), TRANS_AMOUNT_Z_SCORE (+0.4495), HIST_BIOMETRIC_RATIO (+0.1578)","TRANS_HOUR × TRANS_AMOUNT_Z_SCORE (+0.6483), TRANS_HOUR × VELOCITY_RATIO_AMOUNT_7D_VS_30D (-0.3800), TRANS_HOUR × TRANS_AMOUNT_VS_30D_AVG_RATIO (+0.2026)","TRANS_AMOUNT: 2,001,000.00 -> 1,773,923.48 (-227,076.52)",Transfer,Within_bank,2019-09-11,Wed,2,1,2001000.0,692656,a6c14c0d86c6a1ed,Android,152.24.xx.xx (HN),M,2019-05-20,1997-10-06,0,2019-05-20,BRANCH,1,SMART_OTP,Working,3801000.0,2,3801000.0,2,3801000.0,2,3801000.0,2,8901000.0,4,25231000.0,24,2043493.01,1063369.5988023952,167,0.0,2,2074.0,LOGIN,0.14492751522789635,69.0,0.2149680305747076,-1.3216419008590108,2,0.7921388953490791,2.8624315401789974e-05,0.0,0,0.0
646922,482,1,1.0,"Flagged due to: transaction amount is 10.6x higher than historical average, and transaction amount covers 5.5x monthly average balance, and transaction amount is 5.1x higher than 30-day average transaction size.","TRANS_AMOUNT_Z_SCORE (+3.9885), BALANCE_COVERAGE_RATIO (+0.5847), TRANS_AMOUNT_VS_30D_AVG_RATIO (+0.5286)","HIST_BIOMETRIC_RATIO × TRANS_AMOUNT_Z_SCORE (+0.3305), TRANS_HOUR × TRANS_AMOUNT_Z_SCORE (+0.2711), TRANS_AMOUNT_Z_SCORE × DAYS_AMOUNT_COMBINED (+0.2063)","TRANS_AMOUNT: 11,251,000.00 -> 8,732,804.19 (-2,518,195.81)",Transfer,Outside_bank,2019-10-05,Sat,11,3,11251000.0,897753,a6c14c0d86c6a1ed,Android,194.101.xx.xx (HN),M,2019-05-20,1997-10-06,0,2019-05-20,BRANCH,1,SMART_OTP,Working,11451000.0,2,11451000.0,2,11451000.0,2,11451000.0,2,12451000.0,3,37282000.0,17,2043493.01,1063369.5988023952,167,3.75,1,2659.0,LOGIN,0.11494251552384879,87.0,0.2149680305747076,-1.3216419008590108,1,0.7921388953490791,2.8624315401789974e-05,0.0,0,0.0
646997,482,1,0.8123304843902588,"Flagged due to: unusual behavior in feature 'TRANS_HOUR' (value: 1.00), and transaction amount is 2.3x higher than historical average, and unusual behavior in feature 'HIST_BIOMETRIC_RATIO' (value: 0.11).","TRANS_HOUR (+3.9530), TRANS_AMOUNT_Z_SCORE (+0.4408), HIST_BIOMETRIC_RATIO (+0.1422)","TRANS_HOUR × TRANS_AMOUNT_Z_SCORE (+0.6319), TRANS_HOUR × VELOCITY_RATIO_AMOUNT_7D_VS_30D (-0.3448), TRANS_HOUR × TRANS_AMOUNT_VS_30D_AVG_RATIO (+0.2183)","TRANS_AMOUNT: 2,400,000.00 -> 1,818,475.34 (-581,524.66)",Transfer,Outside_bank,2019-10-07,Mon,1,1,2400000.0,895071,a6c14c0d86c6a1ed,Android,242.248.xx.xx (HN),M,2019-05-20,1997-10-06,0,2019-05-20,BRANCH,1,SMART_OTP,Working,2400000.0,1,2400000.0,1,8450000.0,2,22401000.0,5,23401000.0,6,43132000.0,18,2043493.01,1063369.5988023952,167,0.4166666666666667,2,2697.0,LOGIN,0.11111109876543347,90.0,0.2149680305747076,-1.3216419008590108,1,0.7921388953490791,2.8624315401789974e-05,0.0,0,0.0
1072748,484,1,0.8250859379768372,"Flagged due to: unusual behavior in feature 'TRANS_HOUR' (value: 0.00), and unusual behavior in feature 'HIST_BIOMETRIC_RATIO' (value: 0.50), and sudden 24h spending volume spike relative to 7 days (ratio: 100.0%).","TRANS_HOUR (+4.1066), HIST_BIOMETRIC_RATIO (+0.2561), VELOCITY_RATIO_AMOUNT_24H_VS_7D (+0.2083)","TRANS_HOUR × DAYS_AMOUNT_COMBINED (+0.4330), TRANS_HOUR × VELOCITY_RATIO_AMOUNT_7D_VS_30D (-0.3485), TRANS_HOUR × BALANCE_COVERAGE_RATIO (+0.2250)",,Transfer,Outside_bank,2019-08-29,Thu,0,1,2000000.0,191343,285693dc46ca88fa,Android,188.32.xx.xx (NA),M,2019-06-24,1993-10-11,0,2019-06-25,BRANCH,1,SMART_OTP,Working,2000000.0,1,2000000.0,1,2000000.0,1,2000000.0,1,2000000.0,1,4541000.0,4,8056499.062857143,4645096.153846154,104,7.208333333333333,1,999.0,LOGIN,0.49999989130437145,46.0,0.19655106327844615,-1.166028856773688,1,0.7112214308695028,0.0,0.0,0,0.0
1072749,484,1,0.6047934293746948,"Flagged due to: unusual behavior in feature 'TRANS_HOUR' (value: 0.00), and unusual behavior in feature 'HIST_BIOMETRIC_RATIO' (value: 0.50), and transaction amount is 1.8x higher than 30-day average transaction size.","TRANS_HOUR (+4.2190), HIST_BIOMETRIC_RATIO (+0.1812), TRANS_AMOUNT_VS_30D_AVG_RATIO (+0.0872)","TRANS_HOUR × DAYS_AMOUNT_COMBINED (+0.4404), TRANS_HOUR × VELOCITY_RATIO_AMOUNT_7D_VS_30D (-0.3603), TRANS_HOUR × VELOCITY_RATIO_AMOUNT_24H_VS_7D (+0.2531)","TRANS_AMOUNT: 3,000,000.00 -> 2,673,365.59 (-326,634.41)",Transfer,Outside_bank,2019-09-18,Wed,0,1,3000000.0,757012,285693dc46ca88fa,Android,92.111.xx.xx (NA),M,2019-06-24,1993-10-11,0,2019-06-25,BRANCH,1,SMART_OTP,Working,3000000.0,1,3000000.0,1,3000000.0,1,3000000.0,1,4000000.0,2,10041000.0,6,8056499.062857143,4645096.153846154,104,3.3333333333333335,1,999.0,LOGIN,0.4999999375000078,80.0,0.19655106327844615,-1.166028856773688,1,0.7112214308695028,0.0,0.0,0,0.0
1072765,484,1,0.6435261964797974,"Flagged due to: transaction amount is 7.8x higher than historical average, and transaction amount is 9.0x higher than 30-day average transaction size, and transaction amount covers 4.5x monthly average balance.","TRANS_AMOUNT_Z_SCORE (+2.1763), TRANS_AMOUNT_VS_30D_AVG_RATIO (+1.1305), BALANCE_COVERAGE_RATIO (+0.4799)","TRANS_AMOUNT_Z_SCORE × TRANS_AMOUNT_VS_30D_AVG_RATIO (+0.2431), TRANS_AMOUNT_Z_SCORE × DAYS_AMOUNT_COMBINED (+0.1814), TRANS_HOUR × TRANS_AMOUNT_VS_30D_AVG_RATIO (+0.1776)","TRANS_AMOUNT: 36,209,000.00 -> 32,760,916.81 (-3,448,083.19)",Transfer,Outside_bank,2019-10-12,Sat,20,2,36209000.0,909622,285693dc46ca88fa,Android,120.47.xx.xx (NA),M,2019-06-24,1993-10-11,0,2019-06-25,BRANCH,1,SMART_OTP,Working,36209000.0,1,36209000.0,1,36209000.0,1,42809000.0,4,67109000.0,13,84109000.0,21,8056499.062857143,4645096.153846154,104,1.25,1,999.0,LOGIN,0.49655168989298687,145.0,0.19655106327844615,-1.166028856773688,1,0.7112214308695028,0.0,0.0,0,0.0
1072700,484,1,0.8391692638397217,"Flagged due to: transaction amount is 8.6x higher than historical average, and transaction amount covers 5.0x monthly average balance, and transaction amount is 5.0x higher than 30-day average transaction size.","TRANS_AMOUNT_Z_SCORE (+3.1728), BALANCE_COVERAGE_RATIO (+0.5206), TRANS_AMOUNT_VS_30D_AVG_RATIO (+0.4065)","HIST_BIOMETRIC_RATIO × TRANS_AMOUNT_Z_SCORE (+0.1877), TRANS_AMOUNT_Z_SCORE × DAYS_AMOUNT_COMBINED (+0.1835), TRANS_HOUR × TRANS_AMOUNT_Z_SCORE (+0.1795)","TRANS_AMOUNT: 40,170,000.00 -> 36,962,570.83 (-3,207,429.17)",Transfer,Outside_bank,2019-11-13,Wed,7,2,40170000.0,313365,285693dc46ca88fa,Android,207.72.xx.xx (NA),M,2019-06-24,1993-10-11,0,2019-06-25,BRANCH,1,SMART_OTP,Working,40170000.0,1,40170000.0,1,40170000.0,1,48170000.0,2,48170000.0,2,64870000.0,8,8056499.062857143,4645096.153846154,104,1.7083333333333333,1,999.0,LOGIN_FINGER,0.4911504207455566,226.0,0.19655106327844615,-1.166028856773688,1,0.7112214308695028,0.0,0.0,0,0.0
1304008,615,1,0.8493833541870117,"Flagged due to: unusual combination of high transaction amount and long inactivity period (combined score: 70.27), and long inactivity period (108.8 days since last transaction), and sudden 7d spending volume spike relative to 30 days (ratio: 100.0%).","DAYS_AMOUNT_COMBINED (+3.3184), DAYS_SINCE_LAST_TRANS (+1.0781), VELOCITY_RATIO_AMOUNT_7D_VS_30D (+0.2572)","TRANS_HOUR × DAYS_AMOUNT_COMBINED (+0.2517), DAYS_SINCE_LAST_TRANS × BALANCE_COVERAGE_RATIO (+0.2149), TRANS_AMOUNT_Z_SCORE × DAYS_AMOUNT_COMBINED (-0.1288)","TRANS_AMOUNT: 3,125,000.00 -> 2,337,267.99 (-787,732.01)",Transfer,Outside_bank,2019-10-28,Mon,19,1,3125000.0,85968,1cc41faf4bc8811c,Android,135.165.xx.xx (HN),F,2019-07-12,1994-11-24,0,2019-07-12,BRANCH,1,SMART_OTP,Working,3125000.0,1,3125000.0,1,3125000.0,1,3125000.0,1,3125000.0,1,3125000.0,1,1738366.7566666666,1249021.2916666667,24,108.79166666666667,1,999.0,LOGIN,0.0,16.0,0.0,-1.215422611949282,1,0.7112214308695028,0.0,0.0,0,0.0
1051280,617,1,1.0,"Flagged due to: transaction amount is 15.5x higher than historical average, and transaction amount covers 13.2x monthly average balance, and unusual behavior in feature 'HIST_BIOMETRIC_RATIO' (value: 0.20).","TRANS_AMOUNT_Z_SCORE (+3.8874), BALANCE_COVERAGE_RATIO (+0.8334), HIST_BIOMETRIC_RATIO (+0.3211)","HIST_BIOMETRIC_RATIO × TRANS_AMOUNT_Z_SCORE (+0.3305), TRANS_HOUR × TRANS_AMOUNT_Z_SCORE (+0.3092), TRANS_AMOUNT_Z_SCORE × BALANCE_COVERAGE_RATIO (+0.2846)","TRANS_AMOUNT: 10,000,000.00 -> 5,135,793.69 (-4,864,206.31)",Transfer,Within_bank,2019-11-04,Mon,19,1,10000000.0,792156,b8609b8c34647c35,iOS,36.98.xx.xx (HCM),M,2019-05-14,1991-11-04,0,2019-06-03,MYbank,1,SMS,Commercial associate,10000000.0,1,10000000.0,1,10190000.0,2,10190000.0,2,10420000.0,3,10420000.0,3,759126.4185714286,645416.6666666666,24,0.9583333333333334,2,3670.0,LOGIN,0.199999960000008,50.0,0.0,-1.2187946516613175,1,0.7112214308695028,0.0,0.0,0,0.0
1086926,635,1,0.6095219254493713,"Flagged due to: transaction amount is 8.3x higher than historical average, and transaction amount covers 4.2x monthly average balance, and transaction amount is 4.8x higher than 30-day average transaction size.","TRANS_AMOUNT_Z_SCORE (+2.9818), BALANCE_COVERAGE_RATIO (+0.5105), TRANS_AMOUNT_VS_30D_AVG_RATIO (+0.4046)","TRANS_HOUR × TRANS_AMOUNT_Z_SCORE (+0.2023), TRANS_AMOUNT_Z_SCORE × DAYS_AMOUNT_COMBINED (+0.1747), HIST_BIOMETRIC_RATIO × TRANS_AMOUNT_Z_SCORE (+0.1635)","TRANS_AMOUNT: 3,000,000.00 -> 2,989,076.61 (-10,923.39)",Transfer,Outside_bank,2019-11-05,Tue,18,1,3000000.0,190094,f438f9592a249332,Android,97.6.xx.xx (DN),M,2019-09-25,2000-08-25,0,2019-10-08,BRANCH,1,SMART_OTP,Commercial associate,3000000.0,1,3300000.0,2,3300000.0,2,3300000.0,2,3300000.0,2,4339000.0,7,708308.2566666667,360930.23255813954,43,0.08333333333333333,2,667.0,LOGIN_FINGER,0.48113203008188393,106.0,0.0,-1.0823620743416151,2,0.7112214308695028,0.0,0.0,0,0.0
1086929,635,1,1.0,"Flagged due to: transaction amount is 11.5x higher than historical average, and transaction amount is 8.7x higher than 30-day average transaction size, and transaction amount covers 5.8x monthly average balance.","TRANS_AMOUNT_Z_SCORE (+4.0710), TRANS_AMOUNT_VS_30D_AVG_RATIO (+1.0800), BALANCE_COVERAGE_RATIO (+0.5195)","HIST_BIOMETRIC_RATIO × TRANS_AMOUNT_Z_SCORE (+0.3516), TRANS_HOUR × TRANS_AMOUNT_Z_SCORE (+0.2476), TRANS_AMOUNT_Z_SCORE × TRANS_AMOUNT_VS_30D_AVG_RATIO (+0.2322)","TRANS_AMOUNT: 4,140,000.00 -> 2,872,039.72 (-1,267,960.28)",Transfer,Outside_bank,2019-12-07,Sat,16,2,4140000.0,937837,f438f9592a249332,Android,72.5.xx.xx (DN),M,2019-09-25,2000-08-25,0,2019-10-08,BRANCH,1,SMART_OTP,Commercial associate,4140000.0,1,4140000.0,1,4140000.0,1,4880000.0,6,4880000.0,6,7576000.0,16,708308.2566666667,360930.23255813954,43,1.0833333333333333,1,1433.0,LOGIN,0.48557689973187984,208.0,0.0,-1.0823620743416151,1,0.7112214308695028,0.0,0.0,0,0.0
1034951,640,1,0.7818449139595032,"Flagged due to: unusual behavior in feature 'TRANS_HOUR' (value: 5.00), and transaction amount leading digits deviation from Benford's Law (score: 0.3676), and sudden 24h spending volume spike relative to 7 days (ratio: 100.0%).","TRANS_HOUR (+2.9503), BENFORD_DEV (+0.7050), VELOCITY_RATIO_AMOUNT_24H_VS_7D (+0.2557)","TRANS_HOUR × DAYS_AMOUNT_COMBINED (+0.4179), TRANS_HOUR × TRANS_AMOUNT_Z_SCORE (+0.2988), TRANS_HOUR × VELOCITY_RATIO_AMOUNT_7D_VS_30D (-0.2646)","TRANS_AMOUNT: 1,740,000.00 -> 431,991.52 (-1,308,008.48)",Transfer,Within_bank,2019-08-22,Thu,5,1,1740000.0,513695,17317a94e3fda315,iOS,209.134.xx.xx (HCM),M,2019-04-26,1990-07-09,0,2019-06-03,BRANCH,1,SMS,Working,1740000.0,1,1740000.0,1,1740000.0,1,1740000.0,1,1740000.0,1,4770000.0,8,1329118.49875,1356661.0169491526,59,8.625,1,1915.0,LOGIN_FINGER,0.3913042911153201,69.0,0.36760838353631675,-1.1317807288531814,1,0.7112214308695028,0.0,0.0,0,0.0
1034973,640,1,1.0,"Flagged due to: transaction amount is 14.9x higher than historical average, and transaction amount is 8.1x higher than 30-day average transaction size, and transaction amount covers 15.2x monthly average balance.","TRANS_AMOUNT_Z_SCORE (+4.2164), TRANS_AMOUNT_VS_30D_AVG_RATIO (+1.0891), BALANCE_COVERAGE_RATIO (+0.7988)","HIST_BIOMETRIC_RATIO × TRANS_AMOUNT_Z_SCORE (+0.3636), TRANS_HOUR × TRANS_AMOUNT_Z_SCORE (+0.3058), TRANS_AMOUNT_Z_SCORE × BALANCE_COVERAGE_RATIO (+0.2259)","TRANS_AMOUNT: 20,150,000.00 -> 7,835,946.70 (-12,314,053.30)",Transfer,Outside_bank,2019-11-12,Tue,10,1,20150000.0,687495,17317a94e3fda315,iOS,226.6.xx.xx (HCM),M,2019-04-26,1990-07-09,0,2019-06-03,BRANCH,1,SMS,Working,20150000.0,1,20150000.0,1,20150000.0,1,20150000.0,1,24205000.0,7,24725000.0,10,1329118.49875,1356661.0169491526,59,2.9583333333333335,1,3888.0,LOGIN_FINGER,0.4425287101994994,174.0,0.36760838353631675,-1.1317807288531814,1,0.7112214308695028,0.0,0.0,0,0.0
1034957,640,1,0.9733688235282898,"Flagged due to: transaction amount is 7.6x higher than historical average, and transaction amount is 5.7x higher than 30-day average transaction size, and recent security credential modification (4822.0 hours ago).","TRANS_AMOUNT_Z_SCORE (+2.2781), TRANS_AMOUNT_VS_30D_AVG_RATIO (+0.6967), HOURS_SINCE_SEC_EVENT (+0.5591)","HOURS_SINCE_SEC_EVENT × TRANS_AMOUNT_Z_SCORE (+0.2166), TRANS_HOUR × TRANS_AMOUNT_Z_SCORE (+0.2108), BENFORD_DEV × TRANS_AMOUNT_Z_SCORE (+0.1619)","TRANS_AMOUNT: 10,270,000.00 -> 7,835,956.25 (-2,434,043.75)",Transfer,Outside_bank,2019-12-21,Sat,8,1,10270000.0,824084,17317a94e3fda315,iOS,122.245.xx.xx (HCM),M,2019-04-26,1990-07-09,0,2019-06-03,BRANCH,1,SMS,Working,10270000.0,1,10270000.0,1,10270000.0,1,10270000.0,1,18078000.0,5,21748000.0,12,1329118.49875,1356661.0169491526,59,2.875,1,4822.0,LOGIN,0.4553191295608881,235.0,0.36760838353631675,-1.1317807288531814,1,0.7112214308695028,0.0,0.0,0,0.0
1415879,755,1,1.0,"Flagged due to: unusual combination of high transaction amount and long inactivity period (combined score: 66.56), and unusual combination of high transaction amount shortly after a security credential update (combined score: 0.00), and improbable sequential activity transition pattern (score: -2.172).","DAYS_AMOUNT_COMBINED (+2.7182), SEC_AMOUNT_COMBINED (+0.8884), ACTIVITY_SEQ_RARITY (+0.6880)","DAYS_SINCE_LAST_TRANS × BALANCE_COVERAGE_RATIO (-0.4476), TRANS_AMOUNT_Z_SCORE × DAYS_AMOUNT_COMBINED (+0.3834), TRANS_HOUR × DAYS_AMOUNT_COMBINED (+0.2721)","TRANS_AMOUNT: 2,400,000.00 -> 191,539.76 (-2,208,460.24)",Transfer,Outside_bank,2019-11-15,Fri,10,1,2400000.0,299894,9b0827f61aedd66a,iOS,51.234.xx.xx (DN),M,2019-01-29,1964-04-13,0,2019-08-15,BRANCH,0,SMART_OTP,Pensioner,2400000.0,1,2400000.0,1,2400000.0,1,2400000.0,1,2400000.0,1,2400000.0,1,228209.50416666665,2450000.0,2,91.79166666666667,1,0.0,LOGIN,0.0,1.0,0.0,-2.172453964726062,1,0.7112214308695028,0.0,0.0,0,0.0
1365084,777,1,1.0,"Flagged due to: unusual combination of high transaction amount and long inactivity period (combined score: 70.09), and transaction amount covers 111.9x monthly average balance, and long inactivity period (72.7 days since last transaction).","DAYS_AMOUNT_COMBINED (+3.6017), BALANCE_COVERAGE_RATIO (+2.5471), DAYS_SINCE_LAST_TRANS (+0.3980)","DAYS_SINCE_LAST_TRANS × BALANCE_COVERAGE_RATIO (-0.5388), TRANS_HOUR × DAYS_AMOUNT_COMBINED (+0.2722), TRANS_AMOUNT_Z_SCORE × DAYS_AMOUNT_COMBINED (+0.2551)","TRANS_AMOUNT: 12,000,000.00 -> 5,093,799.59 (-6,906,200.41)",Transfer,Outside_bank,2019-10-22,Tue,9,1,12000000.0,452974,a3d35b2fc45d9161,iOS,219.200.xx.xx (BD),F,2019-06-05,1984-05-16,0,2019-06-05,BRANCH,0,SMART_OTP,Working,12000000.0,1,12000000.0,1,12000000.0,1,12000000.0,1,12000000.0,1,12000000.0,1,107206.71666666667,8500000.0,2,72.70833333333333,1,3323.0,LOGIN,0.0,13.0,0.0,-0.9581408352170221,1,0.7112214308695028,0.0,0.0,0,0.0
1376318,806,1,0.7855538129806519,"Flagged due to: unusual combination of high transaction amount and long inactivity period (combined score: 60.75), and unusual combination of high transaction amount shortly after a security credential update (combined score: 0.00), and transaction amount covers 19.0x monthly average balance.","DAYS_AMOUNT_COMBINED (+1.8793), SEC_AMOUNT_COMBINED (+0.9445), BALANCE_COVERAGE_RATIO (+0.8105)","TRANS_AMOUNT_Z_SCORE × DAYS_AMOUNT_COMBINED (+0.3754), TRANS_HOUR × DAYS_AMOUNT_COMBINED (+0.2522), HOURS_SINCE_SEC_EVENT × SEC_AMOUNT_COMBINED (+0.1999)","TRANS_AMOUNT: 2,379,665.00 -> 607,227.88 (-1,772,437.12)",Payment,Credit_card_repayment,2019-11-26,Tue,16,1,2379665.0,NaN,f20f7b7cdb46068e,iOS,141.125.xx.xx (DN),M,2019-01-10,1993-01-15,0,2019-09-26,AUTO-JOB,0,SMART_OTP,Businessman,2379665.0,1,2379665.0,1,2379665.0,1,2379665.0,1,2379665.0,1,2379665.0,1,125165.795,4261332.5,2,61.666666666666664,0,0.0,LOGIN,0.4499997750001125,20.0,0.0,-1.303704609216112,1,0.7112214308695028,0.0,0.41996,0,1.0
1400856,850,1,1.0,"Flagged due to: unusual combination of high transaction amount and long inactivity period (combined score: 74.48), and transaction amount covers 690.6x monthly average balance, and unusual combination of high transaction amount shortly after a security credential update (combined score: 0.00).","DAYS_AMOUNT_COMBINED (+3.6041), BALANCE_COVERAGE_RATIO (+2.5299), SEC_AMOUNT_COMBINED (+0.8859)","DAYS_SINCE_LAST_TRANS × BALANCE_COVERAGE_RATIO (-0.5360), TRANS_HOUR × DAYS_AMOUNT_COMBINED (+0.2699), TRANS_AMOUNT_Z_SCORE × DAYS_AMOUNT_COMBINED (+0.2602)","TRANS_AMOUNT: 30,000,000.00 -> 139,217.38 (-29,860,782.62)",Transfer,Outside_bank,2019-12-13,Fri,15,1,30000000.0,893473,26b97318ac3bcc4f,Android,240.65.xx.xx (HCM),F,2019-09-30,1991-10-20,0,2019-09-30,BRANCH,1,SMART_OTP,State servant,30000000.0,1,30000000.0,1,30000000.0,1,30000000.0,1,30000000.0,1,30000000.0,1,43437.9875,30000000.0,1,74.625,1,0.0,LOGIN,0.0,0.0,0.0,-2.054342783442995,1,0.7112214308695028,0.0,0.0,0,0.0
818221,921,1,1.0,"Flagged due to: transaction amount is 13.6x higher than historical average, and transaction amount covers 19.8x monthly average balance, and transaction amount is 7.3x higher than 30-day average transaction size.","TRANS_AMOUNT_Z_SCORE (+3.8973), BALANCE_COVERAGE_RATIO (+0.9876), TRANS_AMOUNT_VS_30D_AVG_RATIO (+0.8744)","TRANS_AMOUNT_Z_SCORE × BALANCE_COVERAGE_RATIO (+0.3950), HIST_BIOMETRIC_RATIO × TRANS_AMOUNT_Z_SCORE (+0.3121), TRANS_HOUR × TRANS_AMOUNT_Z_SCORE (+0.2944)","TRANS_AMOUNT: 18,840,000.00 -> 9,628,797.11 (-9,211,202.89)",Transfer,Outside_bank,2019-08-31,Sat,10,1,18840000.0,1212,8c2e1c2dcd92e770,Android,190.233.xx.xx (HN),M,2019-03-29,2000-02-26,0,2019-04-25,BRANCH,1,SMART_OTP,Commercial associate,18840000.0,1,18840000.0,1,18840000.0,1,18840000.0,1,18840000.0,1,20655000.0,8,953659.868888889,1383250.0,32,8.541666666666666,1,999.0,LOGIN_FINGER,0.3333331111112593,15.0,0.0,-1.2757411228936448,1,0.7112214308695028,0.0,0.0,0,0.0
818247,921,1,1.0,"Flagged due to: transaction amount is 13.6x higher than historical average, and transaction amount covers 19.8x monthly average balance, and unusual behavior in feature 'HIST_BIOMETRIC_RATIO' (value: 0.40).","TRANS_AMOUNT_Z_SCORE (+4.0116), BALANCE_COVERAGE_RATIO (+1.1098), HIST_BIOMETRIC_RATIO (+0.3388)","TRANS_AMOUNT_Z_SCORE × BALANCE_COVERAGE_RATIO (+0.4931), HIST_BIOMETRIC_RATIO × TRANS_AMOUNT_Z_SCORE (+0.3506), TRANS_HOUR × TRANS_AMOUNT_Z_SCORE (+0.3289)","TRANS_AMOUNT: 18,840,000.00 -> 11,006,973.04 (-7,833,026.96)",Transfer,Outside_bank,2019-12-27,Fri,13,1,18840000.0,338235,8c2e1c2dcd92e770,Android,233.101.xx.xx (HN),M,2019-03-29,2000-02-26,0,2019-04-25,BRANCH,1,SMART_OTP,Commercial associate,18840000.0,1,18840000.0,1,18840000.0,1,18840000.0,1,19340000.0,2,19890000.0,4,953659.868888889,1383250.0,32,2.4166666666666665,1,999.0,LOGIN_FINGER,0.3953487452677336,43.0,0.0,-1.2757411228936448,1,0.7112214308695028,0.0,0.0,0,0.0
359346,967,1,1.0,"Flagged due to: transaction amount is 9.7x higher than historical average, and transaction amount is 7.3x higher than 30-day average transaction size, and transaction amount covers 6.4x monthly average balance.","TRANS_AMOUNT_Z_SCORE (+3.7319), TRANS_AMOUNT_VS_30D_AVG_RATIO (+0.9709), BALANCE_COVERAGE_RATIO (+0.5095)","TRANS_HOUR × TRANS_AMOUNT_Z_SCORE (+0.2693), HIST_BIOMETRIC_RATIO × TRANS_AMOUNT_Z_SCORE (-0.2499), TRANS_AMOUNT_Z_SCORE × TRANS_AMOUNT_VS_30D_AVG_RATIO (+0.2322)","TRANS_AMOUNT: 50,000,000.00 -> 41,073,560.71 (-8,926,439.29)",Transfer,Outside_bank,2019-09-20,Fri,10,1,50000000.0,50420,f641fb413363ebf2,Android,154.37.xx.xx (HCM),M,2019-04-08,1988-11-05,0,2019-04-08,BRANCH,1,SMS,Commercial associate,50000000.0,1,50000000.0,1,50000000.0,1,50000000.0,1,50500000.0,5,116620000.0,17,7819233.095555555,5161728.0,125,3.6666666666666665,1,3264.0,LOGIN,0.0,107.0,0.12684775598101508,-1.0844558166761014,1,0.7112214308695028,0.0,0.0,0,0.0
359333,967,1,1.0,"Flagged due to: transaction amount is 9.7x higher than historical average, and transaction amount is 6.0x higher than 30-day average transaction size, and transaction amount covers 6.4x monthly average balance.","TRANS_AMOUNT_Z_SCORE (+3.7203), TRANS_AMOUNT_VS_30D_AVG_RATIO (+0.7600), BALANCE_COVERAGE_RATIO (+0.5094)","HIST_BIOMETRIC_RATIO × TRANS_AMOUNT_Z_SCORE (-0.2499), TRANS_HOUR × TRANS_AMOUNT_Z_SCORE (+0.2486), TRANS_AMOUNT_Z_SCORE × DAYS_AMOUNT_COMBINED (+0.2114)","TRANS_AMOUNT: 50,000,000.00 -> 41,073,560.71 (-8,926,439.29)",Transfer,Outside_bank,2019-10-11,Fri,12,1,50000000.0,109189,f641fb413363ebf2,Android,129.209.xx.xx (HCM),M,2019-04-08,1988-11-05,0,2019-04-08,BRANCH,1,SMS,Commercial associate,50000000.0,1,50000000.0,1,50100000.0,2,50100000.0,2,50200000.0,3,116500000.0,14,7819233.095555555,5161728.0,125,0.7083333333333334,1,3770.0,LOGIN,0.0,124.0,0.12684775598101508,-1.0844558166761014,1,0.7112214308695028,0.0,0.0,0,0.0
639393,993,1,1.0,"Flagged due to: transaction amount is 23.0x higher than historical average, and transaction amount covers 57.6x monthly average balance, and transaction amount is 8.0x higher than 30-day average transaction size.","TRANS_AMOUNT_Z_SCORE (+4.0324), BALANCE_COVERAGE_RATIO (+1.8002), TRANS_AMOUNT_VS_30D_AVG_RATIO (+0.9541)","HIST_BIOMETRIC_RATIO × TRANS_AMOUNT_Z_SCORE (+0.3483), TRANS_HOUR × TRANS_AMOUNT_Z_SCORE (+0.3074), TRANS_AMOUNT_Z_SCORE × BALANCE_COVERAGE_RATIO (+0.2516)","TRANS_AMOUNT: 40,000,000.00 -> 12,086,944.58 (-27,913,055.42)",Payment,Credit_card_repayment,2019-09-10,Tue,14,1,40000000.0,NaN,f8568e1ffe14b89f,Android,251.71.xx.xx (HCM),M,2019-03-15,1994-12-03,0,2019-06-10,BRANCH,0,SMART_OTP,Working,40100000.0,2,40100000.0,2,40100000.0,2,40100000.0,2,40100000.0,2,45226747.0,9,693916.224,1736383.142857143,42,0.0,0,311.0,LOGIN,0.4609928751068883,141.0,0.0,-1.2768835070351365,2,0.7112214308695028,0.0,0.5595636363636364,1,0.0
639394,993,1,0.8768272995948792,"Flagged due to: unusual behavior in feature 'TRANS_HOUR' (value: 2.00), and sudden 7d spending volume spike relative to 30 days (ratio: 89.1%), and unusual behavior in feature 'HIST_BIOMETRIC_RATIO' (value: 0.44).","TRANS_HOUR (+4.2848), VELOCITY_RATIO_AMOUNT_7D_VS_30D (+1.0035), HIST_BIOMETRIC_RATIO (+0.1523)","TRANS_HOUR × VELOCITY_RATIO_AMOUNT_7D_VS_30D (+1.3574), TRANS_HOUR × BALANCE_COVERAGE_RATIO (+0.1684), TRANS_HOUR × TRANS_AMOUNT_Z_SCORE (+0.1638)",,Transfer,Outside_bank,2019-09-17,Tue,2,1,1000000.0,949025,f8568e1ffe14b89f,Android,76.138.xx.xx (HCM),M,2019-03-15,1994-12-03,0,2019-06-10,BRANCH,0,SMART_OTP,Working,1000000.0,1,1000000.0,1,1000000.0,1,1600000.0,2,41700000.0,4,46826747.0,11,693916.224,1736383.142857143,42,1.1666666666666667,1,467.0,LOGIN,0.439189159514246,148.0,0.0,-1.2768835070351365,1,0.7112214308695028,0.0,0.5595636363636364,0,0.0
852404,1026,1,0.5830217599868774,"Flagged due to: unusual behavior in feature 'TRANS_HOUR' (value: 1.00), and sudden 7d spending volume spike relative to 30 days (ratio: 85.9%), and sudden 24h spending volume spike relative to 7 days (ratio: 100.0%).","TRANS_HOUR (+4.1024), VELOCITY_RATIO_AMOUNT_7D_VS_30D (+0.4696), VELOCITY_RATIO_AMOUNT_24H_VS_7D (+0.1240)","TRANS_HOUR × VELOCITY_RATIO_AMOUNT_7D_VS_30D (+0.7236), TRANS_HOUR × BALANCE_COVERAGE_RATIO (+0.2088), TRANS_HOUR × TRANS_AMOUNT_Z_SCORE (+0.1640)",,Topup,Mobile,2019-10-11,Fri,1,1,100000.0,NaN,3d627cf36087c371,iOS,216.203.xx.xx (HN),F,2019-07-30,1999-03-03,0,2019-07-30,BRANCH,1,SMART_OTP,Working,100000.0,1,100000.0,1,4450000.0,3,4450000.0,3,4450000.0,3,5180000.0,7,185305.12333333332,468181.8181818182,22,0.25,2,1477.0,LOGIN,0.0,22.0,0.0,-1.3610567888333036,1,0.9514881256754393,5.724863080357995e-05,0.0,0,0.0
118039,1033,1,1.0,"Flagged due to: transaction amount is 8.7x higher than historical average, and transaction amount covers 16.4x monthly average balance, and transaction amount is 5.0x higher than 30-day average transaction size.","TRANS_AMOUNT_Z_SCORE (+2.8416), BALANCE_COVERAGE_RATIO (+0.8914), TRANS_AMOUNT_VS_30D_AVG_RATIO (+0.5467)","TRANS_AMOUNT_Z_SCORE × BALANCE_COVERAGE_RATIO (+0.2201), TRANS_AMOUNT_Z_SCORE × DAYS_AMOUNT_COMBINED (-0.2038), TRANS_HOUR × TRANS_AMOUNT_Z_SCORE (+0.1762)","TRANS_AMOUNT: 10,000,000.00 -> 9,040,899.28 (-959,100.72)",Transfer,Outside_bank,2019-07-25,Thu,9,1,10000000.0,186257,25c4b19ed712561b,Web,178.33.xx.xx (HN),F,2019-02-20,1981-02-07,0,2019-02-20,BRANCH,1,SMART_OTP,Working,10550000.0,2,10550000.0,2,10550000.0,2,10550000.0,2,10550000.0,2,14050000.0,7,608001.1390909092,1148933.4347826086,69,14.875,1,2390.0,LOGIN_FINGER,0.48106058783861416,264.0,0.12603061643221852,-1.1316603329547126,1,0.7435586080264245,1.908287693452665e-05,0.0,0,0.0
980207,1055,1,0.664783775806427,"Flagged due to: unusual behavior in feature 'TRANS_HOUR' (value: 2.00), and transaction amount is 3.3x higher than historical average, and transaction amount is 4.0x higher than 30-day average transaction size.","TRANS_HOUR (+3.5482), TRANS_AMOUNT_Z_SCORE (+0.5198), TRANS_AMOUNT_VS_30D_AVG_RATIO (+0.1000)","TRANS_HOUR × TRANS_AMOUNT_Z_SCORE (+0.4939), TRANS_HOUR × VELOCITY_RATIO_AMOUNT_7D_VS_30D (-0.3436), TRANS_HOUR × TRANS_AMOUNT_VS_30D_AVG_RATIO (+0.1765)","TRANS_AMOUNT: 800,000.00 -> 421,817.02 (-378,182.98)",Transfer,Outside_bank,2019-12-16,Mon,2,6,800000.0,389404,63645fe409673016,iOS,97.203.xx.xx (HN),M,2019-07-26,1994-08-18,0,2019-07-26,BRANCH,1,SMART_OTP,Unemployed,800000.0,1,1200000.0,2,1900000.0,4,1900000.0,4,7884000.0,31,20983000.0,105,234295.43000000002,241206.76691729322,266,0.041666666666666664,4,1697.0,LOGIN,0.023188405124973766,345.0,0.12533806997742247,-1.1207954554043411,2,0.7112214308695028,0.0,0.0,0,0.0
980308,1055,1,0.6485887765884399,"Flagged due to: unusual behavior in feature 'TRANS_HOUR' (value: 1.00), and transaction amount is 2.1x higher than historical average, and transaction amount is 2.4x higher than 30-day average transaction size.","TRANS_HOUR (+3.8805), TRANS_AMOUNT_Z_SCORE (+0.4660), TRANS_AMOUNT_VS_30D_AVG_RATIO (+0.0958)","TRANS_HOUR × TRANS_AMOUNT_Z_SCORE (+0.6270), TRANS_HOUR × VELOCITY_RATIO_AMOUNT_7D_VS_30D (-0.3347), TRANS_HOUR × TRANS_AMOUNT_VS_30D_AVG_RATIO (+0.2183)","TRANS_AMOUNT: 500,000.00 -> 412,489.41 (-87,510.59)",Transfer,Outside_bank,2019-12-17,Tue,1,2,500000.0,838519,63645fe409673016,iOS,160.226.xx.xx (HN),M,2019-07-26,1994-08-18,0,2019-07-26,BRANCH,1,SMART_OTP,Unemployed,900000.0,2,900000.0,2,2900000.0,7,3600000.0,9,7284000.0,29,22683000.0,110,234295.43000000002,241206.76691729322,266,0.0,7,1720.0,LOGIN,0.02285714220408165,350.0,0.12533806997742247,-1.1207954554043411,2,0.7112214308695028,0.0,0.0,0,0.0
980273,1055,1,0.7487866878509521,"Flagged due to: unusual behavior in feature 'TRANS_HOUR' (value: 0.00), and transaction amount is 3.7x higher than historical average, and transaction amount is 4.3x higher than 30-day average transaction size.","TRANS_HOUR (+3.6706), TRANS_AMOUNT_Z_SCORE (+0.5677), TRANS_AMOUNT_VS_30D_AVG_RATIO (+0.1547)","TRANS_HOUR × VELOCITY_RATIO_AMOUNT_7D_VS_30D (-0.3113), TRANS_HOUR × TRANS_AMOUNT_Z_SCORE (+0.1367), TRANS_HOUR × TRANS_AMOUNT_VS_30D_AVG_RATIO (+0.0879)","TRANS_AMOUNT: 900,000.00 -> 402,383.71 (-497,616.29)",Transfer,Outside_bank,2019-12-19,Thu,0,4,900000.0,789184,63645fe409673016,iOS,225.236.xx.xx (NA),M,2019-07-26,1994-08-18,0,2019-07-26,BRANCH,1,SMART_OTP,Unemployed,900000.0,1,1000000.0,2,1500000.0,6,3100000.0,13,8484000.0,34,24283000.0,117,234295.43000000002,241206.76691729322,266,0.08333333333333333,6,1767.0,LOGIN,0.021917807618690204,365.0,0.12533806997742247,-1.1207954554043411,2,0.7112214308695028,0.0,0.0,0,0.0
980241,1055,1,0.6485887765884399,"Flagged due to: unusual behavior in feature 'TRANS_HOUR' (value: 1.00), and transaction amount is 2.1x higher than historical average, and transaction amount is 2.4x higher than 30-day average transaction size.","TRANS_HOUR (+3.8834), TRANS_AMOUNT_Z_SCORE (+0.4670), TRANS_AMOUNT_VS_30D_AVG_RATIO (+0.0958)","TRANS_HOUR × TRANS_AMOUNT_Z_SCORE (+0.6270), TRANS_HOUR × VELOCITY_RATIO_AMOUNT_7D_VS_30D (-0.3347), TRANS_HOUR × TRANS_AMOUNT_VS_30D_AVG_RATIO (+0.2183)","TRANS_AMOUNT: 500,000.00 -> 412,489.41 (-87,510.59)",Transfer,Outside_bank,2019-12-19,Thu,1,3,500000.0,681417,63645fe409673016,iOS,61.136.xx.xx (HP),M,2019-07-26,1994-08-18,0,2019-07-26,BRANCH,1,SMART_OTP,Unemployed,1600000.0,3,1700000.0,4,2200000.0,8,3800000.0,15,9184000.0,36,24983000.0,119,234295.43000000002,241206.76691729322,266,0.0,8,1768.0,LOGIN,0.021857922900056753,366.0,0.12533806997742247,-1.1207954554043411,4,0.7112214308695028,0.0,0.0,0,0.0
980183,1055,1,0.7572436928749084,"Flagged due to: transaction amount is 9.5x higher than historical average, and transaction amount is 8.9x higher than 30-day average transaction size, and transaction amount covers 9.8x monthly average balance.","TRANS_AMOUNT_Z_SCORE (+3.0404), TRANS_AMOUNT_VS_30D_AVG_RATIO (+1.1826), BALANCE_COVERAGE_RATIO (+0.4985)","TRANS_AMOUNT_Z_SCORE × TRANS_AMOUNT_VS_30D_AVG_RATIO (+0.2322), TRANS_HOUR × TRANS_AMOUNT_VS_30D_AVG_RATIO (+0.1923), TRANS_AMOUNT_Z_SCORE × DAYS_AMOUNT_COMBINED (+0.1788)","TRANS_AMOUNT: 2,300,000.00 -> 1,919,361.69 (-380,638.31)",Transfer,Within_bank,2019-12-26,Thu,17,1,2300000.0,758123,63645fe409673016,iOS,122.79.xx.xx (HN),M,2019-07-26,1994-08-18,0,2019-07-26,BRANCH,1,SMART_OTP,Unemployed,2400000.0,2,2400000.0,2,2400000.0,2,2400000.0,2,7600000.0,16,30703000.0,119,234295.43000000002,241206.76691729322,266,0.0,2,1952.0,LOGIN,0.020460357532983184,391.0,0.12533806997742247,-1.1207954554043411,2,0.7112214308695028,0.0,0.0,0,0.0
980215,1055,1,1.0,"Flagged due to: transaction amount is 13.7x higher than historical average, and transaction amount is 11.5x higher than 30-day average transaction size, and transaction amount covers 14.1x monthly average balance.","TRANS_AMOUNT_Z_SCORE (+3.8400), TRANS_AMOUNT_VS_30D_AVG_RATIO (+1.1561), BALANCE_COVERAGE_RATIO (+0.7831)","TRANS_HOUR × TRANS_AMOUNT_Z_SCORE (+0.2323), TRANS_AMOUNT_Z_SCORE × DAYS_AMOUNT_COMBINED (+0.2207), TRANS_HOUR × TRANS_AMOUNT_VS_30D_AVG_RATIO (+0.1953)","TRANS_AMOUNT: 3,300,000.00 -> 1,919,362.45 (-1,380,637.55)",Transfer,Outside_bank,2019-12-28,Sat,18,2,3300000.0,349300,63645fe409673016,iOS,91.80.xx.xx (HN),M,2019-07-26,1994-08-18,0,2019-07-26,BRANCH,1,SMART_OTP,Unemployed,3300000.0,1,3300000.0,1,3300000.0,1,4000000.0,7,11600000.0,23,32503000.0,113,234295.43000000002,241206.76691729322,266,1.0416666666666667,1,2001.0,LOGIN,0.019999999500000015,400.0,0.12533806997742247,-1.1207954554043411,1,0.7112214308695028,0.0,0.0,0,0.0
206846,1101,1,1.0,"Flagged due to: transaction amount is 7.5x higher than historical average, and transaction amount is 12.2x higher than 30-day average transaction size, and transaction amount covers 13.4x monthly average balance.","TRANS_AMOUNT_Z_SCORE (+2.2102), TRANS_AMOUNT_VS_30D_AVG_RATIO (+1.0236), BALANCE_COVERAGE_RATIO (+0.7720)","HOURS_SINCE_SEC_EVENT × TRANS_AMOUNT_Z_SCORE (+0.2261), TRANS_AMOUNT_Z_SCORE × TRANS_AMOUNT_VS_30D_AVG_RATIO (+0.1956), TRANS_HOUR × TRANS_AMOUNT_Z_SCORE (+0.1952)","TRANS_AMOUNT: 99,000,000.00 -> 76,452,106.48 (-22,547,893.52)",Transfer,Within_bank,2019-09-03,Tue,10,1,99000000.0,595713,3a458bf525f86822,Android,111.33.xx.xx (DN),F,2019-03-05,1990-06-19,0,2019-03-12,BRANCH,1,SMART_OTP,Working,99000000.0,1,99000000.0,1,99000000.0,1,106650000.0,2,108150000.0,3,154595000.0,19,7364031.087777778,13236356.585798817,169,1.7083333333333333,1,4106.0,LOGIN,0.4911504207455566,226.0,0.03316413390985802,-1.2861392070344557,1,0.8027156246347257,4.770719233631662e-05,0.0,0,0.0
206936,1101,1,1.0,"Flagged due to: transaction amount is 10.2x higher than historical average, and transaction amount covers 18.4x monthly average balance, and transaction amount is 12.6x higher than 30-day average transaction size.","TRANS_AMOUNT_Z_SCORE (+4.1473), BALANCE_COVERAGE_RATIO (+1.0141), TRANS_AMOUNT_VS_30D_AVG_RATIO (+1.0101)","TRANS_AMOUNT_Z_SCORE × BALANCE_COVERAGE_RATIO (+0.3660), HIST_BIOMETRIC_RATIO × TRANS_AMOUNT_Z_SCORE (+0.3636), TRANS_HOUR × TRANS_AMOUNT_Z_SCORE (+0.2860)","TRANS_AMOUNT: 135,340,000.00 -> 67,115,514.07 (-68,224,485.93)",Transfer,Within_bank,2019-10-28,Mon,15,2,135340000.0,85511,3a458bf525f86822,Android,28.61.xx.xx (DN),F,2019-03-05,1990-06-19,0,2019-03-12,BRANCH,1,SMART_OTP,Working,135340000.0,1,135340000.0,1,135340000.0,1,135340000.0,1,143340000.0,2,203640000.0,19,7364031.087777778,13236356.585798817,169,3.0833333333333335,1,5431.0,LOGIN_FINGER,0.47435895915516163,312.0,0.03316413390985802,-1.2861392070344557,1,0.8027156246347257,4.770719233631662e-05,0.0,0,0.0
206992,1101,1,1.0,"Flagged due to: transaction amount is 9.9x higher than historical average, and transaction amount covers 17.8x monthly average balance, and transaction amount is 5.1x higher than 30-day average transaction size.","TRANS_AMOUNT_Z_SCORE (+4.0615), BALANCE_COVERAGE_RATIO (+1.1323), TRANS_AMOUNT_VS_30D_AVG_RATIO (+0.5199)","TRANS_AMOUNT_Z_SCORE × BALANCE_COVERAGE_RATIO (+0.4460), HIST_BIOMETRIC_RATIO × TRANS_AMOUNT_Z_SCORE (+0.3636), TRANS_HOUR × TRANS_AMOUNT_Z_SCORE (+0.2437)","TRANS_AMOUNT: 131,000,000.00 -> 105,326,110.84 (-25,673,889.16)",Transfer,Within_bank,2019-11-11,Mon,14,1,131000000.0,421650,3a458bf525f86822,Android,45.219.xx.xx (DN),F,2019-03-05,1990-06-19,0,2019-03-12,BRANCH,1,SMART_OTP,Working,131700000.0,2,131700000.0,2,131700000.0,2,131700000.0,2,185668000.0,6,484668000.0,19,7364031.087777778,13236356.585798817,169,0.0,2,5766.0,LOGIN,0.47546010811472067,326.0,0.03316413390985802,-1.2861392070344557,2,0.8027156246347257,4.770719233631662e-05,0.0,0,0.0
206869,1101,1,0.7174586057662964,"Flagged due to: transaction amount is 8.3x higher than historical average, and transaction amount covers 14.9x monthly average balance, and recent security credential modification (5792.0 hours ago).","TRANS_AMOUNT_Z_SCORE (+3.1433), BALANCE_COVERAGE_RATIO (+0.9111), HOURS_SINCE_SEC_EVENT (+0.3417)","TRANS_AMOUNT_Z_SCORE × BALANCE_COVERAGE_RATIO (+0.2119), HIST_BIOMETRIC_RATIO × TRANS_AMOUNT_Z_SCORE (+0.2014), TRANS_HOUR × TRANS_AMOUNT_Z_SCORE (+0.1769)","TRANS_AMOUNT: 109,500,000.00 -> 105,326,039.31 (-4,173,960.69)",Transfer,Within_bank,2019-11-12,Tue,16,1,109500000.0,805551,3a458bf525f86822,Android,137.9.xx.xx (DN),F,2019-03-05,1990-06-19,0,2019-03-12,BRANCH,1,SMART_OTP,Working,109500000.0,1,109500000.0,1,111800000.0,2,244150000.0,5,291880000.0,8,595618000.0,21,7364031.087777778,13236356.585798817,169,1.0,2,5792.0,LOGIN,0.47590360012338556,332.0,0.03316413390985802,-1.2861392070344557,1,0.8027156246347257,4.770719233631662e-05,0.0,0,0.0
206995,1101,1,1.0,"Flagged due to: transaction amount is 10.7x higher than historical average, and transaction amount covers 19.3x monthly average balance, and unusual behavior in feature 'HIST_BIOMETRIC_RATIO' (value: 0.48).","TRANS_AMOUNT_Z_SCORE (+3.9323), BALANCE_COVERAGE_RATIO (+1.1193), HIST_BIOMETRIC_RATIO (+0.4657)","TRANS_AMOUNT_Z_SCORE × BALANCE_COVERAGE_RATIO (+0.4642), HIST_BIOMETRIC_RATIO × TRANS_AMOUNT_Z_SCORE (+0.3636), TRANS_HOUR × TRANS_AMOUNT_Z_SCORE (+0.2597)","TRANS_AMOUNT: 142,000,000.00 -> 105,326,028.82 (-36,673,971.18)",Transfer,Within_bank,2019-11-19,Tue,15,1,142000000.0,879329,3a458bf525f86822,Android,162.163.xx.xx (DN),F,2019-03-05,1990-06-19,0,2019-03-12,BRANCH,1,SMART_OTP,Working,142000000.0,1,142000000.0,1,142000000.0,1,142000000.0,1,343900000.0,7,814868000.0,22,7364031.087777778,13236356.585798817,169,2.8333333333333335,1,5959.0,LOGIN,0.4768785989341446,346.0,0.03316413390985802,-1.2861392070344557,1,0.8027156246347257,4.770719233631662e-05,0.0,0,0.0
206900,1101,1,1.0,"Flagged due to: transaction amount is 8.9x higher than historical average, and transaction amount covers 16.1x monthly average balance, and recent security credential modification (6511.0 hours ago).","TRANS_AMOUNT_Z_SCORE (+3.2719), BALANCE_COVERAGE_RATIO (+0.9465), HOURS_SINCE_SEC_EVENT (+0.8402)","TRANS_AMOUNT_Z_SCORE × BALANCE_COVERAGE_RATIO (+0.2171), HOURS_SINCE_SEC_EVENT × TRANS_AMOUNT_Z_SCORE (+0.2166), HIST_BIOMETRIC_RATIO × TRANS_AMOUNT_Z_SCORE (+0.2014)","TRANS_AMOUNT: 118,200,000.00 -> 101,553,663.83 (-16,646,336.17)",Transfer,Within_bank,2019-12-12,Thu,15,2,118200000.0,849837,3a458bf525f86822,Android,225.213.xx.xx (DN),F,2019-03-05,1990-06-19,0,2019-03-12,BRANCH,1,SMART_OTP,Working,118200000.0,1,118200000.0,1,118700000.0,3,118700000.0,3,205800000.0,5,825182392.0,34,7364031.087777778,13236356.585798817,169,0.8333333333333334,2,6511.0,LOGIN_FINGER,0.47715734829549883,394.0,0.03316413390985802,-1.2861392070344557,1,0.8027156246347257,4.770719233631662e-05,0.0,0,0.0
206902,1101,1,1.0,"Flagged due to: transaction amount is 7.4x higher than historical average, and recent security credential modification (6870.0 hours ago), and transaction amount covers 13.2x monthly average balance.","TRANS_AMOUNT_Z_SCORE (+2.0814), HOURS_SINCE_SEC_EVENT (+0.9333), BALANCE_COVERAGE_RATIO (+0.8781)","HOURS_SINCE_SEC_EVENT × TRANS_AMOUNT_Z_SCORE (+0.2290), TRANS_AMOUNT_Z_SCORE × BALANCE_COVERAGE_RATIO (+0.2171), TRANS_HOUR × TRANS_AMOUNT_Z_SCORE (+0.1874)","TRANS_AMOUNT: 97,300,000.00 -> 82,090,750.69 (-15,209,249.31)",Transfer,Within_bank,2019-12-27,Fri,14,2,97300000.0,326400,3a458bf525f86822,Android,180.16.xx.xx (DN),F,2019-03-05,1990-06-19,0,2019-03-12,BRANCH,1,SMART_OTP,Working,97300000.0,1,97300000.0,1,97350000.0,2,98000000.0,3,104000000.0,4,500437000.0,25,7364031.087777778,13236356.585798817,169,0.875,1,6870.0,LOGIN,0.4778325005459976,406.0,0.03316413390985802,-1.2861392070344557,1,0.8027156246347257,4.770719233631662e-05,0.0,0,0.0
206876,1101,1,1.0,"Flagged due to: transaction amount is 9.2x higher than historical average, and transaction amount covers 16.5x monthly average balance, and recent security credential modification (6967.0 hours ago).","TRANS_AMOUNT_Z_SCORE (+3.1766), BALANCE_COVERAGE_RATIO (+0.9134), HOURS_SINCE_SEC_EVENT (+0.8081)","TRANS_AMOUNT_Z_SCORE × BALANCE_COVERAGE_RATIO (+0.2119), HIST_BIOMETRIC_RATIO × TRANS_AMOUNT_Z_SCORE (+0.2014), TRANS_HOUR × TRANS_AMOUNT_Z_SCORE (+0.1914)","TRANS_AMOUNT: 121,150,000.00 -> 105,326,079.89 (-15,823,920.11)",Transfer,Within_bank,2019-12-31,Tue,15,2,121150000.0,734927,3a458bf525f86822,Android,177.109.xx.xx (DN),F,2019-03-05,1990-06-19,0,2019-03-12,BRANCH,1,SMART_OTP,Working,121150000.0,1,121150000.0,1,121150000.0,1,121150000.0,1,219236000.0,5,538696000.0,21,7364031.087777778,13236356.585798817,169,3.7916666666666665,1,6967.0,LOGIN,0.47804876882807884,410.0,0.03316413390985802,-1.2861392070344557,1,0.8027156246347257,4.770719233631662e-05,0.0,0,0.0
596289,1129,1,0.9706988334655762,"Flagged due to: transaction amount is 9.8x higher than historical average, and transaction amount is 6.1x higher than 30-day average transaction size, and transaction amount covers 7.4x monthly average balance.","TRANS_AMOUNT_Z_SCORE (+3.6960), TRANS_AMOUNT_VS_30D_AVG_RATIO (+0.6503), BALANCE_COVERAGE_RATIO (+0.4933)","TRANS_HOUR × TRANS_AMOUNT_Z_SCORE (+0.2646), HIST_BIOMETRIC_RATIO × TRANS_AMOUNT_Z_SCORE (-0.2574), TRANS_AMOUNT_Z_SCORE × DAYS_AMOUNT_COMBINED (+0.1953)","TRANS_AMOUNT: 50,000,000.00 -> 40,733,003.62 (-9,266,996.38)",Transfer,Outside_bank,2019-10-24,Thu,15,1,50000000.0,560021,de1c7ff8fecf442a,Android,186.130.xx.xx (HN),M,2019-05-15,1985-09-05,1,2019-05-15,BRANCH,1,SMS,Working,50000000.0,1,50000000.0,1,50000000.0,1,50000000.0,1,52000000.0,2,66106291.0,8,6751559.827500001,5118926.484848484,66,2.875,1,3676.0,LOGIN,0.0,68.0,0.09307547650272915,-1.1271101421002458,1,0.7112214308695028,0.0,0.0,0,0.0
596302,1129,1,1.0,"Flagged due to: transaction amount is 9.8x higher than historical average, and transaction amount is 7.4x higher than 30-day average transaction size, and transaction amount covers 7.4x monthly average balance.","TRANS_AMOUNT_Z_SCORE (+3.7431), TRANS_AMOUNT_VS_30D_AVG_RATIO (+1.0910), BALANCE_COVERAGE_RATIO (+0.5272)","HIST_BIOMETRIC_RATIO × TRANS_AMOUNT_Z_SCORE (-0.2574), TRANS_HOUR × TRANS_AMOUNT_Z_SCORE (+0.2549), TRANS_AMOUNT_Z_SCORE × TRANS_AMOUNT_VS_30D_AVG_RATIO (+0.2498)","TRANS_AMOUNT: 50,000,000.00 -> 35,632,801.06 (-14,367,198.94)",Transfer,Within_bank,2019-12-21,Sat,10,1,50000000.0,932400,de1c7ff8fecf442a,Android,87.140.xx.xx (HN),M,2019-05-15,1985-09-05,1,2019-05-15,BRANCH,1,SMS,Working,50000000.0,1,50000000.0,1,51000000.0,2,51000000.0,2,52810000.0,4,95130995.0,14,6751559.827500001,5118926.484848484,66,0.625,2,5063.0,LOGIN,0.0,120.0,0.09307547650272915,-1.1271101421002458,1,0.7112214308695028,0.0,0.0,0,0.0
1058130,1134,1,1.0,"Flagged due to: unusual behavior in feature 'TRANS_HOUR' (value: 3.00), and sudden 7d spending volume spike relative to 30 days (ratio: 100.0%), and unusual behavior in feature 'VELOCITY_RATIO_COUNT_7D_VS_30D' (value: 1.00).","TRANS_HOUR (+4.0809), VELOCITY_RATIO_AMOUNT_7D_VS_30D (+0.8703), VELOCITY_RATIO_COUNT_7D_VS_30D (+0.1062)","TRANS_HOUR × VELOCITY_RATIO_AMOUNT_7D_VS_30D (+1.2041), TRANS_HOUR × BALANCE_COVERAGE_RATIO (-0.5490), TRANS_HOUR × TRANS_AMOUNT_Z_SCORE (+0.4623)",,Transfer,Within_bank,2019-10-06,Sun,3,2,1200000.0,313089,a053d52d2f762e17,iOS,150.207.xx.xx (HN),F,2019-09-25,1998-08-28,0,2019-09-25,BRANCH,1,SMART_OTP,State servant,1200000.0,1,1200000.0,1,3700000.0,5,4800000.0,6,7160000.0,15,7160000.0,15,249832.7925,757183.5443037974,158,0.375,5,249.0,LOGIN,0.03636362975206731,55.0,0.19922175499751246,-1.1040446270751032,1,0.7112214308695028,0.0,0.0,0,0.0
1058139,1134,1,0.9883949756622314,"Flagged due to: transaction amount is 8.6x higher than historical average, and transaction amount is 6.9x higher than 30-day average transaction size, and transaction amount covers 26.0x monthly average balance.","TRANS_AMOUNT_Z_SCORE (+3.2048), TRANS_AMOUNT_VS_30D_AVG_RATIO (+1.0422), BALANCE_COVERAGE_RATIO (+0.9258)","TRANS_AMOUNT_Z_SCORE × BALANCE_COVERAGE_RATIO (+0.2790), TRANS_AMOUNT_Z_SCORE × DAYS_AMOUNT_COMBINED (+0.1840), TRANS_HOUR × TRANS_AMOUNT_Z_SCORE (+0.1754)","TRANS_AMOUNT: 6,500,000.00 -> 6,025,159.36 (-474,840.64)",Transfer,Outside_bank,2019-10-28,Mon,11,4,6500000.0,853537,a053d52d2f762e17,iOS,201.14.xx.xx (HN),F,2019-09-25,1998-08-28,0,2019-09-25,BRANCH,1,SMART_OTP,State servant,6500000.0,1,7500000.0,2,14500000.0,8,14500000.0,8,22700000.0,16,62359000.0,66,249832.7925,757183.5443037974,158,0.125,7,785.0,LOGIN,0.014705881271626376,136.0,0.19922175499751246,-1.1040446270751032,2,0.7112214308695028,0.0,0.0,0,0.0
1019690,1193,1,1.0,"Flagged due to: transaction amount is 12.7x higher than historical average, and transaction amount covers 51.3x monthly average balance, and transaction amount is 5.2x higher than 30-day average transaction size.","TRANS_AMOUNT_Z_SCORE (+3.5357), BALANCE_COVERAGE_RATIO (+1.5781), TRANS_AMOUNT_VS_30D_AVG_RATIO (+0.8708)","HIST_BIOMETRIC_RATIO × TRANS_AMOUNT_Z_SCORE (-0.2542), TRANS_HOUR × TRANS_AMOUNT_Z_SCORE (+0.2301), TRANS_AMOUNT_Z_SCORE × BALANCE_COVERAGE_RATIO (+0.2126)","TRANS_AMOUNT: 420,000,000.00 -> 263,899,497.99 (-156,100,502.01)",Transfer,Outside_bank,2019-10-01,Tue,17,3,420000000.0,940909,f43e2ba5377e0f8c,Android,129.210.xx.xx (HCM),M,2019-08-06,1991-06-15,1,2019-08-06,BRANCH,1,SMART_OTP,State servant,420000000.0,1,420000000.0,1,420000000.0,1,420000000.0,1,432000000.0,4,1124348090.0,14,8188872.114,33164307.317460317,63,5.083333333333333,1,342.0,LOGIN,0.0,41.0,0.11603138968675326,-1.1999667435086945,1,0.7112214308695028,0.0,0.0,0,0.0
1019720,1193,1,1.0,"Flagged due to: transaction amount is 9.0x higher than historical average, and transaction amount covers 36.6x monthly average balance, and transaction amount is 10.3x higher than 30-day average transaction size.","TRANS_AMOUNT_Z_SCORE (+3.1231), BALANCE_COVERAGE_RATIO (+1.1508), TRANS_AMOUNT_VS_30D_AVG_RATIO (+0.8765)","TRANS_AMOUNT_Z_SCORE × BALANCE_COVERAGE_RATIO (+0.3267), TRANS_HOUR × TRANS_AMOUNT_Z_SCORE (+0.1970), TRANS_AMOUNT_Z_SCORE × DAYS_AMOUNT_COMBINED (+0.1794)","TRANS_AMOUNT: 300,000,000.00 -> 230,856,513.98 (-69,143,486.02)",Transfer,Outside_bank,2019-12-09,Mon,10,1,300000000.0,789020,f43e2ba5377e0f8c,Android,103.6.xx.xx (HCM),M,2019-08-06,1991-06-15,1,2019-08-06,BRANCH,1,SMART_OTP,State servant,300000000.0,1,302800000.0,2,302800000.0,2,302800000.0,2,323480000.0,5,496865000.0,17,8188872.114,33164307.317460317,63,0.08333333333333333,2,1991.0,LOGIN,0.0,103.0,0.11603138968675326,-1.1999667435086945,2,0.7112214308695028,0.0,0.0,0,0.0
1234393,1199,1,0.5886449813842773,"Flagged due to: transaction amount is 9.2x higher than historical average, and transaction amount is 5.7x higher than 30-day average transaction size, and transaction amount covers 7.7x monthly average balance.","TRANS_AMOUNT_Z_SCORE (+2.9877), TRANS_AMOUNT_VS_30D_AVG_RATIO (+0.7122), BALANCE_COVERAGE_RATIO (+0.4901)","TRANS_HOUR × TRANS_AMOUNT_Z_SCORE (+0.2095), TRANS_AMOUNT_Z_SCORE × DAYS_AMOUNT_COMBINED (+0.1592), TRANS_AMOUNT_Z_SCORE × TRANS_AMOUNT_VS_30D_AVG_RATIO (+0.1529)","TRANS_AMOUNT: 197,400,000.00 -> 171,124,641.61 (-26,275,358.39)",Transfer,Outside_bank,2019-12-12,Thu,12,1,197400000.0,668460,7e6728bad9574d99,Android,170.32.xx.xx (HCM),F,2019-08-23,1989-10-24,0,2019-10-24,BRANCH,0,SMART_OTP,Working,197400000.0,1,197400000.0,1,197400000.0,1,198360000.0,2,198860000.0,3,347600000.0,10,25608143.785,21505277.777777776,18,1.9166666666666667,1,1179.0,LOGIN,0.0,39.0,0.0,-0.9840603048357479,1,0.7112214308695028,0.0,0.0,0,0.0
431135,1215,1,0.6544434428215027,"Flagged due to: transaction amount is 11.8x higher than historical average, and transaction amount is 5.6x higher than 30-day average transaction size, and transaction amount leading digits deviation from Benford's Law (score: 0.2594).","TRANS_AMOUNT_Z_SCORE (+3.6372), TRANS_AMOUNT_VS_30D_AVG_RATIO (+0.7481), BENFORD_DEV (+0.4917)","TRANS_HOUR × TRANS_AMOUNT_Z_SCORE (+0.2658), HIST_BIOMETRIC_RATIO × TRANS_AMOUNT_Z_SCORE (-0.2191), TRANS_AMOUNT_Z_SCORE × DAYS_AMOUNT_COMBINED (+0.2101)","TRANS_AMOUNT: 7,200,000.00 -> 6,091,026.31 (-1,108,973.69)",Transfer,Outside_bank,2019-07-19,Fri,15,1,7200000.0,441847,2cef8d985531789f,Android,64.175.xx.xx (HN),F,2019-02-25,1997-04-10,0,2019-03-12,BRANCH,1,SMART_OTP,Commercial associate,7200000.0,1,7200000.0,1,7200000.0,1,7200000.0,1,11328000.0,4,12888000.0,10,7727014.606999999,611423.7142857143,63,2.0416666666666665,1,1681.0,LOGIN,0.0,19.0,0.259432732347952,-1.5957931982536713,1,0.7112214308695028,0.0,0.0,0,0.0
1275178,1217,1,1.0,"Flagged due to: unusual combination of high transaction amount and long inactivity period (combined score: 74.72), and long inactivity period (102.1 days since last transaction), and recent security credential modification (5593.0 hours ago).","DAYS_AMOUNT_COMBINED (+3.4115), DAYS_SINCE_LAST_TRANS (+0.7366), HOURS_SINCE_SEC_EVENT (+0.5183)","TRANS_HOUR × DAYS_AMOUNT_COMBINED (+0.2502), DAYS_SINCE_LAST_TRANS × BALANCE_COVERAGE_RATIO (+0.1304), HOURS_SINCE_SEC_EVENT × VELOCITY_RATIO_AMOUNT_7D_VS_30D (+0.1149)","TRANS_AMOUNT: 10,000,000.00 -> 2,853,174.21 (-7,146,825.79)",Transfer,Outside_bank,2019-11-24,Sun,12,1,10000000.0,482871,ebbf547123f63f46,iOS,128.93.xx.xx (BD),M,2019-03-04,1989-09-12,0,2019-04-03,BRANCH,1,SMART_OTP,Commercial associate,10000000.0,1,10000000.0,1,10000000.0,1,10000000.0,1,10000000.0,1,10000000.0,1,14917065.887,5994444.444444444,9,102.08333333333333,1,5593.0,LOGIN,0.0,15.0,0.0,-1.0479868494408155,1,0.7112214308695028,0.0,0.0,0,0.0
1102914,1285,1,1.0,"Flagged due to: transaction amount is 9.7x higher than historical average, and transaction amount covers 38.8x monthly average balance, and unusual combination of high transaction amount and long inactivity period (combined score: 54.60).","TRANS_AMOUNT_Z_SCORE (+3.0125), BALANCE_COVERAGE_RATIO (+1.2919), DAYS_AMOUNT_COMBINED (+0.5902)","TRANS_AMOUNT_Z_SCORE × DAYS_AMOUNT_COMBINED (-1.1419), TRANS_AMOUNT_Z_SCORE × BALANCE_COVERAGE_RATIO (+0.4592), HIST_BIOMETRIC_RATIO × TRANS_AMOUNT_Z_SCORE (-0.2309)","TRANS_AMOUNT: 21,000,000.00 -> 17,261,289.60 (-3,738,710.40)",Transfer,Within_bank,2019-11-04,Mon,19,1,21000000.0,666409,98c88560cc28fe58,iOS,142.25.xx.xx (DN),M,2019-07-31,1996-09-04,0,2019-09-07,BRANCH,1,SMS,Commercial associate,21000000.0,1,21000000.0,1,21000000.0,1,21000000.0,1,21000000.0,1,21050000.0,2,541539.8525,2169230.769230769,13,24.5,1,742.0,LOGIN,0.0,27.0,0.0,-1.503696587781348,1,0.7112214308695028,0.0,0.0,0,0.0
1374986,1368,1,0.7984039783477783,"Flagged due to: transaction amount covers 138.8x monthly average balance, and transaction amount is 5.7x higher than historical average, and sudden 7d spending volume spike relative to 30 days (ratio: 98.7%).","BALANCE_COVERAGE_RATIO (+2.8744), TRANS_AMOUNT_Z_SCORE (+1.3514), VELOCITY_RATIO_AMOUNT_7D_VS_30D (+0.3352)","TRANS_HOUR × BALANCE_COVERAGE_RATIO (+0.2163), TRANS_AMOUNT_Z_SCORE × BALANCE_COVERAGE_RATIO (+0.2099), TRANS_HOUR × TRANS_AMOUNT_Z_SCORE (+0.1842)","TRANS_AMOUNT: 10,000,000.00 -> 8,387,632.37 (-1,612,367.63)",Transfer,Outside_bank,2019-12-27,Fri,14,2,10000000.0,768353,4d0db1967ab5a3bd,iOS,152.125.xx.xx (HN),F,2019-10-18,1989-08-20,0,2019-10-18,BRANCH,0,SMART_OTP,Businessman,10000000.0,1,15000000.0,2,15000000.0,2,15000000.0,2,15000000.0,2,15196612.0,6,72040.14,1756905.4444444445,9,0.041666666666666664,2,1584.0,LOGIN,0.0,25.0,0.0,-0.9857276406644706,2,0.7112214308695028,0.0,0.0,0,0.0
1398843,1488,1,0.5572634935379028,"Flagged due to: transaction amount covers 818.2x monthly average balance, and unusual combination of high transaction amount shortly after a security credential update (combined score: 0.00), and sudden 7d spending volume spike relative to 30 days (ratio: 100.0%).","BALANCE_COVERAGE_RATIO (+2.7847), SEC_AMOUNT_COMBINED (+0.7482), VELOCITY_RATIO_AMOUNT_7D_VS_30D (+0.3546)","TRANS_HOUR × BALANCE_COVERAGE_RATIO (+0.2244), ACTIVITY_SEQ_RARITY × BALANCE_COVERAGE_RATIO (+0.1919), HOURS_SINCE_SEC_EVENT × SEC_AMOUNT_COMBINED (+0.1908)","TRANS_AMOUNT: 35,000,000.00 -> 34,999,966.62 (-33.38)",Transfer,Outside_bank,2019-11-29,Fri,17,1,35000000.0,754562,5f43c61950d7df08,Android,71.179.xx.xx (HP),F,2019-11-29,1991-03-27,0,2019-11-29,BRANCH,1,SMART_OTP,Working,35000000.0,1,35000000.0,1,35000000.0,1,35000000.0,1,35000000.0,1,35000000.0,1,42779.245,35000000.0,1,0.7083333333333334,1,0.0,LOGIN,0.0,0.0,0.0,-1.489957913960708,1,0.7112214308695028,0.0,0.0,0,0.0
559028,1546,1,0.9813347458839417,"Flagged due to: unusual behavior in feature 'TRANS_HOUR' (value: 0.00), and unusual combination of high transaction amount and long inactivity period (combined score: 47.44), and transaction amount covers 11.4x monthly average balance.","TRANS_HOUR (+3.4884), DAYS_AMOUNT_COMBINED (+0.5325), BALANCE_COVERAGE_RATIO (+0.2705)","TRANS_HOUR × BALANCE_COVERAGE_RATIO (-0.6036), TRANS_HOUR × TRANS_AMOUNT_Z_SCORE (+0.4349), TRANS_HOUR × VELOCITY_RATIO_AMOUNT_7D_VS_30D (-0.2371)",,Payment,Credit_card_repayment,2019-12-25,Wed,0,1,1061901.0,NaN,4c70fbc53e5081bb,Android,164.179.xx.xx (HN),M,2019-02-27,1991-02-28,0,2019-03-11,BRANCH,0,SMART_OTP,Working,1061901.0,1,1061901.0,1,1061901.0,1,1061901.0,1,1061901.0,1,2242849.0,2,93487.00181818182,768031.2857142857,7,29.541666666666668,0,709.0,LOGIN,0.1891891380569897,37.0,0.0,-1.6158175110812043,1,0.7112214308695028,0.0,0.6459619047619047,0,0.0
122771,1576,1,1.0,"Flagged due to: unusual combination of high transaction amount and long inactivity period (combined score: 78.90), and recent security credential modification (7197.0 hours ago), and long inactivity period (255.8 days since last transaction).","DAYS_AMOUNT_COMBINED (+3.4942), HOURS_SINCE_SEC_EVENT (+0.9549), DAYS_SINCE_LAST_TRANS (+0.9045)","DAYS_SINCE_LAST_TRANS × BALANCE_COVERAGE_RATIO (-0.2770), TRANS_HOUR × DAYS_AMOUNT_COMBINED (+0.2756), TRANS_AMOUNT_Z_SCORE × DAYS_AMOUNT_COMBINED (+0.2567)","TRANS_AMOUNT: 1,500,000.00 -> 20,557.88 (-1,479,442.12)",Topup,eWallet,2019-12-23,Mon,10,2,1500000.0,NaN,a7661459c5c3cdb4,iOS,170.171.xx.xx (HN),M,2019-02-26,1995-08-28,0,2019-02-26,BRANCH,1,SMS,Working,1500000.0,1,1500000.0,1,1500000.0,1,1500000.0,1,1500000.0,1,1500000.0,1,426035.72181818174,1078166.6666666667,6,255.83333333333334,0,7197.0,LOGIN,0.47368408587260896,38.0,0.0,-1.0564511194805355,1,0.7112214308695028,0.0,0.0,0,0.0
1380182,1649,1,1.0,"Flagged due to: transaction amount is 8.2x higher than historical average, and transaction amount covers 25.1x monthly average balance, and unusual combination of high transaction amount and long inactivity period (combined score: 46.72).","TRANS_AMOUNT_Z_SCORE (+2.8332), BALANCE_COVERAGE_RATIO (+1.0893), DAYS_AMOUNT_COMBINED (+0.3293)","TRANS_AMOUNT_Z_SCORE × BALANCE_COVERAGE_RATIO (+0.4212), TRANS_AMOUNT_Z_SCORE × DAYS_AMOUNT_COMBINED (-0.4113), TRANS_HOUR × TRANS_AMOUNT_Z_SCORE (+0.2008)","TRANS_AMOUNT: 30,546,141.00 -> 29,588,660.99 (-957,480.01)",Payment,Credit_card_repayment,2019-12-05,Thu,15,1,30546141.0,NaN,f24f392b7b3c4a93,Web,250.22.xx.xx (HN),M,2019-01-15,1991-10-25,0,2019-09-13,AUTO-JOB,0,SMART_OTP,Commercial associate,30546141.0,1,30546141.0,1,30546141.0,1,30546141.0,1,30546141.0,1,31595141.0,3,1218257.0591666668,3718414.1,10,14.041666666666666,0,1242.0,LOGIN_FACEID,0.4533332728888969,75.0,0.0,-1.146478698109947,1,0.7112214308695028,0.0,0.0,0,0.0
162513,1766,1,0.758294403553009,"Flagged due to: transaction amount is 5.9x higher than historical average, and transaction amount leading digits deviation from Benford's Law (score: 0.3933), and recent security credential modification (4891.0 hours ago).","TRANS_AMOUNT_Z_SCORE (+1.7347), BENFORD_DEV (+0.6964), HOURS_SINCE_SEC_EVENT (+0.5560)","HOURS_SINCE_SEC_EVENT × TRANS_AMOUNT_Z_SCORE (+0.2290), TRANS_HOUR × TRANS_AMOUNT_Z_SCORE (+0.1853), BENFORD_DEV × TRANS_AMOUNT_Z_SCORE (+0.1682)","TRANS_AMOUNT: 50,000,000.00 -> 47,417,879.10 (-2,582,120.90)",Transfer,Outside_bank,2019-09-11,Wed,10,1,50000000.0,104311,6b41f91b3d2cb965,iOS,123.247.xx.xx (DN),F,2019-01-17,1989-05-01,0,2019-02-19,BRANCH,1,SMS,Working,50000000.0,1,50000000.0,1,50000000.0,1,50000000.0,1,50050000.0,2,81050000.0,8,7918522.095454545,8421974.576271186,59,6.083333333333333,1,4891.0,LOGIN,0.0,47.0,0.3933366962358669,-1.0456869888422138,1,0.8680939185323048,7.63315077381066e-05,0.8857615384615385,0,0.0
799888,1782,1,0.8062841296195984,"Flagged due to: transaction amount is 11.6x higher than historical average, and transaction amount covers 14.8x monthly average balance, and sudden 7d spending volume spike relative to 30 days (ratio: 100.0%).","TRANS_AMOUNT_Z_SCORE (+3.3991), BALANCE_COVERAGE_RATIO (+0.8528), VELOCITY_RATIO_AMOUNT_7D_VS_30D (+0.2436)","TRANS_HOUR × TRANS_AMOUNT_Z_SCORE (+0.2732), TRANS_AMOUNT_Z_SCORE × BALANCE_COVERAGE_RATIO (+0.2608), HIST_BIOMETRIC_RATIO × TRANS_AMOUNT_Z_SCORE (-0.2309)","TRANS_AMOUNT: 14,000,000.00 -> 11,675,727.84 (-2,324,272.16)",Transfer,Outside_bank,2019-07-04,Thu,21,1,14000000.0,290273,88f9cd660075f580,iOS,91.72.xx.xx (HCM),M,2019-06-27,1996-10-18,0,2019-06-27,BRANCH,1,SMART_OTP,State servant,14000000.0,1,14000000.0,1,14000000.0,1,14000000.0,1,14000000.0,1,14000000.0,1,942878.2016666667,1211898.1818181819,55,7.875,1,999.0,UNKNOWN,0.0,0.0,0.07172641423224274,-1.182784549586363,1,0.7112214308695028,0.0,0.0,0,0.0
799878,1782,1,0.969028890132904,"Flagged due to: transaction amount is 9.9x higher than historical average, and transaction amount covers 12.7x monthly average balance, and transaction amount is 5.7x higher than 30-day average transaction size.","TRANS_AMOUNT_Z_SCORE (+3.6637), BALANCE_COVERAGE_RATIO (+0.6731), TRANS_AMOUNT_VS_30D_AVG_RATIO (+0.6122)","HIST_BIOMETRIC_RATIO × TRANS_AMOUNT_Z_SCORE (-0.2455), TRANS_HOUR × TRANS_AMOUNT_Z_SCORE (+0.2063), TRANS_AMOUNT_Z_SCORE × BALANCE_COVERAGE_RATIO (+0.1898)","TRANS_AMOUNT: 12,000,000.00 -> 9,643,478.39 (-2,356,521.61)",Transfer,Outside_bank,2019-12-06,Fri,8,1,12000000.0,604325,88f9cd660075f580,iOS,73.155.xx.xx (HCM),M,2019-06-27,1996-10-18,0,2019-06-27,BRANCH,1,SMART_OTP,State servant,12000000.0,1,12000000.0,1,12000000.0,1,12000000.0,1,12020000.0,2,16920000.0,8,942878.2016666667,1211898.1818181819,55,2.5833333333333335,1,999.0,LOGIN,0.0,90.0,0.07172641423224274,-1.182784549586363,1,0.7112214308695028,0.0,0.0,0,0.0
616143,1817,1,1.0,"Flagged due to: unusual behavior in feature 'TRANS_HOUR' (value: 3.00), and sudden 7d spending volume spike relative to 30 days (ratio: 100.0%), and unusual combination of high transaction amount shortly after a security credential update (combined score: 63.62).","TRANS_HOUR (+4.2254), VELOCITY_RATIO_AMOUNT_7D_VS_30D (+0.8287), SEC_AMOUNT_COMBINED (+0.1994)","TRANS_HOUR × VELOCITY_RATIO_AMOUNT_7D_VS_30D (+1.1568), TRANS_HOUR × BALANCE_COVERAGE_RATIO (-0.5815), TRANS_HOUR × TRANS_AMOUNT_Z_SCORE (+0.3961)",,Transfer,Within_bank,2019-06-22,Sat,3,1,1000000.0,272258,df1042cc047ef772,Android,55.6.xx.xx (HN),F,2019-06-10,1979-05-04,0,2019-06-10,BRANCH,1,SMART_OTP,State servant,1000000.0,1,1000000.0,1,1000000.0,1,1000000.0,1,1200000.0,2,1200000.0,2,180687.62000000002,587033.6538461539,26,4.125,1,99.0,LOGIN,0.0,7.0,0.0,-1.269462739961817,1,0.7112214308695028,0.0,0.0,0,0.0
1179525,1936,1,1.0,"Flagged due to: unusual behavior in feature 'TRANS_HOUR' (value: 2.00), and transaction amount is 10.2x higher than historical average, and transaction amount is 11.7x higher than 30-day average transaction size.","TRANS_HOUR (+2.7937), TRANS_AMOUNT_Z_SCORE (+2.5335), TRANS_AMOUNT_VS_30D_AVG_RATIO (+0.7104)","TRANS_HOUR × TRANS_AMOUNT_Z_SCORE (-2.3310), TRANS_HOUR × VELOCITY_RATIO_AMOUNT_7D_VS_30D (+0.9076), TRANS_AMOUNT_Z_SCORE × VELOCITY_RATIO_AMOUNT_7D_VS_30D (-0.5057)","TRANS_AMOUNT: 50,000,000.00 -> 1,206,207.28 (-48,793,792.72)",Transfer,Outside_bank,2019-11-06,Wed,2,1,50000000.0,266305,a9c604d5c91bd6d1,Android,132.200.xx.xx (CT),M,2019-10-11,1996-03-04,0,2019-10-11,BRANCH,1,SMART_OTP,State servant,50000000.0,1,50000000.0,1,60000000.0,2,60000000.0,2,65087000.0,7,68127000.0,16,52256272.38666666,4890741.379310345,58,0.4583333333333333,2,615.0,LOGIN,0.47058816608997556,68.0,0.23505893845611014,-1.3069872441872068,1,0.7112214308695028,0.0,0.0,0,0.0
1179521,1936,1,1.0,"Flagged due to: transaction amount is 10.2x higher than historical average, and transaction amount is 12.7x higher than 30-day average transaction size, and transaction amount leading digits deviation from Benford's Law (score: 0.2351).","TRANS_AMOUNT_Z_SCORE (+3.9537), TRANS_AMOUNT_VS_30D_AVG_RATIO (+1.1468), BENFORD_DEV (+0.4661)","HIST_BIOMETRIC_RATIO × TRANS_AMOUNT_Z_SCORE (+0.3288), TRANS_HOUR × TRANS_AMOUNT_Z_SCORE (+0.2904), TRANS_AMOUNT_Z_SCORE × TRANS_AMOUNT_VS_30D_AVG_RATIO (+0.2431)","TRANS_AMOUNT: 50,000,000.00 -> 38,917,255.40 (-11,082,744.60)",Transfer,Outside_bank,2019-12-23,Mon,21,1,50000000.0,141567,a9c604d5c91bd6d1,Android,6.100.xx.xx (CT),M,2019-10-11,1996-03-04,0,2019-10-11,BRANCH,1,SMART_OTP,State servant,50000000.0,1,50000000.0,1,50000000.0,1,50000000.0,1,52400000.0,4,86906000.0,22,52256272.38666666,4890741.379310345,58,3.0833333333333335,1,1762.0,LOGIN,0.47058820761245834,170.0,0.23505893845611014,-1.3069872441872068,1,0.7112214308695028,0.0,0.0,0,0.0
1179560,1936,1,1.0,"Flagged due to: transaction amount is 10.2x higher than historical average, and transaction amount is 6.9x higher than 30-day average transaction size, and transaction amount leading digits deviation from Benford's Law (score: 0.2351).","TRANS_AMOUNT_Z_SCORE (+3.9619), TRANS_AMOUNT_VS_30D_AVG_RATIO (+1.1789), BENFORD_DEV (+0.4144)","HIST_BIOMETRIC_RATIO × TRANS_AMOUNT_Z_SCORE (+0.3288), TRANS_HOUR × TRANS_AMOUNT_Z_SCORE (+0.2687), TRANS_AMOUNT_Z_SCORE × TRANS_AMOUNT_VS_30D_AVG_RATIO (+0.2117)","TRANS_AMOUNT: 50,000,000.00 -> 43,070,077.90 (-6,929,922.10)",Transfer,Outside_bank,2019-12-31,Tue,10,1,50000000.0,901226,a9c604d5c91bd6d1,Android,28.204.xx.xx (CT),M,2019-10-11,1996-03-04,0,2019-10-11,BRANCH,1,SMART_OTP,State servant,50000000.0,1,50000000.0,1,50000000.0,1,50000000.0,1,84200000.0,6,165736000.0,23,52256272.38666666,4890741.379310345,58,3.1666666666666665,1,1943.0,LOGIN,0.47027024485025704,185.0,0.23505893845611014,-1.3069872441872068,1,0.7112214308695028,0.0,0.0,0,0.0
973496,1997,1,0.8674951791763306,"Flagged due to: transaction amount is 20.7x higher than historical average, and transaction amount covers 14.8x monthly average balance, and sudden 7d spending volume spike relative to 30 days (ratio: 99.4%).","TRANS_AMOUNT_Z_SCORE (+3.5751), BALANCE_COVERAGE_RATIO (+0.8956), VELOCITY_RATIO_AMOUNT_7D_VS_30D (+0.2440)","TRANS_HOUR × TRANS_AMOUNT_Z_SCORE (+0.2915), TRANS_AMOUNT_Z_SCORE × BALANCE_COVERAGE_RATIO (+0.2605), HIST_BIOMETRIC_RATIO × TRANS_AMOUNT_Z_SCORE (-0.2574)","TRANS_AMOUNT: 16,000,000.00 -> 7,853,988.65 (-8,146,011.35)",Transfer,Outside_bank,2019-09-14,Sat,17,2,16000000.0,14539,0ac2d3786f0c307d,iOS,134.249.xx.xx (HCM),M,2019-05-08,1992-09-24,0,2019-05-08,BRANCH,1,SMS,State servant,16000000.0,1,16000000.0,1,16000000.0,1,16500000.0,2,17000000.0,3,17102000.0,4,1084664.1785714286,771720.0,65,1.375,1,2456.0,LOGIN,0.0,19.0,0.12999177580889687,-1.1320618740524602,1,0.7112214308695028,0.0,0.0,0,0.0
698169,2020,1,1.0,"Flagged due to: transaction amount is 15.0x higher than historical average, and transaction amount is 10.6x higher than 30-day average transaction size, and transaction amount covers 41.4x monthly average balance.","TRANS_AMOUNT_Z_SCORE (+4.1687), TRANS_AMOUNT_VS_30D_AVG_RATIO (+1.1215), BALANCE_COVERAGE_RATIO (+1.1027)","TRANS_AMOUNT_Z_SCORE × BALANCE_COVERAGE_RATIO (+0.3950), HIST_BIOMETRIC_RATIO × TRANS_AMOUNT_Z_SCORE (+0.3636), TRANS_HOUR × TRANS_AMOUNT_Z_SCORE (+0.2627)","TRANS_AMOUNT: 49,500,000.00 -> 22,906,996.25 (-26,593,003.75)",Transfer,Outside_bank,2019-09-21,Sat,16,1,49500000.0,677595,29733de3f971d22e,iOS,55.5.xx.xx (HN),M,2019-06-17,1995-10-05,0,2019-06-17,BRANCH,0,SMS,Commercial associate,50000000.0,2,50000000.0,2,50000000.0,2,52000000.0,3,57100000.0,7,103072000.0,22,1194494.1728571428,3290769.789473684,133,1.875,1,1545.0,LOGIN_FACEID,0.496710509976628,304.0,0.10090772052024406,-1.344779470573237,1,0.7112214308695028,0.0,0.0,0,0.0
698235,2020,1,0.5661214590072632,"Flagged due to: transaction amount is 6.2x higher than historical average, and transaction amount is 7.4x higher than 30-day average transaction size, and transaction amount covers 17.2x monthly average balance.","TRANS_AMOUNT_Z_SCORE (+1.8720), TRANS_AMOUNT_VS_30D_AVG_RATIO (+1.0952), BALANCE_COVERAGE_RATIO (+0.8887)","TRANS_HOUR × TRANS_AMOUNT_VS_30D_AVG_RATIO (+0.1953), BALANCE_COVERAGE_RATIO × TRANS_AMOUNT_VS_30D_AVG_RATIO (-0.1730), TRANS_AMOUNT_Z_SCORE × DAYS_AMOUNT_COMBINED (+0.1698)","TRANS_AMOUNT: 20,500,000.00 -> 20,109,736.44 (-390,263.56)",Transfer,Outside_bank,2019-10-28,Mon,17,1,20500000.0,464307,29733de3f971d22e,iOS,240.11.xx.xx (HN),M,2019-06-17,1995-10-05,0,2019-06-17,BRANCH,0,SMS,Commercial associate,23000000.0,2,23000000.0,2,23500000.0,3,23600000.0,4,26979745.0,11,116813937.0,42,1194494.1728571428,3290769.789473684,133,0.0,3,2434.0,LOGIN_FACEID,0.49944628461299795,903.0,0.10090772052024406,-1.344779470573237,2,0.7112214308695028,0.0,0.0,0,0.0
698217,2020,1,1.0,"Flagged due to: transaction amount is 11.4x higher than historical average, and transaction amount is 8.0x higher than 30-day average transaction size, and transaction amount covers 31.3x monthly average balance.","TRANS_AMOUNT_Z_SCORE (+4.1739), TRANS_AMOUNT_VS_30D_AVG_RATIO (+1.1342), BALANCE_COVERAGE_RATIO (+1.0642)","TRANS_AMOUNT_Z_SCORE × BALANCE_COVERAGE_RATIO (+0.3950), HIST_BIOMETRIC_RATIO × TRANS_AMOUNT_Z_SCORE (+0.3636), TRANS_HOUR × TRANS_AMOUNT_Z_SCORE (+0.2466)","TRANS_AMOUNT: 37,400,000.00 -> 26,185,735.32 (-11,214,264.68)",Transfer,Outside_bank,2019-11-27,Wed,17,1,37400000.0,883684,29733de3f971d22e,iOS,141.73.xx.xx (HN),M,2019-06-17,1995-10-05,0,2019-06-17,BRANCH,0,SMS,Commercial associate,37400000.0,1,39244000.0,4,39244000.0,4,39294000.0,5,64431000.0,13,144100455.0,31,1194494.1728571428,3290769.789473684,133,0.041666666666666664,3,3154.0,LOGIN,0.49961508468348664,1299.0,0.10090772052024406,-1.344779470573237,4,0.7112214308695028,0.0,0.0,0,0.0
636734,2021,1,1.0,"Flagged due to: transaction amount is 11.8x higher than historical average, and transaction amount is 15.3x higher than 30-day average transaction size, and transaction amount covers 4.8x monthly average balance.","TRANS_AMOUNT_Z_SCORE (+3.9744), TRANS_AMOUNT_VS_30D_AVG_RATIO (+0.8489), BALANCE_COVERAGE_RATIO (+0.4809)","HIST_BIOMETRIC_RATIO × TRANS_AMOUNT_Z_SCORE (+0.3160), TRANS_AMOUNT_Z_SCORE × TRANS_AMOUNT_VS_30D_AVG_RATIO (+0.2322), TRANS_AMOUNT_Z_SCORE × DAYS_AMOUNT_COMBINED (+0.2149)","TRANS_AMOUNT: 40,003,000.00 -> 27,038,732.77 (-12,964,267.23)",Transfer,Within_bank,2019-07-13,Sat,7,1,40003000.0,526686,d1d409b90dd0fd50,iOS,35.176.xx.xx (HCM),M,2019-06-03,1993-07-27,1,2019-06-04,BRANCH,1,SMART_OTP,Working,40003000.0,1,40003000.0,1,40003000.0,1,40223000.0,3,40788000.0,6,41960600.0,16,8400146.7,3397966.7976190476,252,1.7916666666666667,1,840.0,LOGIN,0.39999920000160005,5.0,0.059203318089263005,-1.3259916181717284,1,0.7112214308695028,0.0,0.0,0,0.0
636715,2021,1,1.0,"Flagged due to: transaction amount is 12.9x higher than historical average, and transaction amount is 15.0x higher than 30-day average transaction size, and transaction amount covers 5.2x monthly average balance.","TRANS_AMOUNT_Z_SCORE (+4.0863), TRANS_AMOUNT_VS_30D_AVG_RATIO (+1.0936), BALANCE_COVERAGE_RATIO (+0.5113)","HIST_BIOMETRIC_RATIO × TRANS_AMOUNT_Z_SCORE (+0.3636), TRANS_HOUR × TRANS_AMOUNT_Z_SCORE (+0.2476), TRANS_AMOUNT_Z_SCORE × TRANS_AMOUNT_VS_30D_AVG_RATIO (+0.2322)","TRANS_AMOUNT: 44,000,000.00 -> 27,038,757.32 (-16,961,242.68)",Transfer,Outside_bank,2019-10-19,Sat,10,1,44000000.0,41257,d1d409b90dd0fd50,iOS,198.25.xx.xx (HCM),M,2019-06-03,1993-07-27,1,2019-06-04,BRANCH,1,SMART_OTP,Working,44000000.0,1,44000000.0,1,44000000.0,1,71820000.0,3,72820001.0,10,111100001.0,38,8400146.7,3397966.7976190476,252,1.75,1,3195.0,LOGIN,0.4859154758480467,284.0,0.059203318089263005,-1.3259916181717284,1,0.7112214308695028,0.0,0.0,0,0.0
636749,2021,1,1.0,"Flagged due to: transaction amount is 14.7x higher than historical average, and transaction amount is 11.9x higher than 30-day average transaction size, and transaction amount covers 6.0x monthly average balance.","TRANS_AMOUNT_Z_SCORE (+4.0825), TRANS_AMOUNT_VS_30D_AVG_RATIO (+1.0936), BALANCE_COVERAGE_RATIO (+0.5119)","HIST_BIOMETRIC_RATIO × TRANS_AMOUNT_Z_SCORE (+0.3636), TRANS_HOUR × TRANS_AMOUNT_Z_SCORE (+0.2476), TRANS_AMOUNT_Z_SCORE × TRANS_AMOUNT_VS_30D_AVG_RATIO (+0.2322)","TRANS_AMOUNT: 50,000,000.00 -> 27,038,717.27 (-22,961,282.73)",Payment,Credit_card_repayment,2019-10-24,Thu,22,1,50000000.0,NaN,d1d409b90dd0fd50,iOS,68.30.xx.xx (HCM),M,2019-06-03,1993-07-27,1,2019-06-04,BRANCH,1,SMART_OTP,Working,52434000.0,2,52434000.0,2,52434000.0,2,55258000.0,5,106578000.0,10,164270001.0,39,8400146.7,3397966.7976190476,252,0.041666666666666664,0,3327.0,LOGIN,0.4872611309789449,314.0,0.059203318089263005,-1.3259916181717284,2,0.7112214308695028,0.0,0.0,0,0.0
636758,2021,1,0.7797968983650208,"Flagged due to: transaction amount is 9.5x higher than historical average, and transaction amount is 8.0x higher than 30-day average transaction size, and unusual behavior in feature 'HIST_BIOMETRIC_RATIO' (value: 0.48).","TRANS_AMOUNT_Z_SCORE (+3.1264), TRANS_AMOUNT_VS_30D_AVG_RATIO (+1.1555), HIST_BIOMETRIC_RATIO (+0.2946)","TRANS_AMOUNT_Z_SCORE × TRANS_AMOUNT_VS_30D_AVG_RATIO (+0.2498), BALANCE_COVERAGE_RATIO × TRANS_AMOUNT_VS_30D_AVG_RATIO (-0.2013), TRANS_HOUR × TRANS_AMOUNT_VS_30D_AVG_RATIO (+0.1923)","TRANS_AMOUNT: 32,168,000.00 -> 27,038,733.96 (-5,129,266.04)",Transfer,Within_bank,2019-11-05,Tue,16,1,32168000.0,208610,d1d409b90dd0fd50,iOS,37.44.xx.xx (HCM),M,2019-06-03,1993-07-27,1,2019-06-04,BRANCH,1,SMART_OTP,Working,32168000.0,1,32218000.0,2,32218000.0,2,32568000.0,4,40601001.0,14,185230002.0,46,8400146.7,3397966.7976190476,252,0.08333333333333333,2,3609.0,LOGIN_FACEID,0.4840425403180176,376.0,0.059203318089263005,-1.3259916181717284,2,0.7112214308695028,0.0,0.0,0,0.0
636636,2021,1,1.0,"Flagged due to: transaction amount is 10.3x higher than historical average, and transaction amount is 13.7x higher than 30-day average transaction size, and transaction amount covers 4.2x monthly average balance.","TRANS_AMOUNT_Z_SCORE (+4.1372), TRANS_AMOUNT_VS_30D_AVG_RATIO (+1.1980), BALANCE_COVERAGE_RATIO (+0.5105)","HIST_BIOMETRIC_RATIO × TRANS_AMOUNT_Z_SCORE (+0.3636), TRANS_AMOUNT_Z_SCORE × TRANS_AMOUNT_VS_30D_AVG_RATIO (+0.2498), TRANS_HOUR × TRANS_AMOUNT_Z_SCORE (+0.2476)","TRANS_AMOUNT: 35,000,000.00 -> 27,038,736.34 (-7,961,263.66)",Transfer,Within_bank,2019-11-26,Tue,17,1,35000000.0,36572,d1d409b90dd0fd50,iOS,155.10.xx.xx (HCM),M,2019-06-03,1993-07-27,1,2019-06-04,BRANCH,1,SMART_OTP,Working,35000000.0,1,38925000.0,2,40519000.0,5,40554000.0,6,46943000.0,20,153694001.0,60,8400146.7,3397966.7976190476,252,0.041666666666666664,5,4114.0,LOGIN_FACEID,0.48632811550140403,512.0,0.059203318089263005,-1.3259916181717284,2,0.7112214308695028,0.0,0.0,0,0.0
636673,2021,1,1.0,"Flagged due to: transaction amount is 15.2x higher than historical average, and transaction amount is 13.7x higher than 30-day average transaction size, and transaction amount covers 6.1x monthly average balance.","TRANS_AMOUNT_Z_SCORE (+4.1363), TRANS_AMOUNT_VS_30D_AVG_RATIO (+1.1985), BALANCE_COVERAGE_RATIO (+0.5394)","HIST_BIOMETRIC_RATIO × TRANS_AMOUNT_Z_SCORE (+0.3636), TRANS_AMOUNT_Z_SCORE × TRANS_AMOUNT_VS_30D_AVG_RATIO (+0.2498), TRANS_HOUR × TRANS_AMOUNT_Z_SCORE (+0.2476)","TRANS_AMOUNT: 51,500,000.00 -> 27,038,757.32 (-24,461,242.68)",Transfer,Outside_bank,2019-11-29,Fri,10,1,51500000.0,82999,d1d409b90dd0fd50,iOS,187.239.xx.xx (HCM),M,2019-06-03,1993-07-27,1,2019-06-04,BRANCH,1,SMART_OTP,Working,51500000.0,1,69550000.0,3,69640000.0,4,70200127.0,5,116655127.0,21,217744128.0,58,8400146.7,3397966.7976190476,252,0.08333333333333333,4,4179.0,LOGIN,0.48674241502381793,528.0,0.059203318089263005,-1.3259916181717284,3,0.7112214308695028,0.0,0.0,0,0.0
636641,2021,1,0.8861962556838989,"Flagged due to: transaction amount is 9.0x higher than historical average, and transaction amount is 6.4x higher than 30-day average transaction size, and recent security credential modification (4280.0 hours ago).","TRANS_AMOUNT_Z_SCORE (+3.1929), TRANS_AMOUNT_VS_30D_AVG_RATIO (+1.0037), HOURS_SINCE_SEC_EVENT (+0.4136)","HOURS_SINCE_SEC_EVENT × VELOCITY_RATIO_AMOUNT_24H_VS_7D (-0.2917), TRANS_AMOUNT_Z_SCORE × TRANS_AMOUNT_VS_30D_AVG_RATIO (+0.2184), BALANCE_COVERAGE_RATIO × TRANS_AMOUNT_VS_30D_AVG_RATIO (-0.2013)","TRANS_AMOUNT: 30,559,000.00 -> 27,038,747.61 (-3,520,252.39)",Transfer,Within_bank,2019-12-03,Tue,15,1,30559000.0,382835,d1d409b90dd0fd50,iOS,221.47.xx.xx (NA),M,2019-06-03,1993-07-27,1,2019-06-04,BRANCH,1,SMART_OTP,Working,30559000.0,1,43736000.0,3,43736000.0,3,44736000.0,4,195749527.0,20,296445527.0,62,8400146.7,3397966.7976190476,252,0.08333333333333333,3,4280.0,LOGIN_FACEID,0.4868651403351114,571.0,0.059203318089263005,-1.3259916181717284,3,0.7112214308695028,0.0,0.0,0,0.0
636772,2021,1,1.0,"Flagged due to: transaction amount is 9.6x higher than historical average, and transaction amount is 5.6x higher than 30-day average transaction size, and recent security credential modification (4777.0 hours ago).","TRANS_AMOUNT_Z_SCORE (+3.2829), TRANS_AMOUNT_VS_30D_AVG_RATIO (+0.7722), HOURS_SINCE_SEC_EVENT (+0.6214)","HOURS_SINCE_SEC_EVENT × TRANS_AMOUNT_Z_SCORE (+0.2896), TRANS_HOUR × TRANS_AMOUNT_Z_SCORE (+0.2110), BALANCE_COVERAGE_RATIO × TRANS_AMOUNT_VS_30D_AVG_RATIO (-0.2013)","TRANS_AMOUNT: 32,500,000.00 -> 27,038,753.03 (-5,461,246.97)",Transfer,Within_bank,2019-12-24,Tue,8,2,32500000.0,316846,d1d409b90dd0fd50,iOS,85.44.xx.xx (HCM),M,2019-06-03,1993-07-27,1,2019-06-04,BRANCH,1,SMART_OTP,Working,37500000.0,2,37500000.0,2,37500000.0,2,39106504.0,4,53381504.0,11,328714031.0,57,8400146.7,3397966.7976190476,252,0.0,2,4777.0,LOGIN_FACEID,0.4882352869377164,680.0,0.059203318089263005,-1.3259916181717284,2,0.7112214308695028,0.0,0.0,0,0.0
636774,2021,1,1.0,"Flagged due to: transaction amount is 10.6x higher than historical average, and transaction amount is 6.3x higher than 30-day average transaction size, and transaction amount covers 4.3x monthly average balance.","TRANS_AMOUNT_Z_SCORE (+3.9584), TRANS_AMOUNT_VS_30D_AVG_RATIO (+1.1565), BALANCE_COVERAGE_RATIO (+0.5031)","HIST_BIOMETRIC_RATIO × TRANS_AMOUNT_Z_SCORE (+0.3636), TRANS_HOUR × TRANS_AMOUNT_Z_SCORE (+0.2493), TRANS_AMOUNT_Z_SCORE × TRANS_AMOUNT_VS_30D_AVG_RATIO (+0.2184)","TRANS_AMOUNT: 36,032,000.00 -> 29,206,999.51 (-6,825,000.49)",Transfer,Outside_bank,2019-12-27,Fri,14,2,36032000.0,103203,d1d409b90dd0fd50,iOS,106.251.xx.xx (HCM),M,2019-06-03,1993-07-27,1,2019-06-04,BRANCH,1,SMART_OTP,Working,36076000.0,2,36103000.0,3,37453000.0,6,40453000.0,7,108716504.0,17,357009904.0,62,8400146.7,3397966.7976190476,252,0.08333333333333333,4,4855.0,LOGIN,0.489451469909262,711.0,0.059203318089263005,-1.3259916181717284,2,0.7112214308695028,0.0,0.0,0,0.0
1268200,2143,1,0.7930383682250977,"Flagged due to: transaction amount is 11.9x higher than historical average, and transaction amount covers 15.1x monthly average balance, and sudden 7d spending volume spike relative to 30 days (ratio: 100.0%).","TRANS_AMOUNT_Z_SCORE (+3.5474), BALANCE_COVERAGE_RATIO (+0.8527), VELOCITY_RATIO_AMOUNT_7D_VS_30D (+0.2431)","TRANS_HOUR × TRANS_AMOUNT_Z_SCORE (+0.3076), TRANS_AMOUNT_Z_SCORE × BALANCE_COVERAGE_RATIO (+0.2608), HIST_BIOMETRIC_RATIO × TRANS_AMOUNT_Z_SCORE (-0.2574)","TRANS_AMOUNT: 200,000,000.00 -> 161,698,722.84 (-38,301,277.16)",Transfer,Outside_bank,2019-11-22,Fri,14,1,200000000.0,88983,8b3d45ab015f8381,iOS,52.185.xx.xx (HN),F,2019-11-20,1982-02-01,0,2019-11-20,BRANCH,1,SMART_OTP,Working,200000000.0,1,200000000.0,1,200000000.0,1,200000000.0,1,200000000.0,1,200000000.0,1,13259130.17,16783742.277777776,18,2.5833333333333335,1,52.0,LOGIN,0.0,1.0,0.0,-1.2687499475261257,1,0.7112214308695028,0.0,0.0,0,0.0
1032433,2174,1,1.0,"Flagged due to: transaction amount is 59.0x higher than historical average, and transaction amount covers 18.2x monthly average balance, and transaction amount is 6.8x higher than 30-day average transaction size.","TRANS_AMOUNT_Z_SCORE (+4.2037), BALANCE_COVERAGE_RATIO (+0.9692), TRANS_AMOUNT_VS_30D_AVG_RATIO (+0.7874)","HIST_BIOMETRIC_RATIO × TRANS_AMOUNT_Z_SCORE (+0.3636), TRANS_AMOUNT_Z_SCORE × BALANCE_COVERAGE_RATIO (+0.3615), TRANS_HOUR × TRANS_AMOUNT_Z_SCORE (+0.3159)","TRANS_AMOUNT: 230,000,000.00 -> 31,003,551.48 (-198,996,448.52)",Transfer,Outside_bank,2019-12-02,Mon,10,1,230000000.0,712611,0b3dda6856c64b6c,iOS,167.107.xx.xx (BD),F,2019-02-13,1996-08-27,0,2019-08-13,BRANCH,0,SMART_OTP,Unemployed,230000000.0,1,230000000.0,1,230000000.0,1,233000000.0,2,233460000.0,3,235454000.0,7,12640694.629999999,3896242.4242424243,66,1.5,1,2665.0,LOGIN_FINGER,0.4772727001549602,176.0,0.1572682921701853,-1.2404960505148033,1,0.7112214308695028,0.0,0.0,0,0.0
223458,2188,1,1.0,"Flagged due to: unusual combination of high transaction amount and long inactivity period (combined score: 72.42), and transaction amount is 6.0x higher than historical average, and long inactivity period (79.6 days since last transaction).","DAYS_AMOUNT_COMBINED (+2.5542), TRANS_AMOUNT_Z_SCORE (+0.7326), DAYS_SINCE_LAST_TRANS (+0.4263)","TRANS_AMOUNT_Z_SCORE × DAYS_AMOUNT_COMBINED (-1.5227), DAYS_SINCE_LAST_TRANS × BALANCE_COVERAGE_RATIO (-0.4503), TRANS_AMOUNT_Z_SCORE × TRANS_AMOUNT_VS_30D_AVG_RATIO (-0.1920)","TRANS_AMOUNT: 14,600,000.00 -> 6,556,602.67 (-8,043,397.33)",Transfer,Outside_bank,2019-07-24,Wed,13,1,14600000.0,26995,87b28152856531a8,Android,31.114.xx.xx (NA),F,2019-02-19,1995-01-26,0,2019-02-19,BRANCH,0,SMART_OTP,State servant,14600000.0,1,14600000.0,1,14600000.0,1,14600000.0,1,14600000.0,1,14600000.0,1,1841409.1318181818,2426923.076923077,13,79.625,1,3723.0,LOGIN_FACEID,0.4615383431952966,39.0,0.0,-1.532777755151182,1,0.7112214308695028,0.0,0.0,0,0.0
1380769,2234,1,1.0,"Flagged due to: unusual behavior in feature 'TRANS_HOUR' (value: 1.00), and sudden 7d spending volume spike relative to 30 days (ratio: 100.0%), and unusual combination of high transaction amount and long inactivity period (combined score: 39.88).","TRANS_HOUR (+4.6683), VELOCITY_RATIO_AMOUNT_7D_VS_30D (+0.8920), DAYS_AMOUNT_COMBINED (+0.2169)","TRANS_HOUR × VELOCITY_RATIO_AMOUNT_7D_VS_30D (+1.1976), TRANS_HOUR × TRANS_AMOUNT_Z_SCORE (+0.4093), TRANS_HOUR × DAYS_AMOUNT_COMBINED (+0.2171)",,Transfer,Outside_bank,2019-12-08,Sun,1,1,600000.0,797163,35556b7e179e613e,iOS,50.248.xx.xx (HN),M,2019-11-19,1994-09-22,0,2019-11-19,BRANCH,1,SMART_OTP,Working,600000.0,1,600000.0,1,600000.0,1,600000.0,1,600000.0,1,600000.0,1,275801.81,360000.0,5,19.041666666666668,1,442.0,LOGIN,0.0,8.0,0.0,-1.0209047488848588,1,0.7112214308695028,0.0,0.0,0,0.0
466309,2258,1,0.8564497828483582,"Flagged due to: transaction amount is 9.3x higher than historical average, and transaction amount covers 14.4x monthly average balance, and transaction amount is 5.1x higher than 30-day average transaction size.","TRANS_AMOUNT_Z_SCORE (+3.0879), BALANCE_COVERAGE_RATIO (+0.9260), TRANS_AMOUNT_VS_30D_AVG_RATIO (+0.5408)","HOURS_SINCE_SEC_EVENT × TRANS_AMOUNT_Z_SCORE (+0.2166), TRANS_AMOUNT_Z_SCORE × BALANCE_COVERAGE_RATIO (+0.1949), TRANS_HOUR × TRANS_AMOUNT_Z_SCORE (+0.1840)","TRANS_AMOUNT: 50,000,000.00 -> 42,815,828.32 (-7,184,171.68)",Transfer,Outside_bank,2019-11-19,Tue,19,1,50000000.0,101613,65f57e5d74ee5e9c,Web,72.248.xx.xx (HN),F,2019-04-27,1994-01-18,0,2019-04-27,BRANCH,1,SMART_OTP,Working,50000000.0,1,50000000.0,1,50000000.0,1,50000000.0,1,80490000.0,6,187570000.0,19,3473201.96125,5380675.925925926,108,2.1666666666666665,1,4954.0,LOGIN,0.0,142.0,0.04688438663622865,-1.2339331322377083,1,0.7112214308695028,0.0,0.0,0,0.0
718969,2496,1,1.0,"Flagged due to: transaction amount is 10.8x higher than historical average, and transaction amount is 7.8x higher than 30-day average transaction size, and transaction amount covers 5.1x monthly average balance.","TRANS_AMOUNT_Z_SCORE (+3.8768), TRANS_AMOUNT_VS_30D_AVG_RATIO (+0.9086), BALANCE_COVERAGE_RATIO (+0.5521)","TRANS_HOUR × TRANS_AMOUNT_Z_SCORE (+0.3164), TRANS_AMOUNT_Z_SCORE × TRANS_AMOUNT_VS_30D_AVG_RATIO (+0.2608), HIST_BIOMETRIC_RATIO × TRANS_AMOUNT_Z_SCORE (-0.2499)","TRANS_AMOUNT: 6,320,000.00 -> 4,091,308.21 (-2,228,691.79)",Transfer,Within_bank,2019-10-05,Sat,12,5,6320000.0,642447,3857b163980cd989,Android,36.212.xx.xx (CT),M,2019-02-20,1994-04-09,0,2019-02-28,BRANCH,1,SMART_OTP,Commercial associate,6320000.0,1,6320000.0,1,6320000.0,1,6320000.0,1,6370000.0,2,6460000.0,8,1230130.68625,583589.7777777778,54,4.791666666666667,1,4045.0,LOGIN,0.0,53.0,0.3239273257186119,-0.9951733909819377,1,0.7112214308695028,0.0,0.0,0,0.0
1379009,2537,1,1.0,"Flagged due to: unusual behavior in feature 'TRANS_HOUR' (value: 0.00), and sudden 7d spending volume spike relative to 30 days (ratio: 100.0%), and unusual combination of high transaction amount shortly after a security credential update (combined score: 29.72).","TRANS_HOUR (+4.8586), VELOCITY_RATIO_AMOUNT_7D_VS_30D (+1.0157), SEC_AMOUNT_COMBINED (+0.6896)","TRANS_HOUR × VELOCITY_RATIO_AMOUNT_7D_VS_30D (+1.3114), TRANS_HOUR × BALANCE_COVERAGE_RATIO (+0.3118), TRANS_HOUR × TRANS_AMOUNT_Z_SCORE (+0.2681)",,Transfer,Within_bank,2019-10-12,Sat,0,1,750000.0,43147,51ef135f5b91cf5a,Android,98.238.xx.xx (NA),M,2019-09-25,1999-07-11,0,2019-10-11,BRANCH,1,SMART_OTP,Working,750000.0,1,750000.0,1,750000.0,1,750000.0,1,750000.0,1,750000.0,1,1812402.6566666665,882500.0,6,1.0,1,8.0,LOGIN_FINGER,0.0,2.0,0.0,-1.1569025344810797,1,0.7112214308695028,0.0,0.0,0,0.0
1379010,2537,1,1.0,"Flagged due to: unusual behavior in feature 'TRANS_HOUR' (value: 0.00), and unusual combination of high transaction amount and long inactivity period (combined score: 45.78), and unusual behavior in feature 'HIST_BIOMETRIC_RATIO' (value: 0.45).","TRANS_HOUR (+4.0079), DAYS_AMOUNT_COMBINED (+0.3885), HIST_BIOMETRIC_RATIO (+0.2278)","TRANS_HOUR × TRANS_AMOUNT_Z_SCORE (+0.5339), TRANS_HOUR × VELOCITY_RATIO_AMOUNT_7D_VS_30D (-0.4450), TRANS_HOUR × BALANCE_COVERAGE_RATIO (+0.2492)",,Transfer,Within_bank,2019-11-05,Tue,0,1,1500000.0,120610,fb4b97fd353a6c53,iOS,17.27.xx.xx (BD),M,2019-09-25,1999-07-11,0,2019-10-11,BRANCH,1,SMART_OTP,Working,1500000.0,1,1500000.0,1,1500000.0,1,1500000.0,1,1500000.0,1,2250000.0,2,1812402.6566666665,882500.0,6,24.0,1,584.0,LOGIN,0.45454504132268975,11.0,0.0,-1.1569025344810797,1,0.7112214308695028,0.0,0.0,0,1.0
1227518,2577,1,0.9789374470710754,"Flagged due to: transaction amount covers 682.8x monthly average balance, and unusual combination of high transaction amount shortly after a security credential update (combined score: 41.08), and transaction amount is 3.4x higher than historical average.","BALANCE_COVERAGE_RATIO (+2.9913), SEC_AMOUNT_COMBINED (+0.7018), TRANS_AMOUNT_Z_SCORE (+0.3107)","TRANS_HOUR × BALANCE_COVERAGE_RATIO (+0.2392), HIST_BIOMETRIC_RATIO × BALANCE_COVERAGE_RATIO (+0.1494), VELOCITY_RATIO_AMOUNT_24H_VS_7D × SEC_AMOUNT_COMBINED (+0.1406)","TRANS_AMOUNT: 5,750,000.00 -> 1,664,637.33 (-4,085,362.67)",Transfer,Outside_bank,2019-09-04,Wed,20,1,5750000.0,96211,66a71598d370fb09,iOS,181.198.xx.xx (DN),M,2019-07-31,2000-02-08,0,2019-09-03,MYbank,0,SMART_OTP,State servant,5750000.0,1,6250000.0,2,6250000.0,2,6250000.0,2,6250000.0,2,6250000.0,2,8421.385,1680588.2352941176,17,0.041666666666666664,2,13.0,LOGIN,0.24999979166684028,12.0,0.0,-1.1201182450943366,2,0.7112214308695028,0.0,0.0,0,0.0
1227511,2577,1,1.0,"Flagged due to: transaction amount covers 760.0x monthly average balance, and unusual combination of high transaction amount and long inactivity period (combined score: 54.33), and sudden 7d spending volume spike relative to 30 days (ratio: 100.0%).","BALANCE_COVERAGE_RATIO (+3.0671), DAYS_AMOUNT_COMBINED (+0.9698), VELOCITY_RATIO_AMOUNT_7D_VS_30D (+0.3238)","TRANS_AMOUNT_Z_SCORE × DAYS_AMOUNT_COMBINED (-0.5057), TRANS_AMOUNT_Z_SCORE × BALANCE_COVERAGE_RATIO (+0.2394), TRANS_HOUR × BALANCE_COVERAGE_RATIO (+0.2377)","TRANS_AMOUNT: 6,400,000.00 -> 760,565.19 (-5,639,434.81)",Transfer,Within_bank,2019-11-04,Mon,19,1,6400000.0,620320,66a71598d370fb09,iOS,32.157.xx.xx (DN),M,2019-07-31,2000-02-08,0,2019-09-03,MYbank,0,SMART_OTP,State servant,6400000.0,1,6400000.0,1,6400000.0,1,6400000.0,1,6400000.0,1,6400000.0,1,8421.385,1680588.2352941176,17,31.041666666666668,1,1183.0,LOGIN,0.0434782545683689,69.0,0.0,-1.1201182450943366,1,0.7112214308695028,0.0,0.0,0,0.0
1197990,2584,1,0.9207512140274048,"Flagged due to: transaction amount is 9.9x higher than historical average, and transaction amount is 5.6x higher than 30-day average transaction size, and unusual behavior in feature 'HIST_BIOMETRIC_RATIO' (value: 0.44).","TRANS_AMOUNT_Z_SCORE (+3.5910), TRANS_AMOUNT_VS_30D_AVG_RATIO (+0.8496), HIST_BIOMETRIC_RATIO (+0.3402)","HIST_BIOMETRIC_RATIO × TRANS_AMOUNT_Z_SCORE (+0.2903), TRANS_HOUR × TRANS_AMOUNT_Z_SCORE (+0.2513), TRANS_AMOUNT_Z_SCORE × BALANCE_COVERAGE_RATIO (-0.2066)","TRANS_AMOUNT: 33,175,628.00 -> 26,639,569.64 (-6,536,058.36)",Transfer,Outside_bank,2019-11-18,Mon,10,2,33175628.0,456015,9d4b5b457c4e01da,iOS,150.201.xx.xx (HN),F,2019-09-09,1993-01-19,0,2019-09-09,BRANCH,1,SMART_OTP,Working,33175628.0,1,33175628.0,1,33175628.0,1,33175628.0,1,34175628.0,2,47105948.0,8,12992551.715,3347802.6666666665,18,7.0,1,1666.0,LOGIN_FINGER,0.4444442798354519,27.0,0.0,-1.5585975782828327,1,0.7112214308695028,0.0,0.0,0,0.0
1381289,2708,1,1.0,"Flagged due to: unusual behavior in feature 'TRANS_HOUR' (value: 3.00), and sudden 7d spending volume spike relative to 30 days (ratio: 100.0%), and unusual combination of high transaction amount shortly after a security credential update (combined score: 0.00).","TRANS_HOUR (+4.2707), VELOCITY_RATIO_AMOUNT_7D_VS_30D (+1.1180), SEC_AMOUNT_COMBINED (+0.6751)","TRANS_HOUR × VELOCITY_RATIO_AMOUNT_7D_VS_30D (+1.4604), TRANS_HOUR × TRANS_AMOUNT_Z_SCORE (+0.2262), TRANS_HOUR × BALANCE_COVERAGE_RATIO (+0.2008)",,Transfer,Outside_bank,2019-12-07,Sat,3,1,500000.0,39876,92f493db69004418,Android,61.216.xx.xx (HN),M,2019-11-12,1998-09-01,0,2019-12-07,MYbank,1,SMART_OTP,Working,500000.0,1,500000.0,1,500000.0,1,500000.0,1,500000.0,1,500000.0,1,525980.9,692000.0,10,0.125,1,0.0,LOGIN,0.0,0.0,0.0,-1.1491918611170477,1,0.7112214308695028,0.0,0.0,0,0.0
1381292,2708,1,0.9120754599571228,"Flagged due to: unusual behavior in feature 'TRANS_HOUR' (value: 4.00), and sudden 7d spending volume spike relative to 30 days (ratio: 100.0%), and unusual combination of high transaction amount shortly after a security credential update (combined score: 59.27).","TRANS_HOUR (+3.5984), VELOCITY_RATIO_AMOUNT_7D_VS_30D (+0.6647), SEC_AMOUNT_COMBINED (+0.2059)","TRANS_HOUR × VELOCITY_RATIO_AMOUNT_7D_VS_30D (+0.6858), TRANS_HOUR × TRANS_AMOUNT_Z_SCORE (+0.4663), TRANS_HOUR × DAYS_AMOUNT_COMBINED (+0.4023)",,Transfer,Outside_bank,2019-12-10,Tue,4,1,1000000.0,338461,92f493db69004418,Android,158.125.xx.xx (HN),M,2019-11-12,1998-09-01,0,2019-12-07,MYbank,1,SMART_OTP,Working,2500000.0,2,2500000.0,2,2500000.0,2,2500000.0,2,6350000.0,6,6350000.0,6,525980.9,692000.0,10,2.75,1,72.0,LOGIN,0.0,5.0,0.0,-1.1491918611170477,1,0.7112214308695028,0.0,0.0,0,0.0
1381295,2708,1,1.0,"Flagged due to: unusual behavior in feature 'TRANS_HOUR' (value: 4.00), and sudden 7d spending volume spike relative to 30 days (ratio: 100.0%), and transaction amount is 2.2x higher than historical average.","TRANS_HOUR (+3.5305), VELOCITY_RATIO_AMOUNT_7D_VS_30D (+0.6038), TRANS_AMOUNT_Z_SCORE (+0.3303)","TRANS_HOUR × VELOCITY_RATIO_AMOUNT_7D_VS_30D (+0.6106), TRANS_HOUR × TRANS_AMOUNT_Z_SCORE (+0.5185), TRANS_HOUR × TRANS_AMOUNT_VS_30D_AVG_RATIO (+0.2157)","TRANS_AMOUNT: 1,500,000.00 -> 819,507.12 (-680,492.88)",Transfer,Within_bank,2019-12-10,Tue,4,1,1500000.0,654409,92f493db69004418,Android,94.85.xx.xx (HN),M,2019-11-12,1998-09-01,0,2019-12-07,MYbank,1,SMART_OTP,Working,2500000.0,2,2500000.0,2,2500000.0,2,2500000.0,2,6350000.0,6,6350000.0,6,525980.9,692000.0,10,0.0,2,72.0,LOGIN,0.0,5.0,0.0,-1.1491918611170477,2,0.7112214308695028,0.0,0.0,0,0.0
1214423,2711,1,0.8145132064819336,"Flagged due to: transaction amount is 8.6x higher than historical average, and transaction amount is 5.9x higher than 30-day average transaction size, and transaction amount covers 6.3x monthly average balance.","TRANS_AMOUNT_Z_SCORE (+3.1810), TRANS_AMOUNT_VS_30D_AVG_RATIO (+0.6426), BALANCE_COVERAGE_RATIO (+0.4887)","TRANS_HOUR × TRANS_AMOUNT_Z_SCORE (+0.2027), HIST_BIOMETRIC_RATIO × TRANS_AMOUNT_Z_SCORE (+0.1913), TRANS_AMOUNT_Z_SCORE × DAYS_AMOUNT_COMBINED (+0.1747)","TRANS_AMOUNT: 12,000,000.00 -> 11,149,143.22 (-850,856.78)",Transfer,Outside_bank,2019-12-29,Sun,17,1,12000000.0,771320,ace4fa71ea2c2199,Android,236.18.xx.xx (HN),F,2019-10-24,1995-07-27,0,2019-10-24,BRANCH,1,SMART_OTP,Unemployed,12000000.0,1,13000000.0,2,14500000.0,3,14500000.0,3,14680000.0,4,22380000.0,11,1898241.685,1401115.3846153845,26,0.125,3,1582.0,LOGIN_FACEID,0.47692300355030715,65.0,0.0,-1.637432428781681,2,0.7112214308695028,0.0,0.0,0,0.0
1390321,2726,1,0.9955066442489624,"Flagged due to: transaction amount covers 201.7x monthly average balance, and transaction amount is 4.1x higher than historical average, and recent security credential modification (5495.0 hours ago).","BALANCE_COVERAGE_RATIO (+2.8525), TRANS_AMOUNT_Z_SCORE (+0.6047), HOURS_SINCE_SEC_EVENT (+0.4102)","TRANS_AMOUNT_Z_SCORE × BALANCE_COVERAGE_RATIO (+0.2292), TRANS_HOUR × BALANCE_COVERAGE_RATIO (+0.2068), BALANCE_COVERAGE_RATIO × DAYS_AMOUNT_COMBINED (+0.1834)","TRANS_AMOUNT: 50,000,000.00 -> 31,381,368.64 (-18,618,631.36)",Transfer,Outside_bank,2019-10-21,Mon,10,1,50000000.0,999400,f11a690a79751f76,iOS,38.76.xx.xx (HN),F,2019-02-22,1988-01-17,0,2019-03-01,BRANCH,0,SMART_OTP,Commercial associate,50000000.0,1,50000000.0,1,50000000.0,1,50000000.0,1,50000000.0,1,67000000.0,3,247937.652,12070898.115384616,26,10.041666666666666,1,5495.0,LOGIN,0.0,138.0,0.0,-0.8686920959468655,1,0.7112214308695028,0.0,0.15714683544303798,0,0.0
335420,2746,1,1.0,"Flagged due to: unusual behavior in feature 'TRANS_HOUR' (value: 1.00), and sudden 7d spending volume spike relative to 30 days (ratio: 100.0%), and transaction amount leading digits deviation from Benford's Law (score: 0.2297).","TRANS_HOUR (+4.4807), VELOCITY_RATIO_AMOUNT_7D_VS_30D (+1.0606), BENFORD_DEV (+0.1003)","TRANS_HOUR × VELOCITY_RATIO_AMOUNT_7D_VS_30D (+1.3675), TRANS_HOUR × BALANCE_COVERAGE_RATIO (+0.2184), TRANS_HOUR × TRANS_AMOUNT_Z_SCORE (+0.2159)",,Transfer,Outside_bank,2019-04-12,Fri,1,1,1500000.0,670114,320683e7b134c814,iOS,14.191.xx.xx (HCM),M,2019-03-14,1994-09-14,0,2019-03-19,BRANCH,1,SMART_OTP,Businessman,1500000.0,1,1500000.0,1,6600000.0,3,6600000.0,3,16600000.0,4,16600000.0,4,2326980.4777777777,3754920.4545454546,88,0.4166666666666667,3,564.0,LOGIN,0.0,5.0,0.22971848721655996,-1.3284168158127188,1,0.7112214308695028,0.0,0.0,0,0.0
335434,2746,1,1.0,"Flagged due to: transaction amount is 10.7x higher than historical average, and transaction amount is 8.0x higher than 30-day average transaction size, and transaction amount covers 17.2x monthly average balance.","TRANS_AMOUNT_Z_SCORE (+3.8925), TRANS_AMOUNT_VS_30D_AVG_RATIO (+1.0261), BALANCE_COVERAGE_RATIO (+0.9677)","TRANS_AMOUNT_Z_SCORE × BALANCE_COVERAGE_RATIO (+0.3250), HIST_BIOMETRIC_RATIO × TRANS_AMOUNT_Z_SCORE (-0.2574), TRANS_HOUR × TRANS_AMOUNT_Z_SCORE (+0.2522)","TRANS_AMOUNT: 40,000,000.00 -> 26,137,962.34 (-13,862,037.66)",Transfer,Within_bank,2019-07-10,Wed,17,2,40000000.0,746668,320683e7b134c814,iOS,128.182.xx.xx (HCM),M,2019-03-14,1994-09-14,0,2019-03-19,BRANCH,1,SMART_OTP,Businessman,40000000.0,1,40000000.0,1,40210000.0,2,40210000.0,2,40230000.0,3,90356000.0,18,2326980.4777777777,3754920.4545454546,88,0.25,2,2716.0,LOGIN,0.0,33.0,0.22971848721655996,-1.3284168158127188,1,0.7112214308695028,0.0,0.0,0,0.0
335411,2746,1,1.0,"Flagged due to: transaction amount is 10.7x higher than historical average, and transaction amount covers 17.2x monthly average balance, and transaction amount is 6.1x higher than 30-day average transaction size.","TRANS_AMOUNT_Z_SCORE (+3.8256), BALANCE_COVERAGE_RATIO (+0.9431), TRANS_AMOUNT_VS_30D_AVG_RATIO (+0.6659)","TRANS_AMOUNT_Z_SCORE × BALANCE_COVERAGE_RATIO (+0.3250), HIST_BIOMETRIC_RATIO × TRANS_AMOUNT_Z_SCORE (-0.2455), TRANS_AMOUNT_Z_SCORE × DAYS_AMOUNT_COMBINED (+0.2113)","TRANS_AMOUNT: 40,000,000.00 -> 29,121,742.25 (-10,878,257.75)",Transfer,Within_bank,2019-07-11,Thu,8,2,40000000.0,744075,320683e7b134c814,iOS,147.232.xx.xx (HCM),M,2019-03-14,1994-09-14,0,2019-03-19,BRANCH,1,SMART_OTP,Businessman,40000000.0,1,40000000.0,1,81210000.0,4,81210000.0,4,81230000.0,5,131356000.0,20,2326980.4777777777,3754920.4545454546,88,0.5,4,2731.0,LOGIN,0.0,33.0,0.22971848721655996,-1.3284168158127188,1,0.7112214308695028,0.0,0.0,0,0.0
335449,2746,1,1.0,"Flagged due to: transaction amount is 9.9x higher than historical average, and transaction amount covers 15.9x monthly average balance, and transaction amount is 5.8x higher than 30-day average transaction size.","TRANS_AMOUNT_Z_SCORE (+4.1071), BALANCE_COVERAGE_RATIO (+0.8571), TRANS_AMOUNT_VS_30D_AVG_RATIO (+0.7286)","HIST_BIOMETRIC_RATIO × TRANS_AMOUNT_Z_SCORE (+0.3506), TRANS_HOUR × TRANS_AMOUNT_Z_SCORE (+0.2725), TRANS_AMOUNT_Z_SCORE × DAYS_AMOUNT_COMBINED (+0.2224)","TRANS_AMOUNT: 37,000,000.00 -> 20,769,168.85 (-16,230,831.15)",Transfer,Outside_bank,2019-10-31,Thu,20,2,37000000.0,47455,320683e7b134c814,iOS,98.222.xx.xx (HCM),M,2019-03-14,1994-09-14,0,2019-03-19,BRANCH,1,SMART_OTP,Businessman,37000000.0,1,37000000.0,1,40000000.0,2,40000000.0,2,40250000.0,3,50600000.0,8,2326980.4777777777,3754920.4545454546,88,0.16666666666666666,2,5431.0,LOGIN_FINGER,0.21794869000657818,78.0,0.22971848721655996,-1.3284168158127188,1,0.7112214308695028,0.0,0.0,0,0.0
335392,2746,1,0.868649959564209,"Flagged due to: transaction amount is 7.1x higher than historical average, and transaction amount covers 11.5x monthly average balance, and recent security credential modification (5444.0 hours ago).","TRANS_AMOUNT_Z_SCORE (+2.1350), BALANCE_COVERAGE_RATIO (+0.8291), HOURS_SINCE_SEC_EVENT (+0.5828)","TRANS_AMOUNT_Z_SCORE × BALANCE_COVERAGE_RATIO (+0.2298), HOURS_SINCE_SEC_EVENT × TRANS_AMOUNT_Z_SCORE (+0.2290), TRANS_HOUR × TRANS_AMOUNT_Z_SCORE (+0.2259)","TRANS_AMOUNT: 26,800,000.00 -> 23,285,377.88 (-3,514,622.12)",Transfer,Outside_bank,2019-11-01,Fri,9,2,26800000.0,840887,320683e7b134c814,iOS,113.119.xx.xx (HCM),M,2019-03-14,1994-09-14,0,2019-03-19,BRANCH,1,SMART_OTP,Businessman,26800000.0,1,26850000.0,2,66850000.0,4,66850000.0,4,67100000.0,5,77450000.0,10,2326980.4777777777,3754920.4545454546,88,0.08333333333333333,3,5444.0,LOGIN,0.24096382638990044,83.0,0.22971848721655996,-1.3284168158127188,2,0.7112214308695028,0.0,0.0,0,0.0
1244948,2749,1,0.7759354114532471,"Flagged due to: unusual combination of high transaction amount and long inactivity period (combined score: 72.54), and transaction amount covers 11.3x monthly average balance, and sudden 7d spending volume spike relative to 30 days (ratio: 100.0%).","DAYS_AMOUNT_COMBINED (+3.2234), BALANCE_COVERAGE_RATIO (+0.6117), VELOCITY_RATIO_AMOUNT_7D_VS_30D (+0.2477)","TRANS_AMOUNT_Z_SCORE × DAYS_AMOUNT_COMBINED (-0.2745), TRANS_HOUR × DAYS_AMOUNT_COMBINED (+0.2189), TRANS_HOUR × BALANCE_COVERAGE_RATIO (+0.1319)","TRANS_AMOUNT: 47,345,000.00 -> 19,504,997.12 (-27,840,002.88)",Transfer,Within_bank,2019-11-09,Sat,15,7,47345000.0,691412,892c39184f86102c,iOS,32.53.xx.xx (HCM),M,2019-09-10,1995-04-10,0,2019-09-11,BRANCH,0,SMART_OTP,Commercial associate,47345000.0,1,47345000.0,1,47345000.0,1,47345000.0,1,47345000.0,1,47345000.0,1,4173760.8725,13997812.5,16,59.625,1,1302.0,LOGIN,0.0,23.0,0.0,-1.1656851067362646,1,0.7112214308695028,0.0,0.0,0,0.0
