CUSTOMER_NUMBER,ANOMALY_PRED,ANOMALY_SCORE,EXPLANATION,TOP_SHAP_CONTRIBUTORS,TOP_INTERACTIONS,COUNTERFACTUAL,TRANS_LV1,TRANS_LV2,TRANS_DATE,DAY_OF_WEEK,TRANS_HOUR,TRANS_NO,TRANS_AMOUNT,Beneficiary_CUSTOMER_NUMBER,Device_OS,IP_Address_Proxy,CLIENT_SEX,CLIENT_CREATE_DATE,DATE_OF_BIRTH,STAFF,IB_REGISTER_DATE,EB_REGISTER_CHANNEL,SMS,VERIFY_METHOD,SUM_AMOUNT_1H,COUNT_1H,SUM_AMOUNT_3H,COUNT_3H,SUM_AMOUNT_24H,COUNT_24H,SUM_AMOUNT_48H,COUNT_48H,SUM_AMOUNT_7D,COUNT_7D,SUM_AMOUNT_30D,COUNT_30D,HIST_AVG_CA_BALANCE,HIST_AVG_TRANS_AMOUNT,HIST_TRANS_COUNT,DAYS_SINCE_LAST_TRANS,UNIQUE_BENEFICIARIES_24H,HOURS_SINCE_SEC_EVENT,LAST_LOGIN_METHOD,HIST_BIOMETRIC_RATIO,HIST_LOGIN_COUNT,BENFORD_DEV,ACTIVITY_SEQ_RARITY
88,1,0.02299940213561058,"Flagged due to: unusual transaction sequence position (transaction number: 6), and unusual activity in feature 'HIST_TRANS_COUNT' (value: 363.0), and high 24-hour transaction count (6 transfers).","TRANS_NO (+1.7436), HIST_TRANS_COUNT (+0.4194), COUNT_24H (+0.3826)","TRANS_NO × SUM_AMOUNT_48H (+0.4023), SUM_AMOUNT_1H × SUM_AMOUNT_48H (+0.1710), COUNT_24H × SUM_AMOUNT_48H (-0.1559)",,Transfer,Within_bank,2019-09-03,Tue,16,6,18294000.0,841912,iOS,102.230.xx.xx (CT),F,2019-07-15,1997-07-05,0,2019-09-03,BRANCH,1,SMART_OTP,21004000.0,2,37101000.0,5,55701000.0,6,55701000.0,6,55701000.0,6,55701000.0,6,8844481.102,4369996.853994491,363,0.041666666666666664,6,6.0,LOGIN,0.0,6.0,0.03889746598194539,-1.441169318574772
88,1,0.0076573751866817474,"Flagged due to: high 24-hour transaction count (11 transfers), and unusual activity in feature 'HIST_TRANS_COUNT' (value: 363.0), and high 7-day transaction count (30 transfers).","COUNT_24H (+0.4835), HIST_TRANS_COUNT (+0.4056), COUNT_7D (+0.2702)","TRANS_NO × SUM_AMOUNT_48H (-0.1403), SUM_AMOUNT_24H × SUM_AMOUNT_48H (+0.1251), SUM_AMOUNT_1H × SUM_AMOUNT_48H (+0.1209)","COUNT_24H: 11.00 -> 6.00 (-5.00), COUNT_7D: 30.00 -> 21.00 (-9.00)",Transfer,Within_bank,2019-09-19,Thu,14,3,9507650.0,681975,iOS,123.199.xx.xx (CT),F,2019-07-15,1997-07-05,0,2019-09-03,BRANCH,1,SMART_OTP,11388650.0,2,32508650.0,4,56131650.0,11,91428650.0,18,116328650.0,30,285029447.0,81,8844481.102,4369996.853994491,363,0.0,10,245.0,LOGIN,0.42857139455782584,126.0,0.03889746598194539,-1.441169318574772
88,1,0.006222222000360489,"Flagged due to: unusual activity in feature 'COUNT_1H' (value: 4.0), and high 24-hour transaction count (11 transfers), and unusual activity in feature 'HIST_TRANS_COUNT' (value: 363.0).","COUNT_1H (+0.6456), COUNT_24H (+0.5085), HIST_TRANS_COUNT (+0.3413)","COUNT_1H × SUM_AMOUNT_48H (+0.1767), TRANS_NO × SUM_AMOUNT_48H (+0.1643), SUM_AMOUNT_1H × SUM_AMOUNT_48H (+0.1632)","COUNT_1H: 4.00 -> 3.00 (-1.00), COUNT_24H: 11.00 -> 8.00 (-3.00)",Transfer,Within_bank,2019-09-19,Thu,15,1,1198000.0,586586,iOS,34.124.xx.xx (CT),F,2019-07-15,1997-07-05,0,2019-09-03,BRANCH,1,SMART_OTP,14234650.0,4,19134650.0,5,50588650.0,11,94274650.0,20,119174650.0,32,287875447.0,83,8844481.102,4369996.853994491,363,0.041666666666666664,9,246.0,LOGIN_FINGER,0.426356556096391,129.0,0.03889746598194539,-1.441169318574772
88,1,0.007194152567535639,"Flagged due to: unusual activity in feature 'COUNT_1H' (value: 4.0), and high 24-hour transaction count (11 transfers), and unusual activity in feature 'HIST_TRANS_COUNT' (value: 363.0).","COUNT_1H (+0.6456), COUNT_24H (+0.5085), HIST_TRANS_COUNT (+0.3413)","COUNT_1H × SUM_AMOUNT_48H (+0.1767), SUM_AMOUNT_1H × SUM_AMOUNT_48H (+0.1658), TRANS_NO × SUM_AMOUNT_48H (+0.1643)","COUNT_1H: 4.00 -> 3.00 (-1.00), COUNT_24H: 11.00 -> 7.00 (-4.00)",Transfer,Outside_bank,2019-09-19,Thu,15,1,1648000.0,422590,iOS,142.74.xx.xx (CT),F,2019-07-15,1997-07-05,0,2019-09-03,BRANCH,1,SMART_OTP,14234650.0,4,19134650.0,5,50588650.0,11,94274650.0,20,119174650.0,32,287875447.0,83,8844481.102,4369996.853994491,363,0.0,10,246.0,LOGIN_FINGER,0.426356556096391,129.0,0.03889746598194539,-1.441169318574772
88,1,0.010564004071056843,"Flagged due to: high 24-hour transaction count (9 transfers), and unusual activity in feature 'HIST_TRANS_COUNT' (value: 363.0), and high 7-day transaction count (27 transfers).","COUNT_24H (+0.4419), HIST_TRANS_COUNT (+0.4259), COUNT_7D (+0.2591)","SUM_AMOUNT_1H × SUM_AMOUNT_48H (+0.1473), TRANS_NO × SUM_AMOUNT_48H (-0.1390), SUM_AMOUNT_24H × SUM_AMOUNT_48H (+0.1034)",,Transfer,Within_bank,2019-10-02,Wed,16,4,13136000.0,427131,iOS,11.220.xx.xx (CT),F,2019-07-15,1997-07-05,0,2019-09-03,BRANCH,1,SMART_OTP,16136800.0,2,18208000.0,3,90940000.0,9,101131000.0,14,145371000.0,27,506023129.0,137,8844481.102,4369996.853994491,363,0.0,9,173.0,LOGIN,0.4495412637825108,218.0,0.03889746598194539,-1.441169318574772
88,1,0.040829259902238846,"Flagged due to: high 24-hour transaction count (9 transfers), and unusual activity in feature 'HIST_TRANS_COUNT' (value: 363.0), and high 7-day transaction count (33 transfers).","COUNT_24H (+0.5238), HIST_TRANS_COUNT (+0.4269), COUNT_7D (+0.3129)","SUM_AMOUNT_24H × SUM_AMOUNT_48H (+0.1186), SUM_AMOUNT_48H × COUNT_30D (+0.1067), HIST_AVG_TRANS_AMOUNT × COUNT_3H (+0.0924)",,Transfer,Within_bank,2019-10-03,Thu,11,3,10978956.0,199278,iOS,74.103.xx.xx (CT),F,2019-07-15,1997-07-05,0,2019-09-03,BRANCH,1,SMART_OTP,14478956.0,2,29883956.0,3,55566156.0,9,132751156.0,17,182729156.0,33,543381285.0,143,8844481.102,4369996.853994491,363,0.08333333333333333,8,192.0,LOGIN,0.45132741365807905,226.0,0.03889746598194539,-1.441169318574772
88,1,0.014503810554742813,"Flagged due to: high 24-hour transaction count (9 transfers), and unusual activity in feature 'HIST_TRANS_COUNT' (value: 363.0), and high 7-day transaction count (33 transfers).","COUNT_24H (+0.5488), HIST_TRANS_COUNT (+0.3625), COUNT_7D (+0.3125)","SUM_AMOUNT_48H × COUNT_30D (+0.1067), SUM_AMOUNT_24H × SUM_AMOUNT_48H (+0.0988), SUM_AMOUNT_1H × COUNT_7D (+0.0907)",,Transfer,Outside_bank,2019-10-03,Thu,11,2,3500000.0,199083,iOS,67.168.xx.xx (CT),F,2019-07-15,1997-07-05,0,2019-09-03,BRANCH,1,SMART_OTP,14478956.0,2,29883956.0,3,55566156.0,9,132751156.0,17,182729156.0,33,543381285.0,143,8844481.102,4369996.853994491,363,0.0,9,192.0,LOGIN,0.45132741365807905,226.0,0.03889746598194539,-1.441169318574772
88,1,0.01936373859643936,"Flagged due to: high 24-hour transaction count (10 transfers), and unusual activity in feature 'HIST_TRANS_COUNT' (value: 363.0), and high 7-day transaction count (33 transfers).","COUNT_24H (+0.4535), HIST_TRANS_COUNT (+0.4130), COUNT_7D (+0.3129)","SUM_AMOUNT_24H × SUM_AMOUNT_48H (+0.1129), SUM_AMOUNT_48H × COUNT_30D (+0.1067), UNIQUE_BENEFICIARIES_24H × VELOCITY_RATIO_AMOUNT_1H_VS_24H (-0.0933)",,Transfer,Within_bank,2019-10-03,Thu,14,4,6846000.0,537064,iOS,110.157.xx.xx (CT),F,2019-07-15,1997-07-05,0,2019-09-03,BRANCH,1,SMART_OTP,8494000.0,2,22972956.0,4,61988956.0,10,141245156.0,19,185975156.0,33,531145285.0,143,8844481.102,4369996.853994491,363,0.125,9,195.0,LOGIN,0.4517543661511243,228.0,0.03889746598194539,-1.441169318574772
88,1,0.009505029767751694,"Flagged due to: high 24-hour transaction count (10 transfers), and unusual activity in feature 'HIST_TRANS_COUNT' (value: 363.0), and high 7-day transaction count (33 transfers).","COUNT_24H (+0.5156), HIST_TRANS_COUNT (+0.3625), COUNT_7D (+0.3125)","SUM_AMOUNT_48H × COUNT_30D (+0.1067), UNIQUE_BENEFICIARIES_24H × VELOCITY_RATIO_AMOUNT_1H_VS_24H (-0.0933), SUM_AMOUNT_24H × SUM_AMOUNT_48H (+0.0931)","COUNT_24H: 10.00 -> 6.00 (-4.00), COUNT_7D: 33.00 -> 21.00 (-12.00)",Transfer,Outside_bank,2019-10-03,Thu,14,1,1648000.0,121221,iOS,12.149.xx.xx (CT),F,2019-07-15,1997-07-05,0,2019-09-03,BRANCH,1,SMART_OTP,8494000.0,2,22972956.0,4,61988956.0,10,141245156.0,19,185975156.0,33,531145285.0,143,8844481.102,4369996.853994491,363,0.0,10,195.0,LOGIN,0.4517543661511243,228.0,0.03889746598194539,-1.441169318574772
88,1,0.023069728165864944,"Flagged due to: unusual activity in feature 'COUNT_1H' (value: 3.0), and high 24-hour transaction count (11 transfers), and unusual activity in feature 'HIST_TRANS_COUNT' (value: 363.0).","COUNT_1H (+0.6514), COUNT_24H (+0.5546), HIST_TRANS_COUNT (+0.3625)","HIST_AVG_TRANS_AMOUNT × COUNT_1H (+0.1558), SUM_AMOUNT_48H × COUNT_30D (+0.1067), SUM_AMOUNT_24H × SUM_AMOUNT_48H (+0.0988)",,Transfer,Outside_bank,2019-10-03,Thu,15,1,1648000.0,141567,iOS,185.86.xx.xx (CT),F,2019-07-15,1997-07-05,0,2019-09-03,BRANCH,1,SMART_OTP,10142000.0,3,10142000.0,3,63636956.0,11,140465156.0,19,182623156.0,33,518826285.0,142,8844481.102,4369996.853994491,363,0.041666666666666664,11,196.0,LOGIN,0.4517543661511243,228.0,0.03889746598194539,-1.441169318574772
88,1,0.010201900266110897,"Flagged due to: unusual transaction sequence position (transaction number: 5), and unusual activity in feature 'HIST_TRANS_COUNT' (value: 363.0), and high 7-day transaction count (25 transfers).","TRANS_NO (+1.8234), HIST_TRANS_COUNT (+0.3903), COUNT_7D (+0.2750)","TRANS_NO × SUM_AMOUNT_48H (+0.2567), SUM_AMOUNT_1H × SUM_AMOUNT_48H (+0.1846), TRANS_NO × COUNT_30D (+0.1740)",,Transfer,Within_bank,2019-10-17,Thu,18,5,10876250.0,789190,iOS,185.193.xx.xx (CT),F,2019-07-15,1997-07-05,0,2019-09-03,BRANCH,1,SMART_OTP,11978550.0,2,11978550.0,2,16046550.0,4,21252550.0,7,58761550.0,25,519303990.0,144,8844481.102,4369996.853994491,363,0.0,4,535.0,LOGIN,0.46531790562665015,346.0,0.03889746598194539,-1.441169318574772
88,1,0.08445825427770615,"Flagged due to: unusual transaction sequence position (transaction number: 12), and unusual activity in feature 'HIST_TRANS_COUNT' (value: 363.0), and high 24-hour transaction count (6 transfers).","TRANS_NO (+2.1175), HIST_TRANS_COUNT (+0.4367), COUNT_24H (+0.3343)","TRANS_NO × SUM_AMOUNT_48H (+0.4741), TRANS_NO × COUNT_30D (+0.1740), COUNT_24H × SUM_AMOUNT_48H (-0.1559)",,Transfer,Within_bank,2019-10-17,Thu,20,12,29488980.0,206154,iOS,180.230.xx.xx (CT),F,2019-07-15,1997-07-05,0,2019-09-03,BRANCH,1,SMART_OTP,35604880.0,2,47583430.0,4,51651430.0,6,56857430.0,9,94366430.0,27,554908870.0,146,8844481.102,4369996.853994491,363,0.08333333333333333,5,537.0,LOGIN,0.46571427240816365,350.0,0.03889746598194539,-1.441169318574772
88,1,0.006140689365565777,"Flagged due to: unusual activity in feature 'HIST_TRANS_COUNT' (value: 363.0), and high 24-hour transaction count (6 transfers), and high 7-day transaction count (27 transfers).","HIST_TRANS_COUNT (+0.3690), COUNT_24H (+0.3207), COUNT_7D (+0.2558)","COUNT_24H × SUM_AMOUNT_48H (-0.1559), SUM_AMOUNT_1H × SUM_AMOUNT_48H (+0.1499), TRANS_NO × SUM_AMOUNT_48H (-0.1459)",COUNT_7D: 27.00 -> 21.00 (-6.00),Transfer,Outside_bank,2019-10-17,Thu,20,4,6115900.0,898502,iOS,253.28.xx.xx (CT),F,2019-07-15,1997-07-05,0,2019-09-03,BRANCH,1,SMART_OTP,35604880.0,2,47583430.0,4,51651430.0,6,56857430.0,9,94366430.0,27,554908870.0,146,8844481.102,4369996.853994491,363,0.0,6,537.0,LOGIN,0.46571427240816365,350.0,0.03889746598194539,-1.441169318574772
88,1,0.14511089026927948,"Flagged due to: unusual transaction sequence position (transaction number: 6), and unusual activity in feature 'HIST_TRANS_COUNT' (value: 363.0), and high 24-hour transaction count (8 transfers).","TRANS_NO (+2.1462), HIST_TRANS_COUNT (+0.4570), COUNT_24H (+0.3705)","TRANS_NO × SUM_AMOUNT_48H (+0.4744), TRANS_NO × COUNT_30D (+0.1740), TRANS_NO × SUM_AMOUNT_24H (+0.1552)",,Transfer,Within_bank,2019-10-18,Fri,9,6,26841600.0,19034,iOS,195.177.xx.xx (CT),F,2019-07-15,1997-07-05,0,2019-09-03,BRANCH,1,SMART_OTP,28541600.0,2,28541600.0,2,80193030.0,8,81841030.0,9,118012030.0,27,583450470.0,148,8844481.102,4369996.853994491,363,0.041666666666666664,8,550.0,LOGIN,0.46478871930172627,355.0,0.03889746598194539,-1.441169318574772
88,1,0.012117930687963963,"Flagged due to: unusual activity in feature 'COUNT_1H' (value: 4.0), and high 24-hour transaction count (11 transfers), and unusual activity in feature 'HIST_TRANS_COUNT' (value: 363.0).","COUNT_1H (+0.7102), COUNT_24H (+0.3998), HIST_TRANS_COUNT (+0.3615)","HIST_AVG_TRANS_AMOUNT × COUNT_1H (+0.2045), COUNT_1H × SUM_AMOUNT_48H (+0.1800), SUM_AMOUNT_1H × SUM_AMOUNT_48H (+0.1632)",COUNT_1H: 4.00 -> 2.00 (-2.00),Transfer,Within_bank,2019-10-18,Fri,15,1,3500000.0,245438,iOS,201.6.xx.xx (CT),F,2019-07-15,1997-07-05,0,2019-09-03,BRANCH,1,SMART_OTP,17171200.0,4,17171200.0,4,96067830.0,11,100135830.0,13,137954830.0,32,559707270.0,144,8844481.102,4369996.853994491,363,0.041666666666666664,10,556.0,LOGIN,0.46575341189716685,365.0,0.03889746598194539,-1.441169318574772
88,1,0.031887225806713104,"Flagged due to: unusual activity in feature 'COUNT_1H' (value: 4.0), and unusual activity in feature 'HIST_TRANS_COUNT' (value: 363.0), and high 24-hour transaction count (11 transfers).","COUNT_1H (+0.7776), HIST_TRANS_COUNT (+0.4259), COUNT_24H (+0.4133)","HIST_AVG_TRANS_AMOUNT × COUNT_1H (+0.2475), COUNT_1H × SUM_AMOUNT_48H (+0.1875), SUM_AMOUNT_1H × SUM_AMOUNT_48H (+0.1658)",,Transfer,Outside_bank,2019-10-18,Fri,15,1,10000000.0,644001,iOS,240.239.xx.xx (CT),F,2019-07-15,1997-07-05,0,2019-09-03,BRANCH,1,SMART_OTP,17171200.0,4,17171200.0,4,96067830.0,11,100135830.0,13,137954830.0,32,559707270.0,144,8844481.102,4369996.853994491,363,0.0,11,556.0,LOGIN,0.46575341189716685,365.0,0.03889746598194539,-1.441169318574772
88,1,0.7247552275657654,"Flagged due to: unusual transaction sequence position (transaction number: 6), and unusual activity in feature 'COUNT_1H' (value: 3.0), and unusual activity in feature 'HIST_TRANS_COUNT' (value: 363.0).","TRANS_NO (+1.9732), COUNT_1H (+0.8097), HIST_TRANS_COUNT (+0.4580)","HIST_AVG_TRANS_AMOUNT × COUNT_1H (+0.2475), TRANS_NO × COUNT_30D (+0.1740), TRANS_NO × SUM_AMOUNT_48H (+0.1500)",,Transfer,Within_bank,2019-10-19,Sat,9,6,9229520.0,93767,iOS,86.248.xx.xx (CT),F,2019-07-15,1997-07-05,0,2019-09-03,BRANCH,1,SMART_OTP,13361120.0,3,17111120.0,4,63895520.0,10,117246950.0,17,143649950.0,31,569880390.0,145,8844481.102,4369996.853994491,363,0.041666666666666664,9,574.0,LOGIN,0.46648792315045784,373.0,0.03889746598194539,-1.441169318574772
88,1,0.034536950290203094,"Flagged due to: unusual activity in feature 'COUNT_1H' (value: 3.0), and high 24-hour transaction count (10 transfers), and unusual activity in feature 'HIST_TRANS_COUNT' (value: 363.0).","COUNT_1H (+0.7207), COUNT_24H (+0.4499), HIST_TRANS_COUNT (+0.3625)","HIST_AVG_TRANS_AMOUNT × COUNT_1H (+0.2045), COUNT_24H × HIST_LOGIN_COUNT (-0.1201), SUM_AMOUNT_48H × COUNT_30D (+0.1067)",,Transfer,Outside_bank,2019-10-19,Sat,9,1,1631600.0,317070,iOS,70.10.xx.xx (CT),F,2019-07-15,1997-07-05,0,2019-09-03,BRANCH,1,SMART_OTP,13361120.0,3,17111120.0,4,63895520.0,10,117246950.0,17,143649950.0,31,569880390.0,145,8844481.102,4369996.853994491,363,0.0,10,574.0,LOGIN,0.46648792315045784,373.0,0.03889746598194539,-1.441169318574772
88,1,0.038337089121341705,"Flagged due to: unusual activity in feature 'COUNT_1H' (value: 4.0), and high 24-hour transaction count (11 transfers), and unusual activity in feature 'HIST_TRANS_COUNT' (value: 363.0).","COUNT_1H (+0.7207), COUNT_24H (+0.4953), HIST_TRANS_COUNT (+0.3625)","HIST_AVG_TRANS_AMOUNT × COUNT_1H (+0.2045), SUM_AMOUNT_1H × COUNT_24H (+0.1233), COUNT_24H × HIST_LOGIN_COUNT (-0.1201)",,Transfer,Outside_bank,2019-10-19,Sat,10,1,3204000.0,119512,iOS,56.169.xx.xx (CT),F,2019-07-15,1997-07-05,0,2019-09-03,BRANCH,1,SMART_OTP,26791800.0,4,29291800.0,5,52984600.0,11,131529630.0,18,159580630.0,33,577515070.0,145,8844481.102,4369996.853994491,363,0.041666666666666664,10,575.0,LOGIN_FINGER,0.46542551953655537,376.0,0.03889746598194539,-1.441169318574772
88,1,0.7575017213821411,"Flagged due to: unusual transaction sequence position (transaction number: 6), and unusual activity in feature 'COUNT_1H' (value: 4.0), and high 24-hour transaction count (11 transfers).","TRANS_NO (+1.9732), COUNT_1H (+0.8097), COUNT_24H (+0.4703)","HIST_AVG_TRANS_AMOUNT × COUNT_1H (+0.2475), TRANS_NO × COUNT_30D (+0.1740), TRANS_NO × SUM_AMOUNT_48H (+0.1500)",,Transfer,Within_bank,2019-10-19,Sat,10,6,12726680.0,528930,iOS,226.13.xx.xx (CT),F,2019-07-15,1997-07-05,0,2019-09-03,BRANCH,1,SMART_OTP,26791800.0,4,29291800.0,5,52984600.0,11,131529630.0,18,159580630.0,33,577515070.0,145,8844481.102,4369996.853994491,363,0.0,11,575.0,LOGIN_FINGER,0.46542551953655537,376.0,0.03889746598194539,-1.441169318574772
88,1,0.1669362336397171,"Flagged due to: unusual transaction sequence position (transaction number: 5), and unusual activity in feature 'HIST_TRANS_COUNT' (value: 363.0), and high 7-day transaction count (35 transfers).","TRANS_NO (+1.8366), HIST_TRANS_COUNT (+0.3937), COUNT_7D (+0.3881)","TRANS_NO × SUM_AMOUNT_48H (+0.3063), TRANS_NO × COUNT_30D (+0.1740), TRANS_NO × HOURS_SINCE_SEC_EVENT (+0.1314)",,Transfer,Within_bank,2019-10-19,Sat,11,5,2968000.0,450535,iOS,58.91.xx.xx (CT),F,2019-07-15,1997-07-05,0,2019-09-03,BRANCH,1,SMART_OTP,3264000.0,2,32555800.0,7,53477000.0,12,134793630.0,20,162844630.0,35,580779070.0,147,8844481.102,4369996.853994491,363,0.041666666666666664,11,576.0,LOGIN,0.46684348894314354,377.0,0.03889746598194539,-1.441169318574772
88,1,0.011839228682219982,"Flagged due to: high 24-hour transaction count (12 transfers), and unusual activity in feature 'HIST_TRANS_COUNT' (value: 363.0), and high 7-day transaction count (35 transfers).","COUNT_24H (+0.4109), HIST_TRANS_COUNT (+0.3625), COUNT_7D (+0.3253)","COUNT_24H × HIST_LOGIN_COUNT (-0.1201), SUM_AMOUNT_48H × COUNT_30D (+0.1067), UNIQUE_BENEFICIARIES_24H × VELOCITY_RATIO_AMOUNT_1H_VS_24H (-0.0933)",COUNT_7D: 35.00 -> 20.00 (-15.00),Transfer,Outside_bank,2019-10-19,Sat,11,1,296000.0,942238,iOS,11.202.xx.xx (CT),F,2019-07-15,1997-07-05,0,2019-09-03,BRANCH,1,SMART_OTP,3264000.0,2,32555800.0,7,53477000.0,12,134793630.0,20,162844630.0,35,580779070.0,147,8844481.102,4369996.853994491,363,0.0,12,576.0,LOGIN,0.46684348894314354,377.0,0.03889746598194539,-1.441169318574772
88,1,0.007872319780290127,"Flagged due to: high 24-hour transaction count (13 transfers), and high 7-day transaction count (34 transfers), and unusual activity in feature 'HIST_TRANS_COUNT' (value: 363.0).","COUNT_24H (+0.4109), COUNT_7D (+0.3137), HIST_TRANS_COUNT (+0.3048)","COUNT_24H × HIST_LOGIN_COUNT (-0.1201), SUM_AMOUNT_48H × COUNT_30D (+0.1014), UNIQUE_BENEFICIARIES_24H × VELOCITY_RATIO_AMOUNT_1H_VS_24H (-0.0933)","COUNT_24H: 13.00 -> 6.00 (-7.00), COUNT_7D: 34.00 -> 21.00 (-13.00)",Transfer,Outside_bank,2019-10-19,Sat,13,1,838200.0,917102,iOS,74.98.xx.xx (CT),F,2019-07-15,1997-07-05,0,2019-09-03,BRANCH,1,SMART_OTP,838200.0,1,20032880.0,5,54315200.0,13,135631830.0,21,159494830.0,34,565397270.0,147,8844481.102,4369996.853994491,363,0.08333333333333333,13,578.0,LOGIN_FINGER,0.46578946142659317,380.0,0.03889746598194539,-1.441169318574772
88,1,0.018633345142006874,"Flagged due to: high 24-hour transaction count (11 transfers), and unusual activity in feature 'HIST_TRANS_COUNT' (value: 363.0), and high 7-day transaction count (35 transfers).","COUNT_24H (+0.4264), HIST_TRANS_COUNT (+0.3903), COUNT_7D (+0.3157)","SUM_AMOUNT_24H × COUNT_48H (+0.1711), COUNT_24H × HIST_LOGIN_COUNT (-0.1201), SUM_AMOUNT_48H × COUNT_30D (+0.1067)",,Transfer,Within_bank,2019-10-19,Sat,16,1,6000000.0,592473,iOS,101.213.xx.xx (CT),F,2019-07-15,1997-07-05,0,2019-09-03,BRANCH,1,SMART_OTP,9296000.0,2,10134200.0,3,46440000.0,11,142507830.0,22,167142830.0,35,555558620.0,144,8844481.102,4369996.853994491,363,0.125,10,581.0,LOGIN_FINGER,0.4659685741893044,382.0,0.03889746598194539,-1.441169318574772
88,1,0.013903199695050716,"Flagged due to: high 24-hour transaction count (11 transfers), and unusual activity in feature 'HIST_TRANS_COUNT' (value: 363.0), and high 7-day transaction count (35 transfers).","COUNT_24H (+0.4499), HIST_TRANS_COUNT (+0.3625), COUNT_7D (+0.3253)","SUM_AMOUNT_24H × COUNT_48H (+0.1711), COUNT_24H × HIST_LOGIN_COUNT (-0.1201), SUM_AMOUNT_48H × COUNT_30D (+0.1067)",,Transfer,Outside_bank,2019-10-19,Sat,16,2,3296000.0,214972,iOS,52.141.xx.xx (CT),F,2019-07-15,1997-07-05,0,2019-09-03,BRANCH,1,SMART_OTP,9296000.0,2,10134200.0,3,46440000.0,11,142507830.0,22,167142830.0,35,555558620.0,144,8844481.102,4369996.853994491,363,0.0,11,581.0,LOGIN_FINGER,0.4659685741893044,382.0,0.03889746598194539,-1.441169318574772
88,1,0.007129589095711708,"Flagged due to: high 24-hour transaction count (12 transfers), and high 7-day transaction count (36 transfers), and unusual activity in feature 'HIST_TRANS_COUNT' (value: 363.0).","COUNT_24H (+0.4109), COUNT_7D (+0.3137), HIST_TRANS_COUNT (+0.3048)","SUM_AMOUNT_24H × COUNT_48H (+0.1711), COUNT_24H × HIST_LOGIN_COUNT (-0.1201), SUM_AMOUNT_48H × COUNT_30D (+0.1014)","COUNT_24H: 12.00 -> 6.00 (-6.00), COUNT_7D: 36.00 -> 21.00 (-15.00)",Transfer,Within_bank,2019-10-19,Sat,17,1,413000.0,486015,iOS,248.15.xx.xx (CT),F,2019-07-15,1997-07-05,0,2019-09-03,BRANCH,1,SMART_OTP,413000.0,1,9709000.0,3,46853000.0,12,142920830.0,23,167555830.0,36,552321620.0,143,8844481.102,4369996.853994491,363,0.041666666666666664,12,582.0,LOGIN_FINGER,0.4661458211941193,384.0,0.03889746598194539,-1.441169318574772
88,1,0.014765080064535141,"Flagged due to: unusual transaction sequence position (transaction number: 6), and unusual activity in feature 'HIST_TRANS_COUNT' (value: 363.0), and high 7-day transaction count (39 transfers).","TRANS_NO (+2.1069), HIST_TRANS_COUNT (+0.3573), COUNT_7D (+0.2688)","TRANS_NO × SUM_AMOUNT_48H (+0.4809), SUM_AMOUNT_1H × SUM_AMOUNT_48H (+0.1845), TRANS_NO × COUNT_30D (+0.1740)",,Transfer,Within_bank,2019-10-21,Mon,11,6,8421000.0,715281,iOS,210.146.xx.xx (CT),F,2019-07-15,1997-07-05,0,2019-09-03,BRANCH,1,SMART_OTP,8421000.0,1,10001000.0,2,17086440.0,5,30897640.0,11,181346270.0,39,552042060.0,141,8844481.102,4369996.853994491,363,0.041666666666666664,5,624.0,LOGIN_FINGER,0.4671717053744519,396.0,0.03889746598194539,-1.441169318574772
88,1,0.00882457010447979,"Flagged due to: unusual transaction sequence position (transaction number: 6), and unusual activity in feature 'HIST_LOGIN_COUNT' (value: 437.0), and unusual activity in feature 'HIST_TRANS_COUNT' (value: 363.0).","TRANS_NO (+2.0294), HIST_LOGIN_COUNT (+0.4059), HIST_TRANS_COUNT (+0.3019)","TRANS_NO × SUM_AMOUNT_48H (+0.4252), SUM_AMOUNT_1H × SUM_AMOUNT_48H (+0.1755), TRANS_NO × COUNT_30D (+0.1740)",HIST_LOGIN_COUNT: 437.00 -> 355.00 (-82.00),Transfer,Within_bank,2019-10-26,Sat,8,6,6101880.0,595587,iOS,144.244.xx.xx (CT),F,2019-07-15,1997-07-05,0,2019-09-03,BRANCH,1,SMART_OTP,7701880.0,2,7701880.0,2,7701880.0,2,12488320.0,5,136330074.0,39,576422012.0,146,8844481.102,4369996.853994491,363,1.625,1,741.0,LOGIN,0.4691075407526879,437.0,0.03889746598194539,-1.441169318574772
88,1,0.008541159331798553,"Flagged due to: unusual transaction sequence position (transaction number: 5), and unusual activity in feature 'HIST_LOGIN_COUNT' (value: 442.0), and unusual activity in feature 'HIST_TRANS_COUNT' (value: 363.0).","TRANS_NO (+1.7902), HIST_LOGIN_COUNT (+0.4403), HIST_TRANS_COUNT (+0.3538)","TRANS_NO × SUM_AMOUNT_48H (+0.2188), SUM_AMOUNT_1H × SUM_AMOUNT_48H (+0.1845), TRANS_NO × HIST_LOGIN_COUNT (+0.1840)",HIST_LOGIN_COUNT: 442.00 -> 355.00 (-87.00),Transfer,Within_bank,2019-10-26,Sat,14,5,6242500.0,89735,iOS,90.38.xx.xx (CT),F,2019-07-15,1997-07-05,0,2019-09-03,BRANCH,1,SMART_OTP,7242500.0,2,7242500.0,2,14944380.0,4,19730820.0,7,110178574.0,33,578416512.0,146,8844481.102,4369996.853994491,363,0.25,3,747.0,LOGIN_FINGER,0.46832578125959773,442.0,0.03889746598194539,-1.441169318574772
88,1,0.5448497533798218,"Flagged due to: unusual transaction sequence position (transaction number: 6), and unusual activity in feature 'COUNT_1H' (value: 3.0), and unusual activity in feature 'HIST_TRANS_COUNT' (value: 363.0).","TRANS_NO (+2.1996), COUNT_1H (+0.8375), HIST_TRANS_COUNT (+0.4367)","TRANS_NO × SUM_AMOUNT_48H (+0.4675), HIST_AVG_TRANS_AMOUNT × COUNT_1H (+0.2475), TRANS_NO × HIST_LOGIN_COUNT (+0.1797)",,Transfer,Within_bank,2019-10-31,Thu,15,6,9138500.0,896676,iOS,207.224.xx.xx (CT),F,2019-07-15,1997-07-05,0,2019-09-03,BRANCH,1,SMART_OTP,24192380.0,3,24192380.0,3,50757380.0,10,51597380.0,11,76922080.0,21,590014772.0,146,8844481.102,4369996.853994491,363,0.041666666666666664,10,3.0,LOGIN_FINGER,0.4704641250956936,474.0,0.03889746598194539,-1.441169318574772
88,1,0.01811238005757332,"Flagged due to: unusual activity in feature 'HIST_TRANS_COUNT' (value: 363.0), and unusual activity in feature 'HIST_LOGIN_COUNT' (value: 475.0), and high 24-hour transaction count (11 transfers).","HIST_TRANS_COUNT (+0.4056), HIST_LOGIN_COUNT (+0.3793), COUNT_24H (+0.3777)","TRANS_NO × SUM_AMOUNT_48H (-0.1524), SUM_AMOUNT_1H × SUM_AMOUNT_48H (+0.1473), TRANS_NO × HIST_LOGIN_COUNT (+0.1405)",,Transfer,Within_bank,2019-10-31,Thu,16,3,7472000.0,810297,iOS,189.18.xx.xx (CT),F,2019-07-15,1997-07-05,0,2019-09-03,BRANCH,1,SMART_OTP,16610500.0,2,31664380.0,4,58229380.0,11,59069380.0,12,81552640.0,21,595461772.0,146,8844481.102,4369996.853994491,363,0.041666666666666664,11,4.0,LOGIN,0.47157893744044344,475.0,0.03889746598194539,-1.441169318574772
88,1,0.010229798033833504,"Flagged due to: high 24-hour transaction count (11 transfers), and unusual activity in feature 'HIST_TRANS_COUNT' (value: 363.0), and high 7-day transaction count (23 transfers).","COUNT_24H (+0.4298), HIST_TRANS_COUNT (+0.4056), COUNT_7D (+0.2528)","TRANS_NO × SUM_AMOUNT_48H (+0.1646), SUM_AMOUNT_1H × SUM_AMOUNT_48H (+0.1347), TRANS_NO × HIST_LOGIN_COUNT (-0.1208)",,Transfer,Outside_bank,2019-10-31,Thu,17,1,10000000.0,906273,iOS,92.175.xx.xx (CT),F,2019-07-15,1997-07-05,0,2019-09-03,BRANCH,1,SMART_OTP,12000000.0,2,43664380.0,6,65229380.0,11,71069380.0,14,93552640.0,23,592485772.0,146,8844481.102,4369996.853994491,363,0.0,11,5.0,LOGIN,0.47169810331869805,477.0,0.03889746598194539,-1.441169318574772
88,1,0.011051224544644356,"Flagged due to: unusual activity in feature 'COUNT_1H' (value: 4.0), and high 24-hour transaction count (13 transfers), and unusual activity in feature 'HIST_TRANS_COUNT' (value: 363.0).","COUNT_1H (+0.7642), COUNT_24H (+0.4163), HIST_TRANS_COUNT (+0.3413)","HIST_AVG_TRANS_AMOUNT × COUNT_1H (+0.2045), COUNT_1H × SUM_AMOUNT_48H (+0.1800), SUM_AMOUNT_1H × SUM_AMOUNT_48H (+0.1658)",COUNT_1H: 4.00 -> 3.00 (-1.00),Transfer,Outside_bank,2019-10-31,Thu,18,1,1600000.0,720914,iOS,45.185.xx.xx (CT),F,2019-07-15,1997-07-05,0,2019-09-03,BRANCH,1,SMART_OTP,16084000.0,4,32694500.0,6,69313380.0,13,75153380.0,16,97256640.0,24,596569772.0,148,8844481.102,4369996.853994491,363,0.041666666666666664,12,6.0,LOGIN,0.47181627407481685,479.0,0.03889746598194539,-1.441169318574772
88,1,0.011051224544644356,"Flagged due to: unusual activity in feature 'COUNT_1H' (value: 4.0), and high 24-hour transaction count (13 transfers), and unusual activity in feature 'HIST_TRANS_COUNT' (value: 363.0).","COUNT_1H (+0.7642), COUNT_24H (+0.4163), HIST_TRANS_COUNT (+0.3413)","HIST_AVG_TRANS_AMOUNT × COUNT_1H (+0.2045), COUNT_1H × SUM_AMOUNT_48H (+0.1800), TRANS_NO × SUM_AMOUNT_48H (+0.1648)",COUNT_1H: 4.00 -> 3.00 (-1.00),Transfer,Within_bank,2019-10-31,Thu,18,1,2484000.0,235354,iOS,46.161.xx.xx (CT),F,2019-07-15,1997-07-05,0,2019-09-03,BRANCH,1,SMART_OTP,16084000.0,4,32694500.0,6,69313380.0,13,75153380.0,16,97256640.0,24,596569772.0,148,8844481.102,4369996.853994491,363,0.0,13,6.0,LOGIN,0.47181627407481685,479.0,0.03889746598194539,-1.441169318574772
88,1,0.022425495088100433,"Flagged due to: high 24-hour transaction count (14 transfers), and unusual activity in feature 'HIST_TRANS_COUNT' (value: 363.0), and high 24-hour transaction volume sum (107,223,580.00).","COUNT_24H (+0.5135), HIST_TRANS_COUNT (+0.4122), SUM_AMOUNT_24H (+0.3180)","SUM_AMOUNT_1H × COUNT_24H (+0.1623), TRANS_NO × HIST_LOGIN_COUNT (-0.1264), COUNT_24H × HIST_LOGIN_COUNT (-0.1201)","SUM_AMOUNT_24H: 107,223,580.00 -> 45,574,513.48 (-61,649,066.52)",Transfer,Outside_bank,2019-11-01,Fri,7,1,37439000.0,711016,iOS,50.208.xx.xx (CT),F,2019-07-15,1997-07-05,0,2019-09-03,BRANCH,1,SMART_OTP,37439000.0,1,37439000.0,1,107223580.0,14,114711580.0,18,136814840.0,26,630521972.0,149,8844481.102,4369996.853994491,363,0.375,14,19.0,LOGIN_FINGER,0.4711934059425225,486.0,0.03889746598194539,-1.441169318574772
88,1,0.02816122956573963,"Flagged due to: high 24-hour transaction count (15 transfers), and unusual activity in feature 'HIST_TRANS_COUNT' (value: 363.0), and high 24-hour transaction volume sum (137,223,580.00).","COUNT_24H (+0.4971), HIST_TRANS_COUNT (+0.4221), SUM_AMOUNT_24H (+0.3750)","TRANS_NO × HIST_LOGIN_COUNT (-0.1261), COUNT_24H × HIST_LOGIN_COUNT (-0.1201), SUM_AMOUNT_1H × COUNT_24H (+0.1173)","SUM_AMOUNT_24H: 137,223,580.00 -> 45,574,443.90 (-91,649,136.10)",Transfer,Outside_bank,2019-11-01,Fri,8,1,30000000.0,325893,iOS,215.101.xx.xx (CT),F,2019-07-15,1997-07-05,0,2019-09-03,BRANCH,1,SMART_OTP,30000000.0,1,67439000.0,2,137223580.0,15,144711580.0,19,166814840.0,27,660521972.0,150,8844481.102,4369996.853994491,363,0.041666666666666664,15,20.0,LOGIN_FINGER,0.47131146575181426,488.0,0.03889746598194539,-1.441169318574772
88,1,0.8154270052909851,"Flagged due to: unusual transaction sequence position (transaction number: 7), and high 24-hour transaction count (16 transfers), and unusual activity in feature 'HIST_TRANS_COUNT' (value: 363.0).","TRANS_NO (+1.8892), COUNT_24H (+0.5519), HIST_TRANS_COUNT (+0.5018)","SUM_AMOUNT_1H × COUNT_24H (+0.1951), TRANS_NO × HIST_LOGIN_COUNT (+0.1842), COUNT_24H × SUM_AMOUNT_48H (+0.1450)",,Transfer,Within_bank,2019-11-01,Fri,9,7,11520000.0,73935,iOS,168.13.xx.xx (CT),F,2019-07-15,1997-07-05,0,2019-09-03,BRANCH,1,SMART_OTP,41520000.0,2,78959000.0,3,148743580.0,16,156231580.0,20,178334840.0,28,622041972.0,150,8844481.102,4369996.853994491,363,0.041666666666666664,16,21.0,LOGIN_FINGER,0.4714285618075804,490.0,0.03889746598194539,-1.441169318574772
88,1,0.07129687070846558,"Flagged due to: high 24-hour transaction count (16 transfers), and unusual activity in feature 'COUNT_1H' (value: 3.0), and unusual activity in feature 'HIST_TRANS_COUNT' (value: 363.0).","COUNT_24H (+0.5656), COUNT_1H (+0.5234), HIST_TRANS_COUNT (+0.4063)","HIST_AVG_TRANS_AMOUNT × COUNT_1H (+0.2045), COUNT_1H × SUM_AMOUNT_48H (-0.1698), SUM_AMOUNT_1H × COUNT_24H (+0.1650)",,Transfer,Outside_bank,2019-11-01,Fri,10,1,443850.0,182996,iOS,91.111.xx.xx (CT),F,2019-07-15,1997-07-05,0,2019-09-03,BRANCH,1,SMART_OTP,21373850.0,3,88812850.0,5,141385680.0,16,166085430.0,22,188188690.0,30,630395822.0,151,8844481.102,4369996.853994491,363,0.041666666666666664,15,22.0,LOGIN,0.4725050820263731,491.0,0.03889746598194539,-1.441169318574772
88,1,0.9391604661941528,"Flagged due to: unusual transaction sequence position (transaction number: 5), and unusual activity in feature 'COUNT_1H' (value: 3.0), and high 24-hour transaction count (16 transfers).","TRANS_NO (+1.8014), COUNT_1H (+0.6065), COUNT_24H (+0.5406)","TRANS_NO × SUM_AMOUNT_48H (+0.2681), HIST_AVG_TRANS_AMOUNT × COUNT_1H (+0.2475), TRANS_NO × HIST_LOGIN_COUNT (+0.1842)",,Transfer,Within_bank,2019-11-01,Fri,10,5,9410000.0,513565,iOS,87.218.xx.xx (CT),F,2019-07-15,1997-07-05,0,2019-09-03,BRANCH,1,SMART_OTP,21373850.0,3,88812850.0,5,141385680.0,16,166085430.0,22,188188690.0,30,630395822.0,151,8844481.102,4369996.853994491,363,0.0,16,22.0,LOGIN,0.4725050820263731,491.0,0.03889746598194539,-1.441169318574772
88,1,0.02025933749973774,"Flagged due to: high 24-hour transaction count (16 transfers), and unusual activity in feature 'SUM_AMOUNT_48H' (value: 166545430.0), and unusual activity in feature 'HIST_TRANS_COUNT' (value: 363.0).","COUNT_24H (+0.4813), SUM_AMOUNT_48H (+0.3554), HIST_TRANS_COUNT (+0.3486)","COUNT_24H × SUM_AMOUNT_48H (+0.1370), TRANS_NO × HIST_LOGIN_COUNT (-0.1274), COUNT_24H × HIST_LOGIN_COUNT (-0.1201)","SUM_AMOUNT_48H: 166,545,430.00 -> 107,999,948.79 (-58,545,481.21)",Transfer,Within_bank,2019-11-01,Fri,11,1,460000.0,937338,iOS,14.40.xx.xx (CT),F,2019-07-15,1997-07-05,0,2019-09-03,BRANCH,1,SMART_OTP,460000.0,1,51833850.0,5,140750430.0,16,166545430.0,23,188648690.0,31,630205822.0,151,8844481.102,4369996.853994491,363,0.041666666666666664,16,23.0,LOGIN_FINGER,0.4716599094805687,494.0,0.03889746598194539,-1.441169318574772
88,1,0.03031684271991253,"Flagged due to: high 24-hour transaction count (16 transfers), and unusual activity in feature 'HIST_TRANS_COUNT' (value: 363.0), and unusual activity in feature 'SUM_AMOUNT_48H' (value: 168145430.0).","COUNT_24H (+0.4813), HIST_TRANS_COUNT (+0.4063), SUM_AMOUNT_48H (+0.3625)","COUNT_24H × SUM_AMOUNT_48H (+0.1370), TRANS_NO × HIST_LOGIN_COUNT (-0.1274), COUNT_24H × HIST_LOGIN_COUNT (-0.1201)","SUM_AMOUNT_48H: 168,145,430.00 -> 107,999,951.24 (-60,145,478.76)",Transfer,Outside_bank,2019-11-01,Fri,12,1,1600000.0,621413,iOS,25.245.xx.xx (CT),F,2019-07-15,1997-07-05,0,2019-09-03,BRANCH,1,SMART_OTP,2060000.0,2,23433850.0,5,140740430.0,16,168145430.0,24,190248690.0,32,631805822.0,152,8844481.102,4369996.853994491,363,0.041666666666666664,16,24.0,LOGIN_FINGER,0.4717741840368108,496.0,0.03889746598194539,-1.441169318574772
88,1,0.010340576060116291,"Flagged due to: high 24-hour transaction count (11 transfers), and unusual activity in feature 'SUM_AMOUNT_48H' (value: 162805430.0), and unusual activity in feature 'HIST_TRANS_COUNT' (value: 363.0).","COUNT_24H (+0.4533), SUM_AMOUNT_48H (+0.3442), HIST_TRANS_COUNT (+0.3387)","COUNT_24H × SUM_AMOUNT_48H (+0.1370), TRANS_NO × HIST_LOGIN_COUNT (-0.1336), COUNT_24H × HIST_LOGIN_COUNT (-0.1201)","COUNT_24H: 11.00 -> 4.00 (-7.00), SUM_AMOUNT_48H: 162,805,430.00 -> 150,499,951.46 (-12,305,478.54)",Transfer,Within_bank,2019-11-01,Fri,18,1,500000.0,832548,iOS,194.249.xx.xx (CT),F,2019-07-15,1997-07-05,0,2019-09-03,BRANCH,1,SMART_OTP,500000.0,1,500000.0,1,97576050.0,11,162805430.0,22,190748690.0,33,612497822.0,149,8844481.102,4369996.853994491,363,0.25,11,30.0,LOGIN_FINGER,0.47105787482918415,501.0,0.03889746598194539,-1.441169318574772
88,1,0.022008802741765976,"Flagged due to: unusual activity in feature 'SUM_AMOUNT_48H' (value: 181157430.0), and high 24-hour transaction count (8 transfers), and unusual activity in feature 'HIST_TRANS_COUNT' (value: 363.0).","SUM_AMOUNT_48H (+0.8197), COUNT_24H (+0.4920), HIST_TRANS_COUNT (+0.3877)","TRANS_NO × SUM_AMOUNT_48H (-0.2074), COUNT_24H × SUM_AMOUNT_48H (+0.1566), COUNT_7D × DAYS_SINCE_LAST_TRANS (-0.1469)","SUM_AMOUNT_48H: 181,157,430.00 -> 107,999,928.04 (-73,157,501.96)",Transfer,Outside_bank,2019-11-02,Sat,8,1,20000000.0,433352,iOS,184.68.xx.xx (CT),F,2019-07-15,1997-07-05,0,2019-09-03,BRANCH,1,SMART_OTP,20000000.0,1,20000000.0,1,73933850.0,8,181157430.0,22,210748690.0,34,626623622.0,148,8844481.102,4369996.853994491,363,0.5833333333333334,8,44.0,LOGIN_FINGER,0.4712871193804531,505.0,0.03889746598194539,-1.441169318574772
88,1,0.03295258432626724,"Flagged due to: unusual activity in feature 'SUM_AMOUNT_48H' (value: 183195430.0), and high 24-hour transaction count (8 transfers), and unusual activity in feature 'HIST_TRANS_COUNT' (value: 363.0).","SUM_AMOUNT_48H (+0.8669), COUNT_24H (+0.5473), HIST_TRANS_COUNT (+0.3762)","TRANS_NO × SUM_AMOUNT_48H (-0.2019), SUM_AMOUNT_24H × COUNT_48H (+0.1834), SUM_AMOUNT_1H × COUNT_24H (+0.1650)","SUM_AMOUNT_48H: 183,195,430.00 -> 107,999,898.67 (-75,195,531.33)",Transfer,Outside_bank,2019-11-02,Sat,9,1,2038000.0,389344,iOS,186.142.xx.xx (CT),F,2019-07-15,1997-07-05,0,2019-09-03,BRANCH,1,SMART_OTP,22038000.0,2,22038000.0,2,45971850.0,8,183195430.0,23,205084810.0,33,628661622.0,149,8844481.102,4369996.853994491,363,0.041666666666666664,8,45.0,LOGIN,0.47233200647565204,506.0,0.03889746598194539,-1.441169318574772
88,1,0.05148686096072197,"Flagged due to: unusual activity in feature 'SUM_AMOUNT_48H' (value: 184908430.0), and high 24-hour transaction count (6 transfers), and unusual transaction sequence position (transaction number: 3).","SUM_AMOUNT_48H (+1.0792), COUNT_24H (+0.3726), TRANS_NO (+0.3626)","SUM_AMOUNT_24H × COUNT_48H (+0.1834), TRANS_NO × SUM_AMOUNT_48H (+0.1614), TRANS_NO × HIST_LOGIN_COUNT (+0.1508)","SUM_AMOUNT_48H: 184,908,430.00 -> 107,999,921.94 (-76,908,508.06)",Transfer,Within_bank,2019-11-02,Sat,11,3,20020000.0,607366,iOS,13.85.xx.xx (CT),F,2019-07-15,1997-07-05,0,2019-09-03,BRANCH,1,SMART_OTP,20020000.0,1,42058000.0,3,44618000.0,6,184908430.0,21,225104810.0,34,633276622.0,149,8844481.102,4369996.853994491,363,0.08333333333333333,6,47.0,LOGIN,0.4724409355818714,508.0,0.03889746598194539,-1.441169318574772
88,1,0.021190930157899857,"Flagged due to: unusual activity in feature 'SUM_AMOUNT_48H' (value: 190131930.0), and unusual activity in feature 'HIST_TRANS_COUNT' (value: 363.0), and high 24-hour transaction count (6 transfers).","SUM_AMOUNT_48H (+0.8887), HIST_TRANS_COUNT (+0.3762), COUNT_24H (+0.3513)","TRANS_NO × SUM_AMOUNT_48H (-0.2019), SUM_AMOUNT_24H × COUNT_48H (+0.1834), COUNT_24H × SUM_AMOUNT_48H (+0.1393)","SUM_AMOUNT_48H: 190,131,930.00 -> 107,999,858.35 (-82,132,071.65)",Transfer,Outside_bank,2019-11-02,Sat,13,1,3883500.0,870394,iOS,68.67.xx.xx (CT),F,2019-07-15,1997-07-05,0,2019-09-03,BRANCH,1,SMART_OTP,6833500.0,2,26853500.0,3,49391500.0,6,190131930.0,22,231938310.0,36,625631166.0,149,8844481.102,4369996.853994491,363,0.08333333333333333,5,49.0,LOGIN_FINGER,0.4716242569153766,511.0,0.03889746598194539,-1.441169318574772
88,1,0.021815115585923195,"Flagged due to: unusual activity in feature 'SUM_AMOUNT_48H' (value: 190131930.0), and unusual activity in feature 'HIST_TRANS_COUNT' (value: 363.0), and high 24-hour transaction count (6 transfers).","SUM_AMOUNT_48H (+0.8755), HIST_TRANS_COUNT (+0.3762), COUNT_24H (+0.3513)","TRANS_NO × SUM_AMOUNT_48H (-0.2374), SUM_AMOUNT_24H × COUNT_48H (+0.1834), COUNT_24H × SUM_AMOUNT_48H (+0.1393)","SUM_AMOUNT_48H: 190,131,930.00 -> 107,999,858.35 (-82,132,071.65)",Transfer,Within_bank,2019-11-02,Sat,13,2,2950000.0,409899,iOS,138.122.xx.xx (CT),F,2019-07-15,1997-07-05,0,2019-09-03,BRANCH,1,SMART_OTP,6833500.0,2,26853500.0,3,49391500.0,6,190131930.0,22,231938310.0,36,625631166.0,149,8844481.102,4369996.853994491,363,0.0,6,49.0,LOGIN_FINGER,0.4716242569153766,511.0,0.03889746598194539,-1.441169318574772
88,1,0.005807561334222555,"Flagged due to: unusual activity in feature 'COUNT_1H' (value: 3.0), and high 24-hour transaction count (7 transfers), and unusual activity in feature 'HIST_TRANS_COUNT' (value: 363.0).","COUNT_1H (+0.7962), COUNT_24H (+0.3528), HIST_TRANS_COUNT (+0.3472)","HIST_AVG_TRANS_AMOUNT × COUNT_1H (+0.2475), COUNT_1H × SUM_AMOUNT_48H (+0.1875), SUM_AMOUNT_1H × SUM_AMOUNT_48H (+0.1658)",,Transfer,Outside_bank,2019-11-04,Mon,10,2,20767525.0,215924,iOS,233.133.xx.xx (CT),F,2019-07-15,1997-07-05,0,2019-09-03,BRANCH,1,SMART_OTP,29788525.0,3,29788525.0,3,41812525.0,7,68666025.0,10,263308335.0,39,627519961.0,143,8844481.102,4369996.853994491,363,0.0,7,94.0,LOGIN,0.47318006756360026,522.0,0.03889746598194539,-1.441169318574772
88,1,0.8894866108894348,"Flagged due to: unusual transaction sequence position (transaction number: 5), and unusual activity in feature 'COUNT_1H' (value: 3.0), and unusual activity in feature 'HIST_TRANS_COUNT' (value: 363.0).","TRANS_NO (+1.9632), COUNT_1H (+0.7460), HIST_TRANS_COUNT (+0.4783)","TRANS_NO × SUM_AMOUNT_48H (+0.3361), HIST_AVG_TRANS_AMOUNT × COUNT_1H (+0.2337), TRANS_NO × HIST_LOGIN_COUNT (+0.2150)",,Transfer,Outside_bank,2019-11-06,Wed,9,5,37510000.0,88868,iOS,204.26.xx.xx (CT),F,2019-07-15,1997-07-05,0,2019-09-03,BRANCH,1,SMART_OTP,41798000.0,3,41798000.0,3,73862000.0,8,116977525.0,15,346538455.0,49,699978961.0,150,8844481.102,4369996.853994491,363,0.041666666666666664,7,141.0,LOGIN_FINGER,0.4734917646528014,547.0,0.03889746598194539,-1.441169318574772
88,1,0.04227063059806824,"Flagged due to: unusual activity in feature 'COUNT_1H' (value: 3.0), and high 24-hour transaction count (8 transfers), and unusual activity in feature 'HIST_TRANS_COUNT' (value: 363.0).","COUNT_1H (+0.6667), COUNT_24H (+0.4704), HIST_TRANS_COUNT (+0.3828)","HIST_AVG_TRANS_AMOUNT × COUNT_1H (+0.2045), TRANS_NO × HIST_LOGIN_COUNT (-0.1470), SUM_AMOUNT_1H × COUNT_24H (+0.1420)",,Transfer,Within_bank,2019-11-06,Wed,9,1,2400000.0,401291,iOS,112.232.xx.xx (CT),F,2019-07-15,1997-07-05,0,2019-09-03,BRANCH,1,SMART_OTP,41798000.0,3,41798000.0,3,73862000.0,8,116977525.0,15,346538455.0,49,699978961.0,150,8844481.102,4369996.853994491,363,0.0,8,141.0,LOGIN_FINGER,0.4734917646528014,547.0,0.03889746598194539,-1.441169318574772
88,1,0.09759867936372757,"Flagged due to: unusual activity in feature 'COUNT_1H' (value: 3.0), and high 24-hour transaction count (8 transfers), and unusual activity in feature 'HIST_TRANS_COUNT' (value: 363.0).","COUNT_1H (+0.7881), COUNT_24H (+0.4838), HIST_TRANS_COUNT (+0.4269)","HIST_AVG_TRANS_AMOUNT × COUNT_1H (+0.2475), TRANS_NO × HIST_LOGIN_COUNT (-0.1458), SUM_AMOUNT_1H × COUNT_24H (+0.1420)",,Transfer,Outside_bank,2019-11-06,Wed,10,2,13200000.0,609523,iOS,229.11.xx.xx (CT),F,2019-07-15,1997-07-05,0,2019-09-03,BRANCH,1,SMART_OTP,53110000.0,3,54998000.0,4,70282000.0,8,125246525.0,15,359738455.0,50,713178961.0,151,8844481.102,4369996.853994491,363,0.041666666666666664,8,142.0,LOGIN_FINGER,0.4734917646528014,547.0,0.03889746598194539,-1.441169318574772
88,1,0.03351006284356117,"Flagged due to: unusual transaction sequence position (transaction number: 5), and unusual activity in feature 'COUNT_1H' (value: 3.0), and unusual activity in feature 'HIST_LOGIN_COUNT' (value: 570.0).","TRANS_NO (+1.8210), COUNT_1H (+0.7129), HIST_LOGIN_COUNT (+0.3666)","TRANS_NO × SUM_AMOUNT_48H (+0.2346), HIST_AVG_TRANS_AMOUNT × COUNT_1H (+0.2045), TRANS_NO × HIST_LOGIN_COUNT (+0.1840)",,Transfer,Within_bank,2019-11-07,Thu,16,5,6320000.0,637328,iOS,69.61.xx.xx (CT),F,2019-07-15,1997-07-05,0,2019-09-03,BRANCH,1,SMART_OTP,9808000.0,3,17464000.0,5,20182000.0,7,82864000.0,14,329523075.0,47,707750739.0,150,8844481.102,4369996.853994491,363,0.041666666666666664,7,172.0,LOGIN,0.47543858815020024,570.0,0.03889746598194539,-1.441169318574772
88,1,0.006115734111517668,"Flagged due to: unusual transaction sequence position (transaction number: 6), and unusual activity in feature 'HIST_LOGIN_COUNT' (value: 634.0), and unusual activity in feature 'HIST_TRANS_COUNT' (value: 363.0).","TRANS_NO (+1.8520), HIST_LOGIN_COUNT (+0.4018), HIST_TRANS_COUNT (+0.3561)","TRANS_NO × SUM_AMOUNT_48H (+0.4303), SUM_AMOUNT_1H × SUM_AMOUNT_48H (+0.2147), TRANS_NO × COUNT_30D (-0.1441)",HIST_LOGIN_COUNT: 634.00 -> 419.00 (-215.00),Transfer,Outside_bank,2019-11-27,Wed,8,6,42000000.0,581381,iOS,10.16.xx.xx (CT),F,2019-07-15,1997-07-05,0,2019-09-03,BRANCH,1,SMART_OTP,42000000.0,1,42000000.0,1,45100000.0,4,45100000.0,4,57883900.0,6,470143187.0,76,8844481.102,4369996.853994491,363,0.5416666666666666,4,644.0,LOGIN,0.47791797353441684,634.0,0.03889746598194539,-1.441169318574772
88,1,0.013775591738522053,"Flagged due to: unusual transaction sequence position (transaction number: 14), and unusual activity in feature 'HIST_LOGIN_COUNT' (value: 657.0), and amount is 12.9x higher than customer's average transaction size.","TRANS_NO (+1.8273), HIST_LOGIN_COUNT (+0.4686), TRANS_AMOUNT_Z_SCORE (+0.3775)","TRANS_NO × SUM_AMOUNT_48H (+0.4146), SUM_AMOUNT_1H × SUM_AMOUNT_48H (+0.2057), TRANS_NO × COUNT_30D (-0.1441)",HIST_LOGIN_COUNT: 657.00 -> 245.00 (-412.00),Transfer,Outside_bank,2019-12-09,Mon,11,14,56520000.0,483817,iOS,41.119.xx.xx (CT),F,2019-07-15,1997-07-05,0,2019-09-03,BRANCH,1,SMART_OTP,56520000.0,1,56520000.0,1,56520000.0,1,56520000.0,1,96520000.0,2,171756852.0,15,8844481.102,4369996.853994491,363,6.125,1,935.0,LOGIN_FINGER,0.477929977504871,657.0,0.03889746598194539,-1.441169318574772
88,1,0.012216093949973583,"Flagged due to: unusual transaction sequence position (transaction number: 8), and unusual activity in feature 'HIST_LOGIN_COUNT' (value: 694.0), and unusual activity in feature 'HIST_TRANS_COUNT' (value: 363.0).","TRANS_NO (+1.7580), HIST_LOGIN_COUNT (+0.4805), HIST_TRANS_COUNT (+0.3782)","TRANS_NO × SUM_AMOUNT_48H (+0.4035), SUM_AMOUNT_1H × SUM_AMOUNT_48H (+0.2147), TRANS_NO × HIST_LOGIN_COUNT (+0.1507)",HIST_LOGIN_COUNT: 694.00 -> 345.00 (-349.00),Transfer,Outside_bank,2019-12-25,Wed,10,8,50600000.0,50420,iOS,235.151.xx.xx (CT),F,2019-07-15,1997-07-05,0,2019-09-03,BRANCH,1,SMART_OTP,50600000.0,1,50600000.0,1,58600000.0,3,59690000.0,5,61280000.0,11,207759030.0,23,8844481.102,4369996.853994491,363,0.7916666666666666,3,1318.0,LOGIN_FINGER,0.47838616025380176,694.0,0.03889746598194539,-1.441169318574772
141,1,0.007839408703148365,"Flagged due to: unusual activity in feature 'SUM_AMOUNT_48H' (value: 190000000.0), and unusual activity in feature 'SUM_AMOUNT_1H' (value: 190000000.0), and high 24-hour transaction volume sum (190,000,000.00).","SUM_AMOUNT_48H (+0.6797), SUM_AMOUNT_1H (+0.3115), SUM_AMOUNT_24H (+0.2967)","TRANS_NO × SUM_AMOUNT_48H (-0.1618), COUNT_7D × DAYS_SINCE_LAST_TRANS (+0.0747), HIST_AVG_TRANS_AMOUNT × TRANS_AMOUNT_Z_SCORE (-0.0580)","SUM_AMOUNT_48H: 190,000,000.00 -> 176,123,870.70 (-13,876,129.30), SUM_AMOUNT_1H: 190,000,000.00 -> 120,003,891.36 (-69,996,108.64), SUM_AMOUNT_24H: 190,000,000.00 -> 70,981,958.67 (-119,018,041.33)",Transfer,Outside_bank,2019-09-17,Tue,20,1,190000000.0,337549,iOS,97.15.xx.xx (DN),F,2019-04-22,1994-04-24,1,2019-04-24,BRANCH,1,SMART_OTP,190000000.0,1,190000000.0,1,190000000.0,1,190000000.0,1,190000000.0,1,504100002.0,8,20520353.582222223,33917132.94594595,74,7.5,1,3390.0,LOGIN,0.0,70.0,0.2205215966286484,-1.2990063985167104
141,1,0.015591397881507874,"Flagged due to: unusual activity in feature 'SUM_AMOUNT_48H' (value: 200000000.0), and unusual activity in feature 'SUM_AMOUNT_1H' (value: 200000000.0), and high 24-hour transaction volume sum (200,000,000.00).","SUM_AMOUNT_48H (+1.8126), SUM_AMOUNT_1H (+0.3681), SUM_AMOUNT_24H (+0.1770)","TRANS_NO × SUM_AMOUNT_48H (-0.3869), SUM_AMOUNT_24H × SUM_AMOUNT_48H (-0.2321), HIST_AVG_TRANS_AMOUNT × SUM_AMOUNT_48H (-0.1971)","SUM_AMOUNT_48H: 200,000,000.00 -> 176,123,817.63 (-23,876,182.37), SUM_AMOUNT_1H: 200,000,000.00 -> 79,999,924.31 (-120,000,075.69), SUM_AMOUNT_24H: 200,000,000.00 -> 45,574,467.35 (-154,425,532.65)",Transfer,Outside_bank,2019-12-25,Wed,10,1,200000000.0,796810,iOS,15.29.xx.xx (DN),F,2019-04-22,1994-04-24,1,2019-04-24,BRANCH,1,SMART_OTP,200000000.0,1,200000000.0,1,200000000.0,1,200000000.0,1,268303185.0,5,643297185.0,16,20520353.582222223,33917132.94594595,74,2.0416666666666665,1,5756.0,LOGIN,0.0,136.0,0.2205215966286484,-1.2990063985167104
386,1,0.19711743295192719,"Flagged due to: unusual activity in feature 'SUM_AMOUNT_48H' (value: 380550000.0), and high 24-hour transaction volume sum (380,550,000.00), and unusual activity in feature 'SUM_AMOUNT_1H' (value: 380000000.0).","SUM_AMOUNT_48H (+2.2212), SUM_AMOUNT_24H (+1.4640), SUM_AMOUNT_1H (+0.4176)","TRANS_NO × SUM_AMOUNT_48H (-0.3071), SUM_AMOUNT_3H × SUM_AMOUNT_24H (+0.2237), SUM_AMOUNT_1H × SUM_AMOUNT_48H (+0.2172)","SUM_AMOUNT_48H: 380,550,000.00 -> 107,999,755.00 (-272,550,245.00)",Transfer,Within_bank,2019-10-21,Mon,9,1,380000000.0,456015,Android,40.87.xx.xx (HCM),F,2019-08-12,1989-04-24,0,2019-08-12,BRANCH,1,SMART_OTP,380000000.0,1,380000000.0,1,380550000.0,2,380550000.0,2,383615000.0,5,416432414.0,15,114440623.53400001,16809085.8,70,0.6666666666666666,2,1670.0,LOGIN,0.0,41.0,0.061351446143111873,-1.0341287827195147
386,1,0.008585254661738873,"Flagged due to: unusual activity in feature 'SUM_AMOUNT_48H' (value: 185750000.0), and amount is 10.1x higher than customer's average transaction size, and unusual activity in feature 'SUM_AMOUNT_1H' (value: 170000000.0).","SUM_AMOUNT_48H (+0.6658), TRANS_AMOUNT_Z_SCORE (+0.3377), SUM_AMOUNT_1H (+0.3091)","HIST_AVG_TRANS_AMOUNT × TRANS_AMOUNT_Z_SCORE (+0.2142), TRANS_NO × SUM_AMOUNT_48H (-0.1827), COUNT_7D × DAYS_SINCE_LAST_TRANS (+0.0747)","SUM_AMOUNT_48H: 185,750,000.00 -> 176,123,888.09 (-9,626,111.91), TRANS_AMOUNT_Z_SCORE: 10.11 -> 7.15 (-2.96), SUM_AMOUNT_1H: 170,000,000.00 -> 120,003,843.60 (-49,996,156.40)",Transfer,Outside_bank,2019-10-23,Wed,11,1,170000000.0,416379,Android,206.51.xx.xx (HCM),F,2019-08-12,1989-04-24,0,2019-08-12,BRANCH,1,SMART_OTP,170000000.0,1,170000000.0,1,170000000.0,1,185750000.0,4,568700000.0,7,597182414.0,17,114440623.53400001,16809085.8,70,1.75,1,1720.0,LOGIN,0.0,45.0,0.061351446143111873,-1.0341287827195147
386,1,0.018873805180191994,"Flagged due to: unusual activity in feature 'SUM_AMOUNT_48H' (value: 285750000.0), and high 24-hour transaction volume sum (270,000,000.00), and unusual activity in feature 'SUM_AMOUNT_3H' (value: 270000000.0).","SUM_AMOUNT_48H (+1.7815), SUM_AMOUNT_24H (+0.9886), SUM_AMOUNT_3H (+0.2451)","TRANS_NO × SUM_AMOUNT_48H (-0.4354), SUM_AMOUNT_3H × SUM_AMOUNT_24H (+0.2237), HIST_AVG_TRANS_AMOUNT × SUM_AMOUNT_48H (-0.2151)","SUM_AMOUNT_48H: 285,750,000.00 -> 150,499,757.40 (-135,250,242.60), SUM_AMOUNT_24H: 270,000,000.00 -> 50,049,742.61 (-219,950,257.39), SUM_AMOUNT_3H: 270,000,000.00 -> 99,999,876.65 (-170,000,123.35)",Transfer,Within_bank,2019-10-23,Wed,14,1,100000000.0,572344,Android,211.136.xx.xx (HCM),F,2019-08-12,1989-04-24,0,2019-08-12,BRANCH,1,SMART_OTP,100000000.0,1,270000000.0,2,270000000.0,2,285750000.0,5,666300000.0,7,696552414.0,17,114440623.53400001,16809085.8,70,0.125,2,1723.0,LOGIN,0.0,46.0,0.061351446143111873,-1.0341287827195147
471,1,0.0634554922580719,"Flagged due to: unusual activity in feature 'SUM_AMOUNT_48H' (value: 260000000.0), and high 24-hour transaction volume sum (260,000,000.00), and unusual transaction sequence position (transaction number: 3).","SUM_AMOUNT_48H (+2.3352), SUM_AMOUNT_24H (+0.6935), TRANS_NO (+0.4429)","SUM_AMOUNT_3H × SUM_AMOUNT_24H (-0.5624), TRANS_NO × SUM_AMOUNT_48H (+0.3348), SUM_AMOUNT_1H × SUM_AMOUNT_48H (+0.1339)","SUM_AMOUNT_48H: 260,000,000.00 -> 150,499,942.02 (-109,500,057.98)",Transfer,Outside_bank,2019-08-20,Tue,8,3,110000000.0,646154,iOS,67.191.xx.xx (HCM),F,2019-06-05,1981-09-08,0,2019-06-05,BRANCH,1,SMS,110000000.0,1,110000000.0,1,260000000.0,2,260000000.0,2,260000000.0,2,510000000.0,5,36690057.17285714,69960000.0,10,0.6666666666666666,2,1787.0,LOGIN,0.0,8.0,0.44221233555637046,-1.0106583811507186
541,1,0.06832627952098846,"Flagged due to: unusual activity in feature 'SUM_AMOUNT_48H' (value: 303648000.0), and high 24-hour transaction volume sum (303,648,000.00), and unusual activity in feature 'SUM_AMOUNT_1H' (value: 300000000.0).","SUM_AMOUNT_48H (+1.9804), SUM_AMOUNT_24H (+1.1854), SUM_AMOUNT_1H (+0.3694)","TRANS_NO × SUM_AMOUNT_48H (-0.3745), SUM_AMOUNT_3H × SUM_AMOUNT_24H (+0.2237), HIST_AVG_TRANS_AMOUNT × SUM_AMOUNT_48H (-0.2151)","SUM_AMOUNT_48H: 303,648,000.00 -> 107,999,928.23 (-195,648,071.77), SUM_AMOUNT_24H: 303,648,000.00 -> 45,574,321.50 (-258,073,678.50)",Transfer,Outside_bank,2019-10-30,Wed,16,1,300000000.0,850028,iOS,110.48.xx.xx (HN),M,2019-09-17,1993-03-07,1,2019-09-27,BRANCH,1,SMART_OTP,300000000.0,1,300000000.0,1,303648000.0,2,303648000.0,2,310900000.0,3,310900000.0,3,71934426.34666668,32231818.181818184,11,0.3333333333333333,2,313.0,LOGIN_FINGER,0.30769207100609924,13.0,0.4774746518588942,-1.1897779134924324
1101,1,0.006249291356652975,"Flagged due to: unusual activity in feature 'SUM_AMOUNT_48H' (value: 244150000.0), and amount is 8.3x higher than customer's average transaction size, and high 24-hour transaction volume sum (111,800,000.00).","SUM_AMOUNT_48H (+1.8228), TRANS_AMOUNT_Z_SCORE (+0.1439), SUM_AMOUNT_24H (+0.0752)","TRANS_NO × SUM_AMOUNT_48H (-0.4070), HIST_AVG_TRANS_AMOUNT × SUM_AMOUNT_48H (-0.1971), SUM_AMOUNT_24H × SUM_AMOUNT_48H (-0.1869)","SUM_AMOUNT_48H: 244,150,000.00 -> 199,999,905.81 (-44,150,094.19), TRANS_AMOUNT_Z_SCORE: 8.27 -> 7.15 (-1.12), SUM_AMOUNT_24H: 111,800,000.00 -> 70,981,911.00 (-40,818,089.00)",Transfer,Within_bank,2019-11-12,Tue,16,1,109500000.0,805551,Android,137.9.xx.xx (DN),F,2019-03-05,1990-06-19,0,2019-03-12,BRANCH,1,SMART_OTP,109500000.0,1,109500000.0,1,111800000.0,2,244150000.0,5,291880000.0,8,595618000.0,21,7364031.087777778,13236356.585798817,169,1.0,2,5792.0,LOGIN,0.47590360012338556,332.0,0.03316413390985802,-1.2861392070344557
1149,1,0.5465814471244812,"Flagged due to: unusual activity in feature 'SUM_AMOUNT_48H' (value: 249900000.0), and unusual transaction sequence position (transaction number: 3), and unusual activity in feature 'SUM_AMOUNT_1H' (value: 179400000.0).","SUM_AMOUNT_48H (+2.4231), TRANS_NO (+0.4450), SUM_AMOUNT_1H (+0.3932)","TRANS_NO × SUM_AMOUNT_48H (+0.3232), SUM_AMOUNT_24H × SUM_AMOUNT_48H (-0.1579), SUM_AMOUNT_1H × SUM_AMOUNT_48H (+0.1019)",,Payment,Credit_card_repayment,2019-06-24,Mon,16,3,95000000.0,NaN,Android,205.48.xx.xx (HN),M,2019-05-29,1987-06-18,0,2019-05-30,BRANCH,1,SMART_OTP,179400000.0,2,200400000.0,3,200400000.0,3,249900000.0,5,249900000.0,5,286900000.0,6,1492431.96125,70275347.51773049,141,0.041666666666666664,0,603.0,LOGIN,0.0,7.0,0.043763912950767064,-0.8376228017000888
1149,1,0.011690638028085232,"Flagged due to: unusual activity in feature 'SUM_AMOUNT_48H' (value: 264900000.0), and highly improbable sequential activity pattern (log-probability score: -0.838), and high 24-hour transaction volume sum (235,400,000.00).","SUM_AMOUNT_48H (+1.8598), ACTIVITY_SEQ_RARITY (+0.3426), SUM_AMOUNT_24H (+0.2398)","TRANS_NO × SUM_AMOUNT_48H (-0.4834), SUM_AMOUNT_1H × SUM_AMOUNT_48H (-0.2638), SUM_AMOUNT_24H × SUM_AMOUNT_48H (-0.1109)","SUM_AMOUNT_48H: 264,900,000.00 -> 199,999,984.47 (-64,900,015.53), SUM_AMOUNT_24H: 235,400,000.00 -> 45,574,441.58 (-189,825,558.42)",Payment,Credit_card_repayment,2019-06-24,Mon,18,1,35000000.0,NaN,Android,253.165.xx.xx (HN),M,2019-05-29,1987-06-18,0,2019-05-30,BRANCH,1,SMART_OTP,35000000.0,1,214400000.0,3,235400000.0,4,264900000.0,5,284900000.0,6,321900000.0,7,1492431.96125,70275347.51773049,141,0.08333333333333333,0,605.0,LOGIN,0.0,7.0,0.043763912950767064,-0.8376228017000888
1149,1,0.012130418792366982,"Flagged due to: unusual activity in feature 'SUM_AMOUNT_48H' (value: 295400000.0), and high 24-hour transaction volume sum (295,400,000.00), and highly improbable sequential activity pattern (log-probability score: -0.838).","SUM_AMOUNT_48H (+2.0104), SUM_AMOUNT_24H (+0.7625), ACTIVITY_SEQ_RARITY (+0.3252)","SUM_AMOUNT_3H × SUM_AMOUNT_24H (-0.5644), SUM_AMOUNT_1H × SUM_AMOUNT_48H (-0.3455), TRANS_NO × SUM_AMOUNT_48H (-0.3279)","SUM_AMOUNT_48H: 295,400,000.00 -> 199,999,860.23 (-95,400,139.77), SUM_AMOUNT_24H: 295,400,000.00 -> 104,976,917.93 (-190,423,082.07)",Payment,Credit_card_repayment,2019-06-24,Mon,20,2,60000000.0,NaN,Android,122.56.xx.xx (HN),M,2019-05-29,1987-06-18,0,2019-05-30,BRANCH,1,SMART_OTP,60000000.0,1,95000000.0,2,295400000.0,5,295400000.0,5,344900000.0,7,381900000.0,8,1492431.96125,70275347.51773049,141,0.08333333333333333,0,607.0,LOGIN,0.0,7.0,0.043763912950767064,-0.8376228017000888
1149,1,0.027997804805636406,"Flagged due to: unusual activity in feature 'SUM_AMOUNT_48H' (value: 317400000.0), and high 24-hour transaction volume sum (317,400,000.00), and high 24-hour transaction count (6 transfers).","SUM_AMOUNT_48H (+2.1426), SUM_AMOUNT_24H (+0.7754), COUNT_24H (+0.4941)","SUM_AMOUNT_3H × SUM_AMOUNT_24H (-0.5644), TRANS_NO × SUM_AMOUNT_48H (-0.3277), SUM_AMOUNT_1H × SUM_AMOUNT_48H (-0.2960)","SUM_AMOUNT_48H: 317,400,000.00 -> 176,123,747.63 (-141,276,252.37)",Payment,Credit_card_repayment,2019-06-24,Mon,22,2,22000000.0,NaN,Android,107.178.xx.xx (HN),M,2019-05-29,1987-06-18,0,2019-05-30,BRANCH,1,SMART_OTP,22000000.0,1,82000000.0,2,317400000.0,6,317400000.0,6,366900000.0,8,403900000.0,9,1492431.96125,70275347.51773049,141,0.08333333333333333,0,609.0,LOGIN,0.0,7.0,0.043763912950767064,-0.8376228017000888
1149,1,1.0,"Flagged due to: unusual activity in feature 'SUM_AMOUNT_48H' (value: 494200000.0), and high 24-hour transaction volume sum (473,200,000.00), and unusual transaction sequence position (transaction number: 5).","SUM_AMOUNT_48H (+2.3996), SUM_AMOUNT_24H (+1.3977), TRANS_NO (+0.8650)","TRANS_NO × SUM_AMOUNT_48H (-0.5317), TRANS_NO × SUM_AMOUNT_24H (-0.2493), SUM_AMOUNT_3H × SUM_AMOUNT_24H (+0.2131)",,Payment,Credit_card_repayment,2019-06-25,Tue,14,5,176800000.0,NaN,Android,34.96.xx.xx (HN),M,2019-05-29,1987-06-18,0,2019-05-30,BRANCH,1,SMART_OTP,176800000.0,1,176800000.0,1,473200000.0,6,494200000.0,7,543700000.0,9,580700000.0,10,1492431.96125,70275347.51773049,141,0.6666666666666666,0,625.0,LOGIN,0.0,7.0,0.043763912950767064,-0.8376228017000888
1149,1,0.992764413356781,"Flagged due to: unusual activity in feature 'SUM_AMOUNT_48H' (value: 594200000.0), and high 24-hour transaction volume sum (573,200,000.00), and unusual activity in feature 'SUM_AMOUNT_1H' (value: 276800000.0).","SUM_AMOUNT_48H (+3.1381), SUM_AMOUNT_24H (+1.5302), SUM_AMOUNT_1H (+0.5244)","SUM_AMOUNT_1H × SUM_AMOUNT_48H (+0.3890), TRANS_NO × SUM_AMOUNT_48H (-0.2380), SUM_AMOUNT_3H × SUM_AMOUNT_24H (+0.2237)",,Payment,Credit_card_repayment,2019-06-25,Tue,15,1,100000000.0,NaN,Android,113.188.xx.xx (HN),M,2019-05-29,1987-06-18,0,2019-05-30,BRANCH,1,SMART_OTP,276800000.0,2,276800000.0,2,573200000.0,7,594200000.0,8,643700000.0,10,680700000.0,11,1492431.96125,70275347.51773049,141,0.041666666666666664,0,626.0,LOGIN,0.0,7.0,0.043763912950767064,-0.8376228017000888
1149,1,0.5635563135147095,"Flagged due to: unusual activity in feature 'SUM_AMOUNT_48H' (value: 288942000.0), and high 24-hour transaction volume sum (288,942,000.00), and transaction amount covers 131.6x their monthly average savings balance.","SUM_AMOUNT_48H (+2.2315), SUM_AMOUNT_24H (+1.2844), BALANCE_COVERAGE_RATIO (+0.6605)","TRANS_NO × SUM_AMOUNT_48H (-0.2586), SUM_AMOUNT_3H × SUM_AMOUNT_24H (+0.2237), SUM_AMOUNT_1H × SUM_AMOUNT_48H (+0.1288)",,Payment,Credit_card_repayment,2019-07-03,Wed,13,2,196442000.0,NaN,Android,241.89.xx.xx (HN),M,2019-05-29,1987-06-18,0,2019-05-30,BRANCH,1,SMART_OTP,196442000.0,1,196442000.0,1,288942000.0,3,288942000.0,3,288942000.0,3,969642000.0,14,1492431.96125,70275347.51773049,141,0.875,0,816.0,LOGIN,0.0,7.0,0.043763912950767064,-0.8376228017000888
1149,1,0.02382211573421955,"Flagged due to: unusual activity in feature 'SUM_AMOUNT_48H' (value: 335042000.0), and high 24-hour transaction volume sum (269,542,000.00), and highly improbable sequential activity pattern (log-probability score: -0.838).","SUM_AMOUNT_48H (+1.8564), SUM_AMOUNT_24H (+1.0417), ACTIVITY_SEQ_RARITY (+0.3426)","TRANS_NO × SUM_AMOUNT_48H (-0.4837), SUM_AMOUNT_1H × SUM_AMOUNT_48H (-0.3455), SUM_AMOUNT_3H × SUM_AMOUNT_24H (+0.2237)","SUM_AMOUNT_48H: 335,042,000.00 -> 150,499,787.27 (-184,542,212.73), SUM_AMOUNT_24H: 269,542,000.00 -> 50,049,960.71 (-219,492,039.29)",Payment,Credit_card_repayment,2019-07-03,Wed,14,1,46100000.0,NaN,Android,131.236.xx.xx (HN),M,2019-05-29,1987-06-18,0,2019-05-30,BRANCH,1,SMART_OTP,46100000.0,1,242542000.0,2,269542000.0,3,335042000.0,4,335042000.0,4,1015742000.0,15,1492431.96125,70275347.51773049,141,0.041666666666666664,0,817.0,LOGIN,0.0,7.0,0.043763912950767064,-0.8376228017000888
1149,1,0.17878195643424988,"Flagged due to: unusual activity in feature 'SUM_AMOUNT_48H' (value: 392542000.0), and transaction amount covers 100.5x their monthly average savings balance, and unusual activity in feature 'SUM_AMOUNT_1H' (value: 150000000.0).","SUM_AMOUNT_48H (+2.2042), BALANCE_COVERAGE_RATIO (+0.6220), SUM_AMOUNT_1H (+0.4589)","TRANS_NO × SUM_AMOUNT_48H (-0.3546), SUM_AMOUNT_1H × SUM_AMOUNT_48H (+0.2023), SUM_AMOUNT_24H × SUM_AMOUNT_48H (-0.1608)","SUM_AMOUNT_48H: 392,542,000.00 -> 107,999,985.10 (-284,542,014.90)",Payment,Credit_card_repayment,2019-07-04,Thu,19,1,150000000.0,NaN,Android,182.188.xx.xx (HN),M,2019-05-29,1987-06-18,0,2019-05-30,BRANCH,1,SMART_OTP,150000000.0,1,150000000.0,1,150000000.0,1,392542000.0,3,485042000.0,5,1165742000.0,16,1492431.96125,70275347.51773049,141,1.2083333333333333,0,846.0,LOGIN,0.0,7.0,0.043763912950767064,-0.8376228017000888
1149,1,0.2484726905822754,"Flagged due to: unusual activity in feature 'SUM_AMOUNT_48H' (value: 499042000.0), and high 24-hour transaction volume sum (256,500,000.00), and highly improbable sequential activity pattern (log-probability score: -0.838).","SUM_AMOUNT_48H (+2.3186), SUM_AMOUNT_24H (+1.0946), ACTIVITY_SEQ_RARITY (+0.3574)","TRANS_NO × SUM_AMOUNT_48H (-0.3826), SUM_AMOUNT_1H × SUM_AMOUNT_48H (+0.2385), SUM_AMOUNT_3H × SUM_AMOUNT_24H (+0.2237)",,Payment,Credit_card_repayment,2019-07-04,Thu,22,1,106500000.0,NaN,Android,91.99.xx.xx (HN),M,2019-05-29,1987-06-18,0,2019-05-30,BRANCH,1,SMART_OTP,106500000.0,1,256500000.0,2,256500000.0,2,499042000.0,4,591542000.0,6,1272242000.0,17,1492431.96125,70275347.51773049,141,0.125,0,849.0,LOGIN,0.0,7.0,0.043763912950767064,-0.8376228017000888
1149,1,0.010378113016486168,"Flagged due to: unusual activity in feature 'SUM_AMOUNT_48H' (value: 359200000.0), and high 24-hour transaction volume sum (313,100,000.00), and highly improbable sequential activity pattern (log-probability score: -0.838).","SUM_AMOUNT_48H (+2.0214), SUM_AMOUNT_24H (+0.8019), ACTIVITY_SEQ_RARITY (+0.3264)","SUM_AMOUNT_3H × SUM_AMOUNT_24H (-0.5644), TRANS_NO × SUM_AMOUNT_48H (-0.3918), SUM_AMOUNT_1H × SUM_AMOUNT_48H (-0.3455)","SUM_AMOUNT_48H: 359,200,000.00 -> 199,999,696.69 (-159,200,303.31), SUM_AMOUNT_24H: 313,100,000.00 -> 104,976,833.74 (-208,123,166.26)",Payment,Credit_card_repayment,2019-07-05,Fri,14,1,56600000.0,NaN,Android,250.242.xx.xx (HN),M,2019-05-29,1987-06-18,0,2019-05-30,BRANCH,1,SMART_OTP,56600000.0,1,56600000.0,1,313100000.0,3,359200000.0,4,648142000.0,7,1328842000.0,18,1492431.96125,70275347.51773049,141,0.6666666666666666,0,865.0,LOGIN,0.0,7.0,0.043763912950767064,-0.8376228017000888
1149,1,0.015103382989764214,"Flagged due to: unusual activity in feature 'SUM_AMOUNT_48H' (value: 371100000.0), and high 24-hour transaction volume sum (371,100,000.00), and highly improbable sequential activity pattern (log-probability score: -0.838).","SUM_AMOUNT_48H (+2.1172), SUM_AMOUNT_24H (+0.9489), ACTIVITY_SEQ_RARITY (+0.2944)","SUM_AMOUNT_3H × SUM_AMOUNT_24H (-0.5624), SUM_AMOUNT_1H × SUM_AMOUNT_48H (-0.3455), TRANS_NO × SUM_AMOUNT_48H (-0.2600)","SUM_AMOUNT_48H: 371,100,000.00 -> 199,999,772.97 (-171,100,227.03), SUM_AMOUNT_24H: 371,100,000.00 -> 70,981,864.04 (-300,118,135.96)",Payment,Credit_card_repayment,2019-07-05,Fri,17,2,58000000.0,NaN,Android,1.73.xx.xx (HN),M,2019-05-29,1987-06-18,0,2019-05-30,BRANCH,1,SMART_OTP,58000000.0,1,114600000.0,2,371100000.0,4,371100000.0,4,706142000.0,8,1386842000.0,19,1492431.96125,70275347.51773049,141,0.125,0,868.0,LOGIN,0.0,7.0,0.043763912950767064,-0.8376228017000888
1149,1,0.005991547834128141,"Flagged due to: unusual activity in feature 'SUM_AMOUNT_48H' (value: 223824000.0), and highly improbable sequential activity pattern (log-probability score: -0.838), and high 24-hour transaction volume sum (191,824,000.00).","SUM_AMOUNT_48H (+1.8171), ACTIVITY_SEQ_RARITY (+0.3264), SUM_AMOUNT_24H (+0.2081)","TRANS_NO × SUM_AMOUNT_48H (-0.4563), SUM_AMOUNT_1H × SUM_AMOUNT_48H (-0.3455), SUM_AMOUNT_24H × SUM_AMOUNT_48H (-0.1787)","SUM_AMOUNT_48H: 223,824,000.00 -> 199,999,827.51 (-23,824,172.49), ACTIVITY_SEQ_RARITY: -0.84 -> -0.97 (-0.13), SUM_AMOUNT_24H: 191,824,000.00 -> 184,914,977.90 (-6,909,022.10)",Payment,Credit_card_repayment,2019-07-25,Thu,12,1,32000000.0,NaN,Android,77.5.xx.xx (HN),M,2019-05-29,1987-06-18,0,2019-05-30,BRANCH,1,SMART_OTP,32000000.0,1,83912000.0,2,191824000.0,4,223824000.0,5,378952000.0,11,1435894000.0,23,1492431.96125,70275347.51773049,141,0.125,0,1343.0,LOGIN,0.0,16.0,0.043763912950767064,-0.8376228017000888
1149,1,0.006663110572844744,"Flagged due to: unusual activity in feature 'SUM_AMOUNT_48H' (value: 243824000.0), and highly improbable sequential activity pattern (log-probability score: -0.838), and high 24-hour transaction volume sum (211,824,000.00).","SUM_AMOUNT_48H (+1.8641), ACTIVITY_SEQ_RARITY (+0.3264), SUM_AMOUNT_24H (+0.2692)","TRANS_NO × SUM_AMOUNT_48H (-0.4838), SUM_AMOUNT_1H × SUM_AMOUNT_48H (-0.3455), SUM_AMOUNT_24H × SUM_AMOUNT_48H (-0.1083)","SUM_AMOUNT_48H: 243,824,000.00 -> 199,999,765.79 (-43,824,234.21), ACTIVITY_SEQ_RARITY: -0.84 -> -0.97 (-0.13), SUM_AMOUNT_24H: 211,824,000.00 -> 104,977,076.31 (-106,846,923.69)",Payment,Credit_card_repayment,2019-07-25,Thu,15,1,20000000.0,NaN,Android,39.147.xx.xx (HN),M,2019-05-29,1987-06-18,0,2019-05-30,BRANCH,1,SMART_OTP,20000000.0,1,52000000.0,2,211824000.0,5,243824000.0,6,398952000.0,12,1279094000.0,23,1492431.96125,70275347.51773049,141,0.125,0,1346.0,LOGIN,0.0,17.0,0.043763912950767064,-0.8376228017000888
1149,1,0.007674163207411766,"Flagged due to: unusual activity in feature 'SUM_AMOUNT_48H' (value: 285824000.0), and highly improbable sequential activity pattern (log-probability score: -0.838), and high 24-hour transaction volume sum (226,812,000.00).","SUM_AMOUNT_48H (+1.8398), ACTIVITY_SEQ_RARITY (+0.3252), SUM_AMOUNT_24H (+0.2759)","TRANS_NO × SUM_AMOUNT_48H (-0.4934), SUM_AMOUNT_1H × SUM_AMOUNT_48H (-0.3455), SUM_AMOUNT_24H × SUM_AMOUNT_48H (-0.1122)","SUM_AMOUNT_48H: 285,824,000.00 -> 199,999,895.87 (-85,824,104.13), ACTIVITY_SEQ_RARITY: -0.84 -> -0.97 (-0.13), SUM_AMOUNT_24H: 226,812,000.00 -> 104,976,929.54 (-121,835,070.46)",Payment,Credit_card_repayment,2019-07-25,Thu,16,1,42000000.0,NaN,Android,73.244.xx.xx (HN),M,2019-05-29,1987-06-18,0,2019-05-30,BRANCH,1,SMART_OTP,62000000.0,2,62000000.0,2,226812000.0,5,285824000.0,7,440952000.0,13,1221094000.0,23,1492431.96125,70275347.51773049,141,0.041666666666666664,0,1347.0,LOGIN,0.0,18.0,0.043763912950767064,-0.8376228017000888
1149,1,0.0220603346824646,"Flagged due to: unusual activity in feature 'SUM_AMOUNT_48H' (value: 283824000.0), and high 24-hour transaction volume sum (256,812,000.00), and high 24-hour transaction count (6 transfers).","SUM_AMOUNT_48H (+2.0004), SUM_AMOUNT_24H (+0.6625), COUNT_24H (+0.4917)","SUM_AMOUNT_3H × SUM_AMOUNT_24H (-0.5644), TRANS_NO × SUM_AMOUNT_48H (-0.4838), SUM_AMOUNT_1H × SUM_AMOUNT_48H (-0.2916)","SUM_AMOUNT_48H: 283,824,000.00 -> 150,499,842.36 (-133,324,157.64)",Payment,Credit_card_repayment,2019-07-25,Thu,18,1,30000000.0,NaN,Android,210.43.xx.xx (HN),M,2019-05-29,1987-06-18,0,2019-05-30,BRANCH,1,SMART_OTP,30000000.0,1,92000000.0,3,256812000.0,6,283824000.0,7,470952000.0,14,1251094000.0,24,1492431.96125,70275347.51773049,141,0.08333333333333333,0,1349.0,LOGIN,0.0,19.0,0.043763912950767064,-0.8376228017000888
1149,1,0.026334227994084358,"Flagged due to: transaction amount covers 109.2x their monthly average savings balance, and highly improbable sequential activity pattern (log-probability score: -0.838), and high 24-hour transaction volume sum (163,000,000.00).","BALANCE_COVERAGE_RATIO (+0.6220), ACTIVITY_SEQ_RARITY (+0.3595), SUM_AMOUNT_24H (+0.3432)","ACTIVITY_SEQ_RARITY × SUM_AMOUNT_48H (+0.0962), COUNT_7D × DAYS_SINCE_LAST_TRANS (+0.0747), TRANS_NO × SUM_AMOUNT_48H (-0.0620)",,Payment,Credit_card_repayment,2019-08-01,Thu,19,1,163000000.0,NaN,Android,72.253.xx.xx (HN),M,2019-05-29,1987-06-18,0,2019-05-30,BRANCH,1,SMART_OTP,163000000.0,1,163000000.0,1,163000000.0,1,163000000.0,1,163000000.0,1,1321594000.0,23,1492431.96125,70275347.51773049,141,7.041666666666667,0,1518.0,LOGIN,0.0,21.0,0.043763912950767064,-0.8376228017000888
1149,1,0.008328239433467388,"Flagged due to: unusual activity in feature 'SUM_AMOUNT_48H' (value: 265700000.0), and highly improbable sequential activity pattern (log-probability score: -0.838), and high historical average transaction size (70,275,347.52).","SUM_AMOUNT_48H (+1.7620), ACTIVITY_SEQ_RARITY (+0.3301), HIST_AVG_TRANS_AMOUNT (+0.1805)","TRANS_NO × SUM_AMOUNT_48H (-0.4144), SUM_AMOUNT_24H × SUM_AMOUNT_48H (-0.3512), SUM_AMOUNT_1H × SUM_AMOUNT_48H (-0.1371)","SUM_AMOUNT_48H: 265,700,000.00 -> 199,999,962.50 (-65,700,037.50), ACTIVITY_SEQ_RARITY: -0.84 -> -0.97 (-0.13)",Payment,Credit_card_repayment,2019-08-03,Sat,7,1,72700000.0,NaN,Android,144.154.xx.xx (HN),M,2019-05-29,1987-06-18,0,2019-05-30,BRANCH,1,SMART_OTP,72700000.0,1,72700000.0,1,102700000.0,2,265700000.0,3,265700000.0,3,1181752000.0,23,1492431.96125,70275347.51773049,141,0.9583333333333334,0,1554.0,LOGIN,0.0,23.0,0.043763912950767064,-0.8376228017000888
1149,1,0.007338779978454113,"Flagged due to: unusual activity in feature 'SUM_AMOUNT_48H' (value: 317800000.0), and highly improbable sequential activity pattern (log-probability score: -0.838), and high 24-hour transaction volume sum (124,800,000.00).","SUM_AMOUNT_48H (+1.7739), ACTIVITY_SEQ_RARITY (+0.3264), SUM_AMOUNT_24H (+0.1709)","TRANS_NO × SUM_AMOUNT_48H (-0.4563), SUM_AMOUNT_1H × SUM_AMOUNT_48H (-0.2683), SUM_AMOUNT_24H × SUM_AMOUNT_48H (-0.1787)","SUM_AMOUNT_48H: 317,800,000.00 -> 199,999,738.46 (-117,800,261.54), ACTIVITY_SEQ_RARITY: -0.84 -> -0.97 (-0.13), SUM_AMOUNT_24H: 124,800,000.00 -> 104,976,989.19 (-19,823,010.81)",Payment,Credit_card_repayment,2019-08-03,Sat,10,1,52100000.0,NaN,Android,247.217.xx.xx (HN),M,2019-05-29,1987-06-18,0,2019-05-30,BRANCH,1,SMART_OTP,52100000.0,1,124800000.0,2,124800000.0,2,317800000.0,4,317800000.0,4,1233852000.0,24,1492431.96125,70275347.51773049,141,0.125,0,1557.0,LOGIN,0.0,24.0,0.043763912950767064,-0.8376228017000888
1149,1,0.9990411400794983,"Flagged due to: unusual activity in feature 'SUM_AMOUNT_48H' (value: 596360000.0), and high 24-hour transaction volume sum (403,360,000.00), and transaction amount covers 186.6x their monthly average savings balance.","SUM_AMOUNT_48H (+3.2015), SUM_AMOUNT_24H (+1.4760), BALANCE_COVERAGE_RATIO (+0.6292)","SUM_AMOUNT_1H × SUM_AMOUNT_48H (+0.4047), SUM_AMOUNT_3H × SUM_AMOUNT_24H (+0.2237), ACTIVITY_SEQ_RARITY × SUM_AMOUNT_48H (-0.1902)",,Payment,Credit_card_repayment,2019-08-03,Sat,15,2,278560000.0,NaN,Android,214.207.xx.xx (HN),M,2019-05-29,1987-06-18,0,2019-05-30,BRANCH,1,SMART_OTP,278560000.0,1,278560000.0,1,403360000.0,3,596360000.0,5,596360000.0,5,1512412000.0,25,1492431.96125,70275347.51773049,141,0.20833333333333334,0,1562.0,LOGIN,0.0,25.0,0.043763912950767064,-0.8376228017000888
1149,1,0.03885699436068535,"Flagged due to: unusual activity in feature 'SUM_AMOUNT_48H' (value: 653860000.0), and high 24-hour transaction volume sum (460,860,000.00), and unusual activity in feature 'SUM_AMOUNT_3H' (value: 336060000.0).","SUM_AMOUNT_48H (+2.4461), SUM_AMOUNT_24H (+1.3490), SUM_AMOUNT_3H (+0.2565)","SUM_AMOUNT_1H × SUM_AMOUNT_48H (-0.5458), TRANS_NO × SUM_AMOUNT_48H (-0.2774), SUM_AMOUNT_48H × HIST_NIGHT_RATIO (-0.2580)","SUM_AMOUNT_48H: 653,860,000.00 -> 150,499,983.31 (-503,360,016.69), SUM_AMOUNT_24H: 460,860,000.00 -> 50,049,613.70 (-410,810,386.30)",Payment,Credit_card_repayment,2019-08-03,Sat,17,1,57500000.0,NaN,Android,103.105.xx.xx (HN),M,2019-05-29,1987-06-18,0,2019-05-30,BRANCH,1,SMART_OTP,57500000.0,1,336060000.0,2,460860000.0,4,653860000.0,6,653860000.0,6,1569912000.0,26,1492431.96125,70275347.51773049,141,0.08333333333333333,0,1564.0,LOGIN,0.0,26.0,0.043763912950767064,-0.8376228017000888
1149,1,0.008454408496618271,"Flagged due to: highly improbable sequential activity pattern (log-probability score: -0.838), and high 24-hour transaction volume sum (124,700,000.00), and transaction amount covers 83.6x their monthly average savings balance.","ACTIVITY_SEQ_RARITY (+0.3399), SUM_AMOUNT_24H (+0.3387), BALANCE_COVERAGE_RATIO (+0.3036)","HIST_TRANS_COUNT × SUM_AMOUNT_1H (-0.1014), ACTIVITY_SEQ_RARITY × SUM_AMOUNT_48H (+0.0962), COUNT_7D × DAYS_SINCE_LAST_TRANS (+0.0747)","ACTIVITY_SEQ_RARITY: -0.84 -> -0.97 (-0.13), SUM_AMOUNT_24H: 124,700,000.00 -> 50,049,899.71 (-74,650,100.29), BALANCE_COVERAGE_RATIO: 83.55 -> 62.48 (-21.07)",Payment,Credit_card_repayment,2019-08-14,Wed,15,2,124700000.0,NaN,Android,190.35.xx.xx (HN),M,2019-05-29,1987-06-18,0,2019-05-30,BRANCH,1,SMART_OTP,124700000.0,1,124700000.0,1,124700000.0,1,124700000.0,1,124700000.0,1,1373512000.0,24,1492431.96125,70275347.51773049,141,9.166666666666666,0,1826.0,LOGIN,0.0,28.0,0.043763912950767064,-0.8376228017000888
1149,1,0.022372117266058922,"Flagged due to: unusual activity in feature 'SUM_AMOUNT_48H' (value: 191900000.0), and highly improbable sequential activity pattern (log-probability score: -0.838), and unusual activity in feature 'SUM_AMOUNT_1H' (value: 161400000.0).","SUM_AMOUNT_48H (+0.7265), ACTIVITY_SEQ_RARITY (+0.3582), SUM_AMOUNT_1H (+0.3464)","TRANS_NO × SUM_AMOUNT_48H (-0.1925), ACTIVITY_SEQ_RARITY × SUM_AMOUNT_48H (+0.0962), HIST_AVG_TRANS_AMOUNT × TRANS_AMOUNT_Z_SCORE (+0.0676)","SUM_AMOUNT_48H: 191,900,000.00 -> 107,999,857.08 (-83,900,142.92)",Payment,Credit_card_repayment,2019-08-20,Tue,13,1,86400000.0,NaN,Android,131.226.xx.xx (HN),M,2019-05-29,1987-06-18,0,2019-05-30,BRANCH,1,SMART_OTP,161400000.0,2,161400000.0,2,191900000.0,3,191900000.0,3,386600000.0,5,1500834000.0,23,1492431.96125,70275347.51773049,141,0.041666666666666664,1,1968.0,LOGIN,0.0,32.0,0.043763912950767064,-0.8376228017000888
1149,1,0.0120977982878685,"Flagged due to: unusual activity in feature 'SUM_AMOUNT_48H' (value: 218900000.0), and highly improbable sequential activity pattern (log-probability score: -0.838), and high 24-hour transaction volume sum (218,900,000.00).","SUM_AMOUNT_48H (+1.9036), ACTIVITY_SEQ_RARITY (+0.3426), SUM_AMOUNT_24H (+0.2730)","TRANS_NO × SUM_AMOUNT_48H (-0.4840), SUM_AMOUNT_1H × SUM_AMOUNT_48H (-0.3411), SUM_AMOUNT_24H × SUM_AMOUNT_48H (-0.1071)","SUM_AMOUNT_48H: 218,900,000.00 -> 176,123,850.40 (-42,776,149.60), SUM_AMOUNT_24H: 218,900,000.00 -> 45,574,412.03 (-173,325,587.97)",Payment,Credit_card_repayment,2019-08-20,Tue,14,1,27000000.0,NaN,Android,195.194.xx.xx (HN),M,2019-05-29,1987-06-18,0,2019-05-30,BRANCH,1,SMART_OTP,27000000.0,1,188400000.0,3,218900000.0,4,218900000.0,4,413600000.0,6,1527834000.0,24,1492431.96125,70275347.51773049,141,0.041666666666666664,1,1969.0,LOGIN,0.0,33.0,0.043763912950767064,-0.8376228017000888
1149,1,0.006663110572844744,"Flagged due to: unusual activity in feature 'SUM_AMOUNT_48H' (value: 238400000.0), and highly improbable sequential activity pattern (log-probability score: -0.838), and high 24-hour transaction volume sum (238,400,000.00).","SUM_AMOUNT_48H (+1.8641), ACTIVITY_SEQ_RARITY (+0.3264), SUM_AMOUNT_24H (+0.2692)","TRANS_NO × SUM_AMOUNT_48H (-0.4840), SUM_AMOUNT_1H × SUM_AMOUNT_48H (-0.3455), SUM_AMOUNT_24H × SUM_AMOUNT_48H (-0.1083)","SUM_AMOUNT_48H: 238,400,000.00 -> 199,999,884.30 (-38,400,115.70), ACTIVITY_SEQ_RARITY: -0.84 -> -0.97 (-0.13), SUM_AMOUNT_24H: 238,400,000.00 -> 104,977,033.62 (-133,422,966.38)",Payment,Credit_card_repayment,2019-08-20,Tue,17,1,19500000.0,NaN,Android,169.34.xx.xx (HN),M,2019-05-29,1987-06-18,0,2019-05-30,BRANCH,1,SMART_OTP,19500000.0,1,46500000.0,2,238400000.0,5,238400000.0,5,433100000.0,7,1527784000.0,24,1492431.96125,70275347.51773049,141,0.125,1,1972.0,LOGIN,0.0,34.0,0.043763912950767064,-0.8376228017000888
1149,1,0.6340093612670898,"Flagged due to: unusual activity in feature 'SUM_AMOUNT_48H' (value: 227890000.0), and unusual transaction sequence position (transaction number: 3), and high 24-hour transaction volume sum (227,890,000.00).","SUM_AMOUNT_48H (+2.6577), TRANS_NO (+0.4506), SUM_AMOUNT_24H (+0.4391)","TRANS_NO × SUM_AMOUNT_48H (+0.3437), SUM_AMOUNT_1H × SUM_AMOUNT_48H (+0.2604), SUM_AMOUNT_48H × SUM_AMOUNT_7D (+0.1451)",,Payment,Credit_card_repayment,2019-08-26,Mon,13,3,110800000.0,NaN,Android,35.244.xx.xx (HN),M,2019-05-29,1987-06-18,0,2019-05-30,BRANCH,1,SMART_OTP,134300000.0,2,227890000.0,3,227890000.0,3,227890000.0,3,673290000.0,14,1571850000.0,23,1492431.96125,70275347.51773049,141,0.041666666666666664,0,2112.0,LOGIN,0.0,43.0,0.043763912950767064,-0.8376228017000888
1149,1,0.028945136815309525,"Flagged due to: unusual activity in feature 'SUM_AMOUNT_48H' (value: 257890000.0), and high 24-hour transaction volume sum (257,890,000.00), and highly improbable sequential activity pattern (log-probability score: -0.838).","SUM_AMOUNT_48H (+1.9036), SUM_AMOUNT_24H (+1.0417), ACTIVITY_SEQ_RARITY (+0.3426)","TRANS_NO × SUM_AMOUNT_48H (-0.4840), SUM_AMOUNT_1H × SUM_AMOUNT_48H (-0.3411), SUM_AMOUNT_3H × SUM_AMOUNT_24H (+0.2237)","SUM_AMOUNT_48H: 257,890,000.00 -> 107,999,884.02 (-149,890,115.98), SUM_AMOUNT_24H: 257,890,000.00 -> 45,574,341.51 (-212,315,658.49)",Payment,Credit_card_repayment,2019-08-26,Mon,14,1,30000000.0,NaN,Android,47.161.xx.xx (HN),M,2019-05-29,1987-06-18,0,2019-05-30,BRANCH,1,SMART_OTP,30000000.0,1,257890000.0,4,257890000.0,4,257890000.0,4,703290000.0,15,1601850000.0,24,1492431.96125,70275347.51773049,141,0.041666666666666664,0,2113.0,LOGIN,0.0,44.0,0.043763912950767064,-0.8376228017000888
1149,1,0.07133667916059494,"Flagged due to: unusual activity in feature 'SUM_AMOUNT_48H' (value: 307947000.0), and high 24-hour transaction volume sum (307,947,000.00), and highly improbable sequential activity pattern (log-probability score: -0.838).","SUM_AMOUNT_48H (+2.0598), SUM_AMOUNT_24H (+1.1950), ACTIVITY_SEQ_RARITY (+0.3580)","TRANS_NO × SUM_AMOUNT_48H (-0.4604), SUM_AMOUNT_3H × SUM_AMOUNT_24H (+0.2237), SUM_AMOUNT_1H × SUM_AMOUNT_48H (-0.1857)","SUM_AMOUNT_48H: 307,947,000.00 -> 107,999,903.62 (-199,947,096.38)",Payment,Credit_card_repayment,2019-08-26,Mon,15,1,50057000.0,NaN,Android,16.222.xx.xx (HN),M,2019-05-29,1987-06-18,0,2019-05-30,BRANCH,1,SMART_OTP,80057000.0,2,214357000.0,4,307947000.0,5,307947000.0,5,753347000.0,16,1651907000.0,25,1492431.96125,70275347.51773049,141,0.041666666666666664,0,2114.0,LOGIN,0.0,45.0,0.043763912950767064,-0.8376228017000888
1149,1,0.11062938719987869,"Flagged due to: unusual activity in feature 'SUM_AMOUNT_48H' (value: 312947000.0), and high 24-hour transaction volume sum (312,947,000.00), and high 24-hour transaction count (6 transfers).","SUM_AMOUNT_48H (+2.1012), SUM_AMOUNT_24H (+1.2178), COUNT_24H (+0.5373)","TRANS_NO × SUM_AMOUNT_48H (-0.4540), SUM_AMOUNT_1H × SUM_AMOUNT_48H (-0.2916), SUM_AMOUNT_1H × COUNT_24H (+0.2600)","SUM_AMOUNT_48H: 312,947,000.00 -> 107,999,862.02 (-204,947,137.98)",Payment,Credit_card_repayment,2019-08-26,Mon,16,1,5000000.0,NaN,Android,126.244.xx.xx (HN),M,2019-05-29,1987-06-18,0,2019-05-30,BRANCH,1,SMART_OTP,55057000.0,2,195857000.0,4,312947000.0,6,312947000.0,6,758347000.0,17,1656907000.0,26,1492431.96125,70275347.51773049,141,0.041666666666666664,0,2115.0,LOGIN,0.0,45.0,0.043763912950767064,-0.8376228017000888
1149,1,0.19029857218265533,"Flagged due to: unusual activity in feature 'SUM_AMOUNT_48H' (value: 372647000.0), and high 24-hour transaction volume sum (372,647,000.00), and high 24-hour transaction count (7 transfers).","SUM_AMOUNT_48H (+2.5409), SUM_AMOUNT_24H (+1.0383), COUNT_24H (+0.5720)","SUM_AMOUNT_3H × SUM_AMOUNT_24H (-0.5624), TRANS_NO × SUM_AMOUNT_48H (+0.2809), SUM_AMOUNT_1H × COUNT_24H (+0.2600)","SUM_AMOUNT_48H: 372,647,000.00 -> 107,999,717.09 (-264,647,282.91)",Payment,Credit_card_repayment,2019-08-26,Mon,18,4,59700000.0,NaN,Android,138.157.xx.xx (HN),M,2019-05-29,1987-06-18,0,2019-05-30,BRANCH,1,SMART_OTP,59700000.0,1,114757000.0,3,372647000.0,7,372647000.0,7,818047000.0,18,1716607000.0,27,1492431.96125,70275347.51773049,141,0.08333333333333333,0,2117.0,LOGIN,0.0,46.0,0.043763912950767064,-0.8376228017000888
1149,1,0.008959373459219933,"Flagged due to: unusual activity in feature 'SUM_AMOUNT_48H' (value: 428147000.0), and highly improbable sequential activity pattern (log-probability score: -0.838), and high 24-hour transaction volume sum (120,200,000.00).","SUM_AMOUNT_48H (+1.9423), ACTIVITY_SEQ_RARITY (+0.3264), SUM_AMOUNT_24H (+0.1767)","TRANS_NO × SUM_AMOUNT_48H (-0.3956), SUM_AMOUNT_1H × SUM_AMOUNT_48H (-0.3457), SUM_AMOUNT_24H × SUM_AMOUNT_48H (-0.1608)","SUM_AMOUNT_48H: 428,147,000.00 -> 199,999,859.06 (-228,147,140.94), ACTIVITY_SEQ_RARITY: -0.84 -> -0.97 (-0.13), SUM_AMOUNT_24H: 120,200,000.00 -> 70,981,889.71 (-49,218,110.29)",Payment,Credit_card_repayment,2019-08-27,Tue,16,1,55500000.0,NaN,Android,175.187.xx.xx (HN),M,2019-05-29,1987-06-18,0,2019-05-30,BRANCH,1,SMART_OTP,55500000.0,1,55500000.0,1,120200000.0,3,428147000.0,8,654647000.0,15,1772107000.0,28,1492431.96125,70275347.51773049,141,0.9166666666666666,0,2139.0,LOGIN,0.0,48.0,0.043763912950767064,-0.8376228017000888
1149,1,0.08032146841287613,"Flagged due to: unusual activity in feature 'SUM_AMOUNT_48H' (value: 184100000.0), and transaction amount covers 123.4x their monthly average savings balance, and highly improbable sequential activity pattern (log-probability score: -0.838).","SUM_AMOUNT_48H (+0.7679), BALANCE_COVERAGE_RATIO (+0.6414), ACTIVITY_SEQ_RARITY (+0.3929)","TRANS_NO × SUM_AMOUNT_48H (-0.1617), ACTIVITY_SEQ_RARITY × SUM_AMOUNT_48H (+0.0962), COUNT_7D × DAYS_SINCE_LAST_TRANS (+0.0747)",,Payment,Credit_card_repayment,2019-09-03,Tue,14,1,184100000.0,NaN,Web,21.100.xx.xx (DN),M,2019-05-29,1987-06-18,0,2019-05-30,BRANCH,1,SMART_OTP,184100000.0,1,184100000.0,1,184100000.0,1,184100000.0,1,451800000.0,6,1514547000.0,27,1492431.96125,70275347.51773049,141,3.875,0,2305.0,LOGIN,0.0,56.0,0.043763912950767064,-0.8376228017000888
1149,1,0.825891375541687,"Flagged due to: unusual activity in feature 'SUM_AMOUNT_48H' (value: 466780000.0), and high 24-hour transaction volume sum (466,780,000.00), and transaction amount covers 189.4x their monthly average savings balance.","SUM_AMOUNT_48H (+2.5750), SUM_AMOUNT_24H (+1.4607), BALANCE_COVERAGE_RATIO (+0.6605)","SUM_AMOUNT_3H × SUM_AMOUNT_24H (+0.2237), SUM_AMOUNT_1H × SUM_AMOUNT_48H (+0.2021), TRANS_NO × SUM_AMOUNT_48H (-0.1907)",,Payment,Credit_card_repayment,2019-09-03,Tue,22,2,282680000.0,NaN,iOS,51.162.xx.xx (DN),M,2019-05-29,1987-06-18,0,2019-05-30,BRANCH,1,SMART_OTP,282680000.0,1,282680000.0,1,466780000.0,2,466780000.0,2,678980000.0,6,1797227000.0,28,1492431.96125,70275347.51773049,141,0.3333333333333333,0,2313.0,LOGIN,0.0,58.0,0.043763912950767064,-0.8376228017000888
1149,1,0.011604754254221916,"Flagged due to: unusual activity in feature 'SUM_AMOUNT_48H' (value: 532580000.0), and high 24-hour transaction volume sum (532,580,000.00), and highly improbable sequential activity pattern (log-probability score: -0.838).","SUM_AMOUNT_48H (+2.4460), SUM_AMOUNT_24H (+0.9490), ACTIVITY_SEQ_RARITY (+0.1468)","SUM_AMOUNT_3H × SUM_AMOUNT_24H (-0.5644), SUM_AMOUNT_1H × SUM_AMOUNT_48H (-0.5458), TRANS_NO × SUM_AMOUNT_48H (-0.2776)","SUM_AMOUNT_48H: 532,580,000.00 -> 199,999,989.95 (-332,580,010.05), SUM_AMOUNT_24H: 532,580,000.00 -> 104,976,646.07 (-427,603,353.93)",Payment,Credit_card_repayment,2019-09-04,Wed,9,1,65800000.0,NaN,Android,175.215.xx.xx (HN),M,2019-05-29,1987-06-18,0,2019-05-30,BRANCH,1,SMART_OTP,65800000.0,1,65800000.0,1,532580000.0,3,532580000.0,3,744780000.0,7,1863027000.0,29,1492431.96125,70275347.51773049,141,0.4583333333333333,0,2324.0,LOGIN,0.0,59.0,0.043763912950767064,-0.8376228017000888
1149,1,0.011604754254221916,"Flagged due to: unusual activity in feature 'SUM_AMOUNT_48H' (value: 582780000.0), and high 24-hour transaction volume sum (582,780,000.00), and highly improbable sequential activity pattern (log-probability score: -0.838).","SUM_AMOUNT_48H (+2.4492), SUM_AMOUNT_24H (+0.9529), ACTIVITY_SEQ_RARITY (+0.1468)","SUM_AMOUNT_3H × SUM_AMOUNT_24H (-0.5644), SUM_AMOUNT_1H × SUM_AMOUNT_48H (-0.5458), TRANS_NO × SUM_AMOUNT_48H (-0.2776)","SUM_AMOUNT_48H: 582,780,000.00 -> 199,999,531.50 (-382,780,468.50), SUM_AMOUNT_24H: 582,780,000.00 -> 104,976,862.94 (-477,803,137.06)",Payment,Credit_card_repayment,2019-09-04,Wed,14,1,50200000.0,NaN,Android,212.99.xx.xx (HN),M,2019-05-29,1987-06-18,0,2019-05-30,BRANCH,1,SMART_OTP,50200000.0,1,50200000.0,1,582780000.0,4,582780000.0,4,794980000.0,8,1863227000.0,29,1492431.96125,70275347.51773049,141,0.20833333333333334,0,2329.0,LOGIN,0.0,60.0,0.043763912950767064,-0.8376228017000888
1149,1,0.7441563606262207,"Flagged due to: unusual activity in feature 'SUM_AMOUNT_48H' (value: 691680000.0), and high 7-day transaction volume sum (903,880,000.00), and high 24-hour transaction volume sum (507,580,000.00).","SUM_AMOUNT_48H (+2.8895), SUM_AMOUNT_7D (+1.9944), SUM_AMOUNT_24H (+0.8507)","SUM_AMOUNT_3H × SUM_AMOUNT_7D (+0.6466), CUSTOMER_AGE × SUM_AMOUNT_7D (+0.5911), SUM_AMOUNT_24H × SUM_AMOUNT_7D (-0.3721)",,Payment,Credit_card_repayment,2019-09-04,Wed,20,2,108900000.0,NaN,Android,228.101.xx.xx (HN),M,2019-05-29,1987-06-18,0,2019-05-30,BRANCH,1,SMART_OTP,108900000.0,1,108900000.0,1,507580000.0,4,691680000.0,5,903880000.0,9,1972127000.0,30,1492431.96125,70275347.51773049,141,0.25,0,2335.0,LOGIN,0.0,61.0,0.043763912950767064,-0.8376228017000888
1149,1,0.37624502182006836,"Flagged due to: unusual activity in feature 'SUM_AMOUNT_48H' (value: 766680000.0), and high 7-day transaction volume sum (978,880,000.00), and high 24-hour transaction volume sum (582,580,000.00).","SUM_AMOUNT_48H (+2.4938), SUM_AMOUNT_7D (+1.7209), SUM_AMOUNT_24H (+0.9466)","SUM_AMOUNT_24H × SUM_AMOUNT_7D (-0.7567), CUSTOMER_AGE × SUM_AMOUNT_7D (+0.5911), SUM_AMOUNT_1H × SUM_AMOUNT_48H (-0.4146)",,Payment,Credit_card_repayment,2019-09-04,Wed,22,1,75000000.0,NaN,Android,151.179.xx.xx (HN),M,2019-05-29,1987-06-18,0,2019-05-30,BRANCH,1,SMART_OTP,75000000.0,1,183900000.0,2,582580000.0,5,766680000.0,6,978880000.0,10,2047127000.0,31,1492431.96125,70275347.51773049,141,0.08333333333333333,0,2337.0,LOGIN,0.0,62.0,0.043763912950767064,-0.8376228017000888
1149,1,1.0,"Flagged due to: unusual activity in feature 'SUM_AMOUNT_48H' (value: 972780000.0), and high 7-day transaction volume sum (1,184,980,000.00), and high 24-hour transaction volume sum (506,000,000.00).","SUM_AMOUNT_48H (+3.2374), SUM_AMOUNT_7D (+1.7261), SUM_AMOUNT_24H (+1.0493)","SUM_AMOUNT_24H × SUM_AMOUNT_7D (-0.7567), CUSTOMER_AGE × SUM_AMOUNT_7D (+0.5911), SUM_AMOUNT_1H × SUM_AMOUNT_48H (+0.3733)",,Payment,Credit_card_repayment,2019-09-05,Thu,8,3,206100000.0,NaN,Android,101.69.xx.xx (HN),M,2019-05-29,1987-06-18,0,2019-05-30,BRANCH,1,SMART_OTP,206100000.0,1,206100000.0,1,506000000.0,5,972780000.0,7,1184980000.0,11,2253227000.0,32,1492431.96125,70275347.51773049,141,0.4166666666666667,0,2347.0,LOGIN,0.0,63.0,0.043763912950767064,-0.8376228017000888
1149,1,0.14374446868896484,"Flagged due to: unusual activity in feature 'SUM_AMOUNT_48H' (value: 276550000.0), and transaction amount covers 118.1x their monthly average savings balance, and unusual activity in feature 'SUM_AMOUNT_1H' (value: 176250000.0).","SUM_AMOUNT_48H (+2.0869), BALANCE_COVERAGE_RATIO (+0.6220), SUM_AMOUNT_1H (+0.3997)","TRANS_NO × SUM_AMOUNT_48H (-0.2913), SUM_AMOUNT_24H × SUM_AMOUNT_48H (-0.1787), SUM_AMOUNT_1H × SUM_AMOUNT_48H (+0.1377)","SUM_AMOUNT_48H: 276,550,000.00 -> 107,999,769.75 (-168,550,230.25)",Payment,Credit_card_repayment,2019-10-05,Sat,13,2,176250000.0,NaN,Android,189.99.xx.xx (HN),M,2019-05-29,1987-06-18,0,2019-05-30,BRANCH,1,SMART_OTP,176250000.0,1,176250000.0,1,176250000.0,1,276550000.0,2,278550000.0,3,419850000.0,7,1492431.96125,70275347.51773049,141,1.7083333333333333,0,3072.0,LOGIN,0.0,71.0,0.043763912950767064,-0.8376228017000888
1149,1,0.024669932201504707,"Flagged due to: unusual activity in feature 'SUM_AMOUNT_48H' (value: 342650000.0), and high 24-hour transaction volume sum (242,350,000.00), and highly improbable sequential activity pattern (log-probability score: -0.838).","SUM_AMOUNT_48H (+1.8362), SUM_AMOUNT_24H (+1.0422), ACTIVITY_SEQ_RARITY (+0.3426)","TRANS_NO × SUM_AMOUNT_48H (-0.4840), SUM_AMOUNT_1H × SUM_AMOUNT_48H (-0.3455), SUM_AMOUNT_3H × SUM_AMOUNT_24H (+0.2237)","SUM_AMOUNT_48H: 342,650,000.00 -> 150,499,746.27 (-192,150,253.73), SUM_AMOUNT_24H: 242,350,000.00 -> 50,049,912.11 (-192,300,087.89)",Payment,Credit_card_repayment,2019-10-05,Sat,14,1,66100000.0,NaN,Android,93.94.xx.xx (HN),M,2019-05-29,1987-06-18,0,2019-05-30,BRANCH,1,SMART_OTP,66100000.0,1,242350000.0,2,242350000.0,2,342650000.0,3,344650000.0,4,485950000.0,8,1492431.96125,70275347.51773049,141,0.041666666666666664,0,3073.0,LOGIN,0.0,72.0,0.043763912950767064,-0.8376228017000888
1149,1,0.20093582570552826,"Flagged due to: unusual activity in feature 'SUM_AMOUNT_48H' (value: 397650000.0), and high 24-hour transaction volume sum (297,350,000.00), and highly improbable sequential activity pattern (log-probability score: -0.838).","SUM_AMOUNT_48H (+2.3987), SUM_AMOUNT_24H (+1.2466), ACTIVITY_SEQ_RARITY (+0.3580)","TRANS_NO × SUM_AMOUNT_48H (-0.3533), SUM_AMOUNT_1H × SUM_AMOUNT_48H (+0.2918), SUM_AMOUNT_3H × SUM_AMOUNT_24H (+0.2237)","SUM_AMOUNT_48H: 397,650,000.00 -> 107,999,690.77 (-289,650,309.23)",Payment,Credit_card_repayment,2019-10-05,Sat,15,1,55000000.0,NaN,Android,62.156.xx.xx (HN),M,2019-05-29,1987-06-18,0,2019-05-30,BRANCH,1,SMART_OTP,121100000.0,2,297350000.0,3,297350000.0,3,397650000.0,4,399650000.0,5,540950000.0,9,1492431.96125,70275347.51773049,141,0.041666666666666664,0,3074.0,LOGIN,0.0,73.0,0.043763912950767064,-0.8376228017000888
1149,1,0.13913631439208984,"Flagged due to: unusual activity in feature 'SUM_AMOUNT_48H' (value: 446650000.0), and high 24-hour transaction volume sum (346,350,000.00), and highly improbable sequential activity pattern (log-probability score: -0.838).","SUM_AMOUNT_48H (+2.3688), SUM_AMOUNT_24H (+1.2201), ACTIVITY_SEQ_RARITY (+0.3580)","TRANS_NO × SUM_AMOUNT_48H (-0.3533), SUM_AMOUNT_1H × SUM_AMOUNT_48H (+0.2320), SUM_AMOUNT_3H × SUM_AMOUNT_24H (+0.2237)","SUM_AMOUNT_48H: 446,650,000.00 -> 107,999,769.38 (-338,650,230.62)",Payment,Credit_card_repayment,2019-10-05,Sat,16,1,49000000.0,NaN,Android,130.149.xx.xx (HN),M,2019-05-29,1987-06-18,0,2019-05-30,BRANCH,1,SMART_OTP,104000000.0,2,346350000.0,4,346350000.0,4,446650000.0,5,448650000.0,6,589950000.0,10,1492431.96125,70275347.51773049,141,0.041666666666666664,0,3075.0,LOGIN,0.0,74.0,0.043763912950767064,-0.8376228017000888
1149,1,0.041250694543123245,"Flagged due to: unusual activity in feature 'SUM_AMOUNT_48H' (value: 496650000.0), and high 24-hour transaction volume sum (396,350,000.00), and highly improbable sequential activity pattern (log-probability score: -0.838).","SUM_AMOUNT_48H (+2.1048), SUM_AMOUNT_24H (+1.3435), ACTIVITY_SEQ_RARITY (+0.3106)","TRANS_NO × SUM_AMOUNT_48H (-0.3764), SUM_AMOUNT_1H × SUM_AMOUNT_48H (-0.3523), SUM_AMOUNT_3H × SUM_AMOUNT_24H (+0.2237)","SUM_AMOUNT_48H: 496,650,000.00 -> 107,999,972.32 (-388,650,027.68), SUM_AMOUNT_24H: 396,350,000.00 -> 45,574,204.71 (-350,775,795.29)",Payment,Credit_card_repayment,2019-10-05,Sat,17,1,50000000.0,NaN,Android,19.103.xx.xx (HN),M,2019-05-29,1987-06-18,0,2019-05-30,BRANCH,1,SMART_OTP,50000000.0,1,220100000.0,4,396350000.0,5,496650000.0,6,498650000.0,7,639950000.0,11,1492431.96125,70275347.51773049,141,0.041666666666666664,0,3076.0,LOGIN,0.0,75.0,0.043763912950767064,-0.8376228017000888
1149,1,0.0069205136969685555,"Flagged due to: highly improbable sequential activity pattern (log-probability score: -0.838), and high 24-hour transaction volume sum (119,500,000.00), and transaction amount covers 80.1x their monthly average savings balance.","ACTIVITY_SEQ_RARITY (+0.3435), SUM_AMOUNT_24H (+0.3283), BALANCE_COVERAGE_RATIO (+0.2416)","SUM_AMOUNT_3H × BALANCE_COVERAGE_RATIO (-0.1074), HIST_TRANS_COUNT × SUM_AMOUNT_1H (-0.1014), ACTIVITY_SEQ_RARITY × SUM_AMOUNT_48H (+0.0979)","ACTIVITY_SEQ_RARITY: -0.84 -> -0.97 (-0.13), SUM_AMOUNT_24H: 119,500,000.00 -> 70,981,947.08 (-48,518,052.92), BALANCE_COVERAGE_RATIO: 80.07 -> 62.48 (-17.59)",Payment,Credit_card_repayment,2019-10-16,Wed,21,4,119500000.0,NaN,Android,205.197.xx.xx (HN),M,2019-05-29,1987-06-18,0,2019-05-30,BRANCH,1,SMART_OTP,119500000.0,1,119500000.0,1,119500000.0,1,149500000.0,2,197500000.0,3,719150000.0,11,1492431.96125,70275347.51773049,141,1.3333333333333333,0,3344.0,LOGIN,0.0,80.0,0.043763912950767064,-0.8376228017000888
1149,1,0.24515101313591003,"Flagged due to: unusual activity in feature 'SUM_AMOUNT_48H' (value: 249500000.0), and high 24-hour transaction volume sum (249,500,000.00), and highly improbable sequential activity pattern (log-probability score: -0.838).","SUM_AMOUNT_48H (+2.2563), SUM_AMOUNT_24H (+1.0993), ACTIVITY_SEQ_RARITY (+0.3399)","TRANS_NO × SUM_AMOUNT_48H (-0.3193), SUM_AMOUNT_1H × SUM_AMOUNT_48H (+0.2873), SUM_AMOUNT_3H × SUM_AMOUNT_24H (+0.2131)",,Payment,Credit_card_repayment,2019-10-17,Thu,21,2,130000000.0,NaN,Android,40.33.xx.xx (HN),M,2019-05-29,1987-06-18,0,2019-05-30,BRANCH,1,SMART_OTP,130000000.0,1,130000000.0,1,249500000.0,2,249500000.0,2,327500000.0,4,849150000.0,12,1492431.96125,70275347.51773049,141,1.0,0,3368.0,LOGIN,0.0,81.0,0.043763912950767064,-0.8376228017000888
1149,1,0.02724025771021843,"Flagged due to: transaction amount covers 113.2x their monthly average savings balance, and highly improbable sequential activity pattern (log-probability score: -0.838), and high 24-hour transaction volume sum (169,000,000.00).","BALANCE_COVERAGE_RATIO (+0.6220), ACTIVITY_SEQ_RARITY (+0.3595), SUM_AMOUNT_24H (+0.3432)","TRANS_NO × SUM_AMOUNT_48H (-0.0975), ACTIVITY_SEQ_RARITY × SUM_AMOUNT_48H (+0.0962), COUNT_7D × DAYS_SINCE_LAST_TRANS (+0.0747)",,Payment,Credit_card_repayment,2019-10-28,Mon,22,2,169000000.0,NaN,Android,94.185.xx.xx (HN),M,2019-05-29,1987-06-18,0,2019-05-30,BRANCH,1,SMART_OTP,169000000.0,1,169000000.0,1,169000000.0,1,169000000.0,1,392700000.0,7,1303850000.0,19,1492431.96125,70275347.51773049,141,3.25,0,3633.0,LOGIN,0.0,89.0,0.043763912950767064,-0.8376228017000888
1149,1,0.03228829801082611,"Flagged due to: unusual activity in feature 'SUM_AMOUNT_48H' (value: 263540000.0), and high 24-hour transaction volume sum (263,540,000.00), and highly improbable sequential activity pattern (log-probability score: -0.838).","SUM_AMOUNT_48H (+1.9878), SUM_AMOUNT_24H (+0.6744), ACTIVITY_SEQ_RARITY (+0.3399)","SUM_AMOUNT_3H × SUM_AMOUNT_24H (-0.5644), TRANS_NO × SUM_AMOUNT_48H (-0.3736), SUM_AMOUNT_1H × SUM_AMOUNT_48H (-0.1901)","SUM_AMOUNT_48H: 263,540,000.00 -> 150,499,782.60 (-113,040,217.40)",Payment,Credit_card_repayment,2019-10-29,Tue,20,2,94540000.0,NaN,Android,34.118.xx.xx (HN),M,2019-05-29,1987-06-18,0,2019-05-30,BRANCH,1,SMART_OTP,94540000.0,1,94540000.0,1,263540000.0,2,263540000.0,2,464240000.0,7,1398390000.0,20,1492431.96125,70275347.51773049,141,0.9166666666666666,0,3655.0,LOGIN,0.0,90.0,0.043763912950767064,-0.8376228017000888
1149,1,0.0066931224428117275,"Flagged due to: unusual activity in feature 'SUM_AMOUNT_48H' (value: 356390000.0), and highly improbable sequential activity pattern (log-probability score: -0.838), and high 24-hour transaction volume sum (187,390,000.00).","SUM_AMOUNT_48H (+1.8820), ACTIVITY_SEQ_RARITY (+0.3264), SUM_AMOUNT_24H (+0.2182)","TRANS_NO × SUM_AMOUNT_48H (-0.4036), SUM_AMOUNT_1H × SUM_AMOUNT_48H (-0.3455), SUM_AMOUNT_24H × SUM_AMOUNT_48H (-0.1608)","SUM_AMOUNT_48H: 356,390,000.00 -> 199,999,881.64 (-156,390,118.36), ACTIVITY_SEQ_RARITY: -0.84 -> -0.97 (-0.13), SUM_AMOUNT_24H: 187,390,000.00 -> 104,977,051.24 (-82,412,948.76)",Payment,Credit_card_repayment,2019-10-30,Wed,18,1,50050000.0,NaN,Android,233.65.xx.xx (HN),M,2019-05-29,1987-06-18,0,2019-05-30,BRANCH,1,SMART_OTP,50050000.0,1,50050000.0,1,187390000.0,3,356390000.0,4,496090000.0,8,1491240000.0,22,1492431.96125,70275347.51773049,141,0.16666666666666666,0,3677.0,LOGIN,0.0,92.0,0.043763912950767064,-0.8376228017000888
1149,1,0.011230857111513615,"Flagged due to: unusual activity in feature 'SUM_AMOUNT_48H' (value: 272490000.0), and highly improbable sequential activity pattern (log-probability score: -0.838), and high historical average transaction size (70,275,347.52).","SUM_AMOUNT_48H (+1.7978), ACTIVITY_SEQ_RARITY (+0.3399), HIST_AVG_TRANS_AMOUNT (+0.1795)","TRANS_NO × SUM_AMOUNT_48H (-0.4066), SUM_AMOUNT_24H × SUM_AMOUNT_48H (-0.3512), SUM_AMOUNT_1H × SUM_AMOUNT_48H (-0.1901)","SUM_AMOUNT_48H: 272,490,000.00 -> 176,123,741.57 (-96,366,258.43)",Payment,Credit_card_repayment,2019-10-31,Thu,19,1,85100000.0,NaN,Android,20.136.xx.xx (HN),M,2019-05-29,1987-06-18,0,2019-05-30,BRANCH,1,SMART_OTP,85100000.0,1,85100000.0,1,85100000.0,1,272490000.0,4,581190000.0,9,1574340000.0,22,1492431.96125,70275347.51773049,141,1.0416666666666667,0,3702.0,LOGIN,0.0,94.0,0.043763912950767064,-0.8376228017000888
1149,1,0.01200341060757637,"Flagged due to: unusual activity in feature 'SUM_AMOUNT_48H' (value: 211050000.0), and highly improbable sequential activity pattern (log-probability score: -0.838), and high historical average transaction size (70,275,347.52).","SUM_AMOUNT_48H (+1.8674), ACTIVITY_SEQ_RARITY (+0.3301), HIST_AVG_TRANS_AMOUNT (+0.1940)","TRANS_NO × SUM_AMOUNT_48H (-0.4623), SUM_AMOUNT_1H × SUM_AMOUNT_48H (-0.2144), SUM_AMOUNT_24H × SUM_AMOUNT_48H (-0.1787)","SUM_AMOUNT_48H: 211,050,000.00 -> 199,999,793.70 (-11,050,206.30)",Payment,Credit_card_repayment,2019-11-01,Fri,16,1,75900000.0,NaN,Android,156.82.xx.xx (HN),M,2019-05-29,1987-06-18,0,2019-05-30,BRANCH,1,SMART_OTP,75900000.0,1,75900000.0,1,161000000.0,2,211050000.0,3,549590000.0,7,1650240000.0,23,1492431.96125,70275347.51773049,141,0.875,0,3723.0,LOGIN,0.0,95.0,0.043763912950767064,-0.8376228017000888
1149,1,0.3480122685432434,"Flagged due to: unusual activity in feature 'SUM_AMOUNT_48H' (value: 292250000.0), and high 24-hour transaction volume sum (292,250,000.00), and highly improbable sequential activity pattern (log-probability score: -0.838).","SUM_AMOUNT_48H (+2.3037), SUM_AMOUNT_24H (+1.2518), ACTIVITY_SEQ_RARITY (+0.3574)","TRANS_NO × SUM_AMOUNT_48H (-0.3964), SUM_AMOUNT_1H × SUM_AMOUNT_48H (+0.2873), SUM_AMOUNT_3H × SUM_AMOUNT_24H (+0.2237)",,Payment,Credit_card_repayment,2019-11-01,Fri,19,1,131250000.0,NaN,Android,114.40.xx.xx (HN),M,2019-05-29,1987-06-18,0,2019-05-30,BRANCH,1,SMART_OTP,131250000.0,1,207150000.0,2,292250000.0,3,292250000.0,3,648640000.0,7,1781490000.0,24,1492431.96125,70275347.51773049,141,0.125,0,3726.0,LOGIN,0.0,96.0,0.043763912950767064,-0.8376228017000888
1149,1,1.0,"Flagged due to: unusual activity in feature 'SUM_AMOUNT_48H' (value: 472750000.0), and high 7-day transaction volume sum (914,240,000.00), and high 24-hour transaction volume sum (265,600,000.00).","SUM_AMOUNT_48H (+2.6281), SUM_AMOUNT_7D (+1.7261), SUM_AMOUNT_24H (+0.8098)","SUM_AMOUNT_24H × SUM_AMOUNT_7D (-0.7567), CUSTOMER_AGE × SUM_AMOUNT_7D (+0.5911), SUM_AMOUNT_3H × SUM_AMOUNT_7D (+0.2563)",,Payment,Credit_card_repayment,2019-11-03,Sun,16,3,217700000.0,NaN,Android,11.40.xx.xx (HN),M,2019-05-29,1987-06-18,0,2019-05-30,BRANCH,1,SMART_OTP,217700000.0,1,217700000.0,1,265600000.0,2,472750000.0,4,914240000.0,9,1946790000.0,25,1492431.96125,70275347.51773049,141,0.9583333333333334,0,3771.0,LOGIN,0.0,98.0,0.043763912950767064,-0.8376228017000888
1149,1,1.0,"Flagged due to: unusual activity in feature 'SUM_AMOUNT_48H' (value: 460300000.0), and high 7-day transaction volume sum (1,108,940,000.00), and high 24-hour transaction volume sum (412,400,000.00).","SUM_AMOUNT_48H (+2.6941), SUM_AMOUNT_7D (+1.7261), SUM_AMOUNT_24H (+1.0289)","SUM_AMOUNT_24H × SUM_AMOUNT_7D (-0.7567), CUSTOMER_AGE × SUM_AMOUNT_7D (+0.5911), SUM_AMOUNT_3H × SUM_AMOUNT_7D (+0.2563)",,Payment,Credit_card_repayment,2019-11-04,Mon,14,3,194700000.0,NaN,Android,141.55.xx.xx (HN),M,2019-05-29,1987-06-18,0,2019-05-30,BRANCH,1,SMART_OTP,194700000.0,1,194700000.0,1,412400000.0,2,460300000.0,3,1108940000.0,10,1965240000.0,25,1492431.96125,70275347.51773049,141,0.9166666666666666,0,3793.0,LOGIN,0.0,99.0,0.043763912950767064,-0.8376228017000888
1149,1,1.0,"Flagged due to: unusual activity in feature 'SUM_AMOUNT_48H' (value: 643900000.0), and high 7-day transaction volume sum (1,292,540,000.00), and high 24-hour transaction volume sum (596,000,000.00).","SUM_AMOUNT_48H (+3.1095), SUM_AMOUNT_7D (+1.7456), SUM_AMOUNT_24H (+1.0734)","SUM_AMOUNT_24H × SUM_AMOUNT_7D (-0.7567), CUSTOMER_AGE × SUM_AMOUNT_7D (+0.5911), SUM_AMOUNT_1H × SUM_AMOUNT_48H (+0.4047)",,Payment,Credit_card_repayment,2019-11-04,Mon,15,1,183600000.0,NaN,Android,19.141.xx.xx (HN),M,2019-05-29,1987-06-18,0,2019-05-30,BRANCH,1,SMART_OTP,378300000.0,2,378300000.0,2,596000000.0,3,643900000.0,4,1292540000.0,11,2082740000.0,25,1492431.96125,70275347.51773049,141,0.041666666666666664,0,3794.0,LOGIN,0.0,100.0,0.043763912950767064,-0.8376228017000888
1149,1,1.0,"Flagged due to: unusual activity in feature 'SUM_AMOUNT_48H' (value: 707650000.0), and high 7-day transaction volume sum (1,356,290,000.00), and high 24-hour transaction volume sum (659,750,000.00).","SUM_AMOUNT_48H (+3.1584), SUM_AMOUNT_7D (+1.7544), SUM_AMOUNT_24H (+0.9837)","SUM_AMOUNT_24H × SUM_AMOUNT_7D (-0.7567), CUSTOMER_AGE × SUM_AMOUNT_7D (+0.5911), SUM_AMOUNT_1H × SUM_AMOUNT_48H (+0.3668)",,Payment,Credit_card_repayment,2019-11-04,Mon,16,3,63750000.0,NaN,Android,191.107.xx.xx (HN),M,2019-05-29,1987-06-18,0,2019-05-30,BRANCH,1,SMART_OTP,247350000.0,2,442050000.0,3,659750000.0,4,707650000.0,5,1356290000.0,12,2091490000.0,25,1492431.96125,70275347.51773049,141,0.041666666666666664,0,3795.0,LOGIN,0.0,101.0,0.043763912950767064,-0.8376228017000888
1149,1,0.3338830769062042,"Flagged due to: unusual activity in feature 'SUM_AMOUNT_48H' (value: 737650000.0), and high 7-day transaction volume sum (1,386,290,000.00), and high 24-hour transaction volume sum (472,050,000.00).","SUM_AMOUNT_48H (+2.4849), SUM_AMOUNT_7D (+1.7658), SUM_AMOUNT_24H (+0.8679)","SUM_AMOUNT_24H × SUM_AMOUNT_7D (-0.7567), CUSTOMER_AGE × SUM_AMOUNT_7D (+0.5911), SUM_AMOUNT_1H × SUM_AMOUNT_48H (-0.4991)",,Transfer,Outside_bank,2019-11-04,Mon,17,3,30000000.0,239451,Android,154.101.xx.xx (HN),M,2019-05-29,1987-06-18,0,2019-05-30,BRANCH,1,SMART_OTP,30000000.0,1,472050000.0,4,472050000.0,4,737650000.0,6,1386290000.0,13,2072490000.0,25,1492431.96125,70275347.51773049,141,0.041666666666666664,1,3796.0,LOGIN,0.0,102.0,0.043763912950767064,-0.8376228017000888
1149,1,0.4334578216075897,"Flagged due to: unusual activity in feature 'SUM_AMOUNT_48H' (value: 714750000.0), and high 7-day transaction volume sum (1,411,290,000.00), and high 24-hour transaction volume sum (497,050,000.00).","SUM_AMOUNT_48H (+2.5923), SUM_AMOUNT_7D (+1.7452), SUM_AMOUNT_24H (+0.9264)","SUM_AMOUNT_24H × SUM_AMOUNT_7D (-0.7567), CUSTOMER_AGE × SUM_AMOUNT_7D (+0.5911), SUM_AMOUNT_1H × SUM_AMOUNT_48H (-0.4991)",,Transfer,Outside_bank,2019-11-04,Mon,18,3,25000000.0,906109,Android,43.69.xx.xx (HN),M,2019-05-29,1987-06-18,0,2019-05-30,BRANCH,1,SMART_OTP,55000000.0,2,302350000.0,4,497050000.0,5,714750000.0,6,1411290000.0,14,2047490000.0,25,1492431.96125,70275347.51773049,141,0.041666666666666664,2,3797.0,LOGIN,0.0,102.0,0.043763912950767064,-0.8376228017000888
1149,1,0.006455710623413324,"Flagged due to: highly improbable sequential activity pattern (log-probability score: -0.838), and unusual transaction sequence position (transaction number: 3), and unusual activity in feature 'SUM_AMOUNT_48H' (value: 158132000.0).","ACTIVITY_SEQ_RARITY (+0.3336), TRANS_NO (+0.3140), SUM_AMOUNT_48H (+0.2109)","ACTIVITY_SEQ_RARITY × SUM_AMOUNT_48H (+0.0979), SUM_AMOUNT_24H × SUM_AMOUNT_48H (+0.0831), TRANS_NO × SUM_AMOUNT_48H (+0.0647)","ACTIVITY_SEQ_RARITY: -0.84 -> -0.97 (-0.13), SUM_AMOUNT_48H: 158,132,000.00 -> 150,499,958.90 (-7,632,041.10)",Payment,Credit_card_repayment,2019-11-21,Thu,20,3,78132000.0,NaN,Android,149.138.xx.xx (HN),M,2019-05-29,1987-06-18,0,2019-05-30,BRANCH,1,SMART_OTP,78132000.0,1,78132000.0,1,98132000.0,2,158132000.0,3,158132000.0,3,1770122000.0,22,1492431.96125,70275347.51773049,141,0.20833333333333334,0,4207.0,LOGIN,0.0,108.0,0.043763912950767064,-0.8376228017000888
1149,1,0.011599399149417877,"Flagged due to: unusual activity in feature 'SUM_AMOUNT_48H' (value: 237332000.0), and highly improbable sequential activity pattern (log-probability score: -0.838), and high historical average transaction size (70,275,347.52).","SUM_AMOUNT_48H (+1.8417), ACTIVITY_SEQ_RARITY (+0.3301), HIST_AVG_TRANS_AMOUNT (+0.1940)","TRANS_NO × SUM_AMOUNT_48H (-0.4623), SUM_AMOUNT_24H × SUM_AMOUNT_48H (-0.1787), SUM_AMOUNT_1H × SUM_AMOUNT_48H (-0.1371)","SUM_AMOUNT_48H: 237,332,000.00 -> 199,999,859.41 (-37,332,140.59)",Payment,Credit_card_repayment,2019-11-22,Fri,11,1,79200000.0,NaN,Android,154.194.xx.xx (HN),M,2019-05-29,1987-06-18,0,2019-05-30,BRANCH,1,SMART_OTP,79200000.0,1,79200000.0,1,177332000.0,3,237332000.0,4,237332000.0,4,1849322000.0,23,1492431.96125,70275347.51773049,141,0.625,0,4222.0,LOGIN,0.0,109.0,0.043763912950767064,-0.8376228017000888
1149,1,0.0061561232432723045,"Flagged due to: unusual activity in feature 'SUM_AMOUNT_48H' (value: 272332000.0), and highly improbable sequential activity pattern (log-probability score: -0.838), and high 24-hour transaction volume sum (212,332,000.00).","SUM_AMOUNT_48H (+1.8205), ACTIVITY_SEQ_RARITY (+0.3264), SUM_AMOUNT_24H (+0.2694)","TRANS_NO × SUM_AMOUNT_48H (-0.4840), SUM_AMOUNT_1H × SUM_AMOUNT_48H (-0.2683), SUM_AMOUNT_24H × SUM_AMOUNT_48H (-0.1122)","SUM_AMOUNT_48H: 272,332,000.00 -> 199,999,763.30 (-72,332,236.70), ACTIVITY_SEQ_RARITY: -0.84 -> -0.97 (-0.13), SUM_AMOUNT_24H: 212,332,000.00 -> 184,914,935.97 (-27,417,064.03)",Payment,Credit_card_repayment,2019-11-22,Fri,15,1,35000000.0,NaN,Android,185.123.xx.xx (HN),M,2019-05-29,1987-06-18,0,2019-05-30,BRANCH,1,SMART_OTP,35000000.0,1,35000000.0,1,212332000.0,4,272332000.0,5,272332000.0,5,1884322000.0,24,1492431.96125,70275347.51773049,141,0.16666666666666666,0,4226.0,LOGIN,0.0,110.0,0.043763912950767064,-0.8376228017000888
1149,1,0.0061561232432723045,"Flagged due to: unusual activity in feature 'SUM_AMOUNT_48H' (value: 235332000.0), and highly improbable sequential activity pattern (log-probability score: -0.838), and high 24-hour transaction volume sum (215,332,000.00).","SUM_AMOUNT_48H (+1.8384), ACTIVITY_SEQ_RARITY (+0.3264), SUM_AMOUNT_24H (+0.2683)","TRANS_NO × SUM_AMOUNT_48H (-0.4840), SUM_AMOUNT_1H × SUM_AMOUNT_48H (-0.2683), SUM_AMOUNT_24H × SUM_AMOUNT_48H (-0.1083)","SUM_AMOUNT_48H: 235,332,000.00 -> 199,999,918.74 (-35,332,081.26), ACTIVITY_SEQ_RARITY: -0.84 -> -0.97 (-0.13), SUM_AMOUNT_24H: 215,332,000.00 -> 184,914,917.23 (-30,417,082.77)",Payment,Credit_card_repayment,2019-11-22,Fri,20,1,23000000.0,NaN,Android,4.28.xx.xx (HN),M,2019-05-29,1987-06-18,0,2019-05-30,BRANCH,1,SMART_OTP,23000000.0,1,23000000.0,1,215332000.0,4,235332000.0,5,295332000.0,6,1846322000.0,24,1492431.96125,70275347.51773049,141,0.20833333333333334,0,4231.0,LOGIN,0.0,111.0,0.043763912950767064,-0.8376228017000888
1149,1,0.029134072363376617,"Flagged due to: unusual activity in feature 'SUM_AMOUNT_48H' (value: 182911000.0), and unusual transaction sequence position (transaction number: 3), and highly improbable sequential activity pattern (log-probability score: -0.838).","SUM_AMOUNT_48H (+0.9419), TRANS_NO (+0.3615), ACTIVITY_SEQ_RARITY (+0.3435)","TRANS_NO × SUM_AMOUNT_48H (+0.1726), SUM_AMOUNT_3H × BALANCE_COVERAGE_RATIO (-0.1074), ACTIVITY_SEQ_RARITY × SUM_AMOUNT_48H (+0.0979)","SUM_AMOUNT_48H: 182,911,000.00 -> 107,999,840.87 (-74,911,159.13)",Payment,Credit_card_repayment,2019-11-25,Mon,14,3,98000000.0,NaN,Android,109.145.xx.xx (HN),M,2019-05-29,1987-06-18,0,2019-05-30,BRANCH,1,SMART_OTP,98000000.0,1,98000000.0,1,158011000.0,2,182911000.0,3,478243000.0,9,1889533000.0,23,1492431.96125,70275347.51773049,141,0.16666666666666666,0,4297.0,LOGIN,0.0,114.0,0.043763912950767064,-0.8376228017000888
1149,1,0.012737154960632324,"Flagged due to: unusual activity in feature 'SUM_AMOUNT_48H' (value: 179800000.0), and highly improbable sequential activity pattern (log-probability score: -0.838), and high 24-hour transaction volume sum (155,100,000.00).","SUM_AMOUNT_48H (+0.7281), ACTIVITY_SEQ_RARITY (+0.3399), SUM_AMOUNT_24H (+0.2757)","TRANS_NO × SUM_AMOUNT_48H (-0.2184), SUM_AMOUNT_3H × BALANCE_COVERAGE_RATIO (-0.1074), HIST_TRANS_COUNT × SUM_AMOUNT_1H (-0.1014)","SUM_AMOUNT_48H: 179,800,000.00 -> 150,499,957.96 (-29,300,042.04), SUM_AMOUNT_24H: 155,100,000.00 -> 45,574,388.61 (-109,525,611.39)",Payment,Credit_card_repayment,2019-11-30,Sat,14,2,105000000.0,NaN,Android,133.21.xx.xx (HN),M,2019-05-29,1987-06-18,0,2019-05-30,BRANCH,1,SMART_OTP,105000000.0,1,105000000.0,1,155100000.0,2,179800000.0,3,372711000.0,7,1722943000.0,23,1492431.96125,70275347.51773049,141,0.16666666666666666,0,4417.0,LOGIN,0.0,118.0,0.043763912950767064,-0.8376228017000888
1149,1,0.04083169996738434,"Flagged due to: unusual activity in feature 'SUM_AMOUNT_48H' (value: 221500000.0), and highly improbable sequential activity pattern (log-probability score: -0.838), and high 24-hour transaction volume sum (196,800,000.00).","SUM_AMOUNT_48H (+2.1573), ACTIVITY_SEQ_RARITY (+0.3406), SUM_AMOUNT_24H (+0.2467)","TRANS_NO × SUM_AMOUNT_48H (-0.4176), SUM_AMOUNT_1H × SUM_AMOUNT_48H (+0.2873), SUM_AMOUNT_24H × SUM_AMOUNT_48H (-0.1787)","SUM_AMOUNT_48H: 221,500,000.00 -> 150,499,811.13 (-71,000,188.87)",Payment,Credit_card_repayment,2019-11-30,Sat,15,1,41700000.0,NaN,Android,224.153.xx.xx (HN),M,2019-05-29,1987-06-18,0,2019-05-30,BRANCH,1,SMART_OTP,146700000.0,2,146700000.0,2,196800000.0,3,221500000.0,4,389511000.0,7,1764643000.0,24,1492431.96125,70275347.51773049,141,0.041666666666666664,0,4418.0,LOGIN,0.0,119.0,0.043763912950767064,-0.8376228017000888
1149,1,0.008600563742220402,"Flagged due to: unusual activity in feature 'SUM_AMOUNT_48H' (value: 231500000.0), and highly improbable sequential activity pattern (log-probability score: -0.838), and high 24-hour transaction volume sum (206,800,000.00).","SUM_AMOUNT_48H (+1.8692), ACTIVITY_SEQ_RARITY (+0.3252), SUM_AMOUNT_24H (+0.3157)","TRANS_NO × SUM_AMOUNT_48H (-0.4840), SUM_AMOUNT_1H × SUM_AMOUNT_48H (-0.3675), ACTIVITY_SEQ_RARITY × SUM_AMOUNT_48H (+0.0962)","SUM_AMOUNT_48H: 231,500,000.00 -> 199,999,881.90 (-31,500,118.10), ACTIVITY_SEQ_RARITY: -0.84 -> -0.97 (-0.13), SUM_AMOUNT_24H: 206,800,000.00 -> 104,976,951.80 (-101,823,048.20)",Payment,Credit_card_repayment,2019-11-30,Sat,17,1,10000000.0,NaN,Android,172.134.xx.xx (HN),M,2019-05-29,1987-06-18,0,2019-05-30,BRANCH,1,SMART_OTP,10000000.0,1,156700000.0,3,206800000.0,4,231500000.0,5,399511000.0,8,1774643000.0,25,1492431.96125,70275347.51773049,141,0.08333333333333333,0,4420.0,LOGIN,0.0,120.0,0.043763912950767064,-0.8376228017000888
1149,1,0.28718605637550354,"Flagged due to: unusual activity in feature 'SUM_AMOUNT_48H' (value: 232500000.0), and transaction amount covers 105.0x their monthly average savings balance, and unusual activity in feature 'SUM_AMOUNT_1H' (value: 156700000.0).","SUM_AMOUNT_48H (+2.2325), BALANCE_COVERAGE_RATIO (+0.6400), SUM_AMOUNT_1H (+0.4594)","TRANS_NO × SUM_AMOUNT_48H (-0.3190), SUM_AMOUNT_1H × SUM_AMOUNT_48H (+0.2023), SUM_AMOUNT_24H × SUM_AMOUNT_48H (-0.1122)",,Payment,Credit_card_repayment,2019-12-03,Tue,13,2,156700000.0,NaN,Android,187.248.xx.xx (HN),M,2019-05-29,1987-06-18,0,2019-05-30,BRANCH,1,SMART_OTP,156700000.0,1,232500000.0,2,232500000.0,2,232500000.0,2,474000000.0,8,1666993000.0,23,1492431.96125,70275347.51773049,141,0.125,0,4488.0,LOGIN,0.0,122.0,0.043763912950767064,-0.8376228017000888
1149,1,0.019623925909399986,"Flagged due to: unusual activity in feature 'SUM_AMOUNT_48H' (value: 254500000.0), and high 24-hour transaction volume sum (254,500,000.00), and highly improbable sequential activity pattern (log-probability score: -0.838).","SUM_AMOUNT_48H (+1.8716), SUM_AMOUNT_24H (+1.0357), ACTIVITY_SEQ_RARITY (+0.3252)","TRANS_NO × SUM_AMOUNT_48H (-0.4840), SUM_AMOUNT_1H × SUM_AMOUNT_48H (-0.3455), SUM_AMOUNT_3H × SUM_AMOUNT_24H (+0.2131)","SUM_AMOUNT_48H: 254,500,000.00 -> 176,123,749.62 (-78,376,250.38), SUM_AMOUNT_24H: 254,500,000.00 -> 104,976,888.06 (-149,523,111.94)",Payment,Credit_card_repayment,2019-12-03,Tue,15,1,22000000.0,NaN,Android,144.40.xx.xx (HN),M,2019-05-29,1987-06-18,0,2019-05-30,BRANCH,1,SMART_OTP,22000000.0,1,178700000.0,2,254500000.0,3,254500000.0,3,486000000.0,8,1688993000.0,24,1492431.96125,70275347.51773049,141,0.08333333333333333,0,4490.0,LOGIN,0.0,123.0,0.043763912950767064,-0.8376228017000888
1149,1,0.825891375541687,"Flagged due to: unusual activity in feature 'SUM_AMOUNT_48H' (value: 437500000.0), and high 24-hour transaction volume sum (361,700,000.00), and transaction amount covers 122.6x their monthly average savings balance.","SUM_AMOUNT_48H (+2.5804), SUM_AMOUNT_24H (+1.4556), BALANCE_COVERAGE_RATIO (+0.6605)","SUM_AMOUNT_3H × SUM_AMOUNT_24H (+0.2237), SUM_AMOUNT_1H × SUM_AMOUNT_48H (+0.2021), TRANS_NO × SUM_AMOUNT_48H (-0.1907)",,Payment,Credit_card_repayment,2019-12-04,Wed,13,2,183000000.0,NaN,Android,84.173.xx.xx (HN),M,2019-05-29,1987-06-18,0,2019-05-30,BRANCH,1,SMART_OTP,183000000.0,1,183000000.0,1,361700000.0,3,437500000.0,4,669000000.0,9,1654293000.0,24,1492431.96125,70275347.51773049,141,0.9166666666666666,0,4512.0,LOGIN,0.0,124.0,0.043763912950767064,-0.8376228017000888
1149,1,0.0280454121530056,"Flagged due to: unusual activity in feature 'SUM_AMOUNT_48H' (value: 487500000.0), and high 24-hour transaction volume sum (255,000,000.00), and highly improbable sequential activity pattern (log-probability score: -0.838).","SUM_AMOUNT_48H (+1.9795), SUM_AMOUNT_24H (+1.0517), ACTIVITY_SEQ_RARITY (+0.3426)","TRANS_NO × SUM_AMOUNT_48H (-0.4312), SUM_AMOUNT_1H × SUM_AMOUNT_48H (-0.3457), SUM_AMOUNT_3H × SUM_AMOUNT_24H (+0.2237)","SUM_AMOUNT_48H: 487,500,000.00 -> 150,499,650.84 (-337,000,349.16), SUM_AMOUNT_24H: 255,000,000.00 -> 50,049,859.06 (-204,950,140.94)",Payment,Credit_card_repayment,2019-12-04,Wed,15,1,50000000.0,NaN,Android,117.89.xx.xx (HN),M,2019-05-29,1987-06-18,0,2019-05-30,BRANCH,1,SMART_OTP,50000000.0,1,233000000.0,2,255000000.0,3,487500000.0,5,719000000.0,10,1509593000.0,24,1492431.96125,70275347.51773049,141,0.08333333333333333,0,4514.0,LOGIN,0.0,125.0,0.043763912950767064,-0.8376228017000888
1149,1,1.0,"Flagged due to: unusual activity in feature 'SUM_AMOUNT_48H' (value: 675710000.0), and high 7-day transaction volume sum (907,210,000.00), and high 24-hour transaction volume sum (421,210,000.00).","SUM_AMOUNT_48H (+3.2110), SUM_AMOUNT_7D (+1.7261), SUM_AMOUNT_24H (+1.0493)","SUM_AMOUNT_24H × SUM_AMOUNT_7D (-0.7567), CUSTOMER_AGE × SUM_AMOUNT_7D (+0.5911), SUM_AMOUNT_1H × SUM_AMOUNT_48H (+0.3733)",,Payment,Credit_card_repayment,2019-12-04,Wed,21,3,188210000.0,NaN,Android,67.165.xx.xx (HN),M,2019-05-29,1987-06-18,0,2019-05-30,BRANCH,1,SMART_OTP,188210000.0,1,188210000.0,1,421210000.0,3,675710000.0,6,907210000.0,11,1395453000.0,21,1492431.96125,70275347.51773049,141,0.25,0,4520.0,LOGIN,0.0,126.0,0.043763912950767064,-0.8376228017000888
1149,1,1.0,"Flagged due to: unusual activity in feature 'SUM_AMOUNT_48H' (value: 745010000.0), and high 7-day transaction volume sum (976,510,000.00), and high 24-hour transaction volume sum (490,510,000.00).","SUM_AMOUNT_48H (+3.0321), SUM_AMOUNT_7D (+1.7420), SUM_AMOUNT_24H (+1.0024)","SUM_AMOUNT_24H × SUM_AMOUNT_7D (-0.7567), CUSTOMER_AGE × SUM_AMOUNT_7D (+0.5911), SUM_AMOUNT_1H × SUM_AMOUNT_48H (+0.4047)",,Payment,Credit_card_repayment,2019-12-04,Wed,22,1,69300000.0,NaN,Android,71.88.xx.xx (HN),M,2019-05-29,1987-06-18,0,2019-05-30,BRANCH,1,SMART_OTP,257510000.0,2,257510000.0,2,490510000.0,4,745010000.0,7,976510000.0,12,1464753000.0,22,1492431.96125,70275347.51773049,141,0.041666666666666664,0,4521.0,LOGIN,0.0,127.0,0.043763912950767064,-0.8376228017000888
1149,1,1.0,"Flagged due to: unusual activity in feature 'SUM_AMOUNT_48H' (value: 1040110000.0), and high 7-day transaction volume sum (1,271,610,000.00), and high 24-hour transaction volume sum (785,610,000.00).","SUM_AMOUNT_48H (+3.1492), SUM_AMOUNT_7D (+1.7351), SUM_AMOUNT_24H (+1.0688)","SUM_AMOUNT_24H × SUM_AMOUNT_7D (-0.7567), CUSTOMER_AGE × SUM_AMOUNT_7D (+0.5911), SUM_AMOUNT_1H × SUM_AMOUNT_48H (+0.4047)",,Payment,Credit_card_repayment,2019-12-05,Thu,10,2,295100000.0,NaN,Android,218.243.xx.xx (HN),M,2019-05-29,1987-06-18,0,2019-05-30,BRANCH,1,SMART_OTP,295100000.0,1,295100000.0,1,785610000.0,5,1040110000.0,8,1271610000.0,13,1759853000.0,23,1492431.96125,70275347.51773049,141,0.5,0,4533.0,LOGIN,0.0,128.0,0.043763912950767064,-0.8376228017000888
1149,1,1.0,"Flagged due to: unusual activity in feature 'SUM_AMOUNT_48H' (value: 1084310000.0), and high 7-day transaction volume sum (1,391,610,000.00), and high 24-hour transaction volume sum (905,610,000.00).","SUM_AMOUNT_48H (+2.9533), SUM_AMOUNT_7D (+1.7515), SUM_AMOUNT_24H (+0.9647)","SUM_AMOUNT_24H × SUM_AMOUNT_7D (-0.7567), CUSTOMER_AGE × SUM_AMOUNT_7D (+0.5911), SUM_AMOUNT_3H × SUM_AMOUNT_7D (+0.2563)",,Payment,Credit_card_repayment,2019-12-05,Thu,12,3,120000000.0,NaN,Android,229.232.xx.xx (HN),M,2019-05-29,1987-06-18,0,2019-05-30,BRANCH,1,SMART_OTP,120000000.0,1,415100000.0,2,905610000.0,6,1084310000.0,8,1391610000.0,14,1879853000.0,24,1492431.96125,70275347.51773049,141,0.08333333333333333,0,4535.0,LOGIN,0.0,129.0,0.043763912950767064,-0.8376228017000888
1149,1,0.35077983140945435,"Flagged due to: unusual activity in feature 'SUM_AMOUNT_48H' (value: 972510000.0), and high 7-day transaction volume sum (1,436,510,000.00), and high 24-hour transaction volume sum (767,510,000.00).","SUM_AMOUNT_48H (+2.4320), SUM_AMOUNT_7D (+1.7790), SUM_AMOUNT_24H (+0.9071)","SUM_AMOUNT_24H × SUM_AMOUNT_7D (-0.7567), CUSTOMER_AGE × SUM_AMOUNT_7D (+0.5911), SUM_AMOUNT_1H × SUM_AMOUNT_48H (-0.4963)",,Payment,Credit_card_repayment,2019-12-05,Thu,14,1,44900000.0,NaN,Android,107.219.xx.xx (HN),M,2019-05-29,1987-06-18,0,2019-05-30,BRANCH,1,SMART_OTP,44900000.0,1,164900000.0,2,767510000.0,6,972510000.0,8,1436510000.0,15,1924753000.0,25,1492431.96125,70275347.51773049,141,0.08333333333333333,0,4537.0,LOGIN,0.0,130.0,0.043763912950767064,-0.8376228017000888
1149,1,0.5402563214302063,"Flagged due to: unusual activity in feature 'SUM_AMOUNT_48H' (value: 1050010000.0), and high 7-day transaction volume sum (1,511,310,000.00), and high 24-hour transaction volume sum (559,500,000.00).","SUM_AMOUNT_48H (+2.6677), SUM_AMOUNT_7D (+2.0270), SUM_AMOUNT_24H (+0.8473)","SUM_AMOUNT_3H × SUM_AMOUNT_7D (+0.6466), CUSTOMER_AGE × SUM_AMOUNT_7D (+0.5911), SUM_AMOUNT_24H × SUM_AMOUNT_7D (-0.3721)",,Transfer,Outside_bank,2019-12-06,Fri,9,1,99500000.0,442429,Android,196.1.xx.xx (HN),M,2019-05-29,1987-06-18,0,2019-05-30,BRANCH,1,SMART_OTP,99500000.0,1,99500000.0,1,559500000.0,4,1050010000.0,8,1511310000.0,15,2024253000.0,26,1492431.96125,70275347.51773049,141,0.7916666666666666,1,4556.0,LOGIN,0.0,132.0,0.043763912950767064,-0.8376228017000888
1149,1,0.006248197518289089,"Flagged due to: highly improbable sequential activity pattern (log-probability score: -0.838), and high 24-hour transaction volume sum (120,000,000.00), and transaction amount covers 80.4x their monthly average savings balance.","ACTIVITY_SEQ_RARITY (+0.3399), SUM_AMOUNT_24H (+0.3122), BALANCE_COVERAGE_RATIO (+0.3036)","HIST_TRANS_COUNT × SUM_AMOUNT_1H (-0.1014), ACTIVITY_SEQ_RARITY × SUM_AMOUNT_48H (+0.0962), COUNT_7D × DAYS_SINCE_LAST_TRANS (+0.0747)","ACTIVITY_SEQ_RARITY: -0.84 -> -0.97 (-0.13), SUM_AMOUNT_24H: 120,000,000.00 -> 104,977,091.93 (-15,022,908.07), BALANCE_COVERAGE_RATIO: 80.41 -> 62.48 (-17.92)",Payment,Credit_card_repayment,2019-12-16,Mon,14,1,120000000.0,NaN,Android,117.227.xx.xx (HN),M,2019-05-29,1987-06-18,0,2019-05-30,BRANCH,1,SMART_OTP,120000000.0,1,120000000.0,1,120000000.0,1,120000000.0,1,170000000.0,2,2194253000.0,28,1492431.96125,70275347.51773049,141,4.75,0,4801.0,LOGIN,0.028368792314270048,141.0,0.043763912950767064,-0.8376228017000888
1193,1,0.015231029130518436,"Flagged due to: unusual activity in feature 'SUM_AMOUNT_48H' (value: 210000000.0), and unusual activity in feature 'SUM_AMOUNT_1H' (value: 210000000.0), and high 24-hour transaction volume sum (210,000,000.00).","SUM_AMOUNT_48H (+1.8218), SUM_AMOUNT_1H (+0.3655), SUM_AMOUNT_24H (+0.2153)","TRANS_NO × SUM_AMOUNT_48H (-0.4144), HIST_AVG_TRANS_AMOUNT × SUM_AMOUNT_48H (-0.2151), SUM_AMOUNT_24H × SUM_AMOUNT_48H (-0.1864)","SUM_AMOUNT_48H: 210,000,000.00 -> 176,123,902.63 (-33,876,097.37), SUM_AMOUNT_1H: 210,000,000.00 -> 79,999,895.71 (-130,000,104.29), SUM_AMOUNT_24H: 210,000,000.00 -> 45,574,468.52 (-164,425,531.48)",Transfer,Within_bank,2019-09-16,Mon,8,1,210000000.0,16043,Android,172.97.xx.xx (DN),M,2019-08-06,1991-06-15,1,2019-08-06,BRANCH,1,SMART_OTP,210000000.0,1,210000000.0,1,210000000.0,1,210000000.0,1,210000000.0,1,214000000.0,2,8188872.114,33164307.317460317,63,20.916666666666668,1,977.0,LOGIN,0.0,18.0,0.11603138968675326,-1.1999667435086945
1193,1,0.05969103425741196,"Flagged due to: unusual activity in feature 'SUM_AMOUNT_48H' (value: 250285000.0), and high 24-hour transaction volume sum (250,000,000.00), and unusual activity in feature 'SUM_AMOUNT_1H' (value: 250000000.0).","SUM_AMOUNT_48H (+1.9435), SUM_AMOUNT_24H (+0.9481), SUM_AMOUNT_1H (+0.4241)","TRANS_NO × SUM_AMOUNT_48H (-0.4138), SUM_AMOUNT_3H × SUM_AMOUNT_24H (+0.2237), HIST_AVG_TRANS_AMOUNT × SUM_AMOUNT_48H (-0.2151)","SUM_AMOUNT_48H: 250,285,000.00 -> 107,999,824.93 (-142,285,175.07)",Transfer,Outside_bank,2019-09-19,Thu,14,1,250000000.0,170821,Android,145.160.xx.xx (HCM),M,2019-08-06,1991-06-15,1,2019-08-06,BRANCH,1,SMART_OTP,250000000.0,1,250000000.0,1,250000000.0,1,250285000.0,3,460585000.0,5,464585000.0,6,8188872.114,33164307.317460317,63,1.7916666666666667,1,51.0,LOGIN,0.0,26.0,0.11603138968675326,-1.1999667435086945
1193,1,0.022091906517744064,"Flagged due to: unusual activity in feature 'SUM_AMOUNT_48H' (value: 231233090.0), and unusual activity in feature 'SUM_AMOUNT_1H' (value: 230666000.0), and high 24-hour transaction volume sum (231,233,090.00).","SUM_AMOUNT_48H (+1.9380), SUM_AMOUNT_1H (+0.4250), SUM_AMOUNT_24H (+0.1772)","TRANS_NO × SUM_AMOUNT_48H (-0.4138), HIST_AVG_TRANS_AMOUNT × SUM_AMOUNT_48H (-0.2151), SUM_AMOUNT_1H × SUM_AMOUNT_48H (+0.2000)","SUM_AMOUNT_48H: 231,233,090.00 -> 176,123,827.10 (-55,109,262.90), SUM_AMOUNT_1H: 230,666,000.00 -> 79,999,994.51 (-150,666,005.49)",Transfer,Within_bank,2019-09-23,Mon,11,1,230666000.0,707928,Android,33.189.xx.xx (HCM),M,2019-08-06,1991-06-15,1,2019-08-06,BRANCH,1,SMART_OTP,230666000.0,1,230666000.0,1,231233090.0,2,231233090.0,2,482318090.0,8,696318090.0,10,8188872.114,33164307.317460317,63,0.16666666666666666,1,144.0,LOGIN,0.0,32.0,0.11603138968675326,-1.1999667435086945
1193,1,0.432660847902298,"Flagged due to: unusual activity in feature 'SUM_AMOUNT_48H' (value: 420000000.0), and high 24-hour transaction volume sum (420,000,000.00), and unusual activity in feature 'SUM_AMOUNT_1H' (value: 420000000.0).","SUM_AMOUNT_48H (+2.5399), SUM_AMOUNT_24H (+1.4655), SUM_AMOUNT_1H (+0.4041)","HIST_AVG_TRANS_AMOUNT × TRANS_AMOUNT_Z_SCORE (+0.2315), TRANS_NO × SUM_AMOUNT_48H (+0.2284), SUM_AMOUNT_3H × SUM_AMOUNT_24H (+0.2237)","SUM_AMOUNT_48H: 420,000,000.00 -> 107,999,745.06 (-312,000,254.94)",Transfer,Outside_bank,2019-10-01,Tue,17,3,420000000.0,940909,Android,129.210.xx.xx (HCM),M,2019-08-06,1991-06-15,1,2019-08-06,BRANCH,1,SMART_OTP,420000000.0,1,420000000.0,1,420000000.0,1,420000000.0,1,432000000.0,4,1124348090.0,14,8188872.114,33164307.317460317,63,5.083333333333333,1,342.0,LOGIN,0.0,41.0,0.11603138968675326,-1.1999667435086945
1193,1,0.015231029130518436,"Flagged due to: unusual activity in feature 'SUM_AMOUNT_48H' (value: 200200000.0), and unusual activity in feature 'SUM_AMOUNT_1H' (value: 200000000.0), and high 24-hour transaction volume sum (200,000,000.00).","SUM_AMOUNT_48H (+1.7873), SUM_AMOUNT_1H (+0.3694), SUM_AMOUNT_24H (+0.1688)","TRANS_NO × SUM_AMOUNT_48H (-0.3867), SUM_AMOUNT_24H × SUM_AMOUNT_48H (-0.2321), HIST_AVG_TRANS_AMOUNT × SUM_AMOUNT_48H (-0.1971)","SUM_AMOUNT_48H: 200,200,000.00 -> 176,123,938.45 (-24,076,061.55), SUM_AMOUNT_1H: 200,000,000.00 -> 79,999,924.31 (-120,000,075.69), SUM_AMOUNT_24H: 200,000,000.00 -> 45,574,467.35 (-154,425,532.65)",Transfer,Outside_bank,2019-10-29,Tue,14,1,200000000.0,146750,Android,116.141.xx.xx (HCM),M,2019-08-06,1991-06-15,1,2019-08-06,BRANCH,1,SMART_OTP,200000000.0,1,200000000.0,1,200000000.0,1,200200000.0,2,211021178.0,6,818311178.0,15,8188872.114,33164307.317460317,63,1.125,1,1011.0,LOGIN,0.0,70.0,0.11603138968675326,-1.1999667435086945
1193,1,0.1152595579624176,"Flagged due to: unusual activity in feature 'SUM_AMOUNT_48H' (value: 302800000.0), and high 24-hour transaction volume sum (302,800,000.00), and unusual activity in feature 'SUM_AMOUNT_1H' (value: 300000000.0).","SUM_AMOUNT_48H (+2.1084), SUM_AMOUNT_24H (+1.2221), SUM_AMOUNT_1H (+0.4295)","TRANS_NO × SUM_AMOUNT_48H (-0.3752), SUM_AMOUNT_3H × SUM_AMOUNT_24H (+0.2237), HIST_AVG_TRANS_AMOUNT × SUM_AMOUNT_48H (-0.2151)","SUM_AMOUNT_48H: 302,800,000.00 -> 107,999,826.77 (-194,800,173.23)",Transfer,Outside_bank,2019-12-09,Mon,10,1,300000000.0,789020,Android,103.6.xx.xx (HCM),M,2019-08-06,1991-06-15,1,2019-08-06,BRANCH,1,SMART_OTP,300000000.0,1,302800000.0,2,302800000.0,2,302800000.0,2,323480000.0,5,496865000.0,17,8188872.114,33164307.317460317,63,0.08333333333333333,2,1991.0,LOGIN,0.0,103.0,0.11603138968675326,-1.1999667435086945
1193,1,0.008039049804210663,"Flagged due to: unusual activity in feature 'SUM_AMOUNT_48H' (value: 304100000.0), and high 24-hour transaction volume sum (304,100,000.00), and unusual activity in feature 'SUM_AMOUNT_3H' (value: 301300000.0).","SUM_AMOUNT_48H (+1.7097), SUM_AMOUNT_24H (+1.1237), SUM_AMOUNT_3H (+0.2451)","TRANS_NO × SUM_AMOUNT_48H (-0.4448), SUM_AMOUNT_1H × SUM_AMOUNT_48H (-0.3313), HIST_AVG_TRANS_AMOUNT × SUM_AMOUNT_48H (-0.2336)","SUM_AMOUNT_48H: 304,100,000.00 -> 199,999,837.61 (-104,100,162.39), SUM_AMOUNT_24H: 304,100,000.00 -> 241,999,980.07 (-62,100,019.93), SUM_AMOUNT_3H: 301,300,000.00 -> 119,999,796.52 (-181,300,203.48)",Transfer,Within_bank,2019-12-09,Mon,13,1,1300000.0,736306,Android,28.9.xx.xx (HCM),M,2019-08-06,1991-06-15,1,2019-08-06,BRANCH,1,SMART_OTP,1300000.0,1,301300000.0,2,304100000.0,3,304100000.0,3,324780000.0,6,498165000.0,18,8188872.114,33164307.317460317,63,0.125,3,1994.0,LOGIN,0.0,104.0,0.11603138968675326,-1.1999667435086945
1199,1,0.011360904201865196,"Flagged due to: unusual activity in feature 'SUM_AMOUNT_48H' (value: 198360000.0), and high 24-hour transaction volume sum (197,400,000.00), and unusual activity in feature 'SUM_AMOUNT_1H' (value: 197400000.0).","SUM_AMOUNT_48H (+0.7061), SUM_AMOUNT_24H (+0.3158), SUM_AMOUNT_1H (+0.3086)","TRANS_NO × SUM_AMOUNT_48H (-0.1618), COUNT_7D × DAYS_SINCE_LAST_TRANS (+0.0747), HIST_TRANS_COUNT × TRANS_AMOUNT_Z_SCORE (-0.0579)","SUM_AMOUNT_48H: 198,360,000.00 -> 150,499,972.69 (-47,860,027.31), SUM_AMOUNT_24H: 197,400,000.00 -> 45,574,461.65 (-151,825,538.35), SUM_AMOUNT_1H: 197,400,000.00 -> 98,999,891.21 (-98,400,108.79)",Transfer,Outside_bank,2019-12-12,Thu,12,1,197400000.0,668460,Android,170.32.xx.xx (HCM),F,2019-08-23,1989-10-24,0,2019-10-24,BRANCH,0,SMART_OTP,197400000.0,1,197400000.0,1,197400000.0,1,198360000.0,2,198860000.0,3,347600000.0,10,25608143.785,21505277.777777776,18,1.9166666666666667,1,1179.0,LOGIN,0.0,39.0,0.1688588123040724,-0.9840603048357479
2143,1,0.02460840344429016,"Flagged due to: unusual activity in feature 'SUM_AMOUNT_48H' (value: 200000000.0), and unusual activity in feature 'SUM_AMOUNT_1H' (value: 200000000.0), and amount is 11.9x higher than customer's average transaction size.","SUM_AMOUNT_48H (+1.8197), SUM_AMOUNT_1H (+0.3650), TRANS_AMOUNT_Z_SCORE (+0.3319)","TRANS_NO × SUM_AMOUNT_48H (-0.3865), HIST_AVG_TRANS_AMOUNT × TRANS_AMOUNT_Z_SCORE (+0.2315), SUM_AMOUNT_24H × SUM_AMOUNT_48H (-0.2084)","SUM_AMOUNT_48H: 200,000,000.00 -> 150,499,899.86 (-49,500,100.14)",Transfer,Outside_bank,2019-11-22,Fri,14,1,200000000.0,88983,iOS,52.185.xx.xx (HN),F,2019-11-20,1982-02-01,0,2019-11-20,BRANCH,1,SMART_OTP,200000000.0,1,200000000.0,1,200000000.0,1,200000000.0,1,200000000.0,1,200000000.0,1,13259130.17,16783742.277777776,18,2.5833333333333335,1,52.0,LOGIN,0.0,1.0,0.438204792797114,-1.2687499475261257
2174,1,0.03411823511123657,"Flagged due to: unusual activity in feature 'SUM_AMOUNT_48H' (value: 233000000.0), and unusual activity in feature 'SUM_AMOUNT_1H' (value: 230000000.0), and amount is 59.0x higher than customer's average transaction size.","SUM_AMOUNT_48H (+1.8666), SUM_AMOUNT_1H (+0.3681), TRANS_AMOUNT_Z_SCORE (+0.3319)","TRANS_NO × SUM_AMOUNT_48H (-0.4141), HIST_AVG_TRANS_AMOUNT × TRANS_AMOUNT_Z_SCORE (+0.2315), SUM_AMOUNT_24H × SUM_AMOUNT_48H (-0.1864)","SUM_AMOUNT_48H: 233,000,000.00 -> 150,499,924.32 (-82,500,075.68)",Transfer,Outside_bank,2019-12-02,Mon,10,1,230000000.0,712611,iOS,167.107.xx.xx (BD),F,2019-02-13,1996-08-27,0,2019-08-13,BRANCH,0,SMART_OTP,230000000.0,1,230000000.0,1,230000000.0,1,233000000.0,2,233460000.0,3,235454000.0,7,12640694.629999999,3896242.4242424243,66,1.5,1,2665.0,LOGIN_FINGER,0.4772727001549602,176.0,0.1572682921701853,-1.2404960505148033
