TRANSACTION_ID,CUSTOMER_NUMBER,ANOMALY_PRED,ANOMALY_SCORE,EXPLANATION,TOP_SHAP_CONTRIBUTORS,TOP_INTERACTIONS,COUNTERFACTUAL,TRANS_LV1,TRANS_LV2,TRANS_DATE,DAY_OF_WEEK,TRANS_HOUR,TRANS_NO,TRANS_AMOUNT,Beneficiary_CUSTOMER_NUMBER,Device_ID_Hash,Device_OS,IP_Address_Proxy,CLIENT_SEX,CLIENT_CREATE_DATE,DATE_OF_BIRTH,STAFF,IB_REGISTER_DATE,EB_REGISTER_CHANNEL,SMS,VERIFY_METHOD,Occupation_Group,SUM_AMOUNT_1H,COUNT_1H,SUM_AMOUNT_3H,COUNT_3H,SUM_AMOUNT_24H,COUNT_24H,SUM_AMOUNT_48H,COUNT_48H,SUM_AMOUNT_7D,COUNT_7D,SUM_AMOUNT_30D,COUNT_30D,HIST_AVG_CA_BALANCE,HIST_AVG_TRANS_AMOUNT,HIST_TRANS_COUNT,DAYS_SINCE_LAST_TRANS,UNIQUE_BENEFICIARIES_24H,HOURS_SINCE_SEC_EVENT,LAST_LOGIN_METHOD,HIST_BIOMETRIC_RATIO,HIST_LOGIN_COUNT,BENFORD_DEV,ACTIVITY_SEQ_RARITY,NEW_DEVICE_FLAG,IP_HOPPING_VELOCITY,PAGERANK_SCORE,IN_DEGREE_CENTRALITY,BUST_OUT_UTILIZATION,STRUCTURING_OVERPAYMENT_FLAG,AUTH_DOWNGRADE_RISK
1359882,0,1,0.8413833379745483,"Flagged due to: unusual behavior in feature 'NEW_DEVICE_FLAG' (value: 1.00), and transaction amount is 4.0x higher than historical average, and unusual combination of high transaction amount and long inactivity period (combined score: 43.09).","NEW_DEVICE_FLAG (+1.6691), TRANS_AMOUNT_Z_SCORE (+0.8524), DAYS_AMOUNT_COMBINED (+0.5260)","NEW_DEVICE_FLAG × TRANS_AMOUNT_Z_SCORE (+0.4709), HOURS_SINCE_SEC_EVENT × DAYS_AMOUNT_COMBINED (+0.2824), TRANS_HOUR × NEW_DEVICE_FLAG (+0.1634)","TRANS_AMOUNT: 99,800,000.00 -> 70,614,446.64 (-29,185,553.36)",Transfer,Outside_bank,2019-09-26,Thu,9,1,99800000.0,456015,1eefbf4e4b665aac,Android,95.231.xx.xx (HCM),F,2019-09-16,1988-10-08,0,2019-09-17,BRANCH,0,SMART_OTP,Working,99800000.0,1,99800000.0,1,99800000.0,1,99800000.0,1,99800000.0,1,99800000.0,1,23214210.2125,24981900.0,10,9.375,1,0.0,LOGIN,0.0,0.0,0.0,-1.0631228169596971,1.0,1,0.7112214308695028,0.0,0.0,0,0.0
1318076,9,1,1.0,"Flagged due to: unusual combination of high transaction amount and long inactivity period (combined score: 64.78), and unusual behavior in feature 'NEW_DEVICE_FLAG' (value: 1.00), and long inactivity period (65.7 days since last transaction).","DAYS_AMOUNT_COMBINED (+2.6369), NEW_DEVICE_FLAG (+1.8293), DAYS_SINCE_LAST_TRANS (+0.5631)","NEW_DEVICE_FLAG × DAYS_AMOUNT_COMBINED (+0.4529), NEW_DEVICE_FLAG × TRANS_AMOUNT_Z_SCORE (+0.2954), TRANS_HOUR × DAYS_AMOUNT_COMBINED (+0.2146)","TRANS_AMOUNT: 5,000,000.00 -> 888,171.20 (-4,111,828.80)",Transfer,Outside_bank,2019-12-05,Thu,16,1,5000000.0,779387,32fd628f2a00217c,Android,16.174.xx.xx (HN),M,2019-09-30,1982-04-15,0,2019-10-01,BRANCH,1,SMART_OTP,Working,5000000.0,1,5000000.0,1,5000000.0,1,5000000.0,1,5000000.0,1,5000000.0,1,4317108.59,1949162.6666666667,6,65.66666666666667,1,1553.0,LOGIN,0.0,28.0,0.0,-0.9328947891681147,1.0,1,0.7112214308695028,0.0,0.0,0,0.0
1316173,44,1,1.0,"Flagged due to: unusual combination of high transaction amount and long inactivity period (combined score: 88.54), and transaction amount covers 25.0x monthly average balance, and long inactivity period (182.3 days since last transaction).","DAYS_AMOUNT_COMBINED (+2.5095), BALANCE_COVERAGE_RATIO (+0.7346), DAYS_SINCE_LAST_TRANS (+0.5877)","DAYS_SINCE_LAST_TRANS × BALANCE_COVERAGE_RATIO (-0.8922), NEW_DEVICE_FLAG × DAYS_AMOUNT_COMBINED (-0.4224), HOURS_SINCE_SEC_EVENT × DAYS_AMOUNT_COMBINED (+0.2744)","TRANS_AMOUNT: 23,900,000.00 -> 240,053.94 (-23,659,946.06)",Transfer,Within_bank,2019-12-12,Thu,20,1,23900000.0,479765,8e40262350fa0078,Android,30.213.xx.xx (NA),M,2019-04-04,1990-08-08,0,2019-04-04,BRANCH,1,SMART_OTP,Working,23900000.0,1,23900000.0,1,23900000.0,1,23900000.0,1,23900000.0,1,23900000.0,1,956799.0944444444,8333333.333333333,3,182.33333333333334,1,0.0,LOGIN_FACEID,0.47619036281181837,42.0,0.0,-1.509743283632709,0.0,1,0.7112214308695028,0.0,0.8744,0,0.0
941755,88,1,0.8896862864494324,"Flagged due to: transaction amount is 11.4x higher than historical average, and transaction amount is 13.6x higher than 30-day average transaction size, and unusual behavior in feature 'HIST_BIOMETRIC_RATIO' (value: 0.45).","TRANS_AMOUNT_Z_SCORE (+2.7257), TRANS_AMOUNT_VS_30D_AVG_RATIO (+1.2627), HIST_BIOMETRIC_RATIO (+0.5506)","TRANS_HOUR × TRANS_AMOUNT_Z_SCORE (+0.2346), TRANS_HOUR × TRANS_AMOUNT_VS_30D_AVG_RATIO (+0.2126), VELOCITY_RATIO_AMOUNT_7D_VS_30D × TRANS_AMOUNT_VS_30D_AVG_RATIO (+0.1682)","TRANS_AMOUNT: 50,000,000.00 -> 36,245,632.17 (-13,754,367.83)",Transfer,Outside_bank,2019-10-02,Wed,8,1,50000000.0,578168,d1c2a448db82b9e2,iOS,14.182.xx.xx (CT),F,2019-07-15,1997-07-05,0,2019-09-03,BRANCH,1,SMART_OTP,Commercial associate,50000000.0,1,50000000.0,1,77545000.0,7,80773000.0,9,125973222.0,23,485665129.0,132,8844481.102,4369996.853994491,363,0.4583333333333333,7,165.0,LOGIN_FINGER,0.44549760921812276,211.0,0.03889746598194539,-1.441169318574772,0.0,1,0.7112214308695028,0.0,0.0,0,0.0
941810,88,1,0.7259393334388733,"Flagged due to: transaction amount is 8.6x higher than historical average, and transaction amount is 8.8x higher than 30-day average transaction size, and unusual behavior in feature 'HIST_BIOMETRIC_RATIO' (value: 0.47).","TRANS_AMOUNT_Z_SCORE (+2.4797), TRANS_AMOUNT_VS_30D_AVG_RATIO (+1.0243), HIST_BIOMETRIC_RATIO (+0.5358)","TRANS_HOUR × TRANS_AMOUNT_VS_30D_AVG_RATIO (+0.2019), TRANS_HOUR × TRANS_AMOUNT_Z_SCORE (+0.1763), VELOCITY_RATIO_AMOUNT_7D_VS_30D × TRANS_AMOUNT_VS_30D_AVG_RATIO (+0.1682)","TRANS_AMOUNT: 37,439,000.00 -> 36,115,608.53 (-1,323,391.47)",Transfer,Outside_bank,2019-11-01,Fri,7,1,37439000.0,711016,d1c2a448db82b9e2,iOS,50.208.xx.xx (CT),F,2019-07-15,1997-07-05,0,2019-09-03,BRANCH,1,SMART_OTP,Commercial associate,37439000.0,1,37439000.0,1,107223580.0,14,114711580.0,18,136814840.0,26,630521972.0,149,8844481.102,4369996.853994491,363,0.375,14,19.0,LOGIN_FINGER,0.4711934059425225,486.0,0.03889746598194539,-1.441169318574772,0.0,1,0.7112214308695028,0.0,0.0,0,0.0
941739,88,1,0.7049896121025085,"Flagged due to: transaction amount is 9.6x higher than historical average, and transaction amount is 6.8x higher than 30-day average transaction size, and unusual behavior in feature 'HIST_BIOMETRIC_RATIO' (value: 0.48).","TRANS_AMOUNT_Z_SCORE (+2.5262), TRANS_AMOUNT_VS_30D_AVG_RATIO (+1.0243), HIST_BIOMETRIC_RATIO (+0.5443)","TRANS_HOUR × TRANS_AMOUNT_VS_30D_AVG_RATIO (+0.2019), TRANS_HOUR × TRANS_AMOUNT_Z_SCORE (+0.2005), VELOCITY_RATIO_AMOUNT_7D_VS_30D × TRANS_AMOUNT_VS_30D_AVG_RATIO (+0.1682)","TRANS_AMOUNT: 42,000,000.00 -> 36,245,676.04 (-5,754,323.96)",Transfer,Outside_bank,2019-11-27,Wed,8,6,42000000.0,581381,d1c2a448db82b9e2,iOS,10.16.xx.xx (CT),F,2019-07-15,1997-07-05,0,2019-09-03,BRANCH,1,SMART_OTP,Commercial associate,42000000.0,1,42000000.0,1,45100000.0,4,45100000.0,4,57883900.0,6,470143187.0,76,8844481.102,4369996.853994491,363,0.5416666666666666,4,644.0,LOGIN,0.47791797353441684,634.0,0.03889746598194539,-1.441169318574772,0.0,1,0.7112214308695028,0.0,0.0,0,0.0
1392589,107,1,1.0,"Flagged due to: transaction amount covers 174.3x monthly average balance, and unusual behavior in feature 'NEW_DEVICE_FLAG' (value: 1.00), and unusual combination of high transaction amount and long inactivity period (combined score: 41.25).","BALANCE_COVERAGE_RATIO (+2.2235), NEW_DEVICE_FLAG (+1.6011), DAYS_AMOUNT_COMBINED (+0.5350)","NEW_DEVICE_FLAG × BALANCE_COVERAGE_RATIO (+0.4004), HOURS_SINCE_SEC_EVENT × DAYS_AMOUNT_COMBINED (+0.2744), BALANCE_COVERAGE_RATIO × VELOCITY_RATIO_AMOUNT_7D_VS_30D (+0.2072)","TRANS_AMOUNT: 20,100,000.00 -> 4,117,680.64 (-15,982,319.36)",Transfer,Outside_bank,2019-08-16,Fri,15,1,20100000.0,518858,b3068da5612a86f5,iOS,115.102.xx.xx (HP),M,2019-08-05,1999-07-24,0,2019-08-06,BRANCH,0,SMART_OTP,Unemployed,20100000.0,1,20100000.0,1,20100000.0,1,20100000.0,1,20100000.0,1,20100000.0,1,115295.11000000002,10113000.0,2,10.625,1,0.0,LOGIN,0.0,1.0,0.0,-1.0859987458586398,1.0,1,0.7112214308695028,0.0,0.0,0,0.0
959039,135,1,1.0,"Flagged due to: unusual combination of high transaction amount and long inactivity period (combined score: 58.11), and unusual behavior in feature 'NEW_DEVICE_FLAG' (value: 1.00), and transaction amount covers 26.7x monthly average balance.","DAYS_AMOUNT_COMBINED (+2.1378), NEW_DEVICE_FLAG (+1.7809), BALANCE_COVERAGE_RATIO (+1.2333)","NEW_DEVICE_FLAG × DAYS_AMOUNT_COMBINED (+0.5301), TRANS_HOUR × NEW_DEVICE_FLAG (+0.2258), TRANS_HOUR × DAYS_AMOUNT_COMBINED (+0.1949)","TRANS_AMOUNT: 15,000,000.00 -> 5,883,278.85 (-9,116,721.15)",Transfer,Within_bank,2019-11-06,Wed,12,1,15000000.0,198496,015cf9bef94ff708,Android,252.92.xx.xx (HN),M,2019-07-24,1986-10-20,0,2019-07-25,BRANCH,1,SMART_OTP,Working,15000000.0,1,15000000.0,1,15000000.0,1,15000000.0,1,15000000.0,1,15000000.0,1,561351.0333333333,10230000.0,10,32.666666666666664,1,2470.0,LOGIN_FINGER,0.4571427265306495,35.0,0.0,-1.3626830247620028,1.0,1,0.7112214308695028,0.0,0.0,0,0.0
970991,143,1,1.0,"Flagged due to: transaction amount covers 318.2x monthly average balance, and unusual behavior in feature 'NEW_DEVICE_FLAG' (value: 1.00), and transaction amount is 5.9x higher than historical average.","BALANCE_COVERAGE_RATIO (+3.2241), NEW_DEVICE_FLAG (+1.7500), TRANS_AMOUNT_Z_SCORE (+1.2701)","NEW_DEVICE_FLAG × TRANS_AMOUNT_Z_SCORE (+0.3520), NEW_DEVICE_FLAG × BALANCE_COVERAGE_RATIO (+0.3501), BALANCE_COVERAGE_RATIO × VELOCITY_RATIO_AMOUNT_7D_VS_30D (+0.2614)","TRANS_AMOUNT: 33,000,000.00 -> 5,556,658.74 (-27,443,341.26)",Transfer,Outside_bank,2019-09-11,Wed,12,1,33000000.0,789505,a76aa9fbb10444f9,iOS,5.117.xx.xx (HP),F,2019-09-10,1982-12-24,0,2019-09-10,BRANCH,1,SMART_OTP,Working,33000000.0,1,33000000.0,1,33000000.0,1,33000000.0,1,33000000.0,1,33000000.0,1,103723.49,5556666.666666667,6,1.5,1,17.0,LOGIN,0.0,3.0,0.0,-1.5102239753915914,1.0,1,0.7112214308695028,0.0,0.0,0,0.0
1262697,226,1,0.8514108061790466,"Flagged due to: unusual combination of high transaction amount and long inactivity period (combined score: 58.94), and unusual behavior in feature 'NEW_DEVICE_FLAG' (value: 1.00), and unusual behavior in feature 'HIST_BIOMETRIC_RATIO' (value: 0.45).","DAYS_AMOUNT_COMBINED (+2.1212), NEW_DEVICE_FLAG (+1.6741), HIST_BIOMETRIC_RATIO (+0.4198)","NEW_DEVICE_FLAG × DAYS_AMOUNT_COMBINED (+0.6589), TRANS_HOUR × NEW_DEVICE_FLAG (+0.2258), TRANS_HOUR × DAYS_AMOUNT_COMBINED (+0.2009)","TRANS_AMOUNT: 50,000,000.00 -> 32,655,811.31 (-17,344,188.69)",Transfer,Outside_bank,2019-11-24,Sun,19,1,50000000.0,315965,58f090af951ca5bb,iOS,169.116.xx.xx (HCM),F,2019-10-29,1986-04-10,0,2019-10-29,BRANCH,1,SMART_OTP,Working,50000000.0,1,50000000.0,1,50000000.0,1,50000000.0,1,50000000.0,1,50000000.0,1,22270202.773333333,40000000.0,5,26.791666666666668,1,628.0,LOGIN_FACEID,0.45454504132268975,11.0,0.0,-1.269749901092123,1.0,1,0.7112214308695028,0.0,0.0,0,0.0
1412402,227,1,1.0,"Flagged due to: unusual combination of high transaction amount and long inactivity period (combined score: 59.95), and unusual behavior in feature 'NEW_DEVICE_FLAG' (value: 1.00), and transaction amount covers 29.4x monthly average balance.","DAYS_AMOUNT_COMBINED (+2.0384), NEW_DEVICE_FLAG (+1.8105), BALANCE_COVERAGE_RATIO (+1.3533)","NEW_DEVICE_FLAG × DAYS_AMOUNT_COMBINED (+0.5301), NEW_DEVICE_FLAG × BALANCE_COVERAGE_RATIO (+0.2267), TRANS_HOUR × NEW_DEVICE_FLAG (+0.1906)","TRANS_AMOUNT: 48,900,000.00 -> 23,902,369.02 (-24,997,630.98)",Transfer,Outside_bank,2019-10-17,Thu,13,1,48900000.0,757012,12302cd47a5982ee,iOS,202.8.xx.xx (HP),M,2019-09-19,1978-12-11,0,2019-09-19,BRANCH,0,SMART_OTP,State servant,48900000.0,1,48900000.0,1,48900000.0,1,48900000.0,1,48900000.0,1,48900000.0,1,1661362.5,48425000.0,2,28.541666666666668,1,666.0,LOGIN,0.0,7.0,0.0,-1.0463935568080418,1.0,1,0.7112214308695028,0.0,0.0,0,0.0
1412401,227,1,0.9114906191825867,"Flagged due to: unusual combination of high transaction amount and long inactivity period (combined score: 68.78), and transaction amount covers 28.9x monthly average balance, and sudden 7d spending volume spike relative to 30 days (ratio: 100.0%).","DAYS_AMOUNT_COMBINED (+2.3327), BALANCE_COVERAGE_RATIO (+1.1856), VELOCITY_RATIO_AMOUNT_7D_VS_30D (+0.4497)","NEW_DEVICE_FLAG × DAYS_AMOUNT_COMBINED (-0.4224), TRANS_HOUR × DAYS_AMOUNT_COMBINED (+0.2190), DAYS_AMOUNT_COMBINED × SEC_AMOUNT_COMBINED (+0.1948)","TRANS_AMOUNT: 47,950,000.00 -> 32,290,715.36 (-15,659,284.64)",Transfer,Outside_bank,2019-12-04,Wed,10,1,47950000.0,2944,12302cd47a5982ee,iOS,129.23.xx.xx (HP),M,2019-09-19,1978-12-11,0,2019-09-19,BRANCH,0,SMART_OTP,State servant,47950000.0,1,47950000.0,1,47950000.0,1,47950000.0,1,47950000.0,1,47950000.0,1,1661362.5,48425000.0,2,47.875,1,1815.0,LOGIN,0.299999850000075,20.0,0.0,-1.0463935568080418,0.0,1,0.7112214308695028,0.0,0.0,0,0.0
90144,331,1,1.0,"Flagged due to: unusual combination of high transaction amount and long inactivity period (combined score: 60.68), and unusual behavior in feature 'NEW_DEVICE_FLAG' (value: 1.00), and improbable sequential activity transition pattern (score: -2.509).","DAYS_AMOUNT_COMBINED (+2.2500), NEW_DEVICE_FLAG (+1.8929), ACTIVITY_SEQ_RARITY (+0.9274)","NEW_DEVICE_FLAG × DAYS_AMOUNT_COMBINED (+0.6589), ACTIVITY_SEQ_RARITY × NEW_DEVICE_FLAG (+0.3046), HOURS_SINCE_SEC_EVENT × DAYS_AMOUNT_COMBINED (+0.2824)","TRANS_AMOUNT: 12,000,000.00 -> 906,772.61 (-11,093,227.39)",Transfer,Outside_bank,2019-03-06,Wed,9,2,12000000.0,63398,925ef76ab4877be6,iOS,196.198.xx.xx (HCM),M,2019-01-16,1992-01-07,0,2019-01-25,BRANCH,1,SMS,Unemployed,12000000.0,1,12000000.0,1,12000000.0,1,12000000.0,1,12000000.0,1,12000000.0,1,3490298.725,6480000.0,3,40.375,1,0.0,LOGIN,0.0,0.0,0.0,-2.5092054678419475,1.0,1,0.831731947333013,4.770719233631662e-05,0.0,0,0.0
899925,386,1,0.568575918674469,"Flagged due to: transaction amount is 22.6x higher than historical average, and transaction amount is 13.7x higher than 30-day average transaction size, and unusual combination of high transaction amount shortly after a security credential update (combined score: 146.61).","TRANS_AMOUNT_Z_SCORE (+2.6049), TRANS_AMOUNT_VS_30D_AVG_RATIO (+1.0763), SEC_AMOUNT_COMBINED (+0.5155)","TRANS_HOUR × TRANS_AMOUNT_Z_SCORE (+0.2654), VELOCITY_RATIO_AMOUNT_7D_VS_30D × TRANS_AMOUNT_VS_30D_AVG_RATIO (-0.2361), VELOCITY_RATIO_AMOUNT_24H_VS_7D × SEC_AMOUNT_COMBINED (+0.1644)","TRANS_AMOUNT: 380,000,000.00 -> 277,120,418.55 (-102,879,581.45)",Transfer,Within_bank,2019-10-21,Mon,9,1,380000000.0,456015,3e018f4a5817a5c1,Android,40.87.xx.xx (HCM),F,2019-08-12,1989-04-24,0,2019-08-12,BRANCH,1,SMART_OTP,Working,380000000.0,1,380000000.0,1,380550000.0,2,380550000.0,2,383615000.0,5,416432414.0,15,114440623.53400001,16809085.8,70,0.6666666666666666,2,1670.0,LOGIN,0.0,41.0,0.061351446143111873,-1.0341287827195147,0.0,1,0.7112214308695028,0.0,0.0,0,0.0
1321915,444,1,1.0,"Flagged due to: unusual behavior in feature 'NEW_DEVICE_FLAG' (value: 1.00), and unusual combination of high transaction amount and long inactivity period (combined score: 58.23), and transaction amount is 3.8x higher than historical average.","NEW_DEVICE_FLAG (+2.1227), DAYS_AMOUNT_COMBINED (+1.9422), TRANS_AMOUNT_Z_SCORE (+0.7813)","NEW_DEVICE_FLAG × DAYS_AMOUNT_COMBINED (+0.6047), NEW_DEVICE_FLAG × TRANS_AMOUNT_Z_SCORE (+0.4709), NEW_DEVICE_FLAG × BALANCE_COVERAGE_RATIO (+0.3703)","TRANS_AMOUNT: 8,500,000.00 -> 6,369,325.64 (-2,130,674.36)",Transfer,Outside_bank,2019-12-11,Wed,11,1,8500000.0,104895,fa6094feeb3859fd,Android,145.67.xx.xx (BD),F,2019-11-04,1996-09-30,0,2019-11-04,BRANCH,1,SMART_OTP,Working,8500000.0,1,8500000.0,1,8500000.0,1,8500000.0,1,8500000.0,1,8500000.0,1,1562590.86,2253333.3333333335,6,37.458333333333336,1,881.0,LOGIN,0.0,4.0,0.0,-1.2873481467500856,1.0,1,0.7112214308695028,0.0,0.0,0,0.0
1413542,456,1,0.7661626935005188,"Flagged due to: unusual behavior in feature 'NEW_DEVICE_FLAG' (value: 1.00), and unusual combination of high transaction amount and long inactivity period (combined score: 55.12), and unusual behavior in feature 'HIST_BIOMETRIC_RATIO' (value: 0.50).","NEW_DEVICE_FLAG (+1.6121), DAYS_AMOUNT_COMBINED (+1.1755), HIST_BIOMETRIC_RATIO (+0.4704)","NEW_DEVICE_FLAG × BALANCE_COVERAGE_RATIO (+0.4004), TRANS_HOUR × NEW_DEVICE_FLAG (+0.2186), NEW_DEVICE_FLAG × DAYS_AMOUNT_COMBINED (+0.2096)","TRANS_AMOUNT: 1,800,000.00 -> 1,362,829.97 (-437,170.03)",Transfer,Outside_bank,2019-03-09,Sat,22,1,1800000.0,120393,55316f920cfb039a,Android,158.235.xx.xx (TH),M,2019-01-23,1984-03-25,0,2019-01-24,BRANCH,1,SMS,Working,1800000.0,1,1800000.0,1,1800000.0,1,1800000.0,1,1800000.0,1,1800000.0,1,230504.35272727272,3900000.0,2,44.916666666666664,1,1060.0,LOGIN,0.49999750001249993,2.0,0.0,-1.5936949953200494,1.0,1,0.7112214308695028,0.0,0.0,0,1.0
1182733,470,1,1.0,"Flagged due to: unusual combination of high transaction amount and long inactivity period (combined score: 74.95), and unusual behavior in feature 'NEW_DEVICE_FLAG' (value: 1.00), and transaction amount is 3.9x higher than historical average.","DAYS_AMOUNT_COMBINED (+2.6319), NEW_DEVICE_FLAG (+2.0172), TRANS_AMOUNT_Z_SCORE (+0.7236)","DAYS_SINCE_LAST_TRANS × BALANCE_COVERAGE_RATIO (-0.4687), NEW_DEVICE_FLAG × TRANS_AMOUNT_Z_SCORE (+0.4158), NEW_DEVICE_FLAG × DAYS_AMOUNT_COMBINED (+0.3986)","TRANS_AMOUNT: 50,000,000.00 -> 810,241.70 (-49,189,758.30)",Transfer,Outside_bank,2019-05-08,Wed,14,1,50000000.0,69129,b329404247ca5b68,Android,204.70.xx.xx (HN),M,2019-02-14,1985-08-23,0,2019-03-02,BRANCH,0,SMS,State servant,50000000.0,1,50000000.0,1,50000000.0,1,50000000.0,1,50000000.0,1,50000000.0,1,3666343.766363636,12919000.0,18,67.58333333333333,1,1612.0,LOGIN,0.4891304081994343,184.0,0.0,-0.795191579133574,1.0,1,0.7112214308695028,0.0,0.0,0,1.0
1182730,470,1,0.6115223169326782,"Flagged due to: unusual combination of high transaction amount and long inactivity period (combined score: 68.15), and long inactivity period (82.0 days since last transaction), and sudden 7d spending volume spike relative to 30 days (ratio: 100.0%).","DAYS_AMOUNT_COMBINED (+2.2686), DAYS_SINCE_LAST_TRANS (+1.1590), VELOCITY_RATIO_AMOUNT_7D_VS_30D (+0.4136)","NEW_DEVICE_FLAG × DAYS_AMOUNT_COMBINED (-0.5268), TRANS_HOUR × DAYS_AMOUNT_COMBINED (+0.2250), DAYS_SINCE_LAST_TRANS × BALANCE_COVERAGE_RATIO (+0.2061)","TRANS_AMOUNT: 5,000,000.00 -> 4,820,284.84 (-179,715.16)",Transfer,Outside_bank,2019-10-05,Sat,10,1,5000000.0,379135,b329404247ca5b68,Android,127.130.xx.xx (HN),M,2019-02-14,1985-08-23,0,2019-03-02,BRANCH,0,SMS,State servant,5000000.0,1,5000000.0,1,5000000.0,1,5000000.0,1,5000000.0,1,5000000.0,1,3666343.766363636,12919000.0,18,81.95833333333333,1,5208.0,LOGIN_FINGER,0.4830339224943329,501.0,0.0,-0.795191579133574,0.0,1,0.7112214308695028,0.0,0.0,0,0.0
989774,471,1,1.0,"Flagged due to: unusual combination of high transaction amount and long inactivity period (combined score: 71.35), and unusual behavior in feature 'NEW_DEVICE_FLAG' (value: 1.00), and sudden 7d spending volume spike relative to 30 days (ratio: 100.0%).","DAYS_AMOUNT_COMBINED (+2.5433), NEW_DEVICE_FLAG (+1.5860), VELOCITY_RATIO_AMOUNT_7D_VS_30D (+0.4318)","NEW_DEVICE_FLAG × DAYS_AMOUNT_COMBINED (+0.4529), VELOCITY_RATIO_AMOUNT_7D_VS_30D × DAYS_AMOUNT_COMBINED (+0.1644), TRANS_HOUR × TRANS_AMOUNT_VS_30D_AVG_RATIO (+0.1597)","TRANS_AMOUNT: 150,000,000.00 -> 3,906,440.73 (-146,093,559.27)",Transfer,Within_bank,2019-07-18,Thu,6,2,150000000.0,483817,65ca5ccec5b9d966,iOS,223.82.xx.xx (HCM),F,2019-06-05,1981-09-08,0,2019-06-05,BRANCH,1,SMS,State servant,150000000.0,1,150000000.0,1,150000000.0,1,150000000.0,1,150000000.0,1,150000000.0,1,36690057.17285714,69960000.0,10,43.25,1,993.0,LOGIN,0.0,0.0,0.0,-1.0106583811507186,1.0,1,0.7112214308695028,0.0,0.6433421052631579,0,0.0
646993,482,1,1.0,"Flagged due to: unusual behavior in feature 'TRANS_HOUR' (value: 1.00), and unusual behavior in feature 'NEW_DEVICE_FLAG' (value: 1.00), and transaction amount is 2.8x higher than historical average.","TRANS_HOUR (+3.5628), NEW_DEVICE_FLAG (+0.8627), TRANS_AMOUNT_Z_SCORE (+0.6306)","TRANS_HOUR × NEW_DEVICE_FLAG (-1.0950), TRANS_HOUR × TRANS_AMOUNT_Z_SCORE (+0.4841), TRANS_HOUR × HIST_BIOMETRIC_RATIO (+0.4796)","TRANS_AMOUNT: 3,000,000.00 -> 1,060,867.31 (-1,939,132.69)",Transfer,Outside_bank,2019-07-21,Sun,1,1,3000000.0,90633,8de02a9913262131,Web,168.55.xx.xx (CT),M,2019-05-20,1997-10-06,0,2019-05-20,BRANCH,1,SMART_OTP,Working,3000000.0,1,3000000.0,1,3000000.0,1,5400000.0,3,7750000.0,7,17852000.0,15,2043493.01,1063369.5988023952,167,1.125,1,825.0,LOGIN,0.3846152366864474,26.0,0.2149680305747076,-1.3216419008590108,1.0,1,0.7921388953490791,2.8624315401789974e-05,0.0,0,1.0
646917,482,1,0.6611899733543396,"Flagged due to: unusual behavior in feature 'TRANS_HOUR' (value: 0.00), and unusual behavior in feature 'HIST_BIOMETRIC_RATIO' (value: 0.24), and sudden 24h spending volume spike relative to 7 days (ratio: 82.5%).","TRANS_HOUR (+4.2492), HIST_BIOMETRIC_RATIO (+0.3271), VELOCITY_RATIO_AMOUNT_24H_VS_7D (+0.2587)","TRANS_HOUR × VELOCITY_RATIO_AMOUNT_24H_VS_7D (+0.6245), TRANS_HOUR × HIST_BIOMETRIC_RATIO (+0.3934), TRANS_HOUR × NEW_DEVICE_FLAG (+0.1552)",,Topup,Mobile,2019-08-17,Sat,0,1,100000.0,NaN,a6c14c0d86c6a1ed,Android,208.241.xx.xx (HN),M,2019-05-20,1997-10-06,0,2019-05-20,BRANCH,1,SMART_OTP,Working,100000.0,1,400000.0,2,3400000.0,3,3400000.0,3,4120000.0,5,17753000.0,13,2043493.01,1063369.5988023952,167,0.08333333333333333,2,1472.0,LOGIN,0.24390237953600497,41.0,0.2149680305747076,-1.3216419008590108,0.0,2,0.7921388953490791,2.8624315401789974e-05,0.0,0,0.0
646975,482,1,0.7772775292396545,"Flagged due to: unusual behavior in feature 'TRANS_HOUR' (value: 2.00), and unusual behavior in feature 'HIST_BIOMETRIC_RATIO' (value: 0.14), and long inactivity period (5.3 days since last transaction).","TRANS_HOUR (+4.2103), HIST_BIOMETRIC_RATIO (+0.1896), DAYS_SINCE_LAST_TRANS (+0.0756)","TRANS_HOUR × TRANS_AMOUNT_Z_SCORE (+0.4295), TRANS_HOUR × HIST_BIOMETRIC_RATIO (+0.3265), TRANS_HOUR × DAYS_AMOUNT_COMBINED (+0.2916)",,Transfer,Outside_bank,2019-09-11,Wed,2,1,1800000.0,883365,a6c14c0d86c6a1ed,Android,110.59.xx.xx (HN),M,2019-05-20,1997-10-06,0,2019-05-20,BRANCH,1,SMART_OTP,Working,3801000.0,2,3801000.0,2,3801000.0,2,3801000.0,2,8901000.0,4,25231000.0,24,2043493.01,1063369.5988023952,167,5.291666666666667,1,2074.0,LOGIN,0.14492751522789635,69.0,0.2149680305747076,-1.3216419008590108,0.0,1,0.7921388953490791,2.8624315401789974e-05,0.0,0,0.0
646976,482,1,0.6907753348350525,"Flagged due to: unusual behavior in feature 'TRANS_HOUR' (value: 2.00), and unusual behavior in feature 'HIST_BIOMETRIC_RATIO' (value: 0.14), and transaction amount is 1.9x higher than historical average.","TRANS_HOUR (+4.0582), HIST_BIOMETRIC_RATIO (+0.1896), TRANS_AMOUNT_Z_SCORE (+0.1810)","TRANS_HOUR × TRANS_AMOUNT_Z_SCORE (+0.5717), TRANS_HOUR × HIST_BIOMETRIC_RATIO (+0.3265), TRANS_HOUR × NEW_DEVICE_FLAG (+0.1710)","TRANS_AMOUNT: 2,001,000.00 -> 1,783,064.24 (-217,935.76)",Transfer,Within_bank,2019-09-11,Wed,2,1,2001000.0,692656,a6c14c0d86c6a1ed,Android,152.24.xx.xx (HN),M,2019-05-20,1997-10-06,0,2019-05-20,BRANCH,1,SMART_OTP,Working,3801000.0,2,3801000.0,2,3801000.0,2,3801000.0,2,8901000.0,4,25231000.0,24,2043493.01,1063369.5988023952,167,0.0,2,2074.0,LOGIN,0.14492751522789635,69.0,0.2149680305747076,-1.3216419008590108,0.0,2,0.7921388953490791,2.8624315401789974e-05,0.0,0,0.0
646997,482,1,0.5798065662384033,"Flagged due to: unusual behavior in feature 'TRANS_HOUR' (value: 1.00), and transaction amount is 2.3x higher than historical average, and transaction amount is 1.0x higher than 30-day average transaction size.","TRANS_HOUR (+3.9295), TRANS_AMOUNT_Z_SCORE (+0.1908), TRANS_AMOUNT_VS_30D_AVG_RATIO (+0.0858)","TRANS_HOUR × TRANS_AMOUNT_Z_SCORE (+0.5823), TRANS_HOUR × NEW_DEVICE_FLAG (+0.1710), TRANS_HOUR × VELOCITY_RATIO_AMOUNT_24H_VS_7D (-0.1478)","TRANS_AMOUNT: 2,400,000.00 -> 2,396,022.03 (-3,977.97)",Transfer,Outside_bank,2019-10-07,Mon,1,1,2400000.0,895071,a6c14c0d86c6a1ed,Android,242.248.xx.xx (HN),M,2019-05-20,1997-10-06,0,2019-05-20,BRANCH,1,SMART_OTP,Working,2400000.0,1,2400000.0,1,8450000.0,2,22401000.0,5,23401000.0,6,43132000.0,18,2043493.01,1063369.5988023952,167,0.4166666666666667,2,2697.0,LOGIN,0.11111109876543347,90.0,0.2149680305747076,-1.3216419008590108,0.0,1,0.7921388953490791,2.8624315401789974e-05,0.0,0,0.0
646895,482,1,0.6308658123016357,"Flagged due to: unusual behavior in feature 'TRANS_HOUR' (value: 0.00), and sudden 24h spending volume spike relative to 7 days (ratio: 87.4%), and recent security credential modification (4400.0 hours ago).","TRANS_HOUR (+4.0529), VELOCITY_RATIO_AMOUNT_24H_VS_7D (+0.5012), HOURS_SINCE_SEC_EVENT (+0.0973)","TRANS_HOUR × VELOCITY_RATIO_AMOUNT_24H_VS_7D (+0.6163), TRANS_HOUR × BALANCE_COVERAGE_RATIO (+0.1609), TRANS_HOUR × NEW_DEVICE_FLAG (+0.1505)",,Topup,Mobile,2019-12-17,Tue,0,1,20000.0,NaN,a6c14c0d86c6a1ed,Android,254.180.xx.xx (HN),M,2019-05-20,1997-10-06,0,2019-05-20,BRANCH,1,SMART_OTP,Working,20000.0,1,2820000.0,2,6325000.0,4,6355000.0,5,7235000.0,11,34408741.0,47,2043493.01,1063369.5988023952,167,0.125,3,4400.0,LOGIN,0.09523809070294806,210.0,0.2149680305747076,-1.3216419008590108,0.0,2,0.7921388953490791,2.8624315401789974e-05,0.0,0,0.0
1072748,484,1,1.0,"Flagged due to: unusual behavior in feature 'TRANS_HOUR' (value: 0.00), and unusual behavior in feature 'HIST_BIOMETRIC_RATIO' (value: 0.50), and sudden 24h spending volume spike relative to 7 days (ratio: 100.0%).","TRANS_HOUR (+4.4903), HIST_BIOMETRIC_RATIO (+0.5810), VELOCITY_RATIO_AMOUNT_24H_VS_7D (+0.5394)","TRANS_HOUR × VELOCITY_RATIO_AMOUNT_24H_VS_7D (+0.6249), TRANS_HOUR × HIST_BIOMETRIC_RATIO (+0.4857), TRANS_HOUR × DAYS_AMOUNT_COMBINED (+0.2999)",,Transfer,Outside_bank,2019-08-29,Thu,0,1,2000000.0,191343,285693dc46ca88fa,Android,188.32.xx.xx (NA),M,2019-06-24,1993-10-11,0,2019-06-25,BRANCH,1,SMART_OTP,Working,2000000.0,1,2000000.0,1,2000000.0,1,2000000.0,1,2000000.0,1,4541000.0,4,8056499.062857143,4645096.153846154,104,7.208333333333333,1,999.0,LOGIN,0.49999989130437145,46.0,0.19655106327844615,-1.166028856773688,0.0,1,0.7112214308695028,0.0,0.0,0,0.0
1072749,484,1,0.6985455751419067,"Flagged due to: unusual behavior in feature 'TRANS_HOUR' (value: 0.00), and unusual behavior in feature 'HIST_BIOMETRIC_RATIO' (value: 0.50), and transaction amount is 1.8x higher than 30-day average transaction size.","TRANS_HOUR (+4.0451), HIST_BIOMETRIC_RATIO (+0.6019), TRANS_AMOUNT_VS_30D_AVG_RATIO (+0.0766)","TRANS_HOUR × HIST_BIOMETRIC_RATIO (+0.5203), TRANS_HOUR × DAYS_AMOUNT_COMBINED (+0.2959), TRANS_HOUR × NEW_DEVICE_FLAG (+0.1647)","TRANS_AMOUNT: 3,000,000.00 -> 68,561.55 (-2,931,438.45)",Transfer,Outside_bank,2019-09-18,Wed,0,1,3000000.0,757012,285693dc46ca88fa,Android,92.111.xx.xx (NA),M,2019-06-24,1993-10-11,0,2019-06-25,BRANCH,1,SMART_OTP,Working,3000000.0,1,3000000.0,1,3000000.0,1,3000000.0,1,4000000.0,2,10041000.0,6,8056499.062857143,4645096.153846154,104,3.3333333333333335,1,999.0,LOGIN,0.4999999375000078,80.0,0.19655106327844615,-1.166028856773688,0.0,1,0.7112214308695028,0.0,0.0,0,0.0
1349322,504,1,1.0,"Flagged due to: unusual combination of high transaction amount and long inactivity period (combined score: 66.90), and unusual behavior in feature 'NEW_DEVICE_FLAG' (value: 1.00), and long inactivity period (109.4 days since last transaction).","DAYS_AMOUNT_COMBINED (+2.6259), NEW_DEVICE_FLAG (+1.8540), DAYS_SINCE_LAST_TRANS (+1.4892)","NEW_DEVICE_FLAG × DAYS_AMOUNT_COMBINED (+0.4529), DAYS_SINCE_LAST_TRANS × NEW_DEVICE_FLAG (+0.3741), DAYS_SINCE_LAST_TRANS × BALANCE_COVERAGE_RATIO (+0.2815)","TRANS_AMOUNT: 1,500,000.00 -> 16,199.11 (-1,483,800.89)",Transfer,Outside_bank,2019-06-17,Mon,10,1,1500000.0,36573,095315acb903b9e3,iOS,78.114.xx.xx (DN),M,2019-01-30,1983-05-12,0,2019-02-28,BRANCH,0,SMS,Working,1500000.0,1,1500000.0,1,1500000.0,1,1500000.0,1,1500000.0,1,1500000.0,1,948027.7991666667,1500000.0,1,109.41666666666667,1,2610.0,LOGIN,0.0,4.0,0.0,-0.9526807352979791,1.0,1,0.7112214308695028,0.0,0.0,0,0.0
1304008,615,1,1.0,"Flagged due to: unusual combination of high transaction amount and long inactivity period (combined score: 70.27), and unusual behavior in feature 'NEW_DEVICE_FLAG' (value: 1.00), and long inactivity period (108.8 days since last transaction).","DAYS_AMOUNT_COMBINED (+2.6422), NEW_DEVICE_FLAG (+1.9220), DAYS_SINCE_LAST_TRANS (+1.3122)","NEW_DEVICE_FLAG × DAYS_AMOUNT_COMBINED (+0.4529), DAYS_SINCE_LAST_TRANS × NEW_DEVICE_FLAG (+0.2590), DAYS_SINCE_LAST_TRANS × BALANCE_COVERAGE_RATIO (+0.2234)","TRANS_AMOUNT: 3,125,000.00 -> 52,490.83 (-3,072,509.17)",Transfer,Outside_bank,2019-10-28,Mon,19,1,3125000.0,85968,1cc41faf4bc8811c,Android,135.165.xx.xx (HN),F,2019-07-12,1994-11-24,0,2019-07-12,BRANCH,1,SMART_OTP,Working,3125000.0,1,3125000.0,1,3125000.0,1,3125000.0,1,3125000.0,1,3125000.0,1,1738366.7566666666,1249021.2916666667,24,108.79166666666667,1,999.0,LOGIN,0.0,16.0,0.0,-1.215422611949282,1.0,1,0.7112214308695028,0.0,0.0,0,0.0
1417826,626,1,0.654617428779602,"Flagged due to: unusual combination of high transaction amount and long inactivity period (combined score: 58.86), and unusual behavior in feature 'NEW_DEVICE_FLAG' (value: 1.00), and sudden 7d spending volume spike relative to 30 days (ratio: 100.0%).","DAYS_AMOUNT_COMBINED (+1.9922), NEW_DEVICE_FLAG (+1.6338), VELOCITY_RATIO_AMOUNT_7D_VS_30D (+0.3713)","NEW_DEVICE_FLAG × DAYS_AMOUNT_COMBINED (+0.6589), TRANS_HOUR × NEW_DEVICE_FLAG (+0.1665), DAYS_SINCE_LAST_TRANS × NEW_DEVICE_FLAG (-0.1583)","TRANS_AMOUNT: 2,500,000.00 -> 1,790,955.07 (-709,044.93)",Transfer,Outside_bank,2019-12-18,Wed,8,1,2500000.0,315965,e8526bb294cae2f3,iOS,157.130.xx.xx (HN),M,2019-10-26,1985-02-27,0,2019-10-26,BRANCH,0,SMART_OTP,Commercial associate,2500000.0,1,2500000.0,1,2500000.0,1,2500000.0,1,2500000.0,1,2500000.0,1,4568844.873333333,2500000.0,1,53.333333333333336,1,1269.0,LOGIN,0.0,14.0,0.0,-1.0792448680729019,1.0,1,0.7112214308695028,0.0,0.0,0,0.0
1086929,635,1,0.6231123208999634,"Flagged due to: transaction amount is 11.5x higher than historical average, and transaction amount is 8.7x higher than 30-day average transaction size, and unusual behavior in feature 'HIST_BIOMETRIC_RATIO' (value: 0.49).","TRANS_AMOUNT_Z_SCORE (+2.6681), TRANS_AMOUNT_VS_30D_AVG_RATIO (+1.0245), HIST_BIOMETRIC_RATIO (+0.4625)","TRANS_HOUR × TRANS_AMOUNT_Z_SCORE (+0.2459), TRANS_HOUR × TRANS_AMOUNT_VS_30D_AVG_RATIO (+0.1744), VELOCITY_RATIO_AMOUNT_7D_VS_30D × TRANS_AMOUNT_VS_30D_AVG_RATIO (+0.1597)","TRANS_AMOUNT: 4,140,000.00 -> 3,556,509.59 (-583,490.41)",Transfer,Outside_bank,2019-12-07,Sat,16,2,4140000.0,937837,f438f9592a249332,Android,72.5.xx.xx (DN),M,2019-09-25,2000-08-25,0,2019-10-08,BRANCH,1,SMART_OTP,Commercial associate,4140000.0,1,4140000.0,1,4140000.0,1,4880000.0,6,4880000.0,6,7576000.0,16,708308.2566666667,360930.23255813954,43,1.0833333333333333,1,1433.0,LOGIN,0.48557689973187984,208.0,0.0,-1.0823620743416151,0.0,1,0.7112214308695028,0.0,0.0,0,0.0
1034951,640,1,1.0,"Flagged due to: unusual behavior in feature 'TRANS_HOUR' (value: 5.00), and transaction amount leading digits deviation from Benford's Law (score: 0.3676), and unusual behavior in feature 'HIST_BIOMETRIC_RATIO' (value: 0.39).","TRANS_HOUR (+3.9204), BENFORD_DEV (+0.6230), HIST_BIOMETRIC_RATIO (+0.5417)","TRANS_HOUR × VELOCITY_RATIO_AMOUNT_24H_VS_7D (+0.5902), TRANS_HOUR × HIST_BIOMETRIC_RATIO (+0.4476), TRANS_HOUR × DAYS_AMOUNT_COMBINED (+0.2444)",,Transfer,Within_bank,2019-08-22,Thu,5,1,1740000.0,513695,17317a94e3fda315,iOS,209.134.xx.xx (HCM),M,2019-04-26,1990-07-09,0,2019-06-03,BRANCH,1,SMS,Working,1740000.0,1,1740000.0,1,1740000.0,1,1740000.0,1,1740000.0,1,4770000.0,8,1329118.49875,1356661.0169491526,59,8.625,1,1915.0,LOGIN_FINGER,0.3913042911153201,69.0,0.36760838353631675,-1.1317807288531814,0.0,1,0.7112214308695028,0.0,0.0,0,0.0
1034973,640,1,1.0,"Flagged due to: transaction amount is 14.9x higher than historical average, and transaction amount is 8.1x higher than 30-day average transaction size, and transaction amount leading digits deviation from Benford's Law (score: 0.3676).","TRANS_AMOUNT_Z_SCORE (+2.7105), TRANS_AMOUNT_VS_30D_AVG_RATIO (+0.8897), BENFORD_DEV (+0.6144)","TRANS_HOUR × TRANS_AMOUNT_Z_SCORE (+0.2611), VELOCITY_RATIO_AMOUNT_7D_VS_30D × TRANS_AMOUNT_VS_30D_AVG_RATIO (-0.2266), HIST_BIOMETRIC_RATIO × BALANCE_COVERAGE_RATIO (+0.1533)","TRANS_AMOUNT: 20,150,000.00 -> 9,701,757.19 (-10,448,242.81)",Transfer,Outside_bank,2019-11-12,Tue,10,1,20150000.0,687495,17317a94e3fda315,iOS,226.6.xx.xx (HCM),M,2019-04-26,1990-07-09,0,2019-06-03,BRANCH,1,SMS,Working,20150000.0,1,20150000.0,1,20150000.0,1,20150000.0,1,24205000.0,7,24725000.0,10,1329118.49875,1356661.0169491526,59,2.9583333333333335,1,3888.0,LOGIN_FINGER,0.4425287101994994,174.0,0.36760838353631675,-1.1317807288531814,0.0,1,0.7112214308695028,0.0,0.0,0,0.0
1034957,640,1,0.8655432462692261,"Flagged due to: transaction amount is 7.6x higher than historical average, and transaction amount is 5.7x higher than 30-day average transaction size, and transaction amount leading digits deviation from Benford's Law (score: 0.3676).","TRANS_AMOUNT_Z_SCORE (+2.2540), TRANS_AMOUNT_VS_30D_AVG_RATIO (+0.9236), BENFORD_DEV (+0.5939)","HIST_BIOMETRIC_RATIO × BALANCE_COVERAGE_RATIO (+0.1622), TRANS_HOUR × TRANS_AMOUNT_VS_30D_AVG_RATIO (+0.1460), TRANS_HOUR × TRANS_AMOUNT_Z_SCORE (+0.1412)","TRANS_AMOUNT: 10,270,000.00 -> 9,701,767.85 (-568,232.15)",Transfer,Outside_bank,2019-12-21,Sat,8,1,10270000.0,824084,17317a94e3fda315,iOS,122.245.xx.xx (HCM),M,2019-04-26,1990-07-09,0,2019-06-03,BRANCH,1,SMS,Working,10270000.0,1,10270000.0,1,10270000.0,1,10270000.0,1,18078000.0,5,21748000.0,12,1329118.49875,1356661.0169491526,59,2.875,1,4822.0,LOGIN,0.4553191295608881,235.0,0.36760838353631675,-1.1317807288531814,0.0,1,0.7112214308695028,0.0,0.0,0,0.0
1414899,693,1,0.7712538838386536,"Flagged due to: transaction amount covers 43.3x monthly average balance, and unusual behavior in feature 'NEW_DEVICE_FLAG' (value: 1.00), and sudden 7d spending volume spike relative to 30 days (ratio: 100.0%).","BALANCE_COVERAGE_RATIO (+1.7427), NEW_DEVICE_FLAG (+1.6520), VELOCITY_RATIO_AMOUNT_7D_VS_30D (+0.4202)","NEW_DEVICE_FLAG × BALANCE_COVERAGE_RATIO (+0.3745), BALANCE_COVERAGE_RATIO × VELOCITY_RATIO_AMOUNT_7D_VS_30D (+0.2073), TRANS_HOUR × NEW_DEVICE_FLAG (+0.1906)","TRANS_AMOUNT: 5,000,000.00 -> 4,125,957.49 (-874,042.51)",Transfer,Within_bank,2019-12-04,Wed,19,1,5000000.0,833360,18f6d8fc7d5a0078,iOS,244.189.xx.xx (HCM),M,2019-10-08,1991-04-21,0,2019-11-21,BRANCH,1,SMART_OTP,State servant,5000000.0,1,5000000.0,1,5000000.0,1,5000000.0,1,5000000.0,1,5000000.0,1,115526.92499999999,5000000.0,1,13.791666666666666,1,319.0,LOGIN,0.0,2.0,0.0,-1.6728510268086167,1.0,1,0.7112214308695028,0.0,0.0,0,0.0
610434,749,1,0.6771894097328186,"Flagged due to: transaction amount covers 113.1x monthly average balance, and unusual behavior in feature 'NEW_DEVICE_FLAG' (value: 1.00), and sudden 7d spending volume spike relative to 30 days (ratio: 100.0%).","BALANCE_COVERAGE_RATIO (+2.2276), NEW_DEVICE_FLAG (+1.6117), VELOCITY_RATIO_AMOUNT_7D_VS_30D (+0.4096)","NEW_DEVICE_FLAG × BALANCE_COVERAGE_RATIO (+0.4004), TRANS_HOUR × BALANCE_COVERAGE_RATIO (+0.2063), BALANCE_COVERAGE_RATIO × VELOCITY_RATIO_AMOUNT_7D_VS_30D (+0.2034)","TRANS_AMOUNT: 50,000,000.00 -> 40,427,923.20 (-9,572,076.80)",Transfer,Outside_bank,2019-06-29,Sat,12,2,50000000.0,480334,b2a7af4802152b97,iOS,59.232.xx.xx (HN),M,2019-06-26,1990-12-27,0,2019-06-29,BRANCH,0,SMART_OTP,Businessman,50000000.0,1,50000000.0,1,50000000.0,1,50000000.0,1,50000000.0,1,50000000.0,1,441988.5142857143,25475000.0,2,0.5,1,999.0,UNKNOWN,0.0,0.0,0.0,-0.9630653844049181,1.0,1,0.7112214308695028,0.0,0.5761507246376811,0,0.0
1415879,755,1,0.714349627494812,"Flagged due to: unusual combination of high transaction amount and long inactivity period (combined score: 66.56), and long inactivity period (91.8 days since last transaction), and improbable sequential activity transition pattern (score: -2.172).","DAYS_AMOUNT_COMBINED (+2.3348), DAYS_SINCE_LAST_TRANS (+0.7727), ACTIVITY_SEQ_RARITY (+0.7489)","DAYS_SINCE_LAST_TRANS × BALANCE_COVERAGE_RATIO (-0.5673), NEW_DEVICE_FLAG × DAYS_AMOUNT_COMBINED (-0.5226), HOURS_SINCE_SEC_EVENT × DAYS_AMOUNT_COMBINED (+0.2744)","TRANS_AMOUNT: 2,400,000.00 -> 750,741.58 (-1,649,258.42)",Transfer,Outside_bank,2019-11-15,Fri,10,1,2400000.0,299894,9b0827f61aedd66a,iOS,51.234.xx.xx (DN),M,2019-01-29,1964-04-13,0,2019-08-15,BRANCH,0,SMART_OTP,Pensioner,2400000.0,1,2400000.0,1,2400000.0,1,2400000.0,1,2400000.0,1,2400000.0,1,228209.50416666665,2450000.0,2,91.79166666666667,1,0.0,LOGIN,0.0,1.0,0.0,-2.172453964726062,0.0,1,0.7112214308695028,0.0,0.0,0,0.0
1365085,777,1,1.0,"Flagged due to: unusual combination of high transaction amount and long inactivity period (combined score: 65.01), and unusual behavior in feature 'NEW_DEVICE_FLAG' (value: 1.00), and transaction amount covers 46.6x monthly average balance.","DAYS_AMOUNT_COMBINED (+2.5086), NEW_DEVICE_FLAG (+1.7411), BALANCE_COVERAGE_RATIO (+1.3558)","DAYS_SINCE_LAST_TRANS × BALANCE_COVERAGE_RATIO (-0.4470), NEW_DEVICE_FLAG × DAYS_AMOUNT_COMBINED (+0.3240), BALANCE_COVERAGE_RATIO × VELOCITY_RATIO_AMOUNT_7D_VS_30D (+0.1965)","TRANS_AMOUNT: 5,000,000.00 -> 846,219.06 (-4,153,780.94)",Transfer,Outside_bank,2019-08-10,Sat,16,1,5000000.0,532427,a3d35b2fc45d9161,iOS,236.195.xx.xx (CT),F,2019-06-05,1984-05-16,0,2019-06-05,BRANCH,0,SMART_OTP,Working,5000000.0,1,5000000.0,1,5000000.0,1,5000000.0,1,5000000.0,1,5000000.0,1,107206.71666666667,8500000.0,2,66.66666666666667,1,1578.0,LOGIN,0.0,3.0,0.0,-0.9581408352170221,1.0,1,0.7112214308695028,0.0,0.0,0,0.0
1365084,777,1,0.9000958800315857,"Flagged due to: unusual combination of high transaction amount and long inactivity period (combined score: 70.09), and transaction amount covers 111.9x monthly average balance, and long inactivity period (72.7 days since last transaction).","DAYS_AMOUNT_COMBINED (+2.2736), BALANCE_COVERAGE_RATIO (+1.5390), DAYS_SINCE_LAST_TRANS (+0.5981)","DAYS_SINCE_LAST_TRANS × BALANCE_COVERAGE_RATIO (-0.7954), NEW_DEVICE_FLAG × DAYS_AMOUNT_COMBINED (-0.4224), DAYS_AMOUNT_COMBINED × SEC_AMOUNT_COMBINED (+0.1936)","TRANS_AMOUNT: 12,000,000.00 -> 3,828,804.02 (-8,171,195.98)",Transfer,Outside_bank,2019-10-22,Tue,9,1,12000000.0,452974,a3d35b2fc45d9161,iOS,219.200.xx.xx (BD),F,2019-06-05,1984-05-16,0,2019-06-05,BRANCH,0,SMART_OTP,Working,12000000.0,1,12000000.0,1,12000000.0,1,12000000.0,1,12000000.0,1,12000000.0,1,107206.71666666667,8500000.0,2,72.70833333333333,1,3323.0,LOGIN,0.0,13.0,0.0,-0.9581408352170221,0.0,1,0.7112214308695028,0.0,0.0,0,0.0
387483,783,1,0.9993458390235901,"Flagged due to: unusual behavior in feature 'NEW_DEVICE_FLAG' (value: 1.00), and transaction amount is 9.7x higher than historical average, and unusual combination of high transaction amount and long inactivity period (combined score: 59.45).","NEW_DEVICE_FLAG (+1.6741), TRANS_AMOUNT_Z_SCORE (+1.6294), DAYS_AMOUNT_COMBINED (+1.3157)","TRANS_AMOUNT_Z_SCORE × DAYS_AMOUNT_COMBINED (-1.2633), NEW_DEVICE_FLAG × DAYS_AMOUNT_COMBINED (+0.6589), NEW_DEVICE_FLAG × BALANCE_COVERAGE_RATIO (-0.1466)","TRANS_AMOUNT: 20,000,000.00 -> 11,608,982.09 (-8,391,017.91)",Transfer,Outside_bank,2019-05-23,Thu,8,1,20000000.0,794790,fa78dad929392856,iOS,210.205.xx.xx (BD),M,2019-04-20,1989-10-10,0,2019-04-20,BRANCH,0,SMART_OTP,Working,20000000.0,1,20000000.0,1,20000000.0,1,20000000.0,1,20000000.0,1,20000000.0,1,15836873.884444445,2068666.6666666667,30,33.333333333333336,1,788.0,LOGIN,0.0,23.0,0.0,-0.9288869291626345,1.0,1,0.7338612006058197,2.8624315401789974e-05,0.0,0,0.0
1376319,806,1,0.9627900719642639,"Flagged due to: transaction amount covers 49.1x monthly average balance, and unusual behavior in feature 'NEW_DEVICE_FLAG' (value: 1.00), and unusual combination of high transaction amount and long inactivity period (combined score: 53.05).","BALANCE_COVERAGE_RATIO (+2.0448), NEW_DEVICE_FLAG (+1.5565), DAYS_AMOUNT_COMBINED (+0.9604)","NEW_DEVICE_FLAG × BALANCE_COVERAGE_RATIO (+0.3068), BALANCE_COVERAGE_RATIO × DAYS_AMOUNT_COMBINED (+0.2093), TRANS_HOUR × NEW_DEVICE_FLAG (+0.2020)","TRANS_AMOUNT: 6,143,000.00 -> 4,261,327.80 (-1,881,672.20)",Payment,Credit_card_repayment,2019-12-25,Wed,11,1,6143000.0,NaN,ac871e9d9a3af0f5,iOS,108.156.xx.xx (TH),M,2019-01-10,1993-01-15,0,2019-09-26,AUTO-JOB,0,SMART_OTP,Businessman,6143000.0,1,6143000.0,1,6143000.0,1,6143000.0,1,6143000.0,1,8522665.0,2,125165.795,4261332.5,2,28.791666666666668,0,691.0,LOGIN,0.4399998240000704,25.0,0.0,-1.303704609216112,1.0,1,0.7112214308695028,0.0,0.41996,0,1.0
1400856,850,1,1.0,"Flagged due to: unusual combination of high transaction amount and long inactivity period (combined score: 74.48), and transaction amount covers 690.6x monthly average balance, and unusual behavior in feature 'NEW_DEVICE_FLAG' (value: 1.00).","DAYS_AMOUNT_COMBINED (+2.7220), BALANCE_COVERAGE_RATIO (+2.2646), NEW_DEVICE_FLAG (+1.9886)","DAYS_SINCE_LAST_TRANS × BALANCE_COVERAGE_RATIO (-0.8922), ACTIVITY_SEQ_RARITY × BALANCE_COVERAGE_RATIO (-0.3745), NEW_DEVICE_FLAG × DAYS_AMOUNT_COMBINED (+0.3240)","TRANS_AMOUNT: 30,000,000.00 -> 200.27 (-29,999,799.73)",Transfer,Outside_bank,2019-12-13,Fri,15,1,30000000.0,893473,26b97318ac3bcc4f,Android,240.65.xx.xx (HCM),F,2019-09-30,1991-10-20,0,2019-09-30,BRANCH,1,SMART_OTP,State servant,30000000.0,1,30000000.0,1,30000000.0,1,30000000.0,1,30000000.0,1,30000000.0,1,43437.9875,30000000.0,1,74.625,1,0.0,LOGIN,0.0,0.0,0.0,-2.054342783442995,1.0,1,0.7112214308695028,0.0,0.0,0,0.0
1334299,862,1,0.5886122584342957,"Flagged due to: unusual behavior in feature 'NEW_DEVICE_FLAG' (value: 1.00), and unusual combination of high transaction amount and long inactivity period (combined score: 57.08), and sudden 7d spending volume spike relative to 30 days (ratio: 100.0%).","NEW_DEVICE_FLAG (+1.7325), DAYS_AMOUNT_COMBINED (+1.1908), VELOCITY_RATIO_AMOUNT_7D_VS_30D (+0.3341)","DAYS_SINCE_LAST_TRANS × BALANCE_COVERAGE_RATIO (-0.4687), NEW_DEVICE_FLAG × BALANCE_COVERAGE_RATIO (+0.3432), NEW_DEVICE_FLAG × DAYS_AMOUNT_COMBINED (+0.2096)","TRANS_AMOUNT: 1,500,000.00 -> 855,766.30 (-644,233.70)",Transfer,Outside_bank,2019-12-25,Wed,9,1,1500000.0,23318,9c83c50e3b49f3c3,iOS,32.159.xx.xx (DN),F,2019-10-23,1985-02-08,0,2019-11-01,BRANCH,1,SMART_OTP,State servant,1500000.0,1,1500000.0,1,1500000.0,1,1500000.0,1,1500000.0,1,1500000.0,1,144741.45,1500000.0,1,54.375,1,137.0,LOGIN,0.0,2.0,0.0,-1.5341054949347486,1.0,1,0.7112214308695028,0.0,0.0,0,0.0
818221,921,1,1.0,"Flagged due to: transaction amount is 13.6x higher than historical average, and transaction amount covers 19.8x monthly average balance, and transaction amount is 7.3x higher than 30-day average transaction size.","TRANS_AMOUNT_Z_SCORE (+2.5167), BALANCE_COVERAGE_RATIO (+0.9511), TRANS_AMOUNT_VS_30D_AVG_RATIO (+0.9337)","TRANS_HOUR × TRANS_AMOUNT_Z_SCORE (+0.2634), VELOCITY_RATIO_AMOUNT_7D_VS_30D × TRANS_AMOUNT_VS_30D_AVG_RATIO (-0.2167), TRANS_HOUR × TRANS_AMOUNT_VS_30D_AVG_RATIO (+0.1713)","TRANS_AMOUNT: 18,840,000.00 -> 9,891,909.14 (-8,948,090.86)",Transfer,Outside_bank,2019-08-31,Sat,10,1,18840000.0,1212,8c2e1c2dcd92e770,Android,190.233.xx.xx (HN),M,2019-03-29,2000-02-26,0,2019-04-25,BRANCH,1,SMART_OTP,Commercial associate,18840000.0,1,18840000.0,1,18840000.0,1,18840000.0,1,18840000.0,1,20655000.0,8,953659.868888889,1383250.0,32,8.541666666666666,1,999.0,LOGIN_FINGER,0.3333331111112593,15.0,0.0,-1.2757411228936448,0.0,1,0.7112214308695028,0.0,0.0,0,0.0
818237,921,1,1.0,"Flagged due to: unusual behavior in feature 'TRANS_HOUR' (value: 3.00), and unusual behavior in feature 'HIST_BIOMETRIC_RATIO' (value: 0.40), and sudden 24h spending volume spike relative to 7 days (ratio: 100.0%).","TRANS_HOUR (+4.2822), HIST_BIOMETRIC_RATIO (+0.5607), VELOCITY_RATIO_AMOUNT_24H_VS_7D (+0.5438)","TRANS_HOUR × VELOCITY_RATIO_AMOUNT_24H_VS_7D (+0.6329), TRANS_HOUR × HIST_BIOMETRIC_RATIO (+0.4585), TRANS_HOUR × DAYS_AMOUNT_COMBINED (+0.2834)",,Transfer,Within_bank,2019-12-25,Wed,3,1,500000.0,918528,8c2e1c2dcd92e770,Android,214.150.xx.xx (HN),M,2019-03-29,2000-02-26,0,2019-04-25,BRANCH,1,SMART_OTP,Commercial associate,500000.0,1,500000.0,1,500000.0,1,500000.0,1,500000.0,1,1800000.0,4,953659.868888889,1383250.0,32,8.458333333333334,1,999.0,LOGIN,0.39999990000002494,40.0,0.0,-1.2757411228936448,0.0,1,0.7112214308695028,0.0,0.0,0,0.0
818247,921,1,0.70641028881073,"Flagged due to: transaction amount is 13.6x higher than historical average, and transaction amount covers 19.8x monthly average balance, and unusual behavior in feature 'HIST_BIOMETRIC_RATIO' (value: 0.40).","TRANS_AMOUNT_Z_SCORE (+2.5203), BALANCE_COVERAGE_RATIO (+1.0234), HIST_BIOMETRIC_RATIO (+0.4916)","TRANS_HOUR × TRANS_AMOUNT_Z_SCORE (+0.2334), HIST_BIOMETRIC_RATIO × BALANCE_COVERAGE_RATIO (+0.2008), BALANCE_COVERAGE_RATIO × TRANS_AMOUNT_VS_30D_AVG_RATIO (+0.1612)","TRANS_AMOUNT: 18,840,000.00 -> 18,535,617.26 (-304,382.74)",Transfer,Outside_bank,2019-12-27,Fri,13,1,18840000.0,338235,8c2e1c2dcd92e770,Android,233.101.xx.xx (HN),M,2019-03-29,2000-02-26,0,2019-04-25,BRANCH,1,SMART_OTP,Commercial associate,18840000.0,1,18840000.0,1,18840000.0,1,18840000.0,1,19340000.0,2,19890000.0,4,953659.868888889,1383250.0,32,2.4166666666666665,1,999.0,LOGIN_FINGER,0.3953487452677336,43.0,0.0,-1.2757411228936448,0.0,1,0.7112214308695028,0.0,0.0,0,0.0
639393,993,1,1.0,"Flagged due to: transaction amount is 23.0x higher than historical average, and transaction amount covers 57.6x monthly average balance, and transaction amount is 8.0x higher than 30-day average transaction size.","TRANS_AMOUNT_Z_SCORE (+2.5920), BALANCE_COVERAGE_RATIO (+2.0615), TRANS_AMOUNT_VS_30D_AVG_RATIO (+0.9139)","TRANS_HOUR × TRANS_AMOUNT_Z_SCORE (+0.2372), VELOCITY_RATIO_AMOUNT_7D_VS_30D × TRANS_AMOUNT_VS_30D_AVG_RATIO (-0.2167), BALANCE_COVERAGE_RATIO × VELOCITY_RATIO_AMOUNT_7D_VS_30D (+0.2094)","TRANS_AMOUNT: 40,000,000.00 -> 12,417,221.07 (-27,582,778.93)",Payment,Credit_card_repayment,2019-09-10,Tue,14,1,40000000.0,NaN,f8568e1ffe14b89f,Android,251.71.xx.xx (HCM),M,2019-03-15,1994-12-03,0,2019-06-10,BRANCH,0,SMART_OTP,Working,40100000.0,2,40100000.0,2,40100000.0,2,40100000.0,2,40100000.0,2,45226747.0,9,693916.224,1736383.142857143,42,0.0,0,311.0,LOGIN,0.4609928751068883,141.0,0.0,-1.2768835070351365,0.0,2,0.7112214308695028,0.0,0.5595636363636364,1,0.0
639394,993,1,0.6586418747901917,"Flagged due to: unusual behavior in feature 'TRANS_HOUR' (value: 2.00), and unusual behavior in feature 'HIST_BIOMETRIC_RATIO' (value: 0.44), and sudden 7d spending volume spike relative to 30 days (ratio: 89.1%).","TRANS_HOUR (+4.0501), HIST_BIOMETRIC_RATIO (+0.6193), VELOCITY_RATIO_AMOUNT_7D_VS_30D (+0.2684)","TRANS_HOUR × HIST_BIOMETRIC_RATIO (+0.5288), TRANS_HOUR × VELOCITY_RATIO_AMOUNT_24H_VS_7D (-0.2081), TRANS_HOUR × VELOCITY_RATIO_AMOUNT_7D_VS_30D (+0.1819)",,Transfer,Outside_bank,2019-09-17,Tue,2,1,1000000.0,949025,f8568e1ffe14b89f,Android,76.138.xx.xx (HCM),M,2019-03-15,1994-12-03,0,2019-06-10,BRANCH,0,SMART_OTP,Working,1000000.0,1,1000000.0,1,1000000.0,1,1600000.0,2,41700000.0,4,46826747.0,11,693916.224,1736383.142857143,42,1.1666666666666667,1,467.0,LOGIN,0.439189159514246,148.0,0.0,-1.2768835070351365,0.0,1,0.7112214308695028,0.0,0.5595636363636364,0,0.0
639408,993,1,0.7613025903701782,"Flagged due to: unusual behavior in feature 'TRANS_HOUR' (value: 3.00), and sudden 24h spending volume spike relative to 7 days (ratio: 100.0%), and unusual behavior in feature 'HIST_BIOMETRIC_RATIO' (value: 0.35).","TRANS_HOUR (+4.0947), VELOCITY_RATIO_AMOUNT_24H_VS_7D (+0.5462), HIST_BIOMETRIC_RATIO (+0.4861)","TRANS_HOUR × VELOCITY_RATIO_AMOUNT_24H_VS_7D (+0.6287), TRANS_HOUR × HIST_BIOMETRIC_RATIO (+0.4292), TRANS_HOUR × BALANCE_COVERAGE_RATIO (+0.1709)",,Transfer,Outside_bank,2019-12-15,Sun,3,1,1000000.0,14539,f8568e1ffe14b89f,Android,131.107.xx.xx (HCM),M,2019-03-15,1994-12-03,0,2019-06-10,BRANCH,0,SMART_OTP,Working,1000000.0,1,1000000.0,1,2400000.0,3,2400000.0,3,2400000.0,3,7177620.0,6,693916.224,1736383.142857143,42,0.3333333333333333,2,367.0,LOGIN_FACEID,0.34782607183364905,230.0,0.0,-1.2768835070351365,0.0,1,0.7112214308695028,0.0,0.5595636363636364,0,0.0
118039,1033,1,0.6729547381401062,"Flagged due to: transaction amount is 8.7x higher than historical average, and unusual behavior in feature 'HIST_BIOMETRIC_RATIO' (value: 0.48), and transaction amount is 5.0x higher than 30-day average transaction size.","TRANS_AMOUNT_Z_SCORE (+2.3884), HIST_BIOMETRIC_RATIO (+0.5350), TRANS_AMOUNT_VS_30D_AVG_RATIO (+0.4925)","TRANS_HOUR × TRANS_AMOUNT_Z_SCORE (+0.2560), HIST_BIOMETRIC_RATIO × BALANCE_COVERAGE_RATIO (+0.1516), VELOCITY_RATIO_AMOUNT_7D_VS_30D × TRANS_AMOUNT_VS_30D_AVG_RATIO (+0.1510)","TRANS_AMOUNT: 10,000,000.00 -> 8,216,266.63 (-1,783,733.37)",Transfer,Outside_bank,2019-07-25,Thu,9,1,10000000.0,186257,25c4b19ed712561b,Web,178.33.xx.xx (HN),F,2019-02-20,1981-02-07,0,2019-02-20,BRANCH,1,SMART_OTP,Working,10550000.0,2,10550000.0,2,10550000.0,2,10550000.0,2,10550000.0,2,14050000.0,7,608001.1390909092,1148933.4347826086,69,14.875,1,2390.0,LOGIN_FINGER,0.48106058783861416,264.0,0.12603061643221852,-1.1316603329547126,0.0,1,0.7435586080264245,1.908287693452665e-05,0.0,0,0.0
980145,1055,1,1.0,"Flagged due to: transaction amount is 8.3x higher than historical average, and unusual behavior in feature 'NEW_DEVICE_FLAG' (value: 1.00), and transaction amount covers 8.5x monthly average balance.","TRANS_AMOUNT_Z_SCORE (+2.2904), NEW_DEVICE_FLAG (+1.7989), BALANCE_COVERAGE_RATIO (+0.4846)","NEW_DEVICE_FLAG × BALANCE_COVERAGE_RATIO (+0.4407), BENFORD_DEV × NEW_DEVICE_FLAG (+0.1845), TRANS_HOUR × TRANS_AMOUNT_Z_SCORE (+0.1565)","TRANS_AMOUNT: 2,000,000.00 -> 1,065,288.54 (-934,711.46)",Topup,eWallet,2019-08-16,Fri,13,1,2000000.0,NaN,63645fe409673016,iOS,194.103.xx.xx (HN),M,2019-07-26,1994-08-18,0,2019-07-26,BRANCH,1,SMART_OTP,Unemployed,2000000.0,1,2000000.0,1,2000000.0,1,2000000.0,1,2000000.0,1,2000000.0,1,234295.43000000002,241206.76691729322,266,21.541666666666668,0,257.0,LOGIN,0.0,21.0,0.12533806997742247,-1.1207954554043411,1.0,1,0.7112214308695028,0.0,0.0,0,0.0
206846,1101,1,1.0,"Flagged due to: transaction amount is 7.5x higher than historical average, and transaction amount is 12.2x higher than 30-day average transaction size, and unusual behavior in feature 'HIST_BIOMETRIC_RATIO' (value: 0.49).","TRANS_AMOUNT_Z_SCORE (+2.3320), TRANS_AMOUNT_VS_30D_AVG_RATIO (+1.2803), HIST_BIOMETRIC_RATIO (+0.5501)","TRANS_HOUR × TRANS_AMOUNT_Z_SCORE (+0.2034), VELOCITY_RATIO_AMOUNT_24H_VS_7D × SEC_AMOUNT_COMBINED (+0.1979), TRANS_HOUR × TRANS_AMOUNT_VS_30D_AVG_RATIO (+0.1851)","TRANS_AMOUNT: 99,000,000.00 -> 72,481,252.67 (-26,518,747.33)",Transfer,Within_bank,2019-09-03,Tue,10,1,99000000.0,595713,3a458bf525f86822,Android,111.33.xx.xx (DN),F,2019-03-05,1990-06-19,0,2019-03-12,BRANCH,1,SMART_OTP,Working,99000000.0,1,99000000.0,1,99000000.0,1,106650000.0,2,108150000.0,3,154595000.0,19,7364031.087777778,13236356.585798817,169,1.7083333333333333,1,4106.0,LOGIN,0.4911504207455566,226.0,0.03316413390985802,-1.2861392070344557,0.0,1,0.8027156246347257,4.770719233631662e-05,0.0,0,0.0
206936,1101,1,1.0,"Flagged due to: transaction amount is 10.2x higher than historical average, and transaction amount is 12.6x higher than 30-day average transaction size, and unusual combination of high transaction amount shortly after a security credential update (combined score: 161.02).","TRANS_AMOUNT_Z_SCORE (+2.7394), TRANS_AMOUNT_VS_30D_AVG_RATIO (+1.4871), SEC_AMOUNT_COMBINED (+0.6158)","HOURS_SINCE_SEC_EVENT × TRANS_AMOUNT_VS_30D_AVG_RATIO (+0.2670), TRANS_HOUR × TRANS_AMOUNT_Z_SCORE (+0.2334), VELOCITY_RATIO_AMOUNT_7D_VS_30D × TRANS_AMOUNT_VS_30D_AVG_RATIO (+0.2160)","TRANS_AMOUNT: 135,340,000.00 -> 63,728,709.87 (-71,611,290.13)",Transfer,Within_bank,2019-10-28,Mon,15,2,135340000.0,85511,3a458bf525f86822,Android,28.61.xx.xx (DN),F,2019-03-05,1990-06-19,0,2019-03-12,BRANCH,1,SMART_OTP,Working,135340000.0,1,135340000.0,1,135340000.0,1,135340000.0,1,143340000.0,2,203640000.0,19,7364031.087777778,13236356.585798817,169,3.0833333333333335,1,5431.0,LOGIN_FINGER,0.47435895915516163,312.0,0.03316413390985802,-1.2861392070344557,0.0,1,0.8027156246347257,4.770719233631662e-05,0.0,0,0.0
206992,1101,1,0.8429238200187683,"Flagged due to: transaction amount is 9.9x higher than historical average, and transaction amount is 5.1x higher than 30-day average transaction size, and transaction amount covers 17.8x monthly average balance.","TRANS_AMOUNT_Z_SCORE (+2.7821), TRANS_AMOUNT_VS_30D_AVG_RATIO (+0.6535), BALANCE_COVERAGE_RATIO (+0.5414)","TRANS_HOUR × TRANS_AMOUNT_Z_SCORE (+0.2434), HOURS_SINCE_SEC_EVENT × TRANS_AMOUNT_VS_30D_AVG_RATIO (+0.2255), VELOCITY_RATIO_AMOUNT_7D_VS_30D × TRANS_AMOUNT_VS_30D_AVG_RATIO (+0.2160)","TRANS_AMOUNT: 131,000,000.00 -> 109,785,035.13 (-21,214,964.87)",Transfer,Within_bank,2019-11-11,Mon,14,1,131000000.0,421650,3a458bf525f86822,Android,45.219.xx.xx (DN),F,2019-03-05,1990-06-19,0,2019-03-12,BRANCH,1,SMART_OTP,Working,131700000.0,2,131700000.0,2,131700000.0,2,131700000.0,2,185668000.0,6,484668000.0,19,7364031.087777778,13236356.585798817,169,0.0,2,5766.0,LOGIN,0.47546010811472067,326.0,0.03316413390985802,-1.2861392070344557,0.0,2,0.8027156246347257,4.770719233631662e-05,0.0,0,0.0
206900,1101,1,0.7465179562568665,"Flagged due to: transaction amount is 8.9x higher than historical average, and recent security credential modification (6511.0 hours ago), and transaction amount is 4.9x higher than 30-day average transaction size.","TRANS_AMOUNT_Z_SCORE (+2.5716), HOURS_SINCE_SEC_EVENT (+0.5732), TRANS_AMOUNT_VS_30D_AVG_RATIO (+0.5582)","HOURS_SINCE_SEC_EVENT × TRANS_AMOUNT_VS_30D_AVG_RATIO (+0.2255), TRANS_HOUR × TRANS_AMOUNT_Z_SCORE (+0.2113), VELOCITY_RATIO_AMOUNT_24H_VS_7D × SEC_AMOUNT_COMBINED (-0.1884)","TRANS_AMOUNT: 118,200,000.00 -> 104,635,884.48 (-13,564,115.52)",Transfer,Within_bank,2019-12-12,Thu,15,2,118200000.0,849837,3a458bf525f86822,Android,225.213.xx.xx (DN),F,2019-03-05,1990-06-19,0,2019-03-12,BRANCH,1,SMART_OTP,Working,118200000.0,1,118200000.0,1,118700000.0,3,118700000.0,3,205800000.0,5,825182392.0,34,7364031.087777778,13236356.585798817,169,0.8333333333333334,2,6511.0,LOGIN_FINGER,0.47715734829549883,394.0,0.03316413390985802,-1.2861392070344557,0.0,1,0.8027156246347257,4.770719233631662e-05,0.0,0,0.0
206902,1101,1,0.9809002876281738,"Flagged due to: transaction amount is 7.4x higher than historical average, and recent security credential modification (6870.0 hours ago), and transaction amount is 4.9x higher than 30-day average transaction size.","TRANS_AMOUNT_Z_SCORE (+2.3478), HOURS_SINCE_SEC_EVENT (+0.6220), TRANS_AMOUNT_VS_30D_AVG_RATIO (+0.5432)","HOURS_SINCE_SEC_EVENT × TRANS_AMOUNT_VS_30D_AVG_RATIO (+0.2255), VELOCITY_RATIO_AMOUNT_7D_VS_30D × TRANS_AMOUNT_VS_30D_AVG_RATIO (+0.1815), TRANS_HOUR × TRANS_AMOUNT_Z_SCORE (+0.1790)","TRANS_AMOUNT: 97,300,000.00 -> 85,758,745.86 (-11,541,254.14)",Transfer,Within_bank,2019-12-27,Fri,14,2,97300000.0,326400,3a458bf525f86822,Android,180.16.xx.xx (DN),F,2019-03-05,1990-06-19,0,2019-03-12,BRANCH,1,SMART_OTP,Working,97300000.0,1,97300000.0,1,97350000.0,2,98000000.0,3,104000000.0,4,500437000.0,25,7364031.087777778,13236356.585798817,169,0.875,1,6870.0,LOGIN,0.4778325005459976,406.0,0.03316413390985802,-1.2861392070344557,0.0,1,0.8027156246347257,4.770719233631662e-05,0.0,0,0.0
206876,1101,1,0.7465179562568665,"Flagged due to: transaction amount is 9.2x higher than historical average, and recent security credential modification (6967.0 hours ago), and transaction amount is 4.7x higher than 30-day average transaction size.","TRANS_AMOUNT_Z_SCORE (+2.5636), HOURS_SINCE_SEC_EVENT (+0.5732), TRANS_AMOUNT_VS_30D_AVG_RATIO (+0.5499)","HOURS_SINCE_SEC_EVENT × TRANS_AMOUNT_VS_30D_AVG_RATIO (+0.2255), TRANS_HOUR × TRANS_AMOUNT_Z_SCORE (+0.2172), VELOCITY_RATIO_AMOUNT_24H_VS_7D × SEC_AMOUNT_COMBINED (-0.1884)","TRANS_AMOUNT: 121,150,000.00 -> 108,266,859.53 (-12,883,140.47)",Transfer,Within_bank,2019-12-31,Tue,15,2,121150000.0,734927,3a458bf525f86822,Android,177.109.xx.xx (DN),F,2019-03-05,1990-06-19,0,2019-03-12,BRANCH,1,SMART_OTP,Working,121150000.0,1,121150000.0,1,121150000.0,1,121150000.0,1,219236000.0,5,538696000.0,21,7364031.087777778,13236356.585798817,169,3.7916666666666665,1,6967.0,LOGIN,0.47804876882807884,410.0,0.03316413390985802,-1.2861392070344557,0.0,1,0.8027156246347257,4.770719233631662e-05,0.0,0,0.0
1164886,1121,1,1.0,"Flagged due to: unusual behavior in feature 'NEW_DEVICE_FLAG' (value: 1.00), and unusual combination of high transaction amount and long inactivity period (combined score: 48.83), and transaction amount is 3.3x higher than historical average.","NEW_DEVICE_FLAG (+1.7729), DAYS_AMOUNT_COMBINED (+0.7357), TRANS_AMOUNT_Z_SCORE (+0.5578)","NEW_DEVICE_FLAG × TRANS_AMOUNT_Z_SCORE (+0.4191), NEW_DEVICE_FLAG × BALANCE_COVERAGE_RATIO (+0.4133), HOURS_SINCE_SEC_EVENT × DAYS_AMOUNT_COMBINED (+0.2580)","TRANS_AMOUNT: 5,000,000.00 -> 3,459,758.76 (-1,540,241.24)",Transfer,Within_bank,2019-08-08,Thu,17,1,5000000.0,634931,939d96a2d977e85b,Android,222.17.xx.xx (HP),M,2019-07-16,1994-12-14,0,2019-07-17,BRANCH,1,SMART_OTP,Working,5000000.0,1,5000000.0,1,5000000.0,1,5000000.0,1,5000000.0,1,5000000.0,1,760925.486,1532105.2631578948,19,22.708333333333332,1,51.0,LOGIN_FINGER,0.33333314814825105,18.0,0.0,-1.3229935092058962,1.0,1,0.7112214308695028,0.0,0.0,0,0.0
596302,1129,1,0.6538242101669312,"Flagged due to: transaction amount is 9.8x higher than historical average, and transaction amount is 7.4x higher than 30-day average transaction size, and unusual combination of high transaction amount shortly after a security credential update (combined score: 151.21).","TRANS_AMOUNT_Z_SCORE (+2.3266), TRANS_AMOUNT_VS_30D_AVG_RATIO (+1.1625), SEC_AMOUNT_COMBINED (+0.3793)","HOURS_SINCE_SEC_EVENT × TRANS_AMOUNT_VS_30D_AVG_RATIO (+0.2313), TRANS_HOUR × TRANS_AMOUNT_Z_SCORE (+0.2206), VELOCITY_RATIO_AMOUNT_7D_VS_30D × TRANS_AMOUNT_VS_30D_AVG_RATIO (+0.2144)","TRANS_AMOUNT: 50,000,000.00 -> 36,606,502.53 (-13,393,497.47)",Transfer,Within_bank,2019-12-21,Sat,10,1,50000000.0,932400,de1c7ff8fecf442a,Android,87.140.xx.xx (HN),M,2019-05-15,1985-09-05,1,2019-05-15,BRANCH,1,SMS,Working,50000000.0,1,50000000.0,1,51000000.0,2,51000000.0,2,52810000.0,4,95130995.0,14,6751559.827500001,5118926.484848484,66,0.625,2,5063.0,LOGIN,0.0,120.0,0.09307547650272915,-1.1271101421002458,0.0,1,0.7112214308695028,0.0,0.0,0,0.0
561746,1149,1,0.5772606134414673,"Flagged due to: transaction amount covers 123.4x monthly average balance, and unusual behavior in feature 'NEW_DEVICE_FLAG' (value: 1.00), and unusual combination of high transaction amount shortly after a security credential update (combined score: 147.36).","BALANCE_COVERAGE_RATIO (+2.0542), NEW_DEVICE_FLAG (+1.9045), SEC_AMOUNT_COMBINED (+0.1652)","NEW_DEVICE_FLAG × BALANCE_COVERAGE_RATIO (+0.4089), NEW_DEVICE_FLAG × TRANS_AMOUNT_Z_SCORE (+0.3944), BALANCE_COVERAGE_RATIO × VELOCITY_RATIO_AMOUNT_7D_VS_30D (-0.2955)","TRANS_AMOUNT: 184,100,000.00 -> 180,270,435.71 (-3,829,564.29)",Payment,Credit_card_repayment,2019-09-03,Tue,14,1,184100000.0,NaN,42a3e8fbfb08d5e2,Web,21.100.xx.xx (DN),M,2019-05-29,1987-06-18,0,2019-05-30,BRANCH,1,SMART_OTP,Businessman,184100000.0,1,184100000.0,1,184100000.0,1,184100000.0,1,451800000.0,6,1514547000.0,27,1492431.96125,70275347.51773049,141,3.875,0,2305.0,LOGIN,0.0,56.0,0.043763912950767064,-0.8376228017000888,1.0,1,0.7112214308695028,0.0,0.0,0,0.0
561841,1149,1,1.0,"Flagged due to: transaction amount covers 189.4x monthly average balance, and unusual behavior in feature 'NEW_DEVICE_FLAG' (value: 1.00), and transaction amount is 4.0x higher than historical average.","BALANCE_COVERAGE_RATIO (+2.0826), NEW_DEVICE_FLAG (+1.9443), TRANS_AMOUNT_Z_SCORE (+0.7492)","NEW_DEVICE_FLAG × TRANS_AMOUNT_Z_SCORE (+0.4820), NEW_DEVICE_FLAG × BALANCE_COVERAGE_RATIO (+0.4103), BALANCE_COVERAGE_RATIO × VELOCITY_RATIO_AMOUNT_7D_VS_30D (-0.3246)","TRANS_AMOUNT: 282,680,000.00 -> 185,862,175.48 (-96,817,824.52)",Payment,Credit_card_repayment,2019-09-03,Tue,22,2,282680000.0,NaN,9fcdd350b353d94f,iOS,51.162.xx.xx (DN),M,2019-05-29,1987-06-18,0,2019-05-30,BRANCH,1,SMART_OTP,Businessman,282680000.0,1,282680000.0,1,466780000.0,2,466780000.0,2,678980000.0,6,1797227000.0,28,1492431.96125,70275347.51773049,141,0.3333333333333333,0,2313.0,LOGIN,0.0,58.0,0.043763912950767064,-0.8376228017000888,1.0,1,0.7112214308695028,0.0,0.0,0,0.0
1019690,1193,1,0.5970413684844971,"Flagged due to: transaction amount is 12.7x higher than historical average, and transaction amount covers 51.3x monthly average balance, and transaction amount is 5.2x higher than 30-day average transaction size.","TRANS_AMOUNT_Z_SCORE (+2.3676), BALANCE_COVERAGE_RATIO (+1.6453), TRANS_AMOUNT_VS_30D_AVG_RATIO (+0.5139)","BALANCE_COVERAGE_RATIO × VELOCITY_RATIO_AMOUNT_7D_VS_30D (-0.3370), TRANS_HOUR × TRANS_AMOUNT_Z_SCORE (+0.2410), TRANS_HOUR × BALANCE_COVERAGE_RATIO (+0.1938)","TRANS_AMOUNT: 420,000,000.00 -> 387,392,978.67 (-32,607,021.33)",Transfer,Outside_bank,2019-10-01,Tue,17,3,420000000.0,940909,f43e2ba5377e0f8c,Android,129.210.xx.xx (HCM),M,2019-08-06,1991-06-15,1,2019-08-06,BRANCH,1,SMART_OTP,State servant,420000000.0,1,420000000.0,1,420000000.0,1,420000000.0,1,432000000.0,4,1124348090.0,14,8188872.114,33164307.317460317,63,5.083333333333333,1,342.0,LOGIN,0.0,41.0,0.11603138968675326,-1.1999667435086945,0.0,1,0.7112214308695028,0.0,0.0,0,0.0
1019720,1193,1,1.0,"Flagged due to: transaction amount is 9.0x higher than historical average, and transaction amount covers 36.6x monthly average balance, and transaction amount is 10.3x higher than 30-day average transaction size.","TRANS_AMOUNT_Z_SCORE (+2.3477), BALANCE_COVERAGE_RATIO (+1.4607), TRANS_AMOUNT_VS_30D_AVG_RATIO (+1.3608)","TRANS_HOUR × TRANS_AMOUNT_Z_SCORE (+0.2166), TRANS_HOUR × TRANS_AMOUNT_VS_30D_AVG_RATIO (+0.1933), BALANCE_COVERAGE_RATIO × TRANS_AMOUNT_VS_30D_AVG_RATIO (+0.1756)","TRANS_AMOUNT: 300,000,000.00 -> 232,586,002.35 (-67,413,997.65)",Transfer,Outside_bank,2019-12-09,Mon,10,1,300000000.0,789020,f43e2ba5377e0f8c,Android,103.6.xx.xx (HCM),M,2019-08-06,1991-06-15,1,2019-08-06,BRANCH,1,SMART_OTP,State servant,300000000.0,1,302800000.0,2,302800000.0,2,302800000.0,2,323480000.0,5,496865000.0,17,8188872.114,33164307.317460317,63,0.08333333333333333,2,1991.0,LOGIN,0.0,103.0,0.11603138968675326,-1.1999667435086945,0.0,2,0.7112214308695028,0.0,0.0,0,0.0
1405606,1212,1,1.0,"Flagged due to: unusual combination of high transaction amount and long inactivity period (combined score: 67.37), and unusual behavior in feature 'NEW_DEVICE_FLAG' (value: 1.00), and long inactivity period (102.9 days since last transaction).","DAYS_AMOUNT_COMBINED (+2.6201), NEW_DEVICE_FLAG (+1.8198), DAYS_SINCE_LAST_TRANS (+1.2526)","NEW_DEVICE_FLAG × DAYS_AMOUNT_COMBINED (+0.4529), DAYS_SINCE_LAST_TRANS × NEW_DEVICE_FLAG (+0.3272), TRANS_HOUR × DAYS_AMOUNT_COMBINED (+0.2371)","TRANS_AMOUNT: 2,000,000.00 -> 18,402.10 (-1,981,597.90)",Transfer,Outside_bank,2019-08-03,Sat,21,1,2000000.0,890971,a35950734e6ced8a,iOS,2.170.xx.xx (DN),M,2019-04-23,1974-07-10,0,2019-04-23,BRANCH,1,SMS,Commercial associate,2000000.0,1,2000000.0,1,2000000.0,1,2000000.0,1,2000000.0,1,2000000.0,1,1088404.4542857143,866666.6666666666,3,102.875,1,1783.0,LOGIN_FINGER,0.4285712244898931,21.0,0.0,-1.1130249627770905,1.0,1,0.7112214308695028,0.0,0.0,0,0.0
1284830,1213,1,0.6540891528129578,"Flagged due to: unusual behavior in feature 'NEW_DEVICE_FLAG' (value: 1.00), and improbable sequential activity transition pattern (score: -2.091), and transaction amount covers 19.3x monthly average balance.","NEW_DEVICE_FLAG (+1.7713), ACTIVITY_SEQ_RARITY (+0.9984), BALANCE_COVERAGE_RATIO (+0.6641)","NEW_DEVICE_FLAG × BALANCE_COVERAGE_RATIO (+0.4166), ACTIVITY_SEQ_RARITY × NEW_DEVICE_FLAG (+0.3046), TRANS_HOUR × NEW_DEVICE_FLAG (+0.1665)","TRANS_AMOUNT: 6,500,000.00 -> 6,379,995.82 (-120,004.18)",Transfer,Outside_bank,2019-11-01,Fri,8,1,6500000.0,976453,7a3d9c13017b5f24,iOS,71.48.xx.xx (HN),F,2019-10-29,1996-11-23,0,2019-10-29,BRANCH,1,SMART_OTP,Working,6500000.0,1,6500000.0,1,6500000.0,1,6500000.0,1,6500000.0,1,6500000.0,1,336622.03500000003,6380000.0,2,3.3333333333333335,1,62.0,LOGIN,0.0,2.0,0.0,-2.0911840877819823,1.0,1,0.7112214308695028,0.0,0.0,0,0.0
1102914,1285,1,0.863106906414032,"Flagged due to: transaction amount is 9.7x higher than historical average, and transaction amount covers 38.8x monthly average balance, and unusual combination of high transaction amount and long inactivity period (combined score: 54.60).","TRANS_AMOUNT_Z_SCORE (+1.9492), BALANCE_COVERAGE_RATIO (+1.6933), DAYS_AMOUNT_COMBINED (+0.5387)","TRANS_AMOUNT_Z_SCORE × DAYS_AMOUNT_COMBINED (-0.6489), BALANCE_COVERAGE_RATIO × DAYS_AMOUNT_COMBINED (+0.2535), BALANCE_COVERAGE_RATIO × VELOCITY_RATIO_AMOUNT_7D_VS_30D (+0.2132)","TRANS_AMOUNT: 21,000,000.00 -> 15,512,618.06 (-5,487,381.94)",Transfer,Within_bank,2019-11-04,Mon,19,1,21000000.0,666409,98c88560cc28fe58,iOS,142.25.xx.xx (DN),M,2019-07-31,1996-09-04,0,2019-09-07,BRANCH,1,SMS,Commercial associate,21000000.0,1,21000000.0,1,21000000.0,1,21000000.0,1,21000000.0,1,21050000.0,2,541539.8525,2169230.769230769,13,24.5,1,742.0,LOGIN,0.0,27.0,0.0,-1.503696587781348,0.0,1,0.7112214308695028,0.0,0.0,0,0.0
1313785,1411,1,0.7715475559234619,"Flagged due to: unusual behavior in feature 'NEW_DEVICE_FLAG' (value: 1.00), and transaction amount is 5.9x higher than historical average, and transaction amount covers 6.3x monthly average balance.","NEW_DEVICE_FLAG (+1.7964), TRANS_AMOUNT_Z_SCORE (+1.2908), BALANCE_COVERAGE_RATIO (+0.5176)","NEW_DEVICE_FLAG × BALANCE_COVERAGE_RATIO (+0.4407), NEW_DEVICE_FLAG × TRANS_AMOUNT_Z_SCORE (+0.3520), TRANS_HOUR × NEW_DEVICE_FLAG (+0.1567)","TRANS_AMOUNT: 2,000,000.00 -> 1,537,940.98 (-462,059.02)",Transfer,Outside_bank,2019-11-12,Tue,13,1,2000000.0,803372,9b45171c7a4bc544,Android,168.82.xx.xx (DN),F,2019-07-26,1997-06-23,0,2019-11-12,BRANCH,1,SMART_OTP,Commercial associate,2000000.0,1,2000000.0,1,2000000.0,1,2000000.0,1,2000000.0,1,2000000.0,1,316571.34500000003,336688.7,20,0.5416666666666666,1,0.0,LOGIN,0.0,0.0,0.0,-1.4643814409635032,1.0,1,0.7112214308695028,0.0,0.0,0,0.0
1398843,1488,1,1.0,"Flagged due to: transaction amount covers 818.2x monthly average balance, and unusual behavior in feature 'NEW_DEVICE_FLAG' (value: 1.00), and sudden 7d spending volume spike relative to 30 days (ratio: 100.0%).","BALANCE_COVERAGE_RATIO (+3.0807), NEW_DEVICE_FLAG (+1.5707), VELOCITY_RATIO_AMOUNT_7D_VS_30D (+0.4385)","NEW_DEVICE_FLAG × BALANCE_COVERAGE_RATIO (+0.3259), BALANCE_COVERAGE_RATIO × VELOCITY_RATIO_AMOUNT_7D_VS_30D (+0.2592), TRANS_HOUR × BALANCE_COVERAGE_RATIO (+0.2063)","TRANS_AMOUNT: 35,000,000.00 -> 3,912,940.03 (-31,087,059.97)",Transfer,Outside_bank,2019-11-29,Fri,17,1,35000000.0,754562,5f43c61950d7df08,Android,71.179.xx.xx (HP),F,2019-11-29,1991-03-27,0,2019-11-29,BRANCH,1,SMART_OTP,Working,35000000.0,1,35000000.0,1,35000000.0,1,35000000.0,1,35000000.0,1,35000000.0,1,42779.245,35000000.0,1,0.7083333333333334,1,0.0,LOGIN,0.0,0.0,0.0,-1.489957913960708,1.0,1,0.7112214308695028,0.0,0.0,0,0.0
122771,1576,1,0.7110825181007385,"Flagged due to: unusual combination of high transaction amount and long inactivity period (combined score: 78.90), and long inactivity period (255.8 days since last transaction), and unusual behavior in feature 'HIST_BIOMETRIC_RATIO' (value: 0.47).","DAYS_AMOUNT_COMBINED (+2.1844), DAYS_SINCE_LAST_TRANS (+1.1348), HIST_BIOMETRIC_RATIO (+0.4780)","NEW_DEVICE_FLAG × DAYS_AMOUNT_COMBINED (-0.5268), TRANS_HOUR × DAYS_AMOUNT_COMBINED (+0.2256), VELOCITY_RATIO_AMOUNT_7D_VS_30D × DAYS_AMOUNT_COMBINED (+0.1846)","TRANS_AMOUNT: 1,500,000.00 -> 62,719.35 (-1,437,280.65)",Topup,eWallet,2019-12-23,Mon,10,2,1500000.0,NaN,a7661459c5c3cdb4,iOS,170.171.xx.xx (HN),M,2019-02-26,1995-08-28,0,2019-02-26,BRANCH,1,SMS,Working,1500000.0,1,1500000.0,1,1500000.0,1,1500000.0,1,1500000.0,1,1500000.0,1,426035.72181818174,1078166.6666666667,6,255.83333333333334,0,7197.0,LOGIN,0.47368408587260896,38.0,0.0,-1.0564511194805355,0.0,1,0.7112214308695028,0.0,0.0,0,0.0
1380182,1649,1,0.853215217590332,"Flagged due to: transaction amount is 8.2x higher than historical average, and transaction amount covers 25.1x monthly average balance, and unusual behavior in feature 'HIST_BIOMETRIC_RATIO' (value: 0.45).","TRANS_AMOUNT_Z_SCORE (+2.1243), BALANCE_COVERAGE_RATIO (+1.1384), HIST_BIOMETRIC_RATIO (+0.4724)","TRANS_AMOUNT_Z_SCORE × DAYS_AMOUNT_COMBINED (-0.3125), HIST_BIOMETRIC_RATIO × BALANCE_COVERAGE_RATIO (+0.2008), BALANCE_COVERAGE_RATIO × TRANS_AMOUNT_VS_30D_AVG_RATIO (+0.1829)","TRANS_AMOUNT: 30,546,141.00 -> 26,591,161.26 (-3,954,979.74)",Payment,Credit_card_repayment,2019-12-05,Thu,15,1,30546141.0,NaN,f24f392b7b3c4a93,Web,250.22.xx.xx (HN),M,2019-01-15,1991-10-25,0,2019-09-13,AUTO-JOB,0,SMART_OTP,Commercial associate,30546141.0,1,30546141.0,1,30546141.0,1,30546141.0,1,30546141.0,1,31595141.0,3,1218257.0591666668,3718414.1,10,14.041666666666666,0,1242.0,LOGIN_FACEID,0.4533332728888969,75.0,0.0,-1.146478698109947,0.0,1,0.7112214308695028,0.0,0.0,0,0.0
799888,1782,1,1.0,"Flagged due to: transaction amount is 11.6x higher than historical average, and unusual behavior in feature 'NEW_DEVICE_FLAG' (value: 1.00), and transaction amount covers 14.8x monthly average balance.","TRANS_AMOUNT_Z_SCORE (+2.4806), NEW_DEVICE_FLAG (+1.7110), BALANCE_COVERAGE_RATIO (+0.5497)","NEW_DEVICE_FLAG × BALANCE_COVERAGE_RATIO (+0.4407), TRANS_HOUR × TRANS_AMOUNT_Z_SCORE (+0.2023), TRANS_HOUR × NEW_DEVICE_FLAG (+0.1557)","TRANS_AMOUNT: 14,000,000.00 -> 6,239,929.20 (-7,760,070.80)",Transfer,Outside_bank,2019-07-04,Thu,21,1,14000000.0,290273,88f9cd660075f580,iOS,91.72.xx.xx (HCM),M,2019-06-27,1996-10-18,0,2019-06-27,BRANCH,1,SMART_OTP,State servant,14000000.0,1,14000000.0,1,14000000.0,1,14000000.0,1,14000000.0,1,14000000.0,1,942878.2016666667,1211898.1818181819,55,7.875,1,999.0,UNKNOWN,0.0,0.0,0.07172641423224274,-1.182784549586363,1.0,1,0.7112214308695028,0.0,0.0,0,0.0
616143,1817,1,0.9434411525726318,"Flagged due to: unusual behavior in feature 'TRANS_HOUR' (value: 3.00), and sudden 7d spending volume spike relative to 30 days (ratio: 100.0%), and sudden 24h spending volume spike relative to 7 days (ratio: 83.3%).","TRANS_HOUR (+3.9871), VELOCITY_RATIO_AMOUNT_7D_VS_30D (+0.3394), VELOCITY_RATIO_AMOUNT_24H_VS_7D (+0.3218)","TRANS_HOUR × VELOCITY_RATIO_AMOUNT_24H_VS_7D (+0.7246), TRANS_HOUR × BALANCE_COVERAGE_RATIO (-0.5476), TRANS_HOUR × TRANS_AMOUNT_Z_SCORE (+0.4185)","TRANS_AMOUNT: 1,000,000.00 -> 636,739.73 (-363,260.27)",Transfer,Within_bank,2019-06-22,Sat,3,1,1000000.0,272258,df1042cc047ef772,Android,55.6.xx.xx (HN),F,2019-06-10,1979-05-04,0,2019-06-10,BRANCH,1,SMART_OTP,State servant,1000000.0,1,1000000.0,1,1000000.0,1,1000000.0,1,1200000.0,2,1200000.0,2,180687.62000000002,587033.6538461539,26,4.125,1,99.0,LOGIN,0.0,7.0,0.0,-1.269462739961817,0.0,1,0.7112214308695028,0.0,0.0,0,0.0
1365530,1850,1,0.6810495257377625,"Flagged due to: unusual behavior in feature 'NEW_DEVICE_FLAG' (value: 1.00), and transaction amount is 4.1x higher than historical average, and unusual combination of high transaction amount and long inactivity period (combined score: 42.79).","NEW_DEVICE_FLAG (+1.6353), TRANS_AMOUNT_Z_SCORE (+0.8484), DAYS_AMOUNT_COMBINED (+0.5211)","NEW_DEVICE_FLAG × TRANS_AMOUNT_Z_SCORE (+0.4709), HOURS_SINCE_SEC_EVENT × DAYS_AMOUNT_COMBINED (+0.2824), TRANS_HOUR × NEW_DEVICE_FLAG (+0.1697)","TRANS_AMOUNT: 4,135,000.00 -> 3,644,830.00 (-490,170.00)",Transfer,Outside_bank,2019-10-08,Tue,14,1,4135000.0,778381,d952f43a74b35244,iOS,214.114.xx.xx (HCM),M,2019-09-23,1993-09-09,0,2019-09-23,BRANCH,0,SMART_OTP,Working,4135000.0,1,4135000.0,1,4135000.0,1,4135000.0,1,4135000.0,1,4135000.0,1,1747398.295,1002619.0476190476,21,15.583333333333334,1,0.0,LOGIN,0.0,0.0,0.0,-1.110090562852792,1.0,1,0.7112214308695028,0.0,0.0,0,0.0
1179525,1936,1,1.0,"Flagged due to: unusual behavior in feature 'TRANS_HOUR' (value: 2.00), and transaction amount is 10.2x higher than historical average, and transaction amount is 11.7x higher than 30-day average transaction size.","TRANS_HOUR (+3.4405), TRANS_AMOUNT_Z_SCORE (+1.7501), TRANS_AMOUNT_VS_30D_AVG_RATIO (+0.7325)","TRANS_HOUR × TRANS_AMOUNT_Z_SCORE (-1.4054), TRANS_HOUR × VELOCITY_RATIO_AMOUNT_24H_VS_7D (+0.6290), TRANS_HOUR × TRANS_AMOUNT_VS_30D_AVG_RATIO (-0.5742)","TRANS_AMOUNT: 50,000,000.00 -> 1,208,448.41 (-48,791,551.59)",Transfer,Outside_bank,2019-11-06,Wed,2,1,50000000.0,266305,a9c604d5c91bd6d1,Android,132.200.xx.xx (CT),M,2019-10-11,1996-03-04,0,2019-10-11,BRANCH,1,SMART_OTP,State servant,50000000.0,1,50000000.0,1,60000000.0,2,60000000.0,2,65087000.0,7,68127000.0,16,52256272.38666666,4890741.379310345,58,0.4583333333333333,2,615.0,LOGIN,0.47058816608997556,68.0,0.23505893845611014,-1.3069872441872068,0.0,1,0.7112214308695028,0.0,0.0,0,0.0
1059241,1985,1,1.0,"Flagged due to: unusual combination of high transaction amount and long inactivity period (combined score: 62.71), and unusual behavior in feature 'NEW_DEVICE_FLAG' (value: 1.00), and long inactivity period (92.6 days since last transaction).","DAYS_AMOUNT_COMBINED (+2.6840), NEW_DEVICE_FLAG (+1.7831), DAYS_SINCE_LAST_TRANS (+1.3240)","NEW_DEVICE_FLAG × DAYS_AMOUNT_COMBINED (+0.4529), DAYS_SINCE_LAST_TRANS × NEW_DEVICE_FLAG (+0.3741), DAYS_SINCE_LAST_TRANS × BALANCE_COVERAGE_RATIO (+0.2532)","TRANS_AMOUNT: 1,000,000.00 -> 5,808.83 (-994,191.17)",Transfer,Outside_bank,2019-10-01,Tue,15,1,1000000.0,379339,689975c75615483f,Android,39.128.xx.xx (BD),F,2019-07-01,2000-08-15,0,2019-07-01,BRANCH,1,SMART_OTP,Working,1000000.0,1,1000000.0,1,1000000.0,1,1000000.0,1,1000000.0,1,1000000.0,1,2746059.034,619764.7058823529,17,92.625,1,999.0,LOGIN,0.49999977272737606,22.0,0.0,-1.107081427224792,1.0,1,0.7112214308695028,0.0,0.0,0,1.0
973499,1997,1,1.0,"Flagged due to: unusual behavior in feature 'NEW_DEVICE_FLAG' (value: 1.00), and transaction amount is 6.5x higher than historical average, and unusual combination of high transaction amount and long inactivity period (combined score: 53.28).","NEW_DEVICE_FLAG (+1.8632), TRANS_AMOUNT_Z_SCORE (+1.2334), DAYS_AMOUNT_COMBINED (+0.8277)","NEW_DEVICE_FLAG × BALANCE_COVERAGE_RATIO (+0.4579), TRANS_AMOUNT_Z_SCORE × DAYS_AMOUNT_COMBINED (-0.3051), NEW_DEVICE_FLAG × DAYS_AMOUNT_COMBINED (+0.2096)","TRANS_AMOUNT: 5,000,000.00 -> 2,636,408.81 (-2,363,591.19)",Transfer,Outside_bank,2019-06-07,Fri,15,1,5000000.0,20903,0ac2d3786f0c307d,iOS,13.11.xx.xx (HCM),M,2019-05-08,1992-09-24,0,2019-05-08,BRANCH,1,SMS,State servant,5000000.0,1,5000000.0,1,5000000.0,1,5000000.0,1,5000000.0,1,5000000.0,1,1084664.1785714286,771720.0,65,30.625,1,78.0,LOGIN,0.0,4.0,0.12999177580889687,-1.1320618740524602,1.0,1,0.7112214308695028,0.0,0.0,0,0.0
698169,2020,1,1.0,"Flagged due to: transaction amount is 15.0x higher than historical average, and transaction amount covers 41.4x monthly average balance, and transaction amount is 10.6x higher than 30-day average transaction size.","TRANS_AMOUNT_Z_SCORE (+2.5770), BALANCE_COVERAGE_RATIO (+1.5586), TRANS_AMOUNT_VS_30D_AVG_RATIO (+1.3902)","TRANS_HOUR × TRANS_AMOUNT_Z_SCORE (+0.2334), TRANS_HOUR × TRANS_AMOUNT_VS_30D_AVG_RATIO (+0.1933), BALANCE_COVERAGE_RATIO × TRANS_AMOUNT_VS_30D_AVG_RATIO (+0.1907)","TRANS_AMOUNT: 49,500,000.00 -> 23,532,959.46 (-25,967,040.54)",Transfer,Outside_bank,2019-09-21,Sat,16,1,49500000.0,677595,29733de3f971d22e,iOS,55.5.xx.xx (HN),M,2019-06-17,1995-10-05,0,2019-06-17,BRANCH,0,SMS,Commercial associate,50000000.0,2,50000000.0,2,50000000.0,2,52000000.0,3,57100000.0,7,103072000.0,22,1194494.1728571428,3290769.789473684,133,1.875,1,1545.0,LOGIN_FACEID,0.496710509976628,304.0,0.10090772052024406,-1.344779470573237,0.0,1,0.7112214308695028,0.0,0.0,0,0.0
698217,2020,1,1.0,"Flagged due to: transaction amount is 11.4x higher than historical average, and transaction amount covers 31.3x monthly average balance, and transaction amount is 8.0x higher than 30-day average transaction size.","TRANS_AMOUNT_Z_SCORE (+2.7716), BALANCE_COVERAGE_RATIO (+1.2889), TRANS_AMOUNT_VS_30D_AVG_RATIO (+1.1460)","TRANS_HOUR × TRANS_AMOUNT_Z_SCORE (+0.2419), BALANCE_COVERAGE_RATIO × TRANS_AMOUNT_VS_30D_AVG_RATIO (+0.1907), TRANS_HOUR × TRANS_AMOUNT_VS_30D_AVG_RATIO (+0.1826)","TRANS_AMOUNT: 37,400,000.00 -> 23,791,845.13 (-13,608,154.87)",Transfer,Outside_bank,2019-11-27,Wed,17,1,37400000.0,883684,29733de3f971d22e,iOS,141.73.xx.xx (HN),M,2019-06-17,1995-10-05,0,2019-06-17,BRANCH,0,SMS,Commercial associate,37400000.0,1,39244000.0,4,39244000.0,4,39294000.0,5,64431000.0,13,144100455.0,31,1194494.1728571428,3290769.789473684,133,0.041666666666666664,3,3154.0,LOGIN,0.49961508468348664,1299.0,0.10090772052024406,-1.344779470573237,0.0,4,0.7112214308695028,0.0,0.0,0,0.0
636734,2021,1,0.8565476536750793,"Flagged due to: transaction amount is 11.8x higher than historical average, and transaction amount is 15.3x higher than 30-day average transaction size, and unusual behavior in feature 'HIST_BIOMETRIC_RATIO' (value: 0.40).","TRANS_AMOUNT_Z_SCORE (+2.5858), TRANS_AMOUNT_VS_30D_AVG_RATIO (+1.0779), HIST_BIOMETRIC_RATIO (+0.5418)","VELOCITY_RATIO_AMOUNT_7D_VS_30D × TRANS_AMOUNT_VS_30D_AVG_RATIO (-0.2361), TRANS_HOUR × TRANS_AMOUNT_Z_SCORE (+0.1921), TRANS_HOUR × TRANS_AMOUNT_VS_30D_AVG_RATIO (+0.1518)","TRANS_AMOUNT: 40,003,000.00 -> 28,060,728.66 (-11,942,271.34)",Transfer,Within_bank,2019-07-13,Sat,7,1,40003000.0,526686,d1d409b90dd0fd50,iOS,35.176.xx.xx (HCM),M,2019-06-03,1993-07-27,1,2019-06-04,BRANCH,1,SMART_OTP,Working,40003000.0,1,40003000.0,1,40003000.0,1,40223000.0,3,40788000.0,6,41960600.0,16,8400146.7,3397966.7976190476,252,1.7916666666666667,1,840.0,LOGIN,0.39999920000160005,5.0,0.059203318089263005,-1.3259916181717284,0.0,1,0.7112214308695028,0.0,0.0,0,0.0
636715,2021,1,0.991251528263092,"Flagged due to: transaction amount is 12.9x higher than historical average, and transaction amount is 15.0x higher than 30-day average transaction size, and unusual behavior in feature 'HIST_BIOMETRIC_RATIO' (value: 0.49).","TRANS_AMOUNT_Z_SCORE (+2.8338), TRANS_AMOUNT_VS_30D_AVG_RATIO (+1.2475), HIST_BIOMETRIC_RATIO (+0.5205)","TRANS_HOUR × TRANS_AMOUNT_Z_SCORE (+0.2704), TRANS_HOUR × TRANS_AMOUNT_VS_30D_AVG_RATIO (+0.1851), VELOCITY_RATIO_AMOUNT_7D_VS_30D × TRANS_AMOUNT_VS_30D_AVG_RATIO (+0.1597)","TRANS_AMOUNT: 44,000,000.00 -> 33,482,643.13 (-10,517,356.87)",Transfer,Outside_bank,2019-10-19,Sat,10,1,44000000.0,41257,d1d409b90dd0fd50,iOS,198.25.xx.xx (HCM),M,2019-06-03,1993-07-27,1,2019-06-04,BRANCH,1,SMART_OTP,Working,44000000.0,1,44000000.0,1,44000000.0,1,71820000.0,3,72820001.0,10,111100001.0,38,8400146.7,3397966.7976190476,252,1.75,1,3195.0,LOGIN,0.4859154758480467,284.0,0.059203318089263005,-1.3259916181717284,0.0,1,0.7112214308695028,0.0,0.0,0,0.0
636749,2021,1,0.9400931000709534,"Flagged due to: transaction amount is 14.7x higher than historical average, and transaction amount is 11.9x higher than 30-day average transaction size, and unusual behavior in feature 'HIST_BIOMETRIC_RATIO' (value: 0.49).","TRANS_AMOUNT_Z_SCORE (+2.8278), TRANS_AMOUNT_VS_30D_AVG_RATIO (+1.2475), HIST_BIOMETRIC_RATIO (+0.4809)","TRANS_HOUR × TRANS_AMOUNT_Z_SCORE (+0.2419), TRANS_HOUR × TRANS_AMOUNT_VS_30D_AVG_RATIO (+0.1851), HIST_BIOMETRIC_RATIO × BALANCE_COVERAGE_RATIO (+0.1607)","TRANS_AMOUNT: 50,000,000.00 -> 34,301,185.61 (-15,698,814.39)",Payment,Credit_card_repayment,2019-10-24,Thu,22,1,50000000.0,NaN,d1d409b90dd0fd50,iOS,68.30.xx.xx (HCM),M,2019-06-03,1993-07-27,1,2019-06-04,BRANCH,1,SMART_OTP,Working,52434000.0,2,52434000.0,2,52434000.0,2,55258000.0,5,106578000.0,10,164270001.0,39,8400146.7,3397966.7976190476,252,0.041666666666666664,0,3327.0,LOGIN,0.4872611309789449,314.0,0.059203318089263005,-1.3259916181717284,0.0,2,0.7112214308695028,0.0,0.0,0,0.0
636636,2021,1,1.0,"Flagged due to: transaction amount is 10.3x higher than historical average, and transaction amount is 13.7x higher than 30-day average transaction size, and unusual combination of high transaction amount shortly after a security credential update (combined score: 144.57).","TRANS_AMOUNT_Z_SCORE (+2.6857), TRANS_AMOUNT_VS_30D_AVG_RATIO (+1.2995), SEC_AMOUNT_COMBINED (+0.5353)","TRANS_HOUR × TRANS_AMOUNT_Z_SCORE (+0.2294), TRANS_HOUR × TRANS_AMOUNT_VS_30D_AVG_RATIO (+0.1851), VELOCITY_RATIO_AMOUNT_7D_VS_30D × TRANS_AMOUNT_VS_30D_AVG_RATIO (+0.1597)","TRANS_AMOUNT: 35,000,000.00 -> 28,183,455.47 (-6,816,544.53)",Transfer,Within_bank,2019-11-26,Tue,17,1,35000000.0,36572,d1d409b90dd0fd50,iOS,155.10.xx.xx (HCM),M,2019-06-03,1993-07-27,1,2019-06-04,BRANCH,1,SMART_OTP,Working,35000000.0,1,38925000.0,2,40519000.0,5,40554000.0,6,46943000.0,20,153694001.0,60,8400146.7,3397966.7976190476,252,0.041666666666666664,5,4114.0,LOGIN_FACEID,0.48632811550140403,512.0,0.059203318089263005,-1.3259916181717284,0.0,2,0.7112214308695028,0.0,0.0,0,0.0
636673,2021,1,1.0,"Flagged due to: transaction amount is 15.2x higher than historical average, and transaction amount is 13.7x higher than 30-day average transaction size, and unusual behavior in feature 'HIST_BIOMETRIC_RATIO' (value: 0.49).","TRANS_AMOUNT_Z_SCORE (+2.8582), TRANS_AMOUNT_VS_30D_AVG_RATIO (+1.2748), HIST_BIOMETRIC_RATIO (+0.5224)","TRANS_HOUR × TRANS_AMOUNT_Z_SCORE (+0.2664), VELOCITY_RATIO_AMOUNT_24H_VS_7D × SEC_AMOUNT_COMBINED (-0.1884), TRANS_HOUR × TRANS_AMOUNT_VS_30D_AVG_RATIO (+0.1851)","TRANS_AMOUNT: 51,500,000.00 -> 31,224,075.32 (-20,275,924.68)",Transfer,Outside_bank,2019-11-29,Fri,10,1,51500000.0,82999,d1d409b90dd0fd50,iOS,187.239.xx.xx (HCM),M,2019-06-03,1993-07-27,1,2019-06-04,BRANCH,1,SMART_OTP,Working,51500000.0,1,69550000.0,3,69640000.0,4,70200127.0,5,116655127.0,21,217744128.0,58,8400146.7,3397966.7976190476,252,0.08333333333333333,4,4179.0,LOGIN,0.48674241502381793,528.0,0.059203318089263005,-1.3259916181717284,0.0,3,0.7112214308695028,0.0,0.0,0,0.0
636774,2021,1,0.7055213451385498,"Flagged due to: transaction amount is 10.6x higher than historical average, and transaction amount is 6.3x higher than 30-day average transaction size, and unusual behavior in feature 'HIST_BIOMETRIC_RATIO' (value: 0.49).","TRANS_AMOUNT_Z_SCORE (+2.7492), TRANS_AMOUNT_VS_30D_AVG_RATIO (+1.0256), HIST_BIOMETRIC_RATIO (+0.4391)","TRANS_HOUR × TRANS_AMOUNT_Z_SCORE (+0.2419), VELOCITY_RATIO_AMOUNT_24H_VS_7D × SEC_AMOUNT_COMBINED (-0.1884), TRANS_HOUR × TRANS_AMOUNT_VS_30D_AVG_RATIO (+0.1627)","TRANS_AMOUNT: 36,032,000.00 -> 33,482,658.75 (-2,549,341.25)",Transfer,Outside_bank,2019-12-27,Fri,14,2,36032000.0,103203,d1d409b90dd0fd50,iOS,106.251.xx.xx (HCM),M,2019-06-03,1993-07-27,1,2019-06-04,BRANCH,1,SMART_OTP,Working,36076000.0,2,36103000.0,3,37453000.0,6,40453000.0,7,108716504.0,17,357009904.0,62,8400146.7,3397966.7976190476,252,0.08333333333333333,4,4855.0,LOGIN,0.489451469909262,711.0,0.059203318089263005,-1.3259916181717284,0.0,2,0.7112214308695028,0.0,0.0,0,0.0
933570,2109,1,0.796529233455658,"Flagged due to: transaction amount is 14.1x higher than historical average, and unusual behavior in feature 'NEW_DEVICE_FLAG' (value: 1.00), and sudden 7d spending volume spike relative to 30 days (ratio: 100.0%).","TRANS_AMOUNT_Z_SCORE (+2.4143), NEW_DEVICE_FLAG (+1.4925), VELOCITY_RATIO_AMOUNT_7D_VS_30D (+0.2640)","TRANS_HOUR × TRANS_AMOUNT_Z_SCORE (+0.2276), TRANS_HOUR × NEW_DEVICE_FLAG (+0.1494), TRANS_AMOUNT_Z_SCORE × VELOCITY_RATIO_AMOUNT_24H_VS_7D (-0.1236)","TRANS_AMOUNT: 5,000,000.00 -> 2,543,787.96 (-2,456,212.04)",Transfer,Outside_bank,2019-08-05,Mon,10,1,5000000.0,465114,5176f5279d04beb6,iOS,9.53.xx.xx (HP),M,2019-07-15,1993-10-20,0,2019-07-25,MYbank,1,SMART_OTP,Working,5000000.0,1,5000000.0,1,5000000.0,1,5000000.0,1,5000000.0,1,5000000.0,1,1883682.5440000002,355714.28571428574,28,11.416666666666666,1,256.0,LOGIN,0.0,3.0,0.0,-1.6337891409265408,1.0,1,0.7112214308695028,0.0,0.0,0,0.0
1394917,2119,1,0.8257433176040649,"Flagged due to: unusual behavior in feature 'NEW_DEVICE_FLAG' (value: 1.00), and transaction amount covers 26.8x monthly average balance, and unusual combination of high transaction amount and long inactivity period (combined score: 43.06).","NEW_DEVICE_FLAG (+1.5697), BALANCE_COVERAGE_RATIO (+1.1527), DAYS_AMOUNT_COMBINED (+0.5146)","NEW_DEVICE_FLAG × BALANCE_COVERAGE_RATIO (+0.3745), HOURS_SINCE_SEC_EVENT × DAYS_AMOUNT_COMBINED (+0.2580), TRANS_HOUR × NEW_DEVICE_FLAG (+0.2171)","TRANS_AMOUNT: 2,020,000.00 -> 1,462,570.50 (-557,429.50)",Transfer,Outside_bank,2019-10-08,Tue,10,1,2020000.0,778434,646f64ea1f22f0b8,iOS,70.2.xx.xx (HN),F,2019-09-20,1991-07-21,0,2019-09-20,BRANCH,1,SMART_OTP,Working,2020000.0,1,2020000.0,1,2020000.0,1,2020000.0,1,2020000.0,1,2020000.0,1,75249.46,1147000.0,4,18.416666666666668,1,54.0,LOGIN,0.15384603550304962,13.0,0.0,-1.2212566051900462,1.0,1,0.7112214308695028,0.0,0.0,0,1.0
1268200,2143,1,1.0,"Flagged due to: transaction amount is 11.9x higher than historical average, and unusual behavior in feature 'NEW_DEVICE_FLAG' (value: 1.00), and transaction amount covers 15.1x monthly average balance.","TRANS_AMOUNT_Z_SCORE (+2.5518), NEW_DEVICE_FLAG (+1.6837), BALANCE_COVERAGE_RATIO (+0.5548)","NEW_DEVICE_FLAG × BALANCE_COVERAGE_RATIO (+0.4407), TRANS_HOUR × TRANS_AMOUNT_Z_SCORE (+0.2116), TRANS_HOUR × NEW_DEVICE_FLAG (+0.1557)","TRANS_AMOUNT: 200,000,000.00 -> 86,417,579.65 (-113,582,420.35)",Transfer,Outside_bank,2019-11-22,Fri,14,1,200000000.0,88983,8b3d45ab015f8381,iOS,52.185.xx.xx (HN),F,2019-11-20,1982-02-01,0,2019-11-20,BRANCH,1,SMART_OTP,Working,200000000.0,1,200000000.0,1,200000000.0,1,200000000.0,1,200000000.0,1,200000000.0,1,13259130.17,16783742.277777776,18,2.5833333333333335,1,52.0,LOGIN,0.0,1.0,0.0,-1.2687499475261257,1.0,1,0.7112214308695028,0.0,0.0,0,0.0
1202303,2169,1,1.0,"Flagged due to: transaction amount is 7.8x higher than historical average, and unusual behavior in feature 'NEW_DEVICE_FLAG' (value: 1.00), and transaction amount covers 9.9x monthly average balance.","TRANS_AMOUNT_Z_SCORE (+2.2476), NEW_DEVICE_FLAG (+1.6888), BALANCE_COVERAGE_RATIO (+0.4889)","NEW_DEVICE_FLAG × BALANCE_COVERAGE_RATIO (+0.4407), TRANS_HOUR × TRANS_AMOUNT_Z_SCORE (+0.1565), TRANS_HOUR × NEW_DEVICE_FLAG (+0.1557)","TRANS_AMOUNT: 7,850,000.00 -> 4,342,505.88 (-3,507,494.12)",Transfer,Outside_bank,2019-11-05,Tue,14,1,7850000.0,350535,0c628c59ab7ae6a9,iOS,224.242.xx.xx (NA),F,2019-10-25,1997-02-20,0,2019-10-25,BRANCH,1,SMART_OTP,Working,7850000.0,1,7850000.0,1,7850000.0,1,7850000.0,1,7850000.0,1,7850000.0,1,795292.7166666667,1012608.695652174,23,11.583333333333334,1,259.0,LOGIN,0.0,6.0,0.0,-1.0727460759524996,1.0,1,0.7112214308695028,0.0,0.0,0,0.0
1032433,2174,1,1.0,"Flagged due to: transaction amount is 59.0x higher than historical average, and transaction amount is 6.8x higher than 30-day average transaction size, and unusual combination of high transaction amount shortly after a security credential update (combined score: 151.88).","TRANS_AMOUNT_Z_SCORE (+2.6115), TRANS_AMOUNT_VS_30D_AVG_RATIO (+0.8852), SEC_AMOUNT_COMBINED (+0.5965)","TRANS_HOUR × TRANS_AMOUNT_Z_SCORE (+0.2486), VELOCITY_RATIO_AMOUNT_7D_VS_30D × TRANS_AMOUNT_VS_30D_AVG_RATIO (-0.2167), VELOCITY_RATIO_AMOUNT_24H_VS_7D × SEC_AMOUNT_COMBINED (+0.1979)","TRANS_AMOUNT: 230,000,000.00 -> 40,307,512.28 (-189,692,487.72)",Transfer,Outside_bank,2019-12-02,Mon,10,1,230000000.0,712611,0b3dda6856c64b6c,iOS,167.107.xx.xx (BD),F,2019-02-13,1996-08-27,0,2019-08-13,BRANCH,0,SMART_OTP,Unemployed,230000000.0,1,230000000.0,1,230000000.0,1,233000000.0,2,233460000.0,3,235454000.0,7,12640694.629999999,3896242.4242424243,66,1.5,1,2665.0,LOGIN_FINGER,0.4772727001549602,176.0,0.1572682921701853,-1.2404960505148033,0.0,1,0.7112214308695028,0.0,0.0,0,0.0
223458,2188,1,0.9768757224082947,"Flagged due to: unusual combination of high transaction amount and long inactivity period (combined score: 72.42), and transaction amount is 6.0x higher than historical average, and long inactivity period (79.6 days since last transaction).","DAYS_AMOUNT_COMBINED (+2.0597), TRANS_AMOUNT_Z_SCORE (+0.7916), DAYS_SINCE_LAST_TRANS (+0.6378)","DAYS_SINCE_LAST_TRANS × BALANCE_COVERAGE_RATIO (-0.5673), NEW_DEVICE_FLAG × DAYS_AMOUNT_COMBINED (-0.5226), TRANS_AMOUNT_Z_SCORE × DAYS_AMOUNT_COMBINED (-0.3248)","TRANS_AMOUNT: 14,600,000.00 -> 6,644,808.96 (-7,955,191.04)",Transfer,Outside_bank,2019-07-24,Wed,13,1,14600000.0,26995,87b28152856531a8,Android,31.114.xx.xx (NA),F,2019-02-19,1995-01-26,0,2019-02-19,BRANCH,0,SMART_OTP,State servant,14600000.0,1,14600000.0,1,14600000.0,1,14600000.0,1,14600000.0,1,14600000.0,1,1841409.1318181818,2426923.076923077,13,79.625,1,3723.0,LOGIN_FACEID,0.4615383431952966,39.0,0.0,-1.532777755151182,0.0,1,0.7112214308695028,0.0,0.0,0,0.0
1380769,2234,1,1.0,"Flagged due to: unusual behavior in feature 'TRANS_HOUR' (value: 1.00), and unusual behavior in feature 'NEW_DEVICE_FLAG' (value: 1.00), and sudden 24h spending volume spike relative to 7 days (ratio: 100.0%).","TRANS_HOUR (+3.4475), NEW_DEVICE_FLAG (+0.7664), VELOCITY_RATIO_AMOUNT_24H_VS_7D (+0.4981)","TRANS_HOUR × NEW_DEVICE_FLAG (-1.0334), TRANS_HOUR × VELOCITY_RATIO_AMOUNT_24H_VS_7D (+0.5943), TRANS_HOUR × HIST_BIOMETRIC_RATIO (-0.2667)",,Transfer,Outside_bank,2019-12-08,Sun,1,1,600000.0,797163,35556b7e179e613e,iOS,50.248.xx.xx (HN),M,2019-11-19,1994-09-22,0,2019-11-19,BRANCH,1,SMART_OTP,Working,600000.0,1,600000.0,1,600000.0,1,600000.0,1,600000.0,1,600000.0,1,275801.81,360000.0,5,19.041666666666668,1,442.0,LOGIN,0.0,8.0,0.0,-1.0209047488848588,1.0,1,0.7112214308695028,0.0,0.0,0,0.0
1054370,2378,1,0.7888363599777222,"Flagged due to: unusual behavior in feature 'NEW_DEVICE_FLAG' (value: 1.00), and transaction amount is 5.9x higher than historical average, and transaction amount covers 7.0x monthly average balance.","NEW_DEVICE_FLAG (+1.7919), TRANS_AMOUNT_Z_SCORE (+1.2245), BALANCE_COVERAGE_RATIO (+0.5156)","NEW_DEVICE_FLAG × BALANCE_COVERAGE_RATIO (+0.4407), NEW_DEVICE_FLAG × TRANS_AMOUNT_Z_SCORE (+0.3591), TRANS_HOUR × NEW_DEVICE_FLAG (+0.1433)","TRANS_AMOUNT: 1,000,000.00 -> 729,033.47 (-270,966.53)",Transfer,Outside_bank,2019-09-12,Thu,8,1,1000000.0,585829,b76e4121fae8d638,iOS,106.173.xx.xx (HCM),M,2019-07-23,1998-04-08,0,2019-09-11,BRANCH,1,SMS,Working,1000000.0,1,1000000.0,1,1000000.0,1,1000000.0,1,1000000.0,1,1000000.0,1,143516.852,170000.0,9,1.3333333333333333,1,22.0,LOGIN,0.0,1.0,0.0,-0.94798036129965,1.0,1,0.7112214308695028,0.0,0.0,0,0.0
718960,2496,1,0.7661833167076111,"Flagged due to: unusual behavior in feature 'NEW_DEVICE_FLAG' (value: 1.00), and transaction amount is 5.8x higher than historical average, and transaction amount leading digits deviation from Benford's Law (score: 0.3239).","NEW_DEVICE_FLAG (+1.8663), TRANS_AMOUNT_Z_SCORE (+1.1404), BENFORD_DEV (+1.0183)","BENFORD_DEV × NEW_DEVICE_FLAG (+0.5433), NEW_DEVICE_FLAG × TRANS_AMOUNT_Z_SCORE (+0.3108), TRANS_HOUR × NEW_DEVICE_FLAG (+0.1630)","TRANS_AMOUNT: 3,380,000.00 -> 2,502,685.22 (-877,314.78)",Transfer,Outside_bank,2019-05-17,Fri,14,2,3380000.0,319164,3857b163980cd989,Android,192.203.xx.xx (CT),M,2019-02-20,1994-04-09,0,2019-02-28,BRANCH,1,SMART_OTP,Commercial associate,3380000.0,1,3380000.0,1,3380000.0,1,3380000.0,1,3390000.0,2,3390000.0,2,1230130.68625,583589.7777777778,54,2.7083333333333335,1,663.0,LOGIN,0.0,11.0,0.3239273257186119,-0.9951733909819377,1.0,1,0.7112214308695028,0.0,0.0,0,0.0
718969,2496,1,0.6103178262710571,"Flagged due to: transaction amount is 10.8x higher than historical average, and transaction amount is 7.8x higher than 30-day average transaction size, and transaction amount leading digits deviation from Benford's Law (score: 0.3239).","TRANS_AMOUNT_Z_SCORE (+2.4339), TRANS_AMOUNT_VS_30D_AVG_RATIO (+0.8631), BENFORD_DEV (+0.6789)","TRANS_HOUR × TRANS_AMOUNT_Z_SCORE (+0.2602), VELOCITY_RATIO_AMOUNT_7D_VS_30D × TRANS_AMOUNT_VS_30D_AVG_RATIO (-0.2266), TRANS_HOUR × TRANS_AMOUNT_VS_30D_AVG_RATIO (+0.1645)","TRANS_AMOUNT: 6,320,000.00 -> 5,750,536.04 (-569,463.96)",Transfer,Within_bank,2019-10-05,Sat,12,5,6320000.0,642447,3857b163980cd989,Android,36.212.xx.xx (CT),M,2019-02-20,1994-04-09,0,2019-02-28,BRANCH,1,SMART_OTP,Commercial associate,6320000.0,1,6320000.0,1,6320000.0,1,6320000.0,1,6370000.0,2,6460000.0,8,1230130.68625,583589.7777777778,54,4.791666666666667,1,4045.0,LOGIN,0.0,53.0,0.3239273257186119,-0.9951733909819377,0.0,1,0.7112214308695028,0.0,0.0,0,0.0
1379009,2537,1,1.0,"Flagged due to: unusual behavior in feature 'TRANS_HOUR' (value: 0.00), and unusual behavior in feature 'NEW_DEVICE_FLAG' (value: 1.00), and sudden 24h spending volume spike relative to 7 days (ratio: 100.0%).","TRANS_HOUR (+3.6692), NEW_DEVICE_FLAG (+0.7251), VELOCITY_RATIO_AMOUNT_24H_VS_7D (+0.5708)","TRANS_HOUR × NEW_DEVICE_FLAG (-0.8443), TRANS_HOUR × VELOCITY_RATIO_AMOUNT_24H_VS_7D (+0.6580), TRANS_HOUR × HIST_BIOMETRIC_RATIO (-0.2622)",,Transfer,Within_bank,2019-10-12,Sat,0,1,750000.0,43147,51ef135f5b91cf5a,Android,98.238.xx.xx (NA),M,2019-09-25,1999-07-11,0,2019-10-11,BRANCH,1,SMART_OTP,Working,750000.0,1,750000.0,1,750000.0,1,750000.0,1,750000.0,1,750000.0,1,1812402.6566666665,882500.0,6,1.0,1,8.0,LOGIN_FINGER,0.0,2.0,0.0,-1.1569025344810797,1.0,1,0.7112214308695028,0.0,0.0,0,0.0
1379010,2537,1,1.0,"Flagged due to: unusual behavior in feature 'TRANS_HOUR' (value: 0.00), and sudden 24h spending volume spike relative to 7 days (ratio: 100.0%), and unusual behavior in feature 'HIST_BIOMETRIC_RATIO' (value: 0.45).","TRANS_HOUR (+3.6276), VELOCITY_RATIO_AMOUNT_24H_VS_7D (+0.5164), HIST_BIOMETRIC_RATIO (+0.5086)","TRANS_HOUR × NEW_DEVICE_FLAG (-1.1986), TRANS_HOUR × VELOCITY_RATIO_AMOUNT_24H_VS_7D (+0.6019), TRANS_HOUR × HIST_BIOMETRIC_RATIO (+0.3913)",,Transfer,Within_bank,2019-11-05,Tue,0,1,1500000.0,120610,fb4b97fd353a6c53,iOS,17.27.xx.xx (BD),M,2019-09-25,1999-07-11,0,2019-10-11,BRANCH,1,SMART_OTP,Working,1500000.0,1,1500000.0,1,1500000.0,1,1500000.0,1,1500000.0,1,2250000.0,2,1812402.6566666665,882500.0,6,24.0,1,584.0,LOGIN,0.45454504132268975,11.0,0.0,-1.1569025344810797,1.0,1,0.7112214308695028,0.0,0.0,0,1.0
1227514,2577,1,0.6792116761207581,"Flagged due to: transaction amount covers 59.4x monthly average balance, and unusual behavior in feature 'NEW_DEVICE_FLAG' (value: 1.00), and sudden 7d spending volume spike relative to 30 days (ratio: 100.0%).","BALANCE_COVERAGE_RATIO (+2.0589), NEW_DEVICE_FLAG (+1.4807), VELOCITY_RATIO_AMOUNT_7D_VS_30D (+0.4314)","NEW_DEVICE_FLAG × BALANCE_COVERAGE_RATIO (+0.3745), TRANS_HOUR × NEW_DEVICE_FLAG (+0.2123), TRANS_HOUR × BALANCE_COVERAGE_RATIO (+0.2091)","TRANS_AMOUNT: 500,000.00 -> 300,763.61 (-199,236.39)",Transfer,Outside_bank,2019-09-04,Wed,19,1,500000.0,697039,66a71598d370fb09,iOS,231.73.xx.xx (DN),M,2019-07-31,2000-02-08,0,2019-09-03,MYbank,0,SMART_OTP,State servant,500000.0,1,500000.0,1,500000.0,1,500000.0,1,500000.0,1,500000.0,1,8421.385,1680588.2352941176,17,1.7916666666666667,1,12.0,LOGIN,0.2727270247936138,11.0,0.0,-1.1201182450943366,1.0,1,0.7112214308695028,0.0,0.0,0,1.0
1227518,2577,1,0.703140914440155,"Flagged due to: transaction amount covers 682.8x monthly average balance, and sudden 7d spending volume spike relative to 30 days (ratio: 100.0%), and transaction amount is 3.4x higher than historical average.","BALANCE_COVERAGE_RATIO (+2.9700), VELOCITY_RATIO_AMOUNT_7D_VS_30D (+0.4268), TRANS_AMOUNT_Z_SCORE (+0.3324)","BALANCE_COVERAGE_RATIO × VELOCITY_RATIO_AMOUNT_7D_VS_30D (+0.2614), TRANS_HOUR × BALANCE_COVERAGE_RATIO (+0.2124), BALANCE_COVERAGE_RATIO × TRANS_AMOUNT_VS_30D_AVG_RATIO (+0.1461)","TRANS_AMOUNT: 5,750,000.00 -> 4,601,382.97 (-1,148,617.03)",Transfer,Outside_bank,2019-09-04,Wed,20,1,5750000.0,96211,66a71598d370fb09,iOS,181.198.xx.xx (DN),M,2019-07-31,2000-02-08,0,2019-09-03,MYbank,0,SMART_OTP,State servant,5750000.0,1,6250000.0,2,6250000.0,2,6250000.0,2,6250000.0,2,6250000.0,2,8421.385,1680588.2352941176,17,0.041666666666666664,2,13.0,LOGIN,0.24999979166684028,12.0,0.0,-1.1201182450943366,0.0,2,0.7112214308695028,0.0,0.0,0,0.0
1227511,2577,1,1.0,"Flagged due to: transaction amount covers 760.0x monthly average balance, and unusual combination of high transaction amount and long inactivity period (combined score: 54.33), and transaction amount is 3.8x higher than historical average.","BALANCE_COVERAGE_RATIO (+3.2096), DAYS_AMOUNT_COMBINED (+0.9409), TRANS_AMOUNT_Z_SCORE (+0.5513)","BALANCE_COVERAGE_RATIO × DAYS_AMOUNT_COMBINED (+0.3427), BALANCE_COVERAGE_RATIO × VELOCITY_RATIO_AMOUNT_7D_VS_30D (+0.2576), TRANS_HOUR × BALANCE_COVERAGE_RATIO (+0.2064)","TRANS_AMOUNT: 6,400,000.00 -> 1,680,584.72 (-4,719,415.28)",Transfer,Within_bank,2019-11-04,Mon,19,1,6400000.0,620320,66a71598d370fb09,iOS,32.157.xx.xx (DN),M,2019-07-31,2000-02-08,0,2019-09-03,MYbank,0,SMART_OTP,State servant,6400000.0,1,6400000.0,1,6400000.0,1,6400000.0,1,6400000.0,1,6400000.0,1,8421.385,1680588.2352941176,17,31.041666666666668,1,1183.0,LOGIN,0.0434782545683689,69.0,0.0,-1.1201182450943366,0.0,1,0.7112214308695028,0.0,0.0,0,0.0
1227508,2577,1,0.5878809094429016,"Flagged due to: unusual behavior in feature 'TRANS_HOUR' (value: 4.00), and transaction amount covers 59.4x monthly average balance, and sudden 7d spending volume spike relative to 30 days (ratio: 87.8%).","TRANS_HOUR (+3.0565), BALANCE_COVERAGE_RATIO (+1.1212), VELOCITY_RATIO_AMOUNT_7D_VS_30D (+0.2517)","TRANS_HOUR × BALANCE_COVERAGE_RATIO (-0.9198), TRANS_HOUR × DAYS_SINCE_LAST_TRANS (+0.3581), TRANS_HOUR × HIST_BIOMETRIC_RATIO (-0.2842)","TRANS_AMOUNT: 500,000.00 -> 398,392.68 (-101,607.32)",Transfer,Within_bank,2019-12-10,Tue,4,1,500000.0,505368,66a71598d370fb09,iOS,172.124.xx.xx (DN),M,2019-07-31,2000-02-08,0,2019-09-03,MYbank,0,SMART_OTP,State servant,500000.0,1,500000.0,1,500000.0,1,500000.0,1,6960000.0,4,7930000.0,6,8421.385,1680588.2352941176,17,4.333333333333333,1,2032.0,LOGIN,0.03614457395848506,83.0,0.0,-1.1201182450943366,0.0,1,0.7112214308695028,0.0,0.0,0,0.0
1158538,2682,1,0.823379397392273,"Flagged due to: unusual behavior in feature 'NEW_DEVICE_FLAG' (value: 1.00), and transaction amount is 5.7x higher than historical average, and transaction amount leading digits deviation from Benford's Law (score: 0.3043).","NEW_DEVICE_FLAG (+1.8550), TRANS_AMOUNT_Z_SCORE (+1.2041), BENFORD_DEV (+0.6805)","BENFORD_DEV × NEW_DEVICE_FLAG (+0.4760), NEW_DEVICE_FLAG × TRANS_AMOUNT_Z_SCORE (+0.3108), TRANS_HOUR × NEW_DEVICE_FLAG (+0.1567)","TRANS_AMOUNT: 39,000,000.00 -> 29,483,685.49 (-9,516,314.51)",Transfer,Outside_bank,2019-09-19,Thu,11,1,39000000.0,819223,1561e09cbb717a19,iOS,165.72.xx.xx (CT),F,2019-09-17,1985-06-16,0,2019-09-17,BRANCH,0,SMART_OTP,Working,39000000.0,1,39000000.0,1,39000000.0,1,39000000.0,1,39000000.0,1,39000000.0,1,8747791.53,6875159.909090909,66,2.4583333333333335,1,44.0,LOGIN,0.0,5.0,0.3042604049831792,-1.13878309689074,1.0,1,0.7112214308695028,0.0,0.0,0,0.0
1414912,2703,1,1.0,"Flagged due to: unusual combination of high transaction amount and long inactivity period (combined score: 63.01), and unusual behavior in feature 'NEW_DEVICE_FLAG' (value: 1.00), and transaction amount covers 34.7x monthly average balance.","DAYS_AMOUNT_COMBINED (+2.5648), NEW_DEVICE_FLAG (+1.7661), BALANCE_COVERAGE_RATIO (+1.3131)","NEW_DEVICE_FLAG × DAYS_AMOUNT_COMBINED (+0.3240), NEW_DEVICE_FLAG × BALANCE_COVERAGE_RATIO (+0.2267), TRANS_HOUR × DAYS_AMOUNT_COMBINED (+0.2014)","TRANS_AMOUNT: 45,000,000.00 -> 9,709,639.55 (-35,290,360.45)",Transfer,Outside_bank,2019-12-05,Thu,17,1,45000000.0,465547,4ccfbe8e4ba2a08f,Android,46.105.xx.xx (HP),M,2019-10-25,1989-09-19,0,2019-11-01,BRANCH,1,SMART_OTP,Unemployed,45000000.0,1,45000000.0,1,45000000.0,1,45000000.0,1,45000000.0,1,45000000.0,1,1297304.1,45000000.0,1,34.708333333333336,1,536.0,LOGIN,0.0,9.0,0.0,-0.8485419917882979,1.0,1,0.7112214308695028,0.0,0.6449047619047619,0,0.0
1381289,2708,1,1.0,"Flagged due to: unusual behavior in feature 'TRANS_HOUR' (value: 3.00), and unusual behavior in feature 'NEW_DEVICE_FLAG' (value: 1.00), and sudden 24h spending volume spike relative to 7 days (ratio: 100.0%).","TRANS_HOUR (+3.5132), NEW_DEVICE_FLAG (+0.7543), VELOCITY_RATIO_AMOUNT_24H_VS_7D (+0.5562)","TRANS_HOUR × NEW_DEVICE_FLAG (-0.7832), TRANS_HOUR × VELOCITY_RATIO_AMOUNT_24H_VS_7D (+0.6393), TRANS_HOUR × HIST_BIOMETRIC_RATIO (-0.2502)",,Transfer,Outside_bank,2019-12-07,Sat,3,1,500000.0,39876,92f493db69004418,Android,61.216.xx.xx (HN),M,2019-11-12,1998-09-01,0,2019-12-07,MYbank,1,SMART_OTP,Working,500000.0,1,500000.0,1,500000.0,1,500000.0,1,500000.0,1,500000.0,1,525980.9,692000.0,10,0.125,1,0.0,LOGIN,0.0,0.0,0.0,-1.1491918611170477,1.0,1,0.7112214308695028,0.0,0.0,0,0.0
1214423,2711,1,0.5735501646995544,"Flagged due to: transaction amount is 8.6x higher than historical average, and transaction amount is 5.9x higher than 30-day average transaction size, and unusual behavior in feature 'HIST_BIOMETRIC_RATIO' (value: 0.48).","TRANS_AMOUNT_Z_SCORE (+2.3881), TRANS_AMOUNT_VS_30D_AVG_RATIO (+0.9819), HIST_BIOMETRIC_RATIO (+0.4579)","TRANS_HOUR × TRANS_AMOUNT_Z_SCORE (+0.2127), TRANS_HOUR × TRANS_AMOUNT_VS_30D_AVG_RATIO (+0.1627), VELOCITY_RATIO_AMOUNT_7D_VS_30D × TRANS_AMOUNT_VS_30D_AVG_RATIO (+0.1597)","TRANS_AMOUNT: 12,000,000.00 -> 11,621,143.34 (-378,856.66)",Transfer,Outside_bank,2019-12-29,Sun,17,1,12000000.0,771320,ace4fa71ea2c2199,Android,236.18.xx.xx (HN),F,2019-10-24,1995-07-27,0,2019-10-24,BRANCH,1,SMART_OTP,Unemployed,12000000.0,1,13000000.0,2,14500000.0,3,14500000.0,3,14680000.0,4,22380000.0,11,1898241.685,1401115.3846153845,26,0.125,3,1582.0,LOGIN_FACEID,0.47692300355030715,65.0,0.0,-1.637432428781681,0.0,2,0.7112214308695028,0.0,0.0,0,0.0
1390321,2726,1,0.8103295564651489,"Flagged due to: transaction amount covers 201.7x monthly average balance, and transaction amount is 4.1x higher than historical average, and unusual combination of high transaction amount shortly after a security credential update (combined score: 152.67).","BALANCE_COVERAGE_RATIO (+2.6266), TRANS_AMOUNT_Z_SCORE (+0.5991), SEC_AMOUNT_COMBINED (+0.5672)","ACTIVITY_SEQ_RARITY × BALANCE_COVERAGE_RATIO (-0.3207), TRANS_HOUR × BALANCE_COVERAGE_RATIO (+0.1872), DAYS_AMOUNT_COMBINED × SEC_AMOUNT_COMBINED (+0.1762)","TRANS_AMOUNT: 50,000,000.00 -> 48,879,098.89 (-1,120,901.11)",Transfer,Outside_bank,2019-10-21,Mon,10,1,50000000.0,999400,f11a690a79751f76,iOS,38.76.xx.xx (HN),F,2019-02-22,1988-01-17,0,2019-03-01,BRANCH,0,SMART_OTP,Commercial associate,50000000.0,1,50000000.0,1,50000000.0,1,50000000.0,1,50000000.0,1,67000000.0,3,247937.652,12070898.115384616,26,10.041666666666666,1,5495.0,LOGIN,0.0,138.0,0.0,-0.8686920959468655,0.0,1,0.7112214308695028,0.0,0.15714683544303798,0,0.0
335411,2746,1,0.5760996341705322,"Flagged due to: transaction amount is 10.7x higher than historical average, and transaction amount is 6.1x higher than 30-day average transaction size, and transaction amount covers 17.2x monthly average balance.","TRANS_AMOUNT_Z_SCORE (+2.5876), TRANS_AMOUNT_VS_30D_AVG_RATIO (+1.0480), BALANCE_COVERAGE_RATIO (+0.3902)","TRANS_HOUR × TRANS_AMOUNT_Z_SCORE (+0.2057), TRANS_HOUR × TRANS_AMOUNT_VS_30D_AVG_RATIO (+0.1939), VELOCITY_RATIO_AMOUNT_7D_VS_30D × TRANS_AMOUNT_VS_30D_AVG_RATIO (+0.1596)","TRANS_AMOUNT: 40,000,000.00 -> 38,355,369.57 (-1,644,630.43)",Transfer,Within_bank,2019-07-11,Thu,8,2,40000000.0,744075,320683e7b134c814,iOS,147.232.xx.xx (HCM),M,2019-03-14,1994-09-14,0,2019-03-19,BRANCH,1,SMART_OTP,Businessman,40000000.0,1,40000000.0,1,81210000.0,4,81210000.0,4,81230000.0,5,131356000.0,20,2326980.4777777777,3754920.4545454546,88,0.5,4,2731.0,LOGIN,0.0,33.0,0.22971848721655996,-1.3284168158127188,0.0,1,0.7112214308695028,0.0,0.0,0,0.0
335449,2746,1,1.0,"Flagged due to: transaction amount is 9.9x higher than historical average, and transaction amount is 5.8x higher than 30-day average transaction size, and unusual combination of high transaction amount shortly after a security credential update (combined score: 149.87).","TRANS_AMOUNT_Z_SCORE (+2.6423), TRANS_AMOUNT_VS_30D_AVG_RATIO (+1.1806), SEC_AMOUNT_COMBINED (+0.6154)","HOURS_SINCE_SEC_EVENT × TRANS_AMOUNT_VS_30D_AVG_RATIO (+0.2670), TRANS_HOUR × TRANS_AMOUNT_Z_SCORE (+0.2494), VELOCITY_RATIO_AMOUNT_7D_VS_30D × TRANS_AMOUNT_VS_30D_AVG_RATIO (+0.2168)","TRANS_AMOUNT: 37,000,000.00 -> 26,852,219.58 (-10,147,780.42)",Transfer,Outside_bank,2019-10-31,Thu,20,2,37000000.0,47455,320683e7b134c814,iOS,98.222.xx.xx (HCM),M,2019-03-14,1994-09-14,0,2019-03-19,BRANCH,1,SMART_OTP,Businessman,37000000.0,1,37000000.0,1,40000000.0,2,40000000.0,2,40250000.0,3,50600000.0,8,2326980.4777777777,3754920.4545454546,88,0.16666666666666666,2,5431.0,LOGIN_FINGER,0.21794869000657818,78.0,0.22971848721655996,-1.3284168158127188,0.0,1,0.7112214308695028,0.0,0.0,0,0.0
1244948,2749,1,1.0,"Flagged due to: unusual combination of high transaction amount and long inactivity period (combined score: 72.54), and unusual behavior in feature 'NEW_DEVICE_FLAG' (value: 1.00), and transaction amount is 3.4x higher than historical average.","DAYS_AMOUNT_COMBINED (+2.5984), NEW_DEVICE_FLAG (+2.0395), TRANS_AMOUNT_Z_SCORE (+0.4791)","DAYS_SINCE_LAST_TRANS × BALANCE_COVERAGE_RATIO (-0.4687), NEW_DEVICE_FLAG × DAYS_AMOUNT_COMBINED (+0.3986), NEW_DEVICE_FLAG × TRANS_AMOUNT_Z_SCORE (+0.3751)","TRANS_AMOUNT: 47,345,000.00 -> 1,219,457.40 (-46,125,542.60)",Transfer,Within_bank,2019-11-09,Sat,15,7,47345000.0,691412,892c39184f86102c,iOS,32.53.xx.xx (HCM),M,2019-09-10,1995-04-10,0,2019-09-11,BRANCH,0,SMART_OTP,Commercial associate,47345000.0,1,47345000.0,1,47345000.0,1,47345000.0,1,47345000.0,1,47345000.0,1,4173760.8725,13997812.5,16,59.625,1,1302.0,LOGIN,0.0,23.0,0.0,-1.1656851067362646,1.0,1,0.7112214308695028,0.0,0.0,0,0.0
