CUSTOMER_NUMBER,ANOMALY_PRED,ANOMALY_SCORE,EXPLANATION,TOP_SHAP_CONTRIBUTORS,TOP_INTERACTIONS,COUNTERFACTUAL,TRANS_LV1,TRANS_LV2,TRANS_DATE,DAY_OF_WEEK,TRANS_HOUR,TRANS_NO,TRANS_AMOUNT,Beneficiary_CUSTOMER_NUMBER,Device_OS,IP_Address_Proxy,CLIENT_SEX,CLIENT_CREATE_DATE,DATE_OF_BIRTH,STAFF,IB_REGISTER_DATE,EB_REGISTER_CHANNEL,SMS,VERIFY_METHOD,Occupation_Group,SUM_AMOUNT_1H,COUNT_1H,SUM_AMOUNT_3H,COUNT_3H,SUM_AMOUNT_24H,COUNT_24H,SUM_AMOUNT_48H,COUNT_48H,SUM_AMOUNT_7D,COUNT_7D,SUM_AMOUNT_30D,COUNT_30D,HIST_AVG_CA_BALANCE,HIST_AVG_TRANS_AMOUNT,HIST_TRANS_COUNT,DAYS_SINCE_LAST_TRANS,UNIQUE_BENEFICIARIES_24H,HOURS_SINCE_SEC_EVENT,LAST_LOGIN_METHOD,HIST_BIOMETRIC_RATIO,HIST_LOGIN_COUNT,BENFORD_DEV,ACTIVITY_SEQ_RARITY
44,1,0.8612324595451355,"Flagged due to: long inactivity period (182.3 days since last transaction), and unusual combination of high transaction amount and long inactivity period (combined score: 88.54), and recent security credential modification (0.0 hours ago).","DAYS_SINCE_LAST_TRANS (+2.3536), DAYS_AMOUNT_COMBINED (+1.4971), HOURS_SINCE_SEC_EVENT (+0.5926)","DAYS_SINCE_LAST_TRANS × BALANCE_COVERAGE_RATIO (-0.5283), DAYS_SINCE_LAST_TRANS × DAYS_AMOUNT_COMBINED (+0.3307), DAYS_SINCE_LAST_TRANS × TRANS_LV2 (+0.2290)",,Transfer,Within_bank,2019-12-12,Thu,20,1,23900000.0,479765,Android,30.213.xx.xx (NA),M,2019-04-04,1990-08-08,0,2019-04-04,BRANCH,1,SMART_OTP,Working,23900000.0,1,23900000.0,1,23900000.0,1,23900000.0,1,23900000.0,1,23900000.0,1,956799.0944444444,8333333.333333333,3,182.33333333333334,1,0.0,LOGIN_FACEID,0.47619036281181837,42.0,0.0,-1.509743283632709
68,1,0.04820330813527107,"Flagged due to: unusual behavior in feature 'TRANS_HOUR' (value: 0.00), and sudden 7d spending volume spike relative to 30 days (ratio: 71.7%), and transaction amount leading digits deviation from Benford's Law (score: 0.0195).","TRANS_HOUR (+3.4203), VELOCITY_RATIO_AMOUNT_7D_VS_30D (+0.2410), BENFORD_DEV (+0.0394)","TRANS_HOUR × VELOCITY_RATIO_AMOUNT_7D_VS_30D (+0.3673), TRANS_HOUR × BALANCE_COVERAGE_RATIO (+0.3601), TRANS_HOUR × TRANS_LV1 (-0.2980)",,Transfer,Outside_bank,2019-11-17,Sun,0,1,1000000.0,116414,Android,89.173.xx.xx (HN),F,2019-02-28,1990-05-20,0,2019-02-28,BRANCH,1,SMART_OTP,Working,5110000.0,2,8396000.0,3,103476000.0,7,118991000.0,11,139809655.0,21,194961273.0,48,2590897.7536363634,2419415.565217391,253,0.041666666666666664,7,1974.0,LOGIN,0.0,226.0,0.019460279710609454,-1.2412287000063138
107,1,0.0520552396774292,"Flagged due to: transaction amount covers 174.3x monthly average balance, and recent security credential modification (0.0 hours ago), and sudden 7d spending volume spike relative to 30 days (ratio: 100.0%).","BALANCE_COVERAGE_RATIO (+1.6072), HOURS_SINCE_SEC_EVENT (+0.4928), VELOCITY_RATIO_AMOUNT_7D_VS_30D (+0.3113)","BALANCE_COVERAGE_RATIO × DAYS_AMOUNT_COMBINED (+0.1859), DAYS_SINCE_LAST_TRANS × BALANCE_COVERAGE_RATIO (+0.1771), SEC_AMOUNT_COMBINED × TRANS_LV1 (+0.1687)","TRANS_AMOUNT: 20,100,000.00 -> 17,338,362.41 (-2,761,637.59)",Transfer,Outside_bank,2019-08-16,Fri,15,1,20100000.0,518858,iOS,115.102.xx.xx (HP),M,2019-08-05,1999-07-24,0,2019-08-06,BRANCH,0,SMART_OTP,Unemployed,20100000.0,1,20100000.0,1,20100000.0,1,20100000.0,1,20100000.0,1,20100000.0,1,115295.11000000002,10113000.0,2,10.625,1,0.0,LOGIN,0.0,1.0,0.0,-1.0859987458586398
135,1,0.2178342640399933,"Flagged due to: unusual combination of high transaction amount and long inactivity period (combined score: 59.79), and long inactivity period (39.8 days since last transaction), and recent security credential modification (1.0 hours ago).","DAYS_AMOUNT_COMBINED (+1.1010), DAYS_SINCE_LAST_TRANS (+0.6609), HOURS_SINCE_SEC_EVENT (+0.6098)","DAYS_SINCE_LAST_TRANS × BALANCE_COVERAGE_RATIO (-0.3870), HOURS_SINCE_SEC_EVENT × TRANS_LV1 (+0.1961), SEC_AMOUNT_COMBINED × TRANS_LV1 (+0.1936)","TRANS_AMOUNT: 10,000,000.00 -> 73,614.12 (-9,926,385.88)",Transfer,Within_bank,2019-12-16,Mon,9,2,10000000.0,832548,Android,101.166.xx.xx (HCM),M,2019-07-24,1986-10-20,0,2019-07-25,BRANCH,1,SMART_OTP,Working,10000000.0,1,10000000.0,1,10000000.0,1,10000000.0,1,10000000.0,1,10000000.0,1,561351.0333333333,10230000.0,10,39.833333333333336,1,1.0,LOGIN,0.4705881430219327,51.0,0.5917514130515289,-1.3626830247620028
143,1,0.049553800374269485,"Flagged due to: transaction amount covers 318.2x monthly average balance, and transaction amount is 5.9x higher than historical average, and recent security credential modification (17.0 hours ago).","BALANCE_COVERAGE_RATIO (+1.5414), TRANS_AMOUNT_Z_SCORE (+0.7120), HOURS_SINCE_SEC_EVENT (+0.4892)","TRANS_AMOUNT_Z_SCORE × TRANS_LV1 (-0.3680), HOURS_SINCE_SEC_EVENT × TRANS_LV1 (+0.1961), HOURS_SINCE_SEC_EVENT × BENFORD_DEV (-0.1845)","TRANS_AMOUNT: 33,000,000.00 -> 21,585,974.69 (-11,414,025.31)",Transfer,Outside_bank,2019-09-11,Wed,12,1,33000000.0,789505,iOS,5.117.xx.xx (HP),F,2019-09-10,1982-12-24,0,2019-09-10,BRANCH,1,SMART_OTP,Working,33000000.0,1,33000000.0,1,33000000.0,1,33000000.0,1,33000000.0,1,33000000.0,1,103723.49,5556666.666666667,6,1.5,1,17.0,LOGIN,0.0,3.0,0.7048483079474323,-1.5102239753915914
317,1,1.0,"Flagged due to: unusual behavior in feature 'TRANS_LV2' (value: 1.00), and unusual combination of high transaction amount and long inactivity period (combined score: 55.63), and unusual behavior in feature 'TRANS_LV1' (value: 0.00).","TRANS_LV2 (+2.7562), DAYS_AMOUNT_COMBINED (+2.1080), TRANS_LV1 (+0.9465)","DAYS_AMOUNT_COMBINED × TRANS_LV2 (+1.9743), DAYS_SINCE_LAST_TRANS × TRANS_LV2 (-0.4549), DAYS_SINCE_LAST_TRANS × BALANCE_COVERAGE_RATIO (-0.4043)",,Payment,Credit_card_repayment,2019-06-26,Wed,11,2,600000.0,NaN,Android,202.161.xx.xx (HN),F,2019-04-22,1982-09-03,0,2019-04-23,BRANCH,0,SMART_OTP,Working,600000.0,1,600000.0,1,600000.0,1,600000.0,1,600000.0,1,600000.0,1,37697.706666666665,2105881.5714285714,7,64.45833333333333,0,1537.0,LOGIN,0.09090900826453795,11.0,1.001997935597524,-1.0845402446682986
317,1,1.0,"Flagged due to: unusual behavior in feature 'TRANS_LV2' (value: 1.00), and transaction amount covers 69.0x monthly average balance, and unusual combination of high transaction amount and long inactivity period (combined score: 50.16).","TRANS_LV2 (+2.9710), BALANCE_COVERAGE_RATIO (+1.4312), DAYS_AMOUNT_COMBINED (+1.3427)","DAYS_AMOUNT_COMBINED × TRANS_LV2 (+1.9389), DAYS_SINCE_LAST_TRANS × BALANCE_COVERAGE_RATIO (-0.2178), BALANCE_COVERAGE_RATIO × TRANS_LV2 (+0.1833)","TRANS_AMOUNT: 2,600,000.00 -> 192,710.88 (-2,407,289.12)",Payment,Credit_card_repayment,2019-07-25,Thu,7,1,2600000.0,NaN,Android,125.42.xx.xx (HN),F,2019-04-22,1982-09-03,0,2019-04-23,BRANCH,0,SMART_OTP,Working,2600000.0,1,2600000.0,1,2600000.0,1,2600000.0,1,2600000.0,1,3200000.0,2,37697.706666666665,2105881.5714285714,7,28.833333333333332,0,2229.0,LOGIN,0.1333332444445037,15.0,1.001997935597524,-1.0845402446682986
317,1,1.0,"Flagged due to: unusual behavior in feature 'TRANS_LV2' (value: 1.00), and unusual combination of high transaction amount and long inactivity period (combined score: 49.56), and transaction amount covers 47.7x monthly average balance.","TRANS_LV2 (+2.9877), DAYS_AMOUNT_COMBINED (+1.4125), BALANCE_COVERAGE_RATIO (+1.1810)","DAYS_AMOUNT_COMBINED × TRANS_LV2 (+1.9389), DAYS_SINCE_LAST_TRANS × BALANCE_COVERAGE_RATIO (-0.2178), BALANCE_COVERAGE_RATIO × DAYS_AMOUNT_COMBINED (+0.1882)",,Payment,Credit_card_repayment,2019-08-24,Sat,12,1,1800000.0,NaN,Android,58.10.xx.xx (HN),F,2019-04-22,1982-09-03,0,2019-04-23,BRANCH,0,SMART_OTP,Working,1800000.0,1,1800000.0,1,1800000.0,1,1800000.0,1,1800000.0,1,1800000.0,1,37697.706666666665,2105881.5714285714,7,30.208333333333332,0,2954.0,LOGIN,0.12499992187504883,16.0,1.001997935597524,-1.0845402446682986
317,1,1.0,"Flagged due to: unusual behavior in feature 'TRANS_LV2' (value: 1.00), and unusual combination of high transaction amount and long inactivity period (combined score: 50.86), and transaction amount covers 53.1x monthly average balance.","TRANS_LV2 (+2.8820), DAYS_AMOUNT_COMBINED (+1.3889), BALANCE_COVERAGE_RATIO (+1.3079)","DAYS_AMOUNT_COMBINED × TRANS_LV2 (+1.9389), DAYS_SINCE_LAST_TRANS × BALANCE_COVERAGE_RATIO (-0.2178), HOURS_SINCE_SEC_EVENT × BALANCE_COVERAGE_RATIO (+0.1898)",,Payment,Credit_card_repayment,2019-09-25,Wed,19,1,2000000.0,NaN,Android,79.143.xx.xx (HN),F,2019-04-22,1982-09-03,0,2019-04-23,BRANCH,0,SMART_OTP,Working,2000000.0,1,2000000.0,1,2000000.0,1,2000000.0,1,2000000.0,1,2000000.0,1,37697.706666666665,2105881.5714285714,7,32.291666666666664,0,3729.0,LOGIN,0.11111104938275035,18.0,1.001997935597524,-1.0845402446682986
317,1,1.0,"Flagged due to: unusual behavior in feature 'TRANS_LV2' (value: 1.00), and transaction amount covers 58.1x monthly average balance, and unusual combination of high transaction amount and long inactivity period (combined score: 49.49).","TRANS_LV2 (+2.9216), BALANCE_COVERAGE_RATIO (+1.4865), DAYS_AMOUNT_COMBINED (+1.4111)","DAYS_AMOUNT_COMBINED × TRANS_LV2 (+1.9380), HOURS_SINCE_SEC_EVENT × BALANCE_COVERAGE_RATIO (+0.2394), BALANCE_COVERAGE_RATIO × TRANS_LV2 (+0.2332)","TRANS_AMOUNT: 2,191,171.00 -> 192,710.86 (-1,998,460.14)",Payment,Credit_card_repayment,2019-10-24,Thu,11,1,2191171.0,NaN,Android,149.180.xx.xx (HN),F,2019-04-22,1982-09-03,0,2019-04-23,BRANCH,0,SMART_OTP,Working,2191171.0,1,2191171.0,1,2191171.0,1,2191171.0,1,2191171.0,1,4191171.0,2,37697.706666666665,2105881.5714285714,7,28.666666666666668,0,4417.0,LOGIN,0.08695648393196351,23.0,1.001997935597524,-1.0845402446682986
317,1,1.0,"Flagged due to: unusual behavior in feature 'TRANS_LV2' (value: 1.00), and transaction amount covers 78.3x monthly average balance, and unusual combination of high transaction amount and long inactivity period (combined score: 51.57).","TRANS_LV2 (+2.8809), BALANCE_COVERAGE_RATIO (+1.4545), DAYS_AMOUNT_COMBINED (+1.2887)","DAYS_AMOUNT_COMBINED × TRANS_LV2 (+1.9389), DAYS_SINCE_LAST_TRANS × BALANCE_COVERAGE_RATIO (-0.2157), HOURS_SINCE_SEC_EVENT × BALANCE_COVERAGE_RATIO (+0.2075)",,Payment,Credit_card_repayment,2019-11-24,Sun,8,1,2950000.0,NaN,Android,95.234.xx.xx (HN),F,2019-04-22,1982-09-03,0,2019-04-23,BRANCH,0,SMART_OTP,Working,2950000.0,1,2950000.0,1,2950000.0,1,2950000.0,1,2950000.0,1,2950000.0,1,37697.706666666665,2105881.5714285714,7,30.875,0,5158.0,LOGIN,0.06451610822061025,31.0,1.001997935597524,-1.0845402446682986
317,1,1.0,"Flagged due to: unusual behavior in feature 'TRANS_LV2' (value: 1.00), and transaction amount covers 69.0x monthly average balance, and unusual combination of high transaction amount and long inactivity period (combined score: 51.36).","TRANS_LV2 (+2.8820), BALANCE_COVERAGE_RATIO (+1.4584), DAYS_AMOUNT_COMBINED (+1.2887)","DAYS_AMOUNT_COMBINED × TRANS_LV2 (+1.9389), DAYS_SINCE_LAST_TRANS × BALANCE_COVERAGE_RATIO (-0.2157), HOURS_SINCE_SEC_EVENT × BALANCE_COVERAGE_RATIO (+0.2075)",,Payment,Credit_card_repayment,2019-12-25,Wed,17,1,2600000.0,NaN,Android,10.104.xx.xx (HP),F,2019-04-22,1982-09-03,0,2019-04-23,BRANCH,0,SMART_OTP,Working,2600000.0,1,2600000.0,1,2600000.0,1,2600000.0,1,2600000.0,1,2600000.0,1,37697.706666666665,2105881.5714285714,7,31.375,0,5911.0,LOGIN,0.05263156509695655,38.0,1.001997935597524,-1.0845402446682986
331,1,0.1161806657910347,"Flagged due to: unusual combination of high transaction amount and long inactivity period (combined score: 60.68), and long inactivity period (40.4 days since last transaction), and recent security credential modification (0.0 hours ago).","DAYS_AMOUNT_COMBINED (+1.0979), DAYS_SINCE_LAST_TRANS (+0.9267), HOURS_SINCE_SEC_EVENT (+0.8250)","HOURS_SINCE_SEC_EVENT × TRANS_LV1 (+0.1961), SEC_AMOUNT_COMBINED × TRANS_LV1 (+0.1936), DAYS_SINCE_LAST_TRANS × HOURS_SINCE_SEC_EVENT (+0.1803)","TRANS_AMOUNT: 12,000,000.00 -> 1,390,571.59 (-10,609,428.41)",Transfer,Outside_bank,2019-03-06,Wed,9,2,12000000.0,63398,iOS,196.198.xx.xx (HCM),M,2019-01-16,1992-01-07,0,2019-01-25,BRANCH,1,SMS,Unemployed,12000000.0,1,12000000.0,1,12000000.0,1,12000000.0,1,12000000.0,1,12000000.0,1,3490298.725,6480000.0,3,40.375,1,0.0,LOGIN,0.0,0.0,0.0,-2.5092054678419475
470,1,0.05843676999211311,"Flagged due to: unusual combination of high transaction amount and long inactivity period (combined score: 74.95), and long inactivity period (67.6 days since last transaction), and transaction amount covers 13.6x monthly average balance.","DAYS_AMOUNT_COMBINED (+1.4224), DAYS_SINCE_LAST_TRANS (+0.9411), BALANCE_COVERAGE_RATIO (+0.4070)","DAYS_SINCE_LAST_TRANS × BALANCE_COVERAGE_RATIO (-0.3757), DAYS_SINCE_LAST_TRANS × DAYS_AMOUNT_COMBINED (+0.1325), BALANCE_COVERAGE_RATIO × DAYS_AMOUNT_COMBINED (+0.1189)","TRANS_AMOUNT: 50,000,000.00 -> 27,069,234.85 (-22,930,765.15)",Transfer,Outside_bank,2019-05-08,Wed,14,1,50000000.0,69129,Android,204.70.xx.xx (HN),M,2019-02-14,1985-08-23,0,2019-03-02,BRANCH,0,SMS,State servant,50000000.0,1,50000000.0,1,50000000.0,1,50000000.0,1,50000000.0,1,50000000.0,1,3666343.766363636,12919000.0,18,67.58333333333333,1,1612.0,LOGIN,0.4891304081994343,184.0,0.4989169656755756,-0.795191579133574
470,1,0.09017425775527954,"Flagged due to: long inactivity period (82.0 days since last transaction), and unusual combination of high transaction amount and long inactivity period (combined score: 68.15), and sudden 7d spending volume spike relative to 30 days (ratio: 100.0%).","DAYS_SINCE_LAST_TRANS (+2.0024), DAYS_AMOUNT_COMBINED (+1.2092), VELOCITY_RATIO_AMOUNT_7D_VS_30D (+0.3370)","DAYS_SINCE_LAST_TRANS × DAYS_AMOUNT_COMBINED (+0.1338), DAYS_SINCE_LAST_TRANS × BALANCE_COVERAGE_RATIO (+0.1334), DAYS_SINCE_LAST_TRANS × TRANS_LV2 (+0.0968)","TRANS_AMOUNT: 5,000,000.00 -> 1,040,320.40 (-3,959,679.60)",Transfer,Outside_bank,2019-10-05,Sat,10,1,5000000.0,379135,Android,127.130.xx.xx (HN),M,2019-02-14,1985-08-23,0,2019-03-02,BRANCH,0,SMS,State servant,5000000.0,1,5000000.0,1,5000000.0,1,5000000.0,1,5000000.0,1,5000000.0,1,3666343.766363636,12919000.0,18,81.95833333333333,1,5208.0,LOGIN_FINGER,0.4830339224943329,501.0,0.4989169656755756,-0.795191579133574
504,1,0.09971074759960175,"Flagged due to: long inactivity period (109.4 days since last transaction), and unusual combination of high transaction amount and long inactivity period (combined score: 66.90), and sudden 7d spending volume spike relative to 30 days (ratio: 100.0%).","DAYS_SINCE_LAST_TRANS (+2.5025), DAYS_AMOUNT_COMBINED (+1.1961), VELOCITY_RATIO_AMOUNT_7D_VS_30D (+0.2582)","DAYS_SINCE_LAST_TRANS × TRANS_LV2 (+0.2134), DAYS_SINCE_LAST_TRANS × BALANCE_COVERAGE_RATIO (+0.1421), DAYS_SINCE_LAST_TRANS × DAYS_AMOUNT_COMBINED (+0.1338)","TRANS_AMOUNT: 1,500,000.00 -> 72,669.98 (-1,427,330.02)",Transfer,Outside_bank,2019-06-17,Mon,10,1,1500000.0,36573,iOS,78.114.xx.xx (DN),M,2019-01-30,1983-05-12,0,2019-02-28,BRANCH,0,SMS,Working,1500000.0,1,1500000.0,1,1500000.0,1,1500000.0,1,1500000.0,1,1500000.0,1,948027.7991666667,1500000.0,1,109.41666666666667,1,2610.0,LOGIN,0.0,4.0,0.0,-0.9526807352979791
615,1,0.12469708174467087,"Flagged due to: long inactivity period (108.8 days since last transaction), and unusual combination of high transaction amount and long inactivity period (combined score: 70.27), and sudden 7d spending volume spike relative to 30 days (ratio: 100.0%).","DAYS_SINCE_LAST_TRANS (+2.6027), DAYS_AMOUNT_COMBINED (+1.4849), VELOCITY_RATIO_AMOUNT_7D_VS_30D (+0.2582)","DAYS_SINCE_LAST_TRANS × DAYS_AMOUNT_COMBINED (+0.3386), DAYS_SINCE_LAST_TRANS × TRANS_LV2 (+0.2290), DAYS_SINCE_LAST_TRANS × BALANCE_COVERAGE_RATIO (+0.1563)","TRANS_AMOUNT: 3,125,000.00 -> 455,275.18 (-2,669,724.82)",Transfer,Outside_bank,2019-10-28,Mon,19,1,3125000.0,85968,Android,135.165.xx.xx (HN),F,2019-07-12,1994-11-24,0,2019-07-12,BRANCH,1,SMART_OTP,Working,3125000.0,1,3125000.0,1,3125000.0,1,3125000.0,1,3125000.0,1,3125000.0,1,1738366.7566666666,1249021.2916666667,24,108.79166666666667,1,999.0,LOGIN,0.0,16.0,0.19221788691458602,-1.215422611949282
617,1,0.049503881484270096,"Flagged due to: transaction amount is 15.5x higher than historical average, and transaction amount covers 13.2x monthly average balance, and sudden 7d spending volume spike relative to 30 days (ratio: 100.0%).","TRANS_AMOUNT_Z_SCORE (+2.0011), BALANCE_COVERAGE_RATIO (+0.6827), VELOCITY_RATIO_AMOUNT_7D_VS_30D (+0.2969)","HOURS_SINCE_SEC_EVENT × BALANCE_COVERAGE_RATIO (+0.2439), TRANS_AMOUNT_Z_SCORE × DAYS_AMOUNT_COMBINED (+0.1353), VELOCITY_RATIO_AMOUNT_7D_VS_30D × TRANS_LV1 (+0.1126)","TRANS_AMOUNT: 10,000,000.00 -> 9,295,492.17 (-704,507.83)",Transfer,Within_bank,2019-11-04,Mon,19,1,10000000.0,792156,iOS,36.98.xx.xx (HCM),M,2019-05-14,1991-11-04,0,2019-06-03,MYbank,1,SMS,Commercial associate,10000000.0,1,10000000.0,1,10190000.0,2,10190000.0,2,10420000.0,3,10420000.0,3,759126.4185714286,645416.6666666666,24,0.9583333333333334,2,3670.0,LOGIN,0.199999960000008,50.0,0.4009387427589749,-1.2187946516613175
640,1,0.06949371844530106,"Flagged due to: transaction amount is 14.9x higher than historical average, and transaction amount covers 15.2x monthly average balance, and transaction amount is 8.1x higher than 30-day average transaction size.","TRANS_AMOUNT_Z_SCORE (+2.0599), BALANCE_COVERAGE_RATIO (+0.7588), TRANS_AMOUNT_VS_30D_AVG_RATIO (+0.3923)","HOURS_SINCE_SEC_EVENT × BALANCE_COVERAGE_RATIO (+0.2439), TRANS_AMOUNT_Z_SCORE × DAYS_AMOUNT_COMBINED (+0.1617), TRANS_AMOUNT_Z_SCORE × TRANS_LV1 (-0.1471)","TRANS_AMOUNT: 20,150,000.00 -> 16,275,023.65 (-3,874,976.35)",Transfer,Outside_bank,2019-11-12,Tue,10,1,20150000.0,687495,iOS,226.6.xx.xx (HCM),M,2019-04-26,1990-07-09,0,2019-06-03,BRANCH,1,SMS,Working,20150000.0,1,20150000.0,1,20150000.0,1,20150000.0,1,24205000.0,7,24725000.0,10,1329118.49875,1356661.0169491526,59,2.9583333333333335,1,3888.0,LOGIN_FINGER,0.4425287101994994,174.0,0.36760838353631675,-1.1317807288531814
755,1,0.5057583451271057,"Flagged due to: long inactivity period (91.8 days since last transaction), and unusual combination of high transaction amount and long inactivity period (combined score: 66.56), and recent security credential modification (0.0 hours ago).","DAYS_SINCE_LAST_TRANS (+1.8229), DAYS_AMOUNT_COMBINED (+1.3362), HOURS_SINCE_SEC_EVENT (+0.7232)","DAYS_SINCE_LAST_TRANS × BALANCE_COVERAGE_RATIO (-0.4180), HOURS_SINCE_SEC_EVENT × TRANS_LV1 (+0.1961), SEC_AMOUNT_COMBINED × TRANS_LV1 (+0.1936)",,Transfer,Outside_bank,2019-11-15,Fri,10,1,2400000.0,299894,iOS,51.234.xx.xx (DN),M,2019-01-29,1964-04-13,0,2019-08-15,BRANCH,0,SMART_OTP,Pensioner,2400000.0,1,2400000.0,1,2400000.0,1,2400000.0,1,2400000.0,1,2400000.0,1,228209.50416666665,2450000.0,2,91.79166666666667,1,0.0,LOGIN,0.0,1.0,0.0,-2.172453964726062
777,1,0.04761292785406113,"Flagged due to: unusual combination of high transaction amount and long inactivity period (combined score: 65.01), and long inactivity period (66.7 days since last transaction), and transaction amount covers 46.6x monthly average balance.","DAYS_AMOUNT_COMBINED (+0.9943), DAYS_SINCE_LAST_TRANS (+0.8944), BALANCE_COVERAGE_RATIO (+0.8673)","DAYS_SINCE_LAST_TRANS × BALANCE_COVERAGE_RATIO (-0.2951), BALANCE_COVERAGE_RATIO × DAYS_AMOUNT_COMBINED (-0.1848), TRANS_AMOUNT_Z_SCORE × BALANCE_COVERAGE_RATIO (-0.1617)","TRANS_AMOUNT: 5,000,000.00 -> 4,854,211.81 (-145,788.19)",Transfer,Outside_bank,2019-08-10,Sat,16,1,5000000.0,532427,iOS,236.195.xx.xx (CT),F,2019-06-05,1984-05-16,0,2019-06-05,BRANCH,0,SMART_OTP,Working,5000000.0,1,5000000.0,1,5000000.0,1,5000000.0,1,5000000.0,1,5000000.0,1,107206.71666666667,8500000.0,2,66.66666666666667,1,1578.0,LOGIN,0.0,3.0,0.0,-0.9581408352170221
777,1,0.20435430109500885,"Flagged due to: long inactivity period (72.7 days since last transaction), and unusual combination of high transaction amount and long inactivity period (combined score: 70.09), and transaction amount covers 111.9x monthly average balance.","DAYS_SINCE_LAST_TRANS (+1.9007), DAYS_AMOUNT_COMBINED (+1.2950), BALANCE_COVERAGE_RATIO (+1.0290)","BALANCE_COVERAGE_RATIO × DAYS_AMOUNT_COMBINED (-0.3831), DAYS_SINCE_LAST_TRANS × DAYS_AMOUNT_COMBINED (+0.3307), DAYS_SINCE_LAST_TRANS × BALANCE_COVERAGE_RATIO (-0.2951)","TRANS_AMOUNT: 12,000,000.00 -> 873,676.30 (-11,126,323.70)",Transfer,Outside_bank,2019-10-22,Tue,9,1,12000000.0,452974,iOS,219.200.xx.xx (BD),F,2019-06-05,1984-05-16,0,2019-06-05,BRANCH,0,SMART_OTP,Working,12000000.0,1,12000000.0,1,12000000.0,1,12000000.0,1,12000000.0,1,12000000.0,1,107206.71666666667,8500000.0,2,72.70833333333333,1,3323.0,LOGIN,0.0,13.0,0.0,-0.9581408352170221
806,1,1.0,"Flagged due to: unusual behavior in feature 'TRANS_LV2' (value: 1.00), and unusual combination of high transaction amount and long inactivity period (combined score: 60.75), and unusual behavior in feature 'TRANS_LV1' (value: 0.00).","TRANS_LV2 (+2.7562), DAYS_AMOUNT_COMBINED (+2.1458), TRANS_LV1 (+0.8273)","DAYS_AMOUNT_COMBINED × TRANS_LV2 (+1.9743), DAYS_SINCE_LAST_TRANS × BALANCE_COVERAGE_RATIO (-0.4584), DAYS_SINCE_LAST_TRANS × TRANS_LV2 (-0.4549)",,Payment,Credit_card_repayment,2019-11-26,Tue,16,1,2379665.0,NaN,iOS,141.125.xx.xx (DN),M,2019-01-10,1993-01-15,0,2019-09-26,AUTO-JOB,0,SMART_OTP,Businessman,2379665.0,1,2379665.0,1,2379665.0,1,2379665.0,1,2379665.0,1,2379665.0,1,125165.795,4261332.5,2,61.666666666666664,0,0.0,LOGIN,0.4499997750001125,20.0,0.0,-1.303704609216112
806,1,1.0,"Flagged due to: unusual behavior in feature 'TRANS_LV2' (value: 1.00), and unusual combination of high transaction amount and long inactivity period (combined score: 53.05), and transaction amount covers 49.1x monthly average balance.","TRANS_LV2 (+2.9720), DAYS_AMOUNT_COMBINED (+2.0043), BALANCE_COVERAGE_RATIO (+1.0097)","DAYS_AMOUNT_COMBINED × TRANS_LV2 (+1.9389), DAYS_SINCE_LAST_TRANS × BALANCE_COVERAGE_RATIO (-0.1997), BALANCE_COVERAGE_RATIO × TRANS_LV2 (+0.1833)","TRANS_AMOUNT: 6,143,000.00 -> 639,850.92 (-5,503,149.08)",Payment,Credit_card_repayment,2019-12-25,Wed,11,1,6143000.0,NaN,iOS,108.156.xx.xx (TH),M,2019-01-10,1993-01-15,0,2019-09-26,AUTO-JOB,0,SMART_OTP,Businessman,6143000.0,1,6143000.0,1,6143000.0,1,6143000.0,1,6143000.0,1,8522665.0,2,125165.795,4261332.5,2,28.791666666666668,0,691.0,LOGIN,0.4399998240000704,25.0,0.0,-1.303704609216112
850,1,0.6244133114814758,"Flagged due to: long inactivity period (74.6 days since last transaction), and unusual combination of high transaction amount and long inactivity period (combined score: 74.48), and transaction amount covers 690.6x monthly average balance.","DAYS_SINCE_LAST_TRANS (+1.9676), DAYS_AMOUNT_COMBINED (+1.3680), BALANCE_COVERAGE_RATIO (+0.9837)","BALANCE_COVERAGE_RATIO × DAYS_AMOUNT_COMBINED (-0.3957), DAYS_SINCE_LAST_TRANS × BALANCE_COVERAGE_RATIO (-0.3483), DAYS_SINCE_LAST_TRANS × DAYS_AMOUNT_COMBINED (+0.3307)","TRANS_AMOUNT: 30,000,000.00 -> 14,905.93 (-29,985,094.07)",Transfer,Outside_bank,2019-12-13,Fri,15,1,30000000.0,893473,Android,240.65.xx.xx (HCM),F,2019-09-30,1991-10-20,0,2019-09-30,BRANCH,1,SMART_OTP,State servant,30000000.0,1,30000000.0,1,30000000.0,1,30000000.0,1,30000000.0,1,30000000.0,1,43437.9875,30000000.0,1,74.625,1,0.0,LOGIN,0.0,0.0,0.0,-2.054342783442995
993,1,1.0,"Flagged due to: transaction amount is 23.0x higher than historical average, and unusual behavior in feature 'TRANS_LV2' (value: 1.00), and transaction amount covers 57.6x monthly average balance.","TRANS_AMOUNT_Z_SCORE (+2.5982), TRANS_LV2 (+1.9838), BALANCE_COVERAGE_RATIO (+1.4396)","DAYS_AMOUNT_COMBINED × TRANS_LV2 (-0.4049), TRANS_AMOUNT_Z_SCORE × TRANS_LV1 (+0.3713), TRANS_AMOUNT_Z_SCORE × DAYS_AMOUNT_COMBINED (+0.3331)","TRANS_AMOUNT: 40,000,000.00 -> 3,694,419.86 (-36,305,580.14)",Payment,Credit_card_repayment,2019-09-10,Tue,14,1,40000000.0,NaN,Android,251.71.xx.xx (HCM),M,2019-03-15,1994-12-03,0,2019-06-10,BRANCH,0,SMART_OTP,Working,40100000.0,2,40100000.0,2,40100000.0,2,40100000.0,2,40100000.0,2,45226747.0,9,693916.224,1736383.142857143,42,0.0,0,311.0,LOGIN,0.4609928751068883,141.0,0.347124829462778,-1.2768835070351365
993,1,0.04736115038394928,"Flagged due to: unusual behavior in feature 'TRANS_LV2' (value: 1.00), and unusual behavior in feature 'TRANS_LV1' (value: 0.00), and transaction amount is 4.8x higher than 30-day average transaction size.","TRANS_LV2 (+1.8869), TRANS_LV1 (+0.9714), TRANS_AMOUNT_VS_30D_AVG_RATIO (+0.5029)","TRANS_AMOUNT_Z_SCORE × TRANS_LV2 (+0.4617), DAYS_AMOUNT_COMBINED × TRANS_LV2 (-0.3547), BALANCE_COVERAGE_RATIO × TRANS_LV2 (-0.3282)","TRANS_AMOUNT: 3,500,000.00 -> 3,136,553.76 (-363,446.24)",Payment,Credit_card_repayment,2019-10-12,Sat,13,1,3500000.0,NaN,Android,239.22.xx.xx (HCM),M,2019-03-15,1994-12-03,0,2019-06-10,BRANCH,0,SMART_OTP,Working,3500000.0,1,3500000.0,1,6411095.0,2,6411095.0,2,6411095.0,2,10291095.0,14,693916.224,1736383.142857143,42,0.625,0,1078.0,LOGIN,0.3611110910493838,180.0,0.347124829462778,-1.2768835070351365
993,1,0.35981571674346924,"Flagged due to: unusual behavior in feature 'TRANS_LV2' (value: 1.00), and unusual combination of high transaction amount and long inactivity period (combined score: 49.94), and unusual behavior in feature 'TRANS_LV1' (value: 0.00).","TRANS_LV2 (+2.8282), DAYS_AMOUNT_COMBINED (+1.0128), TRANS_LV1 (+0.8871)","DAYS_AMOUNT_COMBINED × TRANS_LV2 (+1.6622), BALANCE_COVERAGE_RATIO × TRANS_LV2 (-0.2808), TRANS_AMOUNT_Z_SCORE × TRANS_LV2 (+0.2175)","TRANS_AMOUNT: 3,227,620.00 -> 2,642,319.61 (-585,300.39)",Payment,Credit_card_repayment,2019-11-28,Thu,15,2,3227620.0,NaN,Android,54.137.xx.xx (HCM),M,2019-03-15,1994-12-03,0,2019-06-10,BRANCH,0,SMART_OTP,Working,3227620.0,1,3227620.0,1,3227620.0,1,3227620.0,1,3227620.0,1,3323620.0,2,693916.224,1736383.142857143,42,27.0,0,2208.0,LOGIN,0.3333333162393171,195.0,0.347124829462778,-1.2768835070351365
1026,1,0.08485106378793716,"Flagged due to: unusual behavior in feature 'TRANS_HOUR' (value: 1.00), and sudden 24h spending volume spike relative to 7 days (ratio: 100.0%), and sudden 7d spending volume spike relative to 30 days (ratio: 85.9%).","TRANS_HOUR (+3.5891), VELOCITY_RATIO_AMOUNT_24H_VS_7D (+0.2776), VELOCITY_RATIO_AMOUNT_7D_VS_30D (+0.2178)","TRANS_HOUR × BALANCE_COVERAGE_RATIO (+0.3903), TRANS_HOUR × VELOCITY_RATIO_AMOUNT_7D_VS_30D (+0.3538), TRANS_HOUR × VELOCITY_RATIO_AMOUNT_24H_VS_7D (+0.2830)",,Topup,Mobile,2019-10-11,Fri,1,1,100000.0,NaN,iOS,216.203.xx.xx (HN),F,2019-07-30,1999-03-03,0,2019-07-30,BRANCH,1,SMART_OTP,Working,100000.0,1,100000.0,1,4450000.0,3,4450000.0,3,4450000.0,3,5180000.0,7,185305.12333333332,468181.8181818182,22,0.25,2,1477.0,LOGIN,0.0,22.0,0.19420973557366913,-1.3610567888333036
1033,1,0.04827429726719856,"Flagged due to: transaction amount is 8.7x higher than historical average, and transaction amount covers 16.4x monthly average balance, and transaction amount is 5.0x higher than 30-day average transaction size.","TRANS_AMOUNT_Z_SCORE (+1.7598), BALANCE_COVERAGE_RATIO (+0.6302), TRANS_AMOUNT_VS_30D_AVG_RATIO (+0.3056)","TRANS_AMOUNT_Z_SCORE × DAYS_AMOUNT_COMBINED (-0.2791), BALANCE_COVERAGE_RATIO × DAYS_AMOUNT_COMBINED (+0.1810), TRANS_AMOUNT_Z_SCORE × BALANCE_COVERAGE_RATIO (-0.1009)","TRANS_AMOUNT: 10,000,000.00 -> 9,532,289.51 (-467,710.49)",Transfer,Outside_bank,2019-07-25,Thu,9,1,10000000.0,186257,Web,178.33.xx.xx (HN),F,2019-02-20,1981-02-07,0,2019-02-20,BRANCH,1,SMART_OTP,Working,10550000.0,2,10550000.0,2,10550000.0,2,10550000.0,2,10550000.0,2,14050000.0,7,608001.1390909092,1148933.4347826086,69,14.875,1,2390.0,LOGIN_FINGER,0.48106058783861416,264.0,0.12603061643221852,-1.1316603329547126
1101,1,0.05265487730503082,"Flagged due to: transaction amount is 7.5x higher than historical average, and transaction amount covers 13.4x monthly average balance, and unusual combination of high transaction amount shortly after a security credential update (combined score: 153.18).","TRANS_AMOUNT_Z_SCORE (+1.7740), BALANCE_COVERAGE_RATIO (+0.6380), SEC_AMOUNT_COMBINED (+0.4613)","HOURS_SINCE_SEC_EVENT × BALANCE_COVERAGE_RATIO (+0.2758), TRANS_AMOUNT_Z_SCORE × DAYS_AMOUNT_COMBINED (+0.1644), TRANS_AMOUNT_Z_SCORE × TRANS_LV1 (-0.1586)","TRANS_AMOUNT: 99,000,000.00 -> 94,755,723.95 (-4,244,276.05)",Transfer,Within_bank,2019-09-03,Tue,10,1,99000000.0,595713,Android,111.33.xx.xx (DN),F,2019-03-05,1990-06-19,0,2019-03-12,BRANCH,1,SMART_OTP,Working,99000000.0,1,99000000.0,1,99000000.0,1,106650000.0,2,108150000.0,3,154595000.0,19,7364031.087777778,13236356.585798817,169,1.7083333333333333,1,4106.0,LOGIN,0.4911504207455566,226.0,0.03316413390985802,-1.2861392070344557
1101,1,0.10593253374099731,"Flagged due to: transaction amount is 10.2x higher than historical average, and transaction amount covers 18.4x monthly average balance, and unusual combination of high transaction amount shortly after a security credential update (combined score: 161.02).","TRANS_AMOUNT_Z_SCORE (+1.9497), BALANCE_COVERAGE_RATIO (+0.6398), SEC_AMOUNT_COMBINED (+0.5023)","HOURS_SINCE_SEC_EVENT × BALANCE_COVERAGE_RATIO (+0.2935), TRANS_AMOUNT_Z_SCORE × DAYS_AMOUNT_COMBINED (+0.1644), TRANS_AMOUNT_Z_SCORE × TRANS_LV1 (-0.1586)","TRANS_AMOUNT: 135,340,000.00 -> 94,755,785.88 (-40,584,214.12)",Transfer,Within_bank,2019-10-28,Mon,15,2,135340000.0,85511,Android,28.61.xx.xx (DN),F,2019-03-05,1990-06-19,0,2019-03-12,BRANCH,1,SMART_OTP,Working,135340000.0,1,135340000.0,1,135340000.0,1,135340000.0,1,143340000.0,2,203640000.0,19,7364031.087777778,13236356.585798817,169,3.0833333333333335,1,5431.0,LOGIN_FINGER,0.47435895915516163,312.0,0.03316413390985802,-1.2861392070344557
1129,1,0.06949390470981598,"Flagged due to: transaction amount is 9.8x higher than historical average, and unusual combination of high transaction amount shortly after a security credential update (combined score: 145.54), and transaction amount is 6.1x higher than 30-day average transaction size.","TRANS_AMOUNT_Z_SCORE (+2.0172), SEC_AMOUNT_COMBINED (+0.5289), TRANS_AMOUNT_VS_30D_AVG_RATIO (+0.3771)","TRANS_AMOUNT_Z_SCORE × BALANCE_COVERAGE_RATIO (-0.1663), TRANS_AMOUNT_Z_SCORE × TRANS_LV1 (-0.1586), TRANS_AMOUNT_Z_SCORE × DAYS_AMOUNT_COMBINED (+0.1398)","TRANS_AMOUNT: 50,000,000.00 -> 46,220,064.16 (-3,779,935.84)",Transfer,Outside_bank,2019-10-24,Thu,15,1,50000000.0,560021,Android,186.130.xx.xx (HN),M,2019-05-15,1985-09-05,1,2019-05-15,BRANCH,1,SMS,Working,50000000.0,1,50000000.0,1,50000000.0,1,50000000.0,1,52000000.0,2,66106291.0,8,6751559.827500001,5118926.484848484,66,2.875,1,3676.0,LOGIN,0.0,68.0,0.09307547650272915,-1.1271101421002458
1149,1,0.3734338879585266,"Flagged due to: unusual behavior in feature 'TRANS_LV2' (value: 1.00), and unusual behavior in feature 'TRANS_LV1' (value: 0.00), and transaction amount covers 24.8x monthly average balance.","TRANS_LV2 (+1.8663), TRANS_LV1 (+0.9948), BALANCE_COVERAGE_RATIO (+0.9378)","DAYS_AMOUNT_COMBINED × TRANS_LV2 (-0.2818), BALANCE_COVERAGE_RATIO × TRANS_LV2 (+0.1607), TRANS_AMOUNT_Z_SCORE × TRANS_LV2 (-0.1385)","TRANS_AMOUNT: 37,000,000.00 -> 21,030.43 (-36,978,969.57)",Payment,Credit_card_repayment,2019-06-12,Wed,21,1,37000000.0,NaN,Android,214.153.xx.xx (HN),M,2019-05-29,1987-06-18,0,2019-05-30,BRANCH,1,SMART_OTP,Businessman,37000000.0,1,37000000.0,1,37000000.0,1,37000000.0,1,37000000.0,1,37000000.0,1,1492431.96125,70275347.51773049,141,13.875,0,320.0,LOGIN,0.0,3.0,0.043763912950767064,-0.8376228017000888
1149,1,0.05161943659186363,"Flagged due to: unusual behavior in feature 'TRANS_LV2' (value: 1.00), and unusual behavior in feature 'TRANS_LV1' (value: 0.00), and transaction amount covers 13.4x monthly average balance.","TRANS_LV2 (+1.5571), TRANS_LV1 (+0.9411), BALANCE_COVERAGE_RATIO (+0.6648)","TRANS_AMOUNT_VS_30D_AVG_RATIO × TRANS_LV2 (-0.3936), DAYS_AMOUNT_COMBINED × TRANS_LV2 (-0.1964), BALANCE_COVERAGE_RATIO × TRANS_LV2 (+0.1793)","TRANS_AMOUNT: 20,000,000.00 -> 13,375,072.48 (-6,624,927.52)",Payment,Credit_card_repayment,2019-06-22,Sat,16,1,20000000.0,NaN,Android,47.202.xx.xx (HN),M,2019-05-29,1987-06-18,0,2019-05-30,BRANCH,1,SMART_OTP,Businessman,20000000.0,1,20000000.0,1,20000000.0,1,20000000.0,1,20000000.0,1,57000000.0,2,1492431.96125,70275347.51773049,141,9.791666666666666,0,555.0,LOGIN,0.0,7.0,0.043763912950767064,-0.8376228017000888
1149,1,0.06066488102078438,"Flagged due to: unusual behavior in feature 'TRANS_LV2' (value: 1.00), and unusual behavior in feature 'TRANS_LV1' (value: 0.00), and transaction amount covers 19.8x monthly average balance.","TRANS_LV2 (+1.7445), TRANS_LV1 (+0.9822), BALANCE_COVERAGE_RATIO (+0.7036)","DAYS_AMOUNT_COMBINED × TRANS_LV2 (-0.4041), BALANCE_COVERAGE_RATIO × TRANS_LV2 (+0.2332), TRANS_AMOUNT_Z_SCORE × TRANS_LV2 (-0.1403)","TRANS_AMOUNT: 29,500,000.00 -> 28,385,720.73 (-1,114,279.27)",Payment,Credit_card_repayment,2019-06-22,Sat,19,1,29500000.0,NaN,Android,161.168.xx.xx (HN),M,2019-05-29,1987-06-18,0,2019-05-30,BRANCH,1,SMART_OTP,Businessman,29500000.0,1,49500000.0,2,49500000.0,2,49500000.0,2,49500000.0,2,86500000.0,3,1492431.96125,70275347.51773049,141,0.125,0,558.0,LOGIN,0.0,7.0,0.043763912950767064,-0.8376228017000888
1149,1,0.07054852694272995,"Flagged due to: unusual behavior in feature 'TRANS_LV2' (value: 1.00), and transaction amount covers 56.6x monthly average balance, and unusual behavior in feature 'TRANS_LV1' (value: 0.00).","TRANS_LV2 (+1.7654), BALANCE_COVERAGE_RATIO (+1.1017), TRANS_LV1 (+0.8539)","DAYS_AMOUNT_COMBINED × TRANS_LV2 (-0.4032), TRANS_AMOUNT_Z_SCORE × BALANCE_COVERAGE_RATIO (-0.2710), TRANS_AMOUNT_VS_30D_AVG_RATIO × TRANS_LV2 (+0.2530)","TRANS_AMOUNT: 84,400,000.00 -> 50,218,264.01 (-34,181,735.99)",Payment,Credit_card_repayment,2019-06-24,Mon,15,1,84400000.0,NaN,Android,249.239.xx.xx (HN),M,2019-05-29,1987-06-18,0,2019-05-30,BRANCH,1,SMART_OTP,Businessman,84400000.0,1,105400000.0,2,105400000.0,2,154900000.0,4,154900000.0,4,191900000.0,5,1492431.96125,70275347.51773049,141,0.08333333333333333,0,602.0,LOGIN,0.0,7.0,0.043763912950767064,-0.8376228017000888
1149,1,0.09005001932382584,"Flagged due to: unusual behavior in feature 'TRANS_LV2' (value: 1.00), and transaction amount covers 63.7x monthly average balance, and unusual behavior in feature 'TRANS_LV1' (value: 0.00).","TRANS_LV2 (+1.7009), BALANCE_COVERAGE_RATIO (+1.4284), TRANS_LV1 (+0.8532)","DAYS_AMOUNT_COMBINED × TRANS_LV2 (-0.4032), TRANS_AMOUNT_Z_SCORE × BALANCE_COVERAGE_RATIO (-0.2514), TRANS_AMOUNT_Z_SCORE × TRANS_LV2 (-0.1556)","TRANS_AMOUNT: 95,000,000.00 -> 38,380,117.42 (-56,619,882.58)",Payment,Credit_card_repayment,2019-06-24,Mon,16,3,95000000.0,NaN,Android,205.48.xx.xx (HN),M,2019-05-29,1987-06-18,0,2019-05-30,BRANCH,1,SMART_OTP,Businessman,179400000.0,2,200400000.0,3,200400000.0,3,249900000.0,5,249900000.0,5,286900000.0,6,1492431.96125,70275347.51773049,141,0.041666666666666664,0,603.0,LOGIN,0.0,7.0,0.043763912950767064,-0.8376228017000888
1149,1,0.08523230254650116,"Flagged due to: unusual behavior in feature 'TRANS_LV2' (value: 1.00), and transaction amount covers 40.2x monthly average balance, and unusual behavior in feature 'TRANS_LV1' (value: 0.00).","TRANS_LV2 (+1.8025), BALANCE_COVERAGE_RATIO (+0.9805), TRANS_LV1 (+0.9138)","DAYS_AMOUNT_COMBINED × TRANS_LV2 (-0.4032), TRANS_AMOUNT_Z_SCORE × BALANCE_COVERAGE_RATIO (-0.2737), BALANCE_COVERAGE_RATIO × TRANS_LV2 (+0.1607)","TRANS_AMOUNT: 60,000,000.00 -> 45,845,203.40 (-14,154,796.60)",Payment,Credit_card_repayment,2019-06-24,Mon,20,2,60000000.0,NaN,Android,122.56.xx.xx (HN),M,2019-05-29,1987-06-18,0,2019-05-30,BRANCH,1,SMART_OTP,Businessman,60000000.0,1,95000000.0,2,295400000.0,5,295400000.0,5,344900000.0,7,381900000.0,8,1492431.96125,70275347.51773049,141,0.08333333333333333,0,607.0,LOGIN,0.0,7.0,0.043763912950767064,-0.8376228017000888
1149,1,0.6360959410667419,"Flagged due to: unusual behavior in feature 'TRANS_LV2' (value: 1.00), and transaction amount covers 118.5x monthly average balance, and unusual behavior in feature 'TRANS_LV1' (value: 0.00).","TRANS_LV2 (+2.1811), BALANCE_COVERAGE_RATIO (+1.7414), TRANS_LV1 (+0.9333)","TRANS_AMOUNT_Z_SCORE × TRANS_LV2 (+0.4766), DAYS_AMOUNT_COMBINED × TRANS_LV2 (-0.3547), TRANS_AMOUNT_Z_SCORE × BALANCE_COVERAGE_RATIO (+0.2925)","TRANS_AMOUNT: 176,800,000.00 -> 44,744,440.46 (-132,055,559.54)",Payment,Credit_card_repayment,2019-06-25,Tue,14,5,176800000.0,NaN,Android,34.96.xx.xx (HN),M,2019-05-29,1987-06-18,0,2019-05-30,BRANCH,1,SMART_OTP,Businessman,176800000.0,1,176800000.0,1,473200000.0,6,494200000.0,7,543700000.0,9,580700000.0,10,1492431.96125,70275347.51773049,141,0.6666666666666666,0,625.0,LOGIN,0.0,7.0,0.043763912950767064,-0.8376228017000888
1149,1,0.15707890689373016,"Flagged due to: unusual behavior in feature 'TRANS_LV2' (value: 1.00), and transaction amount covers 67.0x monthly average balance, and unusual behavior in feature 'TRANS_LV1' (value: 0.00).","TRANS_LV2 (+1.8025), BALANCE_COVERAGE_RATIO (+1.4342), TRANS_LV1 (+0.9186)","DAYS_AMOUNT_COMBINED × TRANS_LV2 (-0.4032), TRANS_AMOUNT_Z_SCORE × BALANCE_COVERAGE_RATIO (-0.2541), BALANCE_COVERAGE_RATIO × TRANS_LV2 (+0.1607)","TRANS_AMOUNT: 100,000,000.00 -> 57,899,189.00 (-42,100,811.00)",Payment,Credit_card_repayment,2019-06-25,Tue,15,1,100000000.0,NaN,Android,113.188.xx.xx (HN),M,2019-05-29,1987-06-18,0,2019-05-30,BRANCH,1,SMART_OTP,Businessman,276800000.0,2,276800000.0,2,573200000.0,7,594200000.0,8,643700000.0,10,680700000.0,11,1492431.96125,70275347.51773049,141,0.041666666666666664,0,626.0,LOGIN,0.0,7.0,0.043763912950767064,-0.8376228017000888
1149,1,0.08050215244293213,"Flagged due to: unusual behavior in feature 'TRANS_LV2' (value: 1.00), and transaction amount covers 43.9x monthly average balance, and unusual behavior in feature 'TRANS_LV1' (value: 0.00).","TRANS_LV2 (+1.5633), BALANCE_COVERAGE_RATIO (+1.0520), TRANS_LV1 (+0.9583)","VELOCITY_RATIO_AMOUNT_24H_VS_7D × TRANS_LV2 (-0.4131), DAYS_AMOUNT_COMBINED × TRANS_LV2 (-0.2827), BALANCE_COVERAGE_RATIO × TRANS_LV2 (+0.2125)","TRANS_AMOUNT: 65,500,000.00 -> 61,701,337.81 (-3,798,662.19)",Payment,Credit_card_repayment,2019-07-02,Tue,13,1,65500000.0,NaN,Android,201.121.xx.xx (HN),M,2019-05-29,1987-06-18,0,2019-05-30,BRANCH,1,SMART_OTP,Businessman,65500000.0,1,65500000.0,1,65500000.0,1,65500000.0,1,342300000.0,3,746200000.0,12,1492431.96125,70275347.51773049,141,6.916666666666667,0,792.0,LOGIN,0.0,7.0,0.043763912950767064,-0.8376228017000888
1149,1,0.6488598585128784,"Flagged due to: unusual behavior in feature 'TRANS_LV2' (value: 1.00), and transaction amount covers 131.6x monthly average balance, and unusual behavior in feature 'TRANS_LV1' (value: 0.00).","TRANS_LV2 (+2.1231), BALANCE_COVERAGE_RATIO (+1.8309), TRANS_LV1 (+1.0575)","TRANS_AMOUNT_Z_SCORE × TRANS_LV2 (+0.4766), DAYS_AMOUNT_COMBINED × TRANS_LV2 (-0.3556), TRANS_AMOUNT_Z_SCORE × BALANCE_COVERAGE_RATIO (+0.3335)","TRANS_AMOUNT: 196,442,000.00 -> 59,305,634.77 (-137,136,365.23)",Payment,Credit_card_repayment,2019-07-03,Wed,13,2,196442000.0,NaN,Android,241.89.xx.xx (HN),M,2019-05-29,1987-06-18,0,2019-05-30,BRANCH,1,SMART_OTP,Businessman,196442000.0,1,196442000.0,1,288942000.0,3,288942000.0,3,288942000.0,3,969642000.0,14,1492431.96125,70275347.51773049,141,0.875,0,816.0,LOGIN,0.0,7.0,0.043763912950767064,-0.8376228017000888
1149,1,0.14294056594371796,"Flagged due to: unusual behavior in feature 'TRANS_LV2' (value: 1.00), and transaction amount covers 100.5x monthly average balance, and unusual behavior in feature 'TRANS_LV1' (value: 0.00).","TRANS_LV2 (+1.8166), BALANCE_COVERAGE_RATIO (+1.5604), TRANS_LV1 (+0.9186)","TRANS_AMOUNT_Z_SCORE × TRANS_LV2 (+0.4463), VELOCITY_RATIO_AMOUNT_24H_VS_7D × TRANS_LV2 (-0.4131), DAYS_AMOUNT_COMBINED × TRANS_LV2 (-0.3556)","TRANS_AMOUNT: 150,000,000.00 -> 106,940,603.26 (-43,059,396.74)",Payment,Credit_card_repayment,2019-07-04,Thu,19,1,150000000.0,NaN,Android,182.188.xx.xx (HN),M,2019-05-29,1987-06-18,0,2019-05-30,BRANCH,1,SMART_OTP,Businessman,150000000.0,1,150000000.0,1,150000000.0,1,392542000.0,3,485042000.0,5,1165742000.0,16,1492431.96125,70275347.51773049,141,1.2083333333333333,0,846.0,LOGIN,0.0,7.0,0.043763912950767064,-0.8376228017000888
1149,1,0.051901839673519135,"Flagged due to: unusual behavior in feature 'TRANS_LV2' (value: 1.00), and transaction amount covers 71.4x monthly average balance, and unusual behavior in feature 'TRANS_LV1' (value: 0.00).","TRANS_LV2 (+1.6290), BALANCE_COVERAGE_RATIO (+1.3839), TRANS_LV1 (+0.9183)","DAYS_AMOUNT_COMBINED × TRANS_LV2 (-0.4041), TRANS_AMOUNT_Z_SCORE × BALANCE_COVERAGE_RATIO (-0.2393), BALANCE_COVERAGE_RATIO × TRANS_LV2 (+0.2125)","TRANS_AMOUNT: 106,500,000.00 -> 90,250,608.44 (-16,249,391.56)",Payment,Credit_card_repayment,2019-07-04,Thu,22,1,106500000.0,NaN,Android,91.99.xx.xx (HN),M,2019-05-29,1987-06-18,0,2019-05-30,BRANCH,1,SMART_OTP,Businessman,106500000.0,1,256500000.0,2,256500000.0,2,499042000.0,4,591542000.0,6,1272242000.0,17,1492431.96125,70275347.51773049,141,0.125,0,849.0,LOGIN,0.0,7.0,0.043763912950767064,-0.8376228017000888
1149,1,0.11621791869401932,"Flagged due to: unusual behavior in feature 'TRANS_LV2' (value: 1.00), and transaction amount covers 39.5x monthly average balance, and unusual behavior in feature 'TRANS_LV1' (value: 0.00).","TRANS_LV2 (+1.5571), BALANCE_COVERAGE_RATIO (+1.1231), TRANS_LV1 (+0.9364)","TRANS_AMOUNT_VS_30D_AVG_RATIO × TRANS_LV2 (-0.3936), DAYS_AMOUNT_COMBINED × TRANS_LV2 (-0.1964), BALANCE_COVERAGE_RATIO × TRANS_LV2 (+0.1793)","TRANS_AMOUNT: 59,000,000.00 -> 13,375,064.85 (-45,624,935.15)",Payment,Credit_card_repayment,2019-07-16,Tue,16,1,59000000.0,NaN,Android,147.108.xx.xx (HN),M,2019-05-29,1987-06-18,0,2019-05-30,BRANCH,1,SMART_OTP,Businessman,59000000.0,1,59000000.0,1,59000000.0,1,59000000.0,1,59000000.0,1,1408842000.0,19,1492431.96125,70275347.51773049,141,10.958333333333334,0,1131.0,LOGIN,0.0,7.0,0.043763912950767064,-0.8376228017000888
1149,1,0.8261628150939941,"Flagged due to: unusual behavior in feature 'TRANS_LV2' (value: 1.00), and transaction amount covers 109.2x monthly average balance, and unusual behavior in feature 'TRANS_LV1' (value: 0.00).","TRANS_LV2 (+2.1788), BALANCE_COVERAGE_RATIO (+1.8504), TRANS_LV1 (+1.0851)","TRANS_AMOUNT_Z_SCORE × TRANS_LV2 (+0.4784), BALANCE_COVERAGE_RATIO × TRANS_LV2 (+0.2590), DAYS_AMOUNT_COMBINED × TRANS_LV2 (-0.2342)","TRANS_AMOUNT: 163,000,000.00 -> 18,047,307.97 (-144,952,692.03)",Payment,Credit_card_repayment,2019-08-01,Thu,19,1,163000000.0,NaN,Android,72.253.xx.xx (HN),M,2019-05-29,1987-06-18,0,2019-05-30,BRANCH,1,SMART_OTP,Businessman,163000000.0,1,163000000.0,1,163000000.0,1,163000000.0,1,163000000.0,1,1321594000.0,23,1492431.96125,70275347.51773049,141,7.041666666666667,0,1518.0,LOGIN,0.0,21.0,0.043763912950767064,-0.8376228017000888
1149,1,1.0,"Flagged due to: unusual behavior in feature 'TRANS_LV2' (value: 1.00), and transaction amount covers 186.6x monthly average balance, and unusual behavior in feature 'TRANS_LV1' (value: 0.00).","TRANS_LV2 (+2.0669), BALANCE_COVERAGE_RATIO (+1.7931), TRANS_LV1 (+1.0850)","TRANS_AMOUNT_Z_SCORE × TRANS_LV2 (+0.5294), TRANS_AMOUNT_Z_SCORE × BALANCE_COVERAGE_RATIO (+0.4191), DAYS_AMOUNT_COMBINED × TRANS_LV2 (-0.3556)","TRANS_AMOUNT: 278,560,000.00 -> 90,250,617.68 (-188,309,382.32)",Payment,Credit_card_repayment,2019-08-03,Sat,15,2,278560000.0,NaN,Android,214.207.xx.xx (HN),M,2019-05-29,1987-06-18,0,2019-05-30,BRANCH,1,SMART_OTP,Businessman,278560000.0,1,278560000.0,1,403360000.0,3,596360000.0,5,596360000.0,5,1512412000.0,25,1492431.96125,70275347.51773049,141,0.20833333333333334,0,1562.0,LOGIN,0.0,25.0,0.043763912950767064,-0.8376228017000888
1149,1,0.8342642188072205,"Flagged due to: unusual behavior in feature 'TRANS_LV2' (value: 1.00), and transaction amount covers 83.6x monthly average balance, and unusual behavior in feature 'TRANS_LV1' (value: 0.00).","TRANS_LV2 (+2.1739), BALANCE_COVERAGE_RATIO (+1.7599), TRANS_LV1 (+1.0466)","TRANS_AMOUNT_Z_SCORE × TRANS_LV2 (+0.4635), BALANCE_COVERAGE_RATIO × TRANS_LV2 (+0.2590), DAYS_AMOUNT_COMBINED × TRANS_LV2 (-0.2342)","TRANS_AMOUNT: 124,700,000.00 -> 13,375,053.02 (-111,324,946.98)",Payment,Credit_card_repayment,2019-08-14,Wed,15,2,124700000.0,NaN,Android,190.35.xx.xx (HN),M,2019-05-29,1987-06-18,0,2019-05-30,BRANCH,1,SMART_OTP,Businessman,124700000.0,1,124700000.0,1,124700000.0,1,124700000.0,1,124700000.0,1,1373512000.0,24,1492431.96125,70275347.51773049,141,9.166666666666666,0,1826.0,LOGIN,0.0,28.0,0.043763912950767064,-0.8376228017000888
1149,1,0.08744431287050247,"Flagged due to: unusual behavior in feature 'TRANS_LV2' (value: 1.00), and transaction amount covers 74.2x monthly average balance, and unusual behavior in feature 'TRANS_LV1' (value: 0.00).","TRANS_LV2 (+1.8166), BALANCE_COVERAGE_RATIO (+1.3950), TRANS_LV1 (+0.9194)","TRANS_AMOUNT_Z_SCORE × TRANS_LV2 (+0.4463), VELOCITY_RATIO_AMOUNT_24H_VS_7D × TRANS_LV2 (-0.4131), DAYS_AMOUNT_COMBINED × TRANS_LV2 (-0.3556)","TRANS_AMOUNT: 110,800,000.00 -> 106,940,719.99 (-3,859,280.01)",Payment,Credit_card_repayment,2019-08-26,Mon,13,3,110800000.0,NaN,Android,35.244.xx.xx (HN),M,2019-05-29,1987-06-18,0,2019-05-30,BRANCH,1,SMART_OTP,Businessman,134300000.0,2,227890000.0,3,227890000.0,3,227890000.0,3,673290000.0,14,1571850000.0,23,1492431.96125,70275347.51773049,141,0.041666666666666664,0,2112.0,LOGIN,0.0,43.0,0.043763912950767064,-0.8376228017000888
1149,1,0.9907490015029907,"Flagged due to: unusual behavior in feature 'TRANS_LV2' (value: 1.00), and transaction amount covers 123.4x monthly average balance, and unusual behavior in feature 'TRANS_LV1' (value: 0.00).","TRANS_LV2 (+2.1089), BALANCE_COVERAGE_RATIO (+1.9140), TRANS_LV1 (+1.0180)","TRANS_AMOUNT_Z_SCORE × TRANS_LV2 (+0.5312), TRANS_AMOUNT_Z_SCORE × BALANCE_COVERAGE_RATIO (+0.3050), BALANCE_COVERAGE_RATIO × TRANS_LV2 (+0.2383)","TRANS_AMOUNT: 184,100,000.00 -> 51,171,174.53 (-132,928,825.47)",Payment,Credit_card_repayment,2019-09-03,Tue,14,1,184100000.0,NaN,Web,21.100.xx.xx (DN),M,2019-05-29,1987-06-18,0,2019-05-30,BRANCH,1,SMART_OTP,Businessman,184100000.0,1,184100000.0,1,184100000.0,1,184100000.0,1,451800000.0,6,1514547000.0,27,1492431.96125,70275347.51773049,141,3.875,0,2305.0,LOGIN,0.0,56.0,0.043763912950767064,-0.8376228017000888
1149,1,1.0,"Flagged due to: unusual behavior in feature 'TRANS_LV2' (value: 1.00), and transaction amount covers 189.4x monthly average balance, and unusual behavior in feature 'TRANS_LV1' (value: 0.00).","TRANS_LV2 (+2.0669), BALANCE_COVERAGE_RATIO (+1.8443), TRANS_LV1 (+1.0850)","TRANS_AMOUNT_Z_SCORE × TRANS_LV2 (+0.5294), TRANS_AMOUNT_Z_SCORE × BALANCE_COVERAGE_RATIO (+0.4191), DAYS_AMOUNT_COMBINED × TRANS_LV2 (-0.3556)","TRANS_AMOUNT: 282,680,000.00 -> 90,250,472.72 (-192,429,527.28)",Payment,Credit_card_repayment,2019-09-03,Tue,22,2,282680000.0,NaN,iOS,51.162.xx.xx (DN),M,2019-05-29,1987-06-18,0,2019-05-30,BRANCH,1,SMART_OTP,Businessman,282680000.0,1,282680000.0,1,466780000.0,2,466780000.0,2,678980000.0,6,1797227000.0,28,1492431.96125,70275347.51773049,141,0.3333333333333333,0,2313.0,LOGIN,0.0,58.0,0.043763912950767064,-0.8376228017000888
1149,1,0.14913791418075562,"Flagged due to: unusual behavior in feature 'TRANS_LV2' (value: 1.00), and transaction amount covers 73.0x monthly average balance, and unusual behavior in feature 'TRANS_LV1' (value: 0.00).","TRANS_LV2 (+1.9539), BALANCE_COVERAGE_RATIO (+1.4055), TRANS_LV1 (+0.9179)","TRANS_AMOUNT_Z_SCORE × TRANS_LV2 (+0.4463), DAYS_AMOUNT_COMBINED × TRANS_LV2 (-0.3556), TRANS_AMOUNT_Z_SCORE × BALANCE_COVERAGE_RATIO (-0.2393)","TRANS_AMOUNT: 108,900,000.00 -> 90,250,629.90 (-18,649,370.10)",Payment,Credit_card_repayment,2019-09-04,Wed,20,2,108900000.0,NaN,Android,228.101.xx.xx (HN),M,2019-05-29,1987-06-18,0,2019-05-30,BRANCH,1,SMART_OTP,Businessman,108900000.0,1,108900000.0,1,507580000.0,4,691680000.0,5,903880000.0,9,1972127000.0,30,1492431.96125,70275347.51773049,141,0.25,0,2335.0,LOGIN,0.0,61.0,0.043763912950767064,-0.8376228017000888
1149,1,0.04715731367468834,"Flagged due to: unusual behavior in feature 'TRANS_LV2' (value: 1.00), and transaction amount covers 50.3x monthly average balance, and unusual behavior in feature 'TRANS_LV1' (value: 0.00).","TRANS_LV2 (+1.6448), BALANCE_COVERAGE_RATIO (+1.0997), TRANS_LV1 (+0.9668)","DAYS_AMOUNT_COMBINED × TRANS_LV2 (-0.4041), TRANS_AMOUNT_Z_SCORE × BALANCE_COVERAGE_RATIO (-0.2710), BALANCE_COVERAGE_RATIO × TRANS_LV2 (+0.2125)","TRANS_AMOUNT: 75,000,000.00 -> 67,575,788.50 (-7,424,211.50)",Payment,Credit_card_repayment,2019-09-04,Wed,22,1,75000000.0,NaN,Android,151.179.xx.xx (HN),M,2019-05-29,1987-06-18,0,2019-05-30,BRANCH,1,SMART_OTP,Businessman,75000000.0,1,183900000.0,2,582580000.0,5,766680000.0,6,978880000.0,10,2047127000.0,31,1492431.96125,70275347.51773049,141,0.08333333333333333,0,2337.0,LOGIN,0.0,62.0,0.043763912950767064,-0.8376228017000888
1149,1,0.6501638889312744,"Flagged due to: unusual behavior in feature 'TRANS_LV2' (value: 1.00), and transaction amount covers 138.1x monthly average balance, and unusual behavior in feature 'TRANS_LV1' (value: 0.00).","TRANS_LV2 (+2.0520), BALANCE_COVERAGE_RATIO (+1.7474), TRANS_LV1 (+0.9758)","TRANS_AMOUNT_Z_SCORE × TRANS_LV2 (+0.5294), DAYS_AMOUNT_COMBINED × TRANS_LV2 (-0.3556), TRANS_AMOUNT_Z_SCORE × BALANCE_COVERAGE_RATIO (+0.3332)","TRANS_AMOUNT: 206,100,000.00 -> 90,250,515.75 (-115,849,484.25)",Payment,Credit_card_repayment,2019-09-05,Thu,8,3,206100000.0,NaN,Android,101.69.xx.xx (HN),M,2019-05-29,1987-06-18,0,2019-05-30,BRANCH,1,SMART_OTP,Businessman,206100000.0,1,206100000.0,1,506000000.0,5,972780000.0,7,1184980000.0,11,2253227000.0,32,1492431.96125,70275347.51773049,141,0.4166666666666667,0,2347.0,LOGIN,0.0,63.0,0.043763912950767064,-0.8376228017000888
1149,1,0.06019037216901779,"Flagged due to: unusual behavior in feature 'TRANS_LV2' (value: 1.00), and transaction amount covers 66.9x monthly average balance, and unusual behavior in feature 'TRANS_LV1' (value: 0.00).","TRANS_LV2 (+1.5076), BALANCE_COVERAGE_RATIO (+1.4026), TRANS_LV1 (+0.9194)","VELOCITY_RATIO_AMOUNT_24H_VS_7D × TRANS_LV2 (-0.4131), DAYS_AMOUNT_COMBINED × TRANS_LV2 (-0.4041), TRANS_AMOUNT_Z_SCORE × BALANCE_COVERAGE_RATIO (-0.2393)","TRANS_AMOUNT: 99,800,000.00 -> 90,250,636.48 (-9,549,363.52)",Payment,Credit_card_repayment,2019-09-11,Wed,18,1,99800000.0,NaN,Android,65.50.xx.xx (HN),M,2019-05-29,1987-06-18,0,2019-05-30,BRANCH,1,SMART_OTP,Businessman,99800000.0,1,99800000.0,1,99800000.0,1,106800000.0,2,496800000.0,5,2360027000.0,34,1492431.96125,70275347.51773049,141,1.2916666666666667,0,2501.0,LOGIN,0.0,66.0,0.043763912950767064,-0.8376228017000888
1149,1,0.05523870140314102,"Flagged due to: unusual behavior in feature 'TRANS_LV2' (value: 1.00), and unusual behavior in feature 'TRANS_LV1' (value: 0.00), and transaction amount covers 15.4x monthly average balance.","TRANS_LV2 (+1.5571), TRANS_LV1 (+0.9626), BALANCE_COVERAGE_RATIO (+0.6648)","TRANS_AMOUNT_VS_30D_AVG_RATIO × TRANS_LV2 (-0.3936), DAYS_AMOUNT_COMBINED × TRANS_LV2 (-0.1964), BALANCE_COVERAGE_RATIO × TRANS_LV2 (+0.1793)","TRANS_AMOUNT: 23,000,000.00 -> 13,375,071.53 (-9,624,928.47)",Payment,Credit_card_repayment,2019-09-24,Tue,15,1,23000000.0,NaN,Android,157.39.xx.xx (HN),M,2019-05-29,1987-06-18,0,2019-05-30,BRANCH,1,SMART_OTP,Businessman,23000000.0,1,23000000.0,1,23000000.0,1,23000000.0,1,23000000.0,1,1754427000.0,23,1492431.96125,70275347.51773049,141,8.083333333333334,0,2810.0,LOGIN,0.0,68.0,0.043763912950767064,-0.8376228017000888
1149,1,0.18338581919670105,"Flagged due to: unusual behavior in feature 'TRANS_LV2' (value: 1.00), and transaction amount covers 67.2x monthly average balance, and unusual behavior in feature 'TRANS_LV1' (value: 0.00).","TRANS_LV2 (+1.7445), BALANCE_COVERAGE_RATIO (+1.5117), TRANS_LV1 (+0.9552)","DAYS_AMOUNT_COMBINED × TRANS_LV2 (-0.4041), TRANS_AMOUNT_Z_SCORE × BALANCE_COVERAGE_RATIO (-0.2541), BALANCE_COVERAGE_RATIO × TRANS_LV2 (+0.2332)","TRANS_AMOUNT: 100,300,000.00 -> 84,478,331.57 (-15,821,668.43)",Payment,Credit_card_repayment,2019-10-03,Thu,20,1,100300000.0,NaN,Android,77.28.xx.xx (HN),M,2019-05-29,1987-06-18,0,2019-05-30,BRANCH,1,SMART_OTP,Businessman,100300000.0,1,100300000.0,1,100300000.0,1,100300000.0,1,102300000.0,2,1032280000.0,12,1492431.96125,70275347.51773049,141,3.0833333333333335,0,3031.0,LOGIN,0.0,70.0,0.043763912950767064,-0.8376228017000888
1149,1,0.6506072878837585,"Flagged due to: unusual behavior in feature 'TRANS_LV2' (value: 1.00), and transaction amount covers 118.1x monthly average balance, and unusual behavior in feature 'TRANS_LV1' (value: 0.00).","TRANS_LV2 (+2.1206), BALANCE_COVERAGE_RATIO (+1.7396), TRANS_LV1 (+0.9321)","TRANS_AMOUNT_Z_SCORE × TRANS_LV2 (+0.5294), DAYS_AMOUNT_COMBINED × TRANS_LV2 (-0.3547), TRANS_AMOUNT_Z_SCORE × BALANCE_COVERAGE_RATIO (+0.3089)","TRANS_AMOUNT: 176,250,000.00 -> 54,803,473.95 (-121,446,526.05)",Payment,Credit_card_repayment,2019-10-05,Sat,13,2,176250000.0,NaN,Android,189.99.xx.xx (HN),M,2019-05-29,1987-06-18,0,2019-05-30,BRANCH,1,SMART_OTP,Businessman,176250000.0,1,176250000.0,1,176250000.0,1,276550000.0,2,278550000.0,3,419850000.0,7,1492431.96125,70275347.51773049,141,1.7083333333333333,0,3072.0,LOGIN,0.0,71.0,0.043763912950767064,-0.8376228017000888
1149,1,0.06804583221673965,"Flagged due to: unusual behavior in feature 'TRANS_LV2' (value: 1.00), and transaction amount covers 44.3x monthly average balance, and unusual behavior in feature 'TRANS_LV1' (value: 0.00).","TRANS_LV2 (+1.6933), BALANCE_COVERAGE_RATIO (+0.9364), TRANS_LV1 (+0.8364)","DAYS_AMOUNT_COMBINED × TRANS_LV2 (-0.4032), TRANS_AMOUNT_Z_SCORE × BALANCE_COVERAGE_RATIO (-0.2710), BALANCE_COVERAGE_RATIO × TRANS_LV2 (+0.1626)","TRANS_AMOUNT: 66,100,000.00 -> 59,795,330.24 (-6,304,669.76)",Payment,Credit_card_repayment,2019-10-05,Sat,14,1,66100000.0,NaN,Android,93.94.xx.xx (HN),M,2019-05-29,1987-06-18,0,2019-05-30,BRANCH,1,SMART_OTP,Businessman,66100000.0,1,242350000.0,2,242350000.0,2,342650000.0,3,344650000.0,4,485950000.0,8,1492431.96125,70275347.51773049,141,0.041666666666666664,0,3073.0,LOGIN,0.0,72.0,0.043763912950767064,-0.8376228017000888
1149,1,0.11893603950738907,"Flagged due to: unusual behavior in feature 'TRANS_LV2' (value: 1.00), and transaction amount covers 32.2x monthly average balance, and unusual behavior in feature 'TRANS_LV1' (value: 0.00).","TRANS_LV2 (+1.5571), BALANCE_COVERAGE_RATIO (+1.0990), TRANS_LV1 (+0.9149)","TRANS_AMOUNT_VS_30D_AVG_RATIO × TRANS_LV2 (-0.3936), TRANS_AMOUNT_Z_SCORE × BALANCE_COVERAGE_RATIO (-0.2147), DAYS_AMOUNT_COMBINED × TRANS_LV2 (-0.1964)","TRANS_AMOUNT: 48,000,000.00 -> 13,375,030.52 (-34,624,969.48)",Payment,Credit_card_repayment,2019-10-12,Sat,21,1,48000000.0,NaN,Android,147.188.xx.xx (HN),M,2019-05-29,1987-06-18,0,2019-05-30,BRANCH,1,SMART_OTP,Businessman,48000000.0,1,48000000.0,1,48000000.0,1,48000000.0,1,48000000.0,1,581150000.0,10,1492431.96125,70275347.51773049,141,7.166666666666667,0,3248.0,LOGIN,0.0,78.0,0.043763912950767064,-0.8376228017000888
1149,1,0.3002292811870575,"Flagged due to: unusual behavior in feature 'TRANS_LV2' (value: 1.00), and transaction amount covers 80.1x monthly average balance, and unusual behavior in feature 'TRANS_LV1' (value: 0.00).","TRANS_LV2 (+1.9539), BALANCE_COVERAGE_RATIO (+1.6346), TRANS_LV1 (+0.9199)","TRANS_AMOUNT_Z_SCORE × TRANS_LV2 (+0.4463), DAYS_AMOUNT_COMBINED × TRANS_LV2 (-0.3556), BALANCE_COVERAGE_RATIO × TRANS_LV2 (+0.2125)","TRANS_AMOUNT: 119,500,000.00 -> 59,788,633.82 (-59,711,366.18)",Payment,Credit_card_repayment,2019-10-16,Wed,21,4,119500000.0,NaN,Android,205.197.xx.xx (HN),M,2019-05-29,1987-06-18,0,2019-05-30,BRANCH,1,SMART_OTP,Businessman,119500000.0,1,119500000.0,1,119500000.0,1,149500000.0,2,197500000.0,3,719150000.0,11,1492431.96125,70275347.51773049,141,1.3333333333333333,0,3344.0,LOGIN,0.0,80.0,0.043763912950767064,-0.8376228017000888
1149,1,0.4029790759086609,"Flagged due to: unusual behavior in feature 'TRANS_LV2' (value: 1.00), and transaction amount covers 87.1x monthly average balance, and unusual behavior in feature 'TRANS_LV1' (value: 0.00).","TRANS_LV2 (+1.9519), BALANCE_COVERAGE_RATIO (+1.7531), TRANS_LV1 (+0.9184)","TRANS_AMOUNT_Z_SCORE × TRANS_LV2 (+0.4463), DAYS_AMOUNT_COMBINED × TRANS_LV2 (-0.3556), BALANCE_COVERAGE_RATIO × TRANS_LV2 (+0.2125)","TRANS_AMOUNT: 130,000,000.00 -> 65,186,586.38 (-64,813,413.62)",Payment,Credit_card_repayment,2019-10-17,Thu,21,2,130000000.0,NaN,Android,40.33.xx.xx (HN),M,2019-05-29,1987-06-18,0,2019-05-30,BRANCH,1,SMART_OTP,Businessman,130000000.0,1,130000000.0,1,249500000.0,2,249500000.0,2,327500000.0,4,849150000.0,12,1492431.96125,70275347.51773049,141,1.0,0,3368.0,LOGIN,0.0,81.0,0.043763912950767064,-0.8376228017000888
1149,1,0.08701486140489578,"Flagged due to: unusual behavior in feature 'TRANS_LV2' (value: 1.00), and transaction amount covers 57.0x monthly average balance, and unusual behavior in feature 'TRANS_LV1' (value: 0.00).","TRANS_LV2 (+1.5529), BALANCE_COVERAGE_RATIO (+1.1903), TRANS_LV1 (+0.9352)","VELOCITY_RATIO_AMOUNT_24H_VS_7D × TRANS_LV2 (-0.4131), DAYS_AMOUNT_COMBINED × TRANS_LV2 (-0.3141), TRANS_AMOUNT_Z_SCORE × BALANCE_COVERAGE_RATIO (-0.2436)","TRANS_AMOUNT: 85,000,000.00 -> 70,557,532.31 (-14,442,467.69)",Payment,Credit_card_repayment,2019-10-21,Mon,10,2,85000000.0,NaN,Android,46.11.xx.xx (HN),M,2019-05-29,1987-06-18,0,2019-05-30,BRANCH,1,SMART_OTP,Businessman,85000000.0,1,85000000.0,1,85000000.0,1,85000000.0,1,364500000.0,4,934150000.0,13,1492431.96125,70275347.51773049,141,3.5416666666666665,0,3453.0,LOGIN,0.0,82.0,0.043763912950767064,-0.8376228017000888
1149,1,0.9487594366073608,"Flagged due to: unusual behavior in feature 'TRANS_LV2' (value: 1.00), and transaction amount covers 113.2x monthly average balance, and unusual behavior in feature 'TRANS_LV1' (value: 0.00).","TRANS_LV2 (+2.0984), BALANCE_COVERAGE_RATIO (+1.9804), TRANS_LV1 (+0.8907)","TRANS_AMOUNT_Z_SCORE × TRANS_LV2 (+0.5312), TRANS_AMOUNT_Z_SCORE × BALANCE_COVERAGE_RATIO (+0.3058), HOURS_SINCE_SEC_EVENT × BALANCE_COVERAGE_RATIO (+0.2656)","TRANS_AMOUNT: 169,000,000.00 -> 62,869,245.53 (-106,130,754.47)",Payment,Credit_card_repayment,2019-10-28,Mon,22,2,169000000.0,NaN,Android,94.185.xx.xx (HN),M,2019-05-29,1987-06-18,0,2019-05-30,BRANCH,1,SMART_OTP,Businessman,169000000.0,1,169000000.0,1,169000000.0,1,169000000.0,1,392700000.0,7,1303850000.0,19,1492431.96125,70275347.51773049,141,3.25,0,3633.0,LOGIN,0.0,89.0,0.043763912950767064,-0.8376228017000888
1149,1,0.14526505768299103,"Flagged due to: unusual behavior in feature 'TRANS_LV2' (value: 1.00), and transaction amount covers 63.3x monthly average balance, and unusual behavior in feature 'TRANS_LV1' (value: 0.00).","TRANS_LV2 (+1.6448), BALANCE_COVERAGE_RATIO (+1.5981), TRANS_LV1 (+0.9121)","DAYS_AMOUNT_COMBINED × TRANS_LV2 (-0.4041), HOURS_SINCE_SEC_EVENT × BALANCE_COVERAGE_RATIO (+0.2650), TRANS_AMOUNT_Z_SCORE × BALANCE_COVERAGE_RATIO (-0.2428)","TRANS_AMOUNT: 94,540,000.00 -> 68,430,548.65 (-26,109,451.35)",Payment,Credit_card_repayment,2019-10-29,Tue,20,2,94540000.0,NaN,Android,34.118.xx.xx (HN),M,2019-05-29,1987-06-18,0,2019-05-30,BRANCH,1,SMART_OTP,Businessman,94540000.0,1,94540000.0,1,263540000.0,2,263540000.0,2,464240000.0,7,1398390000.0,20,1492431.96125,70275347.51773049,141,0.9166666666666666,0,3655.0,LOGIN,0.0,90.0,0.043763912950767064,-0.8376228017000888
1149,1,0.06500336527824402,"Flagged due to: unusual behavior in feature 'TRANS_LV2' (value: 1.00), and transaction amount covers 57.0x monthly average balance, and unusual behavior in feature 'TRANS_LV1' (value: 0.00).","TRANS_LV2 (+1.5076), BALANCE_COVERAGE_RATIO (+1.2133), TRANS_LV1 (+0.9135)","VELOCITY_RATIO_AMOUNT_24H_VS_7D × TRANS_LV2 (-0.4131), DAYS_AMOUNT_COMBINED × TRANS_LV2 (-0.4041), TRANS_AMOUNT_Z_SCORE × BALANCE_COVERAGE_RATIO (-0.2624)","TRANS_AMOUNT: 85,100,000.00 -> 70,717,559.81 (-14,382,440.19)",Payment,Credit_card_repayment,2019-10-31,Thu,19,1,85100000.0,NaN,Android,20.136.xx.xx (HN),M,2019-05-29,1987-06-18,0,2019-05-30,BRANCH,1,SMART_OTP,Businessman,85100000.0,1,85100000.0,1,85100000.0,1,272490000.0,4,581190000.0,9,1574340000.0,22,1492431.96125,70275347.51773049,141,1.0416666666666667,0,3702.0,LOGIN,0.0,94.0,0.043763912950767064,-0.8376228017000888
1149,1,0.06500336527824402,"Flagged due to: unusual behavior in feature 'TRANS_LV2' (value: 1.00), and transaction amount covers 50.9x monthly average balance, and unusual behavior in feature 'TRANS_LV1' (value: 0.00).","TRANS_LV2 (+1.5076), BALANCE_COVERAGE_RATIO (+1.2133), TRANS_LV1 (+0.9148)","VELOCITY_RATIO_AMOUNT_24H_VS_7D × TRANS_LV2 (-0.4131), DAYS_AMOUNT_COMBINED × TRANS_LV2 (-0.4041), TRANS_AMOUNT_Z_SCORE × BALANCE_COVERAGE_RATIO (-0.2624)","TRANS_AMOUNT: 75,900,000.00 -> 71,360,879.23 (-4,539,120.77)",Payment,Credit_card_repayment,2019-11-01,Fri,16,1,75900000.0,NaN,Android,156.82.xx.xx (HN),M,2019-05-29,1987-06-18,0,2019-05-30,BRANCH,1,SMART_OTP,Businessman,75900000.0,1,75900000.0,1,161000000.0,2,211050000.0,3,549590000.0,7,1650240000.0,23,1492431.96125,70275347.51773049,141,0.875,0,3723.0,LOGIN,0.0,95.0,0.043763912950767064,-0.8376228017000888
1149,1,0.3788735866546631,"Flagged due to: unusual behavior in feature 'TRANS_LV2' (value: 1.00), and transaction amount covers 87.9x monthly average balance, and unusual behavior in feature 'TRANS_LV1' (value: 0.00).","TRANS_LV2 (+1.9381), BALANCE_COVERAGE_RATIO (+1.7511), TRANS_LV1 (+0.8630)","TRANS_AMOUNT_Z_SCORE × TRANS_LV2 (+0.4463), DAYS_AMOUNT_COMBINED × TRANS_LV2 (-0.3556), HOURS_SINCE_SEC_EVENT × BALANCE_COVERAGE_RATIO (+0.2656)","TRANS_AMOUNT: 131,250,000.00 -> 71,549,409.63 (-59,700,590.37)",Payment,Credit_card_repayment,2019-11-01,Fri,19,1,131250000.0,NaN,Android,114.40.xx.xx (HN),M,2019-05-29,1987-06-18,0,2019-05-30,BRANCH,1,SMART_OTP,Businessman,131250000.0,1,207150000.0,2,292250000.0,3,292250000.0,3,648640000.0,7,1781490000.0,24,1492431.96125,70275347.51773049,141,0.125,0,3726.0,LOGIN,0.0,96.0,0.043763912950767064,-0.8376228017000888
1149,1,0.8246170878410339,"Flagged due to: unusual behavior in feature 'TRANS_LV2' (value: 1.00), and transaction amount covers 145.9x monthly average balance, and unusual behavior in feature 'TRANS_LV1' (value: 0.00).","TRANS_LV2 (+1.9316), BALANCE_COVERAGE_RATIO (+1.9271), TRANS_LV1 (+0.9236)","TRANS_AMOUNT_Z_SCORE × TRANS_LV2 (+0.5294), VELOCITY_RATIO_AMOUNT_24H_VS_7D × TRANS_LV2 (-0.3598), DAYS_AMOUNT_COMBINED × TRANS_LV2 (-0.3556)","TRANS_AMOUNT: 217,700,000.00 -> 71,844,720.46 (-145,855,279.54)",Payment,Credit_card_repayment,2019-11-03,Sun,16,3,217700000.0,NaN,Android,11.40.xx.xx (HN),M,2019-05-29,1987-06-18,0,2019-05-30,BRANCH,1,SMART_OTP,Businessman,217700000.0,1,217700000.0,1,265600000.0,2,472750000.0,4,914240000.0,9,1946790000.0,25,1492431.96125,70275347.51773049,141,0.9583333333333334,0,3771.0,LOGIN,0.0,98.0,0.043763912950767064,-0.8376228017000888
1149,1,0.8445590138435364,"Flagged due to: unusual behavior in feature 'TRANS_LV2' (value: 1.00), and transaction amount covers 130.5x monthly average balance, and unusual behavior in feature 'TRANS_LV1' (value: 0.00).","TRANS_LV2 (+2.0531), BALANCE_COVERAGE_RATIO (+1.9637), TRANS_LV1 (+0.8878)","TRANS_AMOUNT_Z_SCORE × TRANS_LV2 (+0.5294), DAYS_AMOUNT_COMBINED × TRANS_LV2 (-0.3556), TRANS_AMOUNT_Z_SCORE × BALANCE_COVERAGE_RATIO (+0.3424)","TRANS_AMOUNT: 194,700,000.00 -> 73,566,941.64 (-121,133,058.36)",Payment,Credit_card_repayment,2019-11-04,Mon,14,3,194700000.0,NaN,Android,141.55.xx.xx (HN),M,2019-05-29,1987-06-18,0,2019-05-30,BRANCH,1,SMART_OTP,Businessman,194700000.0,1,194700000.0,1,412400000.0,2,460300000.0,3,1108940000.0,10,1965240000.0,25,1492431.96125,70275347.51773049,141,0.9166666666666666,0,3793.0,LOGIN,0.0,99.0,0.043763912950767064,-0.8376228017000888
1149,1,0.8835494518280029,"Flagged due to: unusual behavior in feature 'TRANS_LV2' (value: 1.00), and transaction amount covers 123.0x monthly average balance, and unusual behavior in feature 'TRANS_LV1' (value: 0.00).","TRANS_LV2 (+2.1226), BALANCE_COVERAGE_RATIO (+1.9181), TRANS_LV1 (+0.8665)","TRANS_AMOUNT_Z_SCORE × TRANS_LV2 (+0.5294), DAYS_AMOUNT_COMBINED × TRANS_LV2 (-0.3547), TRANS_AMOUNT_Z_SCORE × BALANCE_COVERAGE_RATIO (+0.3424)","TRANS_AMOUNT: 183,600,000.00 -> 78,910,410.69 (-104,689,589.31)",Payment,Credit_card_repayment,2019-11-04,Mon,15,1,183600000.0,NaN,Android,19.141.xx.xx (HN),M,2019-05-29,1987-06-18,0,2019-05-30,BRANCH,1,SMART_OTP,Businessman,378300000.0,2,378300000.0,2,596000000.0,3,643900000.0,4,1292540000.0,11,2082740000.0,25,1492431.96125,70275347.51773049,141,0.041666666666666664,0,3794.0,LOGIN,0.0,100.0,0.043763912950767064,-0.8376228017000888
1149,1,1.0,"Flagged due to: unusual behavior in feature 'TRANS_LV2' (value: 1.00), and unusual combination of high transaction amount and long inactivity period (combined score: 50.61), and transaction amount covers 40.2x monthly average balance.","TRANS_LV2 (+2.6784), DAYS_AMOUNT_COMBINED (+1.4633), BALANCE_COVERAGE_RATIO (+1.2565)","DAYS_AMOUNT_COMBINED × TRANS_LV2 (+2.0243), TRANS_AMOUNT_VS_30D_AVG_RATIO × TRANS_LV2 (-0.3936), DAYS_SINCE_LAST_TRANS × BALANCE_COVERAGE_RATIO (+0.1984)","TRANS_AMOUNT: 60,000,000.00 -> 11,018,829.35 (-48,981,170.65)",Payment,Credit_card_repayment,2019-11-20,Wed,15,1,60000000.0,NaN,Android,49.130.xx.xx (HN),M,2019-05-29,1987-06-18,0,2019-05-30,BRANCH,1,SMART_OTP,Businessman,60000000.0,1,60000000.0,1,60000000.0,1,60000000.0,1,60000000.0,1,1694990000.0,21,1492431.96125,70275347.51773049,141,15.875,0,4178.0,LOGIN,0.0,106.0,0.043763912950767064,-0.8376228017000888
1149,1,0.10175710916519165,"Flagged due to: transaction amount covers 65.7x monthly average balance, and unusual behavior in feature 'TRANS_LV2' (value: 1.00), and unusual behavior in feature 'TRANS_LV1' (value: 0.00).","BALANCE_COVERAGE_RATIO (+1.5674), TRANS_LV2 (+1.5076), TRANS_LV1 (+0.8530)","VELOCITY_RATIO_AMOUNT_24H_VS_7D × TRANS_LV2 (-0.4131), DAYS_AMOUNT_COMBINED × TRANS_LV2 (-0.4041), TRANS_AMOUNT_Z_SCORE × BALANCE_COVERAGE_RATIO (-0.2428)","TRANS_AMOUNT: 98,000,000.00 -> 81,205,690.38 (-16,794,309.62)",Payment,Credit_card_repayment,2019-11-25,Mon,14,3,98000000.0,NaN,Android,109.145.xx.xx (HN),M,2019-05-29,1987-06-18,0,2019-05-30,BRANCH,1,SMART_OTP,Businessman,98000000.0,1,98000000.0,1,158011000.0,2,182911000.0,3,478243000.0,9,1889533000.0,23,1492431.96125,70275347.51773049,141,0.16666666666666666,0,4297.0,LOGIN,0.0,114.0,0.043763912950767064,-0.8376228017000888
1149,1,0.1502862125635147,"Flagged due to: unusual behavior in feature 'TRANS_LV2' (value: 1.00), and transaction amount covers 70.4x monthly average balance, and unusual behavior in feature 'TRANS_LV1' (value: 0.00).","TRANS_LV2 (+1.6290), BALANCE_COVERAGE_RATIO (+1.6039), TRANS_LV1 (+0.8530)","DAYS_AMOUNT_COMBINED × TRANS_LV2 (-0.4041), HOURS_SINCE_SEC_EVENT × BALANCE_COVERAGE_RATIO (+0.2756), TRANS_AMOUNT_Z_SCORE × BALANCE_COVERAGE_RATIO (-0.2428)","TRANS_AMOUNT: 105,000,000.00 -> 73,337,259.29 (-31,662,740.71)",Payment,Credit_card_repayment,2019-11-30,Sat,14,2,105000000.0,NaN,Android,133.21.xx.xx (HN),M,2019-05-29,1987-06-18,0,2019-05-30,BRANCH,1,SMART_OTP,Businessman,105000000.0,1,105000000.0,1,155100000.0,2,179800000.0,3,372711000.0,7,1722943000.0,23,1492431.96125,70275347.51773049,141,0.16666666666666666,0,4417.0,LOGIN,0.0,118.0,0.043763912950767064,-0.8376228017000888
1149,1,0.0673866719007492,"Flagged due to: unusual behavior in feature 'TRANS_LV2' (value: 1.00), and transaction amount covers 50.8x monthly average balance, and unusual behavior in feature 'TRANS_LV1' (value: 0.00).","TRANS_LV2 (+1.5076), BALANCE_COVERAGE_RATIO (+1.2135), TRANS_LV1 (+0.8522)","VELOCITY_RATIO_AMOUNT_24H_VS_7D × TRANS_LV2 (-0.4131), DAYS_AMOUNT_COMBINED × TRANS_LV2 (-0.4041), TRANS_AMOUNT_Z_SCORE × BALANCE_COVERAGE_RATIO (-0.2480)","TRANS_AMOUNT: 75,800,000.00 -> 68,117,899.70 (-7,682,100.30)",Payment,Credit_card_repayment,2019-12-03,Tue,10,1,75800000.0,NaN,Android,26.56.xx.xx (HN),M,2019-05-29,1987-06-18,0,2019-05-30,BRANCH,1,SMART_OTP,Businessman,75800000.0,1,75800000.0,1,75800000.0,1,75800000.0,1,317300000.0,7,1510293000.0,22,1492431.96125,70275347.51773049,141,2.7083333333333335,0,4485.0,LOGIN,0.0,121.0,0.043763912950767064,-0.8376228017000888
1149,1,0.69415682554245,"Flagged due to: unusual behavior in feature 'TRANS_LV2' (value: 1.00), and transaction amount covers 105.0x monthly average balance, and unusual behavior in feature 'TRANS_LV1' (value: 0.00).","TRANS_LV2 (+2.0689), BALANCE_COVERAGE_RATIO (+1.8289), TRANS_LV1 (+0.8614)","TRANS_AMOUNT_Z_SCORE × TRANS_LV2 (+0.5294), DAYS_AMOUNT_COMBINED × TRANS_LV2 (-0.3556), HOURS_SINCE_SEC_EVENT × BALANCE_COVERAGE_RATIO (+0.2762)","TRANS_AMOUNT: 156,700,000.00 -> 68,457,768.54 (-88,242,231.46)",Payment,Credit_card_repayment,2019-12-03,Tue,13,2,156700000.0,NaN,Android,187.248.xx.xx (HN),M,2019-05-29,1987-06-18,0,2019-05-30,BRANCH,1,SMART_OTP,Businessman,156700000.0,1,232500000.0,2,232500000.0,2,232500000.0,2,474000000.0,8,1666993000.0,23,1492431.96125,70275347.51773049,141,0.125,0,4488.0,LOGIN,0.0,122.0,0.043763912950767064,-0.8376228017000888
1149,1,0.8586052060127258,"Flagged due to: unusual behavior in feature 'TRANS_LV2' (value: 1.00), and transaction amount covers 122.6x monthly average balance, and unusual behavior in feature 'TRANS_LV1' (value: 0.00).","TRANS_LV2 (+2.0689), BALANCE_COVERAGE_RATIO (+1.9670), TRANS_LV1 (+0.8749)","TRANS_AMOUNT_Z_SCORE × TRANS_LV2 (+0.5294), DAYS_AMOUNT_COMBINED × TRANS_LV2 (-0.3556), TRANS_AMOUNT_Z_SCORE × BALANCE_COVERAGE_RATIO (+0.3424)","TRANS_AMOUNT: 183,000,000.00 -> 63,790,729.52 (-119,209,270.48)",Payment,Credit_card_repayment,2019-12-04,Wed,13,2,183000000.0,NaN,Android,84.173.xx.xx (HN),M,2019-05-29,1987-06-18,0,2019-05-30,BRANCH,1,SMART_OTP,Businessman,183000000.0,1,183000000.0,1,361700000.0,3,437500000.0,4,669000000.0,9,1654293000.0,24,1492431.96125,70275347.51773049,141,0.9166666666666666,0,4512.0,LOGIN,0.0,124.0,0.043763912950767064,-0.8376228017000888
1149,1,0.9459854960441589,"Flagged due to: unusual behavior in feature 'TRANS_LV2' (value: 1.00), and transaction amount covers 126.1x monthly average balance, and unusual behavior in feature 'TRANS_LV1' (value: 0.00).","TRANS_LV2 (+2.1226), BALANCE_COVERAGE_RATIO (+1.9228), TRANS_LV1 (+0.8780)","TRANS_AMOUNT_Z_SCORE × TRANS_LV2 (+0.5294), DAYS_AMOUNT_COMBINED × TRANS_LV2 (-0.3547), TRANS_AMOUNT_Z_SCORE × BALANCE_COVERAGE_RATIO (+0.3424)","TRANS_AMOUNT: 188,210,000.00 -> 60,192,680.28 (-128,017,319.72)",Payment,Credit_card_repayment,2019-12-04,Wed,21,3,188210000.0,NaN,Android,67.165.xx.xx (HN),M,2019-05-29,1987-06-18,0,2019-05-30,BRANCH,1,SMART_OTP,Businessman,188210000.0,1,188210000.0,1,421210000.0,3,675710000.0,6,907210000.0,11,1395453000.0,21,1492431.96125,70275347.51773049,141,0.25,0,4520.0,LOGIN,0.0,126.0,0.043763912950767064,-0.8376228017000888
1149,1,0.10898493975400925,"Flagged due to: unusual behavior in feature 'TRANS_LV2' (value: 1.00), and transaction amount covers 46.4x monthly average balance, and unusual behavior in feature 'TRANS_LV1' (value: 0.00).","TRANS_LV2 (+1.6985), BALANCE_COVERAGE_RATIO (+1.1928), TRANS_LV1 (+0.8901)","DAYS_AMOUNT_COMBINED × TRANS_LV2 (-0.4032), TRANS_AMOUNT_Z_SCORE × BALANCE_COVERAGE_RATIO (-0.2624), HOURS_SINCE_SEC_EVENT × BALANCE_COVERAGE_RATIO (+0.2602)","TRANS_AMOUNT: 69,300,000.00 -> 66,264,040.66 (-3,035,959.34)",Payment,Credit_card_repayment,2019-12-04,Wed,22,1,69300000.0,NaN,Android,71.88.xx.xx (HN),M,2019-05-29,1987-06-18,0,2019-05-30,BRANCH,1,SMART_OTP,Businessman,257510000.0,2,257510000.0,2,490510000.0,4,745010000.0,7,976510000.0,12,1464753000.0,22,1492431.96125,70275347.51773049,141,0.041666666666666664,0,4521.0,LOGIN,0.0,127.0,0.043763912950767064,-0.8376228017000888
1149,1,1.0,"Flagged due to: unusual behavior in feature 'TRANS_LV2' (value: 1.00), and transaction amount covers 197.7x monthly average balance, and transaction amount is 4.2x higher than historical average.","TRANS_LV2 (+2.1194), BALANCE_COVERAGE_RATIO (+2.1084), TRANS_AMOUNT_Z_SCORE (+0.9018)","TRANS_AMOUNT_Z_SCORE × TRANS_LV2 (+0.5294), TRANS_AMOUNT_Z_SCORE × BALANCE_COVERAGE_RATIO (+0.4029), DAYS_AMOUNT_COMBINED × TRANS_LV2 (-0.3547)","TRANS_AMOUNT: 295,100,000.00 -> 66,393,391.13 (-228,706,608.87)",Payment,Credit_card_repayment,2019-12-05,Thu,10,2,295100000.0,NaN,Android,218.243.xx.xx (HN),M,2019-05-29,1987-06-18,0,2019-05-30,BRANCH,1,SMART_OTP,Businessman,295100000.0,1,295100000.0,1,785610000.0,5,1040110000.0,8,1271610000.0,13,1759853000.0,23,1492431.96125,70275347.51773049,141,0.5,0,4533.0,LOGIN,0.0,128.0,0.043763912950767064,-0.8376228017000888
1149,1,0.5173883438110352,"Flagged due to: unusual behavior in feature 'TRANS_LV2' (value: 1.00), and transaction amount covers 80.4x monthly average balance, and unusual behavior in feature 'TRANS_LV1' (value: 0.00).","TRANS_LV2 (+2.0024), BALANCE_COVERAGE_RATIO (+1.7325), TRANS_LV1 (+0.7505)","TRANS_AMOUNT_Z_SCORE × TRANS_LV2 (+0.4463), DAYS_AMOUNT_COMBINED × TRANS_LV2 (-0.3547), HOURS_SINCE_SEC_EVENT × BALANCE_COVERAGE_RATIO (+0.2723)","TRANS_AMOUNT: 120,000,000.00 -> 41,699,981.69 (-78,300,018.31)",Payment,Credit_card_repayment,2019-12-05,Thu,12,3,120000000.0,NaN,Android,229.232.xx.xx (HN),M,2019-05-29,1987-06-18,0,2019-05-30,BRANCH,1,SMART_OTP,Businessman,120000000.0,1,415100000.0,2,905610000.0,6,1084310000.0,8,1391610000.0,14,1879853000.0,24,1492431.96125,70275347.51773049,141,0.08333333333333333,0,4535.0,LOGIN,0.0,129.0,0.043763912950767064,-0.8376228017000888
1149,1,0.07223562896251678,"Flagged due to: unusual behavior in feature 'TRANS_LV2' (value: 1.00), and transaction amount covers 33.5x monthly average balance, and unusual behavior in feature 'TRANS_LV1' (value: 0.00).","TRANS_LV2 (+1.4070), BALANCE_COVERAGE_RATIO (+1.0752), TRANS_LV1 (+0.8618)","VELOCITY_RATIO_AMOUNT_24H_VS_7D × TRANS_LV2 (-0.2902), TRANS_AMOUNT_VS_30D_AVG_RATIO × TRANS_LV2 (-0.2897), DAYS_AMOUNT_COMBINED × TRANS_LV2 (-0.1964)","TRANS_AMOUNT: 50,000,000.00 -> 21,559,381.48 (-28,440,618.52)",Payment,Credit_card_repayment,2019-12-11,Wed,20,1,50000000.0,NaN,Android,89.49.xx.xx (HN),M,2019-05-29,1987-06-18,0,2019-05-30,BRANCH,1,SMART_OTP,Businessman,50000000.0,1,50000000.0,1,50000000.0,1,50000000.0,1,867010000.0,7,2074253000.0,27,1492431.96125,70275347.51773049,141,5.458333333333333,0,4687.0,LOGIN_FACEID,0.0,134.0,0.043763912950767064,-0.8376228017000888
1149,1,0.7159349918365479,"Flagged due to: unusual behavior in feature 'TRANS_LV2' (value: 1.00), and transaction amount covers 80.4x monthly average balance, and unusual behavior in feature 'TRANS_LV1' (value: 0.00).","TRANS_LV2 (+2.0077), BALANCE_COVERAGE_RATIO (+1.8532), TRANS_LV1 (+0.8905)","TRANS_AMOUNT_Z_SCORE × TRANS_LV2 (+0.4481), HOURS_SINCE_SEC_EVENT × BALANCE_COVERAGE_RATIO (+0.2355), DAYS_AMOUNT_COMBINED × TRANS_LV2 (-0.2342)","TRANS_AMOUNT: 120,000,000.00 -> 20,551,757.81 (-99,448,242.19)",Payment,Credit_card_repayment,2019-12-16,Mon,14,1,120000000.0,NaN,Android,117.227.xx.xx (HN),M,2019-05-29,1987-06-18,0,2019-05-30,BRANCH,1,SMART_OTP,Businessman,120000000.0,1,120000000.0,1,120000000.0,1,120000000.0,1,170000000.0,2,2194253000.0,28,1492431.96125,70275347.51773049,141,4.75,0,4801.0,LOGIN,0.028368792314270048,141.0,0.043763912950767064,-0.8376228017000888
1149,1,0.16100727021694183,"Flagged due to: unusual behavior in feature 'TRANS_LV2' (value: 1.00), and transaction amount covers 40.2x monthly average balance, and unusual behavior in feature 'TRANS_LV1' (value: 0.00).","TRANS_LV2 (+1.5571), BALANCE_COVERAGE_RATIO (+1.1947), TRANS_LV1 (+0.8976)","TRANS_AMOUNT_VS_30D_AVG_RATIO × TRANS_LV2 (-0.3936), TRANS_AMOUNT_Z_SCORE × BALANCE_COVERAGE_RATIO (-0.2214), DAYS_AMOUNT_COMBINED × TRANS_LV2 (-0.1964)","TRANS_AMOUNT: 60,000,000.00 -> 11,088,924.41 (-48,911,075.59)",Payment,Credit_card_repayment,2019-12-23,Mon,15,1,60000000.0,NaN,Android,149.210.xx.xx (HN),M,2019-05-29,1987-06-18,0,2019-05-30,BRANCH,1,SMART_OTP,Businessman,60000000.0,1,60000000.0,1,60000000.0,1,60000000.0,1,60000000.0,1,1934021000.0,22,1492431.96125,70275347.51773049,141,7.041666666666667,0,4970.0,LOGIN_FACEID,0.04109588759617208,146.0,0.043763912950767064,-0.8376228017000888
1149,1,0.04692663624882698,"Flagged due to: unusual behavior in feature 'TRANS_LV2' (value: 1.00), and transaction amount covers 26.8x monthly average balance, and unusual behavior in feature 'TRANS_LV1' (value: 0.00).","TRANS_LV2 (+1.4096), BALANCE_COVERAGE_RATIO (+0.9378), TRANS_LV1 (+0.8600)","TRANS_AMOUNT_VS_30D_AVG_RATIO × TRANS_LV2 (-0.4998), DAYS_AMOUNT_COMBINED × TRANS_LV2 (-0.4554), HOURS_SINCE_SEC_EVENT × BALANCE_COVERAGE_RATIO (+0.1911)","TRANS_AMOUNT: 40,000,000.00 -> 33,971,443.18 (-6,028,556.82)",Payment,Credit_card_repayment,2019-12-23,Mon,16,1,40000000.0,NaN,Android,16.252.xx.xx (HN),M,2019-05-29,1987-06-18,0,2019-05-30,BRANCH,1,SMART_OTP,Businessman,100000000.0,2,100000000.0,2,100000000.0,2,100000000.0,2,100000000.0,2,1974021000.0,23,1492431.96125,70275347.51773049,141,0.041666666666666664,0,4971.0,LOGIN_FACEID,0.04729729410153418,148.0,0.043763912950767064,-0.8376228017000888
1149,1,0.05971891060471535,"Flagged due to: unusual behavior in feature 'TRANS_LV2' (value: 1.00), and transaction amount covers 25.6x monthly average balance, and unusual behavior in feature 'TRANS_LV1' (value: 0.00).","TRANS_LV2 (+1.4070), BALANCE_COVERAGE_RATIO (+0.8782), TRANS_LV1 (+0.8628)","VELOCITY_RATIO_AMOUNT_24H_VS_7D × TRANS_LV2 (-0.2902), TRANS_AMOUNT_VS_30D_AVG_RATIO × TRANS_LV2 (-0.2897), DAYS_AMOUNT_COMBINED × TRANS_LV2 (-0.1964)","TRANS_AMOUNT: 38,250,000.00 -> 18,274,806.26 (-19,975,193.74)",Payment,Credit_card_repayment,2019-12-29,Sun,21,1,38250000.0,NaN,Android,187.202.xx.xx (HN),M,2019-05-29,1987-06-18,0,2019-05-30,BRANCH,1,SMART_OTP,Businessman,38250000.0,1,38250000.0,1,38250000.0,1,38250000.0,1,138250000.0,3,1819560000.0,20,1492431.96125,70275347.51773049,141,6.208333333333333,0,5120.0,LOGIN_FACEID,0.053333329777778014,150.0,0.043763912950767064,-0.8376228017000888
1193,1,0.053318172693252563,"Flagged due to: transaction amount is 12.7x higher than historical average, and transaction amount covers 51.3x monthly average balance, and transaction amount is 5.2x higher than 30-day average transaction size.","TRANS_AMOUNT_Z_SCORE (+2.0009), BALANCE_COVERAGE_RATIO (+1.3519), TRANS_AMOUNT_VS_30D_AVG_RATIO (+0.2971)","TRANS_AMOUNT_Z_SCORE × BALANCE_COVERAGE_RATIO (+0.2094), TRANS_AMOUNT_Z_SCORE × TRANS_LV1 (-0.1715), BALANCE_COVERAGE_RATIO × DAYS_AMOUNT_COMBINED (+0.1568)","TRANS_AMOUNT: 420,000,000.00 -> 370,783,653.26 (-49,216,346.74)",Transfer,Outside_bank,2019-10-01,Tue,17,3,420000000.0,940909,Android,129.210.xx.xx (HCM),M,2019-08-06,1991-06-15,1,2019-08-06,BRANCH,1,SMART_OTP,State servant,420000000.0,1,420000000.0,1,420000000.0,1,420000000.0,1,432000000.0,4,1124348090.0,14,8188872.114,33164307.317460317,63,5.083333333333333,1,342.0,LOGIN,0.0,41.0,0.11603138968675326,-1.1999667435086945
1193,1,0.0778426080942154,"Flagged due to: transaction amount is 9.0x higher than historical average, and transaction amount covers 36.6x monthly average balance, and transaction amount is 10.3x higher than 30-day average transaction size.","TRANS_AMOUNT_Z_SCORE (+2.2257), BALANCE_COVERAGE_RATIO (+1.0893), TRANS_AMOUNT_VS_30D_AVG_RATIO (+0.4008)","TRANS_AMOUNT_Z_SCORE × BALANCE_COVERAGE_RATIO (+0.2597), BALANCE_COVERAGE_RATIO × VELOCITY_RATIO_AMOUNT_7D_VS_30D (-0.1617), TRANS_AMOUNT_Z_SCORE × TRANS_LV1 (-0.1586)","TRANS_AMOUNT: 300,000,000.00 -> 237,414,836.88 (-62,585,163.12)",Transfer,Outside_bank,2019-12-09,Mon,10,1,300000000.0,789020,Android,103.6.xx.xx (HCM),M,2019-08-06,1991-06-15,1,2019-08-06,BRANCH,1,SMART_OTP,State servant,300000000.0,1,302800000.0,2,302800000.0,2,302800000.0,2,323480000.0,5,496865000.0,17,8188872.114,33164307.317460317,63,0.08333333333333333,2,1991.0,LOGIN,0.0,103.0,0.11603138968675326,-1.1999667435086945
1212,1,0.06917636841535568,"Flagged due to: long inactivity period (102.9 days since last transaction), and unusual combination of high transaction amount and long inactivity period (combined score: 67.37), and sudden 7d spending volume spike relative to 30 days (ratio: 100.0%).","DAYS_SINCE_LAST_TRANS (+1.9974), DAYS_AMOUNT_COMBINED (+1.1953), VELOCITY_RATIO_AMOUNT_7D_VS_30D (+0.2734)","DAYS_SINCE_LAST_TRANS × BALANCE_COVERAGE_RATIO (+0.1455), DAYS_SINCE_LAST_TRANS × DAYS_AMOUNT_COMBINED (+0.1338), DAYS_SINCE_LAST_TRANS × TRANS_LV2 (+0.0968)","TRANS_AMOUNT: 2,000,000.00 -> 531,839.37 (-1,468,160.63)",Transfer,Outside_bank,2019-08-03,Sat,21,1,2000000.0,890971,iOS,2.170.xx.xx (DN),M,2019-04-23,1974-07-10,0,2019-04-23,BRANCH,1,SMS,Commercial associate,2000000.0,1,2000000.0,1,2000000.0,1,2000000.0,1,2000000.0,1,2000000.0,1,1088404.4542857143,866666.6666666666,3,102.875,1,1783.0,LOGIN_FINGER,0.4285712244898931,21.0,0.0,-1.1130249627770905
1217,1,0.10238000005483627,"Flagged due to: long inactivity period (102.1 days since last transaction), and unusual combination of high transaction amount and long inactivity period (combined score: 74.72), and sudden 7d spending volume spike relative to 30 days (ratio: 100.0%).","DAYS_SINCE_LAST_TRANS (+2.0961), DAYS_AMOUNT_COMBINED (+1.4929), VELOCITY_RATIO_AMOUNT_7D_VS_30D (+0.3203)","DAYS_SINCE_LAST_TRANS × DAYS_AMOUNT_COMBINED (+0.3386), HOURS_SINCE_SEC_EVENT × BALANCE_COVERAGE_RATIO (-0.1462), DAYS_SINCE_LAST_TRANS × BALANCE_COVERAGE_RATIO (+0.1196)","TRANS_AMOUNT: 10,000,000.00 -> 543,537.14 (-9,456,462.86)",Transfer,Outside_bank,2019-11-24,Sun,12,1,10000000.0,482871,iOS,128.93.xx.xx (BD),M,2019-03-04,1989-09-12,0,2019-04-03,BRANCH,1,SMART_OTP,Commercial associate,10000000.0,1,10000000.0,1,10000000.0,1,10000000.0,1,10000000.0,1,10000000.0,1,14917065.887,5994444.444444444,9,102.08333333333333,1,5593.0,LOGIN,0.0,15.0,0.4664176299862077,-1.0479868494408155
1285,1,0.3114013373851776,"Flagged due to: transaction amount is 9.7x higher than historical average, and transaction amount covers 38.8x monthly average balance, and transaction amount leading digits deviation from Benford's Law (score: 1.0182).","TRANS_AMOUNT_Z_SCORE (+1.8012), BALANCE_COVERAGE_RATIO (+1.1488), BENFORD_DEV (+0.7767)","TRANS_AMOUNT_Z_SCORE × DAYS_AMOUNT_COMBINED (-0.3305), BALANCE_COVERAGE_RATIO × DAYS_AMOUNT_COMBINED (-0.2194), TRANS_AMOUNT_Z_SCORE × BALANCE_COVERAGE_RATIO (+0.1386)","TRANS_AMOUNT: 21,000,000.00 -> 11,514,736.18 (-9,485,263.82)",Transfer,Within_bank,2019-11-04,Mon,19,1,21000000.0,666409,iOS,142.25.xx.xx (DN),M,2019-07-31,1996-09-04,0,2019-09-07,BRANCH,1,SMS,Commercial associate,21000000.0,1,21000000.0,1,21000000.0,1,21000000.0,1,21000000.0,1,21050000.0,2,541539.8525,2169230.769230769,13,24.5,1,742.0,LOGIN,0.0,27.0,1.018176851611001,-1.503696587781348
1368,1,0.05434713885188103,"Flagged due to: transaction amount covers 69.4x monthly average balance, and transaction amount leading digits deviation from Benford's Law (score: 0.9021), and sudden 7d spending volume spike relative to 30 days (ratio: 96.2%).","BALANCE_COVERAGE_RATIO (+1.8015), BENFORD_DEV (+0.7836), VELOCITY_RATIO_AMOUNT_7D_VS_30D (+0.2402)","TRANS_AMOUNT_Z_SCORE × BALANCE_COVERAGE_RATIO (+0.2826), BALANCE_COVERAGE_RATIO × DAYS_AMOUNT_COMBINED (+0.2160), DAYS_SINCE_LAST_TRANS × BALANCE_COVERAGE_RATIO (+0.1464)","TRANS_AMOUNT: 5,000,000.00 -> 4,356,427.19 (-643,572.81)",Transfer,Outside_bank,2019-12-27,Fri,13,1,5000000.0,708086,iOS,132.224.xx.xx (HN),F,2019-10-18,1989-08-20,0,2019-10-18,BRANCH,0,SMART_OTP,Businessman,5000000.0,1,5000000.0,1,5000000.0,1,5000000.0,1,5000000.0,1,5196612.0,5,72040.14,1756905.4444444445,9,7.166666666666667,1,1583.0,LOGIN,0.0,24.0,0.9020675910181324,-0.9857276406644706
1368,1,0.05831544101238251,"Flagged due to: transaction amount covers 138.8x monthly average balance, and transaction amount leading digits deviation from Benford's Law (score: 0.9021), and transaction amount is 5.7x higher than historical average.","BALANCE_COVERAGE_RATIO (+1.6808), BENFORD_DEV (+0.7247), TRANS_AMOUNT_Z_SCORE (+0.6432)","TRANS_AMOUNT_Z_SCORE × TRANS_LV1 (-0.3813), TRANS_AMOUNT_Z_SCORE × BALANCE_COVERAGE_RATIO (+0.3477), TRANS_HOUR × BALANCE_COVERAGE_RATIO (+0.1433)","TRANS_AMOUNT: 10,000,000.00 -> 9,608,078.00 (-391,922.00)",Transfer,Outside_bank,2019-12-27,Fri,14,2,10000000.0,768353,iOS,152.125.xx.xx (HN),F,2019-10-18,1989-08-20,0,2019-10-18,BRANCH,0,SMART_OTP,Businessman,10000000.0,1,15000000.0,2,15000000.0,2,15000000.0,2,15000000.0,2,15196612.0,6,72040.14,1756905.4444444445,9,0.041666666666666664,2,1584.0,LOGIN,0.0,25.0,0.9020675910181324,-0.9857276406644706
1546,1,0.3188900947570801,"Flagged due to: unusual behavior in feature 'TRANS_LV2' (value: 1.00), and unusual behavior in feature 'TRANS_LV1' (value: 0.00), and transaction amount leading digits deviation from Benford's Law (score: 0.5963).","TRANS_LV2 (+1.8649), TRANS_LV1 (+0.9112), BENFORD_DEV (+0.3259)","DAYS_AMOUNT_COMBINED × TRANS_LV2 (-0.2818), DAYS_SINCE_LAST_TRANS × BALANCE_COVERAGE_RATIO (-0.2778), BALANCE_COVERAGE_RATIO × TRANS_LV2 (+0.1607)",,Payment,Credit_card_repayment,2019-08-23,Fri,11,1,760000.0,NaN,Android,251.128.xx.xx (HN),M,2019-02-27,1991-02-28,0,2019-03-11,BRANCH,0,SMART_OTP,Working,760000.0,1,760000.0,1,760000.0,1,760000.0,1,760000.0,1,760000.0,1,93487.00181818182,768031.2857142857,7,30.125,0,3951.0,LOGIN,0.0,14.0,0.5962833139603892,-1.6158175110812043
1546,1,0.4854682683944702,"Flagged due to: unusual behavior in feature 'TRANS_LV2' (value: 1.00), and unusual behavior in feature 'TRANS_LV1' (value: 0.00), and transaction amount leading digits deviation from Benford's Law (score: 0.5963).","TRANS_LV2 (+1.7581), TRANS_LV1 (+0.8998), BENFORD_DEV (+0.4362)","DAYS_AMOUNT_COMBINED × TRANS_LV2 (-0.2818), DAYS_SINCE_LAST_TRANS × BALANCE_COVERAGE_RATIO (-0.2757), DAYS_SINCE_LAST_TRANS × TRANS_LV2 (-0.1823)",,Payment,Credit_card_repayment,2019-09-24,Tue,7,1,709917.0,NaN,Android,34.134.xx.xx (HN),M,2019-02-27,1991-02-28,0,2019-03-11,BRANCH,0,SMART_OTP,Working,709917.0,1,709917.0,1,709917.0,1,709917.0,1,709917.0,1,709917.0,1,93487.00181818182,768031.2857142857,7,31.833333333333332,0,4715.0,LOGIN,0.0,18.0,0.5962833139603892,-1.6158175110812043
1546,1,0.2612472474575043,"Flagged due to: unusual behavior in feature 'TRANS_LV2' (value: 1.00), and unusual behavior in feature 'TRANS_LV1' (value: 0.00), and transaction amount covers 10.9x monthly average balance.","TRANS_LV2 (+1.7987), TRANS_LV1 (+0.7517), BALANCE_COVERAGE_RATIO (+0.4818)","DAYS_SINCE_LAST_TRANS × BALANCE_COVERAGE_RATIO (-0.3956), DAYS_AMOUNT_COMBINED × TRANS_LV2 (-0.2827), BALANCE_COVERAGE_RATIO × TRANS_LV2 (+0.2332)","TRANS_AMOUNT: 1,018,559.00 -> 189,803.48 (-828,755.52)",Payment,Credit_card_repayment,2019-10-23,Wed,21,1,1018559.0,NaN,Android,57.196.xx.xx (HN),M,2019-02-27,1991-02-28,0,2019-03-11,BRANCH,0,SMART_OTP,Working,1018559.0,1,1018559.0,1,1018559.0,1,1018559.0,1,1018559.0,1,1728476.0,2,93487.00181818182,768031.2857142857,7,29.583333333333332,0,0.0,LOGIN_FINGER,0.0,21.0,0.5962833139603892,-1.6158175110812043
1546,1,0.8478930592536926,"Flagged due to: unusual behavior in feature 'TRANS_LV2' (value: 1.00), and unusual behavior in feature 'TRANS_LV1' (value: 0.00), and transaction amount covers 12.6x monthly average balance.","TRANS_LV2 (+2.0683), TRANS_LV1 (+0.6558), BALANCE_COVERAGE_RATIO (+0.5376)","TRANS_AMOUNT_Z_SCORE × TRANS_LV2 (+0.4650), DAYS_SINCE_LAST_TRANS × BALANCE_COVERAGE_RATIO (-0.3842), HOURS_SINCE_SEC_EVENT × TRANS_LV1 (-0.2703)",,Payment,Credit_card_repayment,2019-11-25,Mon,11,1,1180948.0,NaN,Android,190.71.xx.xx (HN),M,2019-02-27,1991-02-28,0,2019-03-11,BRANCH,0,SMART_OTP,Working,1180948.0,1,1180948.0,1,1180948.0,1,1180948.0,1,1180948.0,1,1180948.0,1,93487.00181818182,768031.2857142857,7,32.583333333333336,0,0.0,LOGIN_FINGER,0.18181812672177977,33.0,0.5962833139603892,-1.6158175110812043
1546,1,1.0,"Flagged due to: unusual behavior in feature 'TRANS_HOUR' (value: 0.00), and unusual behavior in feature 'TRANS_LV1' (value: 0.00), and unusual behavior in feature 'TRANS_LV2' (value: 1.00).","TRANS_HOUR (+2.9932), TRANS_LV1 (+1.2030), TRANS_LV2 (+1.1205)","TRANS_HOUR × TRANS_LV2 (-0.8319), TRANS_HOUR × TRANS_LV1 (+0.5853), TRANS_AMOUNT_VS_30D_AVG_RATIO × TRANS_LV2 (-0.3936)",,Payment,Credit_card_repayment,2019-12-25,Wed,0,1,1061901.0,NaN,Android,164.179.xx.xx (HN),M,2019-02-27,1991-02-28,0,2019-03-11,BRANCH,0,SMART_OTP,Working,1061901.0,1,1061901.0,1,1061901.0,1,1061901.0,1,1061901.0,1,2242849.0,2,93487.00181818182,768031.2857142857,7,29.541666666666668,0,709.0,LOGIN,0.1891891380569897,37.0,0.5962833139603892,-1.6158175110812043
1576,1,0.5220922231674194,"Flagged due to: long inactivity period (255.8 days since last transaction), and unusual combination of high transaction amount and long inactivity period (combined score: 78.90), and recent security credential modification (7197.0 hours ago).","DAYS_SINCE_LAST_TRANS (+2.6286), DAYS_AMOUNT_COMBINED (+1.5669), HOURS_SINCE_SEC_EVENT (+0.5116)","DAYS_SINCE_LAST_TRANS × DAYS_AMOUNT_COMBINED (+0.3386), DAYS_SINCE_LAST_TRANS × TRANS_LV2 (+0.2290), DAYS_SINCE_LAST_TRANS × BALANCE_COVERAGE_RATIO (+0.1441)",,Topup,eWallet,2019-12-23,Mon,10,2,1500000.0,NaN,iOS,170.171.xx.xx (HN),M,2019-02-26,1995-08-28,0,2019-02-26,BRANCH,1,SMS,Working,1500000.0,1,1500000.0,1,1500000.0,1,1500000.0,1,1500000.0,1,1500000.0,1,426035.72181818174,1078166.6666666667,6,255.83333333333334,0,7197.0,LOGIN,0.47368408587260896,38.0,0.519394379045794,-1.0564511194805355
1649,1,1.0,"Flagged due to: unusual behavior in feature 'TRANS_LV2' (value: 1.00), and transaction amount is 8.2x higher than historical average, and unusual behavior in feature 'TRANS_LV1' (value: 0.00).","TRANS_LV2 (+2.1289), TRANS_AMOUNT_Z_SCORE (+1.9103), TRANS_LV1 (+1.0253)","TRANS_AMOUNT_Z_SCORE × DAYS_AMOUNT_COMBINED (-0.4558), TRANS_AMOUNT_Z_SCORE × TRANS_LV2 (+0.2720), DAYS_AMOUNT_COMBINED × TRANS_LV2 (-0.2454)","TRANS_AMOUNT: 30,546,141.00 -> 5,658,448.19 (-24,887,692.81)",Payment,Credit_card_repayment,2019-12-05,Thu,15,1,30546141.0,NaN,Web,250.22.xx.xx (HN),M,2019-01-15,1991-10-25,0,2019-09-13,AUTO-JOB,0,SMART_OTP,Commercial associate,30546141.0,1,30546141.0,1,30546141.0,1,30546141.0,1,30546141.0,1,31595141.0,3,1218257.0591666668,3718414.1,10,14.041666666666666,0,1242.0,LOGIN_FACEID,0.4533332728888969,75.0,0.39921897710986737,-1.146478698109947
1832,1,0.069334976375103,"Flagged due to: unusual behavior in feature 'TRANS_LV2' (value: 1.00), and unusual behavior in feature 'TRANS_LV1' (value: 0.00), and sudden 7d spending volume spike relative to 30 days (ratio: 100.0%).","TRANS_LV2 (+1.9501), TRANS_LV1 (+0.8811), VELOCITY_RATIO_AMOUNT_7D_VS_30D (+0.2739)","TRANS_AMOUNT_Z_SCORE × TRANS_LV2 (+0.4766), DAYS_AMOUNT_COMBINED × TRANS_LV2 (-0.4387), DAYS_AMOUNT_COMBINED × TRANS_LV1 (-0.1300)","TRANS_AMOUNT: 1,358,000.00 -> 956,821.35 (-401,178.65)",Payment,Credit_card_repayment,2019-05-15,Wed,19,1,1358000.0,NaN,Android,161.43.xx.xx (HN),M,2019-04-03,1989-08-22,0,2019-05-04,MYbank,1,SMART_OTP,Working,1458000.0,2,1458000.0,2,1458000.0,2,1458000.0,2,1458000.0,2,1458000.0,2,187170.29499999998,486705.8823529412,17,0.041666666666666664,0,275.0,LOGIN,0.0,2.0,0.4879552695513791,-1.5501346876343916
1832,1,0.07695014774799347,"Flagged due to: unusual behavior in feature 'TRANS_LV2' (value: 1.00), and unusual behavior in feature 'TRANS_LV1' (value: 0.00), and sudden 7d spending volume spike relative to 30 days (ratio: 100.0%).","TRANS_LV2 (+1.9490), TRANS_LV1 (+0.8915), VELOCITY_RATIO_AMOUNT_7D_VS_30D (+0.2920)","TRANS_AMOUNT_Z_SCORE × TRANS_LV2 (+0.4766), DAYS_AMOUNT_COMBINED × TRANS_LV2 (-0.4387), DAYS_AMOUNT_COMBINED × TRANS_LV1 (-0.1300)","TRANS_AMOUNT: 1,355,000.00 -> 740,638.29 (-614,361.71)",Payment,Credit_card_repayment,2019-07-17,Wed,7,1,1355000.0,NaN,Android,100.98.xx.xx (HN),M,2019-04-03,1989-08-22,0,2019-05-04,MYbank,1,SMART_OTP,Working,1455000.0,2,1455000.0,2,1455000.0,2,1455000.0,2,1455000.0,2,1455000.0,2,187170.29499999998,486705.8823529412,17,0.0,0,689.0,LOGIN_FINGER,0.3333331944445023,24.0,0.4879552695513791,-1.5501346876343916
1832,1,0.07303737103939056,"Flagged due to: unusual behavior in feature 'TRANS_LV2' (value: 1.00), and unusual behavior in feature 'TRANS_LV1' (value: 0.00), and sudden 7d spending volume spike relative to 30 days (ratio: 100.0%).","TRANS_LV2 (+1.9389), TRANS_LV1 (+0.8561), VELOCITY_RATIO_AMOUNT_7D_VS_30D (+0.3259)","TRANS_AMOUNT_Z_SCORE × TRANS_LV2 (+0.5294), DAYS_AMOUNT_COMBINED × TRANS_LV2 (-0.3547), BALANCE_COVERAGE_RATIO × TRANS_LV2 (-0.1215)","TRANS_AMOUNT: 1,356,000.00 -> 956,821.76 (-399,178.24)",Payment,Credit_card_repayment,2019-08-16,Fri,23,1,1356000.0,NaN,Android,169.231.xx.xx (HN),M,2019-04-03,1989-08-22,0,2019-05-04,MYbank,1,SMART_OTP,Working,1356000.0,1,1356000.0,1,1356000.0,1,1956000.0,2,1986000.0,3,1986000.0,3,187170.29499999998,486705.8823529412,17,1.125,0,1425.0,LOGIN,0.3870966493236615,31.0,0.4879552695513791,-1.5501346876343916
1936,1,0.637138843536377,"Flagged due to: unusual behavior in feature 'TRANS_HOUR' (value: 2.00), and transaction amount is 10.2x higher than historical average, and transaction amount is 11.7x higher than 30-day average transaction size.","TRANS_HOUR (+2.7846), TRANS_AMOUNT_Z_SCORE (+2.1692), TRANS_AMOUNT_VS_30D_AVG_RATIO (+0.5441)","TRANS_HOUR × VELOCITY_RATIO_AMOUNT_7D_VS_30D (+0.4263), TRANS_HOUR × TRANS_AMOUNT_VS_30D_AVG_RATIO (+0.3258), TRANS_HOUR × BALANCE_COVERAGE_RATIO (+0.2606)","TRANS_AMOUNT: 50,000,000.00 -> 5,830,574.04 (-44,169,425.96)",Transfer,Outside_bank,2019-11-06,Wed,2,1,50000000.0,266305,Android,132.200.xx.xx (CT),M,2019-10-11,1996-03-04,0,2019-10-11,BRANCH,1,SMART_OTP,State servant,50000000.0,1,50000000.0,1,60000000.0,2,60000000.0,2,65087000.0,7,68127000.0,16,52256272.38666666,4890741.379310345,58,0.4583333333333333,2,615.0,LOGIN,0.47058816608997556,68.0,0.23505893845611014,-1.3069872441872068
1985,1,0.057825811207294464,"Flagged due to: long inactivity period (92.6 days since last transaction), and unusual combination of high transaction amount and long inactivity period (combined score: 62.71), and sudden 7d spending volume spike relative to 30 days (ratio: 100.0%).","DAYS_SINCE_LAST_TRANS (+1.9985), DAYS_AMOUNT_COMBINED (+1.2088), VELOCITY_RATIO_AMOUNT_7D_VS_30D (+0.2866)","DAYS_SINCE_LAST_TRANS × DAYS_AMOUNT_COMBINED (+0.1338), DAYS_SINCE_LAST_TRANS × BALANCE_COVERAGE_RATIO (+0.1249), DAYS_SINCE_LAST_TRANS × TRANS_LV2 (+0.0968)","TRANS_AMOUNT: 1,000,000.00 -> 719,162.94 (-280,837.06)",Transfer,Outside_bank,2019-10-01,Tue,15,1,1000000.0,379339,Android,39.128.xx.xx (BD),F,2019-07-01,2000-08-15,0,2019-07-01,BRANCH,1,SMART_OTP,Working,1000000.0,1,1000000.0,1,1000000.0,1,1000000.0,1,1000000.0,1,1000000.0,1,2746059.034,619764.7058823529,17,92.625,1,999.0,LOGIN,0.49999977272737606,22.0,0.3310893403771584,-1.107081427224792
2021,1,0.6568458080291748,"Flagged due to: transaction amount is 14.7x higher than historical average, and unusual behavior in feature 'TRANS_LV2' (value: 1.00), and unusual behavior in feature 'TRANS_LV1' (value: 0.00).","TRANS_AMOUNT_Z_SCORE (+2.3682), TRANS_LV2 (+1.8483), TRANS_LV1 (+1.0346)","DAYS_AMOUNT_COMBINED × TRANS_LV2 (-0.3208), TRANS_AMOUNT_Z_SCORE × DAYS_AMOUNT_COMBINED (+0.3186), TRANS_AMOUNT_Z_SCORE × TRANS_LV1 (+0.2515)","TRANS_AMOUNT: 50,000,000.00 -> 15,521,383.29 (-34,478,616.71)",Payment,Credit_card_repayment,2019-10-24,Thu,22,1,50000000.0,NaN,iOS,68.30.xx.xx (HCM),M,2019-06-03,1993-07-27,1,2019-06-04,BRANCH,1,SMART_OTP,Working,52434000.0,2,52434000.0,2,52434000.0,2,55258000.0,5,106578000.0,10,164270001.0,39,8400146.7,3397966.7976190476,252,0.041666666666666664,0,3327.0,LOGIN,0.4872611309789449,314.0,0.059203318089263005,-1.3259916181717284
2021,1,0.2711821496486664,"Flagged due to: transaction amount is 7.1x higher than historical average, and unusual behavior in feature 'TRANS_LV2' (value: 1.00), and unusual behavior in feature 'TRANS_LV1' (value: 0.00).","TRANS_AMOUNT_Z_SCORE (+1.8674), TRANS_LV2 (+1.8502), TRANS_LV1 (+1.3059)","TRANS_AMOUNT_Z_SCORE × TRANS_LV2 (+0.7061), TRANS_AMOUNT_Z_SCORE × TRANS_LV1 (+0.6645), BALANCE_COVERAGE_RATIO × TRANS_LV2 (-0.3492)","TRANS_AMOUNT: 24,100,000.00 -> 16,419,747.64 (-7,680,252.36)",Payment,Credit_card_repayment,2019-11-12,Tue,15,1,24100000.0,NaN,iOS,53.72.xx.xx (HCM),M,2019-06-03,1993-07-27,1,2019-06-04,BRANCH,1,SMART_OTP,Working,42100000.0,2,42100000.0,2,48260000.0,4,48640000.0,6,81913000.0,11,233630002.0,49,8400146.7,3397966.7976190476,252,0.16666666666666666,2,3776.0,LOGIN,0.487119426531161,427.0,0.059203318089263005,-1.3259916181717284
2021,1,0.12138105183839798,"Flagged due to: unusual behavior in feature 'TRANS_LV2' (value: 1.00), and transaction amount is 5.9x higher than historical average, and unusual behavior in feature 'TRANS_LV1' (value: 0.00).","TRANS_LV2 (+1.8502), TRANS_AMOUNT_Z_SCORE (+1.2406), TRANS_LV1 (+1.1765)","TRANS_AMOUNT_Z_SCORE × TRANS_LV2 (+0.7061), TRANS_AMOUNT_Z_SCORE × TRANS_LV1 (+0.4384), BALANCE_COVERAGE_RATIO × TRANS_LV2 (-0.3492)","TRANS_AMOUNT: 20,000,000.00 -> 15,521,373.75 (-4,478,626.25)",Payment,Credit_card_repayment,2019-12-12,Thu,17,1,20000000.0,NaN,iOS,161.68.xx.xx (HCM),M,2019-06-03,1993-07-27,1,2019-06-04,BRANCH,1,SMART_OTP,Working,20000000.0,1,20000000.0,1,23335000.0,3,23835000.0,4,41842000.0,12,256454527.0,61,8400146.7,3397966.7976190476,252,0.16666666666666666,2,4498.0,LOGIN_FACEID,0.4871382558337901,622.0,0.059203318089263005,-1.3259916181717284
2021,1,0.31415054202079773,"Flagged due to: transaction amount is 7.4x higher than historical average, and unusual behavior in feature 'TRANS_LV2' (value: 1.00), and unusual behavior in feature 'TRANS_LV1' (value: 0.00).","TRANS_AMOUNT_Z_SCORE (+2.2446), TRANS_LV2 (+1.6649), TRANS_LV1 (+1.0654)","TRANS_AMOUNT_Z_SCORE × TRANS_LV2 (+0.3690), BALANCE_COVERAGE_RATIO × TRANS_LV2 (-0.3492), TRANS_AMOUNT_Z_SCORE × DAYS_AMOUNT_COMBINED (+0.3246)","TRANS_AMOUNT: 25,000,000.00 -> 17,159,461.98 (-7,840,538.02)",Payment,Credit_card_repayment,2019-12-16,Mon,14,1,25000000.0,NaN,iOS,8.62.xx.xx (HCM),M,2019-06-03,1993-07-27,1,2019-06-04,BRANCH,1,SMART_OTP,Working,25000000.0,1,25000000.0,1,25780000.0,3,25780000.0,3,59267000.0,12,287771527.0,63,8400146.7,3397966.7976190476,252,0.7083333333333334,2,4591.0,LOGIN_FACEID,0.4876543134621248,648.0,0.059203318089263005,-1.3259916181717284
2174,1,0.07785406708717346,"Flagged due to: transaction amount is 59.0x higher than historical average, and transaction amount covers 18.2x monthly average balance, and unusual combination of high transaction amount shortly after a security credential update (combined score: 151.88).","TRANS_AMOUNT_Z_SCORE (+2.0141), BALANCE_COVERAGE_RATIO (+0.5875), SEC_AMOUNT_COMBINED (+0.4788)","TRANS_AMOUNT_Z_SCORE × DAYS_AMOUNT_COMBINED (+0.1599), TRANS_AMOUNT_Z_SCORE × TRANS_LV1 (-0.1471), VELOCITY_RATIO_AMOUNT_7D_VS_30D × TRANS_LV1 (+0.1394)","TRANS_AMOUNT: 230,000,000.00 -> 93,328,266.14 (-136,671,733.86)",Transfer,Outside_bank,2019-12-02,Mon,10,1,230000000.0,712611,iOS,167.107.xx.xx (BD),F,2019-02-13,1996-08-27,0,2019-08-13,BRANCH,0,SMART_OTP,Unemployed,230000000.0,1,230000000.0,1,230000000.0,1,233000000.0,2,233460000.0,3,235454000.0,7,12640694.629999999,3896242.4242424243,66,1.5,1,2665.0,LOGIN_FINGER,0.4772727001549602,176.0,0.1572682921701853,-1.2404960505148033
2188,1,0.2393004447221756,"Flagged due to: long inactivity period (79.6 days since last transaction), and unusual combination of high transaction amount and long inactivity period (combined score: 72.42), and transaction amount is 6.0x higher than historical average.","DAYS_SINCE_LAST_TRANS (+1.8820), DAYS_AMOUNT_COMBINED (+1.5027), TRANS_AMOUNT_Z_SCORE (+0.3034)","DAYS_SINCE_LAST_TRANS × DAYS_AMOUNT_COMBINED (+0.3307), TRANS_AMOUNT_Z_SCORE × TRANS_LV1 (-0.3304), TRANS_AMOUNT_Z_SCORE × DAYS_AMOUNT_COMBINED (-0.1705)","TRANS_AMOUNT: 14,600,000.00 -> 162,015.53 (-14,437,984.47)",Transfer,Outside_bank,2019-07-24,Wed,13,1,14600000.0,26995,Android,31.114.xx.xx (NA),F,2019-02-19,1995-01-26,0,2019-02-19,BRANCH,0,SMART_OTP,State servant,14600000.0,1,14600000.0,1,14600000.0,1,14600000.0,1,14600000.0,1,14600000.0,1,1841409.1318181818,2426923.076923077,13,79.625,1,3723.0,LOGIN_FACEID,0.4615383431952966,39.0,0.7205894014008791,-1.532777755151182
2234,1,0.17299850285053253,"Flagged due to: unusual behavior in feature 'TRANS_HOUR' (value: 1.00), and sudden 7d spending volume spike relative to 30 days (ratio: 100.0%), and transaction amount leading digits deviation from Benford's Law (score: 0.6307).","TRANS_HOUR (+3.5403), VELOCITY_RATIO_AMOUNT_7D_VS_30D (+0.4481), BENFORD_DEV (+0.3455)","TRANS_HOUR × VELOCITY_RATIO_AMOUNT_7D_VS_30D (+0.3325), TRANS_HOUR × BALANCE_COVERAGE_RATIO (+0.2955), TRANS_HOUR × VELOCITY_RATIO_AMOUNT_24H_VS_7D (+0.2761)",,Transfer,Outside_bank,2019-12-08,Sun,1,1,600000.0,797163,iOS,50.248.xx.xx (HN),M,2019-11-19,1994-09-22,0,2019-11-19,BRANCH,1,SMART_OTP,Working,600000.0,1,600000.0,1,600000.0,1,600000.0,1,600000.0,1,600000.0,1,275801.81,360000.0,5,19.041666666666668,1,442.0,LOGIN,0.0,8.0,0.6307498128812288,-1.0209047488848588
2358,1,0.05012970045208931,"Flagged due to: unusual combination of high transaction amount and long inactivity period (combined score: 54.26), and transaction amount covers 31.6x monthly average balance, and long inactivity period (30.5 days since last transaction).","DAYS_AMOUNT_COMBINED (+0.9241), BALANCE_COVERAGE_RATIO (+0.8302), DAYS_SINCE_LAST_TRANS (+0.4272)","DAYS_SINCE_LAST_TRANS × BALANCE_COVERAGE_RATIO (-0.2918), BALANCE_COVERAGE_RATIO × DAYS_AMOUNT_COMBINED (-0.1337), TRANS_HOUR × BALANCE_COVERAGE_RATIO (+0.1207)","TRANS_AMOUNT: 6,800,000.00 -> 6,013,689.04 (-786,310.96)",Transfer,Outside_bank,2019-11-04,Mon,19,1,6800000.0,883684,iOS,243.115.xx.xx (DN),F,2019-08-23,1996-10-16,0,2019-09-08,MYbank,1,SMART_OTP,Working,6800000.0,1,6800000.0,1,6800000.0,1,6800000.0,1,6800000.0,1,6800000.0,1,215228.44749999998,3375700.0,6,30.458333333333332,1,1377.0,LOGIN,0.45454531680444943,33.0,0.888300460468707,-1.1536145217151519
2414,1,0.07286069542169571,"Flagged due to: unusual behavior in feature 'TRANS_LV2' (value: 1.00), and unusual behavior in feature 'TRANS_LV1' (value: 0.00), and transaction amount is 4.2x higher than historical average.","TRANS_LV2 (+1.8211), TRANS_LV1 (+1.0627), TRANS_AMOUNT_Z_SCORE (+0.4635)","TRANS_AMOUNT_Z_SCORE × TRANS_LV2 (+0.4784), BALANCE_COVERAGE_RATIO × TRANS_LV2 (-0.3875), DAYS_AMOUNT_COMBINED × TRANS_LV2 (-0.2342)","TRANS_AMOUNT: 57,566,494.00 -> 45,961,194.30 (-11,605,299.70)",Payment,Credit_card_repayment,2019-09-06,Fri,14,1,57566494.0,NaN,Android,224.212.xx.xx (HN),F,2019-04-23,1970-04-13,0,2019-04-23,BRANCH,1,SMART_OTP,State servant,57566494.0,1,57566494.0,1,57566494.0,1,57566494.0,1,58666494.0,2,121536494.0,8,228544458.37777779,13570837.506329114,79,5.875,0,3261.0,LOGIN,0.0,89.0,0.07897000355197276,-1.127343626037744
2537,1,0.3795278072357178,"Flagged due to: unusual behavior in feature 'TRANS_HOUR' (value: 0.00), and recent security credential modification (8.0 hours ago), and sudden 7d spending volume spike relative to 30 days (ratio: 100.0%).","TRANS_HOUR (+3.7099), HOURS_SINCE_SEC_EVENT (+0.5969), VELOCITY_RATIO_AMOUNT_7D_VS_30D (+0.5074)","TRANS_HOUR × BALANCE_COVERAGE_RATIO (+0.4025), TRANS_HOUR × VELOCITY_RATIO_AMOUNT_7D_VS_30D (+0.3325), TRANS_HOUR × VELOCITY_RATIO_AMOUNT_24H_VS_7D (+0.2790)",,Transfer,Within_bank,2019-10-12,Sat,0,1,750000.0,43147,Android,98.238.xx.xx (NA),M,2019-09-25,1999-07-11,0,2019-10-11,BRANCH,1,SMART_OTP,Working,750000.0,1,750000.0,1,750000.0,1,750000.0,1,750000.0,1,750000.0,1,1812402.6566666665,882500.0,6,1.0,1,8.0,LOGIN_FINGER,0.0,2.0,0.7874929588693371,-1.1569025344810797
2537,1,0.14973388612270355,"Flagged due to: unusual behavior in feature 'TRANS_HOUR' (value: 0.00), and transaction amount leading digits deviation from Benford's Law (score: 0.7875), and unusual combination of high transaction amount and long inactivity period (combined score: 45.78).","TRANS_HOUR (+3.5165), BENFORD_DEV (+0.3375), DAYS_AMOUNT_COMBINED (+0.3205)","TRANS_HOUR × BALANCE_COVERAGE_RATIO (+0.4308), TRANS_HOUR × VELOCITY_RATIO_AMOUNT_24H_VS_7D (+0.2761), TRANS_HOUR × TRANS_LV1 (-0.2585)",,Transfer,Within_bank,2019-11-05,Tue,0,1,1500000.0,120610,iOS,17.27.xx.xx (BD),M,2019-09-25,1999-07-11,0,2019-10-11,BRANCH,1,SMART_OTP,Working,1500000.0,1,1500000.0,1,1500000.0,1,1500000.0,1,1500000.0,1,2250000.0,2,1812402.6566666665,882500.0,6,24.0,1,584.0,LOGIN,0.45454504132268975,11.0,0.7874929588693371,-1.1569025344810797
2708,1,0.07794102281332016,"Flagged due to: unusual behavior in feature 'TRANS_HOUR' (value: 3.00), and recent security credential modification (0.0 hours ago), and sudden 7d spending volume spike relative to 30 days (ratio: 100.0%).","TRANS_HOUR (+2.2205), HOURS_SINCE_SEC_EVENT (+0.6708), VELOCITY_RATIO_AMOUNT_7D_VS_30D (+0.5454)","TRANS_HOUR × VELOCITY_RATIO_AMOUNT_7D_VS_30D (+0.4106), TRANS_HOUR × VELOCITY_RATIO_AMOUNT_24H_VS_7D (+0.2790), HOURS_SINCE_SEC_EVENT × TRANS_LV1 (+0.1961)",,Transfer,Outside_bank,2019-12-07,Sat,3,1,500000.0,39876,Android,61.216.xx.xx (HN),M,2019-11-12,1998-09-01,0,2019-12-07,MYbank,1,SMART_OTP,Working,500000.0,1,500000.0,1,500000.0,1,500000.0,1,500000.0,1,500000.0,1,525980.9,692000.0,10,0.125,1,0.0,LOGIN,0.0,0.0,0.5031360574232665,-1.1491918611170477
2726,1,0.29137876629829407,"Flagged due to: unusual behavior in feature 'TRANS_LV2' (value: 1.00), and transaction amount covers 40.3x monthly average balance, and unusual behavior in feature 'TRANS_LV1' (value: 0.00).","TRANS_LV2 (+1.8482), BALANCE_COVERAGE_RATIO (+1.1908), TRANS_LV1 (+0.9110)","DAYS_AMOUNT_COMBINED × TRANS_LV2 (-0.2818), DAYS_SINCE_LAST_TRANS × BALANCE_COVERAGE_RATIO (+0.1963), BALANCE_COVERAGE_RATIO × TRANS_LV2 (+0.1833)","TRANS_AMOUNT: 10,000,000.00 -> 1,697,340.01 (-8,302,659.99)",Payment,Credit_card_repayment,2019-04-03,Wed,8,1,10000000.0,NaN,iOS,44.175.xx.xx (HN),F,2019-02-22,1988-01-17,0,2019-03-01,BRANCH,0,SMART_OTP,Commercial associate,10000000.0,1,10000000.0,1,10000000.0,1,10000000.0,1,10000000.0,1,10899000.0,2,247937.652,12070898.115384616,26,14.916666666666666,0,669.0,LOGIN,0.0,11.0,0.24098334436117985,-0.8686920959468655
2726,1,0.5720598101615906,"Flagged due to: unusual behavior in feature 'TRANS_LV2' (value: 1.00), and transaction amount covers 74.8x monthly average balance, and unusual behavior in feature 'TRANS_LV1' (value: 0.00).","TRANS_LV2 (+2.1604), BALANCE_COVERAGE_RATIO (+1.5795), TRANS_LV1 (+0.9773)","TRANS_AMOUNT_Z_SCORE × TRANS_LV2 (+0.4679), DAYS_SINCE_LAST_TRANS × BALANCE_COVERAGE_RATIO (+0.2408), DAYS_AMOUNT_COMBINED × TRANS_LV2 (-0.2333)","TRANS_AMOUNT: 18,554,523.00 -> 3,248,478.36 (-15,306,044.64)",Payment,Credit_card_repayment,2019-04-18,Thu,8,1,18554523.0,NaN,iOS,222.112.xx.xx (HN),F,2019-02-22,1988-01-17,0,2019-03-01,BRANCH,0,SMART_OTP,Commercial associate,18554523.0,1,18554523.0,1,18554523.0,1,18554523.0,1,18554523.0,1,29453523.0,3,247937.652,12070898.115384616,26,15.0,0,1029.0,LOGIN,0.0,17.0,0.24098334436117985,-0.8686920959468655
2726,1,0.49499407410621643,"Flagged due to: unusual behavior in feature 'TRANS_LV2' (value: 1.00), and transaction amount covers 76.4x monthly average balance, and unusual behavior in feature 'TRANS_LV1' (value: 0.00).","TRANS_LV2 (+2.1078), BALANCE_COVERAGE_RATIO (+1.6239), TRANS_LV1 (+0.9718)","TRANS_AMOUNT_Z_SCORE × TRANS_LV2 (+0.4679), DAYS_SINCE_LAST_TRANS × BALANCE_COVERAGE_RATIO (+0.2408), DAYS_AMOUNT_COMBINED × TRANS_LV2 (-0.2342)","TRANS_AMOUNT: 18,951,560.00 -> 3,158,653.58 (-15,792,906.42)",Payment,Credit_card_repayment,2019-05-03,Fri,10,1,18951560.0,NaN,iOS,210.68.xx.xx (HN),F,2019-02-22,1988-01-17,0,2019-03-01,BRANCH,0,SMART_OTP,Commercial associate,18951560.0,1,18951560.0,1,18951560.0,1,18951560.0,1,18951560.0,1,37506083.0,2,247937.652,12070898.115384616,26,15.083333333333334,0,1391.0,LOGIN,0.0,25.0,0.24098334436117985,-0.8686920959468655
2726,1,1.0,"Flagged due to: unusual behavior in feature 'TRANS_LV2' (value: 1.00), and transaction amount covers 93.6x monthly average balance, and unusual combination of high transaction amount and long inactivity period (combined score: 50.77).","TRANS_LV2 (+3.0138), BALANCE_COVERAGE_RATIO (+1.7011), DAYS_AMOUNT_COMBINED (+1.1399)","DAYS_AMOUNT_COMBINED × TRANS_LV2 (+1.6613), BALANCE_COVERAGE_RATIO × TRANS_LV2 (+0.2332), TRANS_AMOUNT_Z_SCORE × TRANS_LV2 (+0.2175)","TRANS_AMOUNT: 23,214,580.00 -> 2,221,995.66 (-20,992,584.34)",Payment,Credit_card_repayment,2019-05-22,Wed,9,1,23214580.0,NaN,iOS,136.101.xx.xx (HN),F,2019-02-22,1988-01-17,0,2019-03-01,BRANCH,0,SMART_OTP,Commercial associate,23214580.0,1,23214580.0,1,23214580.0,1,23214580.0,1,23214580.0,1,42166140.0,2,247937.652,12070898.115384616,26,18.958333333333332,0,1846.0,LOGIN,0.0,39.0,0.24098334436117985,-0.8686920959468655
2726,1,0.3067697584629059,"Flagged due to: unusual behavior in feature 'TRANS_LV2' (value: 1.00), and transaction amount covers 80.7x monthly average balance, and unusual behavior in feature 'TRANS_LV1' (value: 0.00).","TRANS_LV2 (+1.8646), BALANCE_COVERAGE_RATIO (+1.6261), TRANS_LV1 (+0.9166)","TRANS_AMOUNT_Z_SCORE × TRANS_LV2 (+0.4679), TRANS_AMOUNT_VS_30D_AVG_RATIO × TRANS_LV2 (-0.3936), DAYS_SINCE_LAST_TRANS × BALANCE_COVERAGE_RATIO (+0.2319)","TRANS_AMOUNT: 20,000,000.00 -> 2,221,984.86 (-17,778,015.14)",Payment,Credit_card_repayment,2019-06-07,Fri,16,1,20000000.0,NaN,iOS,117.79.xx.xx (HN),F,2019-02-22,1988-01-17,0,2019-03-01,BRANCH,0,SMART_OTP,Commercial associate,20000000.0,1,20000000.0,1,20000000.0,1,20000000.0,1,20000000.0,1,43214580.0,2,247937.652,12070898.115384616,26,16.291666666666668,0,2237.0,LOGIN,0.0,50.0,0.24098334436117985,-0.8686920959468655
2726,1,0.3755413889884949,"Flagged due to: unusual behavior in feature 'TRANS_LV2' (value: 1.00), and transaction amount covers 88.5x monthly average balance, and unusual behavior in feature 'TRANS_LV1' (value: 0.00).","TRANS_LV2 (+2.0633), BALANCE_COVERAGE_RATIO (+1.6345), TRANS_LV1 (+0.9502)","TRANS_AMOUNT_Z_SCORE × TRANS_LV2 (+0.4481), DAYS_AMOUNT_COMBINED × TRANS_LV2 (-0.2333), BALANCE_COVERAGE_RATIO × DAYS_AMOUNT_COMBINED (+0.1980)","TRANS_AMOUNT: 21,941,860.00 -> 14,993,333.70 (-6,948,526.30)",Payment,Credit_card_repayment,2019-06-12,Wed,15,2,21941860.0,NaN,iOS,164.60.xx.xx (HN),F,2019-02-22,1988-01-17,0,2019-03-01,BRANCH,0,SMART_OTP,Commercial associate,21941860.0,1,21941860.0,1,21941860.0,1,21941860.0,1,41941860.0,2,65156440.0,3,247937.652,12070898.115384616,26,4.958333333333333,0,2356.0,LOGIN,0.0,63.0,0.24098334436117985,-0.8686920959468655
2726,1,0.09631064534187317,"Flagged due to: unusual behavior in feature 'TRANS_LV2' (value: 1.00), and transaction amount covers 73.3x monthly average balance, and unusual behavior in feature 'TRANS_LV1' (value: 0.00).","TRANS_LV2 (+1.7445), BALANCE_COVERAGE_RATIO (+1.4846), TRANS_LV1 (+0.9574)","DAYS_AMOUNT_COMBINED × TRANS_LV2 (-0.4041), TRANS_AMOUNT_Z_SCORE × BALANCE_COVERAGE_RATIO (-0.2397), BALANCE_COVERAGE_RATIO × TRANS_LV2 (+0.2332)","TRANS_AMOUNT: 18,168,577.00 -> 11,429,346.51 (-6,739,230.49)",Payment,Credit_card_repayment,2019-07-12,Fri,11,2,18168577.0,NaN,iOS,16.73.xx.xx (HN),F,2019-02-22,1988-01-17,0,2019-03-01,BRANCH,0,SMART_OTP,Commercial associate,18168577.0,1,18168577.0,1,18168577.0,1,19177450.0,2,19177450.0,2,41119310.0,3,247937.652,12070898.115384616,26,1.0833333333333333,0,3072.0,LOGIN,0.0,69.0,0.24098334436117985,-0.8686920959468655
2726,1,0.41103819012641907,"Flagged due to: unusual behavior in feature 'TRANS_LV2' (value: 1.00), and transaction amount covers 80.7x monthly average balance, and unusual behavior in feature 'TRANS_LV1' (value: 0.00).","TRANS_LV2 (+2.0601), BALANCE_COVERAGE_RATIO (+1.6050), TRANS_LV1 (+0.8818)","TRANS_AMOUNT_Z_SCORE × TRANS_LV2 (+0.4481), DAYS_AMOUNT_COMBINED × TRANS_LV2 (-0.2333), BALANCE_COVERAGE_RATIO × DAYS_AMOUNT_COMBINED (+0.1980)","TRANS_AMOUNT: 20,000,000.00 -> 8,307,094.57 (-11,692,905.43)",Payment,Credit_card_repayment,2019-07-18,Thu,10,1,20000000.0,NaN,iOS,153.154.xx.xx (HN),F,2019-02-22,1988-01-17,0,2019-03-01,BRANCH,0,SMART_OTP,Commercial associate,20000000.0,1,20000000.0,1,20000000.0,1,20000000.0,1,38168577.0,2,39177450.0,3,247937.652,12070898.115384616,26,5.958333333333333,0,3215.0,LOGIN,0.0,69.0,0.24098334436117985,-0.8686920959468655
2726,1,0.7859857678413391,"Flagged due to: unusual behavior in feature 'TRANS_LV2' (value: 1.00), and unusual combination of high transaction amount and long inactivity period (combined score: 52.33), and transaction amount covers 38.4x monthly average balance.","TRANS_LV2 (+2.6784), DAYS_AMOUNT_COMBINED (+1.4612), BALANCE_COVERAGE_RATIO (+1.1220)","DAYS_AMOUNT_COMBINED × TRANS_LV2 (+2.0243), TRANS_AMOUNT_VS_30D_AVG_RATIO × TRANS_LV2 (-0.3936), BALANCE_COVERAGE_RATIO × TRANS_LV2 (+0.1793)","TRANS_AMOUNT: 9,511,000.00 -> 1,830,560.19 (-7,680,439.81)",Payment,Credit_card_repayment,2019-08-12,Mon,9,1,9511000.0,NaN,iOS,19.38.xx.xx (HN),F,2019-02-22,1988-01-17,0,2019-03-01,BRANCH,0,SMART_OTP,Commercial associate,9511000.0,1,9511000.0,1,9511000.0,1,9511000.0,1,9511000.0,1,29511000.0,2,247937.652,12070898.115384616,26,24.958333333333332,0,3814.0,LOGIN,0.0,81.0,0.24098334436117985,-0.8686920959468655
2726,1,0.3585490584373474,"Flagged due to: unusual behavior in feature 'TRANS_LV2' (value: 1.00), and transaction amount covers 84.7x monthly average balance, and unusual behavior in feature 'TRANS_LV1' (value: 0.00).","TRANS_LV2 (+2.0797), BALANCE_COVERAGE_RATIO (+1.7425), TRANS_LV1 (+0.9063)","TRANS_AMOUNT_Z_SCORE × TRANS_LV2 (+0.4463), DAYS_AMOUNT_COMBINED × TRANS_LV2 (-0.3547), HOURS_SINCE_SEC_EVENT × BALANCE_COVERAGE_RATIO (+0.2642)","TRANS_AMOUNT: 21,000,001.00 -> 7,343,499.53 (-13,656,501.47)",Payment,Credit_card_repayment,2019-08-17,Sat,10,1,21000001.0,NaN,iOS,230.102.xx.xx (HN),F,2019-02-22,1988-01-17,0,2019-03-01,BRANCH,0,SMART_OTP,Commercial associate,21000001.0,1,21000001.0,1,23345251.0,2,23345251.0,2,37717451.0,5,57717451.0,6,247937.652,12070898.115384616,26,0.9583333333333334,0,3935.0,LOGIN,0.0,100.0,0.24098334436117985,-0.8686920959468655
2726,1,0.22006013989448547,"Flagged due to: unusual behavior in feature 'TRANS_LV2' (value: 1.00), and transaction amount covers 42.6x monthly average balance, and unusual behavior in feature 'TRANS_LV1' (value: 0.00).","TRANS_LV2 (+1.8002), BALANCE_COVERAGE_RATIO (+1.2843), TRANS_LV1 (+0.9786)","DAYS_AMOUNT_COMBINED × TRANS_LV2 (-0.2827), HOURS_SINCE_SEC_EVENT × BALANCE_COVERAGE_RATIO (+0.2349), BALANCE_COVERAGE_RATIO × TRANS_LV2 (+0.2332)","TRANS_AMOUNT: 10,571,000.00 -> 3,035,990.93 (-7,535,009.07)",Payment,Credit_card_repayment,2019-09-18,Wed,10,1,10571000.0,NaN,iOS,96.220.xx.xx (HN),F,2019-02-22,1988-01-17,0,2019-03-01,BRANCH,0,SMART_OTP,Commercial associate,10571000.0,1,10571000.0,1,10571000.0,1,10571000.0,1,10571000.0,1,22321000.0,4,247937.652,12070898.115384616,26,7.083333333333333,0,4703.0,LOGIN,0.0,118.0,0.24098334436117985,-0.8686920959468655
2726,1,0.13428211212158203,"Flagged due to: unusual behavior in feature 'TRANS_LV2' (value: 1.00), and transaction amount covers 28.2x monthly average balance, and unusual behavior in feature 'TRANS_LV1' (value: 0.00).","TRANS_LV2 (+1.5571), BALANCE_COVERAGE_RATIO (+1.2273), TRANS_LV1 (+0.8972)","TRANS_AMOUNT_VS_30D_AVG_RATIO × TRANS_LV2 (-0.3936), DAYS_SINCE_LAST_TRANS × BALANCE_COVERAGE_RATIO (+0.1984), DAYS_AMOUNT_COMBINED × TRANS_LV2 (-0.1964)","TRANS_AMOUNT: 7,000,000.00 -> 2,939,005.85 (-4,060,994.15)",Payment,Credit_card_repayment,2019-10-11,Fri,9,1,7000000.0,NaN,Android,16.93.xx.xx (HP),F,2019-02-22,1988-01-17,0,2019-03-01,BRANCH,0,SMART_OTP,Commercial associate,7000000.0,1,7000000.0,1,7000000.0,1,7000000.0,1,7000000.0,1,27571000.0,3,247937.652,12070898.115384616,26,14.083333333333334,0,5254.0,LOGIN,0.0,126.0,0.24098334436117985,-0.8686920959468655
2726,1,0.12855133414268494,"Flagged due to: transaction amount covers 201.7x monthly average balance, and unusual combination of high transaction amount shortly after a security credential update (combined score: 152.67), and recent security credential modification (5495.0 hours ago).","BALANCE_COVERAGE_RATIO (+1.9384), SEC_AMOUNT_COMBINED (+0.6373), HOURS_SINCE_SEC_EVENT (+0.3779)","TRANS_AMOUNT_Z_SCORE × BALANCE_COVERAGE_RATIO (+0.2368), HOURS_SINCE_SEC_EVENT × BALANCE_COVERAGE_RATIO (+0.2259), DAYS_SINCE_LAST_TRANS × BALANCE_COVERAGE_RATIO (+0.1779)","TRANS_AMOUNT: 50,000,000.00 -> 40,407,657.62 (-9,592,342.38)",Transfer,Outside_bank,2019-10-21,Mon,10,1,50000000.0,999400,iOS,38.76.xx.xx (HN),F,2019-02-22,1988-01-17,0,2019-03-01,BRANCH,0,SMART_OTP,Commercial associate,50000000.0,1,50000000.0,1,50000000.0,1,50000000.0,1,50000000.0,1,67000000.0,3,247937.652,12070898.115384616,26,10.041666666666666,1,5495.0,LOGIN,0.0,138.0,0.24098334436117985,-0.8686920959468655
2726,1,1.0,"Flagged due to: unusual behavior in feature 'TRANS_LV2' (value: 1.00), and unusual combination of high transaction amount and long inactivity period (combined score: 56.04), and transaction amount covers 60.5x monthly average balance.","TRANS_LV2 (+2.6784), DAYS_AMOUNT_COMBINED (+1.9479), BALANCE_COVERAGE_RATIO (+1.2465)","DAYS_AMOUNT_COMBINED × TRANS_LV2 (+2.0243), BALANCE_COVERAGE_RATIO × DAYS_AMOUNT_COMBINED (-0.4044), TRANS_AMOUNT_VS_30D_AVG_RATIO × TRANS_LV2 (-0.3936)","TRANS_AMOUNT: 15,000,000.00 -> 1,697,330.47 (-13,302,669.53)",Payment,Credit_card_repayment,2019-11-19,Tue,10,1,15000000.0,NaN,iOS,4.225.xx.xx (HN),F,2019-02-22,1988-01-17,0,2019-03-01,BRANCH,0,SMART_OTP,Commercial associate,15000000.0,1,15000000.0,1,15000000.0,1,15000000.0,1,15000000.0,1,65590000.0,3,247937.652,12070898.115384616,26,28.708333333333332,0,6191.0,LOGIN,0.0,145.0,0.24098334436117985,-0.8686920959468655
2726,1,0.15456515550613403,"Flagged due to: unusual behavior in feature 'TRANS_LV2' (value: 1.00), and transaction amount covers 34.2x monthly average balance, and unusual behavior in feature 'TRANS_LV1' (value: 0.00).","TRANS_LV2 (+1.5556), BALANCE_COVERAGE_RATIO (+1.2170), TRANS_LV1 (+0.8912)","TRANS_AMOUNT_VS_30D_AVG_RATIO × TRANS_LV2 (-0.3936), HOURS_SINCE_SEC_EVENT × VELOCITY_RATIO_AMOUNT_7D_VS_30D (-0.2513), DAYS_SINCE_LAST_TRANS × BALANCE_COVERAGE_RATIO (+0.1987)","TRANS_AMOUNT: 8,475,927.00 -> 1,830,562.45 (-6,645,364.55)",Payment,Credit_card_repayment,2019-12-11,Wed,15,1,8475927.0,NaN,iOS,158.226.xx.xx (HN),F,2019-02-22,1988-01-17,0,2019-03-01,BRANCH,0,SMART_OTP,Commercial associate,8475927.0,1,8475927.0,1,8475927.0,1,8475927.0,1,8475927.0,1,33475927.0,3,247937.652,12070898.115384616,26,19.041666666666668,0,6724.0,LOGIN,0.0,153.0,0.24098334436117985,-0.8686920959468655
2746,1,0.17426162958145142,"Flagged due to: transaction amount is 9.9x higher than historical average, and transaction amount covers 15.9x monthly average balance, and unusual combination of high transaction amount shortly after a security credential update (combined score: 149.87).","TRANS_AMOUNT_Z_SCORE (+2.0929), BALANCE_COVERAGE_RATIO (+0.7655), SEC_AMOUNT_COMBINED (+0.4843)","HOURS_SINCE_SEC_EVENT × BALANCE_COVERAGE_RATIO (+0.2702), TRANS_AMOUNT_Z_SCORE × TRANS_LV1 (-0.1586), TRANS_AMOUNT_Z_SCORE × DAYS_AMOUNT_COMBINED (+0.1398)","TRANS_AMOUNT: 37,000,000.00 -> 26,880,518.91 (-10,119,481.09)",Transfer,Outside_bank,2019-10-31,Thu,20,2,37000000.0,47455,iOS,98.222.xx.xx (HCM),M,2019-03-14,1994-09-14,0,2019-03-19,BRANCH,1,SMART_OTP,Businessman,37000000.0,1,37000000.0,1,40000000.0,2,40000000.0,2,40250000.0,3,50600000.0,8,2326980.4777777777,3754920.4545454546,88,0.16666666666666666,2,5431.0,LOGIN_FINGER,0.21794869000657818,78.0,0.22971848721655996,-1.3284168158127188
2749,1,0.05103955417871475,"Flagged due to: unusual combination of high transaction amount and long inactivity period (combined score: 72.54), and long inactivity period (59.6 days since last transaction), and transaction amount covers 11.3x monthly average balance.","DAYS_AMOUNT_COMBINED (+1.4280), DAYS_SINCE_LAST_TRANS (+0.9531), BALANCE_COVERAGE_RATIO (+0.3572)","DAYS_SINCE_LAST_TRANS × BALANCE_COVERAGE_RATIO (-0.3505), BALANCE_COVERAGE_RATIO × DAYS_AMOUNT_COMBINED (+0.1422), DAYS_SINCE_LAST_TRANS × DAYS_AMOUNT_COMBINED (+0.1325)","TRANS_AMOUNT: 47,345,000.00 -> 42,468,254.05 (-4,876,745.95)",Transfer,Within_bank,2019-11-09,Sat,15,7,47345000.0,691412,iOS,32.53.xx.xx (HCM),M,2019-09-10,1995-04-10,0,2019-09-11,BRANCH,0,SMART_OTP,Commercial associate,47345000.0,1,47345000.0,1,47345000.0,1,47345000.0,1,47345000.0,1,47345000.0,1,4173760.8725,13997812.5,16,59.625,1,1302.0,LOGIN,0.0,23.0,0.351174317757293,-1.1656851067362646
